[0.000000] (-) TimerEvent: {}
[0.000102] (px4_msgs) JobQueued: {'identifier': 'px4_msgs', 'dependencies': OrderedDict()}
[0.000156] (px4_ros_com) JobQueued: {'identifier': 'px4_ros_com', 'dependencies': OrderedDict([('px4_msgs', '/home/pavel/ws_ros2/install/px4_msgs')])}
[0.000177] (px4_msgs) JobStarted: {'identifier': 'px4_msgs'}
[0.006136] (px4_msgs) JobProgress: {'identifier': 'px4_msgs', 'progress': 'cmake'}
[0.006990] (px4_msgs) JobProgress: {'identifier': 'px4_msgs', 'progress': 'build'}
[0.007021] (px4_msgs) Command: {'cmd': ['/usr/bin/cmake', '--build', '/home/pavel/ws_ros2/build/px4_msgs', '--', '-j12', '-l12'], 'cwd': '/home/pavel/ws_ros2/build/px4_msgs', 'env': OrderedDict([('LESSOPEN', '| /usr/bin/lesspipe %s'), ('USER', 'pavel'), ('LC_TIME', 'ro_RO.UTF-8'), ('XDG_SESSION_TYPE', 'x11'), ('SHLVL', '1'), ('LD_LIBRARY_PATH', '/usr/lib/x86_64-linux-gnu/gazebo-11/plugins:/opt/ros/humble/opt/rviz_ogre_vendor/lib:/opt/ros/humble/lib/x86_64-linux-gnu:/opt/ros/humble/lib'), ('HOME', '/home/pavel'), ('OLDPWD', '/home/pavel'), ('DESKTOP_SESSION', 'ubuntu'), ('NVM_BIN', '/home/pavel/.nvm/versions/node/v20.13.1/bin'), ('NVM_INC', '/home/pavel/.nvm/versions/node/v20.13.1/include/node'), ('ROS_PYTHON_VERSION', '3'), ('GNOME_SHELL_SESSION_MODE', 'ubuntu'), ('GTK_MODULES', 'gail:atk-bridge'), ('LC_MONETARY', 'ro_RO.UTF-8'), ('SYSTEMD_EXEC_PID', '2524'), ('DBUS_SESSION_BUS_ADDRESS', 'unix:path=/run/user/1000/bus'), ('COLORTERM', 'truecolor'), ('NVM_DIR', '/home/pavel/.nvm'), ('ROS_DISTRO', 'humble'), ('GTK_IM_MODULE', 'ibus'), ('LOGNAME', 'pavel'), ('_', '/usr/bin/colcon'), ('ROS_VERSION', '2'), ('XDG_SESSION_CLASS', 'user'), ('USERNAME', 'pavel'), ('TERM', 'xterm-256color'), ('GNOME_DESKTOP_SESSION_ID', 'this-is-deprecated'), ('ROS_LOCALHOST_ONLY', '0'), ('WINDOWPATH', '2'), ('PATH', '/opt/ros/humble/bin:/home/pavel/.nvm/versions/node/v20.13.1/bin:/opt/gcc-arm-none-eabi-9-2020-q2-update/bin:/home/pavel/.local/bin:/usr/local/sbin:/usr/local/bin:/usr/sbin:/usr/bin:/sbin:/bin:/usr/games:/usr/local/games:/snap/bin:/snap/bin'), ('SESSION_MANAGER', 'local/UbuntuLapBean:@/tmp/.ICE-unix/2501,unix/UbuntuLapBean:/tmp/.ICE-unix/2501'), ('XDG_MENU_PREFIX', 'gnome-'), ('LC_ADDRESS', 'ro_RO.UTF-8'), ('GNOME_TERMINAL_SCREEN', '/org/gnome/Terminal/screen/e2652b77_9569_4acc_ab13_4030ee12750e'), ('XDG_RUNTIME_DIR', '/run/user/1000'), ('DISPLAY', ':1'), ('LANG', 'en_US.UTF-8'), ('XDG_CURRENT_DESKTOP', 'ubuntu:GNOME'), ('LC_TELEPHONE', 'ro_RO.UTF-8'), ('XMODIFIERS', '@im=ibus'), ('XDG_SESSION_DESKTOP', 'ubuntu'), ('XAUTHORITY', '/run/user/1000/gdm/Xauthority'), ('LS_COLORS', 'rs=0:di=01;34:ln=01;36:mh=00:pi=40;33:so=01;35:do=01;35:bd=40;33;01:cd=40;33;01:or=40;31;01:mi=00:su=37;41:sg=30;43:ca=30;41:tw=30;42:ow=34;42:st=37;44:ex=01;32:*.tar=01;31:*.tgz=01;31:*.arc=01;31:*.arj=01;31:*.taz=01;31:*.lha=01;31:*.lz4=01;31:*.lzh=01;31:*.lzma=01;31:*.tlz=01;31:*.txz=01;31:*.tzo=01;31:*.t7z=01;31:*.zip=01;31:*.z=01;31:*.dz=01;31:*.gz=01;31:*.lrz=01;31:*.lz=01;31:*.lzo=01;31:*.xz=01;31:*.zst=01;31:*.tzst=01;31:*.bz2=01;31:*.bz=01;31:*.tbz=01;31:*.tbz2=01;31:*.tz=01;31:*.deb=01;31:*.rpm=01;31:*.jar=01;31:*.war=01;31:*.ear=01;31:*.sar=01;31:*.rar=01;31:*.alz=01;31:*.ace=01;31:*.zoo=01;31:*.cpio=01;31:*.7z=01;31:*.rz=01;31:*.cab=01;31:*.wim=01;31:*.swm=01;31:*.dwm=01;31:*.esd=01;31:*.jpg=01;35:*.jpeg=01;35:*.mjpg=01;35:*.mjpeg=01;35:*.gif=01;35:*.bmp=01;35:*.pbm=01;35:*.pgm=01;35:*.ppm=01;35:*.tga=01;35:*.xbm=01;35:*.xpm=01;35:*.tif=01;35:*.tiff=01;35:*.png=01;35:*.svg=01;35:*.svgz=01;35:*.mng=01;35:*.pcx=01;35:*.mov=01;35:*.mpg=01;35:*.mpeg=01;35:*.m2v=01;35:*.mkv=01;35:*.webm=01;35:*.webp=01;35:*.ogm=01;35:*.mp4=01;35:*.m4v=01;35:*.mp4v=01;35:*.vob=01;35:*.qt=01;35:*.nuv=01;35:*.wmv=01;35:*.asf=01;35:*.rm=01;35:*.rmvb=01;35:*.flc=01;35:*.avi=01;35:*.fli=01;35:*.flv=01;35:*.gl=01;35:*.dl=01;35:*.xcf=01;35:*.xwd=01;35:*.yuv=01;35:*.cgm=01;35:*.emf=01;35:*.ogv=01;35:*.ogx=01;35:*.aac=00;36:*.au=00;36:*.flac=00;36:*.m4a=00;36:*.mid=00;36:*.midi=00;36:*.mka=00;36:*.mp3=00;36:*.mpc=00;36:*.ogg=00;36:*.ra=00;36:*.wav=00;36:*.oga=00;36:*.opus=00;36:*.spx=00;36:*.xspf=00;36:'), ('GNOME_TERMINAL_SERVICE', ':1.210'), ('SSH_AGENT_LAUNCHER', 'gnome-keyring'), ('SSH_AUTH_SOCK', '/run/user/1000/keyring/ssh'), ('AMENT_PREFIX_PATH', '/opt/ros/humble'), ('SHELL', '/bin/bash'), ('LC_NAME', 'ro_RO.UTF-8'), ('QT_ACCESSIBILITY', '1'), ('GDMSESSION', 'ubuntu'), ('LESSCLOSE', '/usr/bin/lesspipe %s %s'), ('LC_MEASUREMENT', 'ro_RO.UTF-8'), ('GPG_AGENT_INFO', '/run/user/1000/gnupg/S.gpg-agent:0:1'), ('LC_IDENTIFICATION', 'ro_RO.UTF-8'), ('QT_IM_MODULE', 'ibus'), ('PWD', '/home/pavel/ws_ros2/build/px4_msgs'), ('LC_ALL', 'en_US.UTF-8'), ('XDG_CONFIG_DIRS', '/etc/xdg/xdg-ubuntu:/etc/xdg'), ('NVM_CD_FLAGS', ''), ('XDG_DATA_DIRS', '/usr/share/ubuntu:/usr/share/gnome:/usr/local/share/:/usr/share/:/var/lib/snapd/desktop'), ('PYTHONPATH', '/opt/ros/humble/lib/python3.10/site-packages:/opt/ros/humble/local/lib/python3.10/dist-packages'), ('LC_NUMERIC', 'ro_RO.UTF-8'), ('LC_PAPER', 'ro_RO.UTF-8'), ('COLCON', '1'), ('VTE_VERSION', '6800'), ('CMAKE_PREFIX_PATH', '/opt/ros/humble')]), 'shell': False}
[0.099463] (-) TimerEvent: {}
[0.203891] (-) TimerEvent: {}
[0.304126] (-) TimerEvent: {}
[0.404374] (-) TimerEvent: {}
[0.504618] (-) TimerEvent: {}
[0.604880] (-) TimerEvent: {}
[0.700700] (px4_msgs) StdoutLine: {'line': b'[  0%] Built target px4_msgs__cpp\n'}
[0.704917] (-) TimerEvent: {}
[0.730945] (px4_msgs) StdoutLine: {'line': b'[ 12%] Built target px4_msgs__rosidl_generator_c\n'}
[0.738969] (px4_msgs) StdoutLine: {'line': b'[ 12%] Built target ament_cmake_python_copy_px4_msgs\n'}
[0.809532] (-) TimerEvent: {}
[0.822962] (px4_msgs) StdoutLine: {'line': b'[ 24%] Built target px4_msgs__rosidl_typesupport_cpp\n'}
[0.858461] (px4_msgs) StdoutLine: {'line': b'[ 37%] Built target px4_msgs__rosidl_typesupport_c\n'}
[0.874073] (px4_msgs) StdoutLine: {'line': b'[ 50%] Built target px4_msgs__rosidl_typesupport_introspection_cpp\n'}
[0.890470] (px4_msgs) StdoutLine: {'line': b'[ 63%] Built target px4_msgs__rosidl_typesupport_fastrtps_c\n'}
[0.900590] (px4_msgs) StdoutLine: {'line': b'[ 76%] Built target px4_msgs__rosidl_typesupport_introspection_c\n'}
[0.909606] (-) TimerEvent: {}
[0.911968] (px4_msgs) StdoutLine: {'line': b'[ 88%] Built target px4_msgs__rosidl_typesupport_fastrtps_cpp\n'}
[0.942100] (px4_msgs) StdoutLine: {'line': b'[ 88%] Built target px4_msgs\n'}
[0.981202] (px4_msgs) StdoutLine: {'line': b'[ 88%] Built target px4_msgs__py\n'}
[1.009696] (-) TimerEvent: {}
[1.053239] (px4_msgs) StdoutLine: {'line': b'running egg_info\n'}
[1.075870] (px4_msgs) StdoutLine: {'line': b'writing px4_msgs.egg-info/PKG-INFO\n'}
[1.076017] (px4_msgs) StdoutLine: {'line': b'writing dependency_links to px4_msgs.egg-info/dependency_links.txt\n'}
[1.076138] (px4_msgs) StdoutLine: {'line': b'writing top-level names to px4_msgs.egg-info/top_level.txt\n'}
[1.099237] (px4_msgs) StdoutLine: {'line': b'[100%] Built target px4_msgs__rosidl_generator_py\n'}
[1.109795] (-) TimerEvent: {}
[1.126329] (px4_msgs) StdoutLine: {'line': b'[100%] Built target px4_msgs__rosidl_typesupport_introspection_c__pyext\n'}
[1.126545] (px4_msgs) StdoutLine: {'line': b'[100%] Built target px4_msgs__rosidl_typesupport_c__pyext\n'}
[1.126663] (px4_msgs) StdoutLine: {'line': b'[100%] Built target px4_msgs__rosidl_typesupport_fastrtps_c__pyext\n'}
[1.142751] (px4_msgs) StdoutLine: {'line': b"reading manifest file 'px4_msgs.egg-info/SOURCES.txt'\n"}
[1.148468] (px4_msgs) StdoutLine: {'line': b"writing manifest file 'px4_msgs.egg-info/SOURCES.txt'\n"}
[1.177035] (px4_msgs) StdoutLine: {'line': b'[100%] Built target ament_cmake_python_build_px4_msgs_egg\n'}
[1.194991] (px4_msgs) CommandEnded: {'returncode': 0}
[1.209884] (-) TimerEvent: {}
[1.310183] (-) TimerEvent: {}
[1.410414] (-) TimerEvent: {}
[1.510680] (-) TimerEvent: {}
[1.610921] (-) TimerEvent: {}
[1.711164] (-) TimerEvent: {}
[1.811368] (-) TimerEvent: {}
[1.911618] (-) TimerEvent: {}
[2.011854] (-) TimerEvent: {}
[2.116135] (-) TimerEvent: {}
[2.216372] (-) TimerEvent: {}
[2.316751] (-) TimerEvent: {}
[2.417008] (-) TimerEvent: {}
[2.517247] (-) TimerEvent: {}
[2.617440] (-) TimerEvent: {}
[2.717646] (-) TimerEvent: {}
[2.817951] (-) TimerEvent: {}
[2.918148] (-) TimerEvent: {}
[3.018417] (-) TimerEvent: {}
[3.121384] (-) TimerEvent: {}
[3.221646] (-) TimerEvent: {}
[3.323951] (-) TimerEvent: {}
[3.424709] (-) TimerEvent: {}
[3.524920] (-) TimerEvent: {}
[3.625210] (-) TimerEvent: {}
[3.725503] (-) TimerEvent: {}
[3.825947] (-) TimerEvent: {}
[3.926254] (-) TimerEvent: {}
[4.026592] (-) TimerEvent: {}
[4.126877] (-) TimerEvent: {}
[4.227080] (-) TimerEvent: {}
[4.327357] (-) TimerEvent: {}
[4.427578] (-) TimerEvent: {}
[4.527804] (-) TimerEvent: {}
[4.628170] (-) TimerEvent: {}
[4.728363] (-) TimerEvent: {}
[4.828704] (-) TimerEvent: {}
[4.928994] (-) TimerEvent: {}
[5.029210] (-) TimerEvent: {}
[5.129494] (-) TimerEvent: {}
[5.229721] (-) TimerEvent: {}
[5.329923] (-) TimerEvent: {}
[5.430152] (-) TimerEvent: {}
[5.530347] (-) TimerEvent: {}
[5.630649] (-) TimerEvent: {}
[5.730876] (-) TimerEvent: {}
[5.748696] (px4_msgs) JobProgress: {'identifier': 'px4_msgs', 'progress': 'install'}
[5.756697] (px4_msgs) Command: {'cmd': ['/usr/bin/cmake', '--install', '/home/pavel/ws_ros2/build/px4_msgs'], 'cwd': '/home/pavel/ws_ros2/build/px4_msgs', 'env': OrderedDict([('LESSOPEN', '| /usr/bin/lesspipe %s'), ('USER', 'pavel'), ('LC_TIME', 'ro_RO.UTF-8'), ('XDG_SESSION_TYPE', 'x11'), ('SHLVL', '1'), ('LD_LIBRARY_PATH', '/usr/lib/x86_64-linux-gnu/gazebo-11/plugins:/opt/ros/humble/opt/rviz_ogre_vendor/lib:/opt/ros/humble/lib/x86_64-linux-gnu:/opt/ros/humble/lib'), ('HOME', '/home/pavel'), ('OLDPWD', '/home/pavel'), ('DESKTOP_SESSION', 'ubuntu'), ('NVM_BIN', '/home/pavel/.nvm/versions/node/v20.13.1/bin'), ('NVM_INC', '/home/pavel/.nvm/versions/node/v20.13.1/include/node'), ('ROS_PYTHON_VERSION', '3'), ('GNOME_SHELL_SESSION_MODE', 'ubuntu'), ('GTK_MODULES', 'gail:atk-bridge'), ('LC_MONETARY', 'ro_RO.UTF-8'), ('SYSTEMD_EXEC_PID', '2524'), ('DBUS_SESSION_BUS_ADDRESS', 'unix:path=/run/user/1000/bus'), ('COLORTERM', 'truecolor'), ('NVM_DIR', '/home/pavel/.nvm'), ('ROS_DISTRO', 'humble'), ('GTK_IM_MODULE', 'ibus'), ('LOGNAME', 'pavel'), ('_', '/usr/bin/colcon'), ('ROS_VERSION', '2'), ('XDG_SESSION_CLASS', 'user'), ('USERNAME', 'pavel'), ('TERM', 'xterm-256color'), ('GNOME_DESKTOP_SESSION_ID', 'this-is-deprecated'), ('ROS_LOCALHOST_ONLY', '0'), ('WINDOWPATH', '2'), ('PATH', '/opt/ros/humble/bin:/home/pavel/.nvm/versions/node/v20.13.1/bin:/opt/gcc-arm-none-eabi-9-2020-q2-update/bin:/home/pavel/.local/bin:/usr/local/sbin:/usr/local/bin:/usr/sbin:/usr/bin:/sbin:/bin:/usr/games:/usr/local/games:/snap/bin:/snap/bin'), ('SESSION_MANAGER', 'local/UbuntuLapBean:@/tmp/.ICE-unix/2501,unix/UbuntuLapBean:/tmp/.ICE-unix/2501'), ('XDG_MENU_PREFIX', 'gnome-'), ('LC_ADDRESS', 'ro_RO.UTF-8'), ('GNOME_TERMINAL_SCREEN', '/org/gnome/Terminal/screen/e2652b77_9569_4acc_ab13_4030ee12750e'), ('XDG_RUNTIME_DIR', '/run/user/1000'), ('DISPLAY', ':1'), ('LANG', 'en_US.UTF-8'), ('XDG_CURRENT_DESKTOP', 'ubuntu:GNOME'), ('LC_TELEPHONE', 'ro_RO.UTF-8'), ('XMODIFIERS', '@im=ibus'), ('XDG_SESSION_DESKTOP', 'ubuntu'), ('XAUTHORITY', '/run/user/1000/gdm/Xauthority'), ('LS_COLORS', 'rs=0:di=01;34:ln=01;36:mh=00:pi=40;33:so=01;35:do=01;35:bd=40;33;01:cd=40;33;01:or=40;31;01:mi=00:su=37;41:sg=30;43:ca=30;41:tw=30;42:ow=34;42:st=37;44:ex=01;32:*.tar=01;31:*.tgz=01;31:*.arc=01;31:*.arj=01;31:*.taz=01;31:*.lha=01;31:*.lz4=01;31:*.lzh=01;31:*.lzma=01;31:*.tlz=01;31:*.txz=01;31:*.tzo=01;31:*.t7z=01;31:*.zip=01;31:*.z=01;31:*.dz=01;31:*.gz=01;31:*.lrz=01;31:*.lz=01;31:*.lzo=01;31:*.xz=01;31:*.zst=01;31:*.tzst=01;31:*.bz2=01;31:*.bz=01;31:*.tbz=01;31:*.tbz2=01;31:*.tz=01;31:*.deb=01;31:*.rpm=01;31:*.jar=01;31:*.war=01;31:*.ear=01;31:*.sar=01;31:*.rar=01;31:*.alz=01;31:*.ace=01;31:*.zoo=01;31:*.cpio=01;31:*.7z=01;31:*.rz=01;31:*.cab=01;31:*.wim=01;31:*.swm=01;31:*.dwm=01;31:*.esd=01;31:*.jpg=01;35:*.jpeg=01;35:*.mjpg=01;35:*.mjpeg=01;35:*.gif=01;35:*.bmp=01;35:*.pbm=01;35:*.pgm=01;35:*.ppm=01;35:*.tga=01;35:*.xbm=01;35:*.xpm=01;35:*.tif=01;35:*.tiff=01;35:*.png=01;35:*.svg=01;35:*.svgz=01;35:*.mng=01;35:*.pcx=01;35:*.mov=01;35:*.mpg=01;35:*.mpeg=01;35:*.m2v=01;35:*.mkv=01;35:*.webm=01;35:*.webp=01;35:*.ogm=01;35:*.mp4=01;35:*.m4v=01;35:*.mp4v=01;35:*.vob=01;35:*.qt=01;35:*.nuv=01;35:*.wmv=01;35:*.asf=01;35:*.rm=01;35:*.rmvb=01;35:*.flc=01;35:*.avi=01;35:*.fli=01;35:*.flv=01;35:*.gl=01;35:*.dl=01;35:*.xcf=01;35:*.xwd=01;35:*.yuv=01;35:*.cgm=01;35:*.emf=01;35:*.ogv=01;35:*.ogx=01;35:*.aac=00;36:*.au=00;36:*.flac=00;36:*.m4a=00;36:*.mid=00;36:*.midi=00;36:*.mka=00;36:*.mp3=00;36:*.mpc=00;36:*.ogg=00;36:*.ra=00;36:*.wav=00;36:*.oga=00;36:*.opus=00;36:*.spx=00;36:*.xspf=00;36:'), ('GNOME_TERMINAL_SERVICE', ':1.210'), ('SSH_AGENT_LAUNCHER', 'gnome-keyring'), ('SSH_AUTH_SOCK', '/run/user/1000/keyring/ssh'), ('AMENT_PREFIX_PATH', '/opt/ros/humble'), ('SHELL', '/bin/bash'), ('LC_NAME', 'ro_RO.UTF-8'), ('QT_ACCESSIBILITY', '1'), ('GDMSESSION', 'ubuntu'), ('LESSCLOSE', '/usr/bin/lesspipe %s %s'), ('LC_MEASUREMENT', 'ro_RO.UTF-8'), ('GPG_AGENT_INFO', '/run/user/1000/gnupg/S.gpg-agent:0:1'), ('LC_IDENTIFICATION', 'ro_RO.UTF-8'), ('QT_IM_MODULE', 'ibus'), ('PWD', '/home/pavel/ws_ros2/build/px4_msgs'), ('LC_ALL', 'en_US.UTF-8'), ('XDG_CONFIG_DIRS', '/etc/xdg/xdg-ubuntu:/etc/xdg'), ('NVM_CD_FLAGS', ''), ('XDG_DATA_DIRS', '/usr/share/ubuntu:/usr/share/gnome:/usr/local/share/:/usr/share/:/var/lib/snapd/desktop'), ('PYTHONPATH', '/opt/ros/humble/lib/python3.10/site-packages:/opt/ros/humble/local/lib/python3.10/dist-packages'), ('LC_NUMERIC', 'ro_RO.UTF-8'), ('LC_PAPER', 'ro_RO.UTF-8'), ('COLCON', '1'), ('VTE_VERSION', '6800'), ('CMAKE_PREFIX_PATH', '/opt/ros/humble')]), 'shell': False}
[5.765387] (px4_msgs) StdoutLine: {'line': b'-- Install configuration: ""\n'}
[5.765606] (px4_msgs) StdoutLine: {'line': b'-- Up-to-date: /home/pavel/ws_ros2/install/px4_msgs/share/ament_index/resource_index/rosidl_interfaces/px4_msgs\n'}
[5.765778] (px4_msgs) StdoutLine: {'line': b'-- Up-to-date: /home/pavel/ws_ros2/install/px4_msgs/include/px4_msgs/px4_msgs\n'}
[5.765887] (px4_msgs) StdoutLine: {'line': b'-- Up-to-date: /home/pavel/ws_ros2/install/px4_msgs/include/px4_msgs/px4_msgs/srv\n'}
[5.765987] (px4_msgs) StdoutLine: {'line': b'-- Up-to-date: /home/pavel/ws_ros2/install/px4_msgs/include/px4_msgs/px4_msgs/srv/vehicle_command.h\n'}
[5.766070] (px4_msgs) StdoutLine: {'line': b'-- Up-to-date: /home/pavel/ws_ros2/install/px4_msgs/include/px4_msgs/px4_msgs/srv/detail\n'}
[5.766181] (px4_msgs) StdoutLine: {'line': b'-- Up-to-date: /home/pavel/ws_ros2/install/px4_msgs/include/px4_msgs/px4_msgs/srv/detail/vehicle_command__struct.h\n'}
[5.766256] (px4_msgs) StdoutLine: {'line': b'-- Up-to-date: /home/pavel/ws_ros2/install/px4_msgs/include/px4_msgs/px4_msgs/srv/detail/vehicle_command__type_support.h\n'}
[5.766308] (px4_msgs) StdoutLine: {'line': b'-- Up-to-date: /home/pavel/ws_ros2/install/px4_msgs/include/px4_msgs/px4_msgs/srv/detail/vehicle_command__functions.c\n'}
[5.766358] (px4_msgs) StdoutLine: {'line': b'-- Up-to-date: /home/pavel/ws_ros2/install/px4_msgs/include/px4_msgs/px4_msgs/srv/detail/vehicle_command__functions.h\n'}
[5.766409] (px4_msgs) StdoutLine: {'line': b'-- Up-to-date: /home/pavel/ws_ros2/install/px4_msgs/include/px4_msgs/px4_msgs/msg\n'}
[5.766459] (px4_msgs) StdoutLine: {'line': b'-- Up-to-date: /home/pavel/ws_ros2/install/px4_msgs/include/px4_msgs/px4_msgs/msg/vehicle_optical_flow.h\n'}
[5.766509] (px4_msgs) StdoutLine: {'line': b'-- Up-to-date: /home/pavel/ws_ros2/install/px4_msgs/include/px4_msgs/px4_msgs/msg/system_power.h\n'}
[5.766561] (px4_msgs) StdoutLine: {'line': b'-- Up-to-date: /home/pavel/ws_ros2/install/px4_msgs/include/px4_msgs/px4_msgs/msg/vehicle_attitude.h\n'}
[5.766612] (px4_msgs) StdoutLine: {'line': b'-- Up-to-date: /home/pavel/ws_ros2/install/px4_msgs/include/px4_msgs/px4_msgs/msg/gps_inject_data.h\n'}
[5.766688] (px4_msgs) StdoutLine: {'line': b'-- Up-to-date: /home/pavel/ws_ros2/install/px4_msgs/include/px4_msgs/px4_msgs/msg/dataman_response.h\n'}
[5.766765] (px4_msgs) StdoutLine: {'line': b'-- Up-to-date: /home/pavel/ws_ros2/install/px4_msgs/include/px4_msgs/px4_msgs/msg/tecs_status.h\n'}
[5.766850] (px4_msgs) StdoutLine: {'line': b'-- Up-to-date: /home/pavel/ws_ros2/install/px4_msgs/include/px4_msgs/px4_msgs/msg/vehicle_command.h\n'}
[5.766951] (px4_msgs) StdoutLine: {'line': b'-- Up-to-date: /home/pavel/ws_ros2/install/px4_msgs/include/px4_msgs/px4_msgs/msg/rate_ctrl_status.h\n'}
[5.767027] (px4_msgs) StdoutLine: {'line': b'-- Up-to-date: /home/pavel/ws_ros2/install/px4_msgs/include/px4_msgs/px4_msgs/msg/tiltrotor_extra_controls.h\n'}
[5.767115] (px4_msgs) StdoutLine: {'line': b'-- Up-to-date: /home/pavel/ws_ros2/install/px4_msgs/include/px4_msgs/px4_msgs/msg/estimator_states.h\n'}
[5.767206] (px4_msgs) StdoutLine: {'line': b'-- Up-to-date: /home/pavel/ws_ros2/install/px4_msgs/include/px4_msgs/px4_msgs/msg/estimator_gps_status.h\n'}
[5.767285] (px4_msgs) StdoutLine: {'line': b'-- Up-to-date: /home/pavel/ws_ros2/install/px4_msgs/include/px4_msgs/px4_msgs/msg/sensor_airflow.h\n'}
[5.767366] (px4_msgs) StdoutLine: {'line': b'-- Up-to-date: /home/pavel/ws_ros2/install/px4_msgs/include/px4_msgs/px4_msgs/msg/actuator_controls_status.h\n'}
[5.767444] (px4_msgs) StdoutLine: {'line': b'-- Up-to-date: /home/pavel/ws_ros2/install/px4_msgs/include/px4_msgs/px4_msgs/msg/dataman_request.h\n'}
[5.767523] (px4_msgs) StdoutLine: {'line': b'-- Up-to-date: /home/pavel/ws_ros2/install/px4_msgs/include/px4_msgs/px4_msgs/msg/vehicle_control_mode.h\n'}
[5.767602] (px4_msgs) StdoutLine: {'line': b'-- Up-to-date: /home/pavel/ws_ros2/install/px4_msgs/include/px4_msgs/px4_msgs/msg/vehicle_magnetometer.h\n'}
[5.767680] (px4_msgs) StdoutLine: {'line': b'-- Up-to-date: /home/pavel/ws_ros2/install/px4_msgs/include/px4_msgs/px4_msgs/msg/trajectory_bezier.h\n'}
[5.767758] (px4_msgs) StdoutLine: {'line': b'-- Up-to-date: /home/pavel/ws_ros2/install/px4_msgs/include/px4_msgs/px4_msgs/msg/normalized_unsigned_setpoint.h\n'}
[5.767836] (px4_msgs) StdoutLine: {'line': b'-- Up-to-date: /home/pavel/ws_ros2/install/px4_msgs/include/px4_msgs/px4_msgs/msg/parameter_set_value_response.h\n'}
[5.767921] (px4_msgs) StdoutLine: {'line': b'-- Up-to-date: /home/pavel/ws_ros2/install/px4_msgs/include/px4_msgs/px4_msgs/msg/sensors_status.h\n'}
[5.767971] (px4_msgs) StdoutLine: {'line': b'-- Up-to-date: /home/pavel/ws_ros2/install/px4_msgs/include/px4_msgs/px4_msgs/msg/vehicle_roi.h\n'}
[5.768022] (px4_msgs) StdoutLine: {'line': b'-- Up-to-date: /home/pavel/ws_ros2/install/px4_msgs/include/px4_msgs/px4_msgs/msg/airspeed_wind.h\n'}
[5.768073] (px4_msgs) StdoutLine: {'line': b'-- Up-to-date: /home/pavel/ws_ros2/install/px4_msgs/include/px4_msgs/px4_msgs/msg/gps_dump.h\n'}
[5.768125] (px4_msgs) StdoutLine: {'line': b'-- Up-to-date: /home/pavel/ws_ros2/install/px4_msgs/include/px4_msgs/px4_msgs/msg/position_setpoint_triplet.h\n'}
[5.768176] (px4_msgs) StdoutLine: {'line': b'-- Up-to-date: /home/pavel/ws_ros2/install/px4_msgs/include/px4_msgs/px4_msgs/msg/flight_phase_estimation.h\n'}
[5.768227] (px4_msgs) StdoutLine: {'line': b'-- Up-to-date: /home/pavel/ws_ros2/install/px4_msgs/include/px4_msgs/px4_msgs/msg/follow_target_status.h\n'}
[5.768279] (px4_msgs) StdoutLine: {'line': b'-- Up-to-date: /home/pavel/ws_ros2/install/px4_msgs/include/px4_msgs/px4_msgs/msg/detail\n'}
[5.768330] (px4_msgs) StdoutLine: {'line': b'-- Up-to-date: /home/pavel/ws_ros2/install/px4_msgs/include/px4_msgs/px4_msgs/msg/detail/actuator_motors__type_support.h\n'}
[5.768382] (px4_msgs) StdoutLine: {'line': b'-- Up-to-date: /home/pavel/ws_ros2/install/px4_msgs/include/px4_msgs/px4_msgs/msg/detail/radio_status__functions.h\n'}
[5.768433] (px4_msgs) StdoutLine: {'line': b'-- Up-to-date: /home/pavel/ws_ros2/install/px4_msgs/include/px4_msgs/px4_msgs/msg/detail/camera_status__functions.c\n'}
[5.768483] (px4_msgs) StdoutLine: {'line': b'-- Up-to-date: /home/pavel/ws_ros2/install/px4_msgs/include/px4_msgs/px4_msgs/msg/detail/can_interface_status__functions.h\n'}
[5.768535] (px4_msgs) StdoutLine: {'line': b'-- Up-to-date: /home/pavel/ws_ros2/install/px4_msgs/include/px4_msgs/px4_msgs/msg/detail/launch_detection_status__struct.h\n'}
[5.768586] (px4_msgs) StdoutLine: {'line': b'-- Up-to-date: /home/pavel/ws_ros2/install/px4_msgs/include/px4_msgs/px4_msgs/msg/detail/can_interface_status__struct.h\n'}
[5.768637] (px4_msgs) StdoutLine: {'line': b'-- Up-to-date: /home/pavel/ws_ros2/install/px4_msgs/include/px4_msgs/px4_msgs/msg/detail/estimator_bias__functions.c\n'}
[5.768704] (px4_msgs) StdoutLine: {'line': b'-- Up-to-date: /home/pavel/ws_ros2/install/px4_msgs/include/px4_msgs/px4_msgs/msg/detail/actuator_servos_trim__functions.h\n'}
[5.768756] (px4_msgs) StdoutLine: {'line': b'-- Up-to-date: /home/pavel/ws_ros2/install/px4_msgs/include/px4_msgs/px4_msgs/msg/detail/yaw_estimator_status__functions.h\n'}
[5.768807] (px4_msgs) StdoutLine: {'line': b'-- Up-to-date: /home/pavel/ws_ros2/install/px4_msgs/include/px4_msgs/px4_msgs/msg/detail/timesync_status__functions.h\n'}
[5.768929] (px4_msgs) StdoutLine: {'line': b'-- Up-to-date: /home/pavel/ws_ros2/install/px4_msgs/include/px4_msgs/px4_msgs/msg/detail/sensor_gps__struct.h\n'}
[5.769026] (px4_msgs) StdoutLine: {'line': b'-- Up-to-date: /home/pavel/ws_ros2/install/px4_msgs/include/px4_msgs/px4_msgs/msg/detail/gimbal_device_set_attitude__struct.h\n'}
[5.769073] (px4_msgs) StdoutLine: {'line': b'-- Up-to-date: /home/pavel/ws_ros2/install/px4_msgs/include/px4_msgs/px4_msgs/msg/detail/px4io_status__functions.c\n'}
[5.769120] (px4_msgs) StdoutLine: {'line': b'-- Up-to-date: /home/pavel/ws_ros2/install/px4_msgs/include/px4_msgs/px4_msgs/msg/detail/estimator_aid_source3d__struct.h\n'}
[5.769171] (px4_msgs) StdoutLine: {'line': b'-- Up-to-date: /home/pavel/ws_ros2/install/px4_msgs/include/px4_msgs/px4_msgs/msg/detail/logger_status__struct.h\n'}
[5.769222] (px4_msgs) StdoutLine: {'line': b'-- Up-to-date: /home/pavel/ws_ros2/install/px4_msgs/include/px4_msgs/px4_msgs/msg/detail/follow_target_status__struct.h\n'}
[5.769273] (px4_msgs) StdoutLine: {'line': b'-- Up-to-date: /home/pavel/ws_ros2/install/px4_msgs/include/px4_msgs/px4_msgs/msg/detail/estimator_states__functions.h\n'}
[5.769324] (px4_msgs) StdoutLine: {'line': b'-- Up-to-date: /home/pavel/ws_ros2/install/px4_msgs/include/px4_msgs/px4_msgs/msg/detail/camera_capture__functions.c\n'}
[5.769389] (px4_msgs) StdoutLine: {'line': b'-- Up-to-date: /home/pavel/ws_ros2/install/px4_msgs/include/px4_msgs/px4_msgs/msg/detail/geofence_status__type_support.h\n'}
[5.769443] (px4_msgs) StdoutLine: {'line': b'-- Up-to-date: /home/pavel/ws_ros2/install/px4_msgs/include/px4_msgs/px4_msgs/msg/detail/rpm__type_support.h\n'}
[5.769495] (px4_msgs) StdoutLine: {'line': b'-- Up-to-date: /home/pavel/ws_ros2/install/px4_msgs/include/px4_msgs/px4_msgs/msg/detail/sensor_accel_fifo__functions.c\n'}
[5.769546] (px4_msgs) StdoutLine: {'line': b'-- Up-to-date: /home/pavel/ws_ros2/install/px4_msgs/include/px4_msgs/px4_msgs/msg/detail/battery_status__type_support.h\n'}
[5.769597] (px4_msgs) StdoutLine: {'line': b'-- Up-to-date: /home/pavel/ws_ros2/install/px4_msgs/include/px4_msgs/px4_msgs/msg/detail/vehicle_magnetometer__type_support.h\n'}
[5.769648] (px4_msgs) StdoutLine: {'line': b'-- Up-to-date: /home/pavel/ws_ros2/install/px4_msgs/include/px4_msgs/px4_msgs/msg/detail/position_controller_landing_status__struct.h\n'}
[5.769700] (px4_msgs) StdoutLine: {'line': b'-- Up-to-date: /home/pavel/ws_ros2/install/px4_msgs/include/px4_msgs/px4_msgs/msg/detail/parameter_reset_request__functions.h\n'}
[5.769752] (px4_msgs) StdoutLine: {'line': b'-- Up-to-date: /home/pavel/ws_ros2/install/px4_msgs/include/px4_msgs/px4_msgs/msg/detail/differential_drive_setpoint__type_support.h\n'}
[5.769803] (px4_msgs) StdoutLine: {'line': b'-- Up-to-date: /home/pavel/ws_ros2/install/px4_msgs/include/px4_msgs/px4_msgs/msg/detail/pps_capture__functions.c\n'}
[5.770082] (px4_msgs) StdoutLine: {'line': b'-- Up-to-date: /home/pavel/ws_ros2/install/px4_msgs/include/px4_msgs/px4_msgs/msg/detail/sensor_combined__functions.c\n'}
[5.770171] (px4_msgs) StdoutLine: {'line': b'-- Up-to-date: /home/pavel/ws_ros2/install/px4_msgs/include/px4_msgs/px4_msgs/msg/detail/estimator_aid_source2d__struct.h\n'}
[5.770229] (px4_msgs) StdoutLine: {'line': b'-- Up-to-date: /home/pavel/ws_ros2/install/px4_msgs/include/px4_msgs/px4_msgs/msg/detail/system_power__functions.c\n'}
[5.770283] (px4_msgs) StdoutLine: {'line': b'-- Up-to-date: /home/pavel/ws_ros2/install/px4_msgs/include/px4_msgs/px4_msgs/msg/detail/internal_combustion_engine_status__type_support.h\n'}
[5.770369] (px4_msgs) StdoutLine: {'line': b'-- Up-to-date: /home/pavel/ws_ros2/install/px4_msgs/include/px4_msgs/px4_msgs/msg/detail/sensor_accel_fifo__type_support.h\n'}
[5.770422] (px4_msgs) StdoutLine: {'line': b'-- Up-to-date: /home/pavel/ws_ros2/install/px4_msgs/include/px4_msgs/px4_msgs/msg/detail/gpio_out__type_support.h\n'}
[5.770474] (px4_msgs) StdoutLine: {'line': b'-- Up-to-date: /home/pavel/ws_ros2/install/px4_msgs/include/px4_msgs/px4_msgs/msg/detail/mavlink_tunnel__functions.h\n'}
[5.770524] (px4_msgs) StdoutLine: {'line': b'-- Up-to-date: /home/pavel/ws_ros2/install/px4_msgs/include/px4_msgs/px4_msgs/msg/detail/airspeed_wind__type_support.h\n'}
[5.770575] (px4_msgs) StdoutLine: {'line': b'-- Up-to-date: /home/pavel/ws_ros2/install/px4_msgs/include/px4_msgs/px4_msgs/msg/detail/vehicle_roi__functions.h\n'}
[5.770626] (px4_msgs) StdoutLine: {'line': b'-- Up-to-date: /home/pavel/ws_ros2/install/px4_msgs/include/px4_msgs/px4_msgs/msg/detail/vehicle_local_position__type_support.h\n'}
[5.770677] (px4_msgs) StdoutLine: {'line': b'-- Up-to-date: /home/pavel/ws_ros2/install/px4_msgs/include/px4_msgs/px4_msgs/msg/detail/action_request__struct.h\n'}
[5.770728] (px4_msgs) StdoutLine: {'line': b'-- Up-to-date: /home/pavel/ws_ros2/install/px4_msgs/include/px4_msgs/px4_msgs/msg/detail/landing_target_pose__struct.h\n'}
[5.770779] (px4_msgs) StdoutLine: {'line': b'-- Up-to-date: /home/pavel/ws_ros2/install/px4_msgs/include/px4_msgs/px4_msgs/msg/detail/vehicle_imu__functions.c\n'}
[5.770829] (px4_msgs) StdoutLine: {'line': b'-- Up-to-date: /home/pavel/ws_ros2/install/px4_msgs/include/px4_msgs/px4_msgs/msg/detail/uavcan_parameter_value__functions.c\n'}
[5.770973] (px4_msgs) StdoutLine: {'line': b'-- Up-to-date: /home/pavel/ws_ros2/install/px4_msgs/include/px4_msgs/px4_msgs/msg/detail/sensor_gyro__functions.c\n'}
[5.771045] (px4_msgs) StdoutLine: {'line': b'-- Up-to-date: /home/pavel/ws_ros2/install/px4_msgs/include/px4_msgs/px4_msgs/msg/detail/geofence_status__struct.h\n'}
[5.771097] (px4_msgs) StdoutLine: {'line': b'-- Up-to-date: /home/pavel/ws_ros2/install/px4_msgs/include/px4_msgs/px4_msgs/msg/detail/gimbal_manager_status__struct.h\n'}
[5.771147] (px4_msgs) StdoutLine: {'line': b'-- Up-to-date: /home/pavel/ws_ros2/install/px4_msgs/include/px4_msgs/px4_msgs/msg/detail/vehicle_command_ack__struct.h\n'}
[5.771198] (px4_msgs) StdoutLine: {'line': b'-- Up-to-date: /home/pavel/ws_ros2/install/px4_msgs/include/px4_msgs/px4_msgs/msg/detail/dataman_response__type_support.h\n'}
[5.771249] (px4_msgs) StdoutLine: {'line': b'-- Up-to-date: /home/pavel/ws_ros2/install/px4_msgs/include/px4_msgs/px4_msgs/msg/detail/gimbal_controls__type_support.h\n'}
[5.771300] (px4_msgs) StdoutLine: {'line': b'-- Up-to-date: /home/pavel/ws_ros2/install/px4_msgs/include/px4_msgs/px4_msgs/msg/detail/position_controller_landing_status__functions.h\n'}
[5.771351] (px4_msgs) StdoutLine: {'line': b'-- Up-to-date: /home/pavel/ws_ros2/install/px4_msgs/include/px4_msgs/px4_msgs/msg/detail/geofence_result__struct.h\n'}
[5.771419] (px4_msgs) StdoutLine: {'line': b'-- Up-to-date: /home/pavel/ws_ros2/install/px4_msgs/include/px4_msgs/px4_msgs/msg/detail/arming_check_request__functions.c\n'}
[5.771472] (px4_msgs) StdoutLine: {'line': b'-- Up-to-date: /home/pavel/ws_ros2/install/px4_msgs/include/px4_msgs/px4_msgs/msg/detail/input_rc__struct.h\n'}
[5.771524] (px4_msgs) StdoutLine: {'line': b'-- Up-to-date: /home/pavel/ws_ros2/install/px4_msgs/include/px4_msgs/px4_msgs/msg/detail/unregister_ext_component__functions.c\n'}
[5.771575] (px4_msgs) StdoutLine: {'line': b'-- Up-to-date: /home/pavel/ws_ros2/install/px4_msgs/include/px4_msgs/px4_msgs/msg/detail/unregister_ext_component__functions.h\n'}
[5.771627] (px4_msgs) StdoutLine: {'line': b'-- Up-to-date: /home/pavel/ws_ros2/install/px4_msgs/include/px4_msgs/px4_msgs/msg/detail/sensor_mag__functions.c\n'}
[5.771678] (px4_msgs) StdoutLine: {'line': b'-- Up-to-date: /home/pavel/ws_ros2/install/px4_msgs/include/px4_msgs/px4_msgs/msg/detail/estimator_bias3d__type_support.h\n'}
[5.771796] (px4_msgs) StdoutLine: {'line': b'-- Up-to-date: /home/pavel/ws_ros2/install/px4_msgs/include/px4_msgs/px4_msgs/msg/detail/tiltrotor_extra_controls__functions.h\n'}
[5.771853] (px4_msgs) StdoutLine: {'line': b'-- Up-to-date: /home/pavel/ws_ros2/install/px4_msgs/include/px4_msgs/px4_msgs/msg/detail/trajectory_setpoint__functions.h\n'}
[5.771931] (px4_msgs) StdoutLine: {'line': b'-- Up-to-date: /home/pavel/ws_ros2/install/px4_msgs/include/px4_msgs/px4_msgs/msg/detail/takeoff_status__functions.c\n'}
[5.771978] (px4_msgs) StdoutLine: {'line': b'-- Up-to-date: /home/pavel/ws_ros2/install/px4_msgs/include/px4_msgs/px4_msgs/msg/detail/actuator_motors__struct.h\n'}
[5.772023] (px4_msgs) StdoutLine: {'line': b'-- Up-to-date: /home/pavel/ws_ros2/install/px4_msgs/include/px4_msgs/px4_msgs/msg/detail/estimator_status_flags__type_support.h\n'}
[5.772075] (px4_msgs) StdoutLine: {'line': b'-- Up-to-date: /home/pavel/ws_ros2/install/px4_msgs/include/px4_msgs/px4_msgs/msg/detail/sensor_gyro_fifo__struct.h\n'}
[5.772126] (px4_msgs) StdoutLine: {'line': b'-- Up-to-date: /home/pavel/ws_ros2/install/px4_msgs/include/px4_msgs/px4_msgs/msg/detail/vehicle_command__struct.h\n'}
[5.772223] (px4_msgs) StdoutLine: {'line': b'-- Up-to-date: /home/pavel/ws_ros2/install/px4_msgs/include/px4_msgs/px4_msgs/msg/detail/estimator_aid_source3d__functions.c\n'}
[5.772283] (px4_msgs) StdoutLine: {'line': b'-- Up-to-date: /home/pavel/ws_ros2/install/px4_msgs/include/px4_msgs/px4_msgs/msg/detail/navigator_mission_item__type_support.h\n'}
[5.772335] (px4_msgs) StdoutLine: {'line': b'-- Up-to-date: /home/pavel/ws_ros2/install/px4_msgs/include/px4_msgs/px4_msgs/msg/detail/internal_combustion_engine_status__struct.h\n'}
[5.772387] (px4_msgs) StdoutLine: {'line': b'-- Up-to-date: /home/pavel/ws_ros2/install/px4_msgs/include/px4_msgs/px4_msgs/msg/detail/estimator_gps_status__functions.c\n'}
[5.772438] (px4_msgs) StdoutLine: {'line': b'-- Up-to-date: /home/pavel/ws_ros2/install/px4_msgs/include/px4_msgs/px4_msgs/msg/detail/vehicle_acceleration__functions.c\n'}
[5.772489] (px4_msgs) StdoutLine: {'line': b'-- Up-to-date: /home/pavel/ws_ros2/install/px4_msgs/include/px4_msgs/px4_msgs/msg/detail/vehicle_status__struct.h\n'}
[5.772540] (px4_msgs) StdoutLine: {'line': b'-- Up-to-date: /home/pavel/ws_ros2/install/px4_msgs/include/px4_msgs/px4_msgs/msg/detail/orb_test_medium__struct.h\n'}
[5.772592] (px4_msgs) StdoutLine: {'line': b'-- Up-to-date: /home/pavel/ws_ros2/install/px4_msgs/include/px4_msgs/px4_msgs/msg/detail/tecs_status__functions.c\n'}
[5.772643] (px4_msgs) StdoutLine: {'line': b'-- Up-to-date: /home/pavel/ws_ros2/install/px4_msgs/include/px4_msgs/px4_msgs/msg/detail/rpm__functions.c\n'}
[5.772693] (px4_msgs) StdoutLine: {'line': b'-- Up-to-date: /home/pavel/ws_ros2/install/px4_msgs/include/px4_msgs/px4_msgs/msg/detail/debug_array__struct.h\n'}
[5.772744] (px4_msgs) StdoutLine: {'line': b'-- Up-to-date: /home/pavel/ws_ros2/install/px4_msgs/include/px4_msgs/px4_msgs/msg/detail/vehicle_rates_setpoint__functions.h\n'}
[5.772824] (px4_msgs) StdoutLine: {'line': b'-- Up-to-date: /home/pavel/ws_ros2/install/px4_msgs/include/px4_msgs/px4_msgs/msg/detail/vehicle_constraints__functions.c\n'}
[5.773028] (px4_msgs) StdoutLine: {'line': b'-- Up-to-date: /home/pavel/ws_ros2/install/px4_msgs/include/px4_msgs/px4_msgs/msg/detail/vehicle_torque_setpoint__functions.c\n'}
[5.773137] (px4_msgs) StdoutLine: {'line': b'-- Up-to-date: /home/pavel/ws_ros2/install/px4_msgs/include/px4_msgs/px4_msgs/msg/detail/register_ext_component_reply__type_support.h\n'}
[5.773226] (px4_msgs) StdoutLine: {'line': b'-- Up-to-date: /home/pavel/ws_ros2/install/px4_msgs/include/px4_msgs/px4_msgs/msg/detail/landing_gear_wheel__functions.c\n'}
[5.773343] (px4_msgs) StdoutLine: {'line': b'-- Up-to-date: /home/pavel/ws_ros2/install/px4_msgs/include/px4_msgs/px4_msgs/msg/detail/vehicle_attitude_setpoint__functions.c\n'}
[5.773429] (px4_msgs) StdoutLine: {'line': b'-- Up-to-date: /home/pavel/ws_ros2/install/px4_msgs/include/px4_msgs/px4_msgs/msg/detail/register_ext_component_request__functions.h\n'}
[5.773525] (px4_msgs) StdoutLine: {'line': b'-- Up-to-date: /home/pavel/ws_ros2/install/px4_msgs/include/px4_msgs/px4_msgs/msg/detail/vehicle_local_position__functions.h\n'}
[5.773610] (px4_msgs) StdoutLine: {'line': b'-- Up-to-date: /home/pavel/ws_ros2/install/px4_msgs/include/px4_msgs/px4_msgs/msg/detail/rpm__struct.h\n'}
[5.773740] (px4_msgs) StdoutLine: {'line': b'-- Up-to-date: /home/pavel/ws_ros2/install/px4_msgs/include/px4_msgs/px4_msgs/msg/detail/position_controller_landing_status__functions.c\n'}
[5.773827] (px4_msgs) StdoutLine: {'line': b'-- Up-to-date: /home/pavel/ws_ros2/install/px4_msgs/include/px4_msgs/px4_msgs/msg/detail/fuel_tank_status__functions.h\n'}
[5.773967] (px4_msgs) StdoutLine: {'line': b'-- Up-to-date: /home/pavel/ws_ros2/install/px4_msgs/include/px4_msgs/px4_msgs/msg/detail/iridiumsbd_status__functions.h\n'}
[5.774077] (px4_msgs) StdoutLine: {'line': b'-- Up-to-date: /home/pavel/ws_ros2/install/px4_msgs/include/px4_msgs/px4_msgs/msg/detail/health_report__functions.h\n'}
[5.774133] (px4_msgs) StdoutLine: {'line': b'-- Up-to-date: /home/pavel/ws_ros2/install/px4_msgs/include/px4_msgs/px4_msgs/msg/detail/estimator_innovations__functions.c\n'}
[5.774185] (px4_msgs) StdoutLine: {'line': b'-- Up-to-date: /home/pavel/ws_ros2/install/px4_msgs/include/px4_msgs/px4_msgs/msg/detail/log_message__struct.h\n'}
[5.774245] (px4_msgs) StdoutLine: {'line': b'-- Up-to-date: /home/pavel/ws_ros2/install/px4_msgs/include/px4_msgs/px4_msgs/msg/detail/navigator_mission_item__struct.h\n'}
[5.774297] (px4_msgs) StdoutLine: {'line': b'-- Up-to-date: /home/pavel/ws_ros2/install/px4_msgs/include/px4_msgs/px4_msgs/msg/detail/vehicle_trajectory_bezier__functions.h\n'}
[5.774352] (px4_msgs) StdoutLine: {'line': b'-- Up-to-date: /home/pavel/ws_ros2/install/px4_msgs/include/px4_msgs/px4_msgs/msg/detail/mavlink_log__struct.h\n'}
[5.774532] (px4_msgs) StdoutLine: {'line': b'-- Up-to-date: /home/pavel/ws_ros2/install/px4_msgs/include/px4_msgs/px4_msgs/msg/detail/trajectory_waypoint__functions.h\n'}
[5.774719] (px4_msgs) StdoutLine: {'line': b'-- Up-to-date: /home/pavel/ws_ros2/install/px4_msgs/include/px4_msgs/px4_msgs/msg/detail/ekf2_timestamps__functions.c\n'}
[5.774859] (px4_msgs) StdoutLine: {'line': b'-- Up-to-date: /home/pavel/ws_ros2/install/px4_msgs/include/px4_msgs/px4_msgs/msg/detail/cellular_status__struct.h\n'}
[5.775016] (px4_msgs) StdoutLine: {'line': b'-- Up-to-date: /home/pavel/ws_ros2/install/px4_msgs/include/px4_msgs/px4_msgs/msg/detail/magnetometer_bias_estimate__functions.h\n'}
[5.775097] (px4_msgs) StdoutLine: {'line': b'-- Up-to-date: /home/pavel/ws_ros2/install/px4_msgs/include/px4_msgs/px4_msgs/msg/detail/home_position__functions.h\n'}
[5.775167] (px4_msgs) StdoutLine: {'line': b'-- Up-to-date: /home/pavel/ws_ros2/install/px4_msgs/include/px4_msgs/px4_msgs/msg/detail/sensor_accel_fifo__functions.h\n'}
[5.775228] (px4_msgs) StdoutLine: {'line': b'-- Up-to-date: /home/pavel/ws_ros2/install/px4_msgs/include/px4_msgs/px4_msgs/msg/detail/qshell_req__type_support.h\n'}
[5.775287] (px4_msgs) StdoutLine: {'line': b'-- Up-to-date: /home/pavel/ws_ros2/install/px4_msgs/include/px4_msgs/px4_msgs/msg/detail/event__type_support.h\n'}
[5.775346] (px4_msgs) StdoutLine: {'line': b'-- Up-to-date: /home/pavel/ws_ros2/install/px4_msgs/include/px4_msgs/px4_msgs/msg/detail/camera_trigger__functions.h\n'}
[5.775405] (px4_msgs) StdoutLine: {'line': b'-- Up-to-date: /home/pavel/ws_ros2/install/px4_msgs/include/px4_msgs/px4_msgs/msg/detail/collision_report__struct.h\n'}
[5.775464] (px4_msgs) StdoutLine: {'line': b'-- Up-to-date: /home/pavel/ws_ros2/install/px4_msgs/include/px4_msgs/px4_msgs/msg/detail/collision_constraints__struct.h\n'}
[5.775523] (px4_msgs) StdoutLine: {'line': b'-- Up-to-date: /home/pavel/ws_ros2/install/px4_msgs/include/px4_msgs/px4_msgs/msg/detail/sensor_combined__functions.h\n'}
[5.775581] (px4_msgs) StdoutLine: {'line': b'-- Up-to-date: /home/pavel/ws_ros2/install/px4_msgs/include/px4_msgs/px4_msgs/msg/detail/debug_key_value__struct.h\n'}
[5.775644] (px4_msgs) StdoutLine: {'line': b'-- Up-to-date: /home/pavel/ws_ros2/install/px4_msgs/include/px4_msgs/px4_msgs/msg/detail/config_overrides__functions.h\n'}
[5.775704] (px4_msgs) StdoutLine: {'line': b'-- Up-to-date: /home/pavel/ws_ros2/install/px4_msgs/include/px4_msgs/px4_msgs/msg/detail/vehicle_status__type_support.h\n'}
[5.775763] (px4_msgs) StdoutLine: {'line': b'-- Up-to-date: /home/pavel/ws_ros2/install/px4_msgs/include/px4_msgs/px4_msgs/msg/detail/onboard_computer_status__functions.c\n'}
[5.775835] (px4_msgs) StdoutLine: {'line': b'-- Up-to-date: /home/pavel/ws_ros2/install/px4_msgs/include/px4_msgs/px4_msgs/msg/detail/dataman_request__functions.c\n'}
[5.775910] (px4_msgs) StdoutLine: {'line': b'-- Up-to-date: /home/pavel/ws_ros2/install/px4_msgs/include/px4_msgs/px4_msgs/msg/detail/event__struct.h\n'}
[5.775972] (px4_msgs) StdoutLine: {'line': b'-- Up-to-date: /home/pavel/ws_ros2/install/px4_msgs/include/px4_msgs/px4_msgs/msg/detail/actuator_motors__functions.c\n'}
[5.776031] (px4_msgs) StdoutLine: {'line': b'-- Up-to-date: /home/pavel/ws_ros2/install/px4_msgs/include/px4_msgs/px4_msgs/msg/detail/mode_completed__functions.c\n'}
[5.776090] (px4_msgs) StdoutLine: {'line': b'-- Up-to-date: /home/pavel/ws_ros2/install/px4_msgs/include/px4_msgs/px4_msgs/msg/detail/position_setpoint__type_support.h\n'}
[5.776149] (px4_msgs) StdoutLine: {'line': b'-- Up-to-date: /home/pavel/ws_ros2/install/px4_msgs/include/px4_msgs/px4_msgs/msg/detail/gps_dump__functions.h\n'}
[5.776208] (px4_msgs) StdoutLine: {'line': b'-- Up-to-date: /home/pavel/ws_ros2/install/px4_msgs/include/px4_msgs/px4_msgs/msg/detail/vehicle_air_data__functions.h\n'}
[5.776281] (px4_msgs) StdoutLine: {'line': b'-- Up-to-date: /home/pavel/ws_ros2/install/px4_msgs/include/px4_msgs/px4_msgs/msg/detail/iridiumsbd_status__struct.h\n'}
[5.776341] (px4_msgs) StdoutLine: {'line': b'-- Up-to-date: /home/pavel/ws_ros2/install/px4_msgs/include/px4_msgs/px4_msgs/msg/detail/tune_control__type_support.h\n'}
[5.776399] (px4_msgs) StdoutLine: {'line': b'-- Up-to-date: /home/pavel/ws_ros2/install/px4_msgs/include/px4_msgs/px4_msgs/msg/detail/vehicle_odometry__functions.c\n'}
[5.776458] (px4_msgs) StdoutLine: {'line': b'-- Up-to-date: /home/pavel/ws_ros2/install/px4_msgs/include/px4_msgs/px4_msgs/msg/detail/estimator_selector_status__functions.h\n'}
[5.776517] (px4_msgs) StdoutLine: {'line': b'-- Up-to-date: /home/pavel/ws_ros2/install/px4_msgs/include/px4_msgs/px4_msgs/msg/detail/vehicle_odometry__functions.h\n'}
[5.776576] (px4_msgs) StdoutLine: {'line': b'-- Up-to-date: /home/pavel/ws_ros2/install/px4_msgs/include/px4_msgs/px4_msgs/msg/detail/sensor_airflow__functions.c\n'}
[5.776634] (px4_msgs) StdoutLine: {'line': b'-- Up-to-date: /home/pavel/ws_ros2/install/px4_msgs/include/px4_msgs/px4_msgs/msg/detail/vehicle_air_data__struct.h\n'}
[5.776693] (px4_msgs) StdoutLine: {'line': b'-- Up-to-date: /home/pavel/ws_ros2/install/px4_msgs/include/px4_msgs/px4_msgs/msg/detail/buffer128__type_support.h\n'}
[5.776752] (px4_msgs) StdoutLine: {'line': b'-- Up-to-date: /home/pavel/ws_ros2/install/px4_msgs/include/px4_msgs/px4_msgs/msg/detail/rtl_time_estimate__functions.c\n'}
[5.776811] (px4_msgs) StdoutLine: {'line': b'-- Up-to-date: /home/pavel/ws_ros2/install/px4_msgs/include/px4_msgs/px4_msgs/msg/detail/normalized_unsigned_setpoint__type_support.h\n'}
[5.776880] (px4_msgs) StdoutLine: {'line': b'-- Up-to-date: /home/pavel/ws_ros2/install/px4_msgs/include/px4_msgs/px4_msgs/msg/detail/landing_target_innovations__type_support.h\n'}
[5.776943] (px4_msgs) StdoutLine: {'line': b'-- Up-to-date: /home/pavel/ws_ros2/install/px4_msgs/include/px4_msgs/px4_msgs/msg/detail/message_format_request__functions.c\n'}
[5.777003] (px4_msgs) StdoutLine: {'line': b'-- Up-to-date: /home/pavel/ws_ros2/install/px4_msgs/include/px4_msgs/px4_msgs/msg/detail/gimbal_manager_information__struct.h\n'}
[5.777061] (px4_msgs) StdoutLine: {'line': b'-- Up-to-date: /home/pavel/ws_ros2/install/px4_msgs/include/px4_msgs/px4_msgs/msg/detail/power_button_state__functions.h\n'}
[5.777120] (px4_msgs) StdoutLine: {'line': b'-- Up-to-date: /home/pavel/ws_ros2/install/px4_msgs/include/px4_msgs/px4_msgs/msg/detail/sensor_selection__struct.h\n'}
[5.777182] (px4_msgs) StdoutLine: {'line': b'-- Up-to-date: /home/pavel/ws_ros2/install/px4_msgs/include/px4_msgs/px4_msgs/msg/detail/npfg_status__type_support.h\n'}
[5.777241] (px4_msgs) StdoutLine: {'line': b'-- Up-to-date: /home/pavel/ws_ros2/install/px4_msgs/include/px4_msgs/px4_msgs/msg/detail/task_stack_info__functions.c\n'}
[5.777305] (px4_msgs) StdoutLine: {'line': b'-- Up-to-date: /home/pavel/ws_ros2/install/px4_msgs/include/px4_msgs/px4_msgs/msg/detail/estimator_status_flags__functions.h\n'}
[5.777364] (px4_msgs) StdoutLine: {'line': b'-- Up-to-date: /home/pavel/ws_ros2/install/px4_msgs/include/px4_msgs/px4_msgs/msg/detail/qshell_req__functions.h\n'}
[5.777422] (px4_msgs) StdoutLine: {'line': b'-- Up-to-date: /home/pavel/ws_ros2/install/px4_msgs/include/px4_msgs/px4_msgs/msg/detail/sensor_gnss_relative__struct.h\n'}
[5.777480] (px4_msgs) StdoutLine: {'line': b'-- Up-to-date: /home/pavel/ws_ros2/install/px4_msgs/include/px4_msgs/px4_msgs/msg/detail/debug_value__functions.h\n'}
[5.777539] (px4_msgs) StdoutLine: {'line': b'-- Up-to-date: /home/pavel/ws_ros2/install/px4_msgs/include/px4_msgs/px4_msgs/msg/detail/ping__type_support.h\n'}
[5.777597] (px4_msgs) StdoutLine: {'line': b'-- Up-to-date: /home/pavel/ws_ros2/install/px4_msgs/include/px4_msgs/px4_msgs/msg/detail/gimbal_manager_set_manual_control__functions.c\n'}
[5.777656] (px4_msgs) StdoutLine: {'line': b'-- Up-to-date: /home/pavel/ws_ros2/install/px4_msgs/include/px4_msgs/px4_msgs/msg/detail/airspeed_wind__functions.h\n'}
[5.777714] (px4_msgs) StdoutLine: {'line': b'-- Up-to-date: /home/pavel/ws_ros2/install/px4_msgs/include/px4_msgs/px4_msgs/msg/detail/vehicle_optical_flow__functions.h\n'}
[5.777773] (px4_msgs) StdoutLine: {'line': b'-- Up-to-date: /home/pavel/ws_ros2/install/px4_msgs/include/px4_msgs/px4_msgs/msg/detail/parameter_set_value_response__functions.c\n'}
[5.777832] (px4_msgs) StdoutLine: {'line': b'-- Up-to-date: /home/pavel/ws_ros2/install/px4_msgs/include/px4_msgs/px4_msgs/msg/detail/orbit_status__struct.h\n'}
[5.777917] (px4_msgs) StdoutLine: {'line': b'-- Up-to-date: /home/pavel/ws_ros2/install/px4_msgs/include/px4_msgs/px4_msgs/msg/detail/vehicle_constraints__functions.h\n'}
[5.777981] (px4_msgs) StdoutLine: {'line': b'-- Up-to-date: /home/pavel/ws_ros2/install/px4_msgs/include/px4_msgs/px4_msgs/msg/detail/vehicle_constraints__struct.h\n'}
[5.778042] (px4_msgs) StdoutLine: {'line': b'-- Up-to-date: /home/pavel/ws_ros2/install/px4_msgs/include/px4_msgs/px4_msgs/msg/detail/estimator_selector_status__struct.h\n'}
[5.778103] (px4_msgs) StdoutLine: {'line': b'-- Up-to-date: /home/pavel/ws_ros2/install/px4_msgs/include/px4_msgs/px4_msgs/msg/detail/sensor_airflow__struct.h\n'}
[5.778167] (px4_msgs) StdoutLine: {'line': b'-- Up-to-date: /home/pavel/ws_ros2/install/px4_msgs/include/px4_msgs/px4_msgs/msg/detail/velocity_limits__struct.h\n'}
[5.778228] (px4_msgs) StdoutLine: {'line': b'-- Up-to-date: /home/pavel/ws_ros2/install/px4_msgs/include/px4_msgs/px4_msgs/msg/detail/ulog_stream__type_support.h\n'}
[5.778290] (px4_msgs) StdoutLine: {'line': b'-- Up-to-date: /home/pavel/ws_ros2/install/px4_msgs/include/px4_msgs/px4_msgs/msg/detail/rc_channels__functions.c\n'}
[5.778352] (px4_msgs) StdoutLine: {'line': b'-- Up-to-date: /home/pavel/ws_ros2/install/px4_msgs/include/px4_msgs/px4_msgs/msg/detail/input_rc__functions.h\n'}
[5.778413] (px4_msgs) StdoutLine: {'line': b'-- Up-to-date: /home/pavel/ws_ros2/install/px4_msgs/include/px4_msgs/px4_msgs/msg/detail/onboard_computer_status__struct.h\n'}
[5.778474] (px4_msgs) StdoutLine: {'line': b'-- Up-to-date: /home/pavel/ws_ros2/install/px4_msgs/include/px4_msgs/px4_msgs/msg/detail/vehicle_rates_setpoint__struct.h\n'}
[5.778535] (px4_msgs) StdoutLine: {'line': b'-- Up-to-date: /home/pavel/ws_ros2/install/px4_msgs/include/px4_msgs/px4_msgs/msg/detail/mount_orientation__type_support.h\n'}
[5.778595] (px4_msgs) StdoutLine: {'line': b'-- Up-to-date: /home/pavel/ws_ros2/install/px4_msgs/include/px4_msgs/px4_msgs/msg/detail/gimbal_device_information__type_support.h\n'}
[5.778660] (px4_msgs) StdoutLine: {'line': b'-- Up-to-date: /home/pavel/ws_ros2/install/px4_msgs/include/px4_msgs/px4_msgs/msg/detail/sensor_gnss_relative__functions.c\n'}
[5.778721] (px4_msgs) StdoutLine: {'line': b'-- Up-to-date: /home/pavel/ws_ros2/install/px4_msgs/include/px4_msgs/px4_msgs/msg/detail/ping__functions.c\n'}
[5.778782] (px4_msgs) StdoutLine: {'line': b'-- Up-to-date: /home/pavel/ws_ros2/install/px4_msgs/include/px4_msgs/px4_msgs/msg/detail/vehicle_torque_setpoint__struct.h\n'}
[5.778844] (px4_msgs) StdoutLine: {'line': b'-- Up-to-date: /home/pavel/ws_ros2/install/px4_msgs/include/px4_msgs/px4_msgs/msg/detail/landing_gear_wheel__struct.h\n'}
[5.778932] (px4_msgs) StdoutLine: {'line': b'-- Up-to-date: /home/pavel/ws_ros2/install/px4_msgs/include/px4_msgs/px4_msgs/msg/detail/magnetometer_bias_estimate__functions.c\n'}
[5.779000] (px4_msgs) StdoutLine: {'line': b'-- Up-to-date: /home/pavel/ws_ros2/install/px4_msgs/include/px4_msgs/px4_msgs/msg/detail/trajectory_bezier__functions.h\n'}
[5.779062] (px4_msgs) StdoutLine: {'line': b'-- Up-to-date: /home/pavel/ws_ros2/install/px4_msgs/include/px4_msgs/px4_msgs/msg/detail/estimator_event_flags__type_support.h\n'}
[5.779123] (px4_msgs) StdoutLine: {'line': b'-- Up-to-date: /home/pavel/ws_ros2/install/px4_msgs/include/px4_msgs/px4_msgs/msg/detail/orb_test_large__type_support.h\n'}
[5.779184] (px4_msgs) StdoutLine: {'line': b'-- Up-to-date: /home/pavel/ws_ros2/install/px4_msgs/include/px4_msgs/px4_msgs/msg/detail/parameter_set_value_request__functions.h\n'}
[5.779248] (px4_msgs) StdoutLine: {'line': b'-- Up-to-date: /home/pavel/ws_ros2/install/px4_msgs/include/px4_msgs/px4_msgs/msg/detail/sensors_status_imu__type_support.h\n'}
[5.779309] (px4_msgs) StdoutLine: {'line': b'-- Up-to-date: /home/pavel/ws_ros2/install/px4_msgs/include/px4_msgs/px4_msgs/msg/detail/gimbal_manager_status__functions.c\n'}
[5.779370] (px4_msgs) StdoutLine: {'line': b'-- Up-to-date: /home/pavel/ws_ros2/install/px4_msgs/include/px4_msgs/px4_msgs/msg/detail/sensor_gyro__functions.h\n'}
[5.779439] (px4_msgs) StdoutLine: {'line': b'-- Up-to-date: /home/pavel/ws_ros2/install/px4_msgs/include/px4_msgs/px4_msgs/msg/detail/yaw_estimator_status__type_support.h\n'}
[5.779500] (px4_msgs) StdoutLine: {'line': b'-- Up-to-date: /home/pavel/ws_ros2/install/px4_msgs/include/px4_msgs/px4_msgs/msg/detail/parameter_set_value_request__struct.h\n'}
[5.779561] (px4_msgs) StdoutLine: {'line': b'-- Up-to-date: /home/pavel/ws_ros2/install/px4_msgs/include/px4_msgs/px4_msgs/msg/detail/dataman_response__functions.h\n'}
[5.779623] (px4_msgs) StdoutLine: {'line': b'-- Up-to-date: /home/pavel/ws_ros2/install/px4_msgs/include/px4_msgs/px4_msgs/msg/detail/estimator_bias3d__functions.h\n'}
[5.779685] (px4_msgs) StdoutLine: {'line': b'-- Up-to-date: /home/pavel/ws_ros2/install/px4_msgs/include/px4_msgs/px4_msgs/msg/detail/estimator_bias__type_support.h\n'}
[5.779745] (px4_msgs) StdoutLine: {'line': b'-- Up-to-date: /home/pavel/ws_ros2/install/px4_msgs/include/px4_msgs/px4_msgs/msg/detail/rc_parameter_map__functions.h\n'}
[5.779806] (px4_msgs) StdoutLine: {'line': b'-- Up-to-date: /home/pavel/ws_ros2/install/px4_msgs/include/px4_msgs/px4_msgs/msg/detail/tiltrotor_extra_controls__type_support.h\n'}
[5.779875] (px4_msgs) StdoutLine: {'line': b'-- Up-to-date: /home/pavel/ws_ros2/install/px4_msgs/include/px4_msgs/px4_msgs/msg/detail/actuator_servos__functions.c\n'}
[5.779942] (px4_msgs) StdoutLine: {'line': b'-- Up-to-date: /home/pavel/ws_ros2/install/px4_msgs/include/px4_msgs/px4_msgs/msg/detail/message_format_request__struct.h\n'}
[5.780003] (px4_msgs) StdoutLine: {'line': b'-- Up-to-date: /home/pavel/ws_ros2/install/px4_msgs/include/px4_msgs/px4_msgs/msg/detail/config_overrides__type_support.h\n'}
[5.780063] (px4_msgs) StdoutLine: {'line': b'-- Up-to-date: /home/pavel/ws_ros2/install/px4_msgs/include/px4_msgs/px4_msgs/msg/detail/sensors_status_imu__functions.c\n'}
[5.780124] (px4_msgs) StdoutLine: {'line': b'-- Up-to-date: /home/pavel/ws_ros2/install/px4_msgs/include/px4_msgs/px4_msgs/msg/detail/airspeed_wind__struct.h\n'}
[5.780191] (px4_msgs) StdoutLine: {'line': b'-- Up-to-date: /home/pavel/ws_ros2/install/px4_msgs/include/px4_msgs/px4_msgs/msg/detail/rtl_status__functions.h\n'}
[5.780252] (px4_msgs) StdoutLine: {'line': b'-- Up-to-date: /home/pavel/ws_ros2/install/px4_msgs/include/px4_msgs/px4_msgs/msg/detail/uavcan_parameter_request__struct.h\n'}
[5.780313] (px4_msgs) StdoutLine: {'line': b'-- Up-to-date: /home/pavel/ws_ros2/install/px4_msgs/include/px4_msgs/px4_msgs/msg/detail/manual_control_switches__functions.c\n'}
[5.780373] (px4_msgs) StdoutLine: {'line': b'-- Up-to-date: /home/pavel/ws_ros2/install/px4_msgs/include/px4_msgs/px4_msgs/msg/detail/tiltrotor_extra_controls__functions.c\n'}
[5.780434] (px4_msgs) StdoutLine: {'line': b'-- Up-to-date: /home/pavel/ws_ros2/install/px4_msgs/include/px4_msgs/px4_msgs/msg/detail/mission__functions.c\n'}
[5.780495] (px4_msgs) StdoutLine: {'line': b'-- Up-to-date: /home/pavel/ws_ros2/install/px4_msgs/include/px4_msgs/px4_msgs/msg/detail/mission__functions.h\n'}
[5.780555] (px4_msgs) StdoutLine: {'line': b'-- Up-to-date: /home/pavel/ws_ros2/install/px4_msgs/include/px4_msgs/px4_msgs/msg/detail/gimbal_device_set_attitude__functions.h\n'}
[5.780616] (px4_msgs) StdoutLine: {'line': b'-- Up-to-date: /home/pavel/ws_ros2/install/px4_msgs/include/px4_msgs/px4_msgs/msg/detail/mission_result__struct.h\n'}
[5.780676] (px4_msgs) StdoutLine: {'line': b'-- Up-to-date: /home/pavel/ws_ros2/install/px4_msgs/include/px4_msgs/px4_msgs/msg/detail/failsafe_flags__type_support.h\n'}
[5.780736] (px4_msgs) StdoutLine: {'line': b'-- Up-to-date: /home/pavel/ws_ros2/install/px4_msgs/include/px4_msgs/px4_msgs/msg/detail/vehicle_air_data__type_support.h\n'}
[5.780796] (px4_msgs) StdoutLine: {'line': b'-- Up-to-date: /home/pavel/ws_ros2/install/px4_msgs/include/px4_msgs/px4_msgs/msg/detail/gpio_request__functions.h\n'}
[5.780861] (px4_msgs) StdoutLine: {'line': b'-- Up-to-date: /home/pavel/ws_ros2/install/px4_msgs/include/px4_msgs/px4_msgs/msg/detail/heater_status__type_support.h\n'}
[5.780929] (px4_msgs) StdoutLine: {'line': b'-- Up-to-date: /home/pavel/ws_ros2/install/px4_msgs/include/px4_msgs/px4_msgs/msg/detail/sensor_selection__functions.c\n'}
[5.780990] (px4_msgs) StdoutLine: {'line': b'-- Up-to-date: /home/pavel/ws_ros2/install/px4_msgs/include/px4_msgs/px4_msgs/msg/detail/control_allocator_status__functions.h\n'}
[5.781051] (px4_msgs) StdoutLine: {'line': b'-- Up-to-date: /home/pavel/ws_ros2/install/px4_msgs/include/px4_msgs/px4_msgs/msg/detail/parameter_update__type_support.h\n'}
[5.781111] (px4_msgs) StdoutLine: {'line': b'-- Up-to-date: /home/pavel/ws_ros2/install/px4_msgs/include/px4_msgs/px4_msgs/msg/detail/system_power__struct.h\n'}
[5.781172] (px4_msgs) StdoutLine: {'line': b'-- Up-to-date: /home/pavel/ws_ros2/install/px4_msgs/include/px4_msgs/px4_msgs/msg/detail/flight_phase_estimation__functions.c\n'}
[5.781232] (px4_msgs) StdoutLine: {'line': b'-- Up-to-date: /home/pavel/ws_ros2/install/px4_msgs/include/px4_msgs/px4_msgs/msg/detail/vehicle_imu_status__functions.h\n'}
[5.781293] (px4_msgs) StdoutLine: {'line': b'-- Up-to-date: /home/pavel/ws_ros2/install/px4_msgs/include/px4_msgs/px4_msgs/msg/detail/arming_check_request__struct.h\n'}
[5.781353] (px4_msgs) StdoutLine: {'line': b'-- Up-to-date: /home/pavel/ws_ros2/install/px4_msgs/include/px4_msgs/px4_msgs/msg/detail/buffer128__functions.h\n'}
[5.781413] (px4_msgs) StdoutLine: {'line': b'-- Up-to-date: /home/pavel/ws_ros2/install/px4_msgs/include/px4_msgs/px4_msgs/msg/detail/rtl_time_estimate__functions.h\n'}
[5.781473] (px4_msgs) StdoutLine: {'line': b'-- Up-to-date: /home/pavel/ws_ros2/install/px4_msgs/include/px4_msgs/px4_msgs/msg/detail/mavlink_log__functions.h\n'}
[5.781544] (px4_msgs) StdoutLine: {'line': b'-- Up-to-date: /home/pavel/ws_ros2/install/px4_msgs/include/px4_msgs/px4_msgs/msg/detail/system_power__functions.h\n'}
[5.781605] (px4_msgs) StdoutLine: {'line': b'-- Up-to-date: /home/pavel/ws_ros2/install/px4_msgs/include/px4_msgs/px4_msgs/msg/detail/irlock_report__functions.c\n'}
[5.781670] (px4_msgs) StdoutLine: {'line': b'-- Up-to-date: /home/pavel/ws_ros2/install/px4_msgs/include/px4_msgs/px4_msgs/msg/detail/trajectory_setpoint__type_support.h\n'}
[5.781730] (px4_msgs) StdoutLine: {'line': b'-- Up-to-date: /home/pavel/ws_ros2/install/px4_msgs/include/px4_msgs/px4_msgs/msg/detail/arming_check_request__type_support.h\n'}
[5.781791] (px4_msgs) StdoutLine: {'line': b'-- Up-to-date: /home/pavel/ws_ros2/install/px4_msgs/include/px4_msgs/px4_msgs/msg/detail/orb_test_medium__functions.c\n'}
[5.781859] (px4_msgs) StdoutLine: {'line': b'-- Up-to-date: /home/pavel/ws_ros2/install/px4_msgs/include/px4_msgs/px4_msgs/msg/detail/autotune_attitude_control_status__struct.h\n'}
[5.781939] (px4_msgs) StdoutLine: {'line': b'-- Up-to-date: /home/pavel/ws_ros2/install/px4_msgs/include/px4_msgs/px4_msgs/msg/detail/orb_test__functions.h\n'}
[5.782000] (px4_msgs) StdoutLine: {'line': b'-- Up-to-date: /home/pavel/ws_ros2/install/px4_msgs/include/px4_msgs/px4_msgs/msg/detail/sensor_gyro_fifo__functions.c\n'}
[5.782061] (px4_msgs) StdoutLine: {'line': b'-- Up-to-date: /home/pavel/ws_ros2/install/px4_msgs/include/px4_msgs/px4_msgs/msg/detail/rpm__functions.h\n'}
[5.782121] (px4_msgs) StdoutLine: {'line': b'-- Up-to-date: /home/pavel/ws_ros2/install/px4_msgs/include/px4_msgs/px4_msgs/msg/detail/actuator_servos_trim__struct.h\n'}
[5.782190] (px4_msgs) StdoutLine: {'line': b'-- Up-to-date: /home/pavel/ws_ros2/install/px4_msgs/include/px4_msgs/px4_msgs/msg/detail/position_controller_status__functions.c\n'}
[5.782252] (px4_msgs) StdoutLine: {'line': b'-- Up-to-date: /home/pavel/ws_ros2/install/px4_msgs/include/px4_msgs/px4_msgs/msg/detail/mission__type_support.h\n'}
[5.782313] (px4_msgs) StdoutLine: {'line': b'-- Up-to-date: /home/pavel/ws_ros2/install/px4_msgs/include/px4_msgs/px4_msgs/msg/detail/vehicle_control_mode__functions.c\n'}
[5.782374] (px4_msgs) StdoutLine: {'line': b'-- Up-to-date: /home/pavel/ws_ros2/install/px4_msgs/include/px4_msgs/px4_msgs/msg/detail/gimbal_manager_set_manual_control__struct.h\n'}
[5.782435] (px4_msgs) StdoutLine: {'line': b'-- Up-to-date: /home/pavel/ws_ros2/install/px4_msgs/include/px4_msgs/px4_msgs/msg/detail/estimator_bias3d__struct.h\n'}
[5.782495] (px4_msgs) StdoutLine: {'line': b'-- Up-to-date: /home/pavel/ws_ros2/install/px4_msgs/include/px4_msgs/px4_msgs/msg/detail/generator_status__type_support.h\n'}
[5.782556] (px4_msgs) StdoutLine: {'line': b'-- Up-to-date: /home/pavel/ws_ros2/install/px4_msgs/include/px4_msgs/px4_msgs/msg/detail/rtl_status__struct.h\n'}
[5.782617] (px4_msgs) StdoutLine: {'line': b'-- Up-to-date: /home/pavel/ws_ros2/install/px4_msgs/include/px4_msgs/px4_msgs/msg/detail/manual_control_setpoint__functions.c\n'}
[5.782678] (px4_msgs) StdoutLine: {'line': b'-- Up-to-date: /home/pavel/ws_ros2/install/px4_msgs/include/px4_msgs/px4_msgs/msg/detail/sensor_uwb__functions.c\n'}
[5.782738] (px4_msgs) StdoutLine: {'line': b'-- Up-to-date: /home/pavel/ws_ros2/install/px4_msgs/include/px4_msgs/px4_msgs/msg/detail/figure_eight_status__functions.c\n'}
[5.782807] (px4_msgs) StdoutLine: {'line': b'-- Up-to-date: /home/pavel/ws_ros2/install/px4_msgs/include/px4_msgs/px4_msgs/msg/detail/orb_test_large__functions.h\n'}
[5.782886] (px4_msgs) StdoutLine: {'line': b'-- Up-to-date: /home/pavel/ws_ros2/install/px4_msgs/include/px4_msgs/px4_msgs/msg/detail/rc_channels__type_support.h\n'}
[5.782959] (px4_msgs) StdoutLine: {'line': b'-- Up-to-date: /home/pavel/ws_ros2/install/px4_msgs/include/px4_msgs/px4_msgs/msg/detail/vehicle_rates_setpoint__functions.c\n'}
[5.783025] (px4_msgs) StdoutLine: {'line': b'-- Up-to-date: /home/pavel/ws_ros2/install/px4_msgs/include/px4_msgs/px4_msgs/msg/detail/orb_test_large__struct.h\n'}
[5.783092] (px4_msgs) StdoutLine: {'line': b'-- Up-to-date: /home/pavel/ws_ros2/install/px4_msgs/include/px4_msgs/px4_msgs/msg/detail/follow_target__functions.h\n'}
[5.783159] (px4_msgs) StdoutLine: {'line': b'-- Up-to-date: /home/pavel/ws_ros2/install/px4_msgs/include/px4_msgs/px4_msgs/msg/detail/unregister_ext_component__type_support.h\n'}
[5.783225] (px4_msgs) StdoutLine: {'line': b'-- Up-to-date: /home/pavel/ws_ros2/install/px4_msgs/include/px4_msgs/px4_msgs/msg/detail/adc_report__functions.h\n'}
[5.783323] (px4_msgs) StdoutLine: {'line': b'-- Up-to-date: /home/pavel/ws_ros2/install/px4_msgs/include/px4_msgs/px4_msgs/msg/detail/sensor_mag__type_support.h\n'}
[5.783385] (px4_msgs) StdoutLine: {'line': b'-- Up-to-date: /home/pavel/ws_ros2/install/px4_msgs/include/px4_msgs/px4_msgs/msg/detail/ekf2_timestamps__functions.h\n'}
[5.783446] (px4_msgs) StdoutLine: {'line': b'-- Up-to-date: /home/pavel/ws_ros2/install/px4_msgs/include/px4_msgs/px4_msgs/msg/detail/position_setpoint_triplet__functions.c\n'}
[5.783507] (px4_msgs) StdoutLine: {'line': b'-- Up-to-date: /home/pavel/ws_ros2/install/px4_msgs/include/px4_msgs/px4_msgs/msg/detail/gpio_in__functions.h\n'}
[5.783568] (px4_msgs) StdoutLine: {'line': b'-- Up-to-date: /home/pavel/ws_ros2/install/px4_msgs/include/px4_msgs/px4_msgs/msg/detail/orbit_status__functions.h\n'}
[5.783629] (px4_msgs) StdoutLine: {'line': b'-- Up-to-date: /home/pavel/ws_ros2/install/px4_msgs/include/px4_msgs/px4_msgs/msg/detail/vehicle_local_position__struct.h\n'}
[5.783691] (px4_msgs) StdoutLine: {'line': b'-- Up-to-date: /home/pavel/ws_ros2/install/px4_msgs/include/px4_msgs/px4_msgs/msg/detail/estimator_aid_source1d__struct.h\n'}
[5.783758] (px4_msgs) StdoutLine: {'line': b'-- Up-to-date: /home/pavel/ws_ros2/install/px4_msgs/include/px4_msgs/px4_msgs/msg/detail/gimbal_manager_set_attitude__functions.c\n'}
[5.783819] (px4_msgs) StdoutLine: {'line': b'-- Up-to-date: /home/pavel/ws_ros2/install/px4_msgs/include/px4_msgs/px4_msgs/msg/detail/rover_ackermann_guidance_status__type_support.h\n'}
[5.783893] (px4_msgs) StdoutLine: {'line': b'-- Up-to-date: /home/pavel/ws_ros2/install/px4_msgs/include/px4_msgs/px4_msgs/msg/detail/config_overrides__functions.c\n'}
[5.783957] (px4_msgs) StdoutLine: {'line': b'-- Up-to-date: /home/pavel/ws_ros2/install/px4_msgs/include/px4_msgs/px4_msgs/msg/detail/actuator_test__functions.h\n'}
[5.784018] (px4_msgs) StdoutLine: {'line': b'-- Up-to-date: /home/pavel/ws_ros2/install/px4_msgs/include/px4_msgs/px4_msgs/msg/detail/cpuload__type_support.h\n'}
[5.784078] (px4_msgs) StdoutLine: {'line': b'-- Up-to-date: /home/pavel/ws_ros2/install/px4_msgs/include/px4_msgs/px4_msgs/msg/detail/manual_control_switches__type_support.h\n'}
[5.784139] (px4_msgs) StdoutLine: {'line': b'-- Up-to-date: /home/pavel/ws_ros2/install/px4_msgs/include/px4_msgs/px4_msgs/msg/detail/actuator_outputs__functions.h\n'}
[5.784202] (px4_msgs) StdoutLine: {'line': b'-- Up-to-date: /home/pavel/ws_ros2/install/px4_msgs/include/px4_msgs/px4_msgs/msg/detail/actuator_controls_status__functions.h\n'}
[5.784263] (px4_msgs) StdoutLine: {'line': b'-- Up-to-date: /home/pavel/ws_ros2/install/px4_msgs/include/px4_msgs/px4_msgs/msg/detail/follow_target_status__functions.c\n'}
[5.784324] (px4_msgs) StdoutLine: {'line': b'-- Up-to-date: /home/pavel/ws_ros2/install/px4_msgs/include/px4_msgs/px4_msgs/msg/detail/vehicle_rates_setpoint__type_support.h\n'}
[5.784385] (px4_msgs) StdoutLine: {'line': b'-- Up-to-date: /home/pavel/ws_ros2/install/px4_msgs/include/px4_msgs/px4_msgs/msg/detail/vehicle_magnetometer__struct.h\n'}
[5.784445] (px4_msgs) StdoutLine: {'line': b'-- Up-to-date: /home/pavel/ws_ros2/install/px4_msgs/include/px4_msgs/px4_msgs/msg/detail/vehicle_status__functions.c\n'}
[5.784505] (px4_msgs) StdoutLine: {'line': b'-- Up-to-date: /home/pavel/ws_ros2/install/px4_msgs/include/px4_msgs/px4_msgs/msg/detail/vehicle_odometry__struct.h\n'}
[5.784566] (px4_msgs) StdoutLine: {'line': b'-- Up-to-date: /home/pavel/ws_ros2/install/px4_msgs/include/px4_msgs/px4_msgs/msg/detail/sensor_hygrometer__functions.h\n'}
[5.784627] (px4_msgs) StdoutLine: {'line': b'-- Up-to-date: /home/pavel/ws_ros2/install/px4_msgs/include/px4_msgs/px4_msgs/msg/detail/estimator_event_flags__functions.c\n'}
[5.784688] (px4_msgs) StdoutLine: {'line': b'-- Up-to-date: /home/pavel/ws_ros2/install/px4_msgs/include/px4_msgs/px4_msgs/msg/detail/irlock_report__struct.h\n'}
[5.784749] (px4_msgs) StdoutLine: {'line': b'-- Up-to-date: /home/pavel/ws_ros2/install/px4_msgs/include/px4_msgs/px4_msgs/msg/detail/orbit_status__type_support.h\n'}
[5.784813] (px4_msgs) StdoutLine: {'line': b'-- Up-to-date: /home/pavel/ws_ros2/install/px4_msgs/include/px4_msgs/px4_msgs/msg/detail/follow_target_estimator__functions.c\n'}
[5.784885] (px4_msgs) StdoutLine: {'line': b'-- Up-to-date: /home/pavel/ws_ros2/install/px4_msgs/include/px4_msgs/px4_msgs/msg/detail/gimbal_manager_information__functions.c\n'}
[5.784949] (px4_msgs) StdoutLine: {'line': b'-- Up-to-date: /home/pavel/ws_ros2/install/px4_msgs/include/px4_msgs/px4_msgs/msg/detail/vehicle_optical_flow__functions.c\n'}
[5.785010] (px4_msgs) StdoutLine: {'line': b'-- Up-to-date: /home/pavel/ws_ros2/install/px4_msgs/include/px4_msgs/px4_msgs/msg/detail/sensor_hygrometer__functions.c\n'}
[5.785070] (px4_msgs) StdoutLine: {'line': b'-- Up-to-date: /home/pavel/ws_ros2/install/px4_msgs/include/px4_msgs/px4_msgs/msg/detail/flight_phase_estimation__functions.h\n'}
[5.785131] (px4_msgs) StdoutLine: {'line': b'-- Up-to-date: /home/pavel/ws_ros2/install/px4_msgs/include/px4_msgs/px4_msgs/msg/detail/differential_drive_setpoint__functions.c\n'}
[5.785191] (px4_msgs) StdoutLine: {'line': b'-- Up-to-date: /home/pavel/ws_ros2/install/px4_msgs/include/px4_msgs/px4_msgs/msg/detail/vehicle_status__functions.h\n'}
[5.785252] (px4_msgs) StdoutLine: {'line': b'-- Up-to-date: /home/pavel/ws_ros2/install/px4_msgs/include/px4_msgs/px4_msgs/msg/detail/airspeed_validated__functions.c\n'}
[5.785312] (px4_msgs) StdoutLine: {'line': b'-- Up-to-date: /home/pavel/ws_ros2/install/px4_msgs/include/px4_msgs/px4_msgs/msg/detail/logger_status__type_support.h\n'}
[5.785372] (px4_msgs) StdoutLine: {'line': b'-- Up-to-date: /home/pavel/ws_ros2/install/px4_msgs/include/px4_msgs/px4_msgs/msg/detail/px4io_status__struct.h\n'}
[5.785433] (px4_msgs) StdoutLine: {'line': b'-- Up-to-date: /home/pavel/ws_ros2/install/px4_msgs/include/px4_msgs/px4_msgs/msg/detail/distance_sensor__struct.h\n'}
[5.785494] (px4_msgs) StdoutLine: {'line': b'-- Up-to-date: /home/pavel/ws_ros2/install/px4_msgs/include/px4_msgs/px4_msgs/msg/detail/vehicle_optical_flow__type_support.h\n'}
[5.785554] (px4_msgs) StdoutLine: {'line': b'-- Up-to-date: /home/pavel/ws_ros2/install/px4_msgs/include/px4_msgs/px4_msgs/msg/detail/sensor_selection__functions.h\n'}
[5.785614] (px4_msgs) StdoutLine: {'line': b'-- Up-to-date: /home/pavel/ws_ros2/install/px4_msgs/include/px4_msgs/px4_msgs/msg/detail/sensor_mag__functions.h\n'}
[5.785674] (px4_msgs) StdoutLine: {'line': b'-- Up-to-date: /home/pavel/ws_ros2/install/px4_msgs/include/px4_msgs/px4_msgs/msg/detail/sensor_hygrometer__type_support.h\n'}
[5.785734] (px4_msgs) StdoutLine: {'line': b'-- Up-to-date: /home/pavel/ws_ros2/install/px4_msgs/include/px4_msgs/px4_msgs/msg/detail/logger_status__functions.h\n'}
[5.785795] (px4_msgs) StdoutLine: {'line': b'-- Up-to-date: /home/pavel/ws_ros2/install/px4_msgs/include/px4_msgs/px4_msgs/msg/detail/gimbal_device_set_attitude__functions.c\n'}
[5.785874] (px4_msgs) StdoutLine: {'line': b'-- Up-to-date: /home/pavel/ws_ros2/install/px4_msgs/include/px4_msgs/px4_msgs/msg/detail/sensor_optical_flow__functions.h\n'}
[5.785949] (px4_msgs) StdoutLine: {'line': b'-- Up-to-date: /home/pavel/ws_ros2/install/px4_msgs/include/px4_msgs/px4_msgs/msg/detail/vehicle_land_detected__functions.c\n'}
[5.786009] (px4_msgs) StdoutLine: {'line': b'-- Up-to-date: /home/pavel/ws_ros2/install/px4_msgs/include/px4_msgs/px4_msgs/msg/detail/takeoff_status__functions.h\n'}
[5.786069] (px4_msgs) StdoutLine: {'line': b'-- Up-to-date: /home/pavel/ws_ros2/install/px4_msgs/include/px4_msgs/px4_msgs/msg/detail/estimator_status_flags__struct.h\n'}
[5.786128] (px4_msgs) StdoutLine: {'line': b'-- Up-to-date: /home/pavel/ws_ros2/install/px4_msgs/include/px4_msgs/px4_msgs/msg/detail/transponder_report__struct.h\n'}
[5.786192] (px4_msgs) StdoutLine: {'line': b'-- Up-to-date: /home/pavel/ws_ros2/install/px4_msgs/include/px4_msgs/px4_msgs/msg/detail/parameter_reset_request__type_support.h\n'}
[5.786252] (px4_msgs) StdoutLine: {'line': b'-- Up-to-date: /home/pavel/ws_ros2/install/px4_msgs/include/px4_msgs/px4_msgs/msg/detail/actuator_outputs__type_support.h\n'}
[5.786315] (px4_msgs) StdoutLine: {'line': b'-- Up-to-date: /home/pavel/ws_ros2/install/px4_msgs/include/px4_msgs/px4_msgs/msg/detail/debug_value__functions.c\n'}
[5.786374] (px4_msgs) StdoutLine: {'line': b'-- Up-to-date: /home/pavel/ws_ros2/install/px4_msgs/include/px4_msgs/px4_msgs/msg/detail/action_request__type_support.h\n'}
[5.786433] (px4_msgs) StdoutLine: {'line': b'-- Up-to-date: /home/pavel/ws_ros2/install/px4_msgs/include/px4_msgs/px4_msgs/msg/detail/sensor_accel__functions.c\n'}
[5.786492] (px4_msgs) StdoutLine: {'line': b'-- Up-to-date: /home/pavel/ws_ros2/install/px4_msgs/include/px4_msgs/px4_msgs/msg/detail/arming_check_request__functions.h\n'}
[5.786551] (px4_msgs) StdoutLine: {'line': b'-- Up-to-date: /home/pavel/ws_ros2/install/px4_msgs/include/px4_msgs/px4_msgs/msg/detail/input_rc__type_support.h\n'}
[5.786611] (px4_msgs) StdoutLine: {'line': b'-- Up-to-date: /home/pavel/ws_ros2/install/px4_msgs/include/px4_msgs/px4_msgs/msg/detail/px4io_status__type_support.h\n'}
[5.786671] (px4_msgs) StdoutLine: {'line': b'-- Up-to-date: /home/pavel/ws_ros2/install/px4_msgs/include/px4_msgs/px4_msgs/msg/detail/sensor_baro__functions.h\n'}
[5.786730] (px4_msgs) StdoutLine: {'line': b'-- Up-to-date: /home/pavel/ws_ros2/install/px4_msgs/include/px4_msgs/px4_msgs/msg/detail/gps_inject_data__struct.h\n'}
[5.786789] (px4_msgs) StdoutLine: {'line': b'-- Up-to-date: /home/pavel/ws_ros2/install/px4_msgs/include/px4_msgs/px4_msgs/msg/detail/vehicle_angular_velocity__type_support.h\n'}
[5.786860] (px4_msgs) StdoutLine: {'line': b'-- Up-to-date: /home/pavel/ws_ros2/install/px4_msgs/include/px4_msgs/px4_msgs/msg/detail/collision_constraints__functions.c\n'}
[5.786933] (px4_msgs) StdoutLine: {'line': b'-- Up-to-date: /home/pavel/ws_ros2/install/px4_msgs/include/px4_msgs/px4_msgs/msg/detail/sensor_preflight_mag__functions.h\n'}
[5.786999] (px4_msgs) StdoutLine: {'line': b'-- Up-to-date: /home/pavel/ws_ros2/install/px4_msgs/include/px4_msgs/px4_msgs/msg/detail/offboard_control_mode__struct.h\n'}
[5.787064] (px4_msgs) StdoutLine: {'line': b'-- Up-to-date: /home/pavel/ws_ros2/install/px4_msgs/include/px4_msgs/px4_msgs/msg/detail/rover_ackermann_guidance_status__functions.h\n'}
[5.787129] (px4_msgs) StdoutLine: {'line': b'-- Up-to-date: /home/pavel/ws_ros2/install/px4_msgs/include/px4_msgs/px4_msgs/msg/detail/collision_report__functions.h\n'}
[5.787197] (px4_msgs) StdoutLine: {'line': b'-- Up-to-date: /home/pavel/ws_ros2/install/px4_msgs/include/px4_msgs/px4_msgs/msg/detail/rc_channels__struct.h\n'}
[5.787263] (px4_msgs) StdoutLine: {'line': b'-- Up-to-date: /home/pavel/ws_ros2/install/px4_msgs/include/px4_msgs/px4_msgs/msg/detail/battery_status__functions.h\n'}
[5.787328] (px4_msgs) StdoutLine: {'line': b'-- Up-to-date: /home/pavel/ws_ros2/install/px4_msgs/include/px4_msgs/px4_msgs/msg/detail/vehicle_imu__functions.h\n'}
[5.787393] (px4_msgs) StdoutLine: {'line': b'-- Up-to-date: /home/pavel/ws_ros2/install/px4_msgs/include/px4_msgs/px4_msgs/msg/detail/sensor_selection__type_support.h\n'}
[5.787457] (px4_msgs) StdoutLine: {'line': b'-- Up-to-date: /home/pavel/ws_ros2/install/px4_msgs/include/px4_msgs/px4_msgs/msg/detail/gimbal_device_attitude_status__type_support.h\n'}
[5.787522] (px4_msgs) StdoutLine: {'line': b'-- Up-to-date: /home/pavel/ws_ros2/install/px4_msgs/include/px4_msgs/px4_msgs/msg/detail/qshell_req__struct.h\n'}
[5.787587] (px4_msgs) StdoutLine: {'line': b'-- Up-to-date: /home/pavel/ws_ros2/install/px4_msgs/include/px4_msgs/px4_msgs/msg/detail/radio_status__functions.c\n'}
[5.787651] (px4_msgs) StdoutLine: {'line': b'-- Up-to-date: /home/pavel/ws_ros2/install/px4_msgs/include/px4_msgs/px4_msgs/msg/detail/action_request__functions.c\n'}
[5.787716] (px4_msgs) StdoutLine: {'line': b'-- Up-to-date: /home/pavel/ws_ros2/install/px4_msgs/include/px4_msgs/px4_msgs/msg/detail/npfg_status__functions.c\n'}
[5.787780] (px4_msgs) StdoutLine: {'line': b'-- Up-to-date: /home/pavel/ws_ros2/install/px4_msgs/include/px4_msgs/px4_msgs/msg/detail/airspeed__functions.h\n'}
[5.791999] (px4_msgs) StdoutLine: {'line': b'-- Up-to-date: /home/pavel/ws_ros2/install/px4_msgs/include/px4_msgs/px4_msgs/msg/detail/trajectory_bezier__struct.h\n'}
[5.792067] (px4_msgs) StdoutLine: {'line': b'-- Up-to-date: /home/pavel/ws_ros2/install/px4_msgs/include/px4_msgs/px4_msgs/msg/detail/goto_setpoint__functions.h\n'}
[5.792128] (px4_msgs) StdoutLine: {'line': b'-- Up-to-date: /home/pavel/ws_ros2/install/px4_msgs/include/px4_msgs/px4_msgs/msg/detail/hover_thrust_estimate__functions.c\n'}
[5.792202] (px4_msgs) StdoutLine: {'line': b'-- Up-to-date: /home/pavel/ws_ros2/install/px4_msgs/include/px4_msgs/px4_msgs/msg/detail/vtol_vehicle_status__functions.h\n'}
[5.792262] (px4_msgs) StdoutLine: {'line': b'-- Up-to-date: /home/pavel/ws_ros2/install/px4_msgs/include/px4_msgs/px4_msgs/msg/detail/home_position__struct.h\n'}
[5.792321] (px4_msgs) StdoutLine: {'line': b'-- Up-to-date: /home/pavel/ws_ros2/install/px4_msgs/include/px4_msgs/px4_msgs/msg/detail/parameter_set_used_request__type_support.h\n'}
[5.792383] (px4_msgs) StdoutLine: {'line': b'-- Up-to-date: /home/pavel/ws_ros2/install/px4_msgs/include/px4_msgs/px4_msgs/msg/detail/sensor_accel__functions.h\n'}
[5.792443] (px4_msgs) StdoutLine: {'line': b'-- Up-to-date: /home/pavel/ws_ros2/install/px4_msgs/include/px4_msgs/px4_msgs/msg/detail/ulog_stream_ack__functions.c\n'}
[5.792501] (px4_msgs) StdoutLine: {'line': b'-- Up-to-date: /home/pavel/ws_ros2/install/px4_msgs/include/px4_msgs/px4_msgs/msg/detail/mission_result__functions.c\n'}
[5.792559] (px4_msgs) StdoutLine: {'line': b'-- Up-to-date: /home/pavel/ws_ros2/install/px4_msgs/include/px4_msgs/px4_msgs/msg/detail/distance_sensor__type_support.h\n'}
[5.792617] (px4_msgs) StdoutLine: {'line': b'-- Up-to-date: /home/pavel/ws_ros2/install/px4_msgs/include/px4_msgs/px4_msgs/msg/detail/power_monitor__functions.h\n'}
[5.792675] (px4_msgs) StdoutLine: {'line': b'-- Up-to-date: /home/pavel/ws_ros2/install/px4_msgs/include/px4_msgs/px4_msgs/msg/detail/orb_test_large__functions.c\n'}
[5.792733] (px4_msgs) StdoutLine: {'line': b'-- Up-to-date: /home/pavel/ws_ros2/install/px4_msgs/include/px4_msgs/px4_msgs/msg/detail/wheel_encoders__functions.c\n'}
[5.792791] (px4_msgs) StdoutLine: {'line': b'-- Up-to-date: /home/pavel/ws_ros2/install/px4_msgs/include/px4_msgs/px4_msgs/msg/detail/landing_gear_wheel__functions.h\n'}
[5.792855] (px4_msgs) StdoutLine: {'line': b'-- Up-to-date: /home/pavel/ws_ros2/install/px4_msgs/include/px4_msgs/px4_msgs/msg/detail/landing_target_pose__functions.c\n'}
[5.792921] (px4_msgs) StdoutLine: {'line': b'-- Up-to-date: /home/pavel/ws_ros2/install/px4_msgs/include/px4_msgs/px4_msgs/msg/detail/estimator_aid_source2d__functions.h\n'}
[5.792979] (px4_msgs) StdoutLine: {'line': b'-- Up-to-date: /home/pavel/ws_ros2/install/px4_msgs/include/px4_msgs/px4_msgs/msg/detail/pwm_input__functions.h\n'}
[5.793038] (px4_msgs) StdoutLine: {'line': b'-- Up-to-date: /home/pavel/ws_ros2/install/px4_msgs/include/px4_msgs/px4_msgs/msg/detail/internal_combustion_engine_status__functions.h\n'}
[5.793097] (px4_msgs) StdoutLine: {'line': b'-- Up-to-date: /home/pavel/ws_ros2/install/px4_msgs/include/px4_msgs/px4_msgs/msg/detail/gimbal_controls__struct.h\n'}
[5.793155] (px4_msgs) StdoutLine: {'line': b'-- Up-to-date: /home/pavel/ws_ros2/install/px4_msgs/include/px4_msgs/px4_msgs/msg/detail/ping__struct.h\n'}
[5.793213] (px4_msgs) StdoutLine: {'line': b'-- Up-to-date: /home/pavel/ws_ros2/install/px4_msgs/include/px4_msgs/px4_msgs/msg/detail/orb_test_medium__functions.h\n'}
[5.793272] (px4_msgs) StdoutLine: {'line': b'-- Up-to-date: /home/pavel/ws_ros2/install/px4_msgs/include/px4_msgs/px4_msgs/msg/detail/vehicle_trajectory_bezier__functions.c\n'}
[5.793330] (px4_msgs) StdoutLine: {'line': b'-- Up-to-date: /home/pavel/ws_ros2/install/px4_msgs/include/px4_msgs/px4_msgs/msg/detail/sensor_uwb__type_support.h\n'}
[5.793389] (px4_msgs) StdoutLine: {'line': b'-- Up-to-date: /home/pavel/ws_ros2/install/px4_msgs/include/px4_msgs/px4_msgs/msg/detail/vehicle_angular_acceleration_setpoint__struct.h\n'}
[5.793452] (px4_msgs) StdoutLine: {'line': b'-- Up-to-date: /home/pavel/ws_ros2/install/px4_msgs/include/px4_msgs/px4_msgs/msg/detail/camera_status__type_support.h\n'}
[5.793510] (px4_msgs) StdoutLine: {'line': b'-- Up-to-date: /home/pavel/ws_ros2/install/px4_msgs/include/px4_msgs/px4_msgs/msg/detail/actuator_test__struct.h\n'}
[5.793569] (px4_msgs) StdoutLine: {'line': b'-- Up-to-date: /home/pavel/ws_ros2/install/px4_msgs/include/px4_msgs/px4_msgs/msg/detail/offboard_control_mode__functions.h\n'}
[5.793627] (px4_msgs) StdoutLine: {'line': b'-- Up-to-date: /home/pavel/ws_ros2/install/px4_msgs/include/px4_msgs/px4_msgs/msg/detail/estimator_selector_status__functions.c\n'}
[5.793685] (px4_msgs) StdoutLine: {'line': b'-- Up-to-date: /home/pavel/ws_ros2/install/px4_msgs/include/px4_msgs/px4_msgs/msg/detail/actuator_servos__functions.h\n'}
[5.793743] (px4_msgs) StdoutLine: {'line': b'-- Up-to-date: /home/pavel/ws_ros2/install/px4_msgs/include/px4_msgs/px4_msgs/msg/detail/message_format_response__functions.c\n'}
[5.793801] (px4_msgs) StdoutLine: {'line': b'-- Up-to-date: /home/pavel/ws_ros2/install/px4_msgs/include/px4_msgs/px4_msgs/msg/detail/debug_value__struct.h\n'}
[5.793864] (px4_msgs) StdoutLine: {'line': b'-- Up-to-date: /home/pavel/ws_ros2/install/px4_msgs/include/px4_msgs/px4_msgs/msg/detail/estimator_sensor_bias__struct.h\n'}
[5.793931] (px4_msgs) StdoutLine: {'line': b'-- Up-to-date: /home/pavel/ws_ros2/install/px4_msgs/include/px4_msgs/px4_msgs/msg/detail/takeoff_status__type_support.h\n'}
[5.793990] (px4_msgs) StdoutLine: {'line': b'-- Up-to-date: /home/pavel/ws_ros2/install/px4_msgs/include/px4_msgs/px4_msgs/msg/detail/home_position__functions.c\n'}
[5.794048] (px4_msgs) StdoutLine: {'line': b'-- Up-to-date: /home/pavel/ws_ros2/install/px4_msgs/include/px4_msgs/px4_msgs/msg/detail/trajectory_bezier__functions.c\n'}
[5.794107] (px4_msgs) StdoutLine: {'line': b'-- Up-to-date: /home/pavel/ws_ros2/install/px4_msgs/include/px4_msgs/px4_msgs/msg/detail/sensor_correction__struct.h\n'}
[5.794168] (px4_msgs) StdoutLine: {'line': b'-- Up-to-date: /home/pavel/ws_ros2/install/px4_msgs/include/px4_msgs/px4_msgs/msg/detail/cellular_status__functions.c\n'}
[5.794233] (px4_msgs) StdoutLine: {'line': b'-- Up-to-date: /home/pavel/ws_ros2/install/px4_msgs/include/px4_msgs/px4_msgs/msg/detail/offboard_control_mode__type_support.h\n'}
[5.794295] (px4_msgs) StdoutLine: {'line': b'-- Up-to-date: /home/pavel/ws_ros2/install/px4_msgs/include/px4_msgs/px4_msgs/msg/detail/esc_report__struct.h\n'}
[5.794355] (px4_msgs) StdoutLine: {'line': b'-- Up-to-date: /home/pavel/ws_ros2/install/px4_msgs/include/px4_msgs/px4_msgs/msg/detail/rate_ctrl_status__functions.c\n'}
[5.794413] (px4_msgs) StdoutLine: {'line': b'-- Up-to-date: /home/pavel/ws_ros2/install/px4_msgs/include/px4_msgs/px4_msgs/msg/detail/iridiumsbd_status__type_support.h\n'}
[5.794472] (px4_msgs) StdoutLine: {'line': b'-- Up-to-date: /home/pavel/ws_ros2/install/px4_msgs/include/px4_msgs/px4_msgs/msg/detail/manual_control_setpoint__functions.h\n'}
[5.794530] (px4_msgs) StdoutLine: {'line': b'-- Up-to-date: /home/pavel/ws_ros2/install/px4_msgs/include/px4_msgs/px4_msgs/msg/detail/debug_array__functions.c\n'}
[5.794588] (px4_msgs) StdoutLine: {'line': b'-- Up-to-date: /home/pavel/ws_ros2/install/px4_msgs/include/px4_msgs/px4_msgs/msg/detail/orb_test__type_support.h\n'}
[5.794646] (px4_msgs) StdoutLine: {'line': b'-- Up-to-date: /home/pavel/ws_ros2/install/px4_msgs/include/px4_msgs/px4_msgs/msg/detail/sensor_optical_flow__struct.h\n'}
[5.794704] (px4_msgs) StdoutLine: {'line': b'-- Up-to-date: /home/pavel/ws_ros2/install/px4_msgs/include/px4_msgs/px4_msgs/msg/detail/uavcan_parameter_request__functions.c\n'}
[5.794762] (px4_msgs) StdoutLine: {'line': b'-- Up-to-date: /home/pavel/ws_ros2/install/px4_msgs/include/px4_msgs/px4_msgs/msg/detail/timesync_status__type_support.h\n'}
[5.794819] (px4_msgs) StdoutLine: {'line': b'-- Up-to-date: /home/pavel/ws_ros2/install/px4_msgs/include/px4_msgs/px4_msgs/msg/detail/gpio_config__type_support.h\n'}
[5.794888] (px4_msgs) StdoutLine: {'line': b'-- Up-to-date: /home/pavel/ws_ros2/install/px4_msgs/include/px4_msgs/px4_msgs/msg/detail/sensor_uwb__struct.h\n'}
[5.794952] (px4_msgs) StdoutLine: {'line': b'-- Up-to-date: /home/pavel/ws_ros2/install/px4_msgs/include/px4_msgs/px4_msgs/msg/detail/landing_gear__functions.h\n'}
[5.795011] (px4_msgs) StdoutLine: {'line': b'-- Up-to-date: /home/pavel/ws_ros2/install/px4_msgs/include/px4_msgs/px4_msgs/msg/detail/gimbal_device_attitude_status__struct.h\n'}
[5.795069] (px4_msgs) StdoutLine: {'line': b'-- Up-to-date: /home/pavel/ws_ros2/install/px4_msgs/include/px4_msgs/px4_msgs/msg/detail/vehicle_air_data__functions.c\n'}
[5.795127] (px4_msgs) StdoutLine: {'line': b'-- Up-to-date: /home/pavel/ws_ros2/install/px4_msgs/include/px4_msgs/px4_msgs/msg/detail/actuator_motors__functions.h\n'}
[5.795185] (px4_msgs) StdoutLine: {'line': b'-- Up-to-date: /home/pavel/ws_ros2/install/px4_msgs/include/px4_msgs/px4_msgs/msg/detail/position_controller_status__struct.h\n'}
[5.795243] (px4_msgs) StdoutLine: {'line': b'-- Up-to-date: /home/pavel/ws_ros2/install/px4_msgs/include/px4_msgs/px4_msgs/msg/detail/mount_orientation__struct.h\n'}
[5.795301] (px4_msgs) StdoutLine: {'line': b'-- Up-to-date: /home/pavel/ws_ros2/install/px4_msgs/include/px4_msgs/px4_msgs/msg/detail/radio_status__type_support.h\n'}
[5.795360] (px4_msgs) StdoutLine: {'line': b'-- Up-to-date: /home/pavel/ws_ros2/install/px4_msgs/include/px4_msgs/px4_msgs/msg/detail/actuator_controls_status__struct.h\n'}
[5.795418] (px4_msgs) StdoutLine: {'line': b'-- Up-to-date: /home/pavel/ws_ros2/install/px4_msgs/include/px4_msgs/px4_msgs/msg/detail/heater_status__struct.h\n'}
[5.795476] (px4_msgs) StdoutLine: {'line': b'-- Up-to-date: /home/pavel/ws_ros2/install/px4_msgs/include/px4_msgs/px4_msgs/msg/detail/gimbal_manager_status__type_support.h\n'}
[5.795533] (px4_msgs) StdoutLine: {'line': b'-- Up-to-date: /home/pavel/ws_ros2/install/px4_msgs/include/px4_msgs/px4_msgs/msg/detail/rtl_time_estimate__struct.h\n'}
[5.795591] (px4_msgs) StdoutLine: {'line': b'-- Up-to-date: /home/pavel/ws_ros2/install/px4_msgs/include/px4_msgs/px4_msgs/msg/detail/launch_detection_status__functions.c\n'}
[5.795650] (px4_msgs) StdoutLine: {'line': b'-- Up-to-date: /home/pavel/ws_ros2/install/px4_msgs/include/px4_msgs/px4_msgs/msg/detail/position_setpoint__struct.h\n'}
[5.795709] (px4_msgs) StdoutLine: {'line': b'-- Up-to-date: /home/pavel/ws_ros2/install/px4_msgs/include/px4_msgs/px4_msgs/msg/detail/rc_channels__functions.h\n'}
[5.795767] (px4_msgs) StdoutLine: {'line': b'-- Up-to-date: /home/pavel/ws_ros2/install/px4_msgs/include/px4_msgs/px4_msgs/msg/detail/internal_combustion_engine_status__functions.c\n'}
[5.795826] (px4_msgs) StdoutLine: {'line': b'-- Up-to-date: /home/pavel/ws_ros2/install/px4_msgs/include/px4_msgs/px4_msgs/msg/detail/uavcan_parameter_value__struct.h\n'}
[5.795898] (px4_msgs) StdoutLine: {'line': b'-- Up-to-date: /home/pavel/ws_ros2/install/px4_msgs/include/px4_msgs/px4_msgs/msg/detail/sensor_baro__struct.h\n'}
[5.795958] (px4_msgs) StdoutLine: {'line': b'-- Up-to-date: /home/pavel/ws_ros2/install/px4_msgs/include/px4_msgs/px4_msgs/msg/detail/heater_status__functions.c\n'}
[5.796016] (px4_msgs) StdoutLine: {'line': b'-- Up-to-date: /home/pavel/ws_ros2/install/px4_msgs/include/px4_msgs/px4_msgs/msg/detail/normalized_unsigned_setpoint__functions.h\n'}
[5.796075] (px4_msgs) StdoutLine: {'line': b'-- Up-to-date: /home/pavel/ws_ros2/install/px4_msgs/include/px4_msgs/px4_msgs/msg/detail/position_controller_status__type_support.h\n'}
[5.796138] (px4_msgs) StdoutLine: {'line': b'-- Up-to-date: /home/pavel/ws_ros2/install/px4_msgs/include/px4_msgs/px4_msgs/msg/detail/satellite_info__functions.h\n'}
[5.796200] (px4_msgs) StdoutLine: {'line': b'-- Up-to-date: /home/pavel/ws_ros2/install/px4_msgs/include/px4_msgs/px4_msgs/msg/detail/estimator_event_flags__struct.h\n'}
[5.796265] (px4_msgs) StdoutLine: {'line': b'-- Up-to-date: /home/pavel/ws_ros2/install/px4_msgs/include/px4_msgs/px4_msgs/msg/detail/autotune_attitude_control_status__type_support.h\n'}
[5.796324] (px4_msgs) StdoutLine: {'line': b'-- Up-to-date: /home/pavel/ws_ros2/install/px4_msgs/include/px4_msgs/px4_msgs/msg/detail/velocity_limits__type_support.h\n'}
[5.796386] (px4_msgs) StdoutLine: {'line': b'-- Up-to-date: /home/pavel/ws_ros2/install/px4_msgs/include/px4_msgs/px4_msgs/msg/detail/system_power__type_support.h\n'}
[5.796444] (px4_msgs) StdoutLine: {'line': b'-- Up-to-date: /home/pavel/ws_ros2/install/px4_msgs/include/px4_msgs/px4_msgs/msg/detail/rc_parameter_map__type_support.h\n'}
[5.796503] (px4_msgs) StdoutLine: {'line': b'-- Up-to-date: /home/pavel/ws_ros2/install/px4_msgs/include/px4_msgs/px4_msgs/msg/detail/estimator_states__functions.c\n'}
[5.796560] (px4_msgs) StdoutLine: {'line': b'-- Up-to-date: /home/pavel/ws_ros2/install/px4_msgs/include/px4_msgs/px4_msgs/msg/detail/rtl_time_estimate__type_support.h\n'}
[5.796619] (px4_msgs) StdoutLine: {'line': b'-- Up-to-date: /home/pavel/ws_ros2/install/px4_msgs/include/px4_msgs/px4_msgs/msg/detail/register_ext_component_request__functions.c\n'}
[5.796678] (px4_msgs) StdoutLine: {'line': b'-- Up-to-date: /home/pavel/ws_ros2/install/px4_msgs/include/px4_msgs/px4_msgs/msg/detail/sensors_status__functions.c\n'}
[5.796736] (px4_msgs) StdoutLine: {'line': b'-- Up-to-date: /home/pavel/ws_ros2/install/px4_msgs/include/px4_msgs/px4_msgs/msg/detail/px4io_status__functions.h\n'}
[5.796794] (px4_msgs) StdoutLine: {'line': b'-- Up-to-date: /home/pavel/ws_ros2/install/px4_msgs/include/px4_msgs/px4_msgs/msg/detail/vehicle_land_detected__functions.h\n'}
[5.796859] (px4_msgs) StdoutLine: {'line': b'-- Up-to-date: /home/pavel/ws_ros2/install/px4_msgs/include/px4_msgs/px4_msgs/msg/detail/uavcan_parameter_request__type_support.h\n'}
[5.797020] (px4_msgs) StdoutLine: {'line': b'-- Up-to-date: /home/pavel/ws_ros2/install/px4_msgs/include/px4_msgs/px4_msgs/msg/detail/landing_gear__type_support.h\n'}
[5.797082] (px4_msgs) StdoutLine: {'line': b'-- Up-to-date: /home/pavel/ws_ros2/install/px4_msgs/include/px4_msgs/px4_msgs/msg/detail/mode_completed__struct.h\n'}
[5.797142] (px4_msgs) StdoutLine: {'line': b'-- Up-to-date: /home/pavel/ws_ros2/install/px4_msgs/include/px4_msgs/px4_msgs/msg/detail/task_stack_info__struct.h\n'}
[5.797202] (px4_msgs) StdoutLine: {'line': b'-- Up-to-date: /home/pavel/ws_ros2/install/px4_msgs/include/px4_msgs/px4_msgs/msg/detail/parameter_set_value_request__type_support.h\n'}
[5.797278] (px4_msgs) StdoutLine: {'line': b'-- Up-to-date: /home/pavel/ws_ros2/install/px4_msgs/include/px4_msgs/px4_msgs/msg/detail/velocity_limits__functions.h\n'}
[5.797339] (px4_msgs) StdoutLine: {'line': b'-- Up-to-date: /home/pavel/ws_ros2/install/px4_msgs/include/px4_msgs/px4_msgs/msg/detail/gimbal_manager_information__functions.h\n'}
[5.797400] (px4_msgs) StdoutLine: {'line': b'-- Up-to-date: /home/pavel/ws_ros2/install/px4_msgs/include/px4_msgs/px4_msgs/msg/detail/figure_eight_status__type_support.h\n'}
[5.797461] (px4_msgs) StdoutLine: {'line': b'-- Up-to-date: /home/pavel/ws_ros2/install/px4_msgs/include/px4_msgs/px4_msgs/msg/detail/ulog_stream__functions.h\n'}
[5.797522] (px4_msgs) StdoutLine: {'line': b'-- Up-to-date: /home/pavel/ws_ros2/install/px4_msgs/include/px4_msgs/px4_msgs/msg/detail/sensor_gps__functions.h\n'}
[5.797583] (px4_msgs) StdoutLine: {'line': b'-- Up-to-date: /home/pavel/ws_ros2/install/px4_msgs/include/px4_msgs/px4_msgs/msg/detail/position_setpoint_triplet__type_support.h\n'}
[5.797644] (px4_msgs) StdoutLine: {'line': b'-- Up-to-date: /home/pavel/ws_ros2/install/px4_msgs/include/px4_msgs/px4_msgs/msg/detail/telemetry_status__type_support.h\n'}
[5.797706] (px4_msgs) StdoutLine: {'line': b'-- Up-to-date: /home/pavel/ws_ros2/install/px4_msgs/include/px4_msgs/px4_msgs/msg/detail/mavlink_tunnel__functions.c\n'}
[5.797767] (px4_msgs) StdoutLine: {'line': b'-- Up-to-date: /home/pavel/ws_ros2/install/px4_msgs/include/px4_msgs/px4_msgs/msg/detail/wind__struct.h\n'}
[5.797828] (px4_msgs) StdoutLine: {'line': b'-- Up-to-date: /home/pavel/ws_ros2/install/px4_msgs/include/px4_msgs/px4_msgs/msg/detail/gpio_request__struct.h\n'}
[5.797902] (px4_msgs) StdoutLine: {'line': b'-- Up-to-date: /home/pavel/ws_ros2/install/px4_msgs/include/px4_msgs/px4_msgs/msg/detail/differential_drive_setpoint__struct.h\n'}
[5.797970] (px4_msgs) StdoutLine: {'line': b'-- Up-to-date: /home/pavel/ws_ros2/install/px4_msgs/include/px4_msgs/px4_msgs/msg/detail/hover_thrust_estimate__struct.h\n'}
[5.798032] (px4_msgs) StdoutLine: {'line': b'-- Up-to-date: /home/pavel/ws_ros2/install/px4_msgs/include/px4_msgs/px4_msgs/msg/detail/estimator_innovations__struct.h\n'}
[5.798093] (px4_msgs) StdoutLine: {'line': b'-- Up-to-date: /home/pavel/ws_ros2/install/px4_msgs/include/px4_msgs/px4_msgs/msg/detail/rc_parameter_map__struct.h\n'}
[5.798154] (px4_msgs) StdoutLine: {'line': b'-- Up-to-date: /home/pavel/ws_ros2/install/px4_msgs/include/px4_msgs/px4_msgs/msg/detail/vehicle_torque_setpoint__functions.h\n'}
[5.798218] (px4_msgs) StdoutLine: {'line': b'-- Up-to-date: /home/pavel/ws_ros2/install/px4_msgs/include/px4_msgs/px4_msgs/msg/detail/gpio_out__struct.h\n'}
[5.798280] (px4_msgs) StdoutLine: {'line': b'-- Up-to-date: /home/pavel/ws_ros2/install/px4_msgs/include/px4_msgs/px4_msgs/msg/detail/sensor_gyro_fifo__functions.h\n'}
[5.798355] (px4_msgs) StdoutLine: {'line': b'-- Up-to-date: /home/pavel/ws_ros2/install/px4_msgs/include/px4_msgs/px4_msgs/msg/detail/sensor_optical_flow__type_support.h\n'}
[5.798414] (px4_msgs) StdoutLine: {'line': b'-- Up-to-date: /home/pavel/ws_ros2/install/px4_msgs/include/px4_msgs/px4_msgs/msg/detail/estimator_states__type_support.h\n'}
[5.798479] (px4_msgs) StdoutLine: {'line': b'-- Up-to-date: /home/pavel/ws_ros2/install/px4_msgs/include/px4_msgs/px4_msgs/msg/detail/flight_phase_estimation__type_support.h\n'}
[5.798539] (px4_msgs) StdoutLine: {'line': b'-- Up-to-date: /home/pavel/ws_ros2/install/px4_msgs/include/px4_msgs/px4_msgs/msg/detail/estimator_aid_source1d__functions.h\n'}
[5.798598] (px4_msgs) StdoutLine: {'line': b'-- Up-to-date: /home/pavel/ws_ros2/install/px4_msgs/include/px4_msgs/px4_msgs/msg/detail/sensor_gyro__type_support.h\n'}
[5.798657] (px4_msgs) StdoutLine: {'line': b'-- Up-to-date: /home/pavel/ws_ros2/install/px4_msgs/include/px4_msgs/px4_msgs/msg/detail/task_stack_info__type_support.h\n'}
[5.798717] (px4_msgs) StdoutLine: {'line': b'-- Up-to-date: /home/pavel/ws_ros2/install/px4_msgs/include/px4_msgs/px4_msgs/msg/detail/follow_target__struct.h\n'}
[5.798775] (px4_msgs) StdoutLine: {'line': b'-- Up-to-date: /home/pavel/ws_ros2/install/px4_msgs/include/px4_msgs/px4_msgs/msg/detail/wheel_encoders__type_support.h\n'}
[5.798834] (px4_msgs) StdoutLine: {'line': b'-- Up-to-date: /home/pavel/ws_ros2/install/px4_msgs/include/px4_msgs/px4_msgs/msg/detail/rover_ackermann_guidance_status__functions.c\n'}
[5.798905] (px4_msgs) StdoutLine: {'line': b'-- Up-to-date: /home/pavel/ws_ros2/install/px4_msgs/include/px4_msgs/px4_msgs/msg/detail/vehicle_constraints__type_support.h\n'}
[5.798966] (px4_msgs) StdoutLine: {'line': b'-- Up-to-date: /home/pavel/ws_ros2/install/px4_msgs/include/px4_msgs/px4_msgs/msg/detail/led_control__functions.c\n'}
[5.799026] (px4_msgs) StdoutLine: {'line': b'-- Up-to-date: /home/pavel/ws_ros2/install/px4_msgs/include/px4_msgs/px4_msgs/msg/detail/sensor_preflight_mag__type_support.h\n'}
[5.799085] (px4_msgs) StdoutLine: {'line': b'-- Up-to-date: /home/pavel/ws_ros2/install/px4_msgs/include/px4_msgs/px4_msgs/msg/detail/actuator_armed__functions.h\n'}
[5.799145] (px4_msgs) StdoutLine: {'line': b'-- Up-to-date: /home/pavel/ws_ros2/install/px4_msgs/include/px4_msgs/px4_msgs/msg/detail/failsafe_flags__functions.c\n'}
[5.799207] (px4_msgs) StdoutLine: {'line': b'-- Up-to-date: /home/pavel/ws_ros2/install/px4_msgs/include/px4_msgs/px4_msgs/msg/detail/message_format_response__type_support.h\n'}
[5.799282] (px4_msgs) StdoutLine: {'line': b'-- Up-to-date: /home/pavel/ws_ros2/install/px4_msgs/include/px4_msgs/px4_msgs/msg/detail/estimator_status_flags__functions.c\n'}
[5.799344] (px4_msgs) StdoutLine: {'line': b'-- Up-to-date: /home/pavel/ws_ros2/install/px4_msgs/include/px4_msgs/px4_msgs/msg/detail/camera_status__functions.h\n'}
[5.799407] (px4_msgs) StdoutLine: {'line': b'-- Up-to-date: /home/pavel/ws_ros2/install/px4_msgs/include/px4_msgs/px4_msgs/msg/detail/sensor_preflight_mag__functions.c\n'}
[5.799476] (px4_msgs) StdoutLine: {'line': b'-- Up-to-date: /home/pavel/ws_ros2/install/px4_msgs/include/px4_msgs/px4_msgs/msg/detail/wind__type_support.h\n'}
[5.799538] (px4_msgs) StdoutLine: {'line': b'-- Up-to-date: /home/pavel/ws_ros2/install/px4_msgs/include/px4_msgs/px4_msgs/msg/detail/pwm_input__struct.h\n'}
[5.799601] (px4_msgs) StdoutLine: {'line': b'-- Up-to-date: /home/pavel/ws_ros2/install/px4_msgs/include/px4_msgs/px4_msgs/msg/detail/wheel_encoders__struct.h\n'}
[5.799664] (px4_msgs) StdoutLine: {'line': b'-- Up-to-date: /home/pavel/ws_ros2/install/px4_msgs/include/px4_msgs/px4_msgs/msg/detail/vehicle_land_detected__struct.h\n'}
[5.799726] (px4_msgs) StdoutLine: {'line': b'-- Up-to-date: /home/pavel/ws_ros2/install/px4_msgs/include/px4_msgs/px4_msgs/msg/detail/geofence_result__functions.c\n'}
[5.799789] (px4_msgs) StdoutLine: {'line': b'-- Up-to-date: /home/pavel/ws_ros2/install/px4_msgs/include/px4_msgs/px4_msgs/msg/detail/obstacle_distance__type_support.h\n'}
[5.799857] (px4_msgs) StdoutLine: {'line': b'-- Up-to-date: /home/pavel/ws_ros2/install/px4_msgs/include/px4_msgs/px4_msgs/msg/detail/yaw_estimator_status__functions.c\n'}
[5.799928] (px4_msgs) StdoutLine: {'line': b'-- Up-to-date: /home/pavel/ws_ros2/install/px4_msgs/include/px4_msgs/px4_msgs/msg/detail/button_event__functions.c\n'}
[5.799992] (px4_msgs) StdoutLine: {'line': b'-- Up-to-date: /home/pavel/ws_ros2/install/px4_msgs/include/px4_msgs/px4_msgs/msg/detail/position_setpoint_triplet__struct.h\n'}
[5.800055] (px4_msgs) StdoutLine: {'line': b'-- Up-to-date: /home/pavel/ws_ros2/install/px4_msgs/include/px4_msgs/px4_msgs/msg/detail/gpio_in__type_support.h\n'}
[5.800117] (px4_msgs) StdoutLine: {'line': b'-- Up-to-date: /home/pavel/ws_ros2/install/px4_msgs/include/px4_msgs/px4_msgs/msg/detail/actuator_controls_status__type_support.h\n'}
[5.800179] (px4_msgs) StdoutLine: {'line': b'-- Up-to-date: /home/pavel/ws_ros2/install/px4_msgs/include/px4_msgs/px4_msgs/msg/detail/vehicle_global_position__type_support.h\n'}
[5.800245] (px4_msgs) StdoutLine: {'line': b'-- Up-to-date: /home/pavel/ws_ros2/install/px4_msgs/include/px4_msgs/px4_msgs/msg/detail/mag_worker_data__functions.h\n'}
[5.800308] (px4_msgs) StdoutLine: {'line': b'-- Up-to-date: /home/pavel/ws_ros2/install/px4_msgs/include/px4_msgs/px4_msgs/msg/detail/led_control__functions.h\n'}
[5.800371] (px4_msgs) StdoutLine: {'line': b'-- Up-to-date: /home/pavel/ws_ros2/install/px4_msgs/include/px4_msgs/px4_msgs/msg/detail/sensor_gnss_relative__type_support.h\n'}
[5.800433] (px4_msgs) StdoutLine: {'line': b'-- Up-to-date: /home/pavel/ws_ros2/install/px4_msgs/include/px4_msgs/px4_msgs/msg/detail/gpio_config__functions.h\n'}
[5.800495] (px4_msgs) StdoutLine: {'line': b'-- Up-to-date: /home/pavel/ws_ros2/install/px4_msgs/include/px4_msgs/px4_msgs/msg/detail/sensor_gnss_relative__functions.h\n'}
[5.800557] (px4_msgs) StdoutLine: {'line': b'-- Up-to-date: /home/pavel/ws_ros2/install/px4_msgs/include/px4_msgs/px4_msgs/msg/detail/irlock_report__type_support.h\n'}
[5.800627] (px4_msgs) StdoutLine: {'line': b'-- Up-to-date: /home/pavel/ws_ros2/install/px4_msgs/include/px4_msgs/px4_msgs/msg/detail/manual_control_setpoint__struct.h\n'}
[5.800689] (px4_msgs) StdoutLine: {'line': b'-- Up-to-date: /home/pavel/ws_ros2/install/px4_msgs/include/px4_msgs/px4_msgs/msg/detail/trajectory_waypoint__struct.h\n'}
[5.800752] (px4_msgs) StdoutLine: {'line': b'-- Up-to-date: /home/pavel/ws_ros2/install/px4_msgs/include/px4_msgs/px4_msgs/msg/detail/actuator_test__functions.c\n'}
[5.800815] (px4_msgs) StdoutLine: {'line': b'-- Up-to-date: /home/pavel/ws_ros2/install/px4_msgs/include/px4_msgs/px4_msgs/msg/detail/register_ext_component_request__struct.h\n'}
[5.801465] (px4_msgs) StdoutLine: {'line': b'-- Up-to-date: /home/pavel/ws_ros2/install/px4_msgs/include/px4_msgs/px4_msgs/msg/detail/camera_trigger__functions.c\n'}
[5.801538] (px4_msgs) StdoutLine: {'line': b'-- Up-to-date: /home/pavel/ws_ros2/install/px4_msgs/include/px4_msgs/px4_msgs/msg/detail/goto_setpoint__struct.h\n'}
[5.801608] (px4_msgs) StdoutLine: {'line': b'-- Up-to-date: /home/pavel/ws_ros2/install/px4_msgs/include/px4_msgs/px4_msgs/msg/detail/uavcan_parameter_value__functions.h\n'}
[5.801671] (px4_msgs) StdoutLine: {'line': b'-- Up-to-date: /home/pavel/ws_ros2/install/px4_msgs/include/px4_msgs/px4_msgs/msg/detail/vehicle_imu__struct.h\n'}
[5.801732] (px4_msgs) StdoutLine: {'line': b'-- Up-to-date: /home/pavel/ws_ros2/install/px4_msgs/include/px4_msgs/px4_msgs/msg/detail/vehicle_trajectory_waypoint__functions.c\n'}
[5.801794] (px4_msgs) StdoutLine: {'line': b'-- Up-to-date: /home/pavel/ws_ros2/install/px4_msgs/include/px4_msgs/px4_msgs/msg/detail/estimator_event_flags__functions.h\n'}
[5.801861] (px4_msgs) StdoutLine: {'line': b'-- Up-to-date: /home/pavel/ws_ros2/install/px4_msgs/include/px4_msgs/px4_msgs/msg/detail/uavcan_parameter_request__functions.h\n'}
[5.801930] (px4_msgs) StdoutLine: {'line': b'-- Up-to-date: /home/pavel/ws_ros2/install/px4_msgs/include/px4_msgs/px4_msgs/msg/detail/parameter_update__functions.h\n'}
[5.801992] (px4_msgs) StdoutLine: {'line': b'-- Up-to-date: /home/pavel/ws_ros2/install/px4_msgs/include/px4_msgs/px4_msgs/msg/detail/vehicle_optical_flow_vel__struct.h\n'}
[5.802054] (px4_msgs) StdoutLine: {'line': b'-- Up-to-date: /home/pavel/ws_ros2/install/px4_msgs/include/px4_msgs/px4_msgs/msg/detail/tune_control__struct.h\n'}
[5.802116] (px4_msgs) StdoutLine: {'line': b'-- Up-to-date: /home/pavel/ws_ros2/install/px4_msgs/include/px4_msgs/px4_msgs/msg/detail/control_allocator_status__type_support.h\n'}
[5.802177] (px4_msgs) StdoutLine: {'line': b'-- Up-to-date: /home/pavel/ws_ros2/install/px4_msgs/include/px4_msgs/px4_msgs/msg/detail/message_format_response__functions.h\n'}
[5.802239] (px4_msgs) StdoutLine: {'line': b'-- Up-to-date: /home/pavel/ws_ros2/install/px4_msgs/include/px4_msgs/px4_msgs/msg/detail/sensor_gps__functions.c\n'}
[5.802301] (px4_msgs) StdoutLine: {'line': b'-- Up-to-date: /home/pavel/ws_ros2/install/px4_msgs/include/px4_msgs/px4_msgs/msg/detail/autotune_attitude_control_status__functions.c\n'}
[5.802363] (px4_msgs) StdoutLine: {'line': b'-- Up-to-date: /home/pavel/ws_ros2/install/px4_msgs/include/px4_msgs/px4_msgs/msg/detail/ulog_stream__functions.c\n'}
[5.802576] (px4_msgs) StdoutLine: {'line': b'-- Up-to-date: /home/pavel/ws_ros2/install/px4_msgs/include/px4_msgs/px4_msgs/msg/detail/vehicle_angular_acceleration_setpoint__type_support.h\n'}
[5.802745] (px4_msgs) StdoutLine: {'line': b'-- Up-to-date: /home/pavel/ws_ros2/install/px4_msgs/include/px4_msgs/px4_msgs/msg/detail/position_controller_landing_status__type_support.h\n'}
[5.802959] (px4_msgs) StdoutLine: {'line': b'-- Up-to-date: /home/pavel/ws_ros2/install/px4_msgs/include/px4_msgs/px4_msgs/msg/detail/satellite_info__type_support.h\n'}
[5.803152] (px4_msgs) StdoutLine: {'line': b'-- Up-to-date: /home/pavel/ws_ros2/install/px4_msgs/include/px4_msgs/px4_msgs/msg/detail/estimator_sensor_bias__type_support.h\n'}
[5.803322] (px4_msgs) StdoutLine: {'line': b'-- Up-to-date: /home/pavel/ws_ros2/install/px4_msgs/include/px4_msgs/px4_msgs/msg/detail/mission__struct.h\n'}
[5.803511] (px4_msgs) StdoutLine: {'line': b'-- Up-to-date: /home/pavel/ws_ros2/install/px4_msgs/include/px4_msgs/px4_msgs/msg/detail/sensors_status__struct.h\n'}
[5.803703] (px4_msgs) StdoutLine: {'line': b'-- Up-to-date: /home/pavel/ws_ros2/install/px4_msgs/include/px4_msgs/px4_msgs/msg/detail/timesync_status__struct.h\n'}
[5.803915] (px4_msgs) StdoutLine: {'line': b'-- Up-to-date: /home/pavel/ws_ros2/install/px4_msgs/include/px4_msgs/px4_msgs/msg/detail/gripper__functions.h\n'}
[5.804103] (px4_msgs) StdoutLine: {'line': b'-- Up-to-date: /home/pavel/ws_ros2/install/px4_msgs/include/px4_msgs/px4_msgs/msg/detail/wind__functions.h\n'}
[5.804274] (px4_msgs) StdoutLine: {'line': b'-- Up-to-date: /home/pavel/ws_ros2/install/px4_msgs/include/px4_msgs/px4_msgs/msg/detail/action_request__functions.h\n'}
[5.804480] (px4_msgs) StdoutLine: {'line': b'-- Up-to-date: /home/pavel/ws_ros2/install/px4_msgs/include/px4_msgs/px4_msgs/msg/detail/gimbal_device_information__functions.c\n'}
[5.804655] (px4_msgs) StdoutLine: {'line': b'-- Up-to-date: /home/pavel/ws_ros2/install/px4_msgs/include/px4_msgs/px4_msgs/msg/detail/vehicle_torque_setpoint__type_support.h\n'}
[5.804840] (px4_msgs) StdoutLine: {'line': b'-- Up-to-date: /home/pavel/ws_ros2/install/px4_msgs/include/px4_msgs/px4_msgs/msg/detail/arming_check_reply__type_support.h\n'}
[5.805077] (px4_msgs) StdoutLine: {'line': b'-- Up-to-date: /home/pavel/ws_ros2/install/px4_msgs/include/px4_msgs/px4_msgs/msg/detail/vehicle_magnetometer__functions.h\n'}
[5.805231] (px4_msgs) StdoutLine: {'line': b'-- Up-to-date: /home/pavel/ws_ros2/install/px4_msgs/include/px4_msgs/px4_msgs/msg/detail/gimbal_manager_set_attitude__type_support.h\n'}
[5.805308] (px4_msgs) StdoutLine: {'line': b'-- Up-to-date: /home/pavel/ws_ros2/install/px4_msgs/include/px4_msgs/px4_msgs/msg/detail/distance_sensor__functions.c\n'}
[5.805374] (px4_msgs) StdoutLine: {'line': b'-- Up-to-date: /home/pavel/ws_ros2/install/px4_msgs/include/px4_msgs/px4_msgs/msg/detail/sensor_gyro_fft__functions.h\n'}
[5.805439] (px4_msgs) StdoutLine: {'line': b'-- Up-to-date: /home/pavel/ws_ros2/install/px4_msgs/include/px4_msgs/px4_msgs/msg/detail/sensor_preflight_mag__struct.h\n'}
[5.805503] (px4_msgs) StdoutLine: {'line': b'-- Up-to-date: /home/pavel/ws_ros2/install/px4_msgs/include/px4_msgs/px4_msgs/msg/detail/landing_target_innovations__functions.c\n'}
[5.805601] (px4_msgs) StdoutLine: {'line': b'-- Up-to-date: /home/pavel/ws_ros2/install/px4_msgs/include/px4_msgs/px4_msgs/msg/detail/npfg_status__struct.h\n'}
[5.805698] (px4_msgs) StdoutLine: {'line': b'-- Up-to-date: /home/pavel/ws_ros2/install/px4_msgs/include/px4_msgs/px4_msgs/msg/detail/event__functions.h\n'}
[5.805764] (px4_msgs) StdoutLine: {'line': b'-- Up-to-date: /home/pavel/ws_ros2/install/px4_msgs/include/px4_msgs/px4_msgs/msg/detail/vtol_vehicle_status__type_support.h\n'}
[5.805828] (px4_msgs) StdoutLine: {'line': b'-- Up-to-date: /home/pavel/ws_ros2/install/px4_msgs/include/px4_msgs/px4_msgs/msg/detail/power_button_state__type_support.h\n'}
[5.805904] (px4_msgs) StdoutLine: {'line': b'-- Up-to-date: /home/pavel/ws_ros2/install/px4_msgs/include/px4_msgs/px4_msgs/msg/detail/navigator_mission_item__functions.c\n'}
[5.805969] (px4_msgs) StdoutLine: {'line': b'-- Up-to-date: /home/pavel/ws_ros2/install/px4_msgs/include/px4_msgs/px4_msgs/msg/detail/estimator_aid_source2d__functions.c\n'}
[5.806032] (px4_msgs) StdoutLine: {'line': b'-- Up-to-date: /home/pavel/ws_ros2/install/px4_msgs/include/px4_msgs/px4_msgs/msg/detail/vehicle_trajectory_waypoint__struct.h\n'}
[5.806095] (px4_msgs) StdoutLine: {'line': b'-- Up-to-date: /home/pavel/ws_ros2/install/px4_msgs/include/px4_msgs/px4_msgs/msg/detail/normalized_unsigned_setpoint__functions.c\n'}
[5.806159] (px4_msgs) StdoutLine: {'line': b'-- Up-to-date: /home/pavel/ws_ros2/install/px4_msgs/include/px4_msgs/px4_msgs/msg/detail/goto_setpoint__type_support.h\n'}
[5.806222] (px4_msgs) StdoutLine: {'line': b'-- Up-to-date: /home/pavel/ws_ros2/install/px4_msgs/include/px4_msgs/px4_msgs/msg/detail/adc_report__type_support.h\n'}
[5.806301] (px4_msgs) StdoutLine: {'line': b'-- Up-to-date: /home/pavel/ws_ros2/install/px4_msgs/include/px4_msgs/px4_msgs/msg/detail/sensor_gyro_fft__functions.c\n'}
[5.806365] (px4_msgs) StdoutLine: {'line': b'-- Up-to-date: /home/pavel/ws_ros2/install/px4_msgs/include/px4_msgs/px4_msgs/msg/detail/vehicle_angular_velocity__functions.h\n'}
[5.806430] (px4_msgs) StdoutLine: {'line': b'-- Up-to-date: /home/pavel/ws_ros2/install/px4_msgs/include/px4_msgs/px4_msgs/msg/detail/vehicle_global_position__functions.h\n'}
[5.806496] (px4_msgs) StdoutLine: {'line': b'-- Up-to-date: /home/pavel/ws_ros2/install/px4_msgs/include/px4_msgs/px4_msgs/msg/detail/vehicle_command_ack__type_support.h\n'}
[5.806561] (px4_msgs) StdoutLine: {'line': b'-- Up-to-date: /home/pavel/ws_ros2/install/px4_msgs/include/px4_msgs/px4_msgs/msg/detail/onboard_computer_status__functions.h\n'}
[5.806626] (px4_msgs) StdoutLine: {'line': b'-- Up-to-date: /home/pavel/ws_ros2/install/px4_msgs/include/px4_msgs/px4_msgs/msg/detail/cpuload__functions.h\n'}
[5.806698] (px4_msgs) StdoutLine: {'line': b'-- Up-to-date: /home/pavel/ws_ros2/install/px4_msgs/include/px4_msgs/px4_msgs/msg/detail/vehicle_trajectory_waypoint__type_support.h\n'}
[5.806764] (px4_msgs) StdoutLine: {'line': b'-- Up-to-date: /home/pavel/ws_ros2/install/px4_msgs/include/px4_msgs/px4_msgs/msg/detail/geofence_result__functions.h\n'}
[5.806833] (px4_msgs) StdoutLine: {'line': b'-- Up-to-date: /home/pavel/ws_ros2/install/px4_msgs/include/px4_msgs/px4_msgs/msg/detail/estimator_innovations__functions.h\n'}
[5.806910] (px4_msgs) StdoutLine: {'line': b'-- Up-to-date: /home/pavel/ws_ros2/install/px4_msgs/include/px4_msgs/px4_msgs/msg/detail/config_overrides__struct.h\n'}
[5.806977] (px4_msgs) StdoutLine: {'line': b'-- Up-to-date: /home/pavel/ws_ros2/install/px4_msgs/include/px4_msgs/px4_msgs/msg/detail/cellular_status__functions.h\n'}
[5.807042] (px4_msgs) StdoutLine: {'line': b'-- Up-to-date: /home/pavel/ws_ros2/install/px4_msgs/include/px4_msgs/px4_msgs/msg/detail/ekf2_timestamps__type_support.h\n'}
[5.807107] (px4_msgs) StdoutLine: {'line': b'-- Up-to-date: /home/pavel/ws_ros2/install/px4_msgs/include/px4_msgs/px4_msgs/msg/detail/actuator_armed__struct.h\n'}
[5.807172] (px4_msgs) StdoutLine: {'line': b'-- Up-to-date: /home/pavel/ws_ros2/install/px4_msgs/include/px4_msgs/px4_msgs/msg/detail/transponder_report__functions.c\n'}
[5.807238] (px4_msgs) StdoutLine: {'line': b'-- Up-to-date: /home/pavel/ws_ros2/install/px4_msgs/include/px4_msgs/px4_msgs/msg/detail/qshell_req__functions.c\n'}
[5.807302] (px4_msgs) StdoutLine: {'line': b'-- Up-to-date: /home/pavel/ws_ros2/install/px4_msgs/include/px4_msgs/px4_msgs/msg/detail/wind__functions.c\n'}
[5.807368] (px4_msgs) StdoutLine: {'line': b'-- Up-to-date: /home/pavel/ws_ros2/install/px4_msgs/include/px4_msgs/px4_msgs/msg/detail/pwm_input__type_support.h\n'}
[5.807433] (px4_msgs) StdoutLine: {'line': b'-- Up-to-date: /home/pavel/ws_ros2/install/px4_msgs/include/px4_msgs/px4_msgs/msg/detail/unregister_ext_component__struct.h\n'}
[5.807498] (px4_msgs) StdoutLine: {'line': b'-- Up-to-date: /home/pavel/ws_ros2/install/px4_msgs/include/px4_msgs/px4_msgs/msg/detail/gpio_in__functions.c\n'}
[5.807563] (px4_msgs) StdoutLine: {'line': b'-- Up-to-date: /home/pavel/ws_ros2/install/px4_msgs/include/px4_msgs/px4_msgs/msg/detail/vehicle_attitude__struct.h\n'}
[5.807635] (px4_msgs) StdoutLine: {'line': b'-- Up-to-date: /home/pavel/ws_ros2/install/px4_msgs/include/px4_msgs/px4_msgs/msg/detail/actuator_outputs__struct.h\n'}
[5.807700] (px4_msgs) StdoutLine: {'line': b'-- Up-to-date: /home/pavel/ws_ros2/install/px4_msgs/include/px4_msgs/px4_msgs/msg/detail/sensor_baro__type_support.h\n'}
[5.807765] (px4_msgs) StdoutLine: {'line': b'-- Up-to-date: /home/pavel/ws_ros2/install/px4_msgs/include/px4_msgs/px4_msgs/msg/detail/transponder_report__type_support.h\n'}
[5.807829] (px4_msgs) StdoutLine: {'line': b'-- Up-to-date: /home/pavel/ws_ros2/install/px4_msgs/include/px4_msgs/px4_msgs/msg/detail/satellite_info__functions.c\n'}
[5.807906] (px4_msgs) StdoutLine: {'line': b'-- Up-to-date: /home/pavel/ws_ros2/install/px4_msgs/include/px4_msgs/px4_msgs/msg/detail/gps_dump__type_support.h\n'}
[5.807974] (px4_msgs) StdoutLine: {'line': b'-- Up-to-date: /home/pavel/ws_ros2/install/px4_msgs/include/px4_msgs/px4_msgs/msg/detail/debug_vect__functions.c\n'}
[5.808038] (px4_msgs) StdoutLine: {'line': b'-- Up-to-date: /home/pavel/ws_ros2/install/px4_msgs/include/px4_msgs/px4_msgs/msg/detail/position_setpoint__functions.c\n'}
[5.808103] (px4_msgs) StdoutLine: {'line': b'-- Up-to-date: /home/pavel/ws_ros2/install/px4_msgs/include/px4_msgs/px4_msgs/msg/detail/sensor_mag__struct.h\n'}
[5.808168] (px4_msgs) StdoutLine: {'line': b'-- Up-to-date: /home/pavel/ws_ros2/install/px4_msgs/include/px4_msgs/px4_msgs/msg/detail/airspeed_validated__struct.h\n'}
[5.808233] (px4_msgs) StdoutLine: {'line': b'-- Up-to-date: /home/pavel/ws_ros2/install/px4_msgs/include/px4_msgs/px4_msgs/msg/detail/parameter_reset_request__functions.c\n'}
[5.808298] (px4_msgs) StdoutLine: {'line': b'-- Up-to-date: /home/pavel/ws_ros2/install/px4_msgs/include/px4_msgs/px4_msgs/msg/detail/vehicle_acceleration__functions.h\n'}
[5.808367] (px4_msgs) StdoutLine: {'line': b'-- Up-to-date: /home/pavel/ws_ros2/install/px4_msgs/include/px4_msgs/px4_msgs/msg/detail/gps_inject_data__type_support.h\n'}
[5.808433] (px4_msgs) StdoutLine: {'line': b'-- Up-to-date: /home/pavel/ws_ros2/install/px4_msgs/include/px4_msgs/px4_msgs/msg/detail/vehicle_imu_status__functions.c\n'}
[5.808497] (px4_msgs) StdoutLine: {'line': b'-- Up-to-date: /home/pavel/ws_ros2/install/px4_msgs/include/px4_msgs/px4_msgs/msg/detail/offboard_control_mode__functions.c\n'}
[5.808561] (px4_msgs) StdoutLine: {'line': b'-- Up-to-date: /home/pavel/ws_ros2/install/px4_msgs/include/px4_msgs/px4_msgs/msg/detail/power_button_state__functions.c\n'}
[5.808626] (px4_msgs) StdoutLine: {'line': b'-- Up-to-date: /home/pavel/ws_ros2/install/px4_msgs/include/px4_msgs/px4_msgs/msg/detail/vehicle_roi__type_support.h\n'}
[5.808691] (px4_msgs) StdoutLine: {'line': b'-- Up-to-date: /home/pavel/ws_ros2/install/px4_msgs/include/px4_msgs/px4_msgs/msg/detail/parameter_set_used_request__struct.h\n'}
[5.808756] (px4_msgs) StdoutLine: {'line': b'-- Up-to-date: /home/pavel/ws_ros2/install/px4_msgs/include/px4_msgs/px4_msgs/msg/detail/estimator_status__functions.h\n'}
[5.808821] (px4_msgs) StdoutLine: {'line': b'-- Up-to-date: /home/pavel/ws_ros2/install/px4_msgs/include/px4_msgs/px4_msgs/msg/detail/parameter_set_used_request__functions.h\n'}
[5.808921] (px4_msgs) StdoutLine: {'line': b'-- Up-to-date: /home/pavel/ws_ros2/install/px4_msgs/include/px4_msgs/px4_msgs/msg/detail/sensor_correction__type_support.h\n'}
[5.809022] (px4_msgs) StdoutLine: {'line': b'-- Up-to-date: /home/pavel/ws_ros2/install/px4_msgs/include/px4_msgs/px4_msgs/msg/detail/gps_inject_data__functions.h\n'}
[5.809087] (px4_msgs) StdoutLine: {'line': b'-- Up-to-date: /home/pavel/ws_ros2/install/px4_msgs/include/px4_msgs/px4_msgs/msg/detail/collision_constraints__functions.h\n'}
[5.809150] (px4_msgs) StdoutLine: {'line': b'-- Up-to-date: /home/pavel/ws_ros2/install/px4_msgs/include/px4_msgs/px4_msgs/msg/detail/vtol_vehicle_status__struct.h\n'}
[5.809311] (px4_msgs) StdoutLine: {'line': b'-- Up-to-date: /home/pavel/ws_ros2/install/px4_msgs/include/px4_msgs/px4_msgs/msg/detail/gimbal_device_information__struct.h\n'}
[5.809437] (px4_msgs) StdoutLine: {'line': b'-- Up-to-date: /home/pavel/ws_ros2/install/px4_msgs/include/px4_msgs/px4_msgs/msg/detail/estimator_aid_source2d__type_support.h\n'}
[5.809502] (px4_msgs) StdoutLine: {'line': b'-- Up-to-date: /home/pavel/ws_ros2/install/px4_msgs/include/px4_msgs/px4_msgs/msg/detail/rtl_status__type_support.h\n'}
[5.809566] (px4_msgs) StdoutLine: {'line': b'-- Up-to-date: /home/pavel/ws_ros2/install/px4_msgs/include/px4_msgs/px4_msgs/msg/detail/gpio_out__functions.h\n'}
[5.809675] (px4_msgs) StdoutLine: {'line': b'-- Up-to-date: /home/pavel/ws_ros2/install/px4_msgs/include/px4_msgs/px4_msgs/msg/detail/telemetry_status__struct.h\n'}
[5.809857] (px4_msgs) StdoutLine: {'line': b'-- Up-to-date: /home/pavel/ws_ros2/install/px4_msgs/include/px4_msgs/px4_msgs/msg/detail/actuator_armed__type_support.h\n'}
[5.810064] (px4_msgs) StdoutLine: {'line': b'-- Up-to-date: /home/pavel/ws_ros2/install/px4_msgs/include/px4_msgs/px4_msgs/msg/detail/vehicle_control_mode__struct.h\n'}
[5.810247] (px4_msgs) StdoutLine: {'line': b'-- Up-to-date: /home/pavel/ws_ros2/install/px4_msgs/include/px4_msgs/px4_msgs/msg/detail/follow_target_estimator__functions.h\n'}
[5.810439] (px4_msgs) StdoutLine: {'line': b'-- Up-to-date: /home/pavel/ws_ros2/install/px4_msgs/include/px4_msgs/px4_msgs/msg/detail/estimator_gps_status__functions.h\n'}
[5.810604] (px4_msgs) StdoutLine: {'line': b'-- Up-to-date: /home/pavel/ws_ros2/install/px4_msgs/include/px4_msgs/px4_msgs/msg/detail/parameter_reset_request__struct.h\n'}
[5.810804] (px4_msgs) StdoutLine: {'line': b'-- Up-to-date: /home/pavel/ws_ros2/install/px4_msgs/include/px4_msgs/px4_msgs/msg/detail/ulog_stream_ack__struct.h\n'}
[5.811026] (px4_msgs) StdoutLine: {'line': b'-- Up-to-date: /home/pavel/ws_ros2/install/px4_msgs/include/px4_msgs/px4_msgs/msg/detail/estimator_aid_source1d__type_support.h\n'}
[5.811227] (px4_msgs) StdoutLine: {'line': b'-- Up-to-date: /home/pavel/ws_ros2/install/px4_msgs/include/px4_msgs/px4_msgs/msg/detail/gripper__struct.h\n'}
[5.811417] (px4_msgs) StdoutLine: {'line': b'-- Up-to-date: /home/pavel/ws_ros2/install/px4_msgs/include/px4_msgs/px4_msgs/msg/detail/sensor_accel__type_support.h\n'}
[5.811589] (px4_msgs) StdoutLine: {'line': b'-- Up-to-date: /home/pavel/ws_ros2/install/px4_msgs/include/px4_msgs/px4_msgs/msg/detail/qshell_retval__functions.h\n'}
[5.811760] (px4_msgs) StdoutLine: {'line': b'-- Up-to-date: /home/pavel/ws_ros2/install/px4_msgs/include/px4_msgs/px4_msgs/msg/detail/rover_ackermann_guidance_status__struct.h\n'}
[5.811946] (px4_msgs) StdoutLine: {'line': b'-- Up-to-date: /home/pavel/ws_ros2/install/px4_msgs/include/px4_msgs/px4_msgs/msg/detail/log_message__type_support.h\n'}
[5.812161] (px4_msgs) StdoutLine: {'line': b'-- Up-to-date: /home/pavel/ws_ros2/install/px4_msgs/include/px4_msgs/px4_msgs/msg/detail/follow_target_estimator__struct.h\n'}
[5.812367] (px4_msgs) StdoutLine: {'line': b'-- Up-to-date: /home/pavel/ws_ros2/install/px4_msgs/include/px4_msgs/px4_msgs/msg/detail/vehicle_attitude__functions.h\n'}
[5.812548] (px4_msgs) StdoutLine: {'line': b'-- Up-to-date: /home/pavel/ws_ros2/install/px4_msgs/include/px4_msgs/px4_msgs/msg/detail/mission_result__type_support.h\n'}
[5.812758] (px4_msgs) StdoutLine: {'line': b'-- Up-to-date: /home/pavel/ws_ros2/install/px4_msgs/include/px4_msgs/px4_msgs/msg/detail/trajectory_setpoint__functions.c\n'}
[5.812951] (px4_msgs) StdoutLine: {'line': b'-- Up-to-date: /home/pavel/ws_ros2/install/px4_msgs/include/px4_msgs/px4_msgs/msg/detail/navigator_mission_item__functions.h\n'}
[5.813127] (px4_msgs) StdoutLine: {'line': b'-- Up-to-date: /home/pavel/ws_ros2/install/px4_msgs/include/px4_msgs/px4_msgs/msg/detail/vehicle_odometry__type_support.h\n'}
[5.813317] (px4_msgs) StdoutLine: {'line': b'-- Up-to-date: /home/pavel/ws_ros2/install/px4_msgs/include/px4_msgs/px4_msgs/msg/detail/satellite_info__struct.h\n'}
[5.813490] (px4_msgs) StdoutLine: {'line': b'-- Up-to-date: /home/pavel/ws_ros2/install/px4_msgs/include/px4_msgs/px4_msgs/msg/detail/mavlink_log__functions.c\n'}
[5.813559] (px4_msgs) StdoutLine: {'line': b'-- Up-to-date: /home/pavel/ws_ros2/install/px4_msgs/include/px4_msgs/px4_msgs/msg/detail/estimator_gps_status__type_support.h\n'}
[5.813626] (px4_msgs) StdoutLine: {'line': b'-- Up-to-date: /home/pavel/ws_ros2/install/px4_msgs/include/px4_msgs/px4_msgs/msg/detail/figure_eight_status__functions.h\n'}
[5.813691] (px4_msgs) StdoutLine: {'line': b'-- Up-to-date: /home/pavel/ws_ros2/install/px4_msgs/include/px4_msgs/px4_msgs/msg/detail/sensors_status__functions.h\n'}
[5.813756] (px4_msgs) StdoutLine: {'line': b'-- Up-to-date: /home/pavel/ws_ros2/install/px4_msgs/include/px4_msgs/px4_msgs/msg/detail/vehicle_local_position_setpoint__functions.c\n'}
[5.813826] (px4_msgs) StdoutLine: {'line': b'-- Up-to-date: /home/pavel/ws_ros2/install/px4_msgs/include/px4_msgs/px4_msgs/msg/detail/failsafe_flags__functions.h\n'}
[5.814076] (px4_msgs) StdoutLine: {'line': b'-- Up-to-date: /home/pavel/ws_ros2/install/px4_msgs/include/px4_msgs/px4_msgs/msg/detail/yaw_estimator_status__struct.h\n'}
[5.814277] (px4_msgs) StdoutLine: {'line': b'-- Up-to-date: /home/pavel/ws_ros2/install/px4_msgs/include/px4_msgs/px4_msgs/msg/detail/rtl_status__functions.c\n'}
[5.814461] (px4_msgs) StdoutLine: {'line': b'-- Up-to-date: /home/pavel/ws_ros2/install/px4_msgs/include/px4_msgs/px4_msgs/msg/detail/position_setpoint_triplet__functions.h\n'}
[5.814604] (px4_msgs) StdoutLine: {'line': b'-- Up-to-date: /home/pavel/ws_ros2/install/px4_msgs/include/px4_msgs/px4_msgs/msg/detail/task_stack_info__functions.h\n'}
[5.814673] (px4_msgs) StdoutLine: {'line': b'-- Up-to-date: /home/pavel/ws_ros2/install/px4_msgs/include/px4_msgs/px4_msgs/msg/detail/estimator_selector_status__type_support.h\n'}
[5.814739] (px4_msgs) StdoutLine: {'line': b'-- Up-to-date: /home/pavel/ws_ros2/install/px4_msgs/include/px4_msgs/px4_msgs/msg/detail/vehicle_optical_flow__struct.h\n'}
[5.814810] (px4_msgs) StdoutLine: {'line': b'-- Up-to-date: /home/pavel/ws_ros2/install/px4_msgs/include/px4_msgs/px4_msgs/msg/detail/gimbal_device_set_attitude__type_support.h\n'}
[5.814887] (px4_msgs) StdoutLine: {'line': b'-- Up-to-date: /home/pavel/ws_ros2/install/px4_msgs/include/px4_msgs/px4_msgs/msg/detail/actuator_servos__type_support.h\n'}
[5.814954] (px4_msgs) StdoutLine: {'line': b'-- Up-to-date: /home/pavel/ws_ros2/install/px4_msgs/include/px4_msgs/px4_msgs/msg/detail/mag_worker_data__functions.c\n'}
[5.815018] (px4_msgs) StdoutLine: {'line': b'-- Up-to-date: /home/pavel/ws_ros2/install/px4_msgs/include/px4_msgs/px4_msgs/msg/detail/flight_phase_estimation__struct.h\n'}
[5.815081] (px4_msgs) StdoutLine: {'line': b'-- Up-to-date: /home/pavel/ws_ros2/install/px4_msgs/include/px4_msgs/px4_msgs/msg/detail/transponder_report__functions.h\n'}
[5.815144] (px4_msgs) StdoutLine: {'line': b'-- Up-to-date: /home/pavel/ws_ros2/install/px4_msgs/include/px4_msgs/px4_msgs/msg/detail/vehicle_thrust_setpoint__type_support.h\n'}
[5.815208] (px4_msgs) StdoutLine: {'line': b'-- Up-to-date: /home/pavel/ws_ros2/install/px4_msgs/include/px4_msgs/px4_msgs/msg/detail/debug_array__functions.h\n'}
[5.815271] (px4_msgs) StdoutLine: {'line': b'-- Up-to-date: /home/pavel/ws_ros2/install/px4_msgs/include/px4_msgs/px4_msgs/msg/detail/esc_status__type_support.h\n'}
[5.815334] (px4_msgs) StdoutLine: {'line': b'-- Up-to-date: /home/pavel/ws_ros2/install/px4_msgs/include/px4_msgs/px4_msgs/msg/detail/actuator_servos_trim__type_support.h\n'}
[5.815404] (px4_msgs) StdoutLine: {'line': b'-- Up-to-date: /home/pavel/ws_ros2/install/px4_msgs/include/px4_msgs/px4_msgs/msg/detail/gripper__functions.c\n'}
[5.815467] (px4_msgs) StdoutLine: {'line': b'-- Up-to-date: /home/pavel/ws_ros2/install/px4_msgs/include/px4_msgs/px4_msgs/msg/detail/manual_control_switches__functions.h\n'}
[5.815530] (px4_msgs) StdoutLine: {'line': b'-- Up-to-date: /home/pavel/ws_ros2/install/px4_msgs/include/px4_msgs/px4_msgs/msg/detail/camera_trigger__type_support.h\n'}
[5.815593] (px4_msgs) StdoutLine: {'line': b'-- Up-to-date: /home/pavel/ws_ros2/install/px4_msgs/include/px4_msgs/px4_msgs/msg/detail/vehicle_command__type_support.h\n'}
[5.815656] (px4_msgs) StdoutLine: {'line': b'-- Up-to-date: /home/pavel/ws_ros2/install/px4_msgs/include/px4_msgs/px4_msgs/msg/detail/landing_target_innovations__struct.h\n'}
[5.815719] (px4_msgs) StdoutLine: {'line': b'-- Up-to-date: /home/pavel/ws_ros2/install/px4_msgs/include/px4_msgs/px4_msgs/msg/detail/actuator_armed__functions.c\n'}
[5.815782] (px4_msgs) StdoutLine: {'line': b'-- Up-to-date: /home/pavel/ws_ros2/install/px4_msgs/include/px4_msgs/px4_msgs/msg/detail/trajectory_waypoint__functions.c\n'}
[5.815850] (px4_msgs) StdoutLine: {'line': b'-- Up-to-date: /home/pavel/ws_ros2/install/px4_msgs/include/px4_msgs/px4_msgs/msg/detail/normalized_unsigned_setpoint__struct.h\n'}
[5.815922] (px4_msgs) StdoutLine: {'line': b'-- Up-to-date: /home/pavel/ws_ros2/install/px4_msgs/include/px4_msgs/px4_msgs/msg/detail/landing_gear__functions.c\n'}
[5.815985] (px4_msgs) StdoutLine: {'line': b'-- Up-to-date: /home/pavel/ws_ros2/install/px4_msgs/include/px4_msgs/px4_msgs/msg/detail/tiltrotor_extra_controls__struct.h\n'}
[5.816048] (px4_msgs) StdoutLine: {'line': b'-- Up-to-date: /home/pavel/ws_ros2/install/px4_msgs/include/px4_msgs/px4_msgs/msg/detail/failure_detector_status__functions.c\n'}
[5.816110] (px4_msgs) StdoutLine: {'line': b'-- Up-to-date: /home/pavel/ws_ros2/install/px4_msgs/include/px4_msgs/px4_msgs/msg/detail/follow_target_status__functions.h\n'}
[5.816173] (px4_msgs) StdoutLine: {'line': b'-- Up-to-date: /home/pavel/ws_ros2/install/px4_msgs/include/px4_msgs/px4_msgs/msg/detail/airspeed_validated__functions.h\n'}
[5.816235] (px4_msgs) StdoutLine: {'line': b'-- Up-to-date: /home/pavel/ws_ros2/install/px4_msgs/include/px4_msgs/px4_msgs/msg/detail/estimator_status__struct.h\n'}
[5.816298] (px4_msgs) StdoutLine: {'line': b'-- Up-to-date: /home/pavel/ws_ros2/install/px4_msgs/include/px4_msgs/px4_msgs/msg/detail/orb_test__functions.c\n'}
[5.816368] (px4_msgs) StdoutLine: {'line': b'-- Up-to-date: /home/pavel/ws_ros2/install/px4_msgs/include/px4_msgs/px4_msgs/msg/detail/debug_key_value__functions.h\n'}
[5.816431] (px4_msgs) StdoutLine: {'line': b'-- Up-to-date: /home/pavel/ws_ros2/install/px4_msgs/include/px4_msgs/px4_msgs/msg/detail/vehicle_command_ack__functions.h\n'}
[5.816494] (px4_msgs) StdoutLine: {'line': b'-- Up-to-date: /home/pavel/ws_ros2/install/px4_msgs/include/px4_msgs/px4_msgs/msg/detail/mode_completed__functions.h\n'}
[5.816557] (px4_msgs) StdoutLine: {'line': b'-- Up-to-date: /home/pavel/ws_ros2/install/px4_msgs/include/px4_msgs/px4_msgs/msg/detail/vehicle_angular_velocity__struct.h\n'}
[5.816620] (px4_msgs) StdoutLine: {'line': b'-- Up-to-date: /home/pavel/ws_ros2/install/px4_msgs/include/px4_msgs/px4_msgs/msg/detail/esc_status__functions.c\n'}
[5.816684] (px4_msgs) StdoutLine: {'line': b'-- Up-to-date: /home/pavel/ws_ros2/install/px4_msgs/include/px4_msgs/px4_msgs/msg/detail/camera_capture__functions.h\n'}
[5.816747] (px4_msgs) StdoutLine: {'line': b'-- Up-to-date: /home/pavel/ws_ros2/install/px4_msgs/include/px4_msgs/px4_msgs/msg/detail/onboard_computer_status__type_support.h\n'}
[5.816810] (px4_msgs) StdoutLine: {'line': b'-- Up-to-date: /home/pavel/ws_ros2/install/px4_msgs/include/px4_msgs/px4_msgs/msg/detail/estimator_sensor_bias__functions.c\n'}
[5.816883] (px4_msgs) StdoutLine: {'line': b'-- Up-to-date: /home/pavel/ws_ros2/install/px4_msgs/include/px4_msgs/px4_msgs/msg/detail/vehicle_trajectory_bezier__type_support.h\n'}
[5.816950] (px4_msgs) StdoutLine: {'line': b'-- Up-to-date: /home/pavel/ws_ros2/install/px4_msgs/include/px4_msgs/px4_msgs/msg/detail/gps_dump__struct.h\n'}
[5.817013] (px4_msgs) StdoutLine: {'line': b'-- Up-to-date: /home/pavel/ws_ros2/install/px4_msgs/include/px4_msgs/px4_msgs/msg/detail/gpio_request__type_support.h\n'}
[5.817077] (px4_msgs) StdoutLine: {'line': b'-- Up-to-date: /home/pavel/ws_ros2/install/px4_msgs/include/px4_msgs/px4_msgs/msg/detail/power_monitor__functions.c\n'}
[5.817140] (px4_msgs) StdoutLine: {'line': b'-- Up-to-date: /home/pavel/ws_ros2/install/px4_msgs/include/px4_msgs/px4_msgs/msg/detail/geofence_status__functions.h\n'}
[5.817202] (px4_msgs) StdoutLine: {'line': b'-- Up-to-date: /home/pavel/ws_ros2/install/px4_msgs/include/px4_msgs/px4_msgs/msg/detail/message_format_request__type_support.h\n'}
[5.817265] (px4_msgs) StdoutLine: {'line': b'-- Up-to-date: /home/pavel/ws_ros2/install/px4_msgs/include/px4_msgs/px4_msgs/msg/detail/sensor_uwb__functions.h\n'}
[5.817329] (px4_msgs) StdoutLine: {'line': b'-- Up-to-date: /home/pavel/ws_ros2/install/px4_msgs/include/px4_msgs/px4_msgs/msg/detail/pps_capture__functions.h\n'}
[5.817392] (px4_msgs) StdoutLine: {'line': b'-- Up-to-date: /home/pavel/ws_ros2/install/px4_msgs/include/px4_msgs/px4_msgs/msg/detail/goto_setpoint__functions.c\n'}
[5.817455] (px4_msgs) StdoutLine: {'line': b'-- Up-to-date: /home/pavel/ws_ros2/install/px4_msgs/include/px4_msgs/px4_msgs/msg/detail/sensor_gyro_fft__type_support.h\n'}
[5.817518] (px4_msgs) StdoutLine: {'line': b'-- Up-to-date: /home/pavel/ws_ros2/install/px4_msgs/include/px4_msgs/px4_msgs/msg/detail/power_monitor__type_support.h\n'}
[5.817588] (px4_msgs) StdoutLine: {'line': b'-- Up-to-date: /home/pavel/ws_ros2/install/px4_msgs/include/px4_msgs/px4_msgs/msg/detail/vehicle_optical_flow_vel__functions.c\n'}
[5.817651] (px4_msgs) StdoutLine: {'line': b'-- Up-to-date: /home/pavel/ws_ros2/install/px4_msgs/include/px4_msgs/px4_msgs/msg/detail/vehicle_imu_status__struct.h\n'}
[5.817714] (px4_msgs) StdoutLine: {'line': b'-- Up-to-date: /home/pavel/ws_ros2/install/px4_msgs/include/px4_msgs/px4_msgs/msg/detail/generator_status__struct.h\n'}
[5.817776] (px4_msgs) StdoutLine: {'line': b'-- Up-to-date: /home/pavel/ws_ros2/install/px4_msgs/include/px4_msgs/px4_msgs/msg/detail/can_interface_status__type_support.h\n'}
[5.817840] (px4_msgs) StdoutLine: {'line': b'-- Up-to-date: /home/pavel/ws_ros2/install/px4_msgs/include/px4_msgs/px4_msgs/msg/detail/tune_control__functions.h\n'}
[5.818195] (px4_msgs) StdoutLine: {'line': b'-- Up-to-date: /home/pavel/ws_ros2/install/px4_msgs/include/px4_msgs/px4_msgs/msg/detail/vehicle_local_position_setpoint__type_support.h\n'}
[5.818270] (px4_msgs) StdoutLine: {'line': b'-- Up-to-date: /home/pavel/ws_ros2/install/px4_msgs/include/px4_msgs/px4_msgs/msg/detail/takeoff_status__struct.h\n'}
[5.818342] (px4_msgs) StdoutLine: {'line': b'-- Up-to-date: /home/pavel/ws_ros2/install/px4_msgs/include/px4_msgs/px4_msgs/msg/detail/sensor_gyro_fft__struct.h\n'}
[5.818412] (px4_msgs) StdoutLine: {'line': b'-- Up-to-date: /home/pavel/ws_ros2/install/px4_msgs/include/px4_msgs/px4_msgs/msg/detail/follow_target__functions.c\n'}
[5.818482] (px4_msgs) StdoutLine: {'line': b'-- Up-to-date: /home/pavel/ws_ros2/install/px4_msgs/include/px4_msgs/px4_msgs/msg/detail/home_position__type_support.h\n'}
[5.818551] (px4_msgs) StdoutLine: {'line': b'-- Up-to-date: /home/pavel/ws_ros2/install/px4_msgs/include/px4_msgs/px4_msgs/msg/detail/vehicle_thrust_setpoint__struct.h\n'}
[5.818622] (px4_msgs) StdoutLine: {'line': b'-- Up-to-date: /home/pavel/ws_ros2/install/px4_msgs/include/px4_msgs/px4_msgs/msg/detail/debug_vect__functions.h\n'}
[5.818692] (px4_msgs) StdoutLine: {'line': b'-- Up-to-date: /home/pavel/ws_ros2/install/px4_msgs/include/px4_msgs/px4_msgs/msg/detail/qshell_retval__struct.h\n'}
[5.818788] (px4_msgs) StdoutLine: {'line': b'-- Up-to-date: /home/pavel/ws_ros2/install/px4_msgs/include/px4_msgs/px4_msgs/msg/detail/estimator_sensor_bias__functions.h\n'}
[5.818983] (px4_msgs) StdoutLine: {'line': b'-- Up-to-date: /home/pavel/ws_ros2/install/px4_msgs/include/px4_msgs/px4_msgs/msg/detail/parameter_update__functions.c\n'}
[5.819132] (px4_msgs) StdoutLine: {'line': b'-- Up-to-date: /home/pavel/ws_ros2/install/px4_msgs/include/px4_msgs/px4_msgs/msg/detail/collision_report__functions.c\n'}
[5.819251] (px4_msgs) StdoutLine: {'line': b'-- Up-to-date: /home/pavel/ws_ros2/install/px4_msgs/include/px4_msgs/px4_msgs/msg/detail/mavlink_tunnel__struct.h\n'}
[5.819315] (px4_msgs) StdoutLine: {'line': b'-- Up-to-date: /home/pavel/ws_ros2/install/px4_msgs/include/px4_msgs/px4_msgs/msg/detail/gpio_out__functions.c\n'}
[5.819383] (px4_msgs) StdoutLine: {'line': b'-- Up-to-date: /home/pavel/ws_ros2/install/px4_msgs/include/px4_msgs/px4_msgs/msg/detail/health_report__struct.h\n'}
[5.819468] (px4_msgs) StdoutLine: {'line': b'-- Up-to-date: /home/pavel/ws_ros2/install/px4_msgs/include/px4_msgs/px4_msgs/msg/detail/log_message__functions.h\n'}
[5.819556] (px4_msgs) StdoutLine: {'line': b'-- Up-to-date: /home/pavel/ws_ros2/install/px4_msgs/include/px4_msgs/px4_msgs/msg/detail/gimbal_controls__functions.h\n'}
[5.819644] (px4_msgs) StdoutLine: {'line': b'-- Up-to-date: /home/pavel/ws_ros2/install/px4_msgs/include/px4_msgs/px4_msgs/msg/detail/vehicle_trajectory_waypoint__functions.h\n'}
[5.819732] (px4_msgs) StdoutLine: {'line': b'-- Up-to-date: /home/pavel/ws_ros2/install/px4_msgs/include/px4_msgs/px4_msgs/msg/detail/estimator_aid_source3d__functions.h\n'}
[5.819820] (px4_msgs) StdoutLine: {'line': b'-- Up-to-date: /home/pavel/ws_ros2/install/px4_msgs/include/px4_msgs/px4_msgs/msg/detail/vehicle_control_mode__type_support.h\n'}
[5.820033] (px4_msgs) StdoutLine: {'line': b'-- Up-to-date: /home/pavel/ws_ros2/install/px4_msgs/include/px4_msgs/px4_msgs/msg/detail/vehicle_trajectory_bezier__struct.h\n'}
[5.820120] (px4_msgs) StdoutLine: {'line': b'-- Up-to-date: /home/pavel/ws_ros2/install/px4_msgs/include/px4_msgs/px4_msgs/msg/detail/dataman_response__struct.h\n'}
[5.820180] (px4_msgs) StdoutLine: {'line': b'-- Up-to-date: /home/pavel/ws_ros2/install/px4_msgs/include/px4_msgs/px4_msgs/msg/detail/gpio_in__struct.h\n'}
[5.820237] (px4_msgs) StdoutLine: {'line': b'-- Up-to-date: /home/pavel/ws_ros2/install/px4_msgs/include/px4_msgs/px4_msgs/msg/detail/sensor_accel__struct.h\n'}
[5.820310] (px4_msgs) StdoutLine: {'line': b'-- Up-to-date: /home/pavel/ws_ros2/install/px4_msgs/include/px4_msgs/px4_msgs/msg/detail/dataman_request__type_support.h\n'}
[5.820367] (px4_msgs) StdoutLine: {'line': b'-- Up-to-date: /home/pavel/ws_ros2/install/px4_msgs/include/px4_msgs/px4_msgs/msg/detail/geofence_result__type_support.h\n'}
[5.820433] (px4_msgs) StdoutLine: {'line': b'-- Up-to-date: /home/pavel/ws_ros2/install/px4_msgs/include/px4_msgs/px4_msgs/msg/detail/figure_eight_status__struct.h\n'}
[5.820490] (px4_msgs) StdoutLine: {'line': b'-- Up-to-date: /home/pavel/ws_ros2/install/px4_msgs/include/px4_msgs/px4_msgs/msg/detail/qshell_retval__type_support.h\n'}
[5.820547] (px4_msgs) StdoutLine: {'line': b'-- Up-to-date: /home/pavel/ws_ros2/install/px4_msgs/include/px4_msgs/px4_msgs/msg/detail/npfg_status__functions.h\n'}
[5.820604] (px4_msgs) StdoutLine: {'line': b'-- Up-to-date: /home/pavel/ws_ros2/install/px4_msgs/include/px4_msgs/px4_msgs/msg/detail/adc_report__struct.h\n'}
[5.820660] (px4_msgs) StdoutLine: {'line': b'-- Up-to-date: /home/pavel/ws_ros2/install/px4_msgs/include/px4_msgs/px4_msgs/msg/detail/sensor_optical_flow__functions.c\n'}
[5.820858] (px4_msgs) StdoutLine: {'line': b'-- Up-to-date: /home/pavel/ws_ros2/install/px4_msgs/include/px4_msgs/px4_msgs/msg/detail/vehicle_global_position__struct.h\n'}
[5.820988] (px4_msgs) StdoutLine: {'line': b'-- Up-to-date: /home/pavel/ws_ros2/install/px4_msgs/include/px4_msgs/px4_msgs/msg/detail/tecs_status__struct.h\n'}
[5.821048] (px4_msgs) StdoutLine: {'line': b'-- Up-to-date: /home/pavel/ws_ros2/install/px4_msgs/include/px4_msgs/px4_msgs/msg/detail/landing_target_pose__functions.h\n'}
[5.821106] (px4_msgs) StdoutLine: {'line': b'-- Up-to-date: /home/pavel/ws_ros2/install/px4_msgs/include/px4_msgs/px4_msgs/msg/detail/collision_report__type_support.h\n'}
[5.821163] (px4_msgs) StdoutLine: {'line': b'-- Up-to-date: /home/pavel/ws_ros2/install/px4_msgs/include/px4_msgs/px4_msgs/msg/detail/ulog_stream_ack__type_support.h\n'}
[5.821219] (px4_msgs) StdoutLine: {'line': b'-- Up-to-date: /home/pavel/ws_ros2/install/px4_msgs/include/px4_msgs/px4_msgs/msg/detail/radio_status__struct.h\n'}
[5.821290] (px4_msgs) StdoutLine: {'line': b'-- Up-to-date: /home/pavel/ws_ros2/install/px4_msgs/include/px4_msgs/px4_msgs/msg/detail/trajectory_waypoint__type_support.h\n'}
[5.821349] (px4_msgs) StdoutLine: {'line': b'-- Up-to-date: /home/pavel/ws_ros2/install/px4_msgs/include/px4_msgs/px4_msgs/msg/detail/vehicle_thrust_setpoint__functions.c\n'}
[5.821407] (px4_msgs) StdoutLine: {'line': b'-- Up-to-date: /home/pavel/ws_ros2/install/px4_msgs/include/px4_msgs/px4_msgs/msg/detail/estimator_status__type_support.h\n'}
[5.821465] (px4_msgs) StdoutLine: {'line': b'-- Up-to-date: /home/pavel/ws_ros2/install/px4_msgs/include/px4_msgs/px4_msgs/msg/detail/actuator_test__type_support.h\n'}
[5.821539] (px4_msgs) StdoutLine: {'line': b'-- Up-to-date: /home/pavel/ws_ros2/install/px4_msgs/include/px4_msgs/px4_msgs/msg/detail/pps_capture__struct.h\n'}
[5.821600] (px4_msgs) StdoutLine: {'line': b'-- Up-to-date: /home/pavel/ws_ros2/install/px4_msgs/include/px4_msgs/px4_msgs/msg/detail/vehicle_roi__struct.h\n'}
[5.821657] (px4_msgs) StdoutLine: {'line': b'-- Up-to-date: /home/pavel/ws_ros2/install/px4_msgs/include/px4_msgs/px4_msgs/msg/detail/led_control__struct.h\n'}
[5.821715] (px4_msgs) StdoutLine: {'line': b'-- Up-to-date: /home/pavel/ws_ros2/install/px4_msgs/include/px4_msgs/px4_msgs/msg/detail/position_setpoint__functions.h\n'}
[5.821773] (px4_msgs) StdoutLine: {'line': b'-- Up-to-date: /home/pavel/ws_ros2/install/px4_msgs/include/px4_msgs/px4_msgs/msg/detail/input_rc__functions.c\n'}
[5.821831] (px4_msgs) StdoutLine: {'line': b'-- Up-to-date: /home/pavel/ws_ros2/install/px4_msgs/include/px4_msgs/px4_msgs/msg/detail/debug_key_value__functions.c\n'}
[5.821957] (px4_msgs) StdoutLine: {'line': b'-- Up-to-date: /home/pavel/ws_ros2/install/px4_msgs/include/px4_msgs/px4_msgs/msg/detail/debug_key_value__type_support.h\n'}
[5.822073] (px4_msgs) StdoutLine: {'line': b'-- Up-to-date: /home/pavel/ws_ros2/install/px4_msgs/include/px4_msgs/px4_msgs/msg/detail/arming_check_reply__struct.h\n'}
[5.822133] (px4_msgs) StdoutLine: {'line': b'-- Up-to-date: /home/pavel/ws_ros2/install/px4_msgs/include/px4_msgs/px4_msgs/msg/detail/vehicle_thrust_setpoint__functions.h\n'}
[5.822230] (px4_msgs) StdoutLine: {'line': b'-- Up-to-date: /home/pavel/ws_ros2/install/px4_msgs/include/px4_msgs/px4_msgs/msg/detail/differential_pressure__functions.h\n'}
[5.822290] (px4_msgs) StdoutLine: {'line': b'-- Up-to-date: /home/pavel/ws_ros2/install/px4_msgs/include/px4_msgs/px4_msgs/msg/detail/sensor_baro__functions.c\n'}
[5.822351] (px4_msgs) StdoutLine: {'line': b'-- Up-to-date: /home/pavel/ws_ros2/install/px4_msgs/include/px4_msgs/px4_msgs/msg/detail/led_control__type_support.h\n'}
[5.822422] (px4_msgs) StdoutLine: {'line': b'-- Up-to-date: /home/pavel/ws_ros2/install/px4_msgs/include/px4_msgs/px4_msgs/msg/detail/pps_capture__type_support.h\n'}
[5.822479] (px4_msgs) StdoutLine: {'line': b'-- Up-to-date: /home/pavel/ws_ros2/install/px4_msgs/include/px4_msgs/px4_msgs/msg/detail/generator_status__functions.c\n'}
[5.822536] (px4_msgs) StdoutLine: {'line': b'-- Up-to-date: /home/pavel/ws_ros2/install/px4_msgs/include/px4_msgs/px4_msgs/msg/detail/velocity_limits__functions.c\n'}
[5.822593] (px4_msgs) StdoutLine: {'line': b'-- Up-to-date: /home/pavel/ws_ros2/install/px4_msgs/include/px4_msgs/px4_msgs/msg/detail/dataman_request__struct.h\n'}
[5.822650] (px4_msgs) StdoutLine: {'line': b'-- Up-to-date: /home/pavel/ws_ros2/install/px4_msgs/include/px4_msgs/px4_msgs/msg/detail/arming_check_reply__functions.h\n'}
[5.822706] (px4_msgs) StdoutLine: {'line': b'-- Up-to-date: /home/pavel/ws_ros2/install/px4_msgs/include/px4_msgs/px4_msgs/msg/detail/button_event__functions.h\n'}
[5.822763] (px4_msgs) StdoutLine: {'line': b'-- Up-to-date: /home/pavel/ws_ros2/install/px4_msgs/include/px4_msgs/px4_msgs/msg/detail/sensor_gyro__struct.h\n'}
[5.822820] (px4_msgs) StdoutLine: {'line': b'-- Up-to-date: /home/pavel/ws_ros2/install/px4_msgs/include/px4_msgs/px4_msgs/msg/detail/follow_target__type_support.h\n'}
[5.822908] (px4_msgs) StdoutLine: {'line': b'-- Up-to-date: /home/pavel/ws_ros2/install/px4_msgs/include/px4_msgs/px4_msgs/msg/detail/tecs_status__functions.h\n'}
[5.823156] (px4_msgs) StdoutLine: {'line': b'-- Up-to-date: /home/pavel/ws_ros2/install/px4_msgs/include/px4_msgs/px4_msgs/msg/detail/trajectory_bezier__type_support.h\n'}
[5.823214] (px4_msgs) StdoutLine: {'line': b'-- Up-to-date: /home/pavel/ws_ros2/install/px4_msgs/include/px4_msgs/px4_msgs/msg/detail/register_ext_component_reply__functions.c\n'}
[5.823272] (px4_msgs) StdoutLine: {'line': b'-- Up-to-date: /home/pavel/ws_ros2/install/px4_msgs/include/px4_msgs/px4_msgs/msg/detail/collision_constraints__type_support.h\n'}
[5.823432] (px4_msgs) StdoutLine: {'line': b'-- Up-to-date: /home/pavel/ws_ros2/install/px4_msgs/include/px4_msgs/px4_msgs/msg/detail/failure_detector_status__type_support.h\n'}
[5.823490] (px4_msgs) StdoutLine: {'line': b'-- Up-to-date: /home/pavel/ws_ros2/install/px4_msgs/include/px4_msgs/px4_msgs/msg/detail/magnetometer_bias_estimate__struct.h\n'}
[5.823546] (px4_msgs) StdoutLine: {'line': b'-- Up-to-date: /home/pavel/ws_ros2/install/px4_msgs/include/px4_msgs/px4_msgs/msg/detail/vehicle_attitude_setpoint__functions.h\n'}
[5.823601] (px4_msgs) StdoutLine: {'line': b'-- Up-to-date: /home/pavel/ws_ros2/install/px4_msgs/include/px4_msgs/px4_msgs/msg/detail/vehicle_optical_flow_vel__type_support.h\n'}
[5.823657] (px4_msgs) StdoutLine: {'line': b'-- Up-to-date: /home/pavel/ws_ros2/install/px4_msgs/include/px4_msgs/px4_msgs/msg/detail/manual_control_setpoint__type_support.h\n'}
[5.823712] (px4_msgs) StdoutLine: {'line': b'-- Up-to-date: /home/pavel/ws_ros2/install/px4_msgs/include/px4_msgs/px4_msgs/msg/detail/uavcan_parameter_value__type_support.h\n'}
[5.823767] (px4_msgs) StdoutLine: {'line': b'-- Up-to-date: /home/pavel/ws_ros2/install/px4_msgs/include/px4_msgs/px4_msgs/msg/detail/mag_worker_data__struct.h\n'}
[5.823823] (px4_msgs) StdoutLine: {'line': b'-- Up-to-date: /home/pavel/ws_ros2/install/px4_msgs/include/px4_msgs/px4_msgs/msg/detail/manual_control_switches__struct.h\n'}
[5.823907] (px4_msgs) StdoutLine: {'line': b'-- Up-to-date: /home/pavel/ws_ros2/install/px4_msgs/include/px4_msgs/px4_msgs/msg/detail/esc_report__functions.c\n'}
[5.824102] (px4_msgs) StdoutLine: {'line': b'-- Up-to-date: /home/pavel/ws_ros2/install/px4_msgs/include/px4_msgs/px4_msgs/msg/detail/estimator_gps_status__struct.h\n'}
[5.824160] (px4_msgs) StdoutLine: {'line': b'-- Up-to-date: /home/pavel/ws_ros2/install/px4_msgs/include/px4_msgs/px4_msgs/msg/detail/differential_drive_setpoint__functions.h\n'}
[5.824216] (px4_msgs) StdoutLine: {'line': b'-- Up-to-date: /home/pavel/ws_ros2/install/px4_msgs/include/px4_msgs/px4_msgs/msg/detail/health_report__type_support.h\n'}
[5.824272] (px4_msgs) StdoutLine: {'line': b'-- Up-to-date: /home/pavel/ws_ros2/install/px4_msgs/include/px4_msgs/px4_msgs/msg/detail/fuel_tank_status__struct.h\n'}
[5.824328] (px4_msgs) StdoutLine: {'line': b'-- Up-to-date: /home/pavel/ws_ros2/install/px4_msgs/include/px4_msgs/px4_msgs/msg/detail/airspeed__functions.c\n'}
[5.824384] (px4_msgs) StdoutLine: {'line': b'-- Up-to-date: /home/pavel/ws_ros2/install/px4_msgs/include/px4_msgs/px4_msgs/msg/detail/orb_test__struct.h\n'}
[5.824439] (px4_msgs) StdoutLine: {'line': b'-- Up-to-date: /home/pavel/ws_ros2/install/px4_msgs/include/px4_msgs/px4_msgs/msg/detail/mavlink_tunnel__type_support.h\n'}
[5.824494] (px4_msgs) StdoutLine: {'line': b'-- Up-to-date: /home/pavel/ws_ros2/install/px4_msgs/include/px4_msgs/px4_msgs/msg/detail/distance_sensor__functions.h\n'}
[5.824550] (px4_msgs) StdoutLine: {'line': b'-- Up-to-date: /home/pavel/ws_ros2/install/px4_msgs/include/px4_msgs/px4_msgs/msg/detail/qshell_retval__functions.c\n'}
[5.824605] (px4_msgs) StdoutLine: {'line': b'-- Up-to-date: /home/pavel/ws_ros2/install/px4_msgs/include/px4_msgs/px4_msgs/msg/detail/mount_orientation__functions.c\n'}
[5.824660] (px4_msgs) StdoutLine: {'line': b'-- Up-to-date: /home/pavel/ws_ros2/install/px4_msgs/include/px4_msgs/px4_msgs/msg/detail/actuator_outputs__functions.c\n'}
[5.824715] (px4_msgs) StdoutLine: {'line': b'-- Up-to-date: /home/pavel/ws_ros2/install/px4_msgs/include/px4_msgs/px4_msgs/msg/detail/camera_capture__type_support.h\n'}
[5.824770] (px4_msgs) StdoutLine: {'line': b'-- Up-to-date: /home/pavel/ws_ros2/install/px4_msgs/include/px4_msgs/px4_msgs/msg/detail/message_format_request__functions.h\n'}
[5.824825] (px4_msgs) StdoutLine: {'line': b'-- Up-to-date: /home/pavel/ws_ros2/install/px4_msgs/include/px4_msgs/px4_msgs/msg/detail/airspeed_validated__type_support.h\n'}
[5.825116] (px4_msgs) StdoutLine: {'line': b'-- Up-to-date: /home/pavel/ws_ros2/install/px4_msgs/include/px4_msgs/px4_msgs/msg/detail/gpio_config__struct.h\n'}
[5.825209] (px4_msgs) StdoutLine: {'line': b'-- Up-to-date: /home/pavel/ws_ros2/install/px4_msgs/include/px4_msgs/px4_msgs/msg/detail/sensors_status__type_support.h\n'}
[5.825280] (px4_msgs) StdoutLine: {'line': b'-- Up-to-date: /home/pavel/ws_ros2/install/px4_msgs/include/px4_msgs/px4_msgs/msg/detail/vehicle_roi__functions.c\n'}
[5.825337] (px4_msgs) StdoutLine: {'line': b'-- Up-to-date: /home/pavel/ws_ros2/install/px4_msgs/include/px4_msgs/px4_msgs/msg/detail/wheel_encoders__functions.h\n'}
[5.825395] (px4_msgs) StdoutLine: {'line': b'-- Up-to-date: /home/pavel/ws_ros2/install/px4_msgs/include/px4_msgs/px4_msgs/msg/detail/actuator_servos__struct.h\n'}
[5.825451] (px4_msgs) StdoutLine: {'line': b'-- Up-to-date: /home/pavel/ws_ros2/install/px4_msgs/include/px4_msgs/px4_msgs/msg/detail/magnetometer_bias_estimate__type_support.h\n'}
[5.825508] (px4_msgs) StdoutLine: {'line': b'-- Up-to-date: /home/pavel/ws_ros2/install/px4_msgs/include/px4_msgs/px4_msgs/msg/detail/sensor_airflow__functions.h\n'}
[5.825565] (px4_msgs) StdoutLine: {'line': b'-- Up-to-date: /home/pavel/ws_ros2/install/px4_msgs/include/px4_msgs/px4_msgs/msg/detail/cellular_status__type_support.h\n'}
[5.825623] (px4_msgs) StdoutLine: {'line': b'-- Up-to-date: /home/pavel/ws_ros2/install/px4_msgs/include/px4_msgs/px4_msgs/msg/detail/parameter_set_value_response__functions.h\n'}
[5.825680] (px4_msgs) StdoutLine: {'line': b'-- Up-to-date: /home/pavel/ws_ros2/install/px4_msgs/include/px4_msgs/px4_msgs/msg/detail/vehicle_attitude_setpoint__type_support.h\n'}
[5.825737] (px4_msgs) StdoutLine: {'line': b'-- Up-to-date: /home/pavel/ws_ros2/install/px4_msgs/include/px4_msgs/px4_msgs/msg/detail/pwm_input__functions.c\n'}
[5.826018] (px4_msgs) StdoutLine: {'line': b'-- Up-to-date: /home/pavel/ws_ros2/install/px4_msgs/include/px4_msgs/px4_msgs/msg/detail/rate_ctrl_status__functions.h\n'}
[5.826144] (px4_msgs) StdoutLine: {'line': b'-- Up-to-date: /home/pavel/ws_ros2/install/px4_msgs/include/px4_msgs/px4_msgs/msg/detail/gps_inject_data__functions.c\n'}
[5.826203] (px4_msgs) StdoutLine: {'line': b'-- Up-to-date: /home/pavel/ws_ros2/install/px4_msgs/include/px4_msgs/px4_msgs/msg/detail/sensors_status_imu__functions.h\n'}
[5.826261] (px4_msgs) StdoutLine: {'line': b'-- Up-to-date: /home/pavel/ws_ros2/install/px4_msgs/include/px4_msgs/px4_msgs/msg/detail/control_allocator_status__functions.c\n'}
[5.826331] (px4_msgs) StdoutLine: {'line': b'-- Up-to-date: /home/pavel/ws_ros2/install/px4_msgs/include/px4_msgs/px4_msgs/msg/detail/gimbal_manager_set_manual_control__type_support.h\n'}
[5.826387] (px4_msgs) StdoutLine: {'line': b'-- Up-to-date: /home/pavel/ws_ros2/install/px4_msgs/include/px4_msgs/px4_msgs/msg/detail/debug_array__type_support.h\n'}
[5.826459] (px4_msgs) StdoutLine: {'line': b'-- Up-to-date: /home/pavel/ws_ros2/install/px4_msgs/include/px4_msgs/px4_msgs/msg/detail/camera_capture__struct.h\n'}
[5.826517] (px4_msgs) StdoutLine: {'line': b'-- Up-to-date: /home/pavel/ws_ros2/install/px4_msgs/include/px4_msgs/px4_msgs/msg/detail/vehicle_attitude__functions.c\n'}
[5.826573] (px4_msgs) StdoutLine: {'line': b'-- Up-to-date: /home/pavel/ws_ros2/install/px4_msgs/include/px4_msgs/px4_msgs/msg/detail/parameter_update__struct.h\n'}
[5.826628] (px4_msgs) StdoutLine: {'line': b'-- Up-to-date: /home/pavel/ws_ros2/install/px4_msgs/include/px4_msgs/px4_msgs/msg/detail/mag_worker_data__type_support.h\n'}
[5.826683] (px4_msgs) StdoutLine: {'line': b'-- Up-to-date: /home/pavel/ws_ros2/install/px4_msgs/include/px4_msgs/px4_msgs/msg/detail/differential_pressure__struct.h\n'}
[5.826738] (px4_msgs) StdoutLine: {'line': b'-- Up-to-date: /home/pavel/ws_ros2/install/px4_msgs/include/px4_msgs/px4_msgs/msg/detail/generator_status__functions.h\n'}
[5.826793] (px4_msgs) StdoutLine: {'line': b'-- Up-to-date: /home/pavel/ws_ros2/install/px4_msgs/include/px4_msgs/px4_msgs/msg/detail/vehicle_local_position__functions.c\n'}
[5.826852] (px4_msgs) StdoutLine: {'line': b'-- Up-to-date: /home/pavel/ws_ros2/install/px4_msgs/include/px4_msgs/px4_msgs/msg/detail/sensor_correction__functions.h\n'}
[5.827113] (px4_msgs) StdoutLine: {'line': b'-- Up-to-date: /home/pavel/ws_ros2/install/px4_msgs/include/px4_msgs/px4_msgs/msg/detail/dataman_request__functions.h\n'}
[5.827170] (px4_msgs) StdoutLine: {'line': b'-- Up-to-date: /home/pavel/ws_ros2/install/px4_msgs/include/px4_msgs/px4_msgs/msg/detail/geofence_status__functions.c\n'}
[5.827225] (px4_msgs) StdoutLine: {'line': b'-- Up-to-date: /home/pavel/ws_ros2/install/px4_msgs/include/px4_msgs/px4_msgs/msg/detail/gimbal_manager_set_attitude__struct.h\n'}
[5.827280] (px4_msgs) StdoutLine: {'line': b'-- Up-to-date: /home/pavel/ws_ros2/install/px4_msgs/include/px4_msgs/px4_msgs/msg/detail/gimbal_controls__functions.c\n'}
[5.827334] (px4_msgs) StdoutLine: {'line': b'-- Up-to-date: /home/pavel/ws_ros2/install/px4_msgs/include/px4_msgs/px4_msgs/msg/detail/power_button_state__struct.h\n'}
[5.827388] (px4_msgs) StdoutLine: {'line': b'-- Up-to-date: /home/pavel/ws_ros2/install/px4_msgs/include/px4_msgs/px4_msgs/msg/detail/vehicle_angular_acceleration_setpoint__functions.h\n'}
[5.827443] (px4_msgs) StdoutLine: {'line': b'-- Up-to-date: /home/pavel/ws_ros2/install/px4_msgs/include/px4_msgs/px4_msgs/msg/detail/esc_report__type_support.h\n'}
[5.827498] (px4_msgs) StdoutLine: {'line': b'-- Up-to-date: /home/pavel/ws_ros2/install/px4_msgs/include/px4_msgs/px4_msgs/msg/detail/vehicle_attitude__type_support.h\n'}
[5.827552] (px4_msgs) StdoutLine: {'line': b'-- Up-to-date: /home/pavel/ws_ros2/install/px4_msgs/include/px4_msgs/px4_msgs/msg/detail/sensor_gps__type_support.h\n'}
[5.827607] (px4_msgs) StdoutLine: {'line': b'-- Up-to-date: /home/pavel/ws_ros2/install/px4_msgs/include/px4_msgs/px4_msgs/msg/detail/gimbal_manager_set_manual_control__functions.h\n'}
[5.827681] (px4_msgs) StdoutLine: {'line': b'-- Up-to-date: /home/pavel/ws_ros2/install/px4_msgs/include/px4_msgs/px4_msgs/msg/detail/fuel_tank_status__functions.c\n'}
[5.827736] (px4_msgs) StdoutLine: {'line': b'-- Up-to-date: /home/pavel/ws_ros2/install/px4_msgs/include/px4_msgs/px4_msgs/msg/detail/event__functions.c\n'}
[5.827791] (px4_msgs) StdoutLine: {'line': b'-- Up-to-date: /home/pavel/ws_ros2/install/px4_msgs/include/px4_msgs/px4_msgs/msg/detail/vehicle_attitude_setpoint__struct.h\n'}
[5.827849] (px4_msgs) StdoutLine: {'line': b'-- Up-to-date: /home/pavel/ws_ros2/install/px4_msgs/include/px4_msgs/px4_msgs/msg/detail/launch_detection_status__type_support.h\n'}
[5.828159] (px4_msgs) StdoutLine: {'line': b'-- Up-to-date: /home/pavel/ws_ros2/install/px4_msgs/include/px4_msgs/px4_msgs/msg/detail/dataman_response__functions.c\n'}
[5.828276] (px4_msgs) StdoutLine: {'line': b'-- Up-to-date: /home/pavel/ws_ros2/install/px4_msgs/include/px4_msgs/px4_msgs/msg/detail/heater_status__functions.h\n'}
[5.828354] (px4_msgs) StdoutLine: {'line': b'-- Up-to-date: /home/pavel/ws_ros2/install/px4_msgs/include/px4_msgs/px4_msgs/msg/detail/sensor_gyro_fifo__type_support.h\n'}
[5.828414] (px4_msgs) StdoutLine: {'line': b'-- Up-to-date: /home/pavel/ws_ros2/install/px4_msgs/include/px4_msgs/px4_msgs/msg/detail/health_report__functions.c\n'}
[5.828470] (px4_msgs) StdoutLine: {'line': b'-- Up-to-date: /home/pavel/ws_ros2/install/px4_msgs/include/px4_msgs/px4_msgs/msg/detail/differential_pressure__functions.c\n'}
[5.828525] (px4_msgs) StdoutLine: {'line': b'-- Up-to-date: /home/pavel/ws_ros2/install/px4_msgs/include/px4_msgs/px4_msgs/msg/detail/message_format_response__struct.h\n'}
[5.828663] (px4_msgs) StdoutLine: {'line': b'-- Up-to-date: /home/pavel/ws_ros2/install/px4_msgs/include/px4_msgs/px4_msgs/msg/detail/cpuload__functions.c\n'}
[5.828721] (px4_msgs) StdoutLine: {'line': b'-- Up-to-date: /home/pavel/ws_ros2/install/px4_msgs/include/px4_msgs/px4_msgs/msg/detail/parameter_set_used_request__functions.c\n'}
[5.828777] (px4_msgs) StdoutLine: {'line': b'-- Up-to-date: /home/pavel/ws_ros2/install/px4_msgs/include/px4_msgs/px4_msgs/msg/detail/mission_result__functions.h\n'}
[5.828879] (px4_msgs) StdoutLine: {'line': b'-- Up-to-date: /home/pavel/ws_ros2/install/px4_msgs/include/px4_msgs/px4_msgs/msg/detail/adc_report__functions.c\n'}
[5.828986] (px4_msgs) StdoutLine: {'line': b'-- Up-to-date: /home/pavel/ws_ros2/install/px4_msgs/include/px4_msgs/px4_msgs/msg/detail/failsafe_flags__struct.h\n'}
[5.829045] (px4_msgs) StdoutLine: {'line': b'-- Up-to-date: /home/pavel/ws_ros2/install/px4_msgs/include/px4_msgs/px4_msgs/msg/detail/camera_status__struct.h\n'}
[5.829100] (px4_msgs) StdoutLine: {'line': b'-- Up-to-date: /home/pavel/ws_ros2/install/px4_msgs/include/px4_msgs/px4_msgs/msg/detail/sensor_combined__struct.h\n'}
[5.829154] (px4_msgs) StdoutLine: {'line': b'-- Up-to-date: /home/pavel/ws_ros2/install/px4_msgs/include/px4_msgs/px4_msgs/msg/detail/battery_status__functions.c\n'}
[5.829208] (px4_msgs) StdoutLine: {'line': b'-- Up-to-date: /home/pavel/ws_ros2/install/px4_msgs/include/px4_msgs/px4_msgs/msg/detail/gimbal_device_attitude_status__functions.c\n'}
[5.829262] (px4_msgs) StdoutLine: {'line': b'-- Up-to-date: /home/pavel/ws_ros2/install/px4_msgs/include/px4_msgs/px4_msgs/msg/detail/vehicle_global_position__functions.c\n'}
[5.829315] (px4_msgs) StdoutLine: {'line': b'-- Up-to-date: /home/pavel/ws_ros2/install/px4_msgs/include/px4_msgs/px4_msgs/msg/detail/vehicle_acceleration__type_support.h\n'}
[5.829369] (px4_msgs) StdoutLine: {'line': b'-- Up-to-date: /home/pavel/ws_ros2/install/px4_msgs/include/px4_msgs/px4_msgs/msg/detail/follow_target_estimator__type_support.h\n'}
[5.829422] (px4_msgs) StdoutLine: {'line': b'-- Up-to-date: /home/pavel/ws_ros2/install/px4_msgs/include/px4_msgs/px4_msgs/msg/detail/trajectory_setpoint__struct.h\n'}
[5.829476] (px4_msgs) StdoutLine: {'line': b'-- Up-to-date: /home/pavel/ws_ros2/install/px4_msgs/include/px4_msgs/px4_msgs/msg/detail/parameter_set_value_request__functions.c\n'}
[5.829545] (px4_msgs) StdoutLine: {'line': b'-- Up-to-date: /home/pavel/ws_ros2/install/px4_msgs/include/px4_msgs/px4_msgs/msg/detail/esc_status__struct.h\n'}
[5.829600] (px4_msgs) StdoutLine: {'line': b'-- Up-to-date: /home/pavel/ws_ros2/install/px4_msgs/include/px4_msgs/px4_msgs/msg/detail/sensor_accel_fifo__struct.h\n'}
[5.829654] (px4_msgs) StdoutLine: {'line': b'-- Up-to-date: /home/pavel/ws_ros2/install/px4_msgs/include/px4_msgs/px4_msgs/msg/detail/button_event__type_support.h\n'}
[5.829708] (px4_msgs) StdoutLine: {'line': b'-- Up-to-date: /home/pavel/ws_ros2/install/px4_msgs/include/px4_msgs/px4_msgs/msg/detail/mavlink_log__type_support.h\n'}
[5.829762] (px4_msgs) StdoutLine: {'line': b'-- Up-to-date: /home/pavel/ws_ros2/install/px4_msgs/include/px4_msgs/px4_msgs/msg/detail/camera_trigger__struct.h\n'}
[5.829816] (px4_msgs) StdoutLine: {'line': b'-- Up-to-date: /home/pavel/ws_ros2/install/px4_msgs/include/px4_msgs/px4_msgs/msg/detail/airspeed_wind__functions.c\n'}
[5.829881] (px4_msgs) StdoutLine: {'line': b'-- Up-to-date: /home/pavel/ws_ros2/install/px4_msgs/include/px4_msgs/px4_msgs/msg/detail/rate_ctrl_status__struct.h\n'}
[5.830048] (px4_msgs) StdoutLine: {'line': b'-- Up-to-date: /home/pavel/ws_ros2/install/px4_msgs/include/px4_msgs/px4_msgs/msg/detail/vehicle_optical_flow_vel__functions.h\n'}
[5.830105] (px4_msgs) StdoutLine: {'line': b'-- Up-to-date: /home/pavel/ws_ros2/install/px4_msgs/include/px4_msgs/px4_msgs/msg/detail/vehicle_control_mode__functions.h\n'}
[5.830159] (px4_msgs) StdoutLine: {'line': b'-- Up-to-date: /home/pavel/ws_ros2/install/px4_msgs/include/px4_msgs/px4_msgs/msg/detail/power_monitor__struct.h\n'}
[5.830220] (px4_msgs) StdoutLine: {'line': b'-- Up-to-date: /home/pavel/ws_ros2/install/px4_msgs/include/px4_msgs/px4_msgs/msg/detail/landing_target_innovations__functions.h\n'}
[5.830275] (px4_msgs) StdoutLine: {'line': b'-- Up-to-date: /home/pavel/ws_ros2/install/px4_msgs/include/px4_msgs/px4_msgs/msg/detail/fuel_tank_status__type_support.h\n'}
[5.830344] (px4_msgs) StdoutLine: {'line': b'-- Up-to-date: /home/pavel/ws_ros2/install/px4_msgs/include/px4_msgs/px4_msgs/msg/detail/mode_completed__type_support.h\n'}
[5.830400] (px4_msgs) StdoutLine: {'line': b'-- Up-to-date: /home/pavel/ws_ros2/install/px4_msgs/include/px4_msgs/px4_msgs/msg/detail/estimator_bias3d__functions.c\n'}
[5.830455] (px4_msgs) StdoutLine: {'line': b'-- Up-to-date: /home/pavel/ws_ros2/install/px4_msgs/include/px4_msgs/px4_msgs/msg/detail/landing_target_pose__type_support.h\n'}
[5.830511] (px4_msgs) StdoutLine: {'line': b'-- Up-to-date: /home/pavel/ws_ros2/install/px4_msgs/include/px4_msgs/px4_msgs/msg/detail/obstacle_distance__functions.c\n'}
[5.830567] (px4_msgs) StdoutLine: {'line': b'-- Up-to-date: /home/pavel/ws_ros2/install/px4_msgs/include/px4_msgs/px4_msgs/msg/detail/buffer128__functions.c\n'}
[5.830623] (px4_msgs) StdoutLine: {'line': b'-- Up-to-date: /home/pavel/ws_ros2/install/px4_msgs/include/px4_msgs/px4_msgs/msg/detail/sensors_status_imu__struct.h\n'}
[5.830678] (px4_msgs) StdoutLine: {'line': b'-- Up-to-date: /home/pavel/ws_ros2/install/px4_msgs/include/px4_msgs/px4_msgs/msg/detail/estimator_bias__functions.h\n'}
[5.830734] (px4_msgs) StdoutLine: {'line': b'-- Up-to-date: /home/pavel/ws_ros2/install/px4_msgs/include/px4_msgs/px4_msgs/msg/detail/estimator_innovations__type_support.h\n'}
[5.830913] (-) TimerEvent: {}
[5.831039] (px4_msgs) StdoutLine: {'line': b'-- Up-to-date: /home/pavel/ws_ros2/install/px4_msgs/include/px4_msgs/px4_msgs/msg/detail/sensor_airflow__type_support.h\n'}
[5.831160] (px4_msgs) StdoutLine: {'line': b'-- Up-to-date: /home/pavel/ws_ros2/install/px4_msgs/include/px4_msgs/px4_msgs/msg/detail/follow_target_status__type_support.h\n'}
[5.831221] (px4_msgs) StdoutLine: {'line': b'-- Up-to-date: /home/pavel/ws_ros2/install/px4_msgs/include/px4_msgs/px4_msgs/msg/detail/buffer128__struct.h\n'}
[5.831279] (px4_msgs) StdoutLine: {'line': b'-- Up-to-date: /home/pavel/ws_ros2/install/px4_msgs/include/px4_msgs/px4_msgs/msg/detail/vehicle_magnetometer__functions.c\n'}
[5.831371] (px4_msgs) StdoutLine: {'line': b'-- Up-to-date: /home/pavel/ws_ros2/install/px4_msgs/include/px4_msgs/px4_msgs/msg/detail/register_ext_component_request__type_support.h\n'}
[5.831428] (px4_msgs) StdoutLine: {'line': b'-- Up-to-date: /home/pavel/ws_ros2/install/px4_msgs/include/px4_msgs/px4_msgs/msg/detail/tecs_status__type_support.h\n'}
[5.831484] (px4_msgs) StdoutLine: {'line': b'-- Up-to-date: /home/pavel/ws_ros2/install/px4_msgs/include/px4_msgs/px4_msgs/msg/detail/gimbal_manager_information__type_support.h\n'}
[5.831540] (px4_msgs) StdoutLine: {'line': b'-- Up-to-date: /home/pavel/ws_ros2/install/px4_msgs/include/px4_msgs/px4_msgs/msg/detail/arming_check_reply__functions.c\n'}
[5.831595] (px4_msgs) StdoutLine: {'line': b'-- Up-to-date: /home/pavel/ws_ros2/install/px4_msgs/include/px4_msgs/px4_msgs/msg/detail/vehicle_angular_velocity__functions.c\n'}
[5.831650] (px4_msgs) StdoutLine: {'line': b'-- Up-to-date: /home/pavel/ws_ros2/install/px4_msgs/include/px4_msgs/px4_msgs/msg/detail/position_controller_status__functions.h\n'}
[5.831706] (px4_msgs) StdoutLine: {'line': b'-- Up-to-date: /home/pavel/ws_ros2/install/px4_msgs/include/px4_msgs/px4_msgs/msg/detail/iridiumsbd_status__functions.c\n'}
[5.831761] (px4_msgs) StdoutLine: {'line': b'-- Up-to-date: /home/pavel/ws_ros2/install/px4_msgs/include/px4_msgs/px4_msgs/msg/detail/launch_detection_status__functions.h\n'}
[5.831817] (px4_msgs) StdoutLine: {'line': b'-- Up-to-date: /home/pavel/ws_ros2/install/px4_msgs/include/px4_msgs/px4_msgs/msg/detail/estimator_bias__struct.h\n'}
[5.831900] (px4_msgs) StdoutLine: {'line': b'-- Up-to-date: /home/pavel/ws_ros2/install/px4_msgs/include/px4_msgs/px4_msgs/msg/detail/failure_detector_status__struct.h\n'}
[5.832079] (px4_msgs) StdoutLine: {'line': b'-- Up-to-date: /home/pavel/ws_ros2/install/px4_msgs/include/px4_msgs/px4_msgs/msg/detail/log_message__functions.c\n'}
[5.832138] (px4_msgs) StdoutLine: {'line': b'-- Up-to-date: /home/pavel/ws_ros2/install/px4_msgs/include/px4_msgs/px4_msgs/msg/detail/rc_parameter_map__functions.c\n'}
[5.832195] (px4_msgs) StdoutLine: {'line': b'-- Up-to-date: /home/pavel/ws_ros2/install/px4_msgs/include/px4_msgs/px4_msgs/msg/detail/gps_dump__functions.c\n'}
[5.832252] (px4_msgs) StdoutLine: {'line': b'-- Up-to-date: /home/pavel/ws_ros2/install/px4_msgs/include/px4_msgs/px4_msgs/msg/detail/vehicle_acceleration__struct.h\n'}
[5.832308] (px4_msgs) StdoutLine: {'line': b'-- Up-to-date: /home/pavel/ws_ros2/install/px4_msgs/include/px4_msgs/px4_msgs/msg/detail/vehicle_local_position_setpoint__struct.h\n'}
[5.832365] (px4_msgs) StdoutLine: {'line': b'-- Up-to-date: /home/pavel/ws_ros2/install/px4_msgs/include/px4_msgs/px4_msgs/msg/detail/debug_vect__type_support.h\n'}
[5.832421] (px4_msgs) StdoutLine: {'line': b'-- Up-to-date: /home/pavel/ws_ros2/install/px4_msgs/include/px4_msgs/px4_msgs/msg/detail/landing_gear__struct.h\n'}
[5.832476] (px4_msgs) StdoutLine: {'line': b'-- Up-to-date: /home/pavel/ws_ros2/install/px4_msgs/include/px4_msgs/px4_msgs/msg/detail/button_event__struct.h\n'}
[5.832532] (px4_msgs) StdoutLine: {'line': b'-- Up-to-date: /home/pavel/ws_ros2/install/px4_msgs/include/px4_msgs/px4_msgs/msg/detail/gimbal_device_information__functions.h\n'}
[5.832588] (px4_msgs) StdoutLine: {'line': b'-- Up-to-date: /home/pavel/ws_ros2/install/px4_msgs/include/px4_msgs/px4_msgs/msg/detail/estimator_status__functions.c\n'}
[5.832643] (px4_msgs) StdoutLine: {'line': b'-- Up-to-date: /home/pavel/ws_ros2/install/px4_msgs/include/px4_msgs/px4_msgs/msg/detail/vehicle_angular_acceleration_setpoint__functions.c\n'}
[5.832699] (px4_msgs) StdoutLine: {'line': b'-- Up-to-date: /home/pavel/ws_ros2/install/px4_msgs/include/px4_msgs/px4_msgs/msg/detail/orb_test_medium__type_support.h\n'}
[5.832755] (px4_msgs) StdoutLine: {'line': b'-- Up-to-date: /home/pavel/ws_ros2/install/px4_msgs/include/px4_msgs/px4_msgs/msg/detail/tune_control__functions.c\n'}
[5.832810] (px4_msgs) StdoutLine: {'line': b'-- Up-to-date: /home/pavel/ws_ros2/install/px4_msgs/include/px4_msgs/px4_msgs/msg/detail/debug_vect__struct.h\n'}
[5.832966] (px4_msgs) StdoutLine: {'line': b'-- Up-to-date: /home/pavel/ws_ros2/install/px4_msgs/include/px4_msgs/px4_msgs/msg/detail/obstacle_distance__functions.h\n'}
[5.833046] (px4_msgs) StdoutLine: {'line': b'-- Up-to-date: /home/pavel/ws_ros2/install/px4_msgs/include/px4_msgs/px4_msgs/msg/detail/hover_thrust_estimate__functions.h\n'}
[5.833103] (px4_msgs) StdoutLine: {'line': b'-- Up-to-date: /home/pavel/ws_ros2/install/px4_msgs/include/px4_msgs/px4_msgs/msg/detail/mount_orientation__functions.h\n'}
[5.833159] (px4_msgs) StdoutLine: {'line': b'-- Up-to-date: /home/pavel/ws_ros2/install/px4_msgs/include/px4_msgs/px4_msgs/msg/detail/sensor_combined__type_support.h\n'}
[5.833214] (px4_msgs) StdoutLine: {'line': b'-- Up-to-date: /home/pavel/ws_ros2/install/px4_msgs/include/px4_msgs/px4_msgs/msg/detail/parameter_set_value_response__type_support.h\n'}
[5.833311] (px4_msgs) StdoutLine: {'line': b'-- Up-to-date: /home/pavel/ws_ros2/install/px4_msgs/include/px4_msgs/px4_msgs/msg/detail/logger_status__functions.c\n'}
[5.833404] (px4_msgs) StdoutLine: {'line': b'-- Up-to-date: /home/pavel/ws_ros2/install/px4_msgs/include/px4_msgs/px4_msgs/msg/detail/can_interface_status__functions.c\n'}
[5.833463] (px4_msgs) StdoutLine: {'line': b'-- Up-to-date: /home/pavel/ws_ros2/install/px4_msgs/include/px4_msgs/px4_msgs/msg/detail/airspeed__type_support.h\n'}
[5.833518] (px4_msgs) StdoutLine: {'line': b'-- Up-to-date: /home/pavel/ws_ros2/install/px4_msgs/include/px4_msgs/px4_msgs/msg/detail/orbit_status__functions.c\n'}
[5.833573] (px4_msgs) StdoutLine: {'line': b'-- Up-to-date: /home/pavel/ws_ros2/install/px4_msgs/include/px4_msgs/px4_msgs/msg/detail/sensor_correction__functions.c\n'}
[5.833628] (px4_msgs) StdoutLine: {'line': b'-- Up-to-date: /home/pavel/ws_ros2/install/px4_msgs/include/px4_msgs/px4_msgs/msg/detail/gripper__type_support.h\n'}
[5.833683] (px4_msgs) StdoutLine: {'line': b'-- Up-to-date: /home/pavel/ws_ros2/install/px4_msgs/include/px4_msgs/px4_msgs/msg/detail/rate_ctrl_status__type_support.h\n'}
[5.833738] (px4_msgs) StdoutLine: {'line': b'-- Up-to-date: /home/pavel/ws_ros2/install/px4_msgs/include/px4_msgs/px4_msgs/msg/detail/ping__functions.h\n'}
[5.833793] (px4_msgs) StdoutLine: {'line': b'-- Up-to-date: /home/pavel/ws_ros2/install/px4_msgs/include/px4_msgs/px4_msgs/msg/detail/vehicle_command__functions.c\n'}
[5.833852] (px4_msgs) StdoutLine: {'line': b'-- Up-to-date: /home/pavel/ws_ros2/install/px4_msgs/include/px4_msgs/px4_msgs/msg/detail/gpio_config__functions.c\n'}
[5.833978] (px4_msgs) StdoutLine: {'line': b'-- Up-to-date: /home/pavel/ws_ros2/install/px4_msgs/include/px4_msgs/px4_msgs/msg/detail/actuator_servos_trim__functions.c\n'}
[5.834035] (px4_msgs) StdoutLine: {'line': b'-- Up-to-date: /home/pavel/ws_ros2/install/px4_msgs/include/px4_msgs/px4_msgs/msg/detail/esc_status__functions.h\n'}
[5.834091] (px4_msgs) StdoutLine: {'line': b'-- Up-to-date: /home/pavel/ws_ros2/install/px4_msgs/include/px4_msgs/px4_msgs/msg/detail/parameter_set_value_response__struct.h\n'}
[5.834145] (px4_msgs) StdoutLine: {'line': b'-- Up-to-date: /home/pavel/ws_ros2/install/px4_msgs/include/px4_msgs/px4_msgs/msg/detail/actuator_controls_status__functions.c\n'}
[5.834201] (px4_msgs) StdoutLine: {'line': b'-- Up-to-date: /home/pavel/ws_ros2/install/px4_msgs/include/px4_msgs/px4_msgs/msg/detail/debug_value__type_support.h\n'}
[5.834256] (px4_msgs) StdoutLine: {'line': b'-- Up-to-date: /home/pavel/ws_ros2/install/px4_msgs/include/px4_msgs/px4_msgs/msg/detail/timesync_status__functions.c\n'}
[5.834312] (px4_msgs) StdoutLine: {'line': b'-- Up-to-date: /home/pavel/ws_ros2/install/px4_msgs/include/px4_msgs/px4_msgs/msg/detail/cpuload__struct.h\n'}
[5.834366] (px4_msgs) StdoutLine: {'line': b'-- Up-to-date: /home/pavel/ws_ros2/install/px4_msgs/include/px4_msgs/px4_msgs/msg/detail/estimator_states__struct.h\n'}
[5.834422] (px4_msgs) StdoutLine: {'line': b'-- Up-to-date: /home/pavel/ws_ros2/install/px4_msgs/include/px4_msgs/px4_msgs/msg/detail/register_ext_component_reply__struct.h\n'}
[5.834493] (px4_msgs) StdoutLine: {'line': b'-- Up-to-date: /home/pavel/ws_ros2/install/px4_msgs/include/px4_msgs/px4_msgs/msg/detail/vehicle_imu_status__type_support.h\n'}
[5.834550] (px4_msgs) StdoutLine: {'line': b'-- Up-to-date: /home/pavel/ws_ros2/install/px4_msgs/include/px4_msgs/px4_msgs/msg/detail/estimator_aid_source1d__functions.c\n'}
[5.834605] (px4_msgs) StdoutLine: {'line': b'-- Up-to-date: /home/pavel/ws_ros2/install/px4_msgs/include/px4_msgs/px4_msgs/msg/detail/gimbal_manager_status__functions.h\n'}
[5.834660] (px4_msgs) StdoutLine: {'line': b'-- Up-to-date: /home/pavel/ws_ros2/install/px4_msgs/include/px4_msgs/px4_msgs/msg/detail/vehicle_imu__type_support.h\n'}
[5.834715] (px4_msgs) StdoutLine: {'line': b'-- Up-to-date: /home/pavel/ws_ros2/install/px4_msgs/include/px4_msgs/px4_msgs/msg/detail/ekf2_timestamps__struct.h\n'}
[5.834770] (px4_msgs) StdoutLine: {'line': b'-- Up-to-date: /home/pavel/ws_ros2/install/px4_msgs/include/px4_msgs/px4_msgs/msg/detail/failure_detector_status__functions.h\n'}
[5.834826] (px4_msgs) StdoutLine: {'line': b'-- Up-to-date: /home/pavel/ws_ros2/install/px4_msgs/include/px4_msgs/px4_msgs/msg/detail/autotune_attitude_control_status__functions.h\n'}
[5.834980] (px4_msgs) StdoutLine: {'line': b'-- Up-to-date: /home/pavel/ws_ros2/install/px4_msgs/include/px4_msgs/px4_msgs/msg/detail/airspeed__struct.h\n'}
[5.835053] (px4_msgs) StdoutLine: {'line': b'-- Up-to-date: /home/pavel/ws_ros2/install/px4_msgs/include/px4_msgs/px4_msgs/msg/detail/gpio_request__functions.c\n'}
[5.835110] (px4_msgs) StdoutLine: {'line': b'-- Up-to-date: /home/pavel/ws_ros2/install/px4_msgs/include/px4_msgs/px4_msgs/msg/detail/gimbal_device_attitude_status__functions.h\n'}
[5.835167] (px4_msgs) StdoutLine: {'line': b'-- Up-to-date: /home/pavel/ws_ros2/install/px4_msgs/include/px4_msgs/px4_msgs/msg/detail/telemetry_status__functions.h\n'}
[5.835222] (px4_msgs) StdoutLine: {'line': b'-- Up-to-date: /home/pavel/ws_ros2/install/px4_msgs/include/px4_msgs/px4_msgs/msg/detail/control_allocator_status__struct.h\n'}
[5.835335] (px4_msgs) StdoutLine: {'line': b'-- Up-to-date: /home/pavel/ws_ros2/install/px4_msgs/include/px4_msgs/px4_msgs/msg/detail/hover_thrust_estimate__type_support.h\n'}
[5.835396] (px4_msgs) StdoutLine: {'line': b'-- Up-to-date: /home/pavel/ws_ros2/install/px4_msgs/include/px4_msgs/px4_msgs/msg/detail/vtol_vehicle_status__functions.c\n'}
[5.835455] (px4_msgs) StdoutLine: {'line': b'-- Up-to-date: /home/pavel/ws_ros2/install/px4_msgs/include/px4_msgs/px4_msgs/msg/detail/sensor_hygrometer__struct.h\n'}
[5.835513] (px4_msgs) StdoutLine: {'line': b'-- Up-to-date: /home/pavel/ws_ros2/install/px4_msgs/include/px4_msgs/px4_msgs/msg/detail/differential_pressure__type_support.h\n'}
[5.835619] (px4_msgs) StdoutLine: {'line': b'-- Up-to-date: /home/pavel/ws_ros2/install/px4_msgs/include/px4_msgs/px4_msgs/msg/detail/ulog_stream__struct.h\n'}
[5.835679] (px4_msgs) StdoutLine: {'line': b'-- Up-to-date: /home/pavel/ws_ros2/install/px4_msgs/include/px4_msgs/px4_msgs/msg/detail/obstacle_distance__struct.h\n'}
[5.835737] (px4_msgs) StdoutLine: {'line': b'-- Up-to-date: /home/pavel/ws_ros2/install/px4_msgs/include/px4_msgs/px4_msgs/msg/detail/vehicle_command_ack__functions.c\n'}
[5.835795] (px4_msgs) StdoutLine: {'line': b'-- Up-to-date: /home/pavel/ws_ros2/install/px4_msgs/include/px4_msgs/px4_msgs/msg/detail/battery_status__struct.h\n'}
[5.835858] (px4_msgs) StdoutLine: {'line': b'-- Up-to-date: /home/pavel/ws_ros2/install/px4_msgs/include/px4_msgs/px4_msgs/msg/detail/ulog_stream_ack__functions.h\n'}
[5.835979] (px4_msgs) StdoutLine: {'line': b'-- Up-to-date: /home/pavel/ws_ros2/install/px4_msgs/include/px4_msgs/px4_msgs/msg/detail/vehicle_command__functions.h\n'}
[5.836038] (px4_msgs) StdoutLine: {'line': b'-- Up-to-date: /home/pavel/ws_ros2/install/px4_msgs/include/px4_msgs/px4_msgs/msg/detail/irlock_report__functions.h\n'}
[5.836096] (px4_msgs) StdoutLine: {'line': b'-- Up-to-date: /home/pavel/ws_ros2/install/px4_msgs/include/px4_msgs/px4_msgs/msg/detail/gimbal_manager_set_attitude__functions.h\n'}
[5.836183] (px4_msgs) StdoutLine: {'line': b'-- Up-to-date: /home/pavel/ws_ros2/install/px4_msgs/include/px4_msgs/px4_msgs/msg/detail/vehicle_local_position_setpoint__functions.h\n'}
[5.836243] (px4_msgs) StdoutLine: {'line': b'-- Up-to-date: /home/pavel/ws_ros2/install/px4_msgs/include/px4_msgs/px4_msgs/msg/detail/register_ext_component_reply__functions.h\n'}
[5.836315] (px4_msgs) StdoutLine: {'line': b'-- Up-to-date: /home/pavel/ws_ros2/install/px4_msgs/include/px4_msgs/px4_msgs/msg/detail/esc_report__functions.h\n'}
[5.836372] (px4_msgs) StdoutLine: {'line': b'-- Up-to-date: /home/pavel/ws_ros2/install/px4_msgs/include/px4_msgs/px4_msgs/msg/detail/estimator_aid_source3d__type_support.h\n'}
[5.836428] (px4_msgs) StdoutLine: {'line': b'-- Up-to-date: /home/pavel/ws_ros2/install/px4_msgs/include/px4_msgs/px4_msgs/msg/detail/vehicle_land_detected__type_support.h\n'}
[5.836485] (px4_msgs) StdoutLine: {'line': b'-- Up-to-date: /home/pavel/ws_ros2/install/px4_msgs/include/px4_msgs/px4_msgs/msg/detail/landing_gear_wheel__type_support.h\n'}
[5.836541] (px4_msgs) StdoutLine: {'line': b'-- Up-to-date: /home/pavel/ws_ros2/install/px4_msgs/include/px4_msgs/px4_msgs/msg/detail/telemetry_status__functions.c\n'}
[5.836598] (px4_msgs) StdoutLine: {'line': b'-- Up-to-date: /home/pavel/ws_ros2/install/px4_msgs/include/px4_msgs/px4_msgs/msg/control_allocator_status.h\n'}
[5.836654] (px4_msgs) StdoutLine: {'line': b'-- Up-to-date: /home/pavel/ws_ros2/install/px4_msgs/include/px4_msgs/px4_msgs/msg/cellular_status.h\n'}
[5.836709] (px4_msgs) StdoutLine: {'line': b'-- Up-to-date: /home/pavel/ws_ros2/install/px4_msgs/include/px4_msgs/px4_msgs/msg/iridiumsbd_status.h\n'}
[5.836765] (px4_msgs) StdoutLine: {'line': b'-- Up-to-date: /home/pavel/ws_ros2/install/px4_msgs/include/px4_msgs/px4_msgs/msg/estimator_bias.h\n'}
[5.836821] (px4_msgs) StdoutLine: {'line': b'-- Up-to-date: /home/pavel/ws_ros2/install/px4_msgs/include/px4_msgs/px4_msgs/msg/sensor_mag.h\n'}
[5.836974] (px4_msgs) StdoutLine: {'line': b'-- Up-to-date: /home/pavel/ws_ros2/install/px4_msgs/include/px4_msgs/px4_msgs/msg/orb_test.h\n'}
[5.837047] (px4_msgs) StdoutLine: {'line': b'-- Up-to-date: /home/pavel/ws_ros2/install/px4_msgs/include/px4_msgs/px4_msgs/msg/sensor_selection.h\n'}
[5.837104] (px4_msgs) StdoutLine: {'line': b'-- Up-to-date: /home/pavel/ws_ros2/install/px4_msgs/include/px4_msgs/px4_msgs/msg/sensor_uwb.h\n'}
[5.837159] (px4_msgs) StdoutLine: {'line': b'-- Up-to-date: /home/pavel/ws_ros2/install/px4_msgs/include/px4_msgs/px4_msgs/msg/position_controller_landing_status.h\n'}
[5.837215] (px4_msgs) StdoutLine: {'line': b'-- Up-to-date: /home/pavel/ws_ros2/install/px4_msgs/include/px4_msgs/px4_msgs/msg/sensor_preflight_mag.h\n'}
[5.837271] (px4_msgs) StdoutLine: {'line': b'-- Up-to-date: /home/pavel/ws_ros2/install/px4_msgs/include/px4_msgs/px4_msgs/msg/gimbal_controls.h\n'}
[5.837326] (px4_msgs) StdoutLine: {'line': b'-- Up-to-date: /home/pavel/ws_ros2/install/px4_msgs/include/px4_msgs/px4_msgs/msg/gimbal_device_information.h\n'}
[5.837382] (px4_msgs) StdoutLine: {'line': b'-- Up-to-date: /home/pavel/ws_ros2/install/px4_msgs/include/px4_msgs/px4_msgs/msg/navigator_mission_item.h\n'}
[5.837437] (px4_msgs) StdoutLine: {'line': b'-- Up-to-date: /home/pavel/ws_ros2/install/px4_msgs/include/px4_msgs/px4_msgs/msg/timesync_status.h\n'}
[5.837493] (px4_msgs) StdoutLine: {'line': b'-- Up-to-date: /home/pavel/ws_ros2/install/px4_msgs/include/px4_msgs/px4_msgs/msg/wheel_encoders.h\n'}
[5.837562] (px4_msgs) StdoutLine: {'line': b'-- Up-to-date: /home/pavel/ws_ros2/install/px4_msgs/include/px4_msgs/px4_msgs/msg/geofence_status.h\n'}
[5.837620] (px4_msgs) StdoutLine: {'line': b'-- Up-to-date: /home/pavel/ws_ros2/install/px4_msgs/include/px4_msgs/px4_msgs/msg/geofence_result.h\n'}
[5.837675] (px4_msgs) StdoutLine: {'line': b'-- Up-to-date: /home/pavel/ws_ros2/install/px4_msgs/include/px4_msgs/px4_msgs/msg/parameter_set_value_request.h\n'}
[5.837731] (px4_msgs) StdoutLine: {'line': b'-- Up-to-date: /home/pavel/ws_ros2/install/px4_msgs/include/px4_msgs/px4_msgs/msg/autotune_attitude_control_status.h\n'}
[5.837875] (px4_msgs) StdoutLine: {'line': b'-- Up-to-date: /home/pavel/ws_ros2/install/px4_msgs/include/px4_msgs/px4_msgs/msg/uavcan_parameter_value.h\n'}
[5.837976] (px4_msgs) StdoutLine: {'line': b'-- Up-to-date: /home/pavel/ws_ros2/install/px4_msgs/include/px4_msgs/px4_msgs/msg/logger_status.h\n'}
[5.838034] (px4_msgs) StdoutLine: {'line': b'-- Up-to-date: /home/pavel/ws_ros2/install/px4_msgs/include/px4_msgs/px4_msgs/msg/orbit_status.h\n'}
[5.838130] (px4_msgs) StdoutLine: {'line': b'-- Up-to-date: /home/pavel/ws_ros2/install/px4_msgs/include/px4_msgs/px4_msgs/msg/sensor_baro.h\n'}
[5.838188] (px4_msgs) StdoutLine: {'line': b'-- Up-to-date: /home/pavel/ws_ros2/install/px4_msgs/include/px4_msgs/px4_msgs/msg/health_report.h\n'}
[5.838243] (px4_msgs) StdoutLine: {'line': b'-- Up-to-date: /home/pavel/ws_ros2/install/px4_msgs/include/px4_msgs/px4_msgs/msg/offboard_control_mode.h\n'}
[5.838298] (px4_msgs) StdoutLine: {'line': b'-- Up-to-date: /home/pavel/ws_ros2/install/px4_msgs/include/px4_msgs/px4_msgs/msg/gpio_request.h\n'}
[5.838354] (px4_msgs) StdoutLine: {'line': b'-- Up-to-date: /home/pavel/ws_ros2/install/px4_msgs/include/px4_msgs/px4_msgs/msg/vehicle_local_position.h\n'}
[5.838409] (px4_msgs) StdoutLine: {'line': b'-- Up-to-date: /home/pavel/ws_ros2/install/px4_msgs/include/px4_msgs/px4_msgs/msg/gimbal_manager_set_attitude.h\n'}
[5.838464] (px4_msgs) StdoutLine: {'line': b'-- Up-to-date: /home/pavel/ws_ros2/install/px4_msgs/include/px4_msgs/px4_msgs/msg/home_position.h\n'}
[5.838519] (px4_msgs) StdoutLine: {'line': b'-- Up-to-date: /home/pavel/ws_ros2/install/px4_msgs/include/px4_msgs/px4_msgs/msg/camera_capture.h\n'}
[5.838574] (px4_msgs) StdoutLine: {'line': b'-- Up-to-date: /home/pavel/ws_ros2/install/px4_msgs/include/px4_msgs/px4_msgs/msg/airspeed_validated.h\n'}
[5.838629] (px4_msgs) StdoutLine: {'line': b'-- Up-to-date: /home/pavel/ws_ros2/install/px4_msgs/include/px4_msgs/px4_msgs/msg/rpm.h\n'}
[5.838683] (px4_msgs) StdoutLine: {'line': b'-- Up-to-date: /home/pavel/ws_ros2/install/px4_msgs/include/px4_msgs/px4_msgs/msg/estimator_innovations.h\n'}
[5.838738] (px4_msgs) StdoutLine: {'line': b'-- Up-to-date: /home/pavel/ws_ros2/install/px4_msgs/include/px4_msgs/px4_msgs/msg/yaw_estimator_status.h\n'}
[5.838792] (px4_msgs) StdoutLine: {'line': b'-- Up-to-date: /home/pavel/ws_ros2/install/px4_msgs/include/px4_msgs/px4_msgs/msg/heater_status.h\n'}
[5.838854] (px4_msgs) StdoutLine: {'line': b'-- Up-to-date: /home/pavel/ws_ros2/install/px4_msgs/include/px4_msgs/px4_msgs/msg/ekf2_timestamps.h\n'}
[5.839029] (px4_msgs) StdoutLine: {'line': b'-- Up-to-date: /home/pavel/ws_ros2/install/px4_msgs/include/px4_msgs/px4_msgs/msg/differential_drive_setpoint.h\n'}
[5.839091] (px4_msgs) StdoutLine: {'line': b'-- Up-to-date: /home/pavel/ws_ros2/install/px4_msgs/include/px4_msgs/px4_msgs/msg/led_control.h\n'}
[5.839147] (px4_msgs) StdoutLine: {'line': b'-- Up-to-date: /home/pavel/ws_ros2/install/px4_msgs/include/px4_msgs/px4_msgs/msg/radio_status.h\n'}
[5.839201] (px4_msgs) StdoutLine: {'line': b'-- Up-to-date: /home/pavel/ws_ros2/install/px4_msgs/include/px4_msgs/px4_msgs/msg/actuator_armed.h\n'}
[5.839256] (px4_msgs) StdoutLine: {'line': b'-- Up-to-date: /home/pavel/ws_ros2/install/px4_msgs/include/px4_msgs/px4_msgs/msg/mag_worker_data.h\n'}
[5.839309] (px4_msgs) StdoutLine: {'line': b'-- Up-to-date: /home/pavel/ws_ros2/install/px4_msgs/include/px4_msgs/px4_msgs/msg/actuator_servos_trim.h\n'}
[5.839363] (px4_msgs) StdoutLine: {'line': b'-- Up-to-date: /home/pavel/ws_ros2/install/px4_msgs/include/px4_msgs/px4_msgs/msg/gimbal_manager_set_manual_control.h\n'}
[5.839418] (px4_msgs) StdoutLine: {'line': b'-- Up-to-date: /home/pavel/ws_ros2/install/px4_msgs/include/px4_msgs/px4_msgs/msg/distance_sensor.h\n'}
[5.839472] (px4_msgs) StdoutLine: {'line': b'-- Up-to-date: /home/pavel/ws_ros2/install/px4_msgs/include/px4_msgs/px4_msgs/msg/qshell_retval.h\n'}
[5.839526] (px4_msgs) StdoutLine: {'line': b'-- Up-to-date: /home/pavel/ws_ros2/install/px4_msgs/include/px4_msgs/px4_msgs/msg/sensors_status_imu.h\n'}
[5.839580] (px4_msgs) StdoutLine: {'line': b'-- Up-to-date: /home/pavel/ws_ros2/install/px4_msgs/include/px4_msgs/px4_msgs/msg/mission.h\n'}
[5.839650] (px4_msgs) StdoutLine: {'line': b'-- Up-to-date: /home/pavel/ws_ros2/install/px4_msgs/include/px4_msgs/px4_msgs/msg/generator_status.h\n'}
[5.839704] (px4_msgs) StdoutLine: {'line': b'-- Up-to-date: /home/pavel/ws_ros2/install/px4_msgs/include/px4_msgs/px4_msgs/msg/input_rc.h\n'}
[5.839758] (px4_msgs) StdoutLine: {'line': b'-- Up-to-date: /home/pavel/ws_ros2/install/px4_msgs/include/px4_msgs/px4_msgs/msg/power_monitor.h\n'}
[5.839811] (px4_msgs) StdoutLine: {'line': b'-- Up-to-date: /home/pavel/ws_ros2/install/px4_msgs/include/px4_msgs/px4_msgs/msg/uavcan_parameter_request.h\n'}
[5.839952] (px4_msgs) StdoutLine: {'line': b'-- Up-to-date: /home/pavel/ws_ros2/install/px4_msgs/include/px4_msgs/px4_msgs/msg/actuator_motors.h\n'}
[5.840069] (px4_msgs) StdoutLine: {'line': b'-- Up-to-date: /home/pavel/ws_ros2/install/px4_msgs/include/px4_msgs/px4_msgs/msg/register_ext_component_reply.h\n'}
[5.840128] (px4_msgs) StdoutLine: {'line': b'-- Up-to-date: /home/pavel/ws_ros2/install/px4_msgs/include/px4_msgs/px4_msgs/msg/failure_detector_status.h\n'}
[5.840182] (px4_msgs) StdoutLine: {'line': b'-- Up-to-date: /home/pavel/ws_ros2/install/px4_msgs/include/px4_msgs/px4_msgs/msg/log_message.h\n'}
[5.840236] (px4_msgs) StdoutLine: {'line': b'-- Up-to-date: /home/pavel/ws_ros2/install/px4_msgs/include/px4_msgs/px4_msgs/msg/gimbal_manager_information.h\n'}
[5.840290] (px4_msgs) StdoutLine: {'line': b'-- Up-to-date: /home/pavel/ws_ros2/install/px4_msgs/include/px4_msgs/px4_msgs/msg/action_request.h\n'}
[5.840344] (px4_msgs) StdoutLine: {'line': b'-- Up-to-date: /home/pavel/ws_ros2/install/px4_msgs/include/px4_msgs/px4_msgs/msg/figure_eight_status.h\n'}
[5.840398] (px4_msgs) StdoutLine: {'line': b'-- Up-to-date: /home/pavel/ws_ros2/install/px4_msgs/include/px4_msgs/px4_msgs/msg/vehicle_acceleration.h\n'}
[5.840452] (px4_msgs) StdoutLine: {'line': b'-- Up-to-date: /home/pavel/ws_ros2/install/px4_msgs/include/px4_msgs/px4_msgs/msg/follow_target.h\n'}
[5.840506] (px4_msgs) StdoutLine: {'line': b'-- Up-to-date: /home/pavel/ws_ros2/install/px4_msgs/include/px4_msgs/px4_msgs/msg/mode_completed.h\n'}
[5.840560] (px4_msgs) StdoutLine: {'line': b'-- Up-to-date: /home/pavel/ws_ros2/install/px4_msgs/include/px4_msgs/px4_msgs/msg/parameter_reset_request.h\n'}
[5.840681] (px4_msgs) StdoutLine: {'line': b'-- Up-to-date: /home/pavel/ws_ros2/install/px4_msgs/include/px4_msgs/px4_msgs/msg/can_interface_status.h\n'}
[5.840737] (px4_msgs) StdoutLine: {'line': b'-- Up-to-date: /home/pavel/ws_ros2/install/px4_msgs/include/px4_msgs/px4_msgs/msg/onboard_computer_status.h\n'}
[5.840792] (px4_msgs) StdoutLine: {'line': b'-- Up-to-date: /home/pavel/ws_ros2/install/px4_msgs/include/px4_msgs/px4_msgs/msg/vehicle_rates_setpoint.h\n'}
[5.840851] (px4_msgs) StdoutLine: {'line': b'-- Up-to-date: /home/pavel/ws_ros2/install/px4_msgs/include/px4_msgs/px4_msgs/msg/arming_check_request.h\n'}
[5.840978] (px4_msgs) StdoutLine: {'line': b'-- Up-to-date: /home/pavel/ws_ros2/install/px4_msgs/include/px4_msgs/px4_msgs/msg/collision_constraints.h\n'}
[5.841036] (px4_msgs) StdoutLine: {'line': b'-- Up-to-date: /home/pavel/ws_ros2/install/px4_msgs/include/px4_msgs/px4_msgs/msg/landing_target_pose.h\n'}
[5.841093] (px4_msgs) StdoutLine: {'line': b'-- Up-to-date: /home/pavel/ws_ros2/install/px4_msgs/include/px4_msgs/px4_msgs/msg/manual_control_switches.h\n'}
[5.841235] (px4_msgs) StdoutLine: {'line': b'-- Up-to-date: /home/pavel/ws_ros2/install/px4_msgs/include/px4_msgs/px4_msgs/msg/message_format_request.h\n'}
[5.841351] (px4_msgs) StdoutLine: {'line': b'-- Up-to-date: /home/pavel/ws_ros2/install/px4_msgs/include/px4_msgs/px4_msgs/msg/orb_test_large.h\n'}
[5.841414] (px4_msgs) StdoutLine: {'line': b'-- Up-to-date: /home/pavel/ws_ros2/install/px4_msgs/include/px4_msgs/px4_msgs/msg/camera_status.h\n'}
[5.841471] (px4_msgs) StdoutLine: {'line': b'-- Up-to-date: /home/pavel/ws_ros2/install/px4_msgs/include/px4_msgs/px4_msgs/msg/vtol_vehicle_status.h\n'}
[5.841559] (px4_msgs) StdoutLine: {'line': b'-- Up-to-date: /home/pavel/ws_ros2/install/px4_msgs/include/px4_msgs/px4_msgs/msg/actuator_test.h\n'}
[5.841615] (px4_msgs) StdoutLine: {'line': b'-- Up-to-date: /home/pavel/ws_ros2/install/px4_msgs/include/px4_msgs/px4_msgs/msg/register_ext_component_request.h\n'}
[5.841671] (px4_msgs) StdoutLine: {'line': b'-- Up-to-date: /home/pavel/ws_ros2/install/px4_msgs/include/px4_msgs/px4_msgs/msg/pps_capture.h\n'}
[5.841726] (px4_msgs) StdoutLine: {'line': b'-- Up-to-date: /home/pavel/ws_ros2/install/px4_msgs/include/px4_msgs/px4_msgs/msg/mavlink_log.h\n'}
[5.841781] (px4_msgs) StdoutLine: {'line': b'-- Up-to-date: /home/pavel/ws_ros2/install/px4_msgs/include/px4_msgs/px4_msgs/msg/ping.h\n'}
[5.841836] (px4_msgs) StdoutLine: {'line': b'-- Up-to-date: /home/pavel/ws_ros2/install/px4_msgs/include/px4_msgs/px4_msgs/msg/transponder_report.h\n'}
[5.841965] (px4_msgs) StdoutLine: {'line': b'-- Up-to-date: /home/pavel/ws_ros2/install/px4_msgs/include/px4_msgs/px4_msgs/msg/wind.h\n'}
[5.842036] (px4_msgs) StdoutLine: {'line': b'-- Up-to-date: /home/pavel/ws_ros2/install/px4_msgs/include/px4_msgs/px4_msgs/msg/estimator_selector_status.h\n'}
[5.842092] (px4_msgs) StdoutLine: {'line': b'-- Up-to-date: /home/pavel/ws_ros2/install/px4_msgs/include/px4_msgs/px4_msgs/msg/vehicle_thrust_setpoint.h\n'}
[5.842147] (px4_msgs) StdoutLine: {'line': b'-- Up-to-date: /home/pavel/ws_ros2/install/px4_msgs/include/px4_msgs/px4_msgs/msg/airspeed.h\n'}
[5.842201] (px4_msgs) StdoutLine: {'line': b'-- Up-to-date: /home/pavel/ws_ros2/install/px4_msgs/include/px4_msgs/px4_msgs/msg/position_setpoint.h\n'}
[5.842255] (px4_msgs) StdoutLine: {'line': b'-- Up-to-date: /home/pavel/ws_ros2/install/px4_msgs/include/px4_msgs/px4_msgs/msg/vehicle_land_detected.h\n'}
[5.842308] (px4_msgs) StdoutLine: {'line': b'-- Up-to-date: /home/pavel/ws_ros2/install/px4_msgs/include/px4_msgs/px4_msgs/msg/goto_setpoint.h\n'}
[5.842362] (px4_msgs) StdoutLine: {'line': b'-- Up-to-date: /home/pavel/ws_ros2/install/px4_msgs/include/px4_msgs/px4_msgs/msg/button_event.h\n'}
[5.842415] (px4_msgs) StdoutLine: {'line': b'-- Up-to-date: /home/pavel/ws_ros2/install/px4_msgs/include/px4_msgs/px4_msgs/msg/rtl_status.h\n'}
[5.842468] (px4_msgs) StdoutLine: {'line': b'-- Up-to-date: /home/pavel/ws_ros2/install/px4_msgs/include/px4_msgs/px4_msgs/msg/landing_gear_wheel.h\n'}
[5.842535] (px4_msgs) StdoutLine: {'line': b'-- Up-to-date: /home/pavel/ws_ros2/install/px4_msgs/include/px4_msgs/px4_msgs/msg/estimator_status_flags.h\n'}
[5.842591] (px4_msgs) StdoutLine: {'line': b'-- Up-to-date: /home/pavel/ws_ros2/install/px4_msgs/include/px4_msgs/px4_msgs/msg/vehicle_angular_velocity.h\n'}
[5.842644] (px4_msgs) StdoutLine: {'line': b'-- Up-to-date: /home/pavel/ws_ros2/install/px4_msgs/include/px4_msgs/px4_msgs/msg/esc_status.h\n'}
[5.842698] (px4_msgs) StdoutLine: {'line': b'-- Up-to-date: /home/pavel/ws_ros2/install/px4_msgs/include/px4_msgs/px4_msgs/msg/px4io_status.h\n'}
[5.842752] (px4_msgs) StdoutLine: {'line': b'-- Up-to-date: /home/pavel/ws_ros2/install/px4_msgs/include/px4_msgs/px4_msgs/msg/sensor_correction.h\n'}
[5.842806] (px4_msgs) StdoutLine: {'line': b'-- Up-to-date: /home/pavel/ws_ros2/install/px4_msgs/include/px4_msgs/px4_msgs/msg/sensor_accel.h\n'}
[5.842868] (px4_msgs) StdoutLine: {'line': b'-- Up-to-date: /home/pavel/ws_ros2/install/px4_msgs/include/px4_msgs/px4_msgs/msg/mount_orientation.h\n'}
[5.842981] (px4_msgs) StdoutLine: {'line': b'-- Up-to-date: /home/pavel/ws_ros2/install/px4_msgs/include/px4_msgs/px4_msgs/msg/event.h\n'}
[5.843033] (px4_msgs) StdoutLine: {'line': b'-- Up-to-date: /home/pavel/ws_ros2/install/px4_msgs/include/px4_msgs/px4_msgs/msg/estimator_aid_source3d.h\n'}
[5.843084] (px4_msgs) StdoutLine: {'line': b'-- Up-to-date: /home/pavel/ws_ros2/install/px4_msgs/include/px4_msgs/px4_msgs/msg/vehicle_constraints.h\n'}
[5.843133] (px4_msgs) StdoutLine: {'line': b'-- Up-to-date: /home/pavel/ws_ros2/install/px4_msgs/include/px4_msgs/px4_msgs/msg/camera_trigger.h\n'}
[5.843182] (px4_msgs) StdoutLine: {'line': b'-- Up-to-date: /home/pavel/ws_ros2/install/px4_msgs/include/px4_msgs/px4_msgs/msg/vehicle_attitude_setpoint.h\n'}
[5.843240] (px4_msgs) StdoutLine: {'line': b'-- Up-to-date: /home/pavel/ws_ros2/install/px4_msgs/include/px4_msgs/px4_msgs/msg/vehicle_angular_acceleration_setpoint.h\n'}
[5.843342] (px4_msgs) StdoutLine: {'line': b'-- Up-to-date: /home/pavel/ws_ros2/install/px4_msgs/include/px4_msgs/px4_msgs/msg/unregister_ext_component.h\n'}
[5.843399] (px4_msgs) StdoutLine: {'line': b'-- Up-to-date: /home/pavel/ws_ros2/install/px4_msgs/include/px4_msgs/px4_msgs/msg/position_controller_status.h\n'}
[5.843455] (px4_msgs) StdoutLine: {'line': b'-- Up-to-date: /home/pavel/ws_ros2/install/px4_msgs/include/px4_msgs/px4_msgs/msg/sensor_hygrometer.h\n'}
[5.843509] (px4_msgs) StdoutLine: {'line': b'-- Up-to-date: /home/pavel/ws_ros2/install/px4_msgs/include/px4_msgs/px4_msgs/msg/vehicle_status.h\n'}
[5.843564] (px4_msgs) StdoutLine: {'line': b'-- Up-to-date: /home/pavel/ws_ros2/install/px4_msgs/include/px4_msgs/px4_msgs/msg/actuator_servos.h\n'}
[5.843619] (px4_msgs) StdoutLine: {'line': b'-- Up-to-date: /home/pavel/ws_ros2/install/px4_msgs/include/px4_msgs/px4_msgs/msg/orb_test_medium.h\n'}
[5.843674] (px4_msgs) StdoutLine: {'line': b'-- Up-to-date: /home/pavel/ws_ros2/install/px4_msgs/include/px4_msgs/px4_msgs/msg/estimator_event_flags.h\n'}
[5.843729] (px4_msgs) StdoutLine: {'line': b'-- Up-to-date: /home/pavel/ws_ros2/install/px4_msgs/include/px4_msgs/px4_msgs/msg/estimator_status.h\n'}
[5.843784] (px4_msgs) StdoutLine: {'line': b'-- Up-to-date: /home/pavel/ws_ros2/install/px4_msgs/include/px4_msgs/px4_msgs/msg/follow_target_estimator.h\n'}
[5.843839] (px4_msgs) StdoutLine: {'line': b'-- Up-to-date: /home/pavel/ws_ros2/install/px4_msgs/include/px4_msgs/px4_msgs/msg/landing_gear.h\n'}
[5.843963] (px4_msgs) StdoutLine: {'line': b'-- Up-to-date: /home/pavel/ws_ros2/install/px4_msgs/include/px4_msgs/px4_msgs/msg/debug_array.h\n'}
[5.844021] (px4_msgs) StdoutLine: {'line': b'-- Up-to-date: /home/pavel/ws_ros2/install/px4_msgs/include/px4_msgs/px4_msgs/msg/battery_status.h\n'}
[5.844076] (px4_msgs) StdoutLine: {'line': b'-- Up-to-date: /home/pavel/ws_ros2/install/px4_msgs/include/px4_msgs/px4_msgs/msg/task_stack_info.h\n'}
[5.844130] (px4_msgs) StdoutLine: {'line': b'-- Up-to-date: /home/pavel/ws_ros2/install/px4_msgs/include/px4_msgs/px4_msgs/msg/qshell_req.h\n'}
[5.844185] (px4_msgs) StdoutLine: {'line': b'-- Up-to-date: /home/pavel/ws_ros2/install/px4_msgs/include/px4_msgs/px4_msgs/msg/differential_pressure.h\n'}
[5.844239] (px4_msgs) StdoutLine: {'line': b'-- Up-to-date: /home/pavel/ws_ros2/install/px4_msgs/include/px4_msgs/px4_msgs/msg/sensor_gyro.h\n'}
[5.844306] (px4_msgs) StdoutLine: {'line': b'-- Up-to-date: /home/pavel/ws_ros2/install/px4_msgs/include/px4_msgs/px4_msgs/msg/rover_ackermann_guidance_status.h\n'}
[5.844360] (px4_msgs) StdoutLine: {'line': b'-- Up-to-date: /home/pavel/ws_ros2/install/px4_msgs/include/px4_msgs/px4_msgs/msg/gimbal_device_set_attitude.h\n'}
[5.844414] (px4_msgs) StdoutLine: {'line': b'-- Up-to-date: /home/pavel/ws_ros2/install/px4_msgs/include/px4_msgs/px4_msgs/msg/irlock_report.h\n'}
[5.844468] (px4_msgs) StdoutLine: {'line': b'-- Up-to-date: /home/pavel/ws_ros2/install/px4_msgs/include/px4_msgs/px4_msgs/msg/gpio_out.h\n'}
[5.844522] (px4_msgs) StdoutLine: {'line': b'-- Up-to-date: /home/pavel/ws_ros2/install/px4_msgs/include/px4_msgs/px4_msgs/msg/vehicle_optical_flow_vel.h\n'}
[5.844575] (px4_msgs) StdoutLine: {'line': b'-- Up-to-date: /home/pavel/ws_ros2/install/px4_msgs/include/px4_msgs/px4_msgs/msg/estimator_sensor_bias.h\n'}
[5.844629] (px4_msgs) StdoutLine: {'line': b'-- Up-to-date: /home/pavel/ws_ros2/install/px4_msgs/include/px4_msgs/px4_msgs/msg/rc_channels.h\n'}
[5.844697] (px4_msgs) StdoutLine: {'line': b'-- Up-to-date: /home/pavel/ws_ros2/install/px4_msgs/include/px4_msgs/px4_msgs/msg/sensor_gps.h\n'}
[5.844753] (px4_msgs) StdoutLine: {'line': b'-- Up-to-date: /home/pavel/ws_ros2/install/px4_msgs/include/px4_msgs/px4_msgs/msg/pwm_input.h\n'}
[5.844807] (px4_msgs) StdoutLine: {'line': b'-- Up-to-date: /home/pavel/ws_ros2/install/px4_msgs/include/px4_msgs/px4_msgs/msg/internal_combustion_engine_status.h\n'}
[5.844986] (px4_msgs) StdoutLine: {'line': b'-- Up-to-date: /home/pavel/ws_ros2/install/px4_msgs/include/px4_msgs/px4_msgs/msg/sensor_gyro_fifo.h\n'}
[5.845057] (px4_msgs) StdoutLine: {'line': b'-- Up-to-date: /home/pavel/ws_ros2/install/px4_msgs/include/px4_msgs/px4_msgs/msg/tune_control.h\n'}
[5.845113] (px4_msgs) StdoutLine: {'line': b'-- Up-to-date: /home/pavel/ws_ros2/install/px4_msgs/include/px4_msgs/px4_msgs/msg/manual_control_setpoint.h\n'}
[5.845167] (px4_msgs) StdoutLine: {'line': b'-- Up-to-date: /home/pavel/ws_ros2/install/px4_msgs/include/px4_msgs/px4_msgs/msg/gimbal_device_attitude_status.h\n'}
[5.845221] (px4_msgs) StdoutLine: {'line': b'-- Up-to-date: /home/pavel/ws_ros2/install/px4_msgs/include/px4_msgs/px4_msgs/msg/launch_detection_status.h\n'}
[5.845275] (px4_msgs) StdoutLine: {'line': b'-- Up-to-date: /home/pavel/ws_ros2/install/px4_msgs/include/px4_msgs/px4_msgs/msg/vehicle_imu.h\n'}
[5.845327] (px4_msgs) StdoutLine: {'line': b'-- Up-to-date: /home/pavel/ws_ros2/install/px4_msgs/include/px4_msgs/px4_msgs/msg/vehicle_torque_setpoint.h\n'}
[5.845380] (px4_msgs) StdoutLine: {'line': b'-- Up-to-date: /home/pavel/ws_ros2/install/px4_msgs/include/px4_msgs/px4_msgs/msg/power_button_state.h\n'}
[5.845433] (px4_msgs) StdoutLine: {'line': b'-- Up-to-date: /home/pavel/ws_ros2/install/px4_msgs/include/px4_msgs/px4_msgs/msg/trajectory_waypoint.h\n'}
[5.845486] (px4_msgs) StdoutLine: {'line': b'-- Up-to-date: /home/pavel/ws_ros2/install/px4_msgs/include/px4_msgs/px4_msgs/msg/landing_target_innovations.h\n'}
[5.845540] (px4_msgs) StdoutLine: {'line': b'-- Up-to-date: /home/pavel/ws_ros2/install/px4_msgs/include/px4_msgs/px4_msgs/msg/rosidl_generator_c__visibility_control.h\n'}
[5.845594] (px4_msgs) StdoutLine: {'line': b'-- Up-to-date: /home/pavel/ws_ros2/install/px4_msgs/include/px4_msgs/px4_msgs/msg/fuel_tank_status.h\n'}
[5.845647] (px4_msgs) StdoutLine: {'line': b'-- Up-to-date: /home/pavel/ws_ros2/install/px4_msgs/include/px4_msgs/px4_msgs/msg/gpio_config.h\n'}
[5.845700] (px4_msgs) StdoutLine: {'line': b'-- Up-to-date: /home/pavel/ws_ros2/install/px4_msgs/include/px4_msgs/px4_msgs/msg/buffer128.h\n'}
[5.845832] (px4_msgs) StdoutLine: {'line': b'-- Up-to-date: /home/pavel/ws_ros2/install/px4_msgs/include/px4_msgs/px4_msgs/msg/gripper.h\n'}
[5.845954] (px4_msgs) StdoutLine: {'line': b'-- Up-to-date: /home/pavel/ws_ros2/install/px4_msgs/include/px4_msgs/px4_msgs/msg/debug_vect.h\n'}
[5.846027] (px4_msgs) StdoutLine: {'line': b'-- Up-to-date: /home/pavel/ws_ros2/install/px4_msgs/include/px4_msgs/px4_msgs/msg/sensor_combined.h\n'}
[5.846082] (px4_msgs) StdoutLine: {'line': b'-- Up-to-date: /home/pavel/ws_ros2/install/px4_msgs/include/px4_msgs/px4_msgs/msg/takeoff_status.h\n'}
[5.846136] (px4_msgs) StdoutLine: {'line': b'-- Up-to-date: /home/pavel/ws_ros2/install/px4_msgs/include/px4_msgs/px4_msgs/msg/parameter_set_used_request.h\n'}
[5.846190] (px4_msgs) StdoutLine: {'line': b'-- Up-to-date: /home/pavel/ws_ros2/install/px4_msgs/include/px4_msgs/px4_msgs/msg/estimator_bias3d.h\n'}
[5.846244] (px4_msgs) StdoutLine: {'line': b'-- Up-to-date: /home/pavel/ws_ros2/install/px4_msgs/include/px4_msgs/px4_msgs/msg/debug_key_value.h\n'}
[5.846298] (px4_msgs) StdoutLine: {'line': b'-- Up-to-date: /home/pavel/ws_ros2/install/px4_msgs/include/px4_msgs/px4_msgs/msg/sensor_accel_fifo.h\n'}
[5.846351] (px4_msgs) StdoutLine: {'line': b'-- Up-to-date: /home/pavel/ws_ros2/install/px4_msgs/include/px4_msgs/px4_msgs/msg/mission_result.h\n'}
[5.846404] (px4_msgs) StdoutLine: {'line': b'-- Up-to-date: /home/pavel/ws_ros2/install/px4_msgs/include/px4_msgs/px4_msgs/msg/debug_value.h\n'}
[5.846457] (px4_msgs) StdoutLine: {'line': b'-- Up-to-date: /home/pavel/ws_ros2/install/px4_msgs/include/px4_msgs/px4_msgs/msg/gpio_in.h\n'}
[5.846510] (px4_msgs) StdoutLine: {'line': b'-- Up-to-date: /home/pavel/ws_ros2/install/px4_msgs/include/px4_msgs/px4_msgs/msg/npfg_status.h\n'}
[5.846563] (px4_msgs) StdoutLine: {'line': b'-- Up-to-date: /home/pavel/ws_ros2/install/px4_msgs/include/px4_msgs/px4_msgs/msg/vehicle_command_ack.h\n'}
[5.846637] (px4_msgs) StdoutLine: {'line': b'-- Up-to-date: /home/pavel/ws_ros2/install/px4_msgs/include/px4_msgs/px4_msgs/msg/estimator_aid_source2d.h\n'}
[5.846692] (px4_msgs) StdoutLine: {'line': b'-- Up-to-date: /home/pavel/ws_ros2/install/px4_msgs/include/px4_msgs/px4_msgs/msg/vehicle_trajectory_bezier.h\n'}
[5.846746] (px4_msgs) StdoutLine: {'line': b'-- Up-to-date: /home/pavel/ws_ros2/install/px4_msgs/include/px4_msgs/px4_msgs/msg/parameter_update.h\n'}
[5.846799] (px4_msgs) StdoutLine: {'line': b'-- Up-to-date: /home/pavel/ws_ros2/install/px4_msgs/include/px4_msgs/px4_msgs/msg/failsafe_flags.h\n'}
[5.846856] (px4_msgs) StdoutLine: {'line': b'-- Up-to-date: /home/pavel/ws_ros2/install/px4_msgs/include/px4_msgs/px4_msgs/msg/vehicle_imu_status.h\n'}
[5.847018] (px4_msgs) StdoutLine: {'line': b'-- Up-to-date: /home/pavel/ws_ros2/install/px4_msgs/include/px4_msgs/px4_msgs/msg/esc_report.h\n'}
[5.847083] (px4_msgs) StdoutLine: {'line': b'-- Up-to-date: /home/pavel/ws_ros2/install/px4_msgs/include/px4_msgs/px4_msgs/msg/gimbal_manager_status.h\n'}
[5.847160] (px4_msgs) StdoutLine: {'line': b'-- Up-to-date: /home/pavel/ws_ros2/install/px4_msgs/include/px4_msgs/px4_msgs/msg/ulog_stream.h\n'}
[5.847217] (px4_msgs) StdoutLine: {'line': b'-- Up-to-date: /home/pavel/ws_ros2/install/px4_msgs/include/px4_msgs/px4_msgs/msg/collision_report.h\n'}
[5.847269] (px4_msgs) StdoutLine: {'line': b'-- Up-to-date: /home/pavel/ws_ros2/install/px4_msgs/include/px4_msgs/px4_msgs/msg/trajectory_setpoint.h\n'}
[5.847322] (px4_msgs) StdoutLine: {'line': b'-- Up-to-date: /home/pavel/ws_ros2/install/px4_msgs/include/px4_msgs/px4_msgs/msg/actuator_outputs.h\n'}
[5.847374] (px4_msgs) StdoutLine: {'line': b'-- Up-to-date: /home/pavel/ws_ros2/install/px4_msgs/include/px4_msgs/px4_msgs/msg/satellite_info.h\n'}
[5.847426] (px4_msgs) StdoutLine: {'line': b'-- Up-to-date: /home/pavel/ws_ros2/install/px4_msgs/include/px4_msgs/px4_msgs/msg/vehicle_air_data.h\n'}
[5.847480] (px4_msgs) StdoutLine: {'line': b'-- Up-to-date: /home/pavel/ws_ros2/install/px4_msgs/include/px4_msgs/px4_msgs/msg/telemetry_status.h\n'}
[5.847533] (px4_msgs) StdoutLine: {'line': b'-- Up-to-date: /home/pavel/ws_ros2/install/px4_msgs/include/px4_msgs/px4_msgs/msg/hover_thrust_estimate.h\n'}
[5.847586] (px4_msgs) StdoutLine: {'line': b'-- Up-to-date: /home/pavel/ws_ros2/install/px4_msgs/include/px4_msgs/px4_msgs/msg/cpuload.h\n'}
[5.847639] (px4_msgs) StdoutLine: {'line': b'-- Up-to-date: /home/pavel/ws_ros2/install/px4_msgs/include/px4_msgs/px4_msgs/msg/mavlink_tunnel.h\n'}
[5.847692] (px4_msgs) StdoutLine: {'line': b'-- Up-to-date: /home/pavel/ws_ros2/install/px4_msgs/include/px4_msgs/px4_msgs/msg/obstacle_distance.h\n'}
[5.847745] (px4_msgs) StdoutLine: {'line': b'-- Up-to-date: /home/pavel/ws_ros2/install/px4_msgs/include/px4_msgs/px4_msgs/msg/velocity_limits.h\n'}
[5.847798] (px4_msgs) StdoutLine: {'line': b'-- Up-to-date: /home/pavel/ws_ros2/install/px4_msgs/include/px4_msgs/px4_msgs/msg/magnetometer_bias_estimate.h\n'}
[5.847855] (px4_msgs) StdoutLine: {'line': b'-- Up-to-date: /home/pavel/ws_ros2/install/px4_msgs/include/px4_msgs/px4_msgs/msg/ulog_stream_ack.h\n'}
[5.847935] (px4_msgs) StdoutLine: {'line': b'-- Up-to-date: /home/pavel/ws_ros2/install/px4_msgs/include/px4_msgs/px4_msgs/msg/sensor_optical_flow.h\n'}
[5.847984] (px4_msgs) StdoutLine: {'line': b'-- Up-to-date: /home/pavel/ws_ros2/install/px4_msgs/include/px4_msgs/px4_msgs/msg/sensor_gyro_fft.h\n'}
[5.848033] (px4_msgs) StdoutLine: {'line': b'-- Up-to-date: /home/pavel/ws_ros2/install/px4_msgs/include/px4_msgs/px4_msgs/msg/vehicle_odometry.h\n'}
[5.848085] (px4_msgs) StdoutLine: {'line': b'-- Up-to-date: /home/pavel/ws_ros2/install/px4_msgs/include/px4_msgs/px4_msgs/msg/rc_parameter_map.h\n'}
[5.848139] (px4_msgs) StdoutLine: {'line': b'-- Up-to-date: /home/pavel/ws_ros2/install/px4_msgs/include/px4_msgs/px4_msgs/msg/config_overrides.h\n'}
[5.848193] (px4_msgs) StdoutLine: {'line': b'-- Up-to-date: /home/pavel/ws_ros2/install/px4_msgs/include/px4_msgs/px4_msgs/msg/arming_check_reply.h\n'}
[5.848280] (px4_msgs) StdoutLine: {'line': b'-- Up-to-date: /home/pavel/ws_ros2/install/px4_msgs/include/px4_msgs/px4_msgs/msg/adc_report.h\n'}
[5.848362] (px4_msgs) StdoutLine: {'line': b'-- Up-to-date: /home/pavel/ws_ros2/install/px4_msgs/include/px4_msgs/px4_msgs/msg/vehicle_global_position.h\n'}
[5.848417] (px4_msgs) StdoutLine: {'line': b'-- Up-to-date: /home/pavel/ws_ros2/install/px4_msgs/include/px4_msgs/px4_msgs/msg/rtl_time_estimate.h\n'}
[5.848471] (px4_msgs) StdoutLine: {'line': b'-- Up-to-date: /home/pavel/ws_ros2/install/px4_msgs/include/px4_msgs/px4_msgs/msg/vehicle_local_position_setpoint.h\n'}
[5.848525] (px4_msgs) StdoutLine: {'line': b'-- Up-to-date: /home/pavel/ws_ros2/install/px4_msgs/include/px4_msgs/px4_msgs/msg/sensor_gnss_relative.h\n'}
[5.848578] (px4_msgs) StdoutLine: {'line': b'-- Up-to-date: /home/pavel/ws_ros2/install/px4_msgs/include/px4_msgs/px4_msgs/msg/vehicle_trajectory_waypoint.h\n'}
[5.848632] (px4_msgs) StdoutLine: {'line': b'-- Up-to-date: /home/pavel/ws_ros2/install/px4_msgs/include/px4_msgs/px4_msgs/msg/estimator_aid_source1d.h\n'}
[5.848686] (px4_msgs) StdoutLine: {'line': b'-- Up-to-date: /home/pavel/ws_ros2/install/px4_msgs/include/px4_msgs/px4_msgs/msg/message_format_response.h\n'}
[5.848739] (px4_msgs) StdoutLine: {'line': b'-- Up-to-date: /home/pavel/ws_ros2/install/px4_msgs/share/px4_msgs/environment/library_path.sh\n'}
[5.848793] (px4_msgs) StdoutLine: {'line': b'-- Up-to-date: /home/pavel/ws_ros2/install/px4_msgs/share/px4_msgs/environment/library_path.dsv\n'}
[5.848852] (px4_msgs) StdoutLine: {'line': b'-- Up-to-date: /home/pavel/ws_ros2/install/px4_msgs/lib/libpx4_msgs__rosidl_generator_c.so\n'}
[5.848976] (px4_msgs) StdoutLine: {'line': b'-- Up-to-date: /home/pavel/ws_ros2/install/px4_msgs/include/px4_msgs/px4_msgs\n'}
[5.849032] (px4_msgs) StdoutLine: {'line': b'-- Up-to-date: /home/pavel/ws_ros2/install/px4_msgs/include/px4_msgs/px4_msgs/srv\n'}
[5.849086] (px4_msgs) StdoutLine: {'line': b'-- Up-to-date: /home/pavel/ws_ros2/install/px4_msgs/include/px4_msgs/px4_msgs/srv/detail\n'}
[5.849139] (px4_msgs) StdoutLine: {'line': b'-- Up-to-date: /home/pavel/ws_ros2/install/px4_msgs/include/px4_msgs/px4_msgs/srv/detail/vehicle_command__rosidl_typesupport_fastrtps_c.h\n'}
[5.849194] (px4_msgs) StdoutLine: {'line': b'-- Up-to-date: /home/pavel/ws_ros2/install/px4_msgs/include/px4_msgs/px4_msgs/msg\n'}
[5.849248] (px4_msgs) StdoutLine: {'line': b'-- Up-to-date: /home/pavel/ws_ros2/install/px4_msgs/include/px4_msgs/px4_msgs/msg/detail\n'}
[5.849301] (px4_msgs) StdoutLine: {'line': b'-- Up-to-date: /home/pavel/ws_ros2/install/px4_msgs/include/px4_msgs/px4_msgs/msg/detail/orb_test_large__rosidl_typesupport_fastrtps_c.h\n'}
[5.849370] (px4_msgs) StdoutLine: {'line': b'-- Up-to-date: /home/pavel/ws_ros2/install/px4_msgs/include/px4_msgs/px4_msgs/msg/detail/actuator_test__rosidl_typesupport_fastrtps_c.h\n'}
[5.849426] (px4_msgs) StdoutLine: {'line': b'-- Up-to-date: /home/pavel/ws_ros2/install/px4_msgs/include/px4_msgs/px4_msgs/msg/detail/sensor_gyro_fft__rosidl_typesupport_fastrtps_c.h\n'}
[5.849481] (px4_msgs) StdoutLine: {'line': b'-- Up-to-date: /home/pavel/ws_ros2/install/px4_msgs/include/px4_msgs/px4_msgs/msg/detail/vehicle_optical_flow__rosidl_typesupport_fastrtps_c.h\n'}
[5.849535] (px4_msgs) StdoutLine: {'line': b'-- Up-to-date: /home/pavel/ws_ros2/install/px4_msgs/include/px4_msgs/px4_msgs/msg/detail/tiltrotor_extra_controls__rosidl_typesupport_fastrtps_c.h\n'}
[5.849589] (px4_msgs) StdoutLine: {'line': b'-- Up-to-date: /home/pavel/ws_ros2/install/px4_msgs/include/px4_msgs/px4_msgs/msg/detail/onboard_computer_status__rosidl_typesupport_fastrtps_c.h\n'}
[5.849644] (px4_msgs) StdoutLine: {'line': b'-- Up-to-date: /home/pavel/ws_ros2/install/px4_msgs/include/px4_msgs/px4_msgs/msg/detail/uavcan_parameter_value__rosidl_typesupport_fastrtps_c.h\n'}
[5.849698] (px4_msgs) StdoutLine: {'line': b'-- Up-to-date: /home/pavel/ws_ros2/install/px4_msgs/include/px4_msgs/px4_msgs/msg/detail/offboard_control_mode__rosidl_typesupport_fastrtps_c.h\n'}
[5.849790] (px4_msgs) StdoutLine: {'line': b'-- Up-to-date: /home/pavel/ws_ros2/install/px4_msgs/include/px4_msgs/px4_msgs/msg/detail/airspeed_validated__rosidl_typesupport_fastrtps_c.h\n'}
[5.849850] (px4_msgs) StdoutLine: {'line': b'-- Up-to-date: /home/pavel/ws_ros2/install/px4_msgs/include/px4_msgs/px4_msgs/msg/detail/vehicle_odometry__rosidl_typesupport_fastrtps_c.h\n'}
[5.849997] (px4_msgs) StdoutLine: {'line': b'-- Up-to-date: /home/pavel/ws_ros2/install/px4_msgs/include/px4_msgs/px4_msgs/msg/detail/vehicle_thrust_setpoint__rosidl_typesupport_fastrtps_c.h\n'}
[5.850055] (px4_msgs) StdoutLine: {'line': b'-- Up-to-date: /home/pavel/ws_ros2/install/px4_msgs/include/px4_msgs/px4_msgs/msg/detail/estimator_aid_source2d__rosidl_typesupport_fastrtps_c.h\n'}
[5.850110] (px4_msgs) StdoutLine: {'line': b'-- Up-to-date: /home/pavel/ws_ros2/install/px4_msgs/include/px4_msgs/px4_msgs/msg/detail/gimbal_manager_set_manual_control__rosidl_typesupport_fastrtps_c.h\n'}
[5.850165] (px4_msgs) StdoutLine: {'line': b'-- Up-to-date: /home/pavel/ws_ros2/install/px4_msgs/include/px4_msgs/px4_msgs/msg/detail/landing_gear__rosidl_typesupport_fastrtps_c.h\n'}
[5.850218] (px4_msgs) StdoutLine: {'line': b'-- Up-to-date: /home/pavel/ws_ros2/install/px4_msgs/include/px4_msgs/px4_msgs/msg/detail/irlock_report__rosidl_typesupport_fastrtps_c.h\n'}
[5.850285] (px4_msgs) StdoutLine: {'line': b'-- Up-to-date: /home/pavel/ws_ros2/install/px4_msgs/include/px4_msgs/px4_msgs/msg/detail/parameter_set_used_request__rosidl_typesupport_fastrtps_c.h\n'}
[5.850340] (px4_msgs) StdoutLine: {'line': b'-- Up-to-date: /home/pavel/ws_ros2/install/px4_msgs/include/px4_msgs/px4_msgs/msg/detail/failsafe_flags__rosidl_typesupport_fastrtps_c.h\n'}
[5.850455] (px4_msgs) StdoutLine: {'line': b'-- Up-to-date: /home/pavel/ws_ros2/install/px4_msgs/include/px4_msgs/px4_msgs/msg/detail/control_allocator_status__rosidl_typesupport_fastrtps_c.h\n'}
[5.850513] (px4_msgs) StdoutLine: {'line': b'-- Up-to-date: /home/pavel/ws_ros2/install/px4_msgs/include/px4_msgs/px4_msgs/msg/detail/vehicle_command__rosidl_typesupport_fastrtps_c.h\n'}
[5.850569] (px4_msgs) StdoutLine: {'line': b'-- Up-to-date: /home/pavel/ws_ros2/install/px4_msgs/include/px4_msgs/px4_msgs/msg/detail/rc_channels__rosidl_typesupport_fastrtps_c.h\n'}
[5.850624] (px4_msgs) StdoutLine: {'line': b'-- Up-to-date: /home/pavel/ws_ros2/install/px4_msgs/include/px4_msgs/px4_msgs/msg/detail/estimator_status__rosidl_typesupport_fastrtps_c.h\n'}
[5.850680] (px4_msgs) StdoutLine: {'line': b'-- Up-to-date: /home/pavel/ws_ros2/install/px4_msgs/include/px4_msgs/px4_msgs/msg/detail/unregister_ext_component__rosidl_typesupport_fastrtps_c.h\n'}
[5.850735] (px4_msgs) StdoutLine: {'line': b'-- Up-to-date: /home/pavel/ws_ros2/install/px4_msgs/include/px4_msgs/px4_msgs/msg/detail/sensors_status_imu__rosidl_typesupport_fastrtps_c.h\n'}
[5.850791] (px4_msgs) StdoutLine: {'line': b'-- Up-to-date: /home/pavel/ws_ros2/install/px4_msgs/include/px4_msgs/px4_msgs/msg/detail/vehicle_constraints__rosidl_typesupport_fastrtps_c.h\n'}
[5.850850] (px4_msgs) StdoutLine: {'line': b'-- Up-to-date: /home/pavel/ws_ros2/install/px4_msgs/include/px4_msgs/px4_msgs/msg/detail/actuator_servos__rosidl_typesupport_fastrtps_c.h\n'}
[5.850936] (px4_msgs) StdoutLine: {'line': b'-- Up-to-date: /home/pavel/ws_ros2/install/px4_msgs/include/px4_msgs/px4_msgs/msg/detail/satellite_info__rosidl_typesupport_fastrtps_c.h\n'}
[5.850987] (px4_msgs) StdoutLine: {'line': b'-- Up-to-date: /home/pavel/ws_ros2/install/px4_msgs/include/px4_msgs/px4_msgs/msg/detail/ekf2_timestamps__rosidl_typesupport_fastrtps_c.h\n'}
[5.851038] (px4_msgs) StdoutLine: {'line': b'-- Up-to-date: /home/pavel/ws_ros2/install/px4_msgs/include/px4_msgs/px4_msgs/msg/detail/estimator_bias__rosidl_typesupport_fastrtps_c.h\n'}
[5.851092] (px4_msgs) StdoutLine: {'line': b'-- Up-to-date: /home/pavel/ws_ros2/install/px4_msgs/include/px4_msgs/px4_msgs/msg/detail/actuator_armed__rosidl_typesupport_fastrtps_c.h\n'}
[5.851143] (px4_msgs) StdoutLine: {'line': b'-- Up-to-date: /home/pavel/ws_ros2/install/px4_msgs/include/px4_msgs/px4_msgs/msg/detail/position_setpoint__rosidl_typesupport_fastrtps_c.h\n'}
[5.851201] (px4_msgs) StdoutLine: {'line': b'-- Up-to-date: /home/pavel/ws_ros2/install/px4_msgs/include/px4_msgs/px4_msgs/msg/detail/vehicle_acceleration__rosidl_typesupport_fastrtps_c.h\n'}
[5.851257] (px4_msgs) StdoutLine: {'line': b'-- Up-to-date: /home/pavel/ws_ros2/install/px4_msgs/include/px4_msgs/px4_msgs/msg/detail/telemetry_status__rosidl_typesupport_fastrtps_c.h\n'}
[5.851312] (px4_msgs) StdoutLine: {'line': b'-- Up-to-date: /home/pavel/ws_ros2/install/px4_msgs/include/px4_msgs/px4_msgs/msg/detail/camera_capture__rosidl_typesupport_fastrtps_c.h\n'}
[5.851367] (px4_msgs) StdoutLine: {'line': b'-- Up-to-date: /home/pavel/ws_ros2/install/px4_msgs/include/px4_msgs/px4_msgs/msg/detail/estimator_bias3d__rosidl_typesupport_fastrtps_c.h\n'}
[5.851422] (px4_msgs) StdoutLine: {'line': b'-- Up-to-date: /home/pavel/ws_ros2/install/px4_msgs/include/px4_msgs/px4_msgs/msg/detail/sensor_combined__rosidl_typesupport_fastrtps_c.h\n'}
[5.851477] (px4_msgs) StdoutLine: {'line': b'-- Up-to-date: /home/pavel/ws_ros2/install/px4_msgs/include/px4_msgs/px4_msgs/msg/detail/gripper__rosidl_typesupport_fastrtps_c.h\n'}
[5.851531] (px4_msgs) StdoutLine: {'line': b'-- Up-to-date: /home/pavel/ws_ros2/install/px4_msgs/include/px4_msgs/px4_msgs/msg/detail/rover_ackermann_guidance_status__rosidl_typesupport_fastrtps_c.h\n'}
[5.851587] (px4_msgs) StdoutLine: {'line': b'-- Up-to-date: /home/pavel/ws_ros2/install/px4_msgs/include/px4_msgs/px4_msgs/msg/detail/input_rc__rosidl_typesupport_fastrtps_c.h\n'}
[5.851642] (px4_msgs) StdoutLine: {'line': b'-- Up-to-date: /home/pavel/ws_ros2/install/px4_msgs/include/px4_msgs/px4_msgs/msg/detail/estimator_innovations__rosidl_typesupport_fastrtps_c.h\n'}
[5.851697] (px4_msgs) StdoutLine: {'line': b'-- Up-to-date: /home/pavel/ws_ros2/install/px4_msgs/include/px4_msgs/px4_msgs/msg/detail/cpuload__rosidl_typesupport_fastrtps_c.h\n'}
[5.851753] (px4_msgs) StdoutLine: {'line': b'-- Up-to-date: /home/pavel/ws_ros2/install/px4_msgs/include/px4_msgs/px4_msgs/msg/detail/uavcan_parameter_request__rosidl_typesupport_fastrtps_c.h\n'}
[5.851808] (px4_msgs) StdoutLine: {'line': b'-- Up-to-date: /home/pavel/ws_ros2/install/px4_msgs/include/px4_msgs/px4_msgs/msg/detail/position_controller_landing_status__rosidl_typesupport_fastrtps_c.h\n'}
[5.851870] (px4_msgs) StdoutLine: {'line': b'-- Up-to-date: /home/pavel/ws_ros2/install/px4_msgs/include/px4_msgs/px4_msgs/msg/detail/ulog_stream_ack__rosidl_typesupport_fastrtps_c.h\n'}
[5.851958] (px4_msgs) StdoutLine: {'line': b'-- Up-to-date: /home/pavel/ws_ros2/install/px4_msgs/include/px4_msgs/px4_msgs/msg/detail/actuator_servos_trim__rosidl_typesupport_fastrtps_c.h\n'}
[5.852008] (px4_msgs) StdoutLine: {'line': b'-- Up-to-date: /home/pavel/ws_ros2/install/px4_msgs/include/px4_msgs/px4_msgs/msg/detail/qshell_req__rosidl_typesupport_fastrtps_c.h\n'}
[5.852058] (px4_msgs) StdoutLine: {'line': b'-- Up-to-date: /home/pavel/ws_ros2/install/px4_msgs/include/px4_msgs/px4_msgs/msg/detail/vehicle_roi__rosidl_typesupport_fastrtps_c.h\n'}
[5.852113] (px4_msgs) StdoutLine: {'line': b'-- Up-to-date: /home/pavel/ws_ros2/install/px4_msgs/include/px4_msgs/px4_msgs/msg/detail/tune_control__rosidl_typesupport_fastrtps_c.h\n'}
[5.852194] (px4_msgs) StdoutLine: {'line': b'-- Up-to-date: /home/pavel/ws_ros2/install/px4_msgs/include/px4_msgs/px4_msgs/msg/detail/vehicle_command_ack__rosidl_typesupport_fastrtps_c.h\n'}
[5.852246] (px4_msgs) StdoutLine: {'line': b'-- Up-to-date: /home/pavel/ws_ros2/install/px4_msgs/include/px4_msgs/px4_msgs/msg/detail/collision_constraints__rosidl_typesupport_fastrtps_c.h\n'}
[5.852297] (px4_msgs) StdoutLine: {'line': b'-- Up-to-date: /home/pavel/ws_ros2/install/px4_msgs/include/px4_msgs/px4_msgs/msg/detail/actuator_motors__rosidl_typesupport_fastrtps_c.h\n'}
[5.852347] (px4_msgs) StdoutLine: {'line': b'-- Up-to-date: /home/pavel/ws_ros2/install/px4_msgs/include/px4_msgs/px4_msgs/msg/detail/pps_capture__rosidl_typesupport_fastrtps_c.h\n'}
[5.852397] (px4_msgs) StdoutLine: {'line': b'-- Up-to-date: /home/pavel/ws_ros2/install/px4_msgs/include/px4_msgs/px4_msgs/msg/detail/gimbal_controls__rosidl_typesupport_fastrtps_c.h\n'}
[5.852451] (px4_msgs) StdoutLine: {'line': b'-- Up-to-date: /home/pavel/ws_ros2/install/px4_msgs/include/px4_msgs/px4_msgs/msg/detail/led_control__rosidl_typesupport_fastrtps_c.h\n'}
[5.852501] (px4_msgs) StdoutLine: {'line': b'-- Up-to-date: /home/pavel/ws_ros2/install/px4_msgs/include/px4_msgs/px4_msgs/msg/detail/parameter_reset_request__rosidl_typesupport_fastrtps_c.h\n'}
[5.852550] (px4_msgs) StdoutLine: {'line': b'-- Up-to-date: /home/pavel/ws_ros2/install/px4_msgs/include/px4_msgs/px4_msgs/msg/detail/landing_target_pose__rosidl_typesupport_fastrtps_c.h\n'}
[5.852626] (px4_msgs) StdoutLine: {'line': b'-- Up-to-date: /home/pavel/ws_ros2/install/px4_msgs/include/px4_msgs/px4_msgs/msg/detail/mavlink_tunnel__rosidl_typesupport_fastrtps_c.h\n'}
[5.852683] (px4_msgs) StdoutLine: {'line': b'-- Up-to-date: /home/pavel/ws_ros2/install/px4_msgs/include/px4_msgs/px4_msgs/msg/detail/dataman_request__rosidl_typesupport_fastrtps_c.h\n'}
[5.852738] (px4_msgs) StdoutLine: {'line': b'-- Up-to-date: /home/pavel/ws_ros2/install/px4_msgs/include/px4_msgs/px4_msgs/msg/detail/landing_target_innovations__rosidl_typesupport_fastrtps_c.h\n'}
[5.852794] (px4_msgs) StdoutLine: {'line': b'-- Up-to-date: /home/pavel/ws_ros2/install/px4_msgs/include/px4_msgs/px4_msgs/msg/detail/timesync_status__rosidl_typesupport_fastrtps_c.h\n'}
[5.852853] (px4_msgs) StdoutLine: {'line': b'-- Up-to-date: /home/pavel/ws_ros2/install/px4_msgs/include/px4_msgs/px4_msgs/msg/detail/mavlink_log__rosidl_typesupport_fastrtps_c.h\n'}
[5.852967] (px4_msgs) StdoutLine: {'line': b'-- Up-to-date: /home/pavel/ws_ros2/install/px4_msgs/include/px4_msgs/px4_msgs/msg/detail/buffer128__rosidl_typesupport_fastrtps_c.h\n'}
[5.853024] (px4_msgs) StdoutLine: {'line': b'-- Up-to-date: /home/pavel/ws_ros2/install/px4_msgs/include/px4_msgs/px4_msgs/msg/detail/vehicle_attitude__rosidl_typesupport_fastrtps_c.h\n'}
[5.853079] (px4_msgs) StdoutLine: {'line': b'-- Up-to-date: /home/pavel/ws_ros2/install/px4_msgs/include/px4_msgs/px4_msgs/msg/detail/sensor_uwb__rosidl_typesupport_fastrtps_c.h\n'}
[5.853134] (px4_msgs) StdoutLine: {'line': b'-- Up-to-date: /home/pavel/ws_ros2/install/px4_msgs/include/px4_msgs/px4_msgs/msg/detail/failure_detector_status__rosidl_typesupport_fastrtps_c.h\n'}
[5.853188] (px4_msgs) StdoutLine: {'line': b'-- Up-to-date: /home/pavel/ws_ros2/install/px4_msgs/include/px4_msgs/px4_msgs/msg/detail/vehicle_land_detected__rosidl_typesupport_fastrtps_c.h\n'}
[5.853244] (px4_msgs) StdoutLine: {'line': b'-- Up-to-date: /home/pavel/ws_ros2/install/px4_msgs/include/px4_msgs/px4_msgs/msg/detail/button_event__rosidl_typesupport_fastrtps_c.h\n'}
[5.853312] (px4_msgs) StdoutLine: {'line': b'-- Up-to-date: /home/pavel/ws_ros2/install/px4_msgs/include/px4_msgs/px4_msgs/msg/detail/gps_inject_data__rosidl_typesupport_fastrtps_c.h\n'}
[5.853367] (px4_msgs) StdoutLine: {'line': b'-- Up-to-date: /home/pavel/ws_ros2/install/px4_msgs/include/px4_msgs/px4_msgs/msg/detail/sensor_gps__rosidl_typesupport_fastrtps_c.h\n'}
[5.853420] (px4_msgs) StdoutLine: {'line': b'-- Up-to-date: /home/pavel/ws_ros2/install/px4_msgs/include/px4_msgs/px4_msgs/msg/detail/can_interface_status__rosidl_typesupport_fastrtps_c.h\n'}
[5.853474] (px4_msgs) StdoutLine: {'line': b'-- Up-to-date: /home/pavel/ws_ros2/install/px4_msgs/include/px4_msgs/px4_msgs/msg/detail/distance_sensor__rosidl_typesupport_fastrtps_c.h\n'}
[5.853528] (px4_msgs) StdoutLine: {'line': b'-- Up-to-date: /home/pavel/ws_ros2/install/px4_msgs/include/px4_msgs/px4_msgs/msg/detail/actuator_outputs__rosidl_typesupport_fastrtps_c.h\n'}
[5.853581] (px4_msgs) StdoutLine: {'line': b'-- Up-to-date: /home/pavel/ws_ros2/install/px4_msgs/include/px4_msgs/px4_msgs/msg/detail/mount_orientation__rosidl_typesupport_fastrtps_c.h\n'}
[5.853635] (px4_msgs) StdoutLine: {'line': b'-- Up-to-date: /home/pavel/ws_ros2/install/px4_msgs/include/px4_msgs/px4_msgs/msg/detail/gpio_out__rosidl_typesupport_fastrtps_c.h\n'}
[5.853689] (px4_msgs) StdoutLine: {'line': b'-- Up-to-date: /home/pavel/ws_ros2/install/px4_msgs/include/px4_msgs/px4_msgs/msg/detail/gimbal_device_set_attitude__rosidl_typesupport_fastrtps_c.h\n'}
[5.853761] (px4_msgs) StdoutLine: {'line': b'-- Up-to-date: /home/pavel/ws_ros2/install/px4_msgs/include/px4_msgs/px4_msgs/msg/detail/vehicle_trajectory_bezier__rosidl_typesupport_fastrtps_c.h\n'}
[5.853816] (px4_msgs) StdoutLine: {'line': b'-- Up-to-date: /home/pavel/ws_ros2/install/px4_msgs/include/px4_msgs/px4_msgs/msg/detail/esc_status__rosidl_typesupport_fastrtps_c.h\n'}
[5.853969] (px4_msgs) StdoutLine: {'line': b'-- Up-to-date: /home/pavel/ws_ros2/install/px4_msgs/include/px4_msgs/px4_msgs/msg/detail/estimator_states__rosidl_typesupport_fastrtps_c.h\n'}
[5.854059] (px4_msgs) StdoutLine: {'line': b'-- Up-to-date: /home/pavel/ws_ros2/install/px4_msgs/include/px4_msgs/px4_msgs/msg/detail/message_format_request__rosidl_typesupport_fastrtps_c.h\n'}
[5.854115] (px4_msgs) StdoutLine: {'line': b'-- Up-to-date: /home/pavel/ws_ros2/install/px4_msgs/include/px4_msgs/px4_msgs/msg/detail/gpio_in__rosidl_typesupport_fastrtps_c.h\n'}
[5.854170] (px4_msgs) StdoutLine: {'line': b'-- Up-to-date: /home/pavel/ws_ros2/install/px4_msgs/include/px4_msgs/px4_msgs/msg/detail/rpm__rosidl_typesupport_fastrtps_c.h\n'}
[5.854225] (px4_msgs) StdoutLine: {'line': b'-- Up-to-date: /home/pavel/ws_ros2/install/px4_msgs/include/px4_msgs/px4_msgs/msg/detail/task_stack_info__rosidl_typesupport_fastrtps_c.h\n'}
[5.854279] (px4_msgs) StdoutLine: {'line': b'-- Up-to-date: /home/pavel/ws_ros2/install/px4_msgs/include/px4_msgs/px4_msgs/msg/detail/iridiumsbd_status__rosidl_typesupport_fastrtps_c.h\n'}
[5.854333] (px4_msgs) StdoutLine: {'line': b'-- Up-to-date: /home/pavel/ws_ros2/install/px4_msgs/include/px4_msgs/px4_msgs/msg/detail/log_message__rosidl_typesupport_fastrtps_c.h\n'}
[5.854403] (px4_msgs) StdoutLine: {'line': b'-- Up-to-date: /home/pavel/ws_ros2/install/px4_msgs/include/px4_msgs/px4_msgs/msg/detail/vehicle_angular_acceleration_setpoint__rosidl_typesupport_fastrtps_c.h\n'}
[5.854460] (px4_msgs) StdoutLine: {'line': b'-- Up-to-date: /home/pavel/ws_ros2/install/px4_msgs/include/px4_msgs/px4_msgs/msg/detail/sensor_airflow__rosidl_typesupport_fastrtps_c.h\n'}
[5.854514] (px4_msgs) StdoutLine: {'line': b'-- Up-to-date: /home/pavel/ws_ros2/install/px4_msgs/include/px4_msgs/px4_msgs/msg/detail/qshell_retval__rosidl_typesupport_fastrtps_c.h\n'}
[5.854568] (px4_msgs) StdoutLine: {'line': b'-- Up-to-date: /home/pavel/ws_ros2/install/px4_msgs/include/px4_msgs/px4_msgs/msg/detail/sensor_gyro__rosidl_typesupport_fastrtps_c.h\n'}
[5.854622] (px4_msgs) StdoutLine: {'line': b'-- Up-to-date: /home/pavel/ws_ros2/install/px4_msgs/include/px4_msgs/px4_msgs/msg/detail/yaw_estimator_status__rosidl_typesupport_fastrtps_c.h\n'}
[5.854676] (px4_msgs) StdoutLine: {'line': b'-- Up-to-date: /home/pavel/ws_ros2/install/px4_msgs/include/px4_msgs/px4_msgs/msg/detail/debug_vect__rosidl_typesupport_fastrtps_c.h\n'}
[5.854729] (px4_msgs) StdoutLine: {'line': b'-- Up-to-date: /home/pavel/ws_ros2/install/px4_msgs/include/px4_msgs/px4_msgs/msg/detail/register_ext_component_reply__rosidl_typesupport_fastrtps_c.h\n'}
[5.854783] (px4_msgs) StdoutLine: {'line': b'-- Up-to-date: /home/pavel/ws_ros2/install/px4_msgs/include/px4_msgs/px4_msgs/msg/detail/position_setpoint_triplet__rosidl_typesupport_fastrtps_c.h\n'}
[5.854837] (px4_msgs) StdoutLine: {'line': b'-- Up-to-date: /home/pavel/ws_ros2/install/px4_msgs/include/px4_msgs/px4_msgs/msg/detail/launch_detection_status__rosidl_typesupport_fastrtps_c.h\n'}
[5.854939] (px4_msgs) StdoutLine: {'line': b'-- Up-to-date: /home/pavel/ws_ros2/install/px4_msgs/include/px4_msgs/px4_msgs/msg/detail/gimbal_manager_information__rosidl_typesupport_fastrtps_c.h\n'}
[5.855109] (px4_msgs) StdoutLine: {'line': b'-- Up-to-date: /home/pavel/ws_ros2/install/px4_msgs/include/px4_msgs/px4_msgs/msg/detail/sensor_baro__rosidl_typesupport_fastrtps_c.h\n'}
[5.855163] (px4_msgs) StdoutLine: {'line': b'-- Up-to-date: /home/pavel/ws_ros2/install/px4_msgs/include/px4_msgs/px4_msgs/msg/detail/velocity_limits__rosidl_typesupport_fastrtps_c.h\n'}
[5.855247] (px4_msgs) StdoutLine: {'line': b'-- Up-to-date: /home/pavel/ws_ros2/install/px4_msgs/include/px4_msgs/px4_msgs/msg/detail/logger_status__rosidl_typesupport_fastrtps_c.h\n'}
[5.855303] (px4_msgs) StdoutLine: {'line': b'-- Up-to-date: /home/pavel/ws_ros2/install/px4_msgs/include/px4_msgs/px4_msgs/msg/detail/estimator_aid_source1d__rosidl_typesupport_fastrtps_c.h\n'}
[5.855357] (px4_msgs) StdoutLine: {'line': b'-- Up-to-date: /home/pavel/ws_ros2/install/px4_msgs/include/px4_msgs/px4_msgs/msg/detail/wind__rosidl_typesupport_fastrtps_c.h\n'}
[5.855412] (px4_msgs) StdoutLine: {'line': b'-- Up-to-date: /home/pavel/ws_ros2/install/px4_msgs/include/px4_msgs/px4_msgs/msg/detail/collision_report__rosidl_typesupport_fastrtps_c.h\n'}
[5.855466] (px4_msgs) StdoutLine: {'line': b'-- Up-to-date: /home/pavel/ws_ros2/install/px4_msgs/include/px4_msgs/px4_msgs/msg/detail/npfg_status__rosidl_typesupport_fastrtps_c.h\n'}
[5.855520] (px4_msgs) StdoutLine: {'line': b'-- Up-to-date: /home/pavel/ws_ros2/install/px4_msgs/include/px4_msgs/px4_msgs/msg/detail/rc_parameter_map__rosidl_typesupport_fastrtps_c.h\n'}
[5.855574] (px4_msgs) StdoutLine: {'line': b'-- Up-to-date: /home/pavel/ws_ros2/install/px4_msgs/include/px4_msgs/px4_msgs/msg/detail/vehicle_status__rosidl_typesupport_fastrtps_c.h\n'}
[5.855628] (px4_msgs) StdoutLine: {'line': b'-- Up-to-date: /home/pavel/ws_ros2/install/px4_msgs/include/px4_msgs/px4_msgs/msg/detail/vehicle_optical_flow_vel__rosidl_typesupport_fastrtps_c.h\n'}
[5.855683] (px4_msgs) StdoutLine: {'line': b'-- Up-to-date: /home/pavel/ws_ros2/install/px4_msgs/include/px4_msgs/px4_msgs/msg/detail/fuel_tank_status__rosidl_typesupport_fastrtps_c.h\n'}
[5.855737] (px4_msgs) StdoutLine: {'line': b'-- Up-to-date: /home/pavel/ws_ros2/install/px4_msgs/include/px4_msgs/px4_msgs/msg/detail/vehicle_attitude_setpoint__rosidl_typesupport_fastrtps_c.h\n'}
[5.855790] (px4_msgs) StdoutLine: {'line': b'-- Up-to-date: /home/pavel/ws_ros2/install/px4_msgs/include/px4_msgs/px4_msgs/msg/detail/mission__rosidl_typesupport_fastrtps_c.h\n'}
[5.855935] (px4_msgs) StdoutLine: {'line': b'-- Up-to-date: /home/pavel/ws_ros2/install/px4_msgs/include/px4_msgs/px4_msgs/msg/detail/takeoff_status__rosidl_typesupport_fastrtps_c.h\n'}
[5.856028] (px4_msgs) StdoutLine: {'line': b'-- Up-to-date: /home/pavel/ws_ros2/install/px4_msgs/include/px4_msgs/px4_msgs/msg/detail/action_request__rosidl_typesupport_fastrtps_c.h\n'}
[5.856084] (px4_msgs) StdoutLine: {'line': b'-- Up-to-date: /home/pavel/ws_ros2/install/px4_msgs/include/px4_msgs/px4_msgs/msg/detail/orb_test__rosidl_typesupport_fastrtps_c.h\n'}
[5.856139] (px4_msgs) StdoutLine: {'line': b'-- Up-to-date: /home/pavel/ws_ros2/install/px4_msgs/include/px4_msgs/px4_msgs/msg/detail/vehicle_trajectory_waypoint__rosidl_typesupport_fastrtps_c.h\n'}
[5.856193] (px4_msgs) StdoutLine: {'line': b'-- Up-to-date: /home/pavel/ws_ros2/install/px4_msgs/include/px4_msgs/px4_msgs/msg/detail/power_button_state__rosidl_typesupport_fastrtps_c.h\n'}
[5.856287] (px4_msgs) StdoutLine: {'line': b'-- Up-to-date: /home/pavel/ws_ros2/install/px4_msgs/include/px4_msgs/px4_msgs/msg/detail/trajectory_waypoint__rosidl_typesupport_fastrtps_c.h\n'}
[5.856344] (px4_msgs) StdoutLine: {'line': b'-- Up-to-date: /home/pavel/ws_ros2/install/px4_msgs/include/px4_msgs/px4_msgs/msg/detail/transponder_report__rosidl_typesupport_fastrtps_c.h\n'}
[5.856424] (px4_msgs) StdoutLine: {'line': b'-- Up-to-date: /home/pavel/ws_ros2/install/px4_msgs/include/px4_msgs/px4_msgs/msg/detail/goto_setpoint__rosidl_typesupport_fastrtps_c.h\n'}
[5.856566] (px4_msgs) StdoutLine: {'line': b'-- Up-to-date: /home/pavel/ws_ros2/install/px4_msgs/include/px4_msgs/px4_msgs/msg/detail/debug_array__rosidl_typesupport_fastrtps_c.h\n'}
[5.856662] (px4_msgs) StdoutLine: {'line': b'-- Up-to-date: /home/pavel/ws_ros2/install/px4_msgs/include/px4_msgs/px4_msgs/msg/detail/rtl_status__rosidl_typesupport_fastrtps_c.h\n'}
[5.856761] (px4_msgs) StdoutLine: {'line': b'-- Up-to-date: /home/pavel/ws_ros2/install/px4_msgs/include/px4_msgs/px4_msgs/msg/detail/gimbal_device_attitude_status__rosidl_typesupport_fastrtps_c.h\n'}
[5.856843] (px4_msgs) StdoutLine: {'line': b'-- Up-to-date: /home/pavel/ws_ros2/install/px4_msgs/include/px4_msgs/px4_msgs/msg/detail/airspeed_wind__rosidl_typesupport_fastrtps_c.h\n'}
[5.856937] (px4_msgs) StdoutLine: {'line': b'-- Up-to-date: /home/pavel/ws_ros2/install/px4_msgs/include/px4_msgs/px4_msgs/msg/detail/sensor_accel_fifo__rosidl_typesupport_fastrtps_c.h\n'}
[5.856994] (px4_msgs) StdoutLine: {'line': b'-- Up-to-date: /home/pavel/ws_ros2/install/px4_msgs/include/px4_msgs/px4_msgs/msg/detail/esc_report__rosidl_typesupport_fastrtps_c.h\n'}
[5.857049] (px4_msgs) StdoutLine: {'line': b'-- Up-to-date: /home/pavel/ws_ros2/install/px4_msgs/include/px4_msgs/px4_msgs/msg/detail/ulog_stream__rosidl_typesupport_fastrtps_c.h\n'}
[5.857104] (px4_msgs) StdoutLine: {'line': b'-- Up-to-date: /home/pavel/ws_ros2/install/px4_msgs/include/px4_msgs/px4_msgs/msg/detail/orbit_status__rosidl_typesupport_fastrtps_c.h\n'}
[5.857158] (px4_msgs) StdoutLine: {'line': b'-- Up-to-date: /home/pavel/ws_ros2/install/px4_msgs/include/px4_msgs/px4_msgs/msg/detail/home_position__rosidl_typesupport_fastrtps_c.h\n'}
[5.857211] (px4_msgs) StdoutLine: {'line': b'-- Up-to-date: /home/pavel/ws_ros2/install/px4_msgs/include/px4_msgs/px4_msgs/msg/detail/sensor_hygrometer__rosidl_typesupport_fastrtps_c.h\n'}
[5.857265] (px4_msgs) StdoutLine: {'line': b'-- Up-to-date: /home/pavel/ws_ros2/install/px4_msgs/include/px4_msgs/px4_msgs/msg/detail/vehicle_magnetometer__rosidl_typesupport_fastrtps_c.h\n'}
[5.857320] (px4_msgs) StdoutLine: {'line': b'-- Up-to-date: /home/pavel/ws_ros2/install/px4_msgs/include/px4_msgs/px4_msgs/msg/detail/battery_status__rosidl_typesupport_fastrtps_c.h\n'}
[5.857374] (px4_msgs) StdoutLine: {'line': b'-- Up-to-date: /home/pavel/ws_ros2/install/px4_msgs/include/px4_msgs/px4_msgs/msg/detail/event__rosidl_typesupport_fastrtps_c.h\n'}
[5.857429] (px4_msgs) StdoutLine: {'line': b'-- Up-to-date: /home/pavel/ws_ros2/install/px4_msgs/include/px4_msgs/px4_msgs/msg/detail/actuator_controls_status__rosidl_typesupport_fastrtps_c.h\n'}
[5.857483] (px4_msgs) StdoutLine: {'line': b'-- Up-to-date: /home/pavel/ws_ros2/install/px4_msgs/include/px4_msgs/px4_msgs/msg/detail/register_ext_component_request__rosidl_typesupport_fastrtps_c.h\n'}
[5.857538] (px4_msgs) StdoutLine: {'line': b'-- Up-to-date: /home/pavel/ws_ros2/install/px4_msgs/include/px4_msgs/px4_msgs/msg/detail/differential_drive_setpoint__rosidl_typesupport_fastrtps_c.h\n'}
[5.857593] (px4_msgs) StdoutLine: {'line': b'-- Up-to-date: /home/pavel/ws_ros2/install/px4_msgs/include/px4_msgs/px4_msgs/msg/detail/radio_status__rosidl_typesupport_fastrtps_c.h\n'}
[5.857648] (px4_msgs) StdoutLine: {'line': b'-- Up-to-date: /home/pavel/ws_ros2/install/px4_msgs/include/px4_msgs/px4_msgs/msg/detail/sensors_status__rosidl_typesupport_fastrtps_c.h\n'}
[5.857702] (px4_msgs) StdoutLine: {'line': b'-- Up-to-date: /home/pavel/ws_ros2/install/px4_msgs/include/px4_msgs/px4_msgs/msg/detail/sensor_gyro_fifo__rosidl_typesupport_fastrtps_c.h\n'}
[5.857755] (px4_msgs) StdoutLine: {'line': b'-- Up-to-date: /home/pavel/ws_ros2/install/px4_msgs/include/px4_msgs/px4_msgs/msg/detail/estimator_gps_status__rosidl_typesupport_fastrtps_c.h\n'}
[5.857809] (px4_msgs) StdoutLine: {'line': b'-- Up-to-date: /home/pavel/ws_ros2/install/px4_msgs/include/px4_msgs/px4_msgs/msg/detail/camera_trigger__rosidl_typesupport_fastrtps_c.h\n'}
[5.857983] (px4_msgs) StdoutLine: {'line': b'-- Up-to-date: /home/pavel/ws_ros2/install/px4_msgs/include/px4_msgs/px4_msgs/msg/detail/generator_status__rosidl_typesupport_fastrtps_c.h\n'}
[5.858069] (px4_msgs) StdoutLine: {'line': b'-- Up-to-date: /home/pavel/ws_ros2/install/px4_msgs/include/px4_msgs/px4_msgs/msg/detail/orb_test_medium__rosidl_typesupport_fastrtps_c.h\n'}
[5.858177] (px4_msgs) StdoutLine: {'line': b'-- Up-to-date: /home/pavel/ws_ros2/install/px4_msgs/include/px4_msgs/px4_msgs/msg/detail/autotune_attitude_control_status__rosidl_typesupport_fastrtps_c.h\n'}
[5.858261] (px4_msgs) StdoutLine: {'line': b'-- Up-to-date: /home/pavel/ws_ros2/install/px4_msgs/include/px4_msgs/px4_msgs/msg/detail/gimbal_manager_set_attitude__rosidl_typesupport_fastrtps_c.h\n'}
[5.858334] (px4_msgs) StdoutLine: {'line': b'-- Up-to-date: /home/pavel/ws_ros2/install/px4_msgs/include/px4_msgs/px4_msgs/msg/detail/gps_dump__rosidl_typesupport_fastrtps_c.h\n'}
[5.858390] (px4_msgs) StdoutLine: {'line': b'-- Up-to-date: /home/pavel/ws_ros2/install/px4_msgs/include/px4_msgs/px4_msgs/msg/detail/camera_status__rosidl_typesupport_fastrtps_c.h\n'}
[5.858445] (px4_msgs) StdoutLine: {'line': b'-- Up-to-date: /home/pavel/ws_ros2/install/px4_msgs/include/px4_msgs/px4_msgs/msg/detail/mag_worker_data__rosidl_typesupport_fastrtps_c.h\n'}
[5.858498] (px4_msgs) StdoutLine: {'line': b'-- Up-to-date: /home/pavel/ws_ros2/install/px4_msgs/include/px4_msgs/px4_msgs/msg/detail/vehicle_angular_velocity__rosidl_typesupport_fastrtps_c.h\n'}
[5.858553] (px4_msgs) StdoutLine: {'line': b'-- Up-to-date: /home/pavel/ws_ros2/install/px4_msgs/include/px4_msgs/px4_msgs/msg/detail/vehicle_air_data__rosidl_typesupport_fastrtps_c.h\n'}
[5.858607] (px4_msgs) StdoutLine: {'line': b'-- Up-to-date: /home/pavel/ws_ros2/install/px4_msgs/include/px4_msgs/px4_msgs/msg/detail/vehicle_torque_setpoint__rosidl_typesupport_fastrtps_c.h\n'}
[5.858660] (px4_msgs) StdoutLine: {'line': b'-- Up-to-date: /home/pavel/ws_ros2/install/px4_msgs/include/px4_msgs/px4_msgs/msg/detail/vtol_vehicle_status__rosidl_typesupport_fastrtps_c.h\n'}
[5.858715] (px4_msgs) StdoutLine: {'line': b'-- Up-to-date: /home/pavel/ws_ros2/install/px4_msgs/include/px4_msgs/px4_msgs/msg/detail/sensor_selection__rosidl_typesupport_fastrtps_c.h\n'}
[5.858769] (px4_msgs) StdoutLine: {'line': b'-- Up-to-date: /home/pavel/ws_ros2/install/px4_msgs/include/px4_msgs/px4_msgs/msg/detail/sensor_gnss_relative__rosidl_typesupport_fastrtps_c.h\n'}
[5.858824] (px4_msgs) StdoutLine: {'line': b'-- Up-to-date: /home/pavel/ws_ros2/install/px4_msgs/include/px4_msgs/px4_msgs/msg/detail/follow_target_estimator__rosidl_typesupport_fastrtps_c.h\n'}
[5.858908] (px4_msgs) StdoutLine: {'line': b'-- Up-to-date: /home/pavel/ws_ros2/install/px4_msgs/include/px4_msgs/px4_msgs/msg/detail/magnetometer_bias_estimate__rosidl_typesupport_fastrtps_c.h\n'}
[5.859011] (px4_msgs) StdoutLine: {'line': b'-- Up-to-date: /home/pavel/ws_ros2/install/px4_msgs/include/px4_msgs/px4_msgs/msg/detail/sensor_preflight_mag__rosidl_typesupport_fastrtps_c.h\n'}
[5.859067] (px4_msgs) StdoutLine: {'line': b'-- Up-to-date: /home/pavel/ws_ros2/install/px4_msgs/include/px4_msgs/px4_msgs/msg/detail/hover_thrust_estimate__rosidl_typesupport_fastrtps_c.h\n'}
[5.859122] (px4_msgs) StdoutLine: {'line': b'-- Up-to-date: /home/pavel/ws_ros2/install/px4_msgs/include/px4_msgs/px4_msgs/msg/detail/manual_control_switches__rosidl_typesupport_fastrtps_c.h\n'}
[5.859176] (px4_msgs) StdoutLine: {'line': b'-- Up-to-date: /home/pavel/ws_ros2/install/px4_msgs/include/px4_msgs/px4_msgs/msg/detail/vehicle_control_mode__rosidl_typesupport_fastrtps_c.h\n'}
[5.859230] (px4_msgs) StdoutLine: {'line': b'-- Up-to-date: /home/pavel/ws_ros2/install/px4_msgs/include/px4_msgs/px4_msgs/msg/detail/ping__rosidl_typesupport_fastrtps_c.h\n'}
[5.859285] (px4_msgs) StdoutLine: {'line': b'-- Up-to-date: /home/pavel/ws_ros2/install/px4_msgs/include/px4_msgs/px4_msgs/msg/detail/navigator_mission_item__rosidl_typesupport_fastrtps_c.h\n'}
[5.859339] (px4_msgs) StdoutLine: {'line': b'-- Up-to-date: /home/pavel/ws_ros2/install/px4_msgs/include/px4_msgs/px4_msgs/msg/detail/sensor_correction__rosidl_typesupport_fastrtps_c.h\n'}
[5.859393] (px4_msgs) StdoutLine: {'line': b'-- Up-to-date: /home/pavel/ws_ros2/install/px4_msgs/include/px4_msgs/px4_msgs/msg/detail/debug_key_value__rosidl_typesupport_fastrtps_c.h\n'}
[5.859448] (px4_msgs) StdoutLine: {'line': b'-- Up-to-date: /home/pavel/ws_ros2/install/px4_msgs/include/px4_msgs/px4_msgs/msg/detail/position_controller_status__rosidl_typesupport_fastrtps_c.h\n'}
[5.859502] (px4_msgs) StdoutLine: {'line': b'-- Up-to-date: /home/pavel/ws_ros2/install/px4_msgs/include/px4_msgs/px4_msgs/msg/detail/sensor_optical_flow__rosidl_typesupport_fastrtps_c.h\n'}
[5.859573] (px4_msgs) StdoutLine: {'line': b'-- Up-to-date: /home/pavel/ws_ros2/install/px4_msgs/include/px4_msgs/px4_msgs/msg/detail/manual_control_setpoint__rosidl_typesupport_fastrtps_c.h\n'}
[5.859628] (px4_msgs) StdoutLine: {'line': b'-- Up-to-date: /home/pavel/ws_ros2/install/px4_msgs/include/px4_msgs/px4_msgs/msg/detail/arming_check_request__rosidl_typesupport_fastrtps_c.h\n'}
[5.859682] (px4_msgs) StdoutLine: {'line': b'-- Up-to-date: /home/pavel/ws_ros2/install/px4_msgs/include/px4_msgs/px4_msgs/msg/detail/estimator_aid_source3d__rosidl_typesupport_fastrtps_c.h\n'}
[5.859736] (px4_msgs) StdoutLine: {'line': b'-- Up-to-date: /home/pavel/ws_ros2/install/px4_msgs/include/px4_msgs/px4_msgs/msg/detail/trajectory_setpoint__rosidl_typesupport_fastrtps_c.h\n'}
[5.859882] (px4_msgs) StdoutLine: {'line': b'-- Up-to-date: /home/pavel/ws_ros2/install/px4_msgs/include/px4_msgs/px4_msgs/msg/detail/geofence_status__rosidl_typesupport_fastrtps_c.h\n'}
[5.859980] (px4_msgs) StdoutLine: {'line': b'-- Up-to-date: /home/pavel/ws_ros2/install/px4_msgs/include/px4_msgs/px4_msgs/msg/detail/landing_gear_wheel__rosidl_typesupport_fastrtps_c.h\n'}
[5.860038] (px4_msgs) StdoutLine: {'line': b'-- Up-to-date: /home/pavel/ws_ros2/install/px4_msgs/include/px4_msgs/px4_msgs/msg/detail/trajectory_bezier__rosidl_typesupport_fastrtps_c.h\n'}
[5.860093] (px4_msgs) StdoutLine: {'line': b'-- Up-to-date: /home/pavel/ws_ros2/install/px4_msgs/include/px4_msgs/px4_msgs/msg/detail/health_report__rosidl_typesupport_fastrtps_c.h\n'}
[5.860147] (px4_msgs) StdoutLine: {'line': b'-- Up-to-date: /home/pavel/ws_ros2/install/px4_msgs/include/px4_msgs/px4_msgs/msg/detail/gimbal_device_information__rosidl_typesupport_fastrtps_c.h\n'}
[5.860201] (px4_msgs) StdoutLine: {'line': b'-- Up-to-date: /home/pavel/ws_ros2/install/px4_msgs/include/px4_msgs/px4_msgs/msg/detail/dataman_response__rosidl_typesupport_fastrtps_c.h\n'}
[5.860255] (px4_msgs) StdoutLine: {'line': b'-- Up-to-date: /home/pavel/ws_ros2/install/px4_msgs/include/px4_msgs/px4_msgs/msg/detail/airspeed__rosidl_typesupport_fastrtps_c.h\n'}
[5.860309] (px4_msgs) StdoutLine: {'line': b'-- Up-to-date: /home/pavel/ws_ros2/install/px4_msgs/include/px4_msgs/px4_msgs/msg/detail/power_monitor__rosidl_typesupport_fastrtps_c.h\n'}
[5.860363] (px4_msgs) StdoutLine: {'line': b'-- Up-to-date: /home/pavel/ws_ros2/install/px4_msgs/include/px4_msgs/px4_msgs/msg/detail/debug_value__rosidl_typesupport_fastrtps_c.h\n'}
[5.860418] (px4_msgs) StdoutLine: {'line': b'-- Up-to-date: /home/pavel/ws_ros2/install/px4_msgs/include/px4_msgs/px4_msgs/msg/detail/vehicle_rates_setpoint__rosidl_typesupport_fastrtps_c.h\n'}
[5.860472] (px4_msgs) StdoutLine: {'line': b'-- Up-to-date: /home/pavel/ws_ros2/install/px4_msgs/include/px4_msgs/px4_msgs/msg/detail/parameter_set_value_response__rosidl_typesupport_fastrtps_c.h\n'}
[5.860526] (px4_msgs) StdoutLine: {'line': b'-- Up-to-date: /home/pavel/ws_ros2/install/px4_msgs/include/px4_msgs/px4_msgs/msg/detail/heater_status__rosidl_typesupport_fastrtps_c.h\n'}
[5.860580] (px4_msgs) StdoutLine: {'line': b'-- Up-to-date: /home/pavel/ws_ros2/install/px4_msgs/include/px4_msgs/px4_msgs/msg/detail/vehicle_global_position__rosidl_typesupport_fastrtps_c.h\n'}
[5.860651] (px4_msgs) StdoutLine: {'line': b'-- Up-to-date: /home/pavel/ws_ros2/install/px4_msgs/include/px4_msgs/px4_msgs/msg/detail/gpio_config__rosidl_typesupport_fastrtps_c.h\n'}
[5.860724] (px4_msgs) StdoutLine: {'line': b'-- Up-to-date: /home/pavel/ws_ros2/install/px4_msgs/include/px4_msgs/px4_msgs/msg/detail/sensor_accel__rosidl_typesupport_fastrtps_c.h\n'}
[5.860829] (px4_msgs) StdoutLine: {'line': b'-- Up-to-date: /home/pavel/ws_ros2/install/px4_msgs/include/px4_msgs/px4_msgs/msg/detail/pwm_input__rosidl_typesupport_fastrtps_c.h\n'}
[5.861115] (px4_msgs) StdoutLine: {'line': b'-- Up-to-date: /home/pavel/ws_ros2/install/px4_msgs/include/px4_msgs/px4_msgs/msg/detail/system_power__rosidl_typesupport_fastrtps_c.h\n'}
[5.861236] (px4_msgs) StdoutLine: {'line': b'-- Up-to-date: /home/pavel/ws_ros2/install/px4_msgs/include/px4_msgs/px4_msgs/msg/detail/wheel_encoders__rosidl_typesupport_fastrtps_c.h\n'}
[5.861377] (px4_msgs) StdoutLine: {'line': b'-- Up-to-date: /home/pavel/ws_ros2/install/px4_msgs/include/px4_msgs/px4_msgs/msg/detail/estimator_selector_status__rosidl_typesupport_fastrtps_c.h\n'}
[5.861474] (px4_msgs) StdoutLine: {'line': b'-- Up-to-date: /home/pavel/ws_ros2/install/px4_msgs/include/px4_msgs/px4_msgs/msg/detail/message_format_response__rosidl_typesupport_fastrtps_c.h\n'}
[5.861570] (px4_msgs) StdoutLine: {'line': b'-- Up-to-date: /home/pavel/ws_ros2/install/px4_msgs/include/px4_msgs/px4_msgs/msg/detail/vehicle_imu_status__rosidl_typesupport_fastrtps_c.h\n'}
[5.861666] (px4_msgs) StdoutLine: {'line': b'-- Up-to-date: /home/pavel/ws_ros2/install/px4_msgs/include/px4_msgs/px4_msgs/msg/detail/follow_target__rosidl_typesupport_fastrtps_c.h\n'}
[5.861762] (px4_msgs) StdoutLine: {'line': b'-- Up-to-date: /home/pavel/ws_ros2/install/px4_msgs/include/px4_msgs/px4_msgs/msg/detail/arming_check_reply__rosidl_typesupport_fastrtps_c.h\n'}
[5.861863] (px4_msgs) StdoutLine: {'line': b'-- Up-to-date: /home/pavel/ws_ros2/install/px4_msgs/include/px4_msgs/px4_msgs/msg/detail/parameter_update__rosidl_typesupport_fastrtps_c.h\n'}
[5.862054] (px4_msgs) StdoutLine: {'line': b'-- Up-to-date: /home/pavel/ws_ros2/install/px4_msgs/include/px4_msgs/px4_msgs/msg/detail/px4io_status__rosidl_typesupport_fastrtps_c.h\n'}
[5.862152] (px4_msgs) StdoutLine: {'line': b'-- Up-to-date: /home/pavel/ws_ros2/install/px4_msgs/include/px4_msgs/px4_msgs/msg/detail/vehicle_local_position_setpoint__rosidl_typesupport_fastrtps_c.h\n'}
[5.862248] (px4_msgs) StdoutLine: {'line': b'-- Up-to-date: /home/pavel/ws_ros2/install/px4_msgs/include/px4_msgs/px4_msgs/msg/detail/internal_combustion_engine_status__rosidl_typesupport_fastrtps_c.h\n'}
[5.862357] (px4_msgs) StdoutLine: {'line': b'-- Up-to-date: /home/pavel/ws_ros2/install/px4_msgs/include/px4_msgs/px4_msgs/msg/detail/gimbal_manager_status__rosidl_typesupport_fastrtps_c.h\n'}
[5.862449] (px4_msgs) StdoutLine: {'line': b'-- Up-to-date: /home/pavel/ws_ros2/install/px4_msgs/include/px4_msgs/px4_msgs/msg/detail/estimator_sensor_bias__rosidl_typesupport_fastrtps_c.h\n'}
[5.862622] (px4_msgs) StdoutLine: {'line': b'-- Up-to-date: /home/pavel/ws_ros2/install/px4_msgs/include/px4_msgs/px4_msgs/msg/detail/obstacle_distance__rosidl_typesupport_fastrtps_c.h\n'}
[5.862718] (px4_msgs) StdoutLine: {'line': b'-- Up-to-date: /home/pavel/ws_ros2/install/px4_msgs/include/px4_msgs/px4_msgs/msg/detail/sensor_mag__rosidl_typesupport_fastrtps_c.h\n'}
[5.862811] (px4_msgs) StdoutLine: {'line': b'-- Up-to-date: /home/pavel/ws_ros2/install/px4_msgs/include/px4_msgs/px4_msgs/msg/detail/follow_target_status__rosidl_typesupport_fastrtps_c.h\n'}
[5.862995] (px4_msgs) StdoutLine: {'line': b'-- Up-to-date: /home/pavel/ws_ros2/install/px4_msgs/include/px4_msgs/px4_msgs/msg/detail/estimator_event_flags__rosidl_typesupport_fastrtps_c.h\n'}
[5.863109] (px4_msgs) StdoutLine: {'line': b'-- Up-to-date: /home/pavel/ws_ros2/install/px4_msgs/include/px4_msgs/px4_msgs/msg/detail/cellular_status__rosidl_typesupport_fastrtps_c.h\n'}
[5.863199] (px4_msgs) StdoutLine: {'line': b'-- Up-to-date: /home/pavel/ws_ros2/install/px4_msgs/include/px4_msgs/px4_msgs/msg/detail/mission_result__rosidl_typesupport_fastrtps_c.h\n'}
[5.863293] (px4_msgs) StdoutLine: {'line': b'-- Up-to-date: /home/pavel/ws_ros2/install/px4_msgs/include/px4_msgs/px4_msgs/msg/detail/rtl_time_estimate__rosidl_typesupport_fastrtps_c.h\n'}
[5.863379] (px4_msgs) StdoutLine: {'line': b'-- Up-to-date: /home/pavel/ws_ros2/install/px4_msgs/include/px4_msgs/px4_msgs/msg/detail/vehicle_imu__rosidl_typesupport_fastrtps_c.h\n'}
[5.863468] (px4_msgs) StdoutLine: {'line': b'-- Up-to-date: /home/pavel/ws_ros2/install/px4_msgs/include/px4_msgs/px4_msgs/msg/detail/differential_pressure__rosidl_typesupport_fastrtps_c.h\n'}
[5.863531] (px4_msgs) StdoutLine: {'line': b'-- Up-to-date: /home/pavel/ws_ros2/install/px4_msgs/include/px4_msgs/px4_msgs/msg/detail/parameter_set_value_request__rosidl_typesupport_fastrtps_c.h\n'}
[5.863635] (px4_msgs) StdoutLine: {'line': b'-- Up-to-date: /home/pavel/ws_ros2/install/px4_msgs/include/px4_msgs/px4_msgs/msg/detail/config_overrides__rosidl_typesupport_fastrtps_c.h\n'}
[5.863707] (px4_msgs) StdoutLine: {'line': b'-- Up-to-date: /home/pavel/ws_ros2/install/px4_msgs/include/px4_msgs/px4_msgs/msg/detail/geofence_result__rosidl_typesupport_fastrtps_c.h\n'}
[5.863811] (px4_msgs) StdoutLine: {'line': b'-- Up-to-date: /home/pavel/ws_ros2/install/px4_msgs/include/px4_msgs/px4_msgs/msg/detail/tecs_status__rosidl_typesupport_fastrtps_c.h\n'}
[5.863996] (px4_msgs) StdoutLine: {'line': b'-- Up-to-date: /home/pavel/ws_ros2/install/px4_msgs/include/px4_msgs/px4_msgs/msg/detail/figure_eight_status__rosidl_typesupport_fastrtps_c.h\n'}
[5.864072] (px4_msgs) StdoutLine: {'line': b'-- Up-to-date: /home/pavel/ws_ros2/install/px4_msgs/include/px4_msgs/px4_msgs/msg/detail/adc_report__rosidl_typesupport_fastrtps_c.h\n'}
[5.864138] (px4_msgs) StdoutLine: {'line': b'-- Up-to-date: /home/pavel/ws_ros2/install/px4_msgs/include/px4_msgs/px4_msgs/msg/detail/gpio_request__rosidl_typesupport_fastrtps_c.h\n'}
[5.864222] (px4_msgs) StdoutLine: {'line': b'-- Up-to-date: /home/pavel/ws_ros2/install/px4_msgs/include/px4_msgs/px4_msgs/msg/detail/normalized_unsigned_setpoint__rosidl_typesupport_fastrtps_c.h\n'}
[5.864325] (px4_msgs) StdoutLine: {'line': b'-- Up-to-date: /home/pavel/ws_ros2/install/px4_msgs/include/px4_msgs/px4_msgs/msg/detail/vehicle_local_position__rosidl_typesupport_fastrtps_c.h\n'}
[5.864446] (px4_msgs) StdoutLine: {'line': b'-- Up-to-date: /home/pavel/ws_ros2/install/px4_msgs/include/px4_msgs/px4_msgs/msg/detail/estimator_status_flags__rosidl_typesupport_fastrtps_c.h\n'}
[5.864549] (px4_msgs) StdoutLine: {'line': b'-- Up-to-date: /home/pavel/ws_ros2/install/px4_msgs/include/px4_msgs/px4_msgs/msg/detail/mode_completed__rosidl_typesupport_fastrtps_c.h\n'}
[5.864716] (px4_msgs) StdoutLine: {'line': b'-- Up-to-date: /home/pavel/ws_ros2/install/px4_msgs/include/px4_msgs/px4_msgs/msg/detail/rate_ctrl_status__rosidl_typesupport_fastrtps_c.h\n'}
[5.864813] (px4_msgs) StdoutLine: {'line': b'-- Up-to-date: /home/pavel/ws_ros2/install/px4_msgs/include/px4_msgs/px4_msgs/msg/detail/flight_phase_estimation__rosidl_typesupport_fastrtps_c.h\n'}
[5.864943] (px4_msgs) StdoutLine: {'line': b'-- Up-to-date: /home/pavel/ws_ros2/install/px4_msgs/include/px4_msgs/px4_msgs/msg/rosidl_typesupport_fastrtps_c__visibility_control.h\n'}
[5.865033] (px4_msgs) StdoutLine: {'line': b'-- Up-to-date: /home/pavel/ws_ros2/install/px4_msgs/lib/libpx4_msgs__rosidl_typesupport_fastrtps_c.so\n'}
[5.865121] (px4_msgs) StdoutLine: {'line': b'-- Up-to-date: /home/pavel/ws_ros2/install/px4_msgs/include/px4_msgs/px4_msgs\n'}
[5.865208] (px4_msgs) StdoutLine: {'line': b'-- Up-to-date: /home/pavel/ws_ros2/install/px4_msgs/include/px4_msgs/px4_msgs/srv\n'}
[5.865295] (px4_msgs) StdoutLine: {'line': b'-- Up-to-date: /home/pavel/ws_ros2/install/px4_msgs/include/px4_msgs/px4_msgs/srv/detail\n'}
[5.865400] (px4_msgs) StdoutLine: {'line': b'-- Up-to-date: /home/pavel/ws_ros2/install/px4_msgs/include/px4_msgs/px4_msgs/srv/detail/vehicle_command__traits.hpp\n'}
[5.865489] (px4_msgs) StdoutLine: {'line': b'-- Up-to-date: /home/pavel/ws_ros2/install/px4_msgs/include/px4_msgs/px4_msgs/srv/detail/vehicle_command__builder.hpp\n'}
[5.865582] (px4_msgs) StdoutLine: {'line': b'-- Up-to-date: /home/pavel/ws_ros2/install/px4_msgs/include/px4_msgs/px4_msgs/srv/detail/vehicle_command__type_support.hpp\n'}
[5.865670] (px4_msgs) StdoutLine: {'line': b'-- Up-to-date: /home/pavel/ws_ros2/install/px4_msgs/include/px4_msgs/px4_msgs/srv/detail/vehicle_command__struct.hpp\n'}
[5.865764] (px4_msgs) StdoutLine: {'line': b'-- Up-to-date: /home/pavel/ws_ros2/install/px4_msgs/include/px4_msgs/px4_msgs/srv/vehicle_command.hpp\n'}
[5.865857] (px4_msgs) StdoutLine: {'line': b'-- Up-to-date: /home/pavel/ws_ros2/install/px4_msgs/include/px4_msgs/px4_msgs/msg\n'}
[5.865918] (px4_msgs) StdoutLine: {'line': b'-- Up-to-date: /home/pavel/ws_ros2/install/px4_msgs/include/px4_msgs/px4_msgs/msg/iridiumsbd_status.hpp\n'}
[5.865979] (px4_msgs) StdoutLine: {'line': b'-- Up-to-date: /home/pavel/ws_ros2/install/px4_msgs/include/px4_msgs/px4_msgs/msg/position_controller_status.hpp\n'}
[5.866032] (px4_msgs) StdoutLine: {'line': b'-- Up-to-date: /home/pavel/ws_ros2/install/px4_msgs/include/px4_msgs/px4_msgs/msg/gpio_request.hpp\n'}
[5.866085] (px4_msgs) StdoutLine: {'line': b'-- Up-to-date: /home/pavel/ws_ros2/install/px4_msgs/include/px4_msgs/px4_msgs/msg/actuator_motors.hpp\n'}
[5.866139] (px4_msgs) StdoutLine: {'line': b'-- Up-to-date: /home/pavel/ws_ros2/install/px4_msgs/include/px4_msgs/px4_msgs/msg/vehicle_attitude_setpoint.hpp\n'}
[5.866193] (px4_msgs) StdoutLine: {'line': b'-- Up-to-date: /home/pavel/ws_ros2/install/px4_msgs/include/px4_msgs/px4_msgs/msg/npfg_status.hpp\n'}
[5.866247] (px4_msgs) StdoutLine: {'line': b'-- Up-to-date: /home/pavel/ws_ros2/install/px4_msgs/include/px4_msgs/px4_msgs/msg/mavlink_tunnel.hpp\n'}
[5.866346] (px4_msgs) StdoutLine: {'line': b'-- Up-to-date: /home/pavel/ws_ros2/install/px4_msgs/include/px4_msgs/px4_msgs/msg/landing_gear_wheel.hpp\n'}
[5.866408] (px4_msgs) StdoutLine: {'line': b'-- Up-to-date: /home/pavel/ws_ros2/install/px4_msgs/include/px4_msgs/px4_msgs/msg/gripper.hpp\n'}
[5.866463] (px4_msgs) StdoutLine: {'line': b'-- Up-to-date: /home/pavel/ws_ros2/install/px4_msgs/include/px4_msgs/px4_msgs/msg/wheel_encoders.hpp\n'}
[5.866517] (px4_msgs) StdoutLine: {'line': b'-- Up-to-date: /home/pavel/ws_ros2/install/px4_msgs/include/px4_msgs/px4_msgs/msg/transponder_report.hpp\n'}
[5.866575] (px4_msgs) StdoutLine: {'line': b'-- Up-to-date: /home/pavel/ws_ros2/install/px4_msgs/include/px4_msgs/px4_msgs/msg/estimator_states.hpp\n'}
[5.866646] (px4_msgs) StdoutLine: {'line': b'-- Up-to-date: /home/pavel/ws_ros2/install/px4_msgs/include/px4_msgs/px4_msgs/msg/parameter_set_value_request.hpp\n'}
[5.866740] (px4_msgs) StdoutLine: {'line': b'-- Up-to-date: /home/pavel/ws_ros2/install/px4_msgs/include/px4_msgs/px4_msgs/msg/debug_value.hpp\n'}
[5.866831] (px4_msgs) StdoutLine: {'line': b'-- Up-to-date: /home/pavel/ws_ros2/install/px4_msgs/include/px4_msgs/px4_msgs/msg/vehicle_angular_velocity.hpp\n'}
[5.867003] (px4_msgs) StdoutLine: {'line': b'-- Up-to-date: /home/pavel/ws_ros2/install/px4_msgs/include/px4_msgs/px4_msgs/msg/navigator_mission_item.hpp\n'}
[5.867122] (px4_msgs) StdoutLine: {'line': b'-- Up-to-date: /home/pavel/ws_ros2/install/px4_msgs/include/px4_msgs/px4_msgs/msg/vehicle_global_position.hpp\n'}
[5.867257] (px4_msgs) StdoutLine: {'line': b'-- Up-to-date: /home/pavel/ws_ros2/install/px4_msgs/include/px4_msgs/px4_msgs/msg/sensor_baro.hpp\n'}
[5.867362] (px4_msgs) StdoutLine: {'line': b'-- Up-to-date: /home/pavel/ws_ros2/install/px4_msgs/include/px4_msgs/px4_msgs/msg/sensors_status_imu.hpp\n'}
[5.867466] (px4_msgs) StdoutLine: {'line': b'-- Up-to-date: /home/pavel/ws_ros2/install/px4_msgs/include/px4_msgs/px4_msgs/msg/ulog_stream_ack.hpp\n'}
[5.867568] (px4_msgs) StdoutLine: {'line': b'-- Up-to-date: /home/pavel/ws_ros2/install/px4_msgs/include/px4_msgs/px4_msgs/msg/led_control.hpp\n'}
[5.867673] (px4_msgs) StdoutLine: {'line': b'-- Up-to-date: /home/pavel/ws_ros2/install/px4_msgs/include/px4_msgs/px4_msgs/msg/debug_array.hpp\n'}
[5.867776] (px4_msgs) StdoutLine: {'line': b'-- Up-to-date: /home/pavel/ws_ros2/install/px4_msgs/include/px4_msgs/px4_msgs/msg/gpio_in.hpp\n'}
[5.867901] (px4_msgs) StdoutLine: {'line': b'-- Up-to-date: /home/pavel/ws_ros2/install/px4_msgs/include/px4_msgs/px4_msgs/msg/vehicle_rates_setpoint.hpp\n'}
[5.868129] (px4_msgs) StdoutLine: {'line': b'-- Up-to-date: /home/pavel/ws_ros2/install/px4_msgs/include/px4_msgs/px4_msgs/msg/message_format_request.hpp\n'}
[5.868223] (px4_msgs) StdoutLine: {'line': b'-- Up-to-date: /home/pavel/ws_ros2/install/px4_msgs/include/px4_msgs/px4_msgs/msg/detail\n'}
[5.868316] (px4_msgs) StdoutLine: {'line': b'-- Up-to-date: /home/pavel/ws_ros2/install/px4_msgs/include/px4_msgs/px4_msgs/msg/detail/actuator_outputs__struct.hpp\n'}
[5.868408] (px4_msgs) StdoutLine: {'line': b'-- Up-to-date: /home/pavel/ws_ros2/install/px4_msgs/include/px4_msgs/px4_msgs/msg/detail/velocity_limits__struct.hpp\n'}
[5.868519] (px4_msgs) StdoutLine: {'line': b'-- Up-to-date: /home/pavel/ws_ros2/install/px4_msgs/include/px4_msgs/px4_msgs/msg/detail/failsafe_flags__builder.hpp\n'}
[5.868611] (px4_msgs) StdoutLine: {'line': b'-- Up-to-date: /home/pavel/ws_ros2/install/px4_msgs/include/px4_msgs/px4_msgs/msg/detail/sensor_gnss_relative__struct.hpp\n'}
[5.868704] (px4_msgs) StdoutLine: {'line': b'-- Up-to-date: /home/pavel/ws_ros2/install/px4_msgs/include/px4_msgs/px4_msgs/msg/detail/uavcan_parameter_value__builder.hpp\n'}
[5.868836] (px4_msgs) StdoutLine: {'line': b'-- Up-to-date: /home/pavel/ws_ros2/install/px4_msgs/include/px4_msgs/px4_msgs/msg/detail/trajectory_waypoint__traits.hpp\n'}
[5.869009] (px4_msgs) StdoutLine: {'line': b'-- Up-to-date: /home/pavel/ws_ros2/install/px4_msgs/include/px4_msgs/px4_msgs/msg/detail/power_monitor__struct.hpp\n'}
[5.869099] (px4_msgs) StdoutLine: {'line': b'-- Up-to-date: /home/pavel/ws_ros2/install/px4_msgs/include/px4_msgs/px4_msgs/msg/detail/sensor_gps__struct.hpp\n'}
[5.869190] (px4_msgs) StdoutLine: {'line': b'-- Up-to-date: /home/pavel/ws_ros2/install/px4_msgs/include/px4_msgs/px4_msgs/msg/detail/gpio_config__traits.hpp\n'}
[5.869282] (px4_msgs) StdoutLine: {'line': b'-- Up-to-date: /home/pavel/ws_ros2/install/px4_msgs/include/px4_msgs/px4_msgs/msg/detail/parameter_set_value_response__builder.hpp\n'}
[5.869375] (px4_msgs) StdoutLine: {'line': b'-- Up-to-date: /home/pavel/ws_ros2/install/px4_msgs/include/px4_msgs/px4_msgs/msg/detail/esc_report__builder.hpp\n'}
[5.869535] (px4_msgs) StdoutLine: {'line': b'-- Up-to-date: /home/pavel/ws_ros2/install/px4_msgs/include/px4_msgs/px4_msgs/msg/detail/geofence_result__traits.hpp\n'}
[5.869629] (px4_msgs) StdoutLine: {'line': b'-- Up-to-date: /home/pavel/ws_ros2/install/px4_msgs/include/px4_msgs/px4_msgs/msg/detail/debug_vect__struct.hpp\n'}
[5.869721] (px4_msgs) StdoutLine: {'line': b'-- Up-to-date: /home/pavel/ws_ros2/install/px4_msgs/include/px4_msgs/px4_msgs/msg/detail/orb_test_medium__builder.hpp\n'}
[5.869812] (px4_msgs) StdoutLine: {'line': b'-- Up-to-date: /home/pavel/ws_ros2/install/px4_msgs/include/px4_msgs/px4_msgs/msg/detail/arming_check_request__traits.hpp\n'}
[5.869982] (px4_msgs) StdoutLine: {'line': b'-- Up-to-date: /home/pavel/ws_ros2/install/px4_msgs/include/px4_msgs/px4_msgs/msg/detail/register_ext_component_request__struct.hpp\n'}
[5.870103] (px4_msgs) StdoutLine: {'line': b'-- Up-to-date: /home/pavel/ws_ros2/install/px4_msgs/include/px4_msgs/px4_msgs/msg/detail/navigator_mission_item__struct.hpp\n'}
[5.870196] (px4_msgs) StdoutLine: {'line': b'-- Up-to-date: /home/pavel/ws_ros2/install/px4_msgs/include/px4_msgs/px4_msgs/msg/detail/vehicle_global_position__type_support.hpp\n'}
[5.870289] (px4_msgs) StdoutLine: {'line': b'-- Up-to-date: /home/pavel/ws_ros2/install/px4_msgs/include/px4_msgs/px4_msgs/msg/detail/logger_status__builder.hpp\n'}
[5.870382] (px4_msgs) StdoutLine: {'line': b'-- Up-to-date: /home/pavel/ws_ros2/install/px4_msgs/include/px4_msgs/px4_msgs/msg/detail/position_controller_landing_status__traits.hpp\n'}
[5.870474] (px4_msgs) StdoutLine: {'line': b'-- Up-to-date: /home/pavel/ws_ros2/install/px4_msgs/include/px4_msgs/px4_msgs/msg/detail/arming_check_reply__struct.hpp\n'}
[5.870566] (px4_msgs) StdoutLine: {'line': b'-- Up-to-date: /home/pavel/ws_ros2/install/px4_msgs/include/px4_msgs/px4_msgs/msg/detail/gimbal_manager_set_manual_control__type_support.hpp\n'}
[5.870659] (px4_msgs) StdoutLine: {'line': b'-- Up-to-date: /home/pavel/ws_ros2/install/px4_msgs/include/px4_msgs/px4_msgs/msg/detail/arming_check_reply__type_support.hpp\n'}
[5.870751] (px4_msgs) StdoutLine: {'line': b'-- Up-to-date: /home/pavel/ws_ros2/install/px4_msgs/include/px4_msgs/px4_msgs/msg/detail/input_rc__struct.hpp\n'}
[5.870843] (px4_msgs) StdoutLine: {'line': b'-- Up-to-date: /home/pavel/ws_ros2/install/px4_msgs/include/px4_msgs/px4_msgs/msg/detail/velocity_limits__builder.hpp\n'}
[5.871122] (px4_msgs) StdoutLine: {'line': b'-- Up-to-date: /home/pavel/ws_ros2/install/px4_msgs/include/px4_msgs/px4_msgs/msg/detail/vehicle_roi__builder.hpp\n'}
[5.871239] (px4_msgs) StdoutLine: {'line': b'-- Up-to-date: /home/pavel/ws_ros2/install/px4_msgs/include/px4_msgs/px4_msgs/msg/detail/estimator_aid_source3d__builder.hpp\n'}
[5.871299] (px4_msgs) StdoutLine: {'line': b'-- Up-to-date: /home/pavel/ws_ros2/install/px4_msgs/include/px4_msgs/px4_msgs/msg/detail/irlock_report__struct.hpp\n'}
[5.871368] (px4_msgs) StdoutLine: {'line': b'-- Up-to-date: /home/pavel/ws_ros2/install/px4_msgs/include/px4_msgs/px4_msgs/msg/detail/sensor_gnss_relative__type_support.hpp\n'}
[5.871422] (px4_msgs) StdoutLine: {'line': b'-- Up-to-date: /home/pavel/ws_ros2/install/px4_msgs/include/px4_msgs/px4_msgs/msg/detail/buffer128__builder.hpp\n'}
[5.871474] (px4_msgs) StdoutLine: {'line': b'-- Up-to-date: /home/pavel/ws_ros2/install/px4_msgs/include/px4_msgs/px4_msgs/msg/detail/sensor_preflight_mag__struct.hpp\n'}
[5.871527] (px4_msgs) StdoutLine: {'line': b'-- Up-to-date: /home/pavel/ws_ros2/install/px4_msgs/include/px4_msgs/px4_msgs/msg/detail/vehicle_land_detected__type_support.hpp\n'}
[5.871581] (px4_msgs) StdoutLine: {'line': b'-- Up-to-date: /home/pavel/ws_ros2/install/px4_msgs/include/px4_msgs/px4_msgs/msg/detail/ekf2_timestamps__builder.hpp\n'}
[5.871633] (px4_msgs) StdoutLine: {'line': b'-- Up-to-date: /home/pavel/ws_ros2/install/px4_msgs/include/px4_msgs/px4_msgs/msg/detail/sensor_airflow__struct.hpp\n'}
[5.871686] (px4_msgs) StdoutLine: {'line': b'-- Up-to-date: /home/pavel/ws_ros2/install/px4_msgs/include/px4_msgs/px4_msgs/msg/detail/sensors_status__struct.hpp\n'}
[5.871739] (px4_msgs) StdoutLine: {'line': b'-- Up-to-date: /home/pavel/ws_ros2/install/px4_msgs/include/px4_msgs/px4_msgs/msg/detail/qshell_req__traits.hpp\n'}
[5.871792] (px4_msgs) StdoutLine: {'line': b'-- Up-to-date: /home/pavel/ws_ros2/install/px4_msgs/include/px4_msgs/px4_msgs/msg/detail/yaw_estimator_status__struct.hpp\n'}
[5.871867] (px4_msgs) StdoutLine: {'line': b'-- Up-to-date: /home/pavel/ws_ros2/install/px4_msgs/include/px4_msgs/px4_msgs/msg/detail/follow_target_estimator__type_support.hpp\n'}
[5.872015] (px4_msgs) StdoutLine: {'line': b'-- Up-to-date: /home/pavel/ws_ros2/install/px4_msgs/include/px4_msgs/px4_msgs/msg/detail/iridiumsbd_status__type_support.hpp\n'}
[5.872072] (px4_msgs) StdoutLine: {'line': b'-- Up-to-date: /home/pavel/ws_ros2/install/px4_msgs/include/px4_msgs/px4_msgs/msg/detail/sensor_gyro__type_support.hpp\n'}
[5.872127] (px4_msgs) StdoutLine: {'line': b'-- Up-to-date: /home/pavel/ws_ros2/install/px4_msgs/include/px4_msgs/px4_msgs/msg/detail/tecs_status__type_support.hpp\n'}
[5.872180] (px4_msgs) StdoutLine: {'line': b'-- Up-to-date: /home/pavel/ws_ros2/install/px4_msgs/include/px4_msgs/px4_msgs/msg/detail/gimbal_manager_set_attitude__struct.hpp\n'}
[5.872234] (px4_msgs) StdoutLine: {'line': b'-- Up-to-date: /home/pavel/ws_ros2/install/px4_msgs/include/px4_msgs/px4_msgs/msg/detail/wheel_encoders__type_support.hpp\n'}
[5.872288] (px4_msgs) StdoutLine: {'line': b'-- Up-to-date: /home/pavel/ws_ros2/install/px4_msgs/include/px4_msgs/px4_msgs/msg/detail/estimator_sensor_bias__type_support.hpp\n'}
[5.872392] (px4_msgs) StdoutLine: {'line': b'-- Up-to-date: /home/pavel/ws_ros2/install/px4_msgs/include/px4_msgs/px4_msgs/msg/detail/vehicle_optical_flow_vel__struct.hpp\n'}
[5.872446] (px4_msgs) StdoutLine: {'line': b'-- Up-to-date: /home/pavel/ws_ros2/install/px4_msgs/include/px4_msgs/px4_msgs/msg/detail/sensor_gps__traits.hpp\n'}
[5.872500] (px4_msgs) StdoutLine: {'line': b'-- Up-to-date: /home/pavel/ws_ros2/install/px4_msgs/include/px4_msgs/px4_msgs/msg/detail/sensor_accel_fifo__builder.hpp\n'}
[5.872553] (px4_msgs) StdoutLine: {'line': b'-- Up-to-date: /home/pavel/ws_ros2/install/px4_msgs/include/px4_msgs/px4_msgs/msg/detail/dataman_response__builder.hpp\n'}
[5.872606] (px4_msgs) StdoutLine: {'line': b'-- Up-to-date: /home/pavel/ws_ros2/install/px4_msgs/include/px4_msgs/px4_msgs/msg/detail/estimator_aid_source1d__type_support.hpp\n'}
[5.872659] (px4_msgs) StdoutLine: {'line': b'-- Up-to-date: /home/pavel/ws_ros2/install/px4_msgs/include/px4_msgs/px4_msgs/msg/detail/position_setpoint_triplet__type_support.hpp\n'}
[5.872728] (px4_msgs) StdoutLine: {'line': b'-- Up-to-date: /home/pavel/ws_ros2/install/px4_msgs/include/px4_msgs/px4_msgs/msg/detail/vehicle_trajectory_bezier__traits.hpp\n'}
[5.872782] (px4_msgs) StdoutLine: {'line': b'-- Up-to-date: /home/pavel/ws_ros2/install/px4_msgs/include/px4_msgs/px4_msgs/msg/detail/flight_phase_estimation__builder.hpp\n'}
[5.872853] (px4_msgs) StdoutLine: {'line': b'-- Up-to-date: /home/pavel/ws_ros2/install/px4_msgs/include/px4_msgs/px4_msgs/msg/detail/estimator_aid_source2d__struct.hpp\n'}
[5.873071] (px4_msgs) StdoutLine: {'line': b'-- Up-to-date: /home/pavel/ws_ros2/install/px4_msgs/include/px4_msgs/px4_msgs/msg/detail/navigator_mission_item__traits.hpp\n'}
[5.873160] (px4_msgs) StdoutLine: {'line': b'-- Up-to-date: /home/pavel/ws_ros2/install/px4_msgs/include/px4_msgs/px4_msgs/msg/detail/estimator_gps_status__builder.hpp\n'}
[5.873250] (px4_msgs) StdoutLine: {'line': b'-- Up-to-date: /home/pavel/ws_ros2/install/px4_msgs/include/px4_msgs/px4_msgs/msg/detail/debug_value__type_support.hpp\n'}
[5.873335] (px4_msgs) StdoutLine: {'line': b'-- Up-to-date: /home/pavel/ws_ros2/install/px4_msgs/include/px4_msgs/px4_msgs/msg/detail/vehicle_torque_setpoint__builder.hpp\n'}
[5.873438] (px4_msgs) StdoutLine: {'line': b'-- Up-to-date: /home/pavel/ws_ros2/install/px4_msgs/include/px4_msgs/px4_msgs/msg/detail/offboard_control_mode__builder.hpp\n'}
[5.873529] (px4_msgs) StdoutLine: {'line': b'-- Up-to-date: /home/pavel/ws_ros2/install/px4_msgs/include/px4_msgs/px4_msgs/msg/detail/gimbal_manager_status__builder.hpp\n'}
[5.873618] (px4_msgs) StdoutLine: {'line': b'-- Up-to-date: /home/pavel/ws_ros2/install/px4_msgs/include/px4_msgs/px4_msgs/msg/detail/parameter_set_value_request__type_support.hpp\n'}
[5.873709] (px4_msgs) StdoutLine: {'line': b'-- Up-to-date: /home/pavel/ws_ros2/install/px4_msgs/include/px4_msgs/px4_msgs/msg/detail/estimator_gps_status__type_support.hpp\n'}
[5.873800] (px4_msgs) StdoutLine: {'line': b'-- Up-to-date: /home/pavel/ws_ros2/install/px4_msgs/include/px4_msgs/px4_msgs/msg/detail/camera_capture__builder.hpp\n'}
[5.874069] (px4_msgs) StdoutLine: {'line': b'-- Up-to-date: /home/pavel/ws_ros2/install/px4_msgs/include/px4_msgs/px4_msgs/msg/detail/manual_control_setpoint__struct.hpp\n'}
[5.874190] (px4_msgs) StdoutLine: {'line': b'-- Up-to-date: /home/pavel/ws_ros2/install/px4_msgs/include/px4_msgs/px4_msgs/msg/detail/vehicle_magnetometer__struct.hpp\n'}
[5.874258] (px4_msgs) StdoutLine: {'line': b'-- Up-to-date: /home/pavel/ws_ros2/install/px4_msgs/include/px4_msgs/px4_msgs/msg/detail/actuator_motors__type_support.hpp\n'}
[5.874316] (px4_msgs) StdoutLine: {'line': b'-- Up-to-date: /home/pavel/ws_ros2/install/px4_msgs/include/px4_msgs/px4_msgs/msg/detail/radio_status__type_support.hpp\n'}
[5.874387] (px4_msgs) StdoutLine: {'line': b'-- Up-to-date: /home/pavel/ws_ros2/install/px4_msgs/include/px4_msgs/px4_msgs/msg/detail/ping__traits.hpp\n'}
[5.874445] (px4_msgs) StdoutLine: {'line': b'-- Up-to-date: /home/pavel/ws_ros2/install/px4_msgs/include/px4_msgs/px4_msgs/msg/detail/system_power__type_support.hpp\n'}
[5.874599] (px4_msgs) StdoutLine: {'line': b'-- Up-to-date: /home/pavel/ws_ros2/install/px4_msgs/include/px4_msgs/px4_msgs/msg/detail/parameter_set_value_request__struct.hpp\n'}
[5.874809] (px4_msgs) StdoutLine: {'line': b'-- Up-to-date: /home/pavel/ws_ros2/install/px4_msgs/include/px4_msgs/px4_msgs/msg/detail/sensor_optical_flow__struct.hpp\n'}
[5.875079] (px4_msgs) StdoutLine: {'line': b'-- Up-to-date: /home/pavel/ws_ros2/install/px4_msgs/include/px4_msgs/px4_msgs/msg/detail/vehicle_attitude_setpoint__struct.hpp\n'}
[5.875224] (px4_msgs) StdoutLine: {'line': b'-- Up-to-date: /home/pavel/ws_ros2/install/px4_msgs/include/px4_msgs/px4_msgs/msg/detail/camera_capture__traits.hpp\n'}
[5.875314] (px4_msgs) StdoutLine: {'line': b'-- Up-to-date: /home/pavel/ws_ros2/install/px4_msgs/include/px4_msgs/px4_msgs/msg/detail/vehicle_torque_setpoint__traits.hpp\n'}
[5.878684] (px4_msgs) StdoutLine: {'line': b'-- Up-to-date: /home/pavel/ws_ros2/install/px4_msgs/include/px4_msgs/px4_msgs/msg/detail/gpio_in__struct.hpp\n'}
[5.878771] (px4_msgs) StdoutLine: {'line': b'-- Up-to-date: /home/pavel/ws_ros2/install/px4_msgs/include/px4_msgs/px4_msgs/msg/detail/mission_result__traits.hpp\n'}
[5.878840] (px4_msgs) StdoutLine: {'line': b'-- Up-to-date: /home/pavel/ws_ros2/install/px4_msgs/include/px4_msgs/px4_msgs/msg/detail/tiltrotor_extra_controls__builder.hpp\n'}
[5.878928] (px4_msgs) StdoutLine: {'line': b'-- Up-to-date: /home/pavel/ws_ros2/install/px4_msgs/include/px4_msgs/px4_msgs/msg/detail/mavlink_log__struct.hpp\n'}
[5.878994] (px4_msgs) StdoutLine: {'line': b'-- Up-to-date: /home/pavel/ws_ros2/install/px4_msgs/include/px4_msgs/px4_msgs/msg/detail/register_ext_component_reply__builder.hpp\n'}
[5.879072] (px4_msgs) StdoutLine: {'line': b'-- Up-to-date: /home/pavel/ws_ros2/install/px4_msgs/include/px4_msgs/px4_msgs/msg/detail/fuel_tank_status__type_support.hpp\n'}
[5.879146] (px4_msgs) StdoutLine: {'line': b'-- Up-to-date: /home/pavel/ws_ros2/install/px4_msgs/include/px4_msgs/px4_msgs/msg/detail/actuator_motors__struct.hpp\n'}
[5.879211] (px4_msgs) StdoutLine: {'line': b'-- Up-to-date: /home/pavel/ws_ros2/install/px4_msgs/include/px4_msgs/px4_msgs/msg/detail/gimbal_manager_status__traits.hpp\n'}
[5.879274] (px4_msgs) StdoutLine: {'line': b'-- Up-to-date: /home/pavel/ws_ros2/install/px4_msgs/include/px4_msgs/px4_msgs/msg/detail/vehicle_local_position__traits.hpp\n'}
[5.879337] (px4_msgs) StdoutLine: {'line': b'-- Up-to-date: /home/pavel/ws_ros2/install/px4_msgs/include/px4_msgs/px4_msgs/msg/detail/pps_capture__struct.hpp\n'}
[5.879400] (px4_msgs) StdoutLine: {'line': b'-- Up-to-date: /home/pavel/ws_ros2/install/px4_msgs/include/px4_msgs/px4_msgs/msg/detail/arming_check_reply__builder.hpp\n'}
[5.879463] (px4_msgs) StdoutLine: {'line': b'-- Up-to-date: /home/pavel/ws_ros2/install/px4_msgs/include/px4_msgs/px4_msgs/msg/detail/generator_status__type_support.hpp\n'}
[5.879526] (px4_msgs) StdoutLine: {'line': b'-- Up-to-date: /home/pavel/ws_ros2/install/px4_msgs/include/px4_msgs/px4_msgs/msg/detail/actuator_armed__traits.hpp\n'}
[5.879589] (px4_msgs) StdoutLine: {'line': b'-- Up-to-date: /home/pavel/ws_ros2/install/px4_msgs/include/px4_msgs/px4_msgs/msg/detail/gripper__type_support.hpp\n'}
[5.879651] (px4_msgs) StdoutLine: {'line': b'-- Up-to-date: /home/pavel/ws_ros2/install/px4_msgs/include/px4_msgs/px4_msgs/msg/detail/pps_capture__builder.hpp\n'}
[5.879714] (px4_msgs) StdoutLine: {'line': b'-- Up-to-date: /home/pavel/ws_ros2/install/px4_msgs/include/px4_msgs/px4_msgs/msg/detail/sensors_status_imu__struct.hpp\n'}
[5.879776] (px4_msgs) StdoutLine: {'line': b'-- Up-to-date: /home/pavel/ws_ros2/install/px4_msgs/include/px4_msgs/px4_msgs/msg/detail/rtl_status__builder.hpp\n'}
[5.879838] (px4_msgs) StdoutLine: {'line': b'-- Up-to-date: /home/pavel/ws_ros2/install/px4_msgs/include/px4_msgs/px4_msgs/msg/detail/logger_status__struct.hpp\n'}
[5.879915] (px4_msgs) StdoutLine: {'line': b'-- Up-to-date: /home/pavel/ws_ros2/install/px4_msgs/include/px4_msgs/px4_msgs/msg/detail/irlock_report__builder.hpp\n'}
[5.879980] (px4_msgs) StdoutLine: {'line': b'-- Up-to-date: /home/pavel/ws_ros2/install/px4_msgs/include/px4_msgs/px4_msgs/msg/detail/vehicle_thrust_setpoint__traits.hpp\n'}
[5.880043] (px4_msgs) StdoutLine: {'line': b'-- Up-to-date: /home/pavel/ws_ros2/install/px4_msgs/include/px4_msgs/px4_msgs/msg/detail/parameter_set_value_response__traits.hpp\n'}
[5.880106] (px4_msgs) StdoutLine: {'line': b'-- Up-to-date: /home/pavel/ws_ros2/install/px4_msgs/include/px4_msgs/px4_msgs/msg/detail/message_format_response__type_support.hpp\n'}
[5.880168] (px4_msgs) StdoutLine: {'line': b'-- Up-to-date: /home/pavel/ws_ros2/install/px4_msgs/include/px4_msgs/px4_msgs/msg/detail/debug_key_value__struct.hpp\n'}
[5.880235] (px4_msgs) StdoutLine: {'line': b'-- Up-to-date: /home/pavel/ws_ros2/install/px4_msgs/include/px4_msgs/px4_msgs/msg/detail/airspeed_wind__type_support.hpp\n'}
[5.880310] (px4_msgs) StdoutLine: {'line': b'-- Up-to-date: /home/pavel/ws_ros2/install/px4_msgs/include/px4_msgs/px4_msgs/msg/detail/vehicle_angular_velocity__builder.hpp\n'}
[5.880376] (px4_msgs) StdoutLine: {'line': b'-- Up-to-date: /home/pavel/ws_ros2/install/px4_msgs/include/px4_msgs/px4_msgs/msg/detail/radio_status__builder.hpp\n'}
[5.880437] (px4_msgs) StdoutLine: {'line': b'-- Up-to-date: /home/pavel/ws_ros2/install/px4_msgs/include/px4_msgs/px4_msgs/msg/detail/position_setpoint_triplet__struct.hpp\n'}
[5.880501] (px4_msgs) StdoutLine: {'line': b'-- Up-to-date: /home/pavel/ws_ros2/install/px4_msgs/include/px4_msgs/px4_msgs/msg/detail/sensor_gnss_relative__builder.hpp\n'}
[5.880563] (px4_msgs) StdoutLine: {'line': b'-- Up-to-date: /home/pavel/ws_ros2/install/px4_msgs/include/px4_msgs/px4_msgs/msg/detail/ulog_stream__builder.hpp\n'}
[5.880624] (px4_msgs) StdoutLine: {'line': b'-- Up-to-date: /home/pavel/ws_ros2/install/px4_msgs/include/px4_msgs/px4_msgs/msg/detail/trajectory_bezier__struct.hpp\n'}
[5.880685] (px4_msgs) StdoutLine: {'line': b'-- Up-to-date: /home/pavel/ws_ros2/install/px4_msgs/include/px4_msgs/px4_msgs/msg/detail/gimbal_manager_status__struct.hpp\n'}
[5.880747] (px4_msgs) StdoutLine: {'line': b'-- Up-to-date: /home/pavel/ws_ros2/install/px4_msgs/include/px4_msgs/px4_msgs/msg/detail/register_ext_component_reply__type_support.hpp\n'}
[5.880808] (px4_msgs) StdoutLine: {'line': b'-- Up-to-date: /home/pavel/ws_ros2/install/px4_msgs/include/px4_msgs/px4_msgs/msg/detail/vehicle_local_position__struct.hpp\n'}
[5.880877] (px4_msgs) StdoutLine: {'line': b'-- Up-to-date: /home/pavel/ws_ros2/install/px4_msgs/include/px4_msgs/px4_msgs/msg/detail/tune_control__builder.hpp\n'}
[5.880944] (px4_msgs) StdoutLine: {'line': b'-- Up-to-date: /home/pavel/ws_ros2/install/px4_msgs/include/px4_msgs/px4_msgs/msg/detail/dataman_response__struct.hpp\n'}
[5.881006] (px4_msgs) StdoutLine: {'line': b'-- Up-to-date: /home/pavel/ws_ros2/install/px4_msgs/include/px4_msgs/px4_msgs/msg/detail/sensors_status__type_support.hpp\n'}
[5.881066] (px4_msgs) StdoutLine: {'line': b'-- Up-to-date: /home/pavel/ws_ros2/install/px4_msgs/include/px4_msgs/px4_msgs/msg/detail/rtl_status__struct.hpp\n'}
[5.881126] (px4_msgs) StdoutLine: {'line': b'-- Up-to-date: /home/pavel/ws_ros2/install/px4_msgs/include/px4_msgs/px4_msgs/msg/detail/gpio_request__struct.hpp\n'}
[5.881187] (px4_msgs) StdoutLine: {'line': b'-- Up-to-date: /home/pavel/ws_ros2/install/px4_msgs/include/px4_msgs/px4_msgs/msg/detail/unregister_ext_component__traits.hpp\n'}
[5.881257] (px4_msgs) StdoutLine: {'line': b'-- Up-to-date: /home/pavel/ws_ros2/install/px4_msgs/include/px4_msgs/px4_msgs/msg/detail/gps_dump__traits.hpp\n'}
[5.881333] (px4_msgs) StdoutLine: {'line': b'-- Up-to-date: /home/pavel/ws_ros2/install/px4_msgs/include/px4_msgs/px4_msgs/msg/detail/mavlink_tunnel__struct.hpp\n'}
[5.881396] (px4_msgs) StdoutLine: {'line': b'-- Up-to-date: /home/pavel/ws_ros2/install/px4_msgs/include/px4_msgs/px4_msgs/msg/detail/task_stack_info__builder.hpp\n'}
[5.881457] (px4_msgs) StdoutLine: {'line': b'-- Up-to-date: /home/pavel/ws_ros2/install/px4_msgs/include/px4_msgs/px4_msgs/msg/detail/system_power__traits.hpp\n'}
[5.881519] (px4_msgs) StdoutLine: {'line': b'-- Up-to-date: /home/pavel/ws_ros2/install/px4_msgs/include/px4_msgs/px4_msgs/msg/detail/trajectory_setpoint__builder.hpp\n'}
[5.881580] (px4_msgs) StdoutLine: {'line': b'-- Up-to-date: /home/pavel/ws_ros2/install/px4_msgs/include/px4_msgs/px4_msgs/msg/detail/sensor_gps__builder.hpp\n'}
[5.881643] (px4_msgs) StdoutLine: {'line': b'-- Up-to-date: /home/pavel/ws_ros2/install/px4_msgs/include/px4_msgs/px4_msgs/msg/detail/estimator_status__struct.hpp\n'}
[5.881705] (px4_msgs) StdoutLine: {'line': b'-- Up-to-date: /home/pavel/ws_ros2/install/px4_msgs/include/px4_msgs/px4_msgs/msg/detail/estimator_status_flags__traits.hpp\n'}
[5.881767] (px4_msgs) StdoutLine: {'line': b'-- Up-to-date: /home/pavel/ws_ros2/install/px4_msgs/include/px4_msgs/px4_msgs/msg/detail/estimator_innovations__struct.hpp\n'}
[5.881829] (px4_msgs) StdoutLine: {'line': b'-- Up-to-date: /home/pavel/ws_ros2/install/px4_msgs/include/px4_msgs/px4_msgs/msg/detail/parameter_update__builder.hpp\n'}
[5.882111] (px4_msgs) StdoutLine: {'line': b'-- Up-to-date: /home/pavel/ws_ros2/install/px4_msgs/include/px4_msgs/px4_msgs/msg/detail/gimbal_manager_information__builder.hpp\n'}
[5.882300] (px4_msgs) StdoutLine: {'line': b'-- Up-to-date: /home/pavel/ws_ros2/install/px4_msgs/include/px4_msgs/px4_msgs/msg/detail/estimator_innovations__traits.hpp\n'}
[5.882500] (px4_msgs) StdoutLine: {'line': b'-- Up-to-date: /home/pavel/ws_ros2/install/px4_msgs/include/px4_msgs/px4_msgs/msg/detail/esc_report__struct.hpp\n'}
[5.882706] (px4_msgs) StdoutLine: {'line': b'-- Up-to-date: /home/pavel/ws_ros2/install/px4_msgs/include/px4_msgs/px4_msgs/msg/detail/camera_trigger__builder.hpp\n'}
[5.882919] (px4_msgs) StdoutLine: {'line': b'-- Up-to-date: /home/pavel/ws_ros2/install/px4_msgs/include/px4_msgs/px4_msgs/msg/detail/estimator_bias__traits.hpp\n'}
[5.883112] (px4_msgs) StdoutLine: {'line': b'-- Up-to-date: /home/pavel/ws_ros2/install/px4_msgs/include/px4_msgs/px4_msgs/msg/detail/hover_thrust_estimate__type_support.hpp\n'}
[5.883299] (px4_msgs) StdoutLine: {'line': b'-- Up-to-date: /home/pavel/ws_ros2/install/px4_msgs/include/px4_msgs/px4_msgs/msg/detail/collision_report__builder.hpp\n'}
[5.883497] (px4_msgs) StdoutLine: {'line': b'-- Up-to-date: /home/pavel/ws_ros2/install/px4_msgs/include/px4_msgs/px4_msgs/msg/detail/gpio_out__struct.hpp\n'}
[5.883690] (px4_msgs) StdoutLine: {'line': b'-- Up-to-date: /home/pavel/ws_ros2/install/px4_msgs/include/px4_msgs/px4_msgs/msg/detail/gpio_config__type_support.hpp\n'}
[5.883878] (px4_msgs) StdoutLine: {'line': b'-- Up-to-date: /home/pavel/ws_ros2/install/px4_msgs/include/px4_msgs/px4_msgs/msg/detail/estimator_status_flags__type_support.hpp\n'}
[5.883959] (px4_msgs) StdoutLine: {'line': b'-- Up-to-date: /home/pavel/ws_ros2/install/px4_msgs/include/px4_msgs/px4_msgs/msg/detail/vehicle_local_position_setpoint__type_support.hpp\n'}
[5.884026] (px4_msgs) StdoutLine: {'line': b'-- Up-to-date: /home/pavel/ws_ros2/install/px4_msgs/include/px4_msgs/px4_msgs/msg/detail/vehicle_thrust_setpoint__struct.hpp\n'}
[5.884089] (px4_msgs) StdoutLine: {'line': b'-- Up-to-date: /home/pavel/ws_ros2/install/px4_msgs/include/px4_msgs/px4_msgs/msg/detail/rpm__builder.hpp\n'}
[5.884152] (px4_msgs) StdoutLine: {'line': b'-- Up-to-date: /home/pavel/ws_ros2/install/px4_msgs/include/px4_msgs/px4_msgs/msg/detail/landing_target_innovations__type_support.hpp\n'}
[5.884215] (px4_msgs) StdoutLine: {'line': b'-- Up-to-date: /home/pavel/ws_ros2/install/px4_msgs/include/px4_msgs/px4_msgs/msg/detail/position_setpoint__traits.hpp\n'}
[5.884278] (px4_msgs) StdoutLine: {'line': b'-- Up-to-date: /home/pavel/ws_ros2/install/px4_msgs/include/px4_msgs/px4_msgs/msg/detail/wheel_encoders__builder.hpp\n'}
[5.884340] (px4_msgs) StdoutLine: {'line': b'-- Up-to-date: /home/pavel/ws_ros2/install/px4_msgs/include/px4_msgs/px4_msgs/msg/detail/differential_pressure__builder.hpp\n'}
[5.884403] (px4_msgs) StdoutLine: {'line': b'-- Up-to-date: /home/pavel/ws_ros2/install/px4_msgs/include/px4_msgs/px4_msgs/msg/detail/sensor_hygrometer__struct.hpp\n'}
[5.884466] (px4_msgs) StdoutLine: {'line': b'-- Up-to-date: /home/pavel/ws_ros2/install/px4_msgs/include/px4_msgs/px4_msgs/msg/detail/sensor_hygrometer__builder.hpp\n'}
[5.884529] (px4_msgs) StdoutLine: {'line': b'-- Up-to-date: /home/pavel/ws_ros2/install/px4_msgs/include/px4_msgs/px4_msgs/msg/detail/estimator_bias3d__traits.hpp\n'}
[5.884592] (px4_msgs) StdoutLine: {'line': b'-- Up-to-date: /home/pavel/ws_ros2/install/px4_msgs/include/px4_msgs/px4_msgs/msg/detail/ulog_stream_ack__struct.hpp\n'}
[5.884655] (px4_msgs) StdoutLine: {'line': b'-- Up-to-date: /home/pavel/ws_ros2/install/px4_msgs/include/px4_msgs/px4_msgs/msg/detail/actuator_servos__builder.hpp\n'}
[5.884719] (px4_msgs) StdoutLine: {'line': b'-- Up-to-date: /home/pavel/ws_ros2/install/px4_msgs/include/px4_msgs/px4_msgs/msg/detail/parameter_set_used_request__struct.hpp\n'}
[5.884781] (px4_msgs) StdoutLine: {'line': b'-- Up-to-date: /home/pavel/ws_ros2/install/px4_msgs/include/px4_msgs/px4_msgs/msg/detail/offboard_control_mode__type_support.hpp\n'}
[5.884865] (px4_msgs) StdoutLine: {'line': b'-- Up-to-date: /home/pavel/ws_ros2/install/px4_msgs/include/px4_msgs/px4_msgs/msg/detail/timesync_status__builder.hpp\n'}
[5.884937] (px4_msgs) StdoutLine: {'line': b'-- Up-to-date: /home/pavel/ws_ros2/install/px4_msgs/include/px4_msgs/px4_msgs/msg/detail/gimbal_device_set_attitude__type_support.hpp\n'}
[5.885001] (px4_msgs) StdoutLine: {'line': b'-- Up-to-date: /home/pavel/ws_ros2/install/px4_msgs/include/px4_msgs/px4_msgs/msg/detail/gimbal_device_set_attitude__builder.hpp\n'}
[5.885065] (px4_msgs) StdoutLine: {'line': b'-- Up-to-date: /home/pavel/ws_ros2/install/px4_msgs/include/px4_msgs/px4_msgs/msg/detail/battery_status__builder.hpp\n'}
[5.885128] (px4_msgs) StdoutLine: {'line': b'-- Up-to-date: /home/pavel/ws_ros2/install/px4_msgs/include/px4_msgs/px4_msgs/msg/detail/camera_status__struct.hpp\n'}
[5.885190] (px4_msgs) StdoutLine: {'line': b'-- Up-to-date: /home/pavel/ws_ros2/install/px4_msgs/include/px4_msgs/px4_msgs/msg/detail/orb_test_large__traits.hpp\n'}
[5.885253] (px4_msgs) StdoutLine: {'line': b'-- Up-to-date: /home/pavel/ws_ros2/install/px4_msgs/include/px4_msgs/px4_msgs/msg/detail/airspeed_validated__type_support.hpp\n'}
[5.885316] (px4_msgs) StdoutLine: {'line': b'-- Up-to-date: /home/pavel/ws_ros2/install/px4_msgs/include/px4_msgs/px4_msgs/msg/detail/sensor_uwb__struct.hpp\n'}
[5.885379] (px4_msgs) StdoutLine: {'line': b'-- Up-to-date: /home/pavel/ws_ros2/install/px4_msgs/include/px4_msgs/px4_msgs/msg/detail/vehicle_imu_status__builder.hpp\n'}
[5.885441] (px4_msgs) StdoutLine: {'line': b'-- Up-to-date: /home/pavel/ws_ros2/install/px4_msgs/include/px4_msgs/px4_msgs/msg/detail/actuator_controls_status__traits.hpp\n'}
[5.885504] (px4_msgs) StdoutLine: {'line': b'-- Up-to-date: /home/pavel/ws_ros2/install/px4_msgs/include/px4_msgs/px4_msgs/msg/detail/npfg_status__builder.hpp\n'}
[5.885566] (px4_msgs) StdoutLine: {'line': b'-- Up-to-date: /home/pavel/ws_ros2/install/px4_msgs/include/px4_msgs/px4_msgs/msg/detail/vehicle_imu__struct.hpp\n'}
[5.885629] (px4_msgs) StdoutLine: {'line': b'-- Up-to-date: /home/pavel/ws_ros2/install/px4_msgs/include/px4_msgs/px4_msgs/msg/detail/vehicle_imu_status__type_support.hpp\n'}
[5.885692] (px4_msgs) StdoutLine: {'line': b'-- Up-to-date: /home/pavel/ws_ros2/install/px4_msgs/include/px4_msgs/px4_msgs/msg/detail/control_allocator_status__builder.hpp\n'}
[5.885755] (px4_msgs) StdoutLine: {'line': b'-- Up-to-date: /home/pavel/ws_ros2/install/px4_msgs/include/px4_msgs/px4_msgs/msg/detail/offboard_control_mode__struct.hpp\n'}
[5.885818] (px4_msgs) StdoutLine: {'line': b'-- Up-to-date: /home/pavel/ws_ros2/install/px4_msgs/include/px4_msgs/px4_msgs/msg/detail/uavcan_parameter_request__struct.hpp\n'}
[5.885892] (px4_msgs) StdoutLine: {'line': b'-- Up-to-date: /home/pavel/ws_ros2/install/px4_msgs/include/px4_msgs/px4_msgs/msg/detail/failure_detector_status__traits.hpp\n'}
[5.885961] (px4_msgs) StdoutLine: {'line': b'-- Up-to-date: /home/pavel/ws_ros2/install/px4_msgs/include/px4_msgs/px4_msgs/msg/detail/camera_trigger__struct.hpp\n'}
[5.886025] (px4_msgs) StdoutLine: {'line': b'-- Up-to-date: /home/pavel/ws_ros2/install/px4_msgs/include/px4_msgs/px4_msgs/msg/detail/takeoff_status__type_support.hpp\n'}
[5.886088] (px4_msgs) StdoutLine: {'line': b'-- Up-to-date: /home/pavel/ws_ros2/install/px4_msgs/include/px4_msgs/px4_msgs/msg/detail/radio_status__traits.hpp\n'}
[5.886151] (px4_msgs) StdoutLine: {'line': b'-- Up-to-date: /home/pavel/ws_ros2/install/px4_msgs/include/px4_msgs/px4_msgs/msg/detail/dataman_request__builder.hpp\n'}
[5.886214] (px4_msgs) StdoutLine: {'line': b'-- Up-to-date: /home/pavel/ws_ros2/install/px4_msgs/include/px4_msgs/px4_msgs/msg/detail/mount_orientation__type_support.hpp\n'}
[5.886277] (px4_msgs) StdoutLine: {'line': b'-- Up-to-date: /home/pavel/ws_ros2/install/px4_msgs/include/px4_msgs/px4_msgs/msg/detail/satellite_info__type_support.hpp\n'}
[5.886341] (px4_msgs) StdoutLine: {'line': b'-- Up-to-date: /home/pavel/ws_ros2/install/px4_msgs/include/px4_msgs/px4_msgs/msg/detail/vehicle_trajectory_bezier__struct.hpp\n'}
[5.886408] (px4_msgs) StdoutLine: {'line': b'-- Up-to-date: /home/pavel/ws_ros2/install/px4_msgs/include/px4_msgs/px4_msgs/msg/detail/parameter_reset_request__type_support.hpp\n'}
[5.886471] (px4_msgs) StdoutLine: {'line': b'-- Up-to-date: /home/pavel/ws_ros2/install/px4_msgs/include/px4_msgs/px4_msgs/msg/detail/rover_ackermann_guidance_status__traits.hpp\n'}
[5.886534] (px4_msgs) StdoutLine: {'line': b'-- Up-to-date: /home/pavel/ws_ros2/install/px4_msgs/include/px4_msgs/px4_msgs/msg/detail/estimator_aid_source1d__struct.hpp\n'}
[5.886596] (px4_msgs) StdoutLine: {'line': b'-- Up-to-date: /home/pavel/ws_ros2/install/px4_msgs/include/px4_msgs/px4_msgs/msg/detail/ulog_stream__struct.hpp\n'}
[5.886659] (px4_msgs) StdoutLine: {'line': b'-- Up-to-date: /home/pavel/ws_ros2/install/px4_msgs/include/px4_msgs/px4_msgs/msg/detail/sensor_accel__builder.hpp\n'}
[5.886721] (px4_msgs) StdoutLine: {'line': b'-- Up-to-date: /home/pavel/ws_ros2/install/px4_msgs/include/px4_msgs/px4_msgs/msg/detail/logger_status__type_support.hpp\n'}
[5.886784] (px4_msgs) StdoutLine: {'line': b'-- Up-to-date: /home/pavel/ws_ros2/install/px4_msgs/include/px4_msgs/px4_msgs/msg/detail/estimator_states__traits.hpp\n'}
[5.886859] (px4_msgs) StdoutLine: {'line': b'-- Up-to-date: /home/pavel/ws_ros2/install/px4_msgs/include/px4_msgs/px4_msgs/msg/detail/figure_eight_status__struct.hpp\n'}
[5.887315] (px4_msgs) StdoutLine: {'line': b'-- Up-to-date: /home/pavel/ws_ros2/install/px4_msgs/include/px4_msgs/px4_msgs/msg/detail/vehicle_odometry__type_support.hpp\n'}
[5.887480] (px4_msgs) StdoutLine: {'line': b'-- Up-to-date: /home/pavel/ws_ros2/install/px4_msgs/include/px4_msgs/px4_msgs/msg/detail/vehicle_odometry__traits.hpp\n'}
[5.887656] (px4_msgs) StdoutLine: {'line': b'-- Up-to-date: /home/pavel/ws_ros2/install/px4_msgs/include/px4_msgs/px4_msgs/msg/detail/estimator_event_flags__struct.hpp\n'}
[5.887852] (px4_msgs) StdoutLine: {'line': b'-- Up-to-date: /home/pavel/ws_ros2/install/px4_msgs/include/px4_msgs/px4_msgs/msg/detail/manual_control_switches__struct.hpp\n'}
[5.888061] (px4_msgs) StdoutLine: {'line': b'-- Up-to-date: /home/pavel/ws_ros2/install/px4_msgs/include/px4_msgs/px4_msgs/msg/detail/ekf2_timestamps__traits.hpp\n'}
[5.888239] (px4_msgs) StdoutLine: {'line': b'-- Up-to-date: /home/pavel/ws_ros2/install/px4_msgs/include/px4_msgs/px4_msgs/msg/detail/sensor_selection__type_support.hpp\n'}
[5.888420] (px4_msgs) StdoutLine: {'line': b'-- Up-to-date: /home/pavel/ws_ros2/install/px4_msgs/include/px4_msgs/px4_msgs/msg/detail/register_ext_component_request__type_support.hpp\n'}
[5.888595] (px4_msgs) StdoutLine: {'line': b'-- Up-to-date: /home/pavel/ws_ros2/install/px4_msgs/include/px4_msgs/px4_msgs/msg/detail/npfg_status__type_support.hpp\n'}
[5.888773] (px4_msgs) StdoutLine: {'line': b'-- Up-to-date: /home/pavel/ws_ros2/install/px4_msgs/include/px4_msgs/px4_msgs/msg/detail/ekf2_timestamps__type_support.hpp\n'}
[5.888977] (px4_msgs) StdoutLine: {'line': b'-- Up-to-date: /home/pavel/ws_ros2/install/px4_msgs/include/px4_msgs/px4_msgs/msg/detail/onboard_computer_status__struct.hpp\n'}
[5.889166] (px4_msgs) StdoutLine: {'line': b'-- Up-to-date: /home/pavel/ws_ros2/install/px4_msgs/include/px4_msgs/px4_msgs/msg/detail/actuator_servos_trim__type_support.hpp\n'}
[5.889414] (px4_msgs) StdoutLine: {'line': b'-- Up-to-date: /home/pavel/ws_ros2/install/px4_msgs/include/px4_msgs/px4_msgs/msg/detail/geofence_status__traits.hpp\n'}
[5.889588] (px4_msgs) StdoutLine: {'line': b'-- Up-to-date: /home/pavel/ws_ros2/install/px4_msgs/include/px4_msgs/px4_msgs/msg/detail/orbit_status__struct.hpp\n'}
[5.889777] (px4_msgs) StdoutLine: {'line': b'-- Up-to-date: /home/pavel/ws_ros2/install/px4_msgs/include/px4_msgs/px4_msgs/msg/detail/vehicle_trajectory_waypoint__builder.hpp\n'}
[5.889968] (px4_msgs) StdoutLine: {'line': b'-- Up-to-date: /home/pavel/ws_ros2/install/px4_msgs/include/px4_msgs/px4_msgs/msg/detail/unregister_ext_component__struct.hpp\n'}
[5.890146] (px4_msgs) StdoutLine: {'line': b'-- Up-to-date: /home/pavel/ws_ros2/install/px4_msgs/include/px4_msgs/px4_msgs/msg/detail/cellular_status__builder.hpp\n'}
[5.890309] (px4_msgs) StdoutLine: {'line': b'-- Up-to-date: /home/pavel/ws_ros2/install/px4_msgs/include/px4_msgs/px4_msgs/msg/detail/log_message__traits.hpp\n'}
[5.890482] (px4_msgs) StdoutLine: {'line': b'-- Up-to-date: /home/pavel/ws_ros2/install/px4_msgs/include/px4_msgs/px4_msgs/msg/detail/gpio_request__builder.hpp\n'}
[5.890656] (px4_msgs) StdoutLine: {'line': b'-- Up-to-date: /home/pavel/ws_ros2/install/px4_msgs/include/px4_msgs/px4_msgs/msg/detail/position_setpoint_triplet__builder.hpp\n'}
[5.890851] (px4_msgs) StdoutLine: {'line': b'-- Up-to-date: /home/pavel/ws_ros2/install/px4_msgs/include/px4_msgs/px4_msgs/msg/detail/internal_combustion_engine_status__traits.hpp\n'}
[5.891073] (px4_msgs) StdoutLine: {'line': b'-- Up-to-date: /home/pavel/ws_ros2/install/px4_msgs/include/px4_msgs/px4_msgs/msg/detail/vehicle_command__traits.hpp\n'}
[5.891243] (px4_msgs) StdoutLine: {'line': b'-- Up-to-date: /home/pavel/ws_ros2/install/px4_msgs/include/px4_msgs/px4_msgs/msg/detail/onboard_computer_status__traits.hpp\n'}
[5.891453] (px4_msgs) StdoutLine: {'line': b'-- Up-to-date: /home/pavel/ws_ros2/install/px4_msgs/include/px4_msgs/px4_msgs/msg/detail/heater_status__type_support.hpp\n'}
[5.891628] (px4_msgs) StdoutLine: {'line': b'-- Up-to-date: /home/pavel/ws_ros2/install/px4_msgs/include/px4_msgs/px4_msgs/msg/detail/collision_constraints__type_support.hpp\n'}
[5.891829] (px4_msgs) StdoutLine: {'line': b'-- Up-to-date: /home/pavel/ws_ros2/install/px4_msgs/include/px4_msgs/px4_msgs/msg/detail/obstacle_distance__struct.hpp\n'}
[5.892038] (px4_msgs) StdoutLine: {'line': b'-- Up-to-date: /home/pavel/ws_ros2/install/px4_msgs/include/px4_msgs/px4_msgs/msg/detail/parameter_reset_request__traits.hpp\n'}
[5.892212] (px4_msgs) StdoutLine: {'line': b'-- Up-to-date: /home/pavel/ws_ros2/install/px4_msgs/include/px4_msgs/px4_msgs/msg/detail/landing_target_pose__type_support.hpp\n'}
[5.892408] (px4_msgs) StdoutLine: {'line': b'-- Up-to-date: /home/pavel/ws_ros2/install/px4_msgs/include/px4_msgs/px4_msgs/msg/detail/tune_control__type_support.hpp\n'}
[5.892587] (px4_msgs) StdoutLine: {'line': b'-- Up-to-date: /home/pavel/ws_ros2/install/px4_msgs/include/px4_msgs/px4_msgs/msg/detail/radio_status__struct.hpp\n'}
[5.892797] (px4_msgs) StdoutLine: {'line': b'-- Up-to-date: /home/pavel/ws_ros2/install/px4_msgs/include/px4_msgs/px4_msgs/msg/detail/gimbal_controls__builder.hpp\n'}
[5.893002] (px4_msgs) StdoutLine: {'line': b'-- Up-to-date: /home/pavel/ws_ros2/install/px4_msgs/include/px4_msgs/px4_msgs/msg/detail/estimator_bias3d__builder.hpp\n'}
[5.893077] (px4_msgs) StdoutLine: {'line': b'-- Up-to-date: /home/pavel/ws_ros2/install/px4_msgs/include/px4_msgs/px4_msgs/msg/detail/dataman_response__type_support.hpp\n'}
[5.893145] (px4_msgs) StdoutLine: {'line': b'-- Up-to-date: /home/pavel/ws_ros2/install/px4_msgs/include/px4_msgs/px4_msgs/msg/detail/estimator_bias__type_support.hpp\n'}
[5.893211] (px4_msgs) StdoutLine: {'line': b'-- Up-to-date: /home/pavel/ws_ros2/install/px4_msgs/include/px4_msgs/px4_msgs/msg/detail/orbit_status__type_support.hpp\n'}
[5.893277] (px4_msgs) StdoutLine: {'line': b'-- Up-to-date: /home/pavel/ws_ros2/install/px4_msgs/include/px4_msgs/px4_msgs/msg/detail/battery_status__type_support.hpp\n'}
[5.893350] (px4_msgs) StdoutLine: {'line': b'-- Up-to-date: /home/pavel/ws_ros2/install/px4_msgs/include/px4_msgs/px4_msgs/msg/detail/position_controller_status__builder.hpp\n'}
[5.893417] (px4_msgs) StdoutLine: {'line': b'-- Up-to-date: /home/pavel/ws_ros2/install/px4_msgs/include/px4_msgs/px4_msgs/msg/detail/home_position__type_support.hpp\n'}
[5.893483] (px4_msgs) StdoutLine: {'line': b'-- Up-to-date: /home/pavel/ws_ros2/install/px4_msgs/include/px4_msgs/px4_msgs/msg/detail/estimator_states__type_support.hpp\n'}
[5.893547] (px4_msgs) StdoutLine: {'line': b'-- Up-to-date: /home/pavel/ws_ros2/install/px4_msgs/include/px4_msgs/px4_msgs/msg/detail/ekf2_timestamps__struct.hpp\n'}
[5.893613] (px4_msgs) StdoutLine: {'line': b'-- Up-to-date: /home/pavel/ws_ros2/install/px4_msgs/include/px4_msgs/px4_msgs/msg/detail/pps_capture__type_support.hpp\n'}
[5.893682] (px4_msgs) StdoutLine: {'line': b'-- Up-to-date: /home/pavel/ws_ros2/install/px4_msgs/include/px4_msgs/px4_msgs/msg/detail/camera_trigger__type_support.hpp\n'}
[5.893746] (px4_msgs) StdoutLine: {'line': b'-- Up-to-date: /home/pavel/ws_ros2/install/px4_msgs/include/px4_msgs/px4_msgs/msg/detail/sensor_correction__struct.hpp\n'}
[5.893811] (px4_msgs) StdoutLine: {'line': b'-- Up-to-date: /home/pavel/ws_ros2/install/px4_msgs/include/px4_msgs/px4_msgs/msg/detail/power_monitor__builder.hpp\n'}
[5.893885] (px4_msgs) StdoutLine: {'line': b'-- Up-to-date: /home/pavel/ws_ros2/install/px4_msgs/include/px4_msgs/px4_msgs/msg/detail/airspeed_validated__traits.hpp\n'}
[5.893954] (px4_msgs) StdoutLine: {'line': b'-- Up-to-date: /home/pavel/ws_ros2/install/px4_msgs/include/px4_msgs/px4_msgs/msg/detail/rc_parameter_map__traits.hpp\n'}
[5.894019] (px4_msgs) StdoutLine: {'line': b'-- Up-to-date: /home/pavel/ws_ros2/install/px4_msgs/include/px4_msgs/px4_msgs/msg/detail/mission__builder.hpp\n'}
[5.894083] (px4_msgs) StdoutLine: {'line': b'-- Up-to-date: /home/pavel/ws_ros2/install/px4_msgs/include/px4_msgs/px4_msgs/msg/detail/mission__type_support.hpp\n'}
[5.894151] (px4_msgs) StdoutLine: {'line': b'-- Up-to-date: /home/pavel/ws_ros2/install/px4_msgs/include/px4_msgs/px4_msgs/msg/detail/gpio_config__struct.hpp\n'}
[5.894216] (px4_msgs) StdoutLine: {'line': b'-- Up-to-date: /home/pavel/ws_ros2/install/px4_msgs/include/px4_msgs/px4_msgs/msg/detail/fuel_tank_status__builder.hpp\n'}
[5.894280] (px4_msgs) StdoutLine: {'line': b'-- Up-to-date: /home/pavel/ws_ros2/install/px4_msgs/include/px4_msgs/px4_msgs/msg/detail/sensor_accel__struct.hpp\n'}
[5.894344] (px4_msgs) StdoutLine: {'line': b'-- Up-to-date: /home/pavel/ws_ros2/install/px4_msgs/include/px4_msgs/px4_msgs/msg/detail/takeoff_status__struct.hpp\n'}
[5.894408] (px4_msgs) StdoutLine: {'line': b'-- Up-to-date: /home/pavel/ws_ros2/install/px4_msgs/include/px4_msgs/px4_msgs/msg/detail/differential_pressure__struct.hpp\n'}
[5.894472] (px4_msgs) StdoutLine: {'line': b'-- Up-to-date: /home/pavel/ws_ros2/install/px4_msgs/include/px4_msgs/px4_msgs/msg/detail/launch_detection_status__struct.hpp\n'}
[5.894536] (px4_msgs) StdoutLine: {'line': b'-- Up-to-date: /home/pavel/ws_ros2/install/px4_msgs/include/px4_msgs/px4_msgs/msg/detail/collision_report__type_support.hpp\n'}
[5.894601] (px4_msgs) StdoutLine: {'line': b'-- Up-to-date: /home/pavel/ws_ros2/install/px4_msgs/include/px4_msgs/px4_msgs/msg/detail/vehicle_attitude_setpoint__type_support.hpp\n'}
[5.894665] (px4_msgs) StdoutLine: {'line': b'-- Up-to-date: /home/pavel/ws_ros2/install/px4_msgs/include/px4_msgs/px4_msgs/msg/detail/estimator_bias3d__type_support.hpp\n'}
[5.894729] (px4_msgs) StdoutLine: {'line': b'-- Up-to-date: /home/pavel/ws_ros2/install/px4_msgs/include/px4_msgs/px4_msgs/msg/detail/estimator_states__builder.hpp\n'}
[5.894793] (px4_msgs) StdoutLine: {'line': b'-- Up-to-date: /home/pavel/ws_ros2/install/px4_msgs/include/px4_msgs/px4_msgs/msg/detail/vehicle_magnetometer__traits.hpp\n'}
[5.894862] (px4_msgs) StdoutLine: {'line': b'-- Up-to-date: /home/pavel/ws_ros2/install/px4_msgs/include/px4_msgs/px4_msgs/msg/detail/power_monitor__type_support.hpp\n'}
[5.894936] (px4_msgs) StdoutLine: {'line': b'-- Up-to-date: /home/pavel/ws_ros2/install/px4_msgs/include/px4_msgs/px4_msgs/msg/detail/timesync_status__traits.hpp\n'}
[5.895001] (px4_msgs) StdoutLine: {'line': b'-- Up-to-date: /home/pavel/ws_ros2/install/px4_msgs/include/px4_msgs/px4_msgs/msg/detail/generator_status__traits.hpp\n'}
[5.895065] (px4_msgs) StdoutLine: {'line': b'-- Up-to-date: /home/pavel/ws_ros2/install/px4_msgs/include/px4_msgs/px4_msgs/msg/detail/sensor_gyro_fft__builder.hpp\n'}
[5.895129] (px4_msgs) StdoutLine: {'line': b'-- Up-to-date: /home/pavel/ws_ros2/install/px4_msgs/include/px4_msgs/px4_msgs/msg/detail/magnetometer_bias_estimate__type_support.hpp\n'}
[5.895197] (px4_msgs) StdoutLine: {'line': b'-- Up-to-date: /home/pavel/ws_ros2/install/px4_msgs/include/px4_msgs/px4_msgs/msg/detail/gimbal_manager_set_attitude__traits.hpp\n'}
[5.895267] (px4_msgs) StdoutLine: {'line': b'-- Up-to-date: /home/pavel/ws_ros2/install/px4_msgs/include/px4_msgs/px4_msgs/msg/detail/vehicle_land_detected__struct.hpp\n'}
[5.895344] (px4_msgs) StdoutLine: {'line': b'-- Up-to-date: /home/pavel/ws_ros2/install/px4_msgs/include/px4_msgs/px4_msgs/msg/detail/orb_test__builder.hpp\n'}
[5.895405] (px4_msgs) StdoutLine: {'line': b'-- Up-to-date: /home/pavel/ws_ros2/install/px4_msgs/include/px4_msgs/px4_msgs/msg/detail/dataman_request__traits.hpp\n'}
[5.895466] (px4_msgs) StdoutLine: {'line': b'-- Up-to-date: /home/pavel/ws_ros2/install/px4_msgs/include/px4_msgs/px4_msgs/msg/detail/sensor_selection__struct.hpp\n'}
[5.895526] (px4_msgs) StdoutLine: {'line': b'-- Up-to-date: /home/pavel/ws_ros2/install/px4_msgs/include/px4_msgs/px4_msgs/msg/detail/actuator_test__traits.hpp\n'}
[5.895596] (px4_msgs) StdoutLine: {'line': b'-- Up-to-date: /home/pavel/ws_ros2/install/px4_msgs/include/px4_msgs/px4_msgs/msg/detail/parameter_update__struct.hpp\n'}
[5.895656] (px4_msgs) StdoutLine: {'line': b'-- Up-to-date: /home/pavel/ws_ros2/install/px4_msgs/include/px4_msgs/px4_msgs/msg/detail/airspeed__builder.hpp\n'}
[5.895717] (px4_msgs) StdoutLine: {'line': b'-- Up-to-date: /home/pavel/ws_ros2/install/px4_msgs/include/px4_msgs/px4_msgs/msg/detail/position_controller_landing_status__builder.hpp\n'}
[5.895777] (px4_msgs) StdoutLine: {'line': b'-- Up-to-date: /home/pavel/ws_ros2/install/px4_msgs/include/px4_msgs/px4_msgs/msg/detail/mount_orientation__traits.hpp\n'}
[5.895838] (px4_msgs) StdoutLine: {'line': b'-- Up-to-date: /home/pavel/ws_ros2/install/px4_msgs/include/px4_msgs/px4_msgs/msg/detail/gimbal_device_set_attitude__struct.hpp\n'}
[5.896188] (px4_msgs) StdoutLine: {'line': b'-- Up-to-date: /home/pavel/ws_ros2/install/px4_msgs/include/px4_msgs/px4_msgs/msg/detail/collision_constraints__struct.hpp\n'}
[5.896256] (px4_msgs) StdoutLine: {'line': b'-- Up-to-date: /home/pavel/ws_ros2/install/px4_msgs/include/px4_msgs/px4_msgs/msg/detail/sensor_optical_flow__traits.hpp\n'}
[5.896334] (px4_msgs) StdoutLine: {'line': b'-- Up-to-date: /home/pavel/ws_ros2/install/px4_msgs/include/px4_msgs/px4_msgs/msg/detail/sensor_airflow__traits.hpp\n'}
[5.896398] (px4_msgs) StdoutLine: {'line': b'-- Up-to-date: /home/pavel/ws_ros2/install/px4_msgs/include/px4_msgs/px4_msgs/msg/detail/differential_drive_setpoint__struct.hpp\n'}
[5.896461] (px4_msgs) StdoutLine: {'line': b'-- Up-to-date: /home/pavel/ws_ros2/install/px4_msgs/include/px4_msgs/px4_msgs/msg/detail/estimator_status_flags__struct.hpp\n'}
[5.896529] (px4_msgs) StdoutLine: {'line': b'-- Up-to-date: /home/pavel/ws_ros2/install/px4_msgs/include/px4_msgs/px4_msgs/msg/detail/sensor_uwb__builder.hpp\n'}
[5.896594] (px4_msgs) StdoutLine: {'line': b'-- Up-to-date: /home/pavel/ws_ros2/install/px4_msgs/include/px4_msgs/px4_msgs/msg/detail/register_ext_component_reply__struct.hpp\n'}
[5.896657] (px4_msgs) StdoutLine: {'line': b'-- Up-to-date: /home/pavel/ws_ros2/install/px4_msgs/include/px4_msgs/px4_msgs/msg/detail/vehicle_angular_velocity__traits.hpp\n'}
[5.896720] (px4_msgs) StdoutLine: {'line': b'-- Up-to-date: /home/pavel/ws_ros2/install/px4_msgs/include/px4_msgs/px4_msgs/msg/detail/vehicle_rates_setpoint__traits.hpp\n'}
[5.896783] (px4_msgs) StdoutLine: {'line': b'-- Up-to-date: /home/pavel/ws_ros2/install/px4_msgs/include/px4_msgs/px4_msgs/msg/detail/vehicle_rates_setpoint__struct.hpp\n'}
[5.896849] (px4_msgs) StdoutLine: {'line': b'-- Up-to-date: /home/pavel/ws_ros2/install/px4_msgs/include/px4_msgs/px4_msgs/msg/detail/rtl_time_estimate__struct.hpp\n'}
[5.896924] (px4_msgs) StdoutLine: {'line': b'-- Up-to-date: /home/pavel/ws_ros2/install/px4_msgs/include/px4_msgs/px4_msgs/msg/detail/flight_phase_estimation__traits.hpp\n'}
[5.896987] (px4_msgs) StdoutLine: {'line': b'-- Up-to-date: /home/pavel/ws_ros2/install/px4_msgs/include/px4_msgs/px4_msgs/msg/detail/sensor_preflight_mag__traits.hpp\n'}
[5.897050] (px4_msgs) StdoutLine: {'line': b'-- Up-to-date: /home/pavel/ws_ros2/install/px4_msgs/include/px4_msgs/px4_msgs/msg/detail/dataman_response__traits.hpp\n'}
[5.897117] (px4_msgs) StdoutLine: {'line': b'-- Up-to-date: /home/pavel/ws_ros2/install/px4_msgs/include/px4_msgs/px4_msgs/msg/detail/wheel_encoders__struct.hpp\n'}
[5.897180] (px4_msgs) StdoutLine: {'line': b'-- Up-to-date: /home/pavel/ws_ros2/install/px4_msgs/include/px4_msgs/px4_msgs/msg/detail/estimator_aid_source1d__builder.hpp\n'}
[5.897242] (px4_msgs) StdoutLine: {'line': b'-- Up-to-date: /home/pavel/ws_ros2/install/px4_msgs/include/px4_msgs/px4_msgs/msg/detail/px4io_status__struct.hpp\n'}
[5.897305] (px4_msgs) StdoutLine: {'line': b'-- Up-to-date: /home/pavel/ws_ros2/install/px4_msgs/include/px4_msgs/px4_msgs/msg/detail/vehicle_trajectory_bezier__type_support.hpp\n'}
[5.897368] (px4_msgs) StdoutLine: {'line': b'-- Up-to-date: /home/pavel/ws_ros2/install/px4_msgs/include/px4_msgs/px4_msgs/msg/detail/power_button_state__struct.hpp\n'}
[5.897430] (px4_msgs) StdoutLine: {'line': b'-- Up-to-date: /home/pavel/ws_ros2/install/px4_msgs/include/px4_msgs/px4_msgs/msg/detail/transponder_report__builder.hpp\n'}
[5.897492] (px4_msgs) StdoutLine: {'line': b'-- Up-to-date: /home/pavel/ws_ros2/install/px4_msgs/include/px4_msgs/px4_msgs/msg/detail/config_overrides__traits.hpp\n'}
[5.897555] (px4_msgs) StdoutLine: {'line': b'-- Up-to-date: /home/pavel/ws_ros2/install/px4_msgs/include/px4_msgs/px4_msgs/msg/detail/task_stack_info__struct.hpp\n'}
[5.897617] (px4_msgs) StdoutLine: {'line': b'-- Up-to-date: /home/pavel/ws_ros2/install/px4_msgs/include/px4_msgs/px4_msgs/msg/detail/gimbal_device_attitude_status__type_support.hpp\n'}
[5.897680] (px4_msgs) StdoutLine: {'line': b'-- Up-to-date: /home/pavel/ws_ros2/install/px4_msgs/include/px4_msgs/px4_msgs/msg/detail/normalized_unsigned_setpoint__builder.hpp\n'}
[5.897743] (px4_msgs) StdoutLine: {'line': b'-- Up-to-date: /home/pavel/ws_ros2/install/px4_msgs/include/px4_msgs/px4_msgs/msg/detail/sensor_gyro_fft__struct.hpp\n'}
[5.897805] (px4_msgs) StdoutLine: {'line': b'-- Up-to-date: /home/pavel/ws_ros2/install/px4_msgs/include/px4_msgs/px4_msgs/msg/detail/camera_status__traits.hpp\n'}
[5.897877] (px4_msgs) StdoutLine: {'line': b'-- Up-to-date: /home/pavel/ws_ros2/install/px4_msgs/include/px4_msgs/px4_msgs/msg/detail/mode_completed__type_support.hpp\n'}
[5.897945] (px4_msgs) StdoutLine: {'line': b'-- Up-to-date: /home/pavel/ws_ros2/install/px4_msgs/include/px4_msgs/px4_msgs/msg/detail/airspeed__traits.hpp\n'}
[5.898008] (px4_msgs) StdoutLine: {'line': b'-- Up-to-date: /home/pavel/ws_ros2/install/px4_msgs/include/px4_msgs/px4_msgs/msg/detail/vehicle_local_position_setpoint__traits.hpp\n'}
[5.898078] (px4_msgs) StdoutLine: {'line': b'-- Up-to-date: /home/pavel/ws_ros2/install/px4_msgs/include/px4_msgs/px4_msgs/msg/detail/esc_status__builder.hpp\n'}
[5.898141] (px4_msgs) StdoutLine: {'line': b'-- Up-to-date: /home/pavel/ws_ros2/install/px4_msgs/include/px4_msgs/px4_msgs/msg/detail/trajectory_waypoint__struct.hpp\n'}
[5.898203] (px4_msgs) StdoutLine: {'line': b'-- Up-to-date: /home/pavel/ws_ros2/install/px4_msgs/include/px4_msgs/px4_msgs/msg/detail/actuator_test__type_support.hpp\n'}
[5.898265] (px4_msgs) StdoutLine: {'line': b'-- Up-to-date: /home/pavel/ws_ros2/install/px4_msgs/include/px4_msgs/px4_msgs/msg/detail/register_ext_component_request__builder.hpp\n'}
[5.898327] (px4_msgs) StdoutLine: {'line': b'-- Up-to-date: /home/pavel/ws_ros2/install/px4_msgs/include/px4_msgs/px4_msgs/msg/detail/mission__struct.hpp\n'}
[5.898389] (px4_msgs) StdoutLine: {'line': b'-- Up-to-date: /home/pavel/ws_ros2/install/px4_msgs/include/px4_msgs/px4_msgs/msg/detail/mavlink_tunnel__type_support.hpp\n'}
[5.898452] (px4_msgs) StdoutLine: {'line': b'-- Up-to-date: /home/pavel/ws_ros2/install/px4_msgs/include/px4_msgs/px4_msgs/msg/detail/led_control__traits.hpp\n'}
[5.898517] (px4_msgs) StdoutLine: {'line': b'-- Up-to-date: /home/pavel/ws_ros2/install/px4_msgs/include/px4_msgs/px4_msgs/msg/detail/follow_target_status__struct.hpp\n'}
[5.898580] (px4_msgs) StdoutLine: {'line': b'-- Up-to-date: /home/pavel/ws_ros2/install/px4_msgs/include/px4_msgs/px4_msgs/msg/detail/vehicle_roi__struct.hpp\n'}
[5.898643] (px4_msgs) StdoutLine: {'line': b'-- Up-to-date: /home/pavel/ws_ros2/install/px4_msgs/include/px4_msgs/px4_msgs/msg/detail/can_interface_status__type_support.hpp\n'}
[5.898709] (px4_msgs) StdoutLine: {'line': b'-- Up-to-date: /home/pavel/ws_ros2/install/px4_msgs/include/px4_msgs/px4_msgs/msg/detail/sensor_mag__type_support.hpp\n'}
[5.898772] (px4_msgs) StdoutLine: {'line': b'-- Up-to-date: /home/pavel/ws_ros2/install/px4_msgs/include/px4_msgs/px4_msgs/msg/detail/actuator_armed__builder.hpp\n'}
[5.898834] (px4_msgs) StdoutLine: {'line': b'-- Up-to-date: /home/pavel/ws_ros2/install/px4_msgs/include/px4_msgs/px4_msgs/msg/detail/rover_ackermann_guidance_status__type_support.hpp\n'}
[5.898920] (px4_msgs) StdoutLine: {'line': b'-- Up-to-date: /home/pavel/ws_ros2/install/px4_msgs/include/px4_msgs/px4_msgs/msg/detail/manual_control_setpoint__type_support.hpp\n'}
[5.898990] (px4_msgs) StdoutLine: {'line': b'-- Up-to-date: /home/pavel/ws_ros2/install/px4_msgs/include/px4_msgs/px4_msgs/msg/detail/led_control__struct.hpp\n'}
[5.899053] (px4_msgs) StdoutLine: {'line': b'-- Up-to-date: /home/pavel/ws_ros2/install/px4_msgs/include/px4_msgs/px4_msgs/msg/detail/estimator_aid_source2d__traits.hpp\n'}
[5.899117] (px4_msgs) StdoutLine: {'line': b'-- Up-to-date: /home/pavel/ws_ros2/install/px4_msgs/include/px4_msgs/px4_msgs/msg/detail/position_controller_status__traits.hpp\n'}
[5.899179] (px4_msgs) StdoutLine: {'line': b'-- Up-to-date: /home/pavel/ws_ros2/install/px4_msgs/include/px4_msgs/px4_msgs/msg/detail/tune_control__traits.hpp\n'}
[5.899243] (px4_msgs) StdoutLine: {'line': b'-- Up-to-date: /home/pavel/ws_ros2/install/px4_msgs/include/px4_msgs/px4_msgs/msg/detail/button_event__builder.hpp\n'}
[5.899305] (px4_msgs) StdoutLine: {'line': b'-- Up-to-date: /home/pavel/ws_ros2/install/px4_msgs/include/px4_msgs/px4_msgs/msg/detail/irlock_report__type_support.hpp\n'}
[5.899368] (px4_msgs) StdoutLine: {'line': b'-- Up-to-date: /home/pavel/ws_ros2/install/px4_msgs/include/px4_msgs/px4_msgs/msg/detail/gimbal_device_information__traits.hpp\n'}
[5.899432] (px4_msgs) StdoutLine: {'line': b'-- Up-to-date: /home/pavel/ws_ros2/install/px4_msgs/include/px4_msgs/px4_msgs/msg/detail/estimator_sensor_bias__traits.hpp\n'}
[5.899494] (px4_msgs) StdoutLine: {'line': b'-- Up-to-date: /home/pavel/ws_ros2/install/px4_msgs/include/px4_msgs/px4_msgs/msg/detail/airspeed__type_support.hpp\n'}
[5.899556] (px4_msgs) StdoutLine: {'line': b'-- Up-to-date: /home/pavel/ws_ros2/install/px4_msgs/include/px4_msgs/px4_msgs/msg/detail/navigator_mission_item__builder.hpp\n'}
[5.899618] (px4_msgs) StdoutLine: {'line': b'-- Up-to-date: /home/pavel/ws_ros2/install/px4_msgs/include/px4_msgs/px4_msgs/msg/detail/cpuload__builder.hpp\n'}
[5.899681] (px4_msgs) StdoutLine: {'line': b'-- Up-to-date: /home/pavel/ws_ros2/install/px4_msgs/include/px4_msgs/px4_msgs/msg/detail/npfg_status__traits.hpp\n'}
[5.899743] (px4_msgs) StdoutLine: {'line': b'-- Up-to-date: /home/pavel/ws_ros2/install/px4_msgs/include/px4_msgs/px4_msgs/msg/detail/mode_completed__struct.hpp\n'}
[5.899805] (px4_msgs) StdoutLine: {'line': b'-- Up-to-date: /home/pavel/ws_ros2/install/px4_msgs/include/px4_msgs/px4_msgs/msg/detail/input_rc__traits.hpp\n'}
[5.899876] (px4_msgs) StdoutLine: {'line': b'-- Up-to-date: /home/pavel/ws_ros2/install/px4_msgs/include/px4_msgs/px4_msgs/msg/detail/sensor_uwb__type_support.hpp\n'}
[5.899943] (px4_msgs) StdoutLine: {'line': b'-- Up-to-date: /home/pavel/ws_ros2/install/px4_msgs/include/px4_msgs/px4_msgs/msg/detail/sensor_gps__type_support.hpp\n'}
[5.900006] (px4_msgs) StdoutLine: {'line': b'-- Up-to-date: /home/pavel/ws_ros2/install/px4_msgs/include/px4_msgs/px4_msgs/msg/detail/position_controller_status__struct.hpp\n'}
[5.900069] (px4_msgs) StdoutLine: {'line': b'-- Up-to-date: /home/pavel/ws_ros2/install/px4_msgs/include/px4_msgs/px4_msgs/msg/detail/adc_report__type_support.hpp\n'}
[5.900131] (px4_msgs) StdoutLine: {'line': b'-- Up-to-date: /home/pavel/ws_ros2/install/px4_msgs/include/px4_msgs/px4_msgs/msg/detail/actuator_outputs__traits.hpp\n'}
[5.900192] (px4_msgs) StdoutLine: {'line': b'-- Up-to-date: /home/pavel/ws_ros2/install/px4_msgs/include/px4_msgs/px4_msgs/msg/detail/mode_completed__traits.hpp\n'}
[5.900265] (px4_msgs) StdoutLine: {'line': b'-- Up-to-date: /home/pavel/ws_ros2/install/px4_msgs/include/px4_msgs/px4_msgs/msg/detail/goto_setpoint__struct.hpp\n'}
[5.900344] (px4_msgs) StdoutLine: {'line': b'-- Up-to-date: /home/pavel/ws_ros2/install/px4_msgs/include/px4_msgs/px4_msgs/msg/detail/hover_thrust_estimate__struct.hpp\n'}
[5.900408] (px4_msgs) StdoutLine: {'line': b'-- Up-to-date: /home/pavel/ws_ros2/install/px4_msgs/include/px4_msgs/px4_msgs/msg/detail/qshell_retval__traits.hpp\n'}
[5.900472] (px4_msgs) StdoutLine: {'line': b'-- Up-to-date: /home/pavel/ws_ros2/install/px4_msgs/include/px4_msgs/px4_msgs/msg/detail/vehicle_angular_velocity__type_support.hpp\n'}
[5.900536] (px4_msgs) StdoutLine: {'line': b'-- Up-to-date: /home/pavel/ws_ros2/install/px4_msgs/include/px4_msgs/px4_msgs/msg/detail/geofence_status__builder.hpp\n'}
[5.900603] (px4_msgs) StdoutLine: {'line': b'-- Up-to-date: /home/pavel/ws_ros2/install/px4_msgs/include/px4_msgs/px4_msgs/msg/detail/can_interface_status__traits.hpp\n'}
[5.900668] (px4_msgs) StdoutLine: {'line': b'-- Up-to-date: /home/pavel/ws_ros2/install/px4_msgs/include/px4_msgs/px4_msgs/msg/detail/normalized_unsigned_setpoint__type_support.hpp\n'}
[5.900732] (px4_msgs) StdoutLine: {'line': b'-- Up-to-date: /home/pavel/ws_ros2/install/px4_msgs/include/px4_msgs/px4_msgs/msg/detail/actuator_controls_status__builder.hpp\n'}
[5.900796] (px4_msgs) StdoutLine: {'line': b'-- Up-to-date: /home/pavel/ws_ros2/install/px4_msgs/include/px4_msgs/px4_msgs/msg/detail/position_controller_landing_status__type_support.hpp\n'}
[5.900871] (px4_msgs) StdoutLine: {'line': b'-- Up-to-date: /home/pavel/ws_ros2/install/px4_msgs/include/px4_msgs/px4_msgs/msg/detail/estimator_status__builder.hpp\n'}
[5.900945] (px4_msgs) StdoutLine: {'line': b'-- Up-to-date: /home/pavel/ws_ros2/install/px4_msgs/include/px4_msgs/px4_msgs/msg/detail/launch_detection_status__type_support.hpp\n'}
[5.901010] (px4_msgs) StdoutLine: {'line': b'-- Up-to-date: /home/pavel/ws_ros2/install/px4_msgs/include/px4_msgs/px4_msgs/msg/detail/magnetometer_bias_estimate__struct.hpp\n'}
[5.901074] (px4_msgs) StdoutLine: {'line': b'-- Up-to-date: /home/pavel/ws_ros2/install/px4_msgs/include/px4_msgs/px4_msgs/msg/detail/magnetometer_bias_estimate__builder.hpp\n'}
[5.901138] (px4_msgs) StdoutLine: {'line': b'-- Up-to-date: /home/pavel/ws_ros2/install/px4_msgs/include/px4_msgs/px4_msgs/msg/detail/autotune_attitude_control_status__struct.hpp\n'}
[5.901202] (px4_msgs) StdoutLine: {'line': b'-- Up-to-date: /home/pavel/ws_ros2/install/px4_msgs/include/px4_msgs/px4_msgs/msg/detail/landing_target_innovations__traits.hpp\n'}
[5.901266] (px4_msgs) StdoutLine: {'line': b'-- Up-to-date: /home/pavel/ws_ros2/install/px4_msgs/include/px4_msgs/px4_msgs/msg/detail/mode_completed__builder.hpp\n'}
[5.901330] (px4_msgs) StdoutLine: {'line': b'-- Up-to-date: /home/pavel/ws_ros2/install/px4_msgs/include/px4_msgs/px4_msgs/msg/detail/vehicle_attitude__traits.hpp\n'}
[5.901394] (px4_msgs) StdoutLine: {'line': b'-- Up-to-date: /home/pavel/ws_ros2/install/px4_msgs/include/px4_msgs/px4_msgs/msg/detail/differential_pressure__type_support.hpp\n'}
[5.901459] (px4_msgs) StdoutLine: {'line': b'-- Up-to-date: /home/pavel/ws_ros2/install/px4_msgs/include/px4_msgs/px4_msgs/msg/detail/airspeed_wind__struct.hpp\n'}
[5.901522] (px4_msgs) StdoutLine: {'line': b'-- Up-to-date: /home/pavel/ws_ros2/install/px4_msgs/include/px4_msgs/px4_msgs/msg/detail/collision_constraints__builder.hpp\n'}
[5.901586] (px4_msgs) StdoutLine: {'line': b'-- Up-to-date: /home/pavel/ws_ros2/install/px4_msgs/include/px4_msgs/px4_msgs/msg/detail/log_message__builder.hpp\n'}
[5.901651] (px4_msgs) StdoutLine: {'line': b'-- Up-to-date: /home/pavel/ws_ros2/install/px4_msgs/include/px4_msgs/px4_msgs/msg/detail/goto_setpoint__traits.hpp\n'}
[5.901716] (px4_msgs) StdoutLine: {'line': b'-- Up-to-date: /home/pavel/ws_ros2/install/px4_msgs/include/px4_msgs/px4_msgs/msg/detail/sensors_status__builder.hpp\n'}
[5.901780] (px4_msgs) StdoutLine: {'line': b'-- Up-to-date: /home/pavel/ws_ros2/install/px4_msgs/include/px4_msgs/px4_msgs/msg/detail/arming_check_request__struct.hpp\n'}
[5.901857] (px4_msgs) StdoutLine: {'line': b'-- Up-to-date: /home/pavel/ws_ros2/install/px4_msgs/include/px4_msgs/px4_msgs/msg/detail/uavcan_parameter_request__traits.hpp\n'}
[5.901931] (px4_msgs) StdoutLine: {'line': b'-- Up-to-date: /home/pavel/ws_ros2/install/px4_msgs/include/px4_msgs/px4_msgs/msg/detail/vehicle_optical_flow_vel__type_support.hpp\n'}
[5.901996] (px4_msgs) StdoutLine: {'line': b'-- Up-to-date: /home/pavel/ws_ros2/install/px4_msgs/include/px4_msgs/px4_msgs/msg/detail/manual_control_setpoint__traits.hpp\n'}
[5.902061] (px4_msgs) StdoutLine: {'line': b'-- Up-to-date: /home/pavel/ws_ros2/install/px4_msgs/include/px4_msgs/px4_msgs/msg/detail/debug_key_value__traits.hpp\n'}
[5.902126] (px4_msgs) StdoutLine: {'line': b'-- Up-to-date: /home/pavel/ws_ros2/install/px4_msgs/include/px4_msgs/px4_msgs/msg/detail/geofence_status__type_support.hpp\n'}
[5.902190] (px4_msgs) StdoutLine: {'line': b'-- Up-to-date: /home/pavel/ws_ros2/install/px4_msgs/include/px4_msgs/px4_msgs/msg/detail/button_event__type_support.hpp\n'}
[5.902254] (px4_msgs) StdoutLine: {'line': b'-- Up-to-date: /home/pavel/ws_ros2/install/px4_msgs/include/px4_msgs/px4_msgs/msg/detail/differential_pressure__traits.hpp\n'}
[5.902318] (px4_msgs) StdoutLine: {'line': b'-- Up-to-date: /home/pavel/ws_ros2/install/px4_msgs/include/px4_msgs/px4_msgs/msg/detail/system_power__struct.hpp\n'}
[5.902383] (px4_msgs) StdoutLine: {'line': b'-- Up-to-date: /home/pavel/ws_ros2/install/px4_msgs/include/px4_msgs/px4_msgs/msg/detail/orb_test_medium__struct.hpp\n'}
[5.902454] (px4_msgs) StdoutLine: {'line': b'-- Up-to-date: /home/pavel/ws_ros2/install/px4_msgs/include/px4_msgs/px4_msgs/msg/detail/health_report__struct.hpp\n'}
[5.902519] (px4_msgs) StdoutLine: {'line': b'-- Up-to-date: /home/pavel/ws_ros2/install/px4_msgs/include/px4_msgs/px4_msgs/msg/detail/logger_status__traits.hpp\n'}
[5.902583] (px4_msgs) StdoutLine: {'line': b'-- Up-to-date: /home/pavel/ws_ros2/install/px4_msgs/include/px4_msgs/px4_msgs/msg/detail/dataman_request__struct.hpp\n'}
[5.902654] (px4_msgs) StdoutLine: {'line': b'-- Up-to-date: /home/pavel/ws_ros2/install/px4_msgs/include/px4_msgs/px4_msgs/msg/detail/gimbal_manager_information__struct.hpp\n'}
[5.902719] (px4_msgs) StdoutLine: {'line': b'-- Up-to-date: /home/pavel/ws_ros2/install/px4_msgs/include/px4_msgs/px4_msgs/msg/detail/sensor_gyro__struct.hpp\n'}
[5.902784] (px4_msgs) StdoutLine: {'line': b'-- Up-to-date: /home/pavel/ws_ros2/install/px4_msgs/include/px4_msgs/px4_msgs/msg/detail/airspeed_validated__builder.hpp\n'}
[5.902856] (px4_msgs) StdoutLine: {'line': b'-- Up-to-date: /home/pavel/ws_ros2/install/px4_msgs/include/px4_msgs/px4_msgs/msg/detail/rate_ctrl_status__traits.hpp\n'}
[5.902931] (px4_msgs) StdoutLine: {'line': b'-- Up-to-date: /home/pavel/ws_ros2/install/px4_msgs/include/px4_msgs/px4_msgs/msg/detail/collision_constraints__traits.hpp\n'}
[5.902996] (px4_msgs) StdoutLine: {'line': b'-- Up-to-date: /home/pavel/ws_ros2/install/px4_msgs/include/px4_msgs/px4_msgs/msg/detail/sensor_optical_flow__builder.hpp\n'}
[5.903061] (px4_msgs) StdoutLine: {'line': b'-- Up-to-date: /home/pavel/ws_ros2/install/px4_msgs/include/px4_msgs/px4_msgs/msg/detail/distance_sensor__builder.hpp\n'}
[5.903126] (px4_msgs) StdoutLine: {'line': b'-- Up-to-date: /home/pavel/ws_ros2/install/px4_msgs/include/px4_msgs/px4_msgs/msg/detail/debug_array__builder.hpp\n'}
[5.903190] (px4_msgs) StdoutLine: {'line': b'-- Up-to-date: /home/pavel/ws_ros2/install/px4_msgs/include/px4_msgs/px4_msgs/msg/detail/vehicle_global_position__builder.hpp\n'}
[5.903255] (px4_msgs) StdoutLine: {'line': b'-- Up-to-date: /home/pavel/ws_ros2/install/px4_msgs/include/px4_msgs/px4_msgs/msg/detail/rtl_time_estimate__builder.hpp\n'}
[5.903320] (px4_msgs) StdoutLine: {'line': b'-- Up-to-date: /home/pavel/ws_ros2/install/px4_msgs/include/px4_msgs/px4_msgs/msg/detail/offboard_control_mode__traits.hpp\n'}
[5.903384] (px4_msgs) StdoutLine: {'line': b'-- Up-to-date: /home/pavel/ws_ros2/install/px4_msgs/include/px4_msgs/px4_msgs/msg/detail/telemetry_status__struct.hpp\n'}
[5.903454] (px4_msgs) StdoutLine: {'line': b'-- Up-to-date: /home/pavel/ws_ros2/install/px4_msgs/include/px4_msgs/px4_msgs/msg/detail/action_request__type_support.hpp\n'}
[5.903519] (px4_msgs) StdoutLine: {'line': b'-- Up-to-date: /home/pavel/ws_ros2/install/px4_msgs/include/px4_msgs/px4_msgs/msg/detail/estimator_aid_source3d__traits.hpp\n'}
[5.903584] (px4_msgs) StdoutLine: {'line': b'-- Up-to-date: /home/pavel/ws_ros2/install/px4_msgs/include/px4_msgs/px4_msgs/msg/detail/cellular_status__type_support.hpp\n'}
[5.903650] (px4_msgs) StdoutLine: {'line': b'-- Up-to-date: /home/pavel/ws_ros2/install/px4_msgs/include/px4_msgs/px4_msgs/msg/detail/vehicle_local_position_setpoint__struct.hpp\n'}
[5.903715] (px4_msgs) StdoutLine: {'line': b'-- Up-to-date: /home/pavel/ws_ros2/install/px4_msgs/include/px4_msgs/px4_msgs/msg/detail/vehicle_attitude_setpoint__traits.hpp\n'}
[5.903779] (px4_msgs) StdoutLine: {'line': b'-- Up-to-date: /home/pavel/ws_ros2/install/px4_msgs/include/px4_msgs/px4_msgs/msg/detail/rate_ctrl_status__builder.hpp\n'}
[5.903843] (px4_msgs) StdoutLine: {'line': b'-- Up-to-date: /home/pavel/ws_ros2/install/px4_msgs/include/px4_msgs/px4_msgs/msg/detail/vehicle_attitude_setpoint__builder.hpp\n'}
[5.903922] (px4_msgs) StdoutLine: {'line': b'-- Up-to-date: /home/pavel/ws_ros2/install/px4_msgs/include/px4_msgs/px4_msgs/msg/detail/obstacle_distance__traits.hpp\n'}
[5.903987] (px4_msgs) StdoutLine: {'line': b'-- Up-to-date: /home/pavel/ws_ros2/install/px4_msgs/include/px4_msgs/px4_msgs/msg/detail/action_request__builder.hpp\n'}
[5.904052] (px4_msgs) StdoutLine: {'line': b'-- Up-to-date: /home/pavel/ws_ros2/install/px4_msgs/include/px4_msgs/px4_msgs/msg/detail/ping__struct.hpp\n'}
[5.904116] (px4_msgs) StdoutLine: {'line': b'-- Up-to-date: /home/pavel/ws_ros2/install/px4_msgs/include/px4_msgs/px4_msgs/msg/detail/gimbal_manager_information__traits.hpp\n'}
[5.904181] (px4_msgs) StdoutLine: {'line': b'-- Up-to-date: /home/pavel/ws_ros2/install/px4_msgs/include/px4_msgs/px4_msgs/msg/detail/estimator_selector_status__builder.hpp\n'}
[5.904246] (px4_msgs) StdoutLine: {'line': b'-- Up-to-date: /home/pavel/ws_ros2/install/px4_msgs/include/px4_msgs/px4_msgs/msg/detail/sensor_mag__struct.hpp\n'}
[5.904311] (px4_msgs) StdoutLine: {'line': b'-- Up-to-date: /home/pavel/ws_ros2/install/px4_msgs/include/px4_msgs/px4_msgs/msg/detail/debug_value__struct.hpp\n'}
[5.904375] (px4_msgs) StdoutLine: {'line': b'-- Up-to-date: /home/pavel/ws_ros2/install/px4_msgs/include/px4_msgs/px4_msgs/msg/detail/tecs_status__struct.hpp\n'}
[5.904440] (px4_msgs) StdoutLine: {'line': b'-- Up-to-date: /home/pavel/ws_ros2/install/px4_msgs/include/px4_msgs/px4_msgs/msg/detail/sensor_gyro_fft__traits.hpp\n'}
[5.904505] (px4_msgs) StdoutLine: {'line': b'-- Up-to-date: /home/pavel/ws_ros2/install/px4_msgs/include/px4_msgs/px4_msgs/msg/detail/follow_target_estimator__builder.hpp\n'}
[5.904569] (px4_msgs) StdoutLine: {'line': b'-- Up-to-date: /home/pavel/ws_ros2/install/px4_msgs/include/px4_msgs/px4_msgs/msg/detail/airspeed__struct.hpp\n'}
[5.904634] (px4_msgs) StdoutLine: {'line': b'-- Up-to-date: /home/pavel/ws_ros2/install/px4_msgs/include/px4_msgs/px4_msgs/msg/detail/gpio_in__traits.hpp\n'}
[5.904705] (px4_msgs) StdoutLine: {'line': b'-- Up-to-date: /home/pavel/ws_ros2/install/px4_msgs/include/px4_msgs/px4_msgs/msg/detail/landing_gear__traits.hpp\n'}
[5.904774] (px4_msgs) StdoutLine: {'line': b'-- Up-to-date: /home/pavel/ws_ros2/install/px4_msgs/include/px4_msgs/px4_msgs/msg/detail/vehicle_attitude__builder.hpp\n'}
[5.904840] (px4_msgs) StdoutLine: {'line': b'-- Up-to-date: /home/pavel/ws_ros2/install/px4_msgs/include/px4_msgs/px4_msgs/msg/detail/failsafe_flags__type_support.hpp\n'}
[5.904919] (px4_msgs) StdoutLine: {'line': b'-- Up-to-date: /home/pavel/ws_ros2/install/px4_msgs/include/px4_msgs/px4_msgs/msg/detail/manual_control_setpoint__builder.hpp\n'}
[5.904985] (px4_msgs) StdoutLine: {'line': b'-- Up-to-date: /home/pavel/ws_ros2/install/px4_msgs/include/px4_msgs/px4_msgs/msg/detail/sensor_gyro__builder.hpp\n'}
[5.905055] (px4_msgs) StdoutLine: {'line': b'-- Up-to-date: /home/pavel/ws_ros2/install/px4_msgs/include/px4_msgs/px4_msgs/msg/detail/ulog_stream_ack__type_support.hpp\n'}
[5.905119] (px4_msgs) StdoutLine: {'line': b'-- Up-to-date: /home/pavel/ws_ros2/install/px4_msgs/include/px4_msgs/px4_msgs/msg/detail/vehicle_air_data__type_support.hpp\n'}
[5.905185] (px4_msgs) StdoutLine: {'line': b'-- Up-to-date: /home/pavel/ws_ros2/install/px4_msgs/include/px4_msgs/px4_msgs/msg/detail/sensor_combined__struct.hpp\n'}
[5.905250] (px4_msgs) StdoutLine: {'line': b'-- Up-to-date: /home/pavel/ws_ros2/install/px4_msgs/include/px4_msgs/px4_msgs/msg/detail/actuator_controls_status__type_support.hpp\n'}
[5.905314] (px4_msgs) StdoutLine: {'line': b'-- Up-to-date: /home/pavel/ws_ros2/install/px4_msgs/include/px4_msgs/px4_msgs/msg/detail/mavlink_tunnel__traits.hpp\n'}
[5.905379] (px4_msgs) StdoutLine: {'line': b'-- Up-to-date: /home/pavel/ws_ros2/install/px4_msgs/include/px4_msgs/px4_msgs/msg/detail/vehicle_trajectory_waypoint__type_support.hpp\n'}
[5.905443] (px4_msgs) StdoutLine: {'line': b'-- Up-to-date: /home/pavel/ws_ros2/install/px4_msgs/include/px4_msgs/px4_msgs/msg/detail/actuator_servos_trim__struct.hpp\n'}
[5.905507] (px4_msgs) StdoutLine: {'line': b'-- Up-to-date: /home/pavel/ws_ros2/install/px4_msgs/include/px4_msgs/px4_msgs/msg/detail/launch_detection_status__traits.hpp\n'}
[5.905571] (px4_msgs) StdoutLine: {'line': b'-- Up-to-date: /home/pavel/ws_ros2/install/px4_msgs/include/px4_msgs/px4_msgs/msg/detail/gpio_config__builder.hpp\n'}
[5.905636] (px4_msgs) StdoutLine: {'line': b'-- Up-to-date: /home/pavel/ws_ros2/install/px4_msgs/include/px4_msgs/px4_msgs/msg/detail/gripper__traits.hpp\n'}
[5.905699] (px4_msgs) StdoutLine: {'line': b'-- Up-to-date: /home/pavel/ws_ros2/install/px4_msgs/include/px4_msgs/px4_msgs/msg/detail/gpio_out__builder.hpp\n'}
[5.905763] (px4_msgs) StdoutLine: {'line': b'-- Up-to-date: /home/pavel/ws_ros2/install/px4_msgs/include/px4_msgs/px4_msgs/msg/detail/onboard_computer_status__type_support.hpp\n'}
[5.905828] (px4_msgs) StdoutLine: {'line': b'-- Up-to-date: /home/pavel/ws_ros2/install/px4_msgs/include/px4_msgs/px4_msgs/msg/detail/wind__struct.hpp\n'}
[5.905904] (px4_msgs) StdoutLine: {'line': b'-- Up-to-date: /home/pavel/ws_ros2/install/px4_msgs/include/px4_msgs/px4_msgs/msg/detail/orb_test__struct.hpp\n'}
[5.905971] (px4_msgs) StdoutLine: {'line': b'-- Up-to-date: /home/pavel/ws_ros2/install/px4_msgs/include/px4_msgs/px4_msgs/msg/detail/position_setpoint__builder.hpp\n'}
[5.906036] (px4_msgs) StdoutLine: {'line': b'-- Up-to-date: /home/pavel/ws_ros2/install/px4_msgs/include/px4_msgs/px4_msgs/msg/detail/actuator_test__struct.hpp\n'}
[5.906100] (px4_msgs) StdoutLine: {'line': b'-- Up-to-date: /home/pavel/ws_ros2/install/px4_msgs/include/px4_msgs/px4_msgs/msg/detail/geofence_result__builder.hpp\n'}
[5.906164] (px4_msgs) StdoutLine: {'line': b'-- Up-to-date: /home/pavel/ws_ros2/install/px4_msgs/include/px4_msgs/px4_msgs/msg/detail/gimbal_manager_set_manual_control__builder.hpp\n'}
[5.906232] (px4_msgs) StdoutLine: {'line': b'-- Up-to-date: /home/pavel/ws_ros2/install/px4_msgs/include/px4_msgs/px4_msgs/msg/detail/debug_value__builder.hpp\n'}
[5.906297] (px4_msgs) StdoutLine: {'line': b'-- Up-to-date: /home/pavel/ws_ros2/install/px4_msgs/include/px4_msgs/px4_msgs/msg/detail/gimbal_manager_set_attitude__builder.hpp\n'}
[5.906372] (px4_msgs) StdoutLine: {'line': b'-- Up-to-date: /home/pavel/ws_ros2/install/px4_msgs/include/px4_msgs/px4_msgs/msg/detail/config_overrides__struct.hpp\n'}
[5.906433] (px4_msgs) StdoutLine: {'line': b'-- Up-to-date: /home/pavel/ws_ros2/install/px4_msgs/include/px4_msgs/px4_msgs/msg/detail/irlock_report__traits.hpp\n'}
[5.906494] (px4_msgs) StdoutLine: {'line': b'-- Up-to-date: /home/pavel/ws_ros2/install/px4_msgs/include/px4_msgs/px4_msgs/msg/detail/gimbal_manager_set_manual_control__traits.hpp\n'}
[5.906555] (px4_msgs) StdoutLine: {'line': b'-- Up-to-date: /home/pavel/ws_ros2/install/px4_msgs/include/px4_msgs/px4_msgs/msg/detail/message_format_response__builder.hpp\n'}
[5.906621] (px4_msgs) StdoutLine: {'line': b'-- Up-to-date: /home/pavel/ws_ros2/install/px4_msgs/include/px4_msgs/px4_msgs/msg/detail/sensors_status_imu__type_support.hpp\n'}
[5.906683] (px4_msgs) StdoutLine: {'line': b'-- Up-to-date: /home/pavel/ws_ros2/install/px4_msgs/include/px4_msgs/px4_msgs/msg/detail/flight_phase_estimation__struct.hpp\n'}
[5.906744] (px4_msgs) StdoutLine: {'line': b'-- Up-to-date: /home/pavel/ws_ros2/install/px4_msgs/include/px4_msgs/px4_msgs/msg/detail/sensor_correction__builder.hpp\n'}
[5.906808] (px4_msgs) StdoutLine: {'line': b'-- Up-to-date: /home/pavel/ws_ros2/install/px4_msgs/include/px4_msgs/px4_msgs/msg/detail/debug_array__traits.hpp\n'}
[5.906881] (px4_msgs) StdoutLine: {'line': b'-- Up-to-date: /home/pavel/ws_ros2/install/px4_msgs/include/px4_msgs/px4_msgs/msg/detail/task_stack_info__traits.hpp\n'}
[5.906965] (px4_msgs) StdoutLine: {'line': b'-- Up-to-date: /home/pavel/ws_ros2/install/px4_msgs/include/px4_msgs/px4_msgs/msg/detail/mavlink_log__type_support.hpp\n'}
[5.907026] (px4_msgs) StdoutLine: {'line': b'-- Up-to-date: /home/pavel/ws_ros2/install/px4_msgs/include/px4_msgs/px4_msgs/msg/detail/unregister_ext_component__builder.hpp\n'}
[5.907086] (px4_msgs) StdoutLine: {'line': b'-- Up-to-date: /home/pavel/ws_ros2/install/px4_msgs/include/px4_msgs/px4_msgs/msg/detail/event__struct.hpp\n'}
[5.907147] (px4_msgs) StdoutLine: {'line': b'-- Up-to-date: /home/pavel/ws_ros2/install/px4_msgs/include/px4_msgs/px4_msgs/msg/detail/gpio_out__traits.hpp\n'}
[5.907211] (px4_msgs) StdoutLine: {'line': b'-- Up-to-date: /home/pavel/ws_ros2/install/px4_msgs/include/px4_msgs/px4_msgs/msg/detail/manual_control_switches__type_support.hpp\n'}
[5.907272] (px4_msgs) StdoutLine: {'line': b'-- Up-to-date: /home/pavel/ws_ros2/install/px4_msgs/include/px4_msgs/px4_msgs/msg/detail/landing_target_innovations__builder.hpp\n'}
[5.907348] (px4_msgs) StdoutLine: {'line': b'-- Up-to-date: /home/pavel/ws_ros2/install/px4_msgs/include/px4_msgs/px4_msgs/msg/detail/gimbal_device_attitude_status__traits.hpp\n'}
[5.907410] (px4_msgs) StdoutLine: {'line': b'-- Up-to-date: /home/pavel/ws_ros2/install/px4_msgs/include/px4_msgs/px4_msgs/msg/detail/gimbal_manager_set_manual_control__struct.hpp\n'}
[5.907473] (px4_msgs) StdoutLine: {'line': b'-- Up-to-date: /home/pavel/ws_ros2/install/px4_msgs/include/px4_msgs/px4_msgs/msg/detail/vehicle_optical_flow__struct.hpp\n'}
[5.907535] (px4_msgs) StdoutLine: {'line': b'-- Up-to-date: /home/pavel/ws_ros2/install/px4_msgs/include/px4_msgs/px4_msgs/msg/detail/failure_detector_status__builder.hpp\n'}
[5.907596] (px4_msgs) StdoutLine: {'line': b'-- Up-to-date: /home/pavel/ws_ros2/install/px4_msgs/include/px4_msgs/px4_msgs/msg/detail/launch_detection_status__builder.hpp\n'}
[5.907659] (px4_msgs) StdoutLine: {'line': b'-- Up-to-date: /home/pavel/ws_ros2/install/px4_msgs/include/px4_msgs/px4_msgs/msg/detail/vehicle_local_position_setpoint__builder.hpp\n'}
[5.907722] (px4_msgs) StdoutLine: {'line': b'-- Up-to-date: /home/pavel/ws_ros2/install/px4_msgs/include/px4_msgs/px4_msgs/msg/detail/uavcan_parameter_value__traits.hpp\n'}
[5.907784] (px4_msgs) StdoutLine: {'line': b'-- Up-to-date: /home/pavel/ws_ros2/install/px4_msgs/include/px4_msgs/px4_msgs/msg/detail/gpio_in__builder.hpp\n'}
[5.907852] (px4_msgs) StdoutLine: {'line': b'-- Up-to-date: /home/pavel/ws_ros2/install/px4_msgs/include/px4_msgs/px4_msgs/msg/detail/button_event__struct.hpp\n'}
[5.907927] (px4_msgs) StdoutLine: {'line': b'-- Up-to-date: /home/pavel/ws_ros2/install/px4_msgs/include/px4_msgs/px4_msgs/msg/detail/rc_parameter_map__builder.hpp\n'}
[5.907991] (px4_msgs) StdoutLine: {'line': b'-- Up-to-date: /home/pavel/ws_ros2/install/px4_msgs/include/px4_msgs/px4_msgs/msg/detail/takeoff_status__builder.hpp\n'}
[5.908055] (px4_msgs) StdoutLine: {'line': b'-- Up-to-date: /home/pavel/ws_ros2/install/px4_msgs/include/px4_msgs/px4_msgs/msg/detail/gimbal_manager_set_attitude__type_support.hpp\n'}
[5.908118] (px4_msgs) StdoutLine: {'line': b'-- Up-to-date: /home/pavel/ws_ros2/install/px4_msgs/include/px4_msgs/px4_msgs/msg/detail/parameter_set_used_request__type_support.hpp\n'}
[5.908185] (px4_msgs) StdoutLine: {'line': b'-- Up-to-date: /home/pavel/ws_ros2/install/px4_msgs/include/px4_msgs/px4_msgs/msg/detail/estimator_bias__builder.hpp\n'}
[5.908249] (px4_msgs) StdoutLine: {'line': b'-- Up-to-date: /home/pavel/ws_ros2/install/px4_msgs/include/px4_msgs/px4_msgs/msg/detail/sensor_airflow__builder.hpp\n'}
[5.908312] (px4_msgs) StdoutLine: {'line': b'-- Up-to-date: /home/pavel/ws_ros2/install/px4_msgs/include/px4_msgs/px4_msgs/msg/detail/sensor_gyro_fifo__type_support.hpp\n'}
[5.908375] (px4_msgs) StdoutLine: {'line': b'-- Up-to-date: /home/pavel/ws_ros2/install/px4_msgs/include/px4_msgs/px4_msgs/msg/detail/gimbal_controls__traits.hpp\n'}
[5.908437] (px4_msgs) StdoutLine: {'line': b'-- Up-to-date: /home/pavel/ws_ros2/install/px4_msgs/include/px4_msgs/px4_msgs/msg/detail/parameter_update__traits.hpp\n'}
[5.908499] (px4_msgs) StdoutLine: {'line': b'-- Up-to-date: /home/pavel/ws_ros2/install/px4_msgs/include/px4_msgs/px4_msgs/msg/detail/vtol_vehicle_status__type_support.hpp\n'}
[5.908562] (px4_msgs) StdoutLine: {'line': b'-- Up-to-date: /home/pavel/ws_ros2/install/px4_msgs/include/px4_msgs/px4_msgs/msg/detail/tiltrotor_extra_controls__type_support.hpp\n'}
[5.908624] (px4_msgs) StdoutLine: {'line': b'-- Up-to-date: /home/pavel/ws_ros2/install/px4_msgs/include/px4_msgs/px4_msgs/msg/detail/vehicle_control_mode__struct.hpp\n'}
[5.908686] (px4_msgs) StdoutLine: {'line': b'-- Up-to-date: /home/pavel/ws_ros2/install/px4_msgs/include/px4_msgs/px4_msgs/msg/detail/rtl_time_estimate__traits.hpp\n'}
[5.908748] (px4_msgs) StdoutLine: {'line': b'-- Up-to-date: /home/pavel/ws_ros2/install/px4_msgs/include/px4_msgs/px4_msgs/msg/detail/orb_test_medium__type_support.hpp\n'}
[5.908811] (px4_msgs) StdoutLine: {'line': b'-- Up-to-date: /home/pavel/ws_ros2/install/px4_msgs/include/px4_msgs/px4_msgs/msg/detail/estimator_sensor_bias__builder.hpp\n'}
[5.908888] (px4_msgs) StdoutLine: {'line': b'-- Up-to-date: /home/pavel/ws_ros2/install/px4_msgs/include/px4_msgs/px4_msgs/msg/detail/npfg_status__struct.hpp\n'}
[5.908955] (px4_msgs) StdoutLine: {'line': b'-- Up-to-date: /home/pavel/ws_ros2/install/px4_msgs/include/px4_msgs/px4_msgs/msg/detail/estimator_event_flags__builder.hpp\n'}
[5.909018] (px4_msgs) StdoutLine: {'line': b'-- Up-to-date: /home/pavel/ws_ros2/install/px4_msgs/include/px4_msgs/px4_msgs/msg/detail/cellular_status__traits.hpp\n'}
[5.909080] (px4_msgs) StdoutLine: {'line': b'-- Up-to-date: /home/pavel/ws_ros2/install/px4_msgs/include/px4_msgs/px4_msgs/msg/detail/velocity_limits__type_support.hpp\n'}
[5.909150] (px4_msgs) StdoutLine: {'line': b'-- Up-to-date: /home/pavel/ws_ros2/install/px4_msgs/include/px4_msgs/px4_msgs/msg/detail/uavcan_parameter_value__struct.hpp\n'}
[5.909214] (px4_msgs) StdoutLine: {'line': b'-- Up-to-date: /home/pavel/ws_ros2/install/px4_msgs/include/px4_msgs/px4_msgs/msg/detail/orb_test_large__struct.hpp\n'}
[5.909277] (px4_msgs) StdoutLine: {'line': b'-- Up-to-date: /home/pavel/ws_ros2/install/px4_msgs/include/px4_msgs/px4_msgs/msg/detail/esc_report__type_support.hpp\n'}
[5.909340] (px4_msgs) StdoutLine: {'line': b'-- Up-to-date: /home/pavel/ws_ros2/install/px4_msgs/include/px4_msgs/px4_msgs/msg/detail/sensor_accel_fifo__struct.hpp\n'}
[5.909403] (px4_msgs) StdoutLine: {'line': b'-- Up-to-date: /home/pavel/ws_ros2/install/px4_msgs/include/px4_msgs/px4_msgs/msg/detail/debug_vect__type_support.hpp\n'}
[5.909466] (px4_msgs) StdoutLine: {'line': b'-- Up-to-date: /home/pavel/ws_ros2/install/px4_msgs/include/px4_msgs/px4_msgs/msg/detail/gimbal_device_information__type_support.hpp\n'}
[5.909529] (px4_msgs) StdoutLine: {'line': b'-- Up-to-date: /home/pavel/ws_ros2/install/px4_msgs/include/px4_msgs/px4_msgs/msg/detail/estimator_innovations__builder.hpp\n'}
[5.909591] (px4_msgs) StdoutLine: {'line': b'-- Up-to-date: /home/pavel/ws_ros2/install/px4_msgs/include/px4_msgs/px4_msgs/msg/detail/esc_report__traits.hpp\n'}
[5.909653] (px4_msgs) StdoutLine: {'line': b'-- Up-to-date: /home/pavel/ws_ros2/install/px4_msgs/include/px4_msgs/px4_msgs/msg/detail/goto_setpoint__builder.hpp\n'}
[5.909719] (px4_msgs) StdoutLine: {'line': b'-- Up-to-date: /home/pavel/ws_ros2/install/px4_msgs/include/px4_msgs/px4_msgs/msg/detail/qshell_retval__struct.hpp\n'}
[5.909782] (px4_msgs) StdoutLine: {'line': b'-- Up-to-date: /home/pavel/ws_ros2/install/px4_msgs/include/px4_msgs/px4_msgs/msg/detail/landing_target_pose__builder.hpp\n'}
[5.909850] (px4_msgs) StdoutLine: {'line': b'-- Up-to-date: /home/pavel/ws_ros2/install/px4_msgs/include/px4_msgs/px4_msgs/msg/detail/button_event__traits.hpp\n'}
[5.909922] (px4_msgs) StdoutLine: {'line': b'-- Up-to-date: /home/pavel/ws_ros2/install/px4_msgs/include/px4_msgs/px4_msgs/msg/detail/vehicle_angular_acceleration_setpoint__traits.hpp\n'}
[5.909985] (px4_msgs) StdoutLine: {'line': b'-- Up-to-date: /home/pavel/ws_ros2/install/px4_msgs/include/px4_msgs/px4_msgs/msg/detail/sensor_baro__struct.hpp\n'}
[5.910049] (px4_msgs) StdoutLine: {'line': b'-- Up-to-date: /home/pavel/ws_ros2/install/px4_msgs/include/px4_msgs/px4_msgs/msg/detail/vehicle_torque_setpoint__type_support.hpp\n'}
[5.910111] (px4_msgs) StdoutLine: {'line': b'-- Up-to-date: /home/pavel/ws_ros2/install/px4_msgs/include/px4_msgs/px4_msgs/msg/detail/orb_test__traits.hpp\n'}
[5.910174] (px4_msgs) StdoutLine: {'line': b'-- Up-to-date: /home/pavel/ws_ros2/install/px4_msgs/include/px4_msgs/px4_msgs/msg/detail/gpio_in__type_support.hpp\n'}
[5.910236] (px4_msgs) StdoutLine: {'line': b'-- Up-to-date: /home/pavel/ws_ros2/install/px4_msgs/include/px4_msgs/px4_msgs/msg/detail/rpm__type_support.hpp\n'}
[5.910298] (px4_msgs) StdoutLine: {'line': b'-- Up-to-date: /home/pavel/ws_ros2/install/px4_msgs/include/px4_msgs/px4_msgs/msg/detail/vehicle_acceleration__traits.hpp\n'}
[5.910361] (px4_msgs) StdoutLine: {'line': b'-- Up-to-date: /home/pavel/ws_ros2/install/px4_msgs/include/px4_msgs/px4_msgs/msg/detail/satellite_info__struct.hpp\n'}
[5.910423] (px4_msgs) StdoutLine: {'line': b'-- Up-to-date: /home/pavel/ws_ros2/install/px4_msgs/include/px4_msgs/px4_msgs/msg/detail/wind__traits.hpp\n'}
[5.910485] (px4_msgs) StdoutLine: {'line': b'-- Up-to-date: /home/pavel/ws_ros2/install/px4_msgs/include/px4_msgs/px4_msgs/msg/detail/battery_status__traits.hpp\n'}
[5.910548] (px4_msgs) StdoutLine: {'line': b'-- Up-to-date: /home/pavel/ws_ros2/install/px4_msgs/include/px4_msgs/px4_msgs/msg/detail/trajectory_bezier__type_support.hpp\n'}
[5.910611] (px4_msgs) StdoutLine: {'line': b'-- Up-to-date: /home/pavel/ws_ros2/install/px4_msgs/include/px4_msgs/px4_msgs/msg/detail/tecs_status__traits.hpp\n'}
[5.910673] (px4_msgs) StdoutLine: {'line': b'-- Up-to-date: /home/pavel/ws_ros2/install/px4_msgs/include/px4_msgs/px4_msgs/msg/detail/gimbal_device_information__struct.hpp\n'}
[5.910736] (px4_msgs) StdoutLine: {'line': b'-- Up-to-date: /home/pavel/ws_ros2/install/px4_msgs/include/px4_msgs/px4_msgs/msg/detail/failure_detector_status__struct.hpp\n'}
[5.910799] (px4_msgs) StdoutLine: {'line': b'-- Up-to-date: /home/pavel/ws_ros2/install/px4_msgs/include/px4_msgs/px4_msgs/msg/detail/vehicle_status__builder.hpp\n'}
[5.910871] (px4_msgs) StdoutLine: {'line': b'-- Up-to-date: /home/pavel/ws_ros2/install/px4_msgs/include/px4_msgs/px4_msgs/msg/detail/parameter_set_used_request__builder.hpp\n'}
[5.910945] (px4_msgs) StdoutLine: {'line': b'-- Up-to-date: /home/pavel/ws_ros2/install/px4_msgs/include/px4_msgs/px4_msgs/msg/detail/gpio_request__type_support.hpp\n'}
[5.911010] (px4_msgs) StdoutLine: {'line': b'-- Up-to-date: /home/pavel/ws_ros2/install/px4_msgs/include/px4_msgs/px4_msgs/msg/detail/landing_gear_wheel__type_support.hpp\n'}
[5.911073] (px4_msgs) StdoutLine: {'line': b'-- Up-to-date: /home/pavel/ws_ros2/install/px4_msgs/include/px4_msgs/px4_msgs/msg/detail/trajectory_waypoint__type_support.hpp\n'}
[5.911136] (px4_msgs) StdoutLine: {'line': b'-- Up-to-date: /home/pavel/ws_ros2/install/px4_msgs/include/px4_msgs/px4_msgs/msg/detail/manual_control_switches__builder.hpp\n'}
[5.911199] (px4_msgs) StdoutLine: {'line': b'-- Up-to-date: /home/pavel/ws_ros2/install/px4_msgs/include/px4_msgs/px4_msgs/msg/detail/fuel_tank_status__struct.hpp\n'}
[5.911265] (px4_msgs) StdoutLine: {'line': b'-- Up-to-date: /home/pavel/ws_ros2/install/px4_msgs/include/px4_msgs/px4_msgs/msg/detail/sensor_optical_flow__type_support.hpp\n'}
[5.911351] (px4_msgs) StdoutLine: {'line': b'-- Up-to-date: /home/pavel/ws_ros2/install/px4_msgs/include/px4_msgs/px4_msgs/msg/detail/vehicle_air_data__builder.hpp\n'}
[5.911415] (px4_msgs) StdoutLine: {'line': b'-- Up-to-date: /home/pavel/ws_ros2/install/px4_msgs/include/px4_msgs/px4_msgs/msg/detail/mavlink_tunnel__builder.hpp\n'}
[5.911480] (px4_msgs) StdoutLine: {'line': b'-- Up-to-date: /home/pavel/ws_ros2/install/px4_msgs/include/px4_msgs/px4_msgs/msg/detail/tune_control__struct.hpp\n'}
[5.911544] (px4_msgs) StdoutLine: {'line': b'-- Up-to-date: /home/pavel/ws_ros2/install/px4_msgs/include/px4_msgs/px4_msgs/msg/detail/vehicle_acceleration__type_support.hpp\n'}
[5.911609] (px4_msgs) StdoutLine: {'line': b'-- Up-to-date: /home/pavel/ws_ros2/install/px4_msgs/include/px4_msgs/px4_msgs/msg/detail/wind__type_support.hpp\n'}
[5.911673] (px4_msgs) StdoutLine: {'line': b'-- Up-to-date: /home/pavel/ws_ros2/install/px4_msgs/include/px4_msgs/px4_msgs/msg/detail/airspeed_wind__builder.hpp\n'}
[5.911738] (px4_msgs) StdoutLine: {'line': b'-- Up-to-date: /home/pavel/ws_ros2/install/px4_msgs/include/px4_msgs/px4_msgs/msg/detail/transponder_report__traits.hpp\n'}
[5.911803] (px4_msgs) StdoutLine: {'line': b'-- Up-to-date: /home/pavel/ws_ros2/install/px4_msgs/include/px4_msgs/px4_msgs/msg/detail/led_control__builder.hpp\n'}
[5.911882] (px4_msgs) StdoutLine: {'line': b'-- Up-to-date: /home/pavel/ws_ros2/install/px4_msgs/include/px4_msgs/px4_msgs/msg/detail/actuator_controls_status__struct.hpp\n'}
[5.911955] (px4_msgs) StdoutLine: {'line': b'-- Up-to-date: /home/pavel/ws_ros2/install/px4_msgs/include/px4_msgs/px4_msgs/msg/detail/actuator_servos__struct.hpp\n'}
[5.912020] (px4_msgs) StdoutLine: {'line': b'-- Up-to-date: /home/pavel/ws_ros2/install/px4_msgs/include/px4_msgs/px4_msgs/msg/detail/sensor_accel__type_support.hpp\n'}
[5.912085] (px4_msgs) StdoutLine: {'line': b'-- Up-to-date: /home/pavel/ws_ros2/install/px4_msgs/include/px4_msgs/px4_msgs/msg/detail/debug_array__type_support.hpp\n'}
[5.912150] (px4_msgs) StdoutLine: {'line': b'-- Up-to-date: /home/pavel/ws_ros2/install/px4_msgs/include/px4_msgs/px4_msgs/msg/detail/px4io_status__traits.hpp\n'}
[5.912215] (px4_msgs) StdoutLine: {'line': b'-- Up-to-date: /home/pavel/ws_ros2/install/px4_msgs/include/px4_msgs/px4_msgs/msg/detail/vehicle_acceleration__builder.hpp\n'}
[5.912279] (px4_msgs) StdoutLine: {'line': b'-- Up-to-date: /home/pavel/ws_ros2/install/px4_msgs/include/px4_msgs/px4_msgs/msg/detail/gps_inject_data__builder.hpp\n'}
[5.912344] (px4_msgs) StdoutLine: {'line': b'-- Up-to-date: /home/pavel/ws_ros2/install/px4_msgs/include/px4_msgs/px4_msgs/msg/detail/mavlink_log__traits.hpp\n'}
[5.912409] (px4_msgs) StdoutLine: {'line': b'-- Up-to-date: /home/pavel/ws_ros2/install/px4_msgs/include/px4_msgs/px4_msgs/msg/detail/differential_drive_setpoint__type_support.hpp\n'}
[5.912474] (px4_msgs) StdoutLine: {'line': b'-- Up-to-date: /home/pavel/ws_ros2/install/px4_msgs/include/px4_msgs/px4_msgs/msg/detail/vehicle_command__builder.hpp\n'}
[5.912538] (px4_msgs) StdoutLine: {'line': b'-- Up-to-date: /home/pavel/ws_ros2/install/px4_msgs/include/px4_msgs/px4_msgs/msg/detail/orbit_status__traits.hpp\n'}
[5.912603] (px4_msgs) StdoutLine: {'line': b'-- Up-to-date: /home/pavel/ws_ros2/install/px4_msgs/include/px4_msgs/px4_msgs/msg/detail/adc_report__builder.hpp\n'}
[5.912667] (px4_msgs) StdoutLine: {'line': b'-- Up-to-date: /home/pavel/ws_ros2/install/px4_msgs/include/px4_msgs/px4_msgs/msg/detail/gripper__builder.hpp\n'}
[5.912732] (px4_msgs) StdoutLine: {'line': b'-- Up-to-date: /home/pavel/ws_ros2/install/px4_msgs/include/px4_msgs/px4_msgs/msg/detail/vehicle_thrust_setpoint__type_support.hpp\n'}
[5.912796] (px4_msgs) StdoutLine: {'line': b'-- Up-to-date: /home/pavel/ws_ros2/install/px4_msgs/include/px4_msgs/px4_msgs/msg/detail/position_controller_landing_status__struct.hpp\n'}
[5.912872] (px4_msgs) StdoutLine: {'line': b'-- Up-to-date: /home/pavel/ws_ros2/install/px4_msgs/include/px4_msgs/px4_msgs/msg/detail/gimbal_controls__type_support.hpp\n'}
[5.912949] (px4_msgs) StdoutLine: {'line': b'-- Up-to-date: /home/pavel/ws_ros2/install/px4_msgs/include/px4_msgs/px4_msgs/msg/detail/actuator_test__builder.hpp\n'}
[5.913019] (px4_msgs) StdoutLine: {'line': b'-- Up-to-date: /home/pavel/ws_ros2/install/px4_msgs/include/px4_msgs/px4_msgs/msg/detail/follow_target_estimator__traits.hpp\n'}
[5.913084] (px4_msgs) StdoutLine: {'line': b'-- Up-to-date: /home/pavel/ws_ros2/install/px4_msgs/include/px4_msgs/px4_msgs/msg/detail/cpuload__type_support.hpp\n'}
[5.913149] (px4_msgs) StdoutLine: {'line': b'-- Up-to-date: /home/pavel/ws_ros2/install/px4_msgs/include/px4_msgs/px4_msgs/msg/detail/landing_gear_wheel__traits.hpp\n'}
[5.913213] (px4_msgs) StdoutLine: {'line': b'-- Up-to-date: /home/pavel/ws_ros2/install/px4_msgs/include/px4_msgs/px4_msgs/msg/detail/vehicle_angular_acceleration_setpoint__builder.hpp\n'}
[5.913277] (px4_msgs) StdoutLine: {'line': b'-- Up-to-date: /home/pavel/ws_ros2/install/px4_msgs/include/px4_msgs/px4_msgs/msg/detail/generator_status__struct.hpp\n'}
[5.913342] (px4_msgs) StdoutLine: {'line': b'-- Up-to-date: /home/pavel/ws_ros2/install/px4_msgs/include/px4_msgs/px4_msgs/msg/detail/follow_target__traits.hpp\n'}
[5.913407] (px4_msgs) StdoutLine: {'line': b'-- Up-to-date: /home/pavel/ws_ros2/install/px4_msgs/include/px4_msgs/px4_msgs/msg/detail/buffer128__struct.hpp\n'}
[5.913472] (px4_msgs) StdoutLine: {'line': b'-- Up-to-date: /home/pavel/ws_ros2/install/px4_msgs/include/px4_msgs/px4_msgs/msg/detail/actuator_servos_trim__builder.hpp\n'}
[5.913536] (px4_msgs) StdoutLine: {'line': b'-- Up-to-date: /home/pavel/ws_ros2/install/px4_msgs/include/px4_msgs/px4_msgs/msg/detail/message_format_response__struct.hpp\n'}
[5.913608] (px4_msgs) StdoutLine: {'line': b'-- Up-to-date: /home/pavel/ws_ros2/install/px4_msgs/include/px4_msgs/px4_msgs/msg/detail/vehicle_air_data__struct.hpp\n'}
[5.913673] (px4_msgs) StdoutLine: {'line': b'-- Up-to-date: /home/pavel/ws_ros2/install/px4_msgs/include/px4_msgs/px4_msgs/msg/detail/autotune_attitude_control_status__type_support.hpp\n'}
[5.913737] (px4_msgs) StdoutLine: {'line': b'-- Up-to-date: /home/pavel/ws_ros2/install/px4_msgs/include/px4_msgs/px4_msgs/msg/detail/vehicle_local_position__type_support.hpp\n'}
[5.913801] (px4_msgs) StdoutLine: {'line': b'-- Up-to-date: /home/pavel/ws_ros2/install/px4_msgs/include/px4_msgs/px4_msgs/msg/detail/vehicle_rates_setpoint__type_support.hpp\n'}
[5.913875] (px4_msgs) StdoutLine: {'line': b'-- Up-to-date: /home/pavel/ws_ros2/install/px4_msgs/include/px4_msgs/px4_msgs/msg/detail/home_position__traits.hpp\n'}
[5.913946] (px4_msgs) StdoutLine: {'line': b'-- Up-to-date: /home/pavel/ws_ros2/install/px4_msgs/include/px4_msgs/px4_msgs/msg/detail/normalized_unsigned_setpoint__struct.hpp\n'}
[5.914010] (px4_msgs) StdoutLine: {'line': b'-- Up-to-date: /home/pavel/ws_ros2/install/px4_msgs/include/px4_msgs/px4_msgs/msg/detail/gps_dump__type_support.hpp\n'}
[5.914074] (px4_msgs) StdoutLine: {'line': b'-- Up-to-date: /home/pavel/ws_ros2/install/px4_msgs/include/px4_msgs/px4_msgs/msg/detail/estimator_aid_source2d__type_support.hpp\n'}
[5.914138] (px4_msgs) StdoutLine: {'line': b'-- Up-to-date: /home/pavel/ws_ros2/install/px4_msgs/include/px4_msgs/px4_msgs/msg/detail/estimator_aid_source2d__builder.hpp\n'}
[5.914202] (px4_msgs) StdoutLine: {'line': b'-- Up-to-date: /home/pavel/ws_ros2/install/px4_msgs/include/px4_msgs/px4_msgs/msg/detail/rc_parameter_map__struct.hpp\n'}
[5.914267] (px4_msgs) StdoutLine: {'line': b'-- Up-to-date: /home/pavel/ws_ros2/install/px4_msgs/include/px4_msgs/px4_msgs/msg/detail/estimator_gps_status__struct.hpp\n'}
[5.914331] (px4_msgs) StdoutLine: {'line': b'-- Up-to-date: /home/pavel/ws_ros2/install/px4_msgs/include/px4_msgs/px4_msgs/msg/detail/vehicle_odometry__struct.hpp\n'}
[5.914395] (px4_msgs) StdoutLine: {'line': b'-- Up-to-date: /home/pavel/ws_ros2/install/px4_msgs/include/px4_msgs/px4_msgs/msg/detail/sensors_status_imu__builder.hpp\n'}
[5.914464] (px4_msgs) StdoutLine: {'line': b'-- Up-to-date: /home/pavel/ws_ros2/install/px4_msgs/include/px4_msgs/px4_msgs/msg/detail/event__traits.hpp\n'}
[5.914529] (px4_msgs) StdoutLine: {'line': b'-- Up-to-date: /home/pavel/ws_ros2/install/px4_msgs/include/px4_msgs/px4_msgs/msg/detail/ulog_stream_ack__builder.hpp\n'}
[5.914592] (px4_msgs) StdoutLine: {'line': b'-- Up-to-date: /home/pavel/ws_ros2/install/px4_msgs/include/px4_msgs/px4_msgs/msg/detail/distance_sensor__traits.hpp\n'}
[5.914657] (px4_msgs) StdoutLine: {'line': b'-- Up-to-date: /home/pavel/ws_ros2/install/px4_msgs/include/px4_msgs/px4_msgs/msg/detail/sensor_baro__traits.hpp\n'}
[5.914720] (px4_msgs) StdoutLine: {'line': b'-- Up-to-date: /home/pavel/ws_ros2/install/px4_msgs/include/px4_msgs/px4_msgs/msg/detail/flight_phase_estimation__type_support.hpp\n'}
[5.914785] (px4_msgs) StdoutLine: {'line': b'-- Up-to-date: /home/pavel/ws_ros2/install/px4_msgs/include/px4_msgs/px4_msgs/msg/detail/follow_target__struct.hpp\n'}
[5.914854] (px4_msgs) StdoutLine: {'line': b'-- Up-to-date: /home/pavel/ws_ros2/install/px4_msgs/include/px4_msgs/px4_msgs/msg/detail/arming_check_reply__traits.hpp\n'}
[5.914927] (px4_msgs) StdoutLine: {'line': b'-- Up-to-date: /home/pavel/ws_ros2/install/px4_msgs/include/px4_msgs/px4_msgs/msg/detail/vehicle_imu__builder.hpp\n'}
[5.914992] (px4_msgs) StdoutLine: {'line': b'-- Up-to-date: /home/pavel/ws_ros2/install/px4_msgs/include/px4_msgs/px4_msgs/msg/detail/can_interface_status__builder.hpp\n'}
[5.915056] (px4_msgs) StdoutLine: {'line': b'-- Up-to-date: /home/pavel/ws_ros2/install/px4_msgs/include/px4_msgs/px4_msgs/msg/detail/message_format_request__type_support.hpp\n'}
[5.915125] (px4_msgs) StdoutLine: {'line': b'-- Up-to-date: /home/pavel/ws_ros2/install/px4_msgs/include/px4_msgs/px4_msgs/msg/detail/message_format_request__builder.hpp\n'}
[5.915191] (px4_msgs) StdoutLine: {'line': b'-- Up-to-date: /home/pavel/ws_ros2/install/px4_msgs/include/px4_msgs/px4_msgs/msg/detail/yaw_estimator_status__builder.hpp\n'}
[5.915259] (px4_msgs) StdoutLine: {'line': b'-- Up-to-date: /home/pavel/ws_ros2/install/px4_msgs/include/px4_msgs/px4_msgs/msg/detail/mag_worker_data__builder.hpp\n'}
[5.915337] (px4_msgs) StdoutLine: {'line': b'-- Up-to-date: /home/pavel/ws_ros2/install/px4_msgs/include/px4_msgs/px4_msgs/msg/detail/qshell_req__type_support.hpp\n'}
[5.915398] (px4_msgs) StdoutLine: {'line': b'-- Up-to-date: /home/pavel/ws_ros2/install/px4_msgs/include/px4_msgs/px4_msgs/msg/detail/vehicle_optical_flow__builder.hpp\n'}
[5.915459] (px4_msgs) StdoutLine: {'line': b'-- Up-to-date: /home/pavel/ws_ros2/install/px4_msgs/include/px4_msgs/px4_msgs/msg/detail/estimator_status_flags__builder.hpp\n'}
[5.915519] (px4_msgs) StdoutLine: {'line': b'-- Up-to-date: /home/pavel/ws_ros2/install/px4_msgs/include/px4_msgs/px4_msgs/msg/detail/parameter_reset_request__builder.hpp\n'}
[5.915579] (px4_msgs) StdoutLine: {'line': b'-- Up-to-date: /home/pavel/ws_ros2/install/px4_msgs/include/px4_msgs/px4_msgs/msg/detail/rpm__traits.hpp\n'}
[5.915639] (px4_msgs) StdoutLine: {'line': b'-- Up-to-date: /home/pavel/ws_ros2/install/px4_msgs/include/px4_msgs/px4_msgs/msg/detail/estimator_selector_status__traits.hpp\n'}
[5.915700] (px4_msgs) StdoutLine: {'line': b'-- Up-to-date: /home/pavel/ws_ros2/install/px4_msgs/include/px4_msgs/px4_msgs/msg/detail/orb_test__type_support.hpp\n'}
[5.915768] (px4_msgs) StdoutLine: {'line': b'-- Up-to-date: /home/pavel/ws_ros2/install/px4_msgs/include/px4_msgs/px4_msgs/msg/detail/differential_drive_setpoint__builder.hpp\n'}
[5.915829] (px4_msgs) StdoutLine: {'line': b'-- Up-to-date: /home/pavel/ws_ros2/install/px4_msgs/include/px4_msgs/px4_msgs/msg/detail/can_interface_status__struct.hpp\n'}
[5.915901] (px4_msgs) StdoutLine: {'line': b'-- Up-to-date: /home/pavel/ws_ros2/install/px4_msgs/include/px4_msgs/px4_msgs/msg/detail/gps_dump__builder.hpp\n'}
[5.915965] (px4_msgs) StdoutLine: {'line': b'-- Up-to-date: /home/pavel/ws_ros2/install/px4_msgs/include/px4_msgs/px4_msgs/msg/detail/estimator_aid_source3d__type_support.hpp\n'}
[5.916026] (px4_msgs) StdoutLine: {'line': b'-- Up-to-date: /home/pavel/ws_ros2/install/px4_msgs/include/px4_msgs/px4_msgs/msg/detail/telemetry_status__type_support.hpp\n'}
[5.916090] (px4_msgs) StdoutLine: {'line': b'-- Up-to-date: /home/pavel/ws_ros2/install/px4_msgs/include/px4_msgs/px4_msgs/msg/detail/yaw_estimator_status__traits.hpp\n'}
[5.916151] (px4_msgs) StdoutLine: {'line': b'-- Up-to-date: /home/pavel/ws_ros2/install/px4_msgs/include/px4_msgs/px4_msgs/msg/detail/vehicle_roi__type_support.hpp\n'}
[5.916215] (px4_msgs) StdoutLine: {'line': b'-- Up-to-date: /home/pavel/ws_ros2/install/px4_msgs/include/px4_msgs/px4_msgs/msg/detail/trajectory_setpoint__struct.hpp\n'}
[5.916291] (px4_msgs) StdoutLine: {'line': b'-- Up-to-date: /home/pavel/ws_ros2/install/px4_msgs/include/px4_msgs/px4_msgs/msg/detail/sensor_correction__traits.hpp\n'}
[5.916353] (px4_msgs) StdoutLine: {'line': b'-- Up-to-date: /home/pavel/ws_ros2/install/px4_msgs/include/px4_msgs/px4_msgs/msg/detail/collision_report__traits.hpp\n'}
[5.916415] (px4_msgs) StdoutLine: {'line': b'-- Up-to-date: /home/pavel/ws_ros2/install/px4_msgs/include/px4_msgs/px4_msgs/msg/detail/hover_thrust_estimate__traits.hpp\n'}
[5.916478] (px4_msgs) StdoutLine: {'line': b'-- Up-to-date: /home/pavel/ws_ros2/install/px4_msgs/include/px4_msgs/px4_msgs/msg/detail/telemetry_status__traits.hpp\n'}
[5.916540] (px4_msgs) StdoutLine: {'line': b'-- Up-to-date: /home/pavel/ws_ros2/install/px4_msgs/include/px4_msgs/px4_msgs/msg/detail/rc_channels__struct.hpp\n'}
[5.916602] (px4_msgs) StdoutLine: {'line': b'-- Up-to-date: /home/pavel/ws_ros2/install/px4_msgs/include/px4_msgs/px4_msgs/msg/detail/message_format_response__traits.hpp\n'}
[5.916665] (px4_msgs) StdoutLine: {'line': b'-- Up-to-date: /home/pavel/ws_ros2/install/px4_msgs/include/px4_msgs/px4_msgs/msg/detail/estimator_selector_status__type_support.hpp\n'}
[5.916727] (px4_msgs) StdoutLine: {'line': b'-- Up-to-date: /home/pavel/ws_ros2/install/px4_msgs/include/px4_msgs/px4_msgs/msg/detail/config_overrides__type_support.hpp\n'}
[5.916789] (px4_msgs) StdoutLine: {'line': b'-- Up-to-date: /home/pavel/ws_ros2/install/px4_msgs/include/px4_msgs/px4_msgs/msg/detail/action_request__struct.hpp\n'}
[5.916860] (px4_msgs) StdoutLine: {'line': b'-- Up-to-date: /home/pavel/ws_ros2/install/px4_msgs/include/px4_msgs/px4_msgs/msg/detail/sensor_baro__type_support.hpp\n'}
[5.916933] (px4_msgs) StdoutLine: {'line': b'-- Up-to-date: /home/pavel/ws_ros2/install/px4_msgs/include/px4_msgs/px4_msgs/msg/detail/follow_target_estimator__struct.hpp\n'}
[5.916995] (px4_msgs) StdoutLine: {'line': b'-- Up-to-date: /home/pavel/ws_ros2/install/px4_msgs/include/px4_msgs/px4_msgs/msg/detail/pwm_input__builder.hpp\n'}
[5.917057] (px4_msgs) StdoutLine: {'line': b'-- Up-to-date: /home/pavel/ws_ros2/install/px4_msgs/include/px4_msgs/px4_msgs/msg/detail/actuator_servos_trim__traits.hpp\n'}
[5.917124] (px4_msgs) StdoutLine: {'line': b'-- Up-to-date: /home/pavel/ws_ros2/install/px4_msgs/include/px4_msgs/px4_msgs/msg/detail/gimbal_device_attitude_status__builder.hpp\n'}
[5.917187] (px4_msgs) StdoutLine: {'line': b'-- Up-to-date: /home/pavel/ws_ros2/install/px4_msgs/include/px4_msgs/px4_msgs/msg/detail/sensor_gyro_fifo__traits.hpp\n'}
[5.917249] (px4_msgs) StdoutLine: {'line': b'-- Up-to-date: /home/pavel/ws_ros2/install/px4_msgs/include/px4_msgs/px4_msgs/msg/detail/vtol_vehicle_status__traits.hpp\n'}
[5.917312] (px4_msgs) StdoutLine: {'line': b'-- Up-to-date: /home/pavel/ws_ros2/install/px4_msgs/include/px4_msgs/px4_msgs/msg/detail/vehicle_control_mode__traits.hpp\n'}
[5.917374] (px4_msgs) StdoutLine: {'line': b'-- Up-to-date: /home/pavel/ws_ros2/install/px4_msgs/include/px4_msgs/px4_msgs/msg/detail/orb_test_medium__traits.hpp\n'}
[5.917436] (px4_msgs) StdoutLine: {'line': b'-- Up-to-date: /home/pavel/ws_ros2/install/px4_msgs/include/px4_msgs/px4_msgs/msg/detail/gimbal_manager_status__type_support.hpp\n'}
[5.917498] (px4_msgs) StdoutLine: {'line': b'-- Up-to-date: /home/pavel/ws_ros2/install/px4_msgs/include/px4_msgs/px4_msgs/msg/detail/uavcan_parameter_value__type_support.hpp\n'}
[5.917561] (px4_msgs) StdoutLine: {'line': b'-- Up-to-date: /home/pavel/ws_ros2/install/px4_msgs/include/px4_msgs/px4_msgs/msg/detail/landing_gear__type_support.hpp\n'}
[5.917628] (px4_msgs) StdoutLine: {'line': b'-- Up-to-date: /home/pavel/ws_ros2/install/px4_msgs/include/px4_msgs/px4_msgs/msg/detail/magnetometer_bias_estimate__traits.hpp\n'}
[5.917691] (px4_msgs) StdoutLine: {'line': b'-- Up-to-date: /home/pavel/ws_ros2/install/px4_msgs/include/px4_msgs/px4_msgs/msg/detail/pwm_input__type_support.hpp\n'}
[5.917754] (px4_msgs) StdoutLine: {'line': b'-- Up-to-date: /home/pavel/ws_ros2/install/px4_msgs/include/px4_msgs/px4_msgs/msg/detail/heater_status__builder.hpp\n'}
[5.917817] (px4_msgs) StdoutLine: {'line': b'-- Up-to-date: /home/pavel/ws_ros2/install/px4_msgs/include/px4_msgs/px4_msgs/msg/detail/sensor_mag__builder.hpp\n'}
[5.917894] (px4_msgs) StdoutLine: {'line': b'-- Up-to-date: /home/pavel/ws_ros2/install/px4_msgs/include/px4_msgs/px4_msgs/msg/detail/config_overrides__builder.hpp\n'}
[5.917969] (px4_msgs) StdoutLine: {'line': b'-- Up-to-date: /home/pavel/ws_ros2/install/px4_msgs/include/px4_msgs/px4_msgs/msg/detail/led_control__type_support.hpp\n'}
[5.918032] (px4_msgs) StdoutLine: {'line': b'-- Up-to-date: /home/pavel/ws_ros2/install/px4_msgs/include/px4_msgs/px4_msgs/msg/detail/geofence_result__type_support.hpp\n'}
[5.918095] (px4_msgs) StdoutLine: {'line': b'-- Up-to-date: /home/pavel/ws_ros2/install/px4_msgs/include/px4_msgs/px4_msgs/msg/detail/gps_inject_data__traits.hpp\n'}
[5.918157] (px4_msgs) StdoutLine: {'line': b'-- Up-to-date: /home/pavel/ws_ros2/install/px4_msgs/include/px4_msgs/px4_msgs/msg/detail/arming_check_request__builder.hpp\n'}
[5.918220] (px4_msgs) StdoutLine: {'line': b'-- Up-to-date: /home/pavel/ws_ros2/install/px4_msgs/include/px4_msgs/px4_msgs/msg/detail/buffer128__type_support.hpp\n'}
[5.918282] (px4_msgs) StdoutLine: {'line': b'-- Up-to-date: /home/pavel/ws_ros2/install/px4_msgs/include/px4_msgs/px4_msgs/msg/detail/qshell_req__builder.hpp\n'}
[5.918344] (px4_msgs) StdoutLine: {'line': b'-- Up-to-date: /home/pavel/ws_ros2/install/px4_msgs/include/px4_msgs/px4_msgs/msg/detail/vehicle_status__traits.hpp\n'}
[5.918406] (px4_msgs) StdoutLine: {'line': b'-- Up-to-date: /home/pavel/ws_ros2/install/px4_msgs/include/px4_msgs/px4_msgs/msg/detail/actuator_outputs__builder.hpp\n'}
[5.918469] (px4_msgs) StdoutLine: {'line': b'-- Up-to-date: /home/pavel/ws_ros2/install/px4_msgs/include/px4_msgs/px4_msgs/msg/detail/rover_ackermann_guidance_status__struct.hpp\n'}
[5.918532] (px4_msgs) StdoutLine: {'line': b'-- Up-to-date: /home/pavel/ws_ros2/install/px4_msgs/include/px4_msgs/px4_msgs/msg/detail/vehicle_imu__type_support.hpp\n'}
[5.918594] (px4_msgs) StdoutLine: {'line': b'-- Up-to-date: /home/pavel/ws_ros2/install/px4_msgs/include/px4_msgs/px4_msgs/msg/detail/collision_report__struct.hpp\n'}
[5.918656] (px4_msgs) StdoutLine: {'line': b'-- Up-to-date: /home/pavel/ws_ros2/install/px4_msgs/include/px4_msgs/px4_msgs/msg/detail/vehicle_imu__traits.hpp\n'}
[5.918719] (px4_msgs) StdoutLine: {'line': b'-- Up-to-date: /home/pavel/ws_ros2/install/px4_msgs/include/px4_msgs/px4_msgs/msg/detail/parameter_set_used_request__traits.hpp\n'}
[5.918781] (px4_msgs) StdoutLine: {'line': b'-- Up-to-date: /home/pavel/ws_ros2/install/px4_msgs/include/px4_msgs/px4_msgs/msg/detail/vehicle_global_position__traits.hpp\n'}
[5.918844] (px4_msgs) StdoutLine: {'line': b'-- Up-to-date: /home/pavel/ws_ros2/install/px4_msgs/include/px4_msgs/px4_msgs/msg/detail/mag_worker_data__struct.hpp\n'}
[5.918920] (px4_msgs) StdoutLine: {'line': b'-- Up-to-date: /home/pavel/ws_ros2/install/px4_msgs/include/px4_msgs/px4_msgs/msg/detail/estimator_event_flags__traits.hpp\n'}
[5.918983] (px4_msgs) StdoutLine: {'line': b'-- Up-to-date: /home/pavel/ws_ros2/install/px4_msgs/include/px4_msgs/px4_msgs/msg/detail/mission__traits.hpp\n'}
[5.919045] (px4_msgs) StdoutLine: {'line': b'-- Up-to-date: /home/pavel/ws_ros2/install/px4_msgs/include/px4_msgs/px4_msgs/msg/detail/task_stack_info__type_support.hpp\n'}
[5.919108] (px4_msgs) StdoutLine: {'line': b'-- Up-to-date: /home/pavel/ws_ros2/install/px4_msgs/include/px4_msgs/px4_msgs/msg/detail/register_ext_component_reply__traits.hpp\n'}
[5.919178] (px4_msgs) StdoutLine: {'line': b'-- Up-to-date: /home/pavel/ws_ros2/install/px4_msgs/include/px4_msgs/px4_msgs/msg/detail/gimbal_device_information__builder.hpp\n'}
[5.919241] (px4_msgs) StdoutLine: {'line': b'-- Up-to-date: /home/pavel/ws_ros2/install/px4_msgs/include/px4_msgs/px4_msgs/msg/detail/debug_array__struct.hpp\n'}
[5.919304] (px4_msgs) StdoutLine: {'line': b'-- Up-to-date: /home/pavel/ws_ros2/install/px4_msgs/include/px4_msgs/px4_msgs/msg/detail/rover_ackermann_guidance_status__builder.hpp\n'}
[5.919367] (px4_msgs) StdoutLine: {'line': b'-- Up-to-date: /home/pavel/ws_ros2/install/px4_msgs/include/px4_msgs/px4_msgs/msg/detail/pps_capture__traits.hpp\n'}
[5.919430] (px4_msgs) StdoutLine: {'line': b'-- Up-to-date: /home/pavel/ws_ros2/install/px4_msgs/include/px4_msgs/px4_msgs/msg/detail/camera_capture__type_support.hpp\n'}
[5.919492] (px4_msgs) StdoutLine: {'line': b'-- Up-to-date: /home/pavel/ws_ros2/install/px4_msgs/include/px4_msgs/px4_msgs/msg/detail/sensor_hygrometer__traits.hpp\n'}
[5.919554] (px4_msgs) StdoutLine: {'line': b'-- Up-to-date: /home/pavel/ws_ros2/install/px4_msgs/include/px4_msgs/px4_msgs/msg/detail/actuator_servos__traits.hpp\n'}
[5.919616] (px4_msgs) StdoutLine: {'line': b'-- Up-to-date: /home/pavel/ws_ros2/install/px4_msgs/include/px4_msgs/px4_msgs/msg/detail/estimator_event_flags__type_support.hpp\n'}
[5.919678] (px4_msgs) StdoutLine: {'line': b'-- Up-to-date: /home/pavel/ws_ros2/install/px4_msgs/include/px4_msgs/px4_msgs/msg/detail/action_request__traits.hpp\n'}
[5.919740] (px4_msgs) StdoutLine: {'line': b'-- Up-to-date: /home/pavel/ws_ros2/install/px4_msgs/include/px4_msgs/px4_msgs/msg/detail/vehicle_land_detected__builder.hpp\n'}
[5.919802] (px4_msgs) StdoutLine: {'line': b'-- Up-to-date: /home/pavel/ws_ros2/install/px4_msgs/include/px4_msgs/px4_msgs/msg/detail/sensor_hygrometer__type_support.hpp\n'}
[5.919875] (px4_msgs) StdoutLine: {'line': b'-- Up-to-date: /home/pavel/ws_ros2/install/px4_msgs/include/px4_msgs/px4_msgs/msg/detail/gps_inject_data__type_support.hpp\n'}
[5.919956] (px4_msgs) StdoutLine: {'line': b'-- Up-to-date: /home/pavel/ws_ros2/install/px4_msgs/include/px4_msgs/px4_msgs/msg/detail/gpio_out__type_support.hpp\n'}
[5.920020] (px4_msgs) StdoutLine: {'line': b'-- Up-to-date: /home/pavel/ws_ros2/install/px4_msgs/include/px4_msgs/px4_msgs/msg/detail/message_format_request__struct.hpp\n'}
[5.920082] (px4_msgs) StdoutLine: {'line': b'-- Up-to-date: /home/pavel/ws_ros2/install/px4_msgs/include/px4_msgs/px4_msgs/msg/detail/sensor_combined__builder.hpp\n'}
[5.920151] (px4_msgs) StdoutLine: {'line': b'-- Up-to-date: /home/pavel/ws_ros2/install/px4_msgs/include/px4_msgs/px4_msgs/msg/detail/orb_test_large__builder.hpp\n'}
[5.920213] (px4_msgs) StdoutLine: {'line': b'-- Up-to-date: /home/pavel/ws_ros2/install/px4_msgs/include/px4_msgs/px4_msgs/msg/detail/vehicle_control_mode__builder.hpp\n'}
[5.920275] (px4_msgs) StdoutLine: {'line': b'-- Up-to-date: /home/pavel/ws_ros2/install/px4_msgs/include/px4_msgs/px4_msgs/msg/detail/autotune_attitude_control_status__traits.hpp\n'}
[5.920338] (px4_msgs) StdoutLine: {'line': b'-- Up-to-date: /home/pavel/ws_ros2/install/px4_msgs/include/px4_msgs/px4_msgs/msg/detail/home_position__struct.hpp\n'}
[5.920399] (px4_msgs) StdoutLine: {'line': b'-- Up-to-date: /home/pavel/ws_ros2/install/px4_msgs/include/px4_msgs/px4_msgs/msg/detail/estimator_states__struct.hpp\n'}
[5.920460] (px4_msgs) StdoutLine: {'line': b'-- Up-to-date: /home/pavel/ws_ros2/install/px4_msgs/include/px4_msgs/px4_msgs/msg/detail/cpuload__traits.hpp\n'}
[5.920522] (px4_msgs) StdoutLine: {'line': b'-- Up-to-date: /home/pavel/ws_ros2/install/px4_msgs/include/px4_msgs/px4_msgs/msg/detail/adc_report__traits.hpp\n'}
[5.920584] (px4_msgs) StdoutLine: {'line': b'-- Up-to-date: /home/pavel/ws_ros2/install/px4_msgs/include/px4_msgs/px4_msgs/msg/detail/estimator_gps_status__traits.hpp\n'}
[5.920646] (px4_msgs) StdoutLine: {'line': b'-- Up-to-date: /home/pavel/ws_ros2/install/px4_msgs/include/px4_msgs/px4_msgs/msg/detail/sensor_preflight_mag__builder.hpp\n'}
[5.920715] (px4_msgs) StdoutLine: {'line': b'-- Up-to-date: /home/pavel/ws_ros2/install/px4_msgs/include/px4_msgs/px4_msgs/msg/detail/actuator_motors__traits.hpp\n'}
[5.920778] (px4_msgs) StdoutLine: {'line': b'-- Up-to-date: /home/pavel/ws_ros2/install/px4_msgs/include/px4_msgs/px4_msgs/msg/detail/sensor_accel__traits.hpp\n'}
[5.920840] (px4_msgs) StdoutLine: {'line': b'-- Up-to-date: /home/pavel/ws_ros2/install/px4_msgs/include/px4_msgs/px4_msgs/msg/detail/geofence_status__struct.hpp\n'}
[5.920916] (px4_msgs) StdoutLine: {'line': b'-- Up-to-date: /home/pavel/ws_ros2/install/px4_msgs/include/px4_msgs/px4_msgs/msg/detail/trajectory_waypoint__builder.hpp\n'}
[5.920980] (px4_msgs) StdoutLine: {'line': b'-- Up-to-date: /home/pavel/ws_ros2/install/px4_msgs/include/px4_msgs/px4_msgs/msg/detail/gimbal_device_set_attitude__traits.hpp\n'}
[5.921042] (px4_msgs) StdoutLine: {'line': b'-- Up-to-date: /home/pavel/ws_ros2/install/px4_msgs/include/px4_msgs/px4_msgs/msg/detail/estimator_status__traits.hpp\n'}
[5.921104] (px4_msgs) StdoutLine: {'line': b'-- Up-to-date: /home/pavel/ws_ros2/install/px4_msgs/include/px4_msgs/px4_msgs/msg/detail/obstacle_distance__builder.hpp\n'}
[5.921171] (px4_msgs) StdoutLine: {'line': b'-- Up-to-date: /home/pavel/ws_ros2/install/px4_msgs/include/px4_msgs/px4_msgs/msg/detail/uavcan_parameter_request__builder.hpp\n'}
[5.921234] (px4_msgs) StdoutLine: {'line': b'-- Up-to-date: /home/pavel/ws_ros2/install/px4_msgs/include/px4_msgs/px4_msgs/msg/detail/vehicle_control_mode__type_support.hpp\n'}
[5.921296] (px4_msgs) StdoutLine: {'line': b'-- Up-to-date: /home/pavel/ws_ros2/install/px4_msgs/include/px4_msgs/px4_msgs/msg/detail/vehicle_command_ack__builder.hpp\n'}
[5.921358] (px4_msgs) StdoutLine: {'line': b'-- Up-to-date: /home/pavel/ws_ros2/install/px4_msgs/include/px4_msgs/px4_msgs/msg/detail/mission_result__builder.hpp\n'}
[5.921420] (px4_msgs) StdoutLine: {'line': b'-- Up-to-date: /home/pavel/ws_ros2/install/px4_msgs/include/px4_msgs/px4_msgs/msg/detail/goto_setpoint__type_support.hpp\n'}
[5.921482] (px4_msgs) StdoutLine: {'line': b'-- Up-to-date: /home/pavel/ws_ros2/install/px4_msgs/include/px4_msgs/px4_msgs/msg/detail/debug_key_value__builder.hpp\n'}
[5.921543] (px4_msgs) StdoutLine: {'line': b'-- Up-to-date: /home/pavel/ws_ros2/install/px4_msgs/include/px4_msgs/px4_msgs/msg/detail/vehicle_command_ack__type_support.hpp\n'}
[5.921605] (px4_msgs) StdoutLine: {'line': b'-- Up-to-date: /home/pavel/ws_ros2/install/px4_msgs/include/px4_msgs/px4_msgs/msg/detail/health_report__type_support.hpp\n'}
[5.921666] (px4_msgs) StdoutLine: {'line': b'-- Up-to-date: /home/pavel/ws_ros2/install/px4_msgs/include/px4_msgs/px4_msgs/msg/detail/vehicle_torque_setpoint__struct.hpp\n'}
[5.921728] (px4_msgs) StdoutLine: {'line': b'-- Up-to-date: /home/pavel/ws_ros2/install/px4_msgs/include/px4_msgs/px4_msgs/msg/detail/sensor_gyro__traits.hpp\n'}
[5.921790] (px4_msgs) StdoutLine: {'line': b'-- Up-to-date: /home/pavel/ws_ros2/install/px4_msgs/include/px4_msgs/px4_msgs/msg/detail/landing_gear__builder.hpp\n'}
[5.921857] (px4_msgs) StdoutLine: {'line': b'-- Up-to-date: /home/pavel/ws_ros2/install/px4_msgs/include/px4_msgs/px4_msgs/msg/detail/esc_status__type_support.hpp\n'}
[5.921929] (px4_msgs) StdoutLine: {'line': b'-- Up-to-date: /home/pavel/ws_ros2/install/px4_msgs/include/px4_msgs/px4_msgs/msg/detail/parameter_reset_request__struct.hpp\n'}
[5.921992] (px4_msgs) StdoutLine: {'line': b'-- Up-to-date: /home/pavel/ws_ros2/install/px4_msgs/include/px4_msgs/px4_msgs/msg/detail/mavlink_log__builder.hpp\n'}
[5.922055] (px4_msgs) StdoutLine: {'line': b'-- Up-to-date: /home/pavel/ws_ros2/install/px4_msgs/include/px4_msgs/px4_msgs/msg/detail/power_button_state__type_support.hpp\n'}
[5.922117] (px4_msgs) StdoutLine: {'line': b'-- Up-to-date: /home/pavel/ws_ros2/install/px4_msgs/include/px4_msgs/px4_msgs/msg/detail/qshell_req__struct.hpp\n'}
[5.922179] (px4_msgs) StdoutLine: {'line': b'-- Up-to-date: /home/pavel/ws_ros2/install/px4_msgs/include/px4_msgs/px4_msgs/msg/detail/esc_status__traits.hpp\n'}
[5.922246] (px4_msgs) StdoutLine: {'line': b'-- Up-to-date: /home/pavel/ws_ros2/install/px4_msgs/include/px4_msgs/px4_msgs/msg/detail/vehicle_imu_status__traits.hpp\n'}
[5.922329] (px4_msgs) StdoutLine: {'line': b'-- Up-to-date: /home/pavel/ws_ros2/install/px4_msgs/include/px4_msgs/px4_msgs/msg/detail/home_position__builder.hpp\n'}
[5.922393] (px4_msgs) StdoutLine: {'line': b'-- Up-to-date: /home/pavel/ws_ros2/install/px4_msgs/include/px4_msgs/px4_msgs/msg/detail/airspeed_wind__traits.hpp\n'}
[5.922456] (px4_msgs) StdoutLine: {'line': b'-- Up-to-date: /home/pavel/ws_ros2/install/px4_msgs/include/px4_msgs/px4_msgs/msg/detail/sensor_airflow__type_support.hpp\n'}
[5.922519] (px4_msgs) StdoutLine: {'line': b'-- Up-to-date: /home/pavel/ws_ros2/install/px4_msgs/include/px4_msgs/px4_msgs/msg/detail/satellite_info__builder.hpp\n'}
[5.922583] (px4_msgs) StdoutLine: {'line': b'-- Up-to-date: /home/pavel/ws_ros2/install/px4_msgs/include/px4_msgs/px4_msgs/msg/detail/ping__type_support.hpp\n'}
[5.922646] (px4_msgs) StdoutLine: {'line': b'-- Up-to-date: /home/pavel/ws_ros2/install/px4_msgs/include/px4_msgs/px4_msgs/msg/detail/gps_inject_data__struct.hpp\n'}
[5.922710] (px4_msgs) StdoutLine: {'line': b'-- Up-to-date: /home/pavel/ws_ros2/install/px4_msgs/include/px4_msgs/px4_msgs/msg/detail/follow_target_status__type_support.hpp\n'}
[5.922774] (px4_msgs) StdoutLine: {'line': b'-- Up-to-date: /home/pavel/ws_ros2/install/px4_msgs/include/px4_msgs/px4_msgs/msg/detail/vehicle_land_detected__traits.hpp\n'}
[5.922838] (px4_msgs) StdoutLine: {'line': b'-- Up-to-date: /home/pavel/ws_ros2/install/px4_msgs/include/px4_msgs/px4_msgs/msg/detail/sensor_gnss_relative__traits.hpp\n'}
[5.922914] (px4_msgs) StdoutLine: {'line': b'-- Up-to-date: /home/pavel/ws_ros2/install/px4_msgs/include/px4_msgs/px4_msgs/msg/detail/actuator_motors__builder.hpp\n'}
[5.922980] (px4_msgs) StdoutLine: {'line': b'-- Up-to-date: /home/pavel/ws_ros2/install/px4_msgs/include/px4_msgs/px4_msgs/msg/detail/geofence_result__struct.hpp\n'}
[5.923052] (px4_msgs) StdoutLine: {'line': b'-- Up-to-date: /home/pavel/ws_ros2/install/px4_msgs/include/px4_msgs/px4_msgs/msg/detail/failsafe_flags__struct.hpp\n'}
[5.923117] (px4_msgs) StdoutLine: {'line': b'-- Up-to-date: /home/pavel/ws_ros2/install/px4_msgs/include/px4_msgs/px4_msgs/msg/detail/dataman_request__type_support.hpp\n'}
[5.923180] (px4_msgs) StdoutLine: {'line': b'-- Up-to-date: /home/pavel/ws_ros2/install/px4_msgs/include/px4_msgs/px4_msgs/msg/detail/landing_target_pose__struct.hpp\n'}
[5.923251] (px4_msgs) StdoutLine: {'line': b'-- Up-to-date: /home/pavel/ws_ros2/install/px4_msgs/include/px4_msgs/px4_msgs/msg/detail/camera_trigger__traits.hpp\n'}
[5.923316] (px4_msgs) StdoutLine: {'line': b'-- Up-to-date: /home/pavel/ws_ros2/install/px4_msgs/include/px4_msgs/px4_msgs/msg/detail/camera_status__type_support.hpp\n'}
[5.923380] (px4_msgs) StdoutLine: {'line': b'-- Up-to-date: /home/pavel/ws_ros2/install/px4_msgs/include/px4_msgs/px4_msgs/msg/detail/sensor_combined__type_support.hpp\n'}
[5.923444] (px4_msgs) StdoutLine: {'line': b'-- Up-to-date: /home/pavel/ws_ros2/install/px4_msgs/include/px4_msgs/px4_msgs/msg/detail/mag_worker_data__type_support.hpp\n'}
[5.923508] (px4_msgs) StdoutLine: {'line': b'-- Up-to-date: /home/pavel/ws_ros2/install/px4_msgs/include/px4_msgs/px4_msgs/msg/detail/sensor_uwb__traits.hpp\n'}
[5.923572] (px4_msgs) StdoutLine: {'line': b'-- Up-to-date: /home/pavel/ws_ros2/install/px4_msgs/include/px4_msgs/px4_msgs/msg/detail/rate_ctrl_status__struct.hpp\n'}
[5.923636] (px4_msgs) StdoutLine: {'line': b'-- Up-to-date: /home/pavel/ws_ros2/install/px4_msgs/include/px4_msgs/px4_msgs/msg/detail/sensor_selection__builder.hpp\n'}
[5.923700] (px4_msgs) StdoutLine: {'line': b'-- Up-to-date: /home/pavel/ws_ros2/install/px4_msgs/include/px4_msgs/px4_msgs/msg/detail/wind__builder.hpp\n'}
[5.923764] (px4_msgs) StdoutLine: {'line': b'-- Up-to-date: /home/pavel/ws_ros2/install/px4_msgs/include/px4_msgs/px4_msgs/msg/detail/message_format_request__traits.hpp\n'}
[5.923827] (px4_msgs) StdoutLine: {'line': b'-- Up-to-date: /home/pavel/ws_ros2/install/px4_msgs/include/px4_msgs/px4_msgs/msg/detail/vehicle_optical_flow__type_support.hpp\n'}
[5.923907] (px4_msgs) StdoutLine: {'line': b'-- Up-to-date: /home/pavel/ws_ros2/install/px4_msgs/include/px4_msgs/px4_msgs/msg/detail/event__builder.hpp\n'}
[5.923989] (px4_msgs) StdoutLine: {'line': b'-- Up-to-date: /home/pavel/ws_ros2/install/px4_msgs/include/px4_msgs/px4_msgs/msg/detail/tiltrotor_extra_controls__traits.hpp\n'}
[5.924078] (px4_msgs) StdoutLine: {'line': b'-- Up-to-date: /home/pavel/ws_ros2/install/px4_msgs/include/px4_msgs/px4_msgs/msg/detail/vehicle_attitude__struct.hpp\n'}
[5.924170] (px4_msgs) StdoutLine: {'line': b'-- Up-to-date: /home/pavel/ws_ros2/install/px4_msgs/include/px4_msgs/px4_msgs/msg/detail/esc_status__struct.hpp\n'}
[5.924260] (px4_msgs) StdoutLine: {'line': b'-- Up-to-date: /home/pavel/ws_ros2/install/px4_msgs/include/px4_msgs/px4_msgs/msg/detail/iridiumsbd_status__traits.hpp\n'}
[5.924352] (px4_msgs) StdoutLine: {'line': b'-- Up-to-date: /home/pavel/ws_ros2/install/px4_msgs/include/px4_msgs/px4_msgs/msg/detail/figure_eight_status__type_support.hpp\n'}
[5.924452] (px4_msgs) StdoutLine: {'line': b'-- Up-to-date: /home/pavel/ws_ros2/install/px4_msgs/include/px4_msgs/px4_msgs/msg/detail/vehicle_optical_flow_vel__traits.hpp\n'}
[5.924547] (px4_msgs) StdoutLine: {'line': b'-- Up-to-date: /home/pavel/ws_ros2/install/px4_msgs/include/px4_msgs/px4_msgs/msg/detail/wheel_encoders__traits.hpp\n'}
[5.924635] (px4_msgs) StdoutLine: {'line': b'-- Up-to-date: /home/pavel/ws_ros2/install/px4_msgs/include/px4_msgs/px4_msgs/msg/detail/vehicle_command__type_support.hpp\n'}
[5.924724] (px4_msgs) StdoutLine: {'line': b'-- Up-to-date: /home/pavel/ws_ros2/install/px4_msgs/include/px4_msgs/px4_msgs/msg/detail/internal_combustion_engine_status__type_support.hpp\n'}
[5.924817] (px4_msgs) StdoutLine: {'line': b'-- Up-to-date: /home/pavel/ws_ros2/install/px4_msgs/include/px4_msgs/px4_msgs/msg/detail/mission_result__type_support.hpp\n'}
[5.924943] (px4_msgs) StdoutLine: {'line': b'-- Up-to-date: /home/pavel/ws_ros2/install/px4_msgs/include/px4_msgs/px4_msgs/msg/detail/health_report__traits.hpp\n'}
[5.925037] (px4_msgs) StdoutLine: {'line': b'-- Up-to-date: /home/pavel/ws_ros2/install/px4_msgs/include/px4_msgs/px4_msgs/msg/detail/actuator_outputs__type_support.hpp\n'}
[5.925115] (px4_msgs) StdoutLine: {'line': b'-- Up-to-date: /home/pavel/ws_ros2/install/px4_msgs/include/px4_msgs/px4_msgs/msg/detail/failure_detector_status__type_support.hpp\n'}
[5.925214] (px4_msgs) StdoutLine: {'line': b'-- Up-to-date: /home/pavel/ws_ros2/install/px4_msgs/include/px4_msgs/px4_msgs/msg/detail/tiltrotor_extra_controls__struct.hpp\n'}
[5.925306] (px4_msgs) StdoutLine: {'line': b'-- Up-to-date: /home/pavel/ws_ros2/install/px4_msgs/include/px4_msgs/px4_msgs/msg/detail/sensor_accel_fifo__traits.hpp\n'}
[5.925396] (px4_msgs) StdoutLine: {'line': b'-- Up-to-date: /home/pavel/ws_ros2/install/px4_msgs/include/px4_msgs/px4_msgs/msg/detail/airspeed_validated__struct.hpp\n'}
[5.925490] (px4_msgs) StdoutLine: {'line': b'-- Up-to-date: /home/pavel/ws_ros2/install/px4_msgs/include/px4_msgs/px4_msgs/msg/detail/onboard_computer_status__builder.hpp\n'}
[5.925583] (px4_msgs) StdoutLine: {'line': b'-- Up-to-date: /home/pavel/ws_ros2/install/px4_msgs/include/px4_msgs/px4_msgs/msg/detail/qshell_retval__builder.hpp\n'}
[5.925677] (px4_msgs) StdoutLine: {'line': b'-- Up-to-date: /home/pavel/ws_ros2/install/px4_msgs/include/px4_msgs/px4_msgs/msg/detail/uavcan_parameter_request__type_support.hpp\n'}
[5.925771] (px4_msgs) StdoutLine: {'line': b'-- Up-to-date: /home/pavel/ws_ros2/install/px4_msgs/include/px4_msgs/px4_msgs/msg/detail/vehicle_acceleration__struct.hpp\n'}
[5.925879] (px4_msgs) StdoutLine: {'line': b'-- Up-to-date: /home/pavel/ws_ros2/install/px4_msgs/include/px4_msgs/px4_msgs/msg/detail/control_allocator_status__traits.hpp\n'}
[5.925984] (px4_msgs) StdoutLine: {'line': b'-- Up-to-date: /home/pavel/ws_ros2/install/px4_msgs/include/px4_msgs/px4_msgs/msg/detail/orb_test_large__type_support.hpp\n'}
[5.926076] (px4_msgs) StdoutLine: {'line': b'-- Up-to-date: /home/pavel/ws_ros2/install/px4_msgs/include/px4_msgs/px4_msgs/msg/detail/health_report__builder.hpp\n'}
[5.926178] (px4_msgs) StdoutLine: {'line': b'-- Up-to-date: /home/pavel/ws_ros2/install/px4_msgs/include/px4_msgs/px4_msgs/msg/detail/vehicle_status__struct.hpp\n'}
[5.926270] (px4_msgs) StdoutLine: {'line': b'-- Up-to-date: /home/pavel/ws_ros2/install/px4_msgs/include/px4_msgs/px4_msgs/msg/detail/failsafe_flags__traits.hpp\n'}
[5.926366] (px4_msgs) StdoutLine: {'line': b'-- Up-to-date: /home/pavel/ws_ros2/install/px4_msgs/include/px4_msgs/px4_msgs/msg/detail/sensor_combined__traits.hpp\n'}
[5.926452] (px4_msgs) StdoutLine: {'line': b'-- Up-to-date: /home/pavel/ws_ros2/install/px4_msgs/include/px4_msgs/px4_msgs/msg/detail/vehicle_constraints__builder.hpp\n'}
[5.926547] (px4_msgs) StdoutLine: {'line': b'-- Up-to-date: /home/pavel/ws_ros2/install/px4_msgs/include/px4_msgs/px4_msgs/msg/detail/input_rc__builder.hpp\n'}
[5.926634] (px4_msgs) StdoutLine: {'line': b'-- Up-to-date: /home/pavel/ws_ros2/install/px4_msgs/include/px4_msgs/px4_msgs/msg/detail/debug_key_value__type_support.hpp\n'}
[5.926728] (px4_msgs) StdoutLine: {'line': b'-- Up-to-date: /home/pavel/ws_ros2/install/px4_msgs/include/px4_msgs/px4_msgs/msg/detail/event__type_support.hpp\n'}
[5.926820] (px4_msgs) StdoutLine: {'line': b'-- Up-to-date: /home/pavel/ws_ros2/install/px4_msgs/include/px4_msgs/px4_msgs/msg/detail/system_power__builder.hpp\n'}
[5.926926] (px4_msgs) StdoutLine: {'line': b'-- Up-to-date: /home/pavel/ws_ros2/install/px4_msgs/include/px4_msgs/px4_msgs/msg/detail/mount_orientation__builder.hpp\n'}
[5.927025] (px4_msgs) StdoutLine: {'line': b'-- Up-to-date: /home/pavel/ws_ros2/install/px4_msgs/include/px4_msgs/px4_msgs/msg/detail/sensor_correction__type_support.hpp\n'}
[5.927116] (px4_msgs) StdoutLine: {'line': b'-- Up-to-date: /home/pavel/ws_ros2/install/px4_msgs/include/px4_msgs/px4_msgs/msg/detail/vehicle_trajectory_waypoint__struct.hpp\n'}
[5.927221] (px4_msgs) StdoutLine: {'line': b'-- Up-to-date: /home/pavel/ws_ros2/install/px4_msgs/include/px4_msgs/px4_msgs/msg/detail/parameter_set_value_request__builder.hpp\n'}
[5.927323] (px4_msgs) StdoutLine: {'line': b'-- Up-to-date: /home/pavel/ws_ros2/install/px4_msgs/include/px4_msgs/px4_msgs/msg/detail/vehicle_trajectory_bezier__builder.hpp\n'}
[5.927418] (px4_msgs) StdoutLine: {'line': b'-- Up-to-date: /home/pavel/ws_ros2/install/px4_msgs/include/px4_msgs/px4_msgs/msg/detail/landing_gear__struct.hpp\n'}
[5.927515] (px4_msgs) StdoutLine: {'line': b'-- Up-to-date: /home/pavel/ws_ros2/install/px4_msgs/include/px4_msgs/px4_msgs/msg/detail/timesync_status__type_support.hpp\n'}
[5.927605] (px4_msgs) StdoutLine: {'line': b'-- Up-to-date: /home/pavel/ws_ros2/install/px4_msgs/include/px4_msgs/px4_msgs/msg/detail/distance_sensor__type_support.hpp\n'}
[5.927694] (px4_msgs) StdoutLine: {'line': b'-- Up-to-date: /home/pavel/ws_ros2/install/px4_msgs/include/px4_msgs/px4_msgs/msg/detail/estimator_bias__struct.hpp\n'}
[5.927784] (px4_msgs) StdoutLine: {'line': b'-- Up-to-date: /home/pavel/ws_ros2/install/px4_msgs/include/px4_msgs/px4_msgs/msg/detail/ulog_stream__type_support.hpp\n'}
[5.927886] (px4_msgs) StdoutLine: {'line': b'-- Up-to-date: /home/pavel/ws_ros2/install/px4_msgs/include/px4_msgs/px4_msgs/msg/detail/sensor_selection__traits.hpp\n'}
[5.927985] (px4_msgs) StdoutLine: {'line': b'-- Up-to-date: /home/pavel/ws_ros2/install/px4_msgs/include/px4_msgs/px4_msgs/msg/detail/iridiumsbd_status__builder.hpp\n'}
[5.928090] (px4_msgs) StdoutLine: {'line': b'-- Up-to-date: /home/pavel/ws_ros2/install/px4_msgs/include/px4_msgs/px4_msgs/msg/detail/gimbal_device_attitude_status__struct.hpp\n'}
[5.928184] (px4_msgs) StdoutLine: {'line': b'-- Up-to-date: /home/pavel/ws_ros2/install/px4_msgs/include/px4_msgs/px4_msgs/msg/detail/vehicle_air_data__traits.hpp\n'}
[5.928278] (px4_msgs) StdoutLine: {'line': b'-- Up-to-date: /home/pavel/ws_ros2/install/px4_msgs/include/px4_msgs/px4_msgs/msg/detail/gripper__struct.hpp\n'}
[5.928380] (px4_msgs) StdoutLine: {'line': b'-- Up-to-date: /home/pavel/ws_ros2/install/px4_msgs/include/px4_msgs/px4_msgs/msg/detail/position_controller_status__type_support.hpp\n'}
[5.928480] (px4_msgs) StdoutLine: {'line': b'-- Up-to-date: /home/pavel/ws_ros2/install/px4_msgs/include/px4_msgs/px4_msgs/msg/detail/gpio_request__traits.hpp\n'}
[5.928573] (px4_msgs) StdoutLine: {'line': b'-- Up-to-date: /home/pavel/ws_ros2/install/px4_msgs/include/px4_msgs/px4_msgs/msg/detail/unregister_ext_component__type_support.hpp\n'}
[5.928659] (px4_msgs) StdoutLine: {'line': b'-- Up-to-date: /home/pavel/ws_ros2/install/px4_msgs/include/px4_msgs/px4_msgs/msg/detail/rtl_status__traits.hpp\n'}
[5.928754] (px4_msgs) StdoutLine: {'line': b'-- Up-to-date: /home/pavel/ws_ros2/install/px4_msgs/include/px4_msgs/px4_msgs/msg/detail/vehicle_command_ack__traits.hpp\n'}
[5.928862] (px4_msgs) StdoutLine: {'line': b'-- Up-to-date: /home/pavel/ws_ros2/install/px4_msgs/include/px4_msgs/px4_msgs/msg/detail/adc_report__struct.hpp\n'}
[5.928984] (px4_msgs) StdoutLine: {'line': b'-- Up-to-date: /home/pavel/ws_ros2/install/px4_msgs/include/px4_msgs/px4_msgs/msg/detail/rtl_status__type_support.hpp\n'}
[5.929083] (px4_msgs) StdoutLine: {'line': b'-- Up-to-date: /home/pavel/ws_ros2/install/px4_msgs/include/px4_msgs/px4_msgs/msg/detail/vtol_vehicle_status__builder.hpp\n'}
[5.929194] (px4_msgs) StdoutLine: {'line': b'-- Up-to-date: /home/pavel/ws_ros2/install/px4_msgs/include/px4_msgs/px4_msgs/msg/detail/fuel_tank_status__traits.hpp\n'}
[5.929287] (px4_msgs) StdoutLine: {'line': b'-- Up-to-date: /home/pavel/ws_ros2/install/px4_msgs/include/px4_msgs/px4_msgs/msg/detail/sensor_mag__traits.hpp\n'}
[5.929389] (px4_msgs) StdoutLine: {'line': b'-- Up-to-date: /home/pavel/ws_ros2/install/px4_msgs/include/px4_msgs/px4_msgs/msg/detail/actuator_armed__type_support.hpp\n'}
[5.929479] (px4_msgs) StdoutLine: {'line': b'-- Up-to-date: /home/pavel/ws_ros2/install/px4_msgs/include/px4_msgs/px4_msgs/msg/detail/parameter_update__type_support.hpp\n'}
[5.929581] (px4_msgs) StdoutLine: {'line': b'-- Up-to-date: /home/pavel/ws_ros2/install/px4_msgs/include/px4_msgs/px4_msgs/msg/detail/follow_target__type_support.hpp\n'}
[5.929694] (px4_msgs) StdoutLine: {'line': b'-- Up-to-date: /home/pavel/ws_ros2/install/px4_msgs/include/px4_msgs/px4_msgs/msg/detail/rate_ctrl_status__type_support.hpp\n'}
[5.929799] (px4_msgs) StdoutLine: {'line': b'-- Up-to-date: /home/pavel/ws_ros2/install/px4_msgs/include/px4_msgs/px4_msgs/msg/detail/parameter_set_value_request__traits.hpp\n'}
[5.929925] (px4_msgs) StdoutLine: {'line': b'-- Up-to-date: /home/pavel/ws_ros2/install/px4_msgs/include/px4_msgs/px4_msgs/msg/detail/vehicle_odometry__builder.hpp\n'}
[5.930030] (px4_msgs) StdoutLine: {'line': b'-- Up-to-date: /home/pavel/ws_ros2/install/px4_msgs/include/px4_msgs/px4_msgs/msg/detail/follow_target_status__builder.hpp\n'}
[5.930124] (px4_msgs) StdoutLine: {'line': b'-- Up-to-date: /home/pavel/ws_ros2/install/px4_msgs/include/px4_msgs/px4_msgs/msg/detail/landing_gear_wheel__struct.hpp\n'}
[5.930208] (px4_msgs) StdoutLine: {'line': b'-- Up-to-date: /home/pavel/ws_ros2/install/px4_msgs/include/px4_msgs/px4_msgs/msg/detail/tecs_status__builder.hpp\n'}
[5.930294] (px4_msgs) StdoutLine: {'line': b'-- Up-to-date: /home/pavel/ws_ros2/install/px4_msgs/include/px4_msgs/px4_msgs/msg/detail/buffer128__traits.hpp\n'}
[5.930381] (px4_msgs) StdoutLine: {'line': b'-- Up-to-date: /home/pavel/ws_ros2/install/px4_msgs/include/px4_msgs/px4_msgs/msg/detail/mag_worker_data__traits.hpp\n'}
[5.930468] (px4_msgs) StdoutLine: {'line': b'-- Up-to-date: /home/pavel/ws_ros2/install/px4_msgs/include/px4_msgs/px4_msgs/msg/detail/position_setpoint__struct.hpp\n'}
[5.930557] (px4_msgs) StdoutLine: {'line': b'-- Up-to-date: /home/pavel/ws_ros2/install/px4_msgs/include/px4_msgs/px4_msgs/msg/detail/vehicle_magnetometer__type_support.hpp\n'}
[5.930666] (px4_msgs) StdoutLine: {'line': b'-- Up-to-date: /home/pavel/ws_ros2/install/px4_msgs/include/px4_msgs/px4_msgs/msg/detail/input_rc__type_support.hpp\n'}
[5.930767] (px4_msgs) StdoutLine: {'line': b'-- Up-to-date: /home/pavel/ws_ros2/install/px4_msgs/include/px4_msgs/px4_msgs/msg/detail/rtl_time_estimate__type_support.hpp\n'}
[5.930870] (px4_msgs) StdoutLine: {'line': b'-- Up-to-date: /home/pavel/ws_ros2/install/px4_msgs/include/px4_msgs/px4_msgs/msg/detail/sensor_gyro_fifo__builder.hpp\n'}
[5.930964] (-) TimerEvent: {}
[5.931060] (px4_msgs) StdoutLine: {'line': b'-- Up-to-date: /home/pavel/ws_ros2/install/px4_msgs/include/px4_msgs/px4_msgs/msg/detail/vehicle_global_position__struct.hpp\n'}
[5.931151] (px4_msgs) StdoutLine: {'line': b'-- Up-to-date: /home/pavel/ws_ros2/install/px4_msgs/include/px4_msgs/px4_msgs/msg/detail/figure_eight_status__traits.hpp\n'}
[5.931244] (px4_msgs) StdoutLine: {'line': b'-- Up-to-date: /home/pavel/ws_ros2/install/px4_msgs/include/px4_msgs/px4_msgs/msg/detail/position_setpoint__type_support.hpp\n'}
[5.931332] (px4_msgs) StdoutLine: {'line': b'-- Up-to-date: /home/pavel/ws_ros2/install/px4_msgs/include/px4_msgs/px4_msgs/msg/detail/ping__builder.hpp\n'}
[5.931431] (px4_msgs) StdoutLine: {'line': b'-- Up-to-date: /home/pavel/ws_ros2/install/px4_msgs/include/px4_msgs/px4_msgs/msg/detail/parameter_set_value_response__struct.hpp\n'}
[5.931526] (px4_msgs) StdoutLine: {'line': b'-- Up-to-date: /home/pavel/ws_ros2/install/px4_msgs/include/px4_msgs/px4_msgs/msg/detail/internal_combustion_engine_status__builder.hpp\n'}
[5.931612] (px4_msgs) StdoutLine: {'line': b'-- Up-to-date: /home/pavel/ws_ros2/install/px4_msgs/include/px4_msgs/px4_msgs/msg/detail/vehicle_imu_status__struct.hpp\n'}
[5.931698] (px4_msgs) StdoutLine: {'line': b'-- Up-to-date: /home/pavel/ws_ros2/install/px4_msgs/include/px4_msgs/px4_msgs/msg/detail/vehicle_command__struct.hpp\n'}
[5.931783] (px4_msgs) StdoutLine: {'line': b'-- Up-to-date: /home/pavel/ws_ros2/install/px4_msgs/include/px4_msgs/px4_msgs/msg/detail/px4io_status__builder.hpp\n'}
[5.931871] (px4_msgs) StdoutLine: {'line': b'-- Up-to-date: /home/pavel/ws_ros2/install/px4_msgs/include/px4_msgs/px4_msgs/msg/detail/power_button_state__builder.hpp\n'}
[5.931928] (px4_msgs) StdoutLine: {'line': b'-- Up-to-date: /home/pavel/ws_ros2/install/px4_msgs/include/px4_msgs/px4_msgs/msg/detail/px4io_status__type_support.hpp\n'}
[5.931977] (px4_msgs) StdoutLine: {'line': b'-- Up-to-date: /home/pavel/ws_ros2/install/px4_msgs/include/px4_msgs/px4_msgs/msg/detail/landing_target_innovations__struct.hpp\n'}
[5.932030] (px4_msgs) StdoutLine: {'line': b'-- Up-to-date: /home/pavel/ws_ros2/install/px4_msgs/include/px4_msgs/px4_msgs/msg/detail/battery_status__struct.hpp\n'}
[5.932079] (px4_msgs) StdoutLine: {'line': b'-- Up-to-date: /home/pavel/ws_ros2/install/px4_msgs/include/px4_msgs/px4_msgs/msg/detail/estimator_status__type_support.hpp\n'}
[5.932126] (px4_msgs) StdoutLine: {'line': b'-- Up-to-date: /home/pavel/ws_ros2/install/px4_msgs/include/px4_msgs/px4_msgs/msg/detail/vehicle_constraints__struct.hpp\n'}
[5.932174] (px4_msgs) StdoutLine: {'line': b'-- Up-to-date: /home/pavel/ws_ros2/install/px4_msgs/include/px4_msgs/px4_msgs/msg/detail/vehicle_angular_acceleration_setpoint__struct.hpp\n'}
[5.932226] (px4_msgs) StdoutLine: {'line': b'-- Up-to-date: /home/pavel/ws_ros2/install/px4_msgs/include/px4_msgs/px4_msgs/msg/detail/orbit_status__builder.hpp\n'}
[5.932274] (px4_msgs) StdoutLine: {'line': b'-- Up-to-date: /home/pavel/ws_ros2/install/px4_msgs/include/px4_msgs/px4_msgs/msg/detail/vehicle_thrust_setpoint__builder.hpp\n'}
[5.932322] (px4_msgs) StdoutLine: {'line': b'-- Up-to-date: /home/pavel/ws_ros2/install/px4_msgs/include/px4_msgs/px4_msgs/msg/detail/trajectory_setpoint__traits.hpp\n'}
[5.932382] (px4_msgs) StdoutLine: {'line': b'-- Up-to-date: /home/pavel/ws_ros2/install/px4_msgs/include/px4_msgs/px4_msgs/msg/detail/trajectory_bezier__builder.hpp\n'}
[5.932431] (px4_msgs) StdoutLine: {'line': b'-- Up-to-date: /home/pavel/ws_ros2/install/px4_msgs/include/px4_msgs/px4_msgs/msg/detail/rc_channels__type_support.hpp\n'}
[5.932479] (px4_msgs) StdoutLine: {'line': b'-- Up-to-date: /home/pavel/ws_ros2/install/px4_msgs/include/px4_msgs/px4_msgs/msg/detail/pwm_input__struct.hpp\n'}
[5.932527] (px4_msgs) StdoutLine: {'line': b'-- Up-to-date: /home/pavel/ws_ros2/install/px4_msgs/include/px4_msgs/px4_msgs/msg/detail/debug_vect__traits.hpp\n'}
[5.932580] (px4_msgs) StdoutLine: {'line': b'-- Up-to-date: /home/pavel/ws_ros2/install/px4_msgs/include/px4_msgs/px4_msgs/msg/detail/position_setpoint_triplet__traits.hpp\n'}
[5.932629] (px4_msgs) StdoutLine: {'line': b'-- Up-to-date: /home/pavel/ws_ros2/install/px4_msgs/include/px4_msgs/px4_msgs/msg/detail/qshell_retval__type_support.hpp\n'}
[5.932678] (px4_msgs) StdoutLine: {'line': b'-- Up-to-date: /home/pavel/ws_ros2/install/px4_msgs/include/px4_msgs/px4_msgs/msg/detail/autotune_attitude_control_status__builder.hpp\n'}
[5.932726] (px4_msgs) StdoutLine: {'line': b'-- Up-to-date: /home/pavel/ws_ros2/install/px4_msgs/include/px4_msgs/px4_msgs/msg/detail/vehicle_angular_acceleration_setpoint__type_support.hpp\n'}
[5.932776] (px4_msgs) StdoutLine: {'line': b'-- Up-to-date: /home/pavel/ws_ros2/install/px4_msgs/include/px4_msgs/px4_msgs/msg/detail/register_ext_component_request__traits.hpp\n'}
[5.932825] (px4_msgs) StdoutLine: {'line': b'-- Up-to-date: /home/pavel/ws_ros2/install/px4_msgs/include/px4_msgs/px4_msgs/msg/detail/estimator_selector_status__struct.hpp\n'}
[5.932889] (px4_msgs) StdoutLine: {'line': b'-- Up-to-date: /home/pavel/ws_ros2/install/px4_msgs/include/px4_msgs/px4_msgs/msg/detail/ulog_stream__traits.hpp\n'}
[5.932940] (px4_msgs) StdoutLine: {'line': b'-- Up-to-date: /home/pavel/ws_ros2/install/px4_msgs/include/px4_msgs/px4_msgs/msg/detail/differential_drive_setpoint__traits.hpp\n'}
[5.932989] (px4_msgs) StdoutLine: {'line': b'-- Up-to-date: /home/pavel/ws_ros2/install/px4_msgs/include/px4_msgs/px4_msgs/msg/detail/cellular_status__struct.hpp\n'}
[5.933038] (px4_msgs) StdoutLine: {'line': b'-- Up-to-date: /home/pavel/ws_ros2/install/px4_msgs/include/px4_msgs/px4_msgs/msg/detail/control_allocator_status__struct.hpp\n'}
[5.933086] (px4_msgs) StdoutLine: {'line': b'-- Up-to-date: /home/pavel/ws_ros2/install/px4_msgs/include/px4_msgs/px4_msgs/msg/detail/estimator_bias3d__struct.hpp\n'}
[5.933134] (px4_msgs) StdoutLine: {'line': b'-- Up-to-date: /home/pavel/ws_ros2/install/px4_msgs/include/px4_msgs/px4_msgs/msg/detail/camera_status__builder.hpp\n'}
[5.933183] (px4_msgs) StdoutLine: {'line': b'-- Up-to-date: /home/pavel/ws_ros2/install/px4_msgs/include/px4_msgs/px4_msgs/msg/detail/vehicle_trajectory_waypoint__traits.hpp\n'}
[5.933236] (px4_msgs) StdoutLine: {'line': b'-- Up-to-date: /home/pavel/ws_ros2/install/px4_msgs/include/px4_msgs/px4_msgs/msg/detail/normalized_unsigned_setpoint__traits.hpp\n'}
[5.933285] (px4_msgs) StdoutLine: {'line': b'-- Up-to-date: /home/pavel/ws_ros2/install/px4_msgs/include/px4_msgs/px4_msgs/msg/detail/trajectory_bezier__traits.hpp\n'}
[5.933333] (px4_msgs) StdoutLine: {'line': b'-- Up-to-date: /home/pavel/ws_ros2/install/px4_msgs/include/px4_msgs/px4_msgs/msg/detail/timesync_status__struct.hpp\n'}
[5.933400] (px4_msgs) StdoutLine: {'line': b'-- Up-to-date: /home/pavel/ws_ros2/install/px4_msgs/include/px4_msgs/px4_msgs/msg/detail/internal_combustion_engine_status__struct.hpp\n'}
[5.933448] (px4_msgs) StdoutLine: {'line': b'-- Up-to-date: /home/pavel/ws_ros2/install/px4_msgs/include/px4_msgs/px4_msgs/msg/detail/iridiumsbd_status__struct.hpp\n'}
[5.933495] (px4_msgs) StdoutLine: {'line': b'-- Up-to-date: /home/pavel/ws_ros2/install/px4_msgs/include/px4_msgs/px4_msgs/msg/detail/generator_status__builder.hpp\n'}
[5.933541] (px4_msgs) StdoutLine: {'line': b'-- Up-to-date: /home/pavel/ws_ros2/install/px4_msgs/include/px4_msgs/px4_msgs/msg/detail/sensor_accel_fifo__type_support.hpp\n'}
[5.933591] (px4_msgs) StdoutLine: {'line': b'-- Up-to-date: /home/pavel/ws_ros2/install/px4_msgs/include/px4_msgs/px4_msgs/msg/detail/estimator_aid_source3d__struct.hpp\n'}
[5.933640] (px4_msgs) StdoutLine: {'line': b'-- Up-to-date: /home/pavel/ws_ros2/install/px4_msgs/include/px4_msgs/px4_msgs/msg/detail/power_button_state__traits.hpp\n'}
[5.933688] (px4_msgs) StdoutLine: {'line': b'-- Up-to-date: /home/pavel/ws_ros2/install/px4_msgs/include/px4_msgs/px4_msgs/msg/detail/gimbal_controls__struct.hpp\n'}
[5.933737] (px4_msgs) StdoutLine: {'line': b'-- Up-to-date: /home/pavel/ws_ros2/install/px4_msgs/include/px4_msgs/px4_msgs/msg/detail/sensor_gyro_fft__type_support.hpp\n'}
[5.933788] (px4_msgs) StdoutLine: {'line': b'-- Up-to-date: /home/pavel/ws_ros2/install/px4_msgs/include/px4_msgs/px4_msgs/msg/detail/gimbal_manager_information__type_support.hpp\n'}
[5.933836] (px4_msgs) StdoutLine: {'line': b'-- Up-to-date: /home/pavel/ws_ros2/install/px4_msgs/include/px4_msgs/px4_msgs/msg/detail/vehicle_rates_setpoint__builder.hpp\n'}
[5.933897] (px4_msgs) StdoutLine: {'line': b'-- Up-to-date: /home/pavel/ws_ros2/install/px4_msgs/include/px4_msgs/px4_msgs/msg/detail/actuator_armed__struct.hpp\n'}
[5.933947] (px4_msgs) StdoutLine: {'line': b'-- Up-to-date: /home/pavel/ws_ros2/install/px4_msgs/include/px4_msgs/px4_msgs/msg/detail/takeoff_status__traits.hpp\n'}
[5.933995] (px4_msgs) StdoutLine: {'line': b'-- Up-to-date: /home/pavel/ws_ros2/install/px4_msgs/include/px4_msgs/px4_msgs/msg/detail/vehicle_optical_flow_vel__builder.hpp\n'}
[5.934042] (px4_msgs) StdoutLine: {'line': b'-- Up-to-date: /home/pavel/ws_ros2/install/px4_msgs/include/px4_msgs/px4_msgs/msg/detail/vtol_vehicle_status__struct.hpp\n'}
[5.934089] (px4_msgs) StdoutLine: {'line': b'-- Up-to-date: /home/pavel/ws_ros2/install/px4_msgs/include/px4_msgs/px4_msgs/msg/detail/heater_status__traits.hpp\n'}
[5.934136] (px4_msgs) StdoutLine: {'line': b'-- Up-to-date: /home/pavel/ws_ros2/install/px4_msgs/include/px4_msgs/px4_msgs/msg/detail/arming_check_request__type_support.hpp\n'}
[5.934183] (px4_msgs) StdoutLine: {'line': b'-- Up-to-date: /home/pavel/ws_ros2/install/px4_msgs/include/px4_msgs/px4_msgs/msg/detail/gps_dump__struct.hpp\n'}
[5.934237] (px4_msgs) StdoutLine: {'line': b'-- Up-to-date: /home/pavel/ws_ros2/install/px4_msgs/include/px4_msgs/px4_msgs/msg/detail/navigator_mission_item__type_support.hpp\n'}
[5.934285] (px4_msgs) StdoutLine: {'line': b'-- Up-to-date: /home/pavel/ws_ros2/install/px4_msgs/include/px4_msgs/px4_msgs/msg/detail/vehicle_constraints__traits.hpp\n'}
[5.934346] (px4_msgs) StdoutLine: {'line': b'-- Up-to-date: /home/pavel/ws_ros2/install/px4_msgs/include/px4_msgs/px4_msgs/msg/detail/distance_sensor__struct.hpp\n'}
[5.934395] (px4_msgs) StdoutLine: {'line': b'-- Up-to-date: /home/pavel/ws_ros2/install/px4_msgs/include/px4_msgs/px4_msgs/msg/detail/transponder_report__type_support.hpp\n'}
[5.934443] (px4_msgs) StdoutLine: {'line': b'-- Up-to-date: /home/pavel/ws_ros2/install/px4_msgs/include/px4_msgs/px4_msgs/msg/detail/vehicle_command_ack__struct.hpp\n'}
[5.934492] (px4_msgs) StdoutLine: {'line': b'-- Up-to-date: /home/pavel/ws_ros2/install/px4_msgs/include/px4_msgs/px4_msgs/msg/detail/follow_target_status__traits.hpp\n'}
[5.934540] (px4_msgs) StdoutLine: {'line': b'-- Up-to-date: /home/pavel/ws_ros2/install/px4_msgs/include/px4_msgs/px4_msgs/msg/detail/log_message__type_support.hpp\n'}
[5.934589] (px4_msgs) StdoutLine: {'line': b'-- Up-to-date: /home/pavel/ws_ros2/install/px4_msgs/include/px4_msgs/px4_msgs/msg/detail/power_monitor__traits.hpp\n'}
[5.934637] (px4_msgs) StdoutLine: {'line': b'-- Up-to-date: /home/pavel/ws_ros2/install/px4_msgs/include/px4_msgs/px4_msgs/msg/detail/ulog_stream_ack__traits.hpp\n'}
[5.934686] (px4_msgs) StdoutLine: {'line': b'-- Up-to-date: /home/pavel/ws_ros2/install/px4_msgs/include/px4_msgs/px4_msgs/msg/detail/sensor_preflight_mag__type_support.hpp\n'}
[5.934735] (px4_msgs) StdoutLine: {'line': b'-- Up-to-date: /home/pavel/ws_ros2/install/px4_msgs/include/px4_msgs/px4_msgs/msg/detail/vehicle_constraints__type_support.hpp\n'}
[5.934785] (px4_msgs) StdoutLine: {'line': b'-- Up-to-date: /home/pavel/ws_ros2/install/px4_msgs/include/px4_msgs/px4_msgs/msg/detail/control_allocator_status__type_support.hpp\n'}
[5.934833] (px4_msgs) StdoutLine: {'line': b'-- Up-to-date: /home/pavel/ws_ros2/install/px4_msgs/include/px4_msgs/px4_msgs/msg/detail/mission_result__struct.hpp\n'}
[5.934892] (px4_msgs) StdoutLine: {'line': b'-- Up-to-date: /home/pavel/ws_ros2/install/px4_msgs/include/px4_msgs/px4_msgs/msg/detail/obstacle_distance__type_support.hpp\n'}
[5.934944] (px4_msgs) StdoutLine: {'line': b'-- Up-to-date: /home/pavel/ws_ros2/install/px4_msgs/include/px4_msgs/px4_msgs/msg/detail/sensors_status_imu__traits.hpp\n'}
[5.934999] (px4_msgs) StdoutLine: {'line': b'-- Up-to-date: /home/pavel/ws_ros2/install/px4_msgs/include/px4_msgs/px4_msgs/msg/detail/landing_target_pose__traits.hpp\n'}
[5.935058] (px4_msgs) StdoutLine: {'line': b'-- Up-to-date: /home/pavel/ws_ros2/install/px4_msgs/include/px4_msgs/px4_msgs/msg/detail/log_message__struct.hpp\n'}
[5.935107] (px4_msgs) StdoutLine: {'line': b'-- Up-to-date: /home/pavel/ws_ros2/install/px4_msgs/include/px4_msgs/px4_msgs/msg/detail/sensor_baro__builder.hpp\n'}
[5.935159] (px4_msgs) StdoutLine: {'line': b'-- Up-to-date: /home/pavel/ws_ros2/install/px4_msgs/include/px4_msgs/px4_msgs/msg/detail/vehicle_magnetometer__builder.hpp\n'}
[5.935208] (px4_msgs) StdoutLine: {'line': b'-- Up-to-date: /home/pavel/ws_ros2/install/px4_msgs/include/px4_msgs/px4_msgs/msg/detail/rc_parameter_map__type_support.hpp\n'}
[5.935256] (px4_msgs) StdoutLine: {'line': b'-- Up-to-date: /home/pavel/ws_ros2/install/px4_msgs/include/px4_msgs/px4_msgs/msg/detail/mount_orientation__struct.hpp\n'}
[5.935305] (px4_msgs) StdoutLine: {'line': b'-- Up-to-date: /home/pavel/ws_ros2/install/px4_msgs/include/px4_msgs/px4_msgs/msg/detail/debug_vect__builder.hpp\n'}
[5.935354] (px4_msgs) StdoutLine: {'line': b'-- Up-to-date: /home/pavel/ws_ros2/install/px4_msgs/include/px4_msgs/px4_msgs/msg/detail/cpuload__struct.hpp\n'}
[5.935403] (px4_msgs) StdoutLine: {'line': b'-- Up-to-date: /home/pavel/ws_ros2/install/px4_msgs/include/px4_msgs/px4_msgs/msg/detail/sensors_status__traits.hpp\n'}
[5.935451] (px4_msgs) StdoutLine: {'line': b'-- Up-to-date: /home/pavel/ws_ros2/install/px4_msgs/include/px4_msgs/px4_msgs/msg/detail/actuator_servos__type_support.hpp\n'}
[5.935500] (px4_msgs) StdoutLine: {'line': b'-- Up-to-date: /home/pavel/ws_ros2/install/px4_msgs/include/px4_msgs/px4_msgs/msg/detail/estimator_sensor_bias__struct.hpp\n'}
[5.935549] (px4_msgs) StdoutLine: {'line': b'-- Up-to-date: /home/pavel/ws_ros2/install/px4_msgs/include/px4_msgs/px4_msgs/msg/detail/telemetry_status__builder.hpp\n'}
[5.935597] (px4_msgs) StdoutLine: {'line': b'-- Up-to-date: /home/pavel/ws_ros2/install/px4_msgs/include/px4_msgs/px4_msgs/msg/detail/yaw_estimator_status__type_support.hpp\n'}
[5.935646] (px4_msgs) StdoutLine: {'line': b'-- Up-to-date: /home/pavel/ws_ros2/install/px4_msgs/include/px4_msgs/px4_msgs/msg/detail/velocity_limits__traits.hpp\n'}
[5.935694] (px4_msgs) StdoutLine: {'line': b'-- Up-to-date: /home/pavel/ws_ros2/install/px4_msgs/include/px4_msgs/px4_msgs/msg/detail/follow_target__builder.hpp\n'}
[5.935743] (px4_msgs) StdoutLine: {'line': b'-- Up-to-date: /home/pavel/ws_ros2/install/px4_msgs/include/px4_msgs/px4_msgs/msg/detail/debug_value__traits.hpp\n'}
[5.935791] (px4_msgs) StdoutLine: {'line': b'-- Up-to-date: /home/pavel/ws_ros2/install/px4_msgs/include/px4_msgs/px4_msgs/msg/detail/sensor_gyro_fifo__struct.hpp\n'}
[5.935840] (px4_msgs) StdoutLine: {'line': b'-- Up-to-date: /home/pavel/ws_ros2/install/px4_msgs/include/px4_msgs/px4_msgs/msg/detail/satellite_info__traits.hpp\n'}
[5.935898] (px4_msgs) StdoutLine: {'line': b'-- Up-to-date: /home/pavel/ws_ros2/install/px4_msgs/include/px4_msgs/px4_msgs/msg/detail/estimator_innovations__type_support.hpp\n'}
[5.935950] (px4_msgs) StdoutLine: {'line': b'-- Up-to-date: /home/pavel/ws_ros2/install/px4_msgs/include/px4_msgs/px4_msgs/msg/detail/vehicle_angular_velocity__struct.hpp\n'}
[5.935999] (px4_msgs) StdoutLine: {'line': b'-- Up-to-date: /home/pavel/ws_ros2/install/px4_msgs/include/px4_msgs/px4_msgs/msg/detail/estimator_aid_source1d__traits.hpp\n'}
[5.936047] (px4_msgs) StdoutLine: {'line': b'-- Up-to-date: /home/pavel/ws_ros2/install/px4_msgs/include/px4_msgs/px4_msgs/msg/detail/manual_control_switches__traits.hpp\n'}
[5.936095] (px4_msgs) StdoutLine: {'line': b'-- Up-to-date: /home/pavel/ws_ros2/install/px4_msgs/include/px4_msgs/px4_msgs/msg/detail/trajectory_setpoint__type_support.hpp\n'}
[5.936144] (px4_msgs) StdoutLine: {'line': b'-- Up-to-date: /home/pavel/ws_ros2/install/px4_msgs/include/px4_msgs/px4_msgs/msg/detail/vehicle_status__type_support.hpp\n'}
[5.936202] (px4_msgs) StdoutLine: {'line': b'-- Up-to-date: /home/pavel/ws_ros2/install/px4_msgs/include/px4_msgs/px4_msgs/msg/detail/landing_gear_wheel__builder.hpp\n'}
[5.936252] (px4_msgs) StdoutLine: {'line': b'-- Up-to-date: /home/pavel/ws_ros2/install/px4_msgs/include/px4_msgs/px4_msgs/msg/detail/transponder_report__struct.hpp\n'}
[5.936313] (px4_msgs) StdoutLine: {'line': b'-- Up-to-date: /home/pavel/ws_ros2/install/px4_msgs/include/px4_msgs/px4_msgs/msg/detail/parameter_set_value_response__type_support.hpp\n'}
[5.936361] (px4_msgs) StdoutLine: {'line': b'-- Up-to-date: /home/pavel/ws_ros2/install/px4_msgs/include/px4_msgs/px4_msgs/msg/detail/pwm_input__traits.hpp\n'}
[5.936408] (px4_msgs) StdoutLine: {'line': b'-- Up-to-date: /home/pavel/ws_ros2/install/px4_msgs/include/px4_msgs/px4_msgs/msg/detail/vehicle_optical_flow__traits.hpp\n'}
[5.936454] (px4_msgs) StdoutLine: {'line': b'-- Up-to-date: /home/pavel/ws_ros2/install/px4_msgs/include/px4_msgs/px4_msgs/msg/detail/rpm__struct.hpp\n'}
[5.936502] (px4_msgs) StdoutLine: {'line': b'-- Up-to-date: /home/pavel/ws_ros2/install/px4_msgs/include/px4_msgs/px4_msgs/msg/detail/rc_channels__traits.hpp\n'}
[5.936549] (px4_msgs) StdoutLine: {'line': b'-- Up-to-date: /home/pavel/ws_ros2/install/px4_msgs/include/px4_msgs/px4_msgs/msg/detail/camera_capture__struct.hpp\n'}
[5.936596] (px4_msgs) StdoutLine: {'line': b'-- Up-to-date: /home/pavel/ws_ros2/install/px4_msgs/include/px4_msgs/px4_msgs/msg/detail/hover_thrust_estimate__builder.hpp\n'}
[5.936643] (px4_msgs) StdoutLine: {'line': b'-- Up-to-date: /home/pavel/ws_ros2/install/px4_msgs/include/px4_msgs/px4_msgs/msg/detail/vehicle_local_position__builder.hpp\n'}
[5.936691] (px4_msgs) StdoutLine: {'line': b'-- Up-to-date: /home/pavel/ws_ros2/install/px4_msgs/include/px4_msgs/px4_msgs/msg/detail/heater_status__struct.hpp\n'}
[5.936742] (px4_msgs) StdoutLine: {'line': b'-- Up-to-date: /home/pavel/ws_ros2/install/px4_msgs/include/px4_msgs/px4_msgs/msg/detail/figure_eight_status__builder.hpp\n'}
[5.936795] (px4_msgs) StdoutLine: {'line': b'-- Up-to-date: /home/pavel/ws_ros2/install/px4_msgs/include/px4_msgs/px4_msgs/msg/detail/vehicle_roi__traits.hpp\n'}
[5.936843] (px4_msgs) StdoutLine: {'line': b'-- Up-to-date: /home/pavel/ws_ros2/install/px4_msgs/include/px4_msgs/px4_msgs/msg/detail/rc_channels__builder.hpp\n'}
[5.936903] (px4_msgs) StdoutLine: {'line': b'-- Up-to-date: /home/pavel/ws_ros2/install/px4_msgs/include/px4_msgs/px4_msgs/msg/detail/vehicle_attitude__type_support.hpp\n'}
[5.936952] (px4_msgs) StdoutLine: {'line': b'-- Up-to-date: /home/pavel/ws_ros2/install/px4_msgs/include/px4_msgs/px4_msgs/msg/gpio_out.hpp\n'}
[5.937000] (px4_msgs) StdoutLine: {'line': b'-- Up-to-date: /home/pavel/ws_ros2/install/px4_msgs/include/px4_msgs/px4_msgs/msg/dataman_response.hpp\n'}
[5.937048] (px4_msgs) StdoutLine: {'line': b'-- Up-to-date: /home/pavel/ws_ros2/install/px4_msgs/include/px4_msgs/px4_msgs/msg/vehicle_imu.hpp\n'}
[5.937095] (px4_msgs) StdoutLine: {'line': b'-- Up-to-date: /home/pavel/ws_ros2/install/px4_msgs/include/px4_msgs/px4_msgs/msg/arming_check_reply.hpp\n'}
[5.937142] (px4_msgs) StdoutLine: {'line': b'-- Up-to-date: /home/pavel/ws_ros2/install/px4_msgs/include/px4_msgs/px4_msgs/msg/power_button_state.hpp\n'}
[5.937188] (px4_msgs) StdoutLine: {'line': b'-- Up-to-date: /home/pavel/ws_ros2/install/px4_msgs/include/px4_msgs/px4_msgs/msg/vehicle_acceleration.hpp\n'}
[5.937235] (px4_msgs) StdoutLine: {'line': b'-- Up-to-date: /home/pavel/ws_ros2/install/px4_msgs/include/px4_msgs/px4_msgs/msg/px4io_status.hpp\n'}
[5.937282] (px4_msgs) StdoutLine: {'line': b'-- Up-to-date: /home/pavel/ws_ros2/install/px4_msgs/include/px4_msgs/px4_msgs/msg/mag_worker_data.hpp\n'}
[5.937329] (px4_msgs) StdoutLine: {'line': b'-- Up-to-date: /home/pavel/ws_ros2/install/px4_msgs/include/px4_msgs/px4_msgs/msg/vehicle_attitude.hpp\n'}
[5.937375] (px4_msgs) StdoutLine: {'line': b'-- Up-to-date: /home/pavel/ws_ros2/install/px4_msgs/include/px4_msgs/px4_msgs/msg/orb_test_medium.hpp\n'}
[5.937426] (px4_msgs) StdoutLine: {'line': b'-- Up-to-date: /home/pavel/ws_ros2/install/px4_msgs/include/px4_msgs/px4_msgs/msg/flight_phase_estimation.hpp\n'}
[5.937473] (px4_msgs) StdoutLine: {'line': b'-- Up-to-date: /home/pavel/ws_ros2/install/px4_msgs/include/px4_msgs/px4_msgs/msg/collision_constraints.hpp\n'}
[5.937520] (px4_msgs) StdoutLine: {'line': b'-- Up-to-date: /home/pavel/ws_ros2/install/px4_msgs/include/px4_msgs/px4_msgs/msg/distance_sensor.hpp\n'}
[5.937567] (px4_msgs) StdoutLine: {'line': b'-- Up-to-date: /home/pavel/ws_ros2/install/px4_msgs/include/px4_msgs/px4_msgs/msg/logger_status.hpp\n'}
[5.937614] (px4_msgs) StdoutLine: {'line': b'-- Up-to-date: /home/pavel/ws_ros2/install/px4_msgs/include/px4_msgs/px4_msgs/msg/sensor_correction.hpp\n'}
[5.937662] (px4_msgs) StdoutLine: {'line': b'-- Up-to-date: /home/pavel/ws_ros2/install/px4_msgs/include/px4_msgs/px4_msgs/msg/vehicle_roi.hpp\n'}
[5.937709] (px4_msgs) StdoutLine: {'line': b'-- Up-to-date: /home/pavel/ws_ros2/install/px4_msgs/include/px4_msgs/px4_msgs/msg/yaw_estimator_status.hpp\n'}
[5.937756] (px4_msgs) StdoutLine: {'line': b'-- Up-to-date: /home/pavel/ws_ros2/install/px4_msgs/include/px4_msgs/px4_msgs/msg/estimator_bias3d.hpp\n'}
[5.937803] (px4_msgs) StdoutLine: {'line': b'-- Up-to-date: /home/pavel/ws_ros2/install/px4_msgs/include/px4_msgs/px4_msgs/msg/vtol_vehicle_status.hpp\n'}
[5.937854] (px4_msgs) StdoutLine: {'line': b'-- Up-to-date: /home/pavel/ws_ros2/install/px4_msgs/include/px4_msgs/px4_msgs/msg/sensor_accel.hpp\n'}
[5.937908] (px4_msgs) StdoutLine: {'line': b'-- Up-to-date: /home/pavel/ws_ros2/install/px4_msgs/include/px4_msgs/px4_msgs/msg/sensors_status.hpp\n'}
[5.937955] (px4_msgs) StdoutLine: {'line': b'-- Up-to-date: /home/pavel/ws_ros2/install/px4_msgs/include/px4_msgs/px4_msgs/msg/pwm_input.hpp\n'}
[5.938002] (px4_msgs) StdoutLine: {'line': b'-- Up-to-date: /home/pavel/ws_ros2/install/px4_msgs/include/px4_msgs/px4_msgs/msg/vehicle_command.hpp\n'}
[5.938049] (px4_msgs) StdoutLine: {'line': b'-- Up-to-date: /home/pavel/ws_ros2/install/px4_msgs/include/px4_msgs/px4_msgs/msg/battery_status.hpp\n'}
[5.938095] (px4_msgs) StdoutLine: {'line': b'-- Up-to-date: /home/pavel/ws_ros2/install/px4_msgs/include/px4_msgs/px4_msgs/msg/failsafe_flags.hpp\n'}
[5.938141] (px4_msgs) StdoutLine: {'line': b'-- Up-to-date: /home/pavel/ws_ros2/install/px4_msgs/include/px4_msgs/px4_msgs/msg/sensor_preflight_mag.hpp\n'}
[5.938194] (px4_msgs) StdoutLine: {'line': b'-- Up-to-date: /home/pavel/ws_ros2/install/px4_msgs/include/px4_msgs/px4_msgs/msg/buffer128.hpp\n'}
[5.938241] (px4_msgs) StdoutLine: {'line': b'-- Up-to-date: /home/pavel/ws_ros2/install/px4_msgs/include/px4_msgs/px4_msgs/msg/ping.hpp\n'}
[5.938301] (px4_msgs) StdoutLine: {'line': b'-- Up-to-date: /home/pavel/ws_ros2/install/px4_msgs/include/px4_msgs/px4_msgs/msg/collision_report.hpp\n'}
[5.938350] (px4_msgs) StdoutLine: {'line': b'-- Up-to-date: /home/pavel/ws_ros2/install/px4_msgs/include/px4_msgs/px4_msgs/msg/landing_target_innovations.hpp\n'}
[5.938399] (px4_msgs) StdoutLine: {'line': b'-- Up-to-date: /home/pavel/ws_ros2/install/px4_msgs/include/px4_msgs/px4_msgs/msg/rc_parameter_map.hpp\n'}
[5.938447] (px4_msgs) StdoutLine: {'line': b'-- Up-to-date: /home/pavel/ws_ros2/install/px4_msgs/include/px4_msgs/px4_msgs/msg/generator_status.hpp\n'}
[5.938499] (px4_msgs) StdoutLine: {'line': b'-- Up-to-date: /home/pavel/ws_ros2/install/px4_msgs/include/px4_msgs/px4_msgs/msg/actuator_servos.hpp\n'}
[5.938549] (px4_msgs) StdoutLine: {'line': b'-- Up-to-date: /home/pavel/ws_ros2/install/px4_msgs/include/px4_msgs/px4_msgs/msg/actuator_outputs.hpp\n'}
[5.938597] (px4_msgs) StdoutLine: {'line': b'-- Up-to-date: /home/pavel/ws_ros2/install/px4_msgs/include/px4_msgs/px4_msgs/msg/hover_thrust_estimate.hpp\n'}
[5.938646] (px4_msgs) StdoutLine: {'line': b'-- Up-to-date: /home/pavel/ws_ros2/install/px4_msgs/include/px4_msgs/px4_msgs/msg/log_message.hpp\n'}
[5.938702] (px4_msgs) StdoutLine: {'line': b'-- Up-to-date: /home/pavel/ws_ros2/install/px4_msgs/include/px4_msgs/px4_msgs/msg/task_stack_info.hpp\n'}
[5.938754] (px4_msgs) StdoutLine: {'line': b'-- Up-to-date: /home/pavel/ws_ros2/install/px4_msgs/include/px4_msgs/px4_msgs/msg/parameter_set_used_request.hpp\n'}
[5.938803] (px4_msgs) StdoutLine: {'line': b'-- Up-to-date: /home/pavel/ws_ros2/install/px4_msgs/include/px4_msgs/px4_msgs/msg/mavlink_log.hpp\n'}
[5.938855] (px4_msgs) StdoutLine: {'line': b'-- Up-to-date: /home/pavel/ws_ros2/install/px4_msgs/include/px4_msgs/px4_msgs/msg/gimbal_manager_set_manual_control.hpp\n'}
[5.938912] (px4_msgs) StdoutLine: {'line': b'-- Up-to-date: /home/pavel/ws_ros2/install/px4_msgs/include/px4_msgs/px4_msgs/msg/sensor_gyro_fft.hpp\n'}
[5.938961] (px4_msgs) StdoutLine: {'line': b'-- Up-to-date: /home/pavel/ws_ros2/install/px4_msgs/include/px4_msgs/px4_msgs/msg/actuator_servos_trim.hpp\n'}
[5.939010] (px4_msgs) StdoutLine: {'line': b'-- Up-to-date: /home/pavel/ws_ros2/install/px4_msgs/include/px4_msgs/px4_msgs/msg/sensor_combined.hpp\n'}
[5.939059] (px4_msgs) StdoutLine: {'line': b'-- Up-to-date: /home/pavel/ws_ros2/install/px4_msgs/include/px4_msgs/px4_msgs/msg/rtl_status.hpp\n'}
[5.939106] (px4_msgs) StdoutLine: {'line': b'-- Up-to-date: /home/pavel/ws_ros2/install/px4_msgs/include/px4_msgs/px4_msgs/msg/position_setpoint_triplet.hpp\n'}
[5.939155] (px4_msgs) StdoutLine: {'line': b'-- Up-to-date: /home/pavel/ws_ros2/install/px4_msgs/include/px4_msgs/px4_msgs/msg/action_request.hpp\n'}
[5.939209] (px4_msgs) StdoutLine: {'line': b'-- Up-to-date: /home/pavel/ws_ros2/install/px4_msgs/include/px4_msgs/px4_msgs/msg/orb_test.hpp\n'}
[5.939258] (px4_msgs) StdoutLine: {'line': b'-- Up-to-date: /home/pavel/ws_ros2/install/px4_msgs/include/px4_msgs/px4_msgs/msg/onboard_computer_status.hpp\n'}
[5.939307] (px4_msgs) StdoutLine: {'line': b'-- Up-to-date: /home/pavel/ws_ros2/install/px4_msgs/include/px4_msgs/px4_msgs/msg/velocity_limits.hpp\n'}
[5.939355] (px4_msgs) StdoutLine: {'line': b'-- Up-to-date: /home/pavel/ws_ros2/install/px4_msgs/include/px4_msgs/px4_msgs/msg/vehicle_optical_flow_vel.hpp\n'}
[5.939403] (px4_msgs) StdoutLine: {'line': b'-- Up-to-date: /home/pavel/ws_ros2/install/px4_msgs/include/px4_msgs/px4_msgs/msg/estimator_sensor_bias.hpp\n'}
[5.939451] (px4_msgs) StdoutLine: {'line': b'-- Up-to-date: /home/pavel/ws_ros2/install/px4_msgs/include/px4_msgs/px4_msgs/msg/gimbal_controls.hpp\n'}
[5.939499] (px4_msgs) StdoutLine: {'line': b'-- Up-to-date: /home/pavel/ws_ros2/install/px4_msgs/include/px4_msgs/px4_msgs/msg/follow_target_estimator.hpp\n'}
[5.939547] (px4_msgs) StdoutLine: {'line': b'-- Up-to-date: /home/pavel/ws_ros2/install/px4_msgs/include/px4_msgs/px4_msgs/msg/mode_completed.hpp\n'}
[5.939595] (px4_msgs) StdoutLine: {'line': b'-- Up-to-date: /home/pavel/ws_ros2/install/px4_msgs/include/px4_msgs/px4_msgs/msg/pps_capture.hpp\n'}
[5.939643] (px4_msgs) StdoutLine: {'line': b'-- Up-to-date: /home/pavel/ws_ros2/install/px4_msgs/include/px4_msgs/px4_msgs/msg/gps_dump.hpp\n'}
[5.939691] (px4_msgs) StdoutLine: {'line': b'-- Up-to-date: /home/pavel/ws_ros2/install/px4_msgs/include/px4_msgs/px4_msgs/msg/goto_setpoint.hpp\n'}
[5.939740] (px4_msgs) StdoutLine: {'line': b'-- Up-to-date: /home/pavel/ws_ros2/install/px4_msgs/include/px4_msgs/px4_msgs/msg/mount_orientation.hpp\n'}
[5.939788] (px4_msgs) StdoutLine: {'line': b'-- Up-to-date: /home/pavel/ws_ros2/install/px4_msgs/include/px4_msgs/px4_msgs/msg/register_ext_component_reply.hpp\n'}
[5.939837] (px4_msgs) StdoutLine: {'line': b'-- Up-to-date: /home/pavel/ws_ros2/install/px4_msgs/include/px4_msgs/px4_msgs/msg/rpm.hpp\n'}
[5.939896] (px4_msgs) StdoutLine: {'line': b'-- Up-to-date: /home/pavel/ws_ros2/install/px4_msgs/include/px4_msgs/px4_msgs/msg/uavcan_parameter_value.hpp\n'}
[5.939947] (px4_msgs) StdoutLine: {'line': b'-- Up-to-date: /home/pavel/ws_ros2/install/px4_msgs/include/px4_msgs/px4_msgs/msg/adc_report.hpp\n'}
[5.939996] (px4_msgs) StdoutLine: {'line': b'-- Up-to-date: /home/pavel/ws_ros2/install/px4_msgs/include/px4_msgs/px4_msgs/msg/esc_status.hpp\n'}
[5.940079] (px4_msgs) StdoutLine: {'line': b'-- Up-to-date: /home/pavel/ws_ros2/install/px4_msgs/include/px4_msgs/px4_msgs/msg/internal_combustion_engine_status.hpp\n'}
[5.940137] (px4_msgs) StdoutLine: {'line': b'-- Up-to-date: /home/pavel/ws_ros2/install/px4_msgs/include/px4_msgs/px4_msgs/msg/follow_target_status.hpp\n'}
[5.940188] (px4_msgs) StdoutLine: {'line': b'-- Up-to-date: /home/pavel/ws_ros2/install/px4_msgs/include/px4_msgs/px4_msgs/msg/qshell_retval.hpp\n'}
[5.940238] (px4_msgs) StdoutLine: {'line': b'-- Up-to-date: /home/pavel/ws_ros2/install/px4_msgs/include/px4_msgs/px4_msgs/msg/launch_detection_status.hpp\n'}
[5.940287] (px4_msgs) StdoutLine: {'line': b'-- Up-to-date: /home/pavel/ws_ros2/install/px4_msgs/include/px4_msgs/px4_msgs/msg/camera_status.hpp\n'}
[5.940339] (px4_msgs) StdoutLine: {'line': b'-- Up-to-date: /home/pavel/ws_ros2/install/px4_msgs/include/px4_msgs/px4_msgs/msg/estimator_aid_source3d.hpp\n'}
[5.940390] (px4_msgs) StdoutLine: {'line': b'-- Up-to-date: /home/pavel/ws_ros2/install/px4_msgs/include/px4_msgs/px4_msgs/msg/gimbal_manager_status.hpp\n'}
[5.940439] (px4_msgs) StdoutLine: {'line': b'-- Up-to-date: /home/pavel/ws_ros2/install/px4_msgs/include/px4_msgs/px4_msgs/msg/radio_status.hpp\n'}
[5.940489] (px4_msgs) StdoutLine: {'line': b'-- Up-to-date: /home/pavel/ws_ros2/install/px4_msgs/include/px4_msgs/px4_msgs/msg/esc_report.hpp\n'}
[5.940538] (px4_msgs) StdoutLine: {'line': b'-- Up-to-date: /home/pavel/ws_ros2/install/px4_msgs/include/px4_msgs/px4_msgs/msg/vehicle_torque_setpoint.hpp\n'}
[5.940588] (px4_msgs) StdoutLine: {'line': b'-- Up-to-date: /home/pavel/ws_ros2/install/px4_msgs/include/px4_msgs/px4_msgs/msg/sensor_gnss_relative.hpp\n'}
[5.940637] (px4_msgs) StdoutLine: {'line': b'-- Up-to-date: /home/pavel/ws_ros2/install/px4_msgs/include/px4_msgs/px4_msgs/msg/rate_ctrl_status.hpp\n'}
[5.940699] (px4_msgs) StdoutLine: {'line': b'-- Up-to-date: /home/pavel/ws_ros2/install/px4_msgs/include/px4_msgs/px4_msgs/msg/camera_trigger.hpp\n'}
[5.940748] (px4_msgs) StdoutLine: {'line': b'-- Up-to-date: /home/pavel/ws_ros2/install/px4_msgs/include/px4_msgs/px4_msgs/msg/obstacle_distance.hpp\n'}
[5.940798] (px4_msgs) StdoutLine: {'line': b'-- Up-to-date: /home/pavel/ws_ros2/install/px4_msgs/include/px4_msgs/px4_msgs/msg/input_rc.hpp\n'}
[5.940860] (px4_msgs) StdoutLine: {'line': b'-- Up-to-date: /home/pavel/ws_ros2/install/px4_msgs/include/px4_msgs/px4_msgs/msg/estimator_event_flags.hpp\n'}
[5.940922] (px4_msgs) StdoutLine: {'line': b'-- Up-to-date: /home/pavel/ws_ros2/install/px4_msgs/include/px4_msgs/px4_msgs/msg/register_ext_component_request.hpp\n'}
[5.940972] (px4_msgs) StdoutLine: {'line': b'-- Up-to-date: /home/pavel/ws_ros2/install/px4_msgs/include/px4_msgs/px4_msgs/msg/home_position.hpp\n'}
[5.941022] (px4_msgs) StdoutLine: {'line': b'-- Up-to-date: /home/pavel/ws_ros2/install/px4_msgs/include/px4_msgs/px4_msgs/msg/gpio_config.hpp\n'}
[5.941071] (px4_msgs) StdoutLine: {'line': b'-- Up-to-date: /home/pavel/ws_ros2/install/px4_msgs/include/px4_msgs/px4_msgs/msg/tiltrotor_extra_controls.hpp\n'}
[5.941120] (px4_msgs) StdoutLine: {'line': b'-- Up-to-date: /home/pavel/ws_ros2/install/px4_msgs/include/px4_msgs/px4_msgs/msg/gimbal_device_information.hpp\n'}
[5.941176] (px4_msgs) StdoutLine: {'line': b'-- Up-to-date: /home/pavel/ws_ros2/install/px4_msgs/include/px4_msgs/px4_msgs/msg/vehicle_thrust_setpoint.hpp\n'}
[5.941226] (px4_msgs) StdoutLine: {'line': b'-- Up-to-date: /home/pavel/ws_ros2/install/px4_msgs/include/px4_msgs/px4_msgs/msg/qshell_req.hpp\n'}
[5.941276] (px4_msgs) StdoutLine: {'line': b'-- Up-to-date: /home/pavel/ws_ros2/install/px4_msgs/include/px4_msgs/px4_msgs/msg/vehicle_imu_status.hpp\n'}
[5.941325] (px4_msgs) StdoutLine: {'line': b'-- Up-to-date: /home/pavel/ws_ros2/install/px4_msgs/include/px4_msgs/px4_msgs/msg/sensor_gyro_fifo.hpp\n'}
[5.941373] (px4_msgs) StdoutLine: {'line': b'-- Up-to-date: /home/pavel/ws_ros2/install/px4_msgs/include/px4_msgs/px4_msgs/msg/gimbal_device_attitude_status.hpp\n'}
[5.941423] (px4_msgs) StdoutLine: {'line': b'-- Up-to-date: /home/pavel/ws_ros2/install/px4_msgs/include/px4_msgs/px4_msgs/msg/message_format_response.hpp\n'}
[5.941477] (px4_msgs) StdoutLine: {'line': b'-- Up-to-date: /home/pavel/ws_ros2/install/px4_msgs/include/px4_msgs/px4_msgs/msg/estimator_status_flags.hpp\n'}
[5.941525] (px4_msgs) StdoutLine: {'line': b'-- Up-to-date: /home/pavel/ws_ros2/install/px4_msgs/include/px4_msgs/px4_msgs/msg/landing_target_pose.hpp\n'}
[5.941574] (px4_msgs) StdoutLine: {'line': b'-- Up-to-date: /home/pavel/ws_ros2/install/px4_msgs/include/px4_msgs/px4_msgs/msg/sensor_gps.hpp\n'}
[5.941622] (px4_msgs) StdoutLine: {'line': b'-- Up-to-date: /home/pavel/ws_ros2/install/px4_msgs/include/px4_msgs/px4_msgs/msg/autotune_attitude_control_status.hpp\n'}
[5.941671] (px4_msgs) StdoutLine: {'line': b'-- Up-to-date: /home/pavel/ws_ros2/install/px4_msgs/include/px4_msgs/px4_msgs/msg/normalized_unsigned_setpoint.hpp\n'}
[5.941720] (px4_msgs) StdoutLine: {'line': b'-- Up-to-date: /home/pavel/ws_ros2/install/px4_msgs/include/px4_msgs/px4_msgs/msg/vehicle_constraints.hpp\n'}
[5.941769] (px4_msgs) StdoutLine: {'line': b'-- Up-to-date: /home/pavel/ws_ros2/install/px4_msgs/include/px4_msgs/px4_msgs/msg/manual_control_switches.hpp\n'}
[5.941817] (px4_msgs) StdoutLine: {'line': b'-- Up-to-date: /home/pavel/ws_ros2/install/px4_msgs/include/px4_msgs/px4_msgs/msg/sensor_gyro.hpp\n'}
[5.941879] (px4_msgs) StdoutLine: {'line': b'-- Up-to-date: /home/pavel/ws_ros2/install/px4_msgs/include/px4_msgs/px4_msgs/msg/wind.hpp\n'}
[5.941933] (px4_msgs) StdoutLine: {'line': b'-- Up-to-date: /home/pavel/ws_ros2/install/px4_msgs/include/px4_msgs/px4_msgs/msg/trajectory_waypoint.hpp\n'}
[5.941982] (px4_msgs) StdoutLine: {'line': b'-- Up-to-date: /home/pavel/ws_ros2/install/px4_msgs/include/px4_msgs/px4_msgs/msg/irlock_report.hpp\n'}
[5.942032] (px4_msgs) StdoutLine: {'line': b'-- Up-to-date: /home/pavel/ws_ros2/install/px4_msgs/include/px4_msgs/px4_msgs/msg/sensor_mag.hpp\n'}
[5.942081] (px4_msgs) StdoutLine: {'line': b'-- Up-to-date: /home/pavel/ws_ros2/install/px4_msgs/include/px4_msgs/px4_msgs/msg/vehicle_land_detected.hpp\n'}
[5.942130] (px4_msgs) StdoutLine: {'line': b'-- Up-to-date: /home/pavel/ws_ros2/install/px4_msgs/include/px4_msgs/px4_msgs/msg/airspeed_validated.hpp\n'}
[5.942199] (px4_msgs) StdoutLine: {'line': b'-- Up-to-date: /home/pavel/ws_ros2/install/px4_msgs/include/px4_msgs/px4_msgs/msg/estimator_innovations.hpp\n'}
[5.942265] (px4_msgs) StdoutLine: {'line': b'-- Up-to-date: /home/pavel/ws_ros2/install/px4_msgs/include/px4_msgs/px4_msgs/msg/power_monitor.hpp\n'}
[5.942329] (px4_msgs) StdoutLine: {'line': b'-- Up-to-date: /home/pavel/ws_ros2/install/px4_msgs/include/px4_msgs/px4_msgs/msg/cpuload.hpp\n'}
[5.942454] (px4_msgs) StdoutLine: {'line': b'-- Up-to-date: /home/pavel/ws_ros2/install/px4_msgs/include/px4_msgs/px4_msgs/msg/uavcan_parameter_request.hpp\n'}
[5.942519] (px4_msgs) StdoutLine: {'line': b'-- Up-to-date: /home/pavel/ws_ros2/install/px4_msgs/include/px4_msgs/px4_msgs/msg/actuator_armed.hpp\n'}
[5.942582] (px4_msgs) StdoutLine: {'line': b'-- Up-to-date: /home/pavel/ws_ros2/install/px4_msgs/include/px4_msgs/px4_msgs/msg/failure_detector_status.hpp\n'}
[5.942646] (px4_msgs) StdoutLine: {'line': b'-- Up-to-date: /home/pavel/ws_ros2/install/px4_msgs/include/px4_msgs/px4_msgs/msg/actuator_controls_status.hpp\n'}
[5.942709] (px4_msgs) StdoutLine: {'line': b'-- Up-to-date: /home/pavel/ws_ros2/install/px4_msgs/include/px4_msgs/px4_msgs/msg/rover_ackermann_guidance_status.hpp\n'}
[5.942772] (px4_msgs) StdoutLine: {'line': b'-- Up-to-date: /home/pavel/ws_ros2/install/px4_msgs/include/px4_msgs/px4_msgs/msg/debug_key_value.hpp\n'}
[5.942835] (px4_msgs) StdoutLine: {'line': b'-- Up-to-date: /home/pavel/ws_ros2/install/px4_msgs/include/px4_msgs/px4_msgs/msg/estimator_aid_source1d.hpp\n'}
[5.942918] (px4_msgs) StdoutLine: {'line': b'-- Up-to-date: /home/pavel/ws_ros2/install/px4_msgs/include/px4_msgs/px4_msgs/msg/gimbal_device_set_attitude.hpp\n'}
[5.942983] (px4_msgs) StdoutLine: {'line': b'-- Up-to-date: /home/pavel/ws_ros2/install/px4_msgs/include/px4_msgs/px4_msgs/msg/telemetry_status.hpp\n'}
[5.943046] (px4_msgs) StdoutLine: {'line': b'-- Up-to-date: /home/pavel/ws_ros2/install/px4_msgs/include/px4_msgs/px4_msgs/msg/vehicle_command_ack.hpp\n'}
[5.943113] (px4_msgs) StdoutLine: {'line': b'-- Up-to-date: /home/pavel/ws_ros2/install/px4_msgs/include/px4_msgs/px4_msgs/msg/estimator_gps_status.hpp\n'}
[5.943179] (px4_msgs) StdoutLine: {'line': b'-- Up-to-date: /home/pavel/ws_ros2/install/px4_msgs/include/px4_msgs/px4_msgs/msg/trajectory_setpoint.hpp\n'}
[5.943241] (px4_msgs) StdoutLine: {'line': b'-- Up-to-date: /home/pavel/ws_ros2/install/px4_msgs/include/px4_msgs/px4_msgs/msg/airspeed.hpp\n'}
[5.943304] (px4_msgs) StdoutLine: {'line': b'-- Up-to-date: /home/pavel/ws_ros2/install/px4_msgs/include/px4_msgs/px4_msgs/msg/geofence_result.hpp\n'}
[5.943366] (px4_msgs) StdoutLine: {'line': b'-- Up-to-date: /home/pavel/ws_ros2/install/px4_msgs/include/px4_msgs/px4_msgs/msg/mission.hpp\n'}
[5.943429] (px4_msgs) StdoutLine: {'line': b'-- Up-to-date: /home/pavel/ws_ros2/install/px4_msgs/include/px4_msgs/px4_msgs/msg/gimbal_manager_information.hpp\n'}
[5.943491] (px4_msgs) StdoutLine: {'line': b'-- Up-to-date: /home/pavel/ws_ros2/install/px4_msgs/include/px4_msgs/px4_msgs/msg/actuator_test.hpp\n'}
[5.943554] (px4_msgs) StdoutLine: {'line': b'-- Up-to-date: /home/pavel/ws_ros2/install/px4_msgs/include/px4_msgs/px4_msgs/msg/sensor_accel_fifo.hpp\n'}
[5.943617] (px4_msgs) StdoutLine: {'line': b'-- Up-to-date: /home/pavel/ws_ros2/install/px4_msgs/include/px4_msgs/px4_msgs/msg/follow_target.hpp\n'}
[5.943680] (px4_msgs) StdoutLine: {'line': b'-- Up-to-date: /home/pavel/ws_ros2/install/px4_msgs/include/px4_msgs/px4_msgs/msg/position_setpoint.hpp\n'}
[5.943743] (px4_msgs) StdoutLine: {'line': b'-- Up-to-date: /home/pavel/ws_ros2/install/px4_msgs/include/px4_msgs/px4_msgs/msg/landing_gear.hpp\n'}
[5.943806] (px4_msgs) StdoutLine: {'line': b'-- Up-to-date: /home/pavel/ws_ros2/install/px4_msgs/include/px4_msgs/px4_msgs/msg/differential_pressure.hpp\n'}
[5.943878] (px4_msgs) StdoutLine: {'line': b'-- Up-to-date: /home/pavel/ws_ros2/install/px4_msgs/include/px4_msgs/px4_msgs/msg/sensor_hygrometer.hpp\n'}
[5.943948] (px4_msgs) StdoutLine: {'line': b'-- Up-to-date: /home/pavel/ws_ros2/install/px4_msgs/include/px4_msgs/px4_msgs/msg/takeoff_status.hpp\n'}
[5.944011] (px4_msgs) StdoutLine: {'line': b'-- Up-to-date: /home/pavel/ws_ros2/install/px4_msgs/include/px4_msgs/px4_msgs/msg/offboard_control_mode.hpp\n'}
[5.944073] (px4_msgs) StdoutLine: {'line': b'-- Up-to-date: /home/pavel/ws_ros2/install/px4_msgs/include/px4_msgs/px4_msgs/msg/estimator_selector_status.hpp\n'}
[5.944136] (px4_msgs) StdoutLine: {'line': b'-- Up-to-date: /home/pavel/ws_ros2/install/px4_msgs/include/px4_msgs/px4_msgs/msg/sensor_optical_flow.hpp\n'}
[5.944201] (px4_msgs) StdoutLine: {'line': b'-- Up-to-date: /home/pavel/ws_ros2/install/px4_msgs/include/px4_msgs/px4_msgs/msg/position_controller_landing_status.hpp\n'}
[5.944266] (px4_msgs) StdoutLine: {'line': b'-- Up-to-date: /home/pavel/ws_ros2/install/px4_msgs/include/px4_msgs/px4_msgs/msg/geofence_status.hpp\n'}
[5.944328] (px4_msgs) StdoutLine: {'line': b'-- Up-to-date: /home/pavel/ws_ros2/install/px4_msgs/include/px4_msgs/px4_msgs/msg/airspeed_wind.hpp\n'}
[5.944391] (px4_msgs) StdoutLine: {'line': b'-- Up-to-date: /home/pavel/ws_ros2/install/px4_msgs/include/px4_msgs/px4_msgs/msg/sensor_airflow.hpp\n'}
[5.944453] (px4_msgs) StdoutLine: {'line': b'-- Up-to-date: /home/pavel/ws_ros2/install/px4_msgs/include/px4_msgs/px4_msgs/msg/orbit_status.hpp\n'}
[5.944515] (px4_msgs) StdoutLine: {'line': b'-- Up-to-date: /home/pavel/ws_ros2/install/px4_msgs/include/px4_msgs/px4_msgs/msg/fuel_tank_status.hpp\n'}
[5.944581] (px4_msgs) StdoutLine: {'line': b'-- Up-to-date: /home/pavel/ws_ros2/install/px4_msgs/include/px4_msgs/px4_msgs/msg/config_overrides.hpp\n'}
[5.944644] (px4_msgs) StdoutLine: {'line': b'-- Up-to-date: /home/pavel/ws_ros2/install/px4_msgs/include/px4_msgs/px4_msgs/msg/camera_capture.hpp\n'}
[5.944706] (px4_msgs) StdoutLine: {'line': b'-- Up-to-date: /home/pavel/ws_ros2/install/px4_msgs/include/px4_msgs/px4_msgs/msg/parameter_set_value_response.hpp\n'}
[5.944768] (px4_msgs) StdoutLine: {'line': b'-- Up-to-date: /home/pavel/ws_ros2/install/px4_msgs/include/px4_msgs/px4_msgs/msg/differential_drive_setpoint.hpp\n'}
[5.944834] (px4_msgs) StdoutLine: {'line': b'-- Up-to-date: /home/pavel/ws_ros2/install/px4_msgs/include/px4_msgs/px4_msgs/msg/button_event.hpp\n'}
[5.944919] (px4_msgs) StdoutLine: {'line': b'-- Up-to-date: /home/pavel/ws_ros2/install/px4_msgs/include/px4_msgs/px4_msgs/msg/control_allocator_status.hpp\n'}
[5.944990] (px4_msgs) StdoutLine: {'line': b'-- Up-to-date: /home/pavel/ws_ros2/install/px4_msgs/include/px4_msgs/px4_msgs/msg/debug_vect.hpp\n'}
[5.945053] (px4_msgs) StdoutLine: {'line': b'-- Up-to-date: /home/pavel/ws_ros2/install/px4_msgs/include/px4_msgs/px4_msgs/msg/ulog_stream.hpp\n'}
[5.945116] (px4_msgs) StdoutLine: {'line': b'-- Up-to-date: /home/pavel/ws_ros2/install/px4_msgs/include/px4_msgs/px4_msgs/msg/gps_inject_data.hpp\n'}
[5.945179] (px4_msgs) StdoutLine: {'line': b'-- Up-to-date: /home/pavel/ws_ros2/install/px4_msgs/include/px4_msgs/px4_msgs/msg/health_report.hpp\n'}
[5.945241] (px4_msgs) StdoutLine: {'line': b'-- Up-to-date: /home/pavel/ws_ros2/install/px4_msgs/include/px4_msgs/px4_msgs/msg/parameter_reset_request.hpp\n'}
[5.945305] (px4_msgs) StdoutLine: {'line': b'-- Up-to-date: /home/pavel/ws_ros2/install/px4_msgs/include/px4_msgs/px4_msgs/msg/vehicle_trajectory_waypoint.hpp\n'}
[5.945368] (px4_msgs) StdoutLine: {'line': b'-- Up-to-date: /home/pavel/ws_ros2/install/px4_msgs/include/px4_msgs/px4_msgs/msg/satellite_info.hpp\n'}
[5.945439] (px4_msgs) StdoutLine: {'line': b'-- Up-to-date: /home/pavel/ws_ros2/install/px4_msgs/include/px4_msgs/px4_msgs/msg/vehicle_local_position_setpoint.hpp\n'}
[5.945503] (px4_msgs) StdoutLine: {'line': b'-- Up-to-date: /home/pavel/ws_ros2/install/px4_msgs/include/px4_msgs/px4_msgs/msg/estimator_status.hpp\n'}
[5.945565] (px4_msgs) StdoutLine: {'line': b'-- Up-to-date: /home/pavel/ws_ros2/install/px4_msgs/include/px4_msgs/px4_msgs/msg/sensor_uwb.hpp\n'}
[5.945628] (px4_msgs) StdoutLine: {'line': b'-- Up-to-date: /home/pavel/ws_ros2/install/px4_msgs/include/px4_msgs/px4_msgs/msg/rc_channels.hpp\n'}
[5.945691] (px4_msgs) StdoutLine: {'line': b'-- Up-to-date: /home/pavel/ws_ros2/install/px4_msgs/include/px4_msgs/px4_msgs/msg/rosidl_generator_cpp__visibility_control.hpp\n'}
[5.945754] (px4_msgs) StdoutLine: {'line': b'-- Up-to-date: /home/pavel/ws_ros2/install/px4_msgs/include/px4_msgs/px4_msgs/msg/figure_eight_status.hpp\n'}
[5.945817] (px4_msgs) StdoutLine: {'line': b'-- Up-to-date: /home/pavel/ws_ros2/install/px4_msgs/include/px4_msgs/px4_msgs/msg/trajectory_bezier.hpp\n'}
[5.945896] (px4_msgs) StdoutLine: {'line': b'-- Up-to-date: /home/pavel/ws_ros2/install/px4_msgs/include/px4_msgs/px4_msgs/msg/system_power.hpp\n'}
[5.945963] (px4_msgs) StdoutLine: {'line': b'-- Up-to-date: /home/pavel/ws_ros2/install/px4_msgs/include/px4_msgs/px4_msgs/msg/vehicle_angular_acceleration_setpoint.hpp\n'}
[5.946026] (px4_msgs) StdoutLine: {'line': b'-- Up-to-date: /home/pavel/ws_ros2/install/px4_msgs/include/px4_msgs/px4_msgs/msg/tune_control.hpp\n'}
[5.946089] (px4_msgs) StdoutLine: {'line': b'-- Up-to-date: /home/pavel/ws_ros2/install/px4_msgs/include/px4_msgs/px4_msgs/msg/vehicle_air_data.hpp\n'}
[5.946152] (px4_msgs) StdoutLine: {'line': b'-- Up-to-date: /home/pavel/ws_ros2/install/px4_msgs/include/px4_msgs/px4_msgs/msg/rtl_time_estimate.hpp\n'}
[5.946215] (px4_msgs) StdoutLine: {'line': b'-- Up-to-date: /home/pavel/ws_ros2/install/px4_msgs/include/px4_msgs/px4_msgs/msg/heater_status.hpp\n'}
[5.946277] (px4_msgs) StdoutLine: {'line': b'-- Up-to-date: /home/pavel/ws_ros2/install/px4_msgs/include/px4_msgs/px4_msgs/msg/estimator_aid_source2d.hpp\n'}
[5.946340] (px4_msgs) StdoutLine: {'line': b'-- Up-to-date: /home/pavel/ws_ros2/install/px4_msgs/include/px4_msgs/px4_msgs/msg/parameter_update.hpp\n'}
[5.946404] (px4_msgs) StdoutLine: {'line': b'-- Up-to-date: /home/pavel/ws_ros2/install/px4_msgs/include/px4_msgs/px4_msgs/msg/vehicle_optical_flow.hpp\n'}
[5.946467] (px4_msgs) StdoutLine: {'line': b'-- Up-to-date: /home/pavel/ws_ros2/install/px4_msgs/include/px4_msgs/px4_msgs/msg/unregister_ext_component.hpp\n'}
[5.946535] (px4_msgs) StdoutLine: {'line': b'-- Up-to-date: /home/pavel/ws_ros2/install/px4_msgs/include/px4_msgs/px4_msgs/msg/arming_check_request.hpp\n'}
[5.946598] (px4_msgs) StdoutLine: {'line': b'-- Up-to-date: /home/pavel/ws_ros2/install/px4_msgs/include/px4_msgs/px4_msgs/msg/can_interface_status.hpp\n'}
[5.946661] (px4_msgs) StdoutLine: {'line': b'-- Up-to-date: /home/pavel/ws_ros2/install/px4_msgs/include/px4_msgs/px4_msgs/msg/vehicle_odometry.hpp\n'}
[5.946724] (px4_msgs) StdoutLine: {'line': b'-- Up-to-date: /home/pavel/ws_ros2/install/px4_msgs/include/px4_msgs/px4_msgs/msg/orb_test_large.hpp\n'}
[5.946787] (px4_msgs) StdoutLine: {'line': b'-- Up-to-date: /home/pavel/ws_ros2/install/px4_msgs/include/px4_msgs/px4_msgs/msg/cellular_status.hpp\n'}
[5.946857] (px4_msgs) StdoutLine: {'line': b'-- Up-to-date: /home/pavel/ws_ros2/install/px4_msgs/include/px4_msgs/px4_msgs/msg/manual_control_setpoint.hpp\n'}
[5.946932] (px4_msgs) StdoutLine: {'line': b'-- Up-to-date: /home/pavel/ws_ros2/install/px4_msgs/include/px4_msgs/px4_msgs/msg/vehicle_magnetometer.hpp\n'}
[5.946997] (px4_msgs) StdoutLine: {'line': b'-- Up-to-date: /home/pavel/ws_ros2/install/px4_msgs/include/px4_msgs/px4_msgs/msg/dataman_request.hpp\n'}
[5.947060] (px4_msgs) StdoutLine: {'line': b'-- Up-to-date: /home/pavel/ws_ros2/install/px4_msgs/include/px4_msgs/px4_msgs/msg/tecs_status.hpp\n'}
[5.947123] (px4_msgs) StdoutLine: {'line': b'-- Up-to-date: /home/pavel/ws_ros2/install/px4_msgs/include/px4_msgs/px4_msgs/msg/sensor_selection.hpp\n'}
[5.947186] (px4_msgs) StdoutLine: {'line': b'-- Up-to-date: /home/pavel/ws_ros2/install/px4_msgs/include/px4_msgs/px4_msgs/msg/timesync_status.hpp\n'}
[5.947248] (px4_msgs) StdoutLine: {'line': b'-- Up-to-date: /home/pavel/ws_ros2/install/px4_msgs/include/px4_msgs/px4_msgs/msg/ekf2_timestamps.hpp\n'}
[5.947311] (px4_msgs) StdoutLine: {'line': b'-- Up-to-date: /home/pavel/ws_ros2/install/px4_msgs/include/px4_msgs/px4_msgs/msg/vehicle_local_position.hpp\n'}
[5.947373] (px4_msgs) StdoutLine: {'line': b'-- Up-to-date: /home/pavel/ws_ros2/install/px4_msgs/include/px4_msgs/px4_msgs/msg/vehicle_status.hpp\n'}
[5.947436] (px4_msgs) StdoutLine: {'line': b'-- Up-to-date: /home/pavel/ws_ros2/install/px4_msgs/include/px4_msgs/px4_msgs/msg/magnetometer_bias_estimate.hpp\n'}
[5.947499] (px4_msgs) StdoutLine: {'line': b'-- Up-to-date: /home/pavel/ws_ros2/install/px4_msgs/include/px4_msgs/px4_msgs/msg/vehicle_trajectory_bezier.hpp\n'}
[5.947561] (px4_msgs) StdoutLine: {'line': b'-- Up-to-date: /home/pavel/ws_ros2/install/px4_msgs/include/px4_msgs/px4_msgs/msg/event.hpp\n'}
[5.947624] (px4_msgs) StdoutLine: {'line': b'-- Up-to-date: /home/pavel/ws_ros2/install/px4_msgs/include/px4_msgs/px4_msgs/msg/estimator_bias.hpp\n'}
[5.947687] (px4_msgs) StdoutLine: {'line': b'-- Up-to-date: /home/pavel/ws_ros2/install/px4_msgs/include/px4_msgs/px4_msgs/msg/mission_result.hpp\n'}
[5.947750] (px4_msgs) StdoutLine: {'line': b'-- Up-to-date: /home/pavel/ws_ros2/install/px4_msgs/include/px4_msgs/px4_msgs/msg/vehicle_control_mode.hpp\n'}
[5.947813] (px4_msgs) StdoutLine: {'line': b'-- Up-to-date: /home/pavel/ws_ros2/install/px4_msgs/include/px4_msgs/px4_msgs/msg/gimbal_manager_set_attitude.hpp\n'}
[5.947887] (px4_msgs) StdoutLine: {'line': b'-- Up-to-date: /home/pavel/ws_ros2/install/px4_msgs/include/px4_msgs/px4_msgs\n'}
[5.947961] (px4_msgs) StdoutLine: {'line': b'-- Up-to-date: /home/pavel/ws_ros2/install/px4_msgs/include/px4_msgs/px4_msgs/srv\n'}
[5.948025] (px4_msgs) StdoutLine: {'line': b'-- Up-to-date: /home/pavel/ws_ros2/install/px4_msgs/include/px4_msgs/px4_msgs/srv/detail\n'}
[5.948089] (px4_msgs) StdoutLine: {'line': b'-- Up-to-date: /home/pavel/ws_ros2/install/px4_msgs/include/px4_msgs/px4_msgs/srv/detail/vehicle_command__rosidl_typesupport_fastrtps_cpp.hpp\n'}
[5.948154] (px4_msgs) StdoutLine: {'line': b'-- Up-to-date: /home/pavel/ws_ros2/install/px4_msgs/include/px4_msgs/px4_msgs/srv/detail/dds_fastrtps\n'}
[5.948220] (px4_msgs) StdoutLine: {'line': b'-- Up-to-date: /home/pavel/ws_ros2/install/px4_msgs/include/px4_msgs/px4_msgs/msg\n'}
[5.948290] (px4_msgs) StdoutLine: {'line': b'-- Up-to-date: /home/pavel/ws_ros2/install/px4_msgs/include/px4_msgs/px4_msgs/msg/detail\n'}
[5.948354] (px4_msgs) StdoutLine: {'line': b'-- Up-to-date: /home/pavel/ws_ros2/install/px4_msgs/include/px4_msgs/px4_msgs/msg/detail/sensor_selection__rosidl_typesupport_fastrtps_cpp.hpp\n'}
[5.948418] (px4_msgs) StdoutLine: {'line': b'-- Up-to-date: /home/pavel/ws_ros2/install/px4_msgs/include/px4_msgs/px4_msgs/msg/detail/message_format_response__rosidl_typesupport_fastrtps_cpp.hpp\n'}
[5.948482] (px4_msgs) StdoutLine: {'line': b'-- Up-to-date: /home/pavel/ws_ros2/install/px4_msgs/include/px4_msgs/px4_msgs/msg/detail/camera_trigger__rosidl_typesupport_fastrtps_cpp.hpp\n'}
[5.948545] (px4_msgs) StdoutLine: {'line': b'-- Up-to-date: /home/pavel/ws_ros2/install/px4_msgs/include/px4_msgs/px4_msgs/msg/detail/vehicle_command__rosidl_typesupport_fastrtps_cpp.hpp\n'}
[5.948609] (px4_msgs) StdoutLine: {'line': b'-- Up-to-date: /home/pavel/ws_ros2/install/px4_msgs/include/px4_msgs/px4_msgs/msg/detail/register_ext_component_request__rosidl_typesupport_fastrtps_cpp.hpp\n'}
[5.948673] (px4_msgs) StdoutLine: {'line': b'-- Up-to-date: /home/pavel/ws_ros2/install/px4_msgs/include/px4_msgs/px4_msgs/msg/detail/arming_check_request__rosidl_typesupport_fastrtps_cpp.hpp\n'}
[5.948736] (px4_msgs) StdoutLine: {'line': b'-- Up-to-date: /home/pavel/ws_ros2/install/px4_msgs/include/px4_msgs/px4_msgs/msg/detail/logger_status__rosidl_typesupport_fastrtps_cpp.hpp\n'}
[5.948798] (px4_msgs) StdoutLine: {'line': b'-- Up-to-date: /home/pavel/ws_ros2/install/px4_msgs/include/px4_msgs/px4_msgs/msg/detail/unregister_ext_component__rosidl_typesupport_fastrtps_cpp.hpp\n'}
[5.948869] (px4_msgs) StdoutLine: {'line': b'-- Up-to-date: /home/pavel/ws_ros2/install/px4_msgs/include/px4_msgs/px4_msgs/msg/detail/gimbal_controls__rosidl_typesupport_fastrtps_cpp.hpp\n'}
[5.952982] (px4_msgs) StdoutLine: {'line': b'-- Up-to-date: /home/pavel/ws_ros2/install/px4_msgs/include/px4_msgs/px4_msgs/msg/detail/landing_target_pose__rosidl_typesupport_fastrtps_cpp.hpp\n'}
[5.953072] (px4_msgs) StdoutLine: {'line': b'-- Up-to-date: /home/pavel/ws_ros2/install/px4_msgs/include/px4_msgs/px4_msgs/msg/detail/ulog_stream__rosidl_typesupport_fastrtps_cpp.hpp\n'}
[5.953169] (px4_msgs) StdoutLine: {'line': b'-- Up-to-date: /home/pavel/ws_ros2/install/px4_msgs/include/px4_msgs/px4_msgs/msg/detail/vehicle_magnetometer__rosidl_typesupport_fastrtps_cpp.hpp\n'}
[5.953236] (px4_msgs) StdoutLine: {'line': b'-- Up-to-date: /home/pavel/ws_ros2/install/px4_msgs/include/px4_msgs/px4_msgs/msg/detail/can_interface_status__rosidl_typesupport_fastrtps_cpp.hpp\n'}
[5.953299] (px4_msgs) StdoutLine: {'line': b'-- Up-to-date: /home/pavel/ws_ros2/install/px4_msgs/include/px4_msgs/px4_msgs/msg/detail/estimator_aid_source2d__rosidl_typesupport_fastrtps_cpp.hpp\n'}
[5.953362] (px4_msgs) StdoutLine: {'line': b'-- Up-to-date: /home/pavel/ws_ros2/install/px4_msgs/include/px4_msgs/px4_msgs/msg/detail/sensors_status_imu__rosidl_typesupport_fastrtps_cpp.hpp\n'}
[5.953426] (px4_msgs) StdoutLine: {'line': b'-- Up-to-date: /home/pavel/ws_ros2/install/px4_msgs/include/px4_msgs/px4_msgs/msg/detail/vehicle_attitude_setpoint__rosidl_typesupport_fastrtps_cpp.hpp\n'}
[5.953490] (px4_msgs) StdoutLine: {'line': b'-- Up-to-date: /home/pavel/ws_ros2/install/px4_msgs/include/px4_msgs/px4_msgs/msg/detail/log_message__rosidl_typesupport_fastrtps_cpp.hpp\n'}
[5.953553] (px4_msgs) StdoutLine: {'line': b'-- Up-to-date: /home/pavel/ws_ros2/install/px4_msgs/include/px4_msgs/px4_msgs/msg/detail/vehicle_angular_acceleration_setpoint__rosidl_typesupport_fastrtps_cpp.hpp\n'}
[5.953617] (px4_msgs) StdoutLine: {'line': b'-- Up-to-date: /home/pavel/ws_ros2/install/px4_msgs/include/px4_msgs/px4_msgs/msg/detail/obstacle_distance__rosidl_typesupport_fastrtps_cpp.hpp\n'}
[5.953693] (px4_msgs) StdoutLine: {'line': b'-- Up-to-date: /home/pavel/ws_ros2/install/px4_msgs/include/px4_msgs/px4_msgs/msg/detail/sensor_uwb__rosidl_typesupport_fastrtps_cpp.hpp\n'}
[5.953771] (px4_msgs) StdoutLine: {'line': b'-- Up-to-date: /home/pavel/ws_ros2/install/px4_msgs/include/px4_msgs/px4_msgs/msg/detail/estimator_aid_source1d__rosidl_typesupport_fastrtps_cpp.hpp\n'}
[5.953863] (px4_msgs) StdoutLine: {'line': b'-- Up-to-date: /home/pavel/ws_ros2/install/px4_msgs/include/px4_msgs/px4_msgs/msg/detail/debug_vect__rosidl_typesupport_fastrtps_cpp.hpp\n'}
[5.953936] (px4_msgs) StdoutLine: {'line': b'-- Up-to-date: /home/pavel/ws_ros2/install/px4_msgs/include/px4_msgs/px4_msgs/msg/detail/vehicle_attitude__rosidl_typesupport_fastrtps_cpp.hpp\n'}
[5.954000] (px4_msgs) StdoutLine: {'line': b'-- Up-to-date: /home/pavel/ws_ros2/install/px4_msgs/include/px4_msgs/px4_msgs/msg/detail/parameter_update__rosidl_typesupport_fastrtps_cpp.hpp\n'}
[5.954071] (px4_msgs) StdoutLine: {'line': b'-- Up-to-date: /home/pavel/ws_ros2/install/px4_msgs/include/px4_msgs/px4_msgs/msg/detail/vehicle_trajectory_waypoint__rosidl_typesupport_fastrtps_cpp.hpp\n'}
[5.954136] (px4_msgs) StdoutLine: {'line': b'-- Up-to-date: /home/pavel/ws_ros2/install/px4_msgs/include/px4_msgs/px4_msgs/msg/detail/flight_phase_estimation__rosidl_typesupport_fastrtps_cpp.hpp\n'}
[5.954212] (px4_msgs) StdoutLine: {'line': b'-- Up-to-date: /home/pavel/ws_ros2/install/px4_msgs/include/px4_msgs/px4_msgs/msg/detail/gps_dump__rosidl_typesupport_fastrtps_cpp.hpp\n'}
[5.954290] (px4_msgs) StdoutLine: {'line': b'-- Up-to-date: /home/pavel/ws_ros2/install/px4_msgs/include/px4_msgs/px4_msgs/msg/detail/estimator_selector_status__rosidl_typesupport_fastrtps_cpp.hpp\n'}
[5.954369] (px4_msgs) StdoutLine: {'line': b'-- Up-to-date: /home/pavel/ws_ros2/install/px4_msgs/include/px4_msgs/px4_msgs/msg/detail/sensors_status__rosidl_typesupport_fastrtps_cpp.hpp\n'}
[5.954447] (px4_msgs) StdoutLine: {'line': b'-- Up-to-date: /home/pavel/ws_ros2/install/px4_msgs/include/px4_msgs/px4_msgs/msg/detail/px4io_status__rosidl_typesupport_fastrtps_cpp.hpp\n'}
[5.954525] (px4_msgs) StdoutLine: {'line': b'-- Up-to-date: /home/pavel/ws_ros2/install/px4_msgs/include/px4_msgs/px4_msgs/msg/detail/gimbal_device_attitude_status__rosidl_typesupport_fastrtps_cpp.hpp\n'}
[5.954603] (px4_msgs) StdoutLine: {'line': b'-- Up-to-date: /home/pavel/ws_ros2/install/px4_msgs/include/px4_msgs/px4_msgs/msg/detail/magnetometer_bias_estimate__rosidl_typesupport_fastrtps_cpp.hpp\n'}
[5.954680] (px4_msgs) StdoutLine: {'line': b'-- Up-to-date: /home/pavel/ws_ros2/install/px4_msgs/include/px4_msgs/px4_msgs/msg/detail/vehicle_angular_velocity__rosidl_typesupport_fastrtps_cpp.hpp\n'}
[5.954758] (px4_msgs) StdoutLine: {'line': b'-- Up-to-date: /home/pavel/ws_ros2/install/px4_msgs/include/px4_msgs/px4_msgs/msg/detail/trajectory_bezier__rosidl_typesupport_fastrtps_cpp.hpp\n'}
[5.954836] (px4_msgs) StdoutLine: {'line': b'-- Up-to-date: /home/pavel/ws_ros2/install/px4_msgs/include/px4_msgs/px4_msgs/msg/detail/failsafe_flags__rosidl_typesupport_fastrtps_cpp.hpp\n'}
[5.954947] (px4_msgs) StdoutLine: {'line': b'-- Up-to-date: /home/pavel/ws_ros2/install/px4_msgs/include/px4_msgs/px4_msgs/msg/detail/system_power__rosidl_typesupport_fastrtps_cpp.hpp\n'}
[5.955012] (px4_msgs) StdoutLine: {'line': b'-- Up-to-date: /home/pavel/ws_ros2/install/px4_msgs/include/px4_msgs/px4_msgs/msg/detail/vehicle_odometry__rosidl_typesupport_fastrtps_cpp.hpp\n'}
[5.955081] (px4_msgs) StdoutLine: {'line': b'-- Up-to-date: /home/pavel/ws_ros2/install/px4_msgs/include/px4_msgs/px4_msgs/msg/detail/irlock_report__rosidl_typesupport_fastrtps_cpp.hpp\n'}
[5.955145] (px4_msgs) StdoutLine: {'line': b'-- Up-to-date: /home/pavel/ws_ros2/install/px4_msgs/include/px4_msgs/px4_msgs/msg/detail/tune_control__rosidl_typesupport_fastrtps_cpp.hpp\n'}
[5.955227] (px4_msgs) StdoutLine: {'line': b'-- Up-to-date: /home/pavel/ws_ros2/install/px4_msgs/include/px4_msgs/px4_msgs/msg/detail/iridiumsbd_status__rosidl_typesupport_fastrtps_cpp.hpp\n'}
[5.955291] (px4_msgs) StdoutLine: {'line': b'-- Up-to-date: /home/pavel/ws_ros2/install/px4_msgs/include/px4_msgs/px4_msgs/msg/detail/register_ext_component_reply__rosidl_typesupport_fastrtps_cpp.hpp\n'}
[5.955355] (px4_msgs) StdoutLine: {'line': b'-- Up-to-date: /home/pavel/ws_ros2/install/px4_msgs/include/px4_msgs/px4_msgs/msg/detail/actuator_servos_trim__rosidl_typesupport_fastrtps_cpp.hpp\n'}
[5.955423] (px4_msgs) StdoutLine: {'line': b'-- Up-to-date: /home/pavel/ws_ros2/install/px4_msgs/include/px4_msgs/px4_msgs/msg/detail/estimator_states__rosidl_typesupport_fastrtps_cpp.hpp\n'}
[5.955487] (px4_msgs) StdoutLine: {'line': b'-- Up-to-date: /home/pavel/ws_ros2/install/px4_msgs/include/px4_msgs/px4_msgs/msg/detail/rover_ackermann_guidance_status__rosidl_typesupport_fastrtps_cpp.hpp\n'}
[5.955551] (px4_msgs) StdoutLine: {'line': b'-- Up-to-date: /home/pavel/ws_ros2/install/px4_msgs/include/px4_msgs/px4_msgs/msg/detail/trajectory_setpoint__rosidl_typesupport_fastrtps_cpp.hpp\n'}
[5.955614] (px4_msgs) StdoutLine: {'line': b'-- Up-to-date: /home/pavel/ws_ros2/install/px4_msgs/include/px4_msgs/px4_msgs/msg/detail/follow_target_estimator__rosidl_typesupport_fastrtps_cpp.hpp\n'}
[5.955677] (px4_msgs) StdoutLine: {'line': b'-- Up-to-date: /home/pavel/ws_ros2/install/px4_msgs/include/px4_msgs/px4_msgs/msg/detail/offboard_control_mode__rosidl_typesupport_fastrtps_cpp.hpp\n'}
[5.955755] (px4_msgs) StdoutLine: {'line': b'-- Up-to-date: /home/pavel/ws_ros2/install/px4_msgs/include/px4_msgs/px4_msgs/msg/detail/camera_status__rosidl_typesupport_fastrtps_cpp.hpp\n'}
[5.955834] (px4_msgs) StdoutLine: {'line': b'-- Up-to-date: /home/pavel/ws_ros2/install/px4_msgs/include/px4_msgs/px4_msgs/msg/detail/timesync_status__rosidl_typesupport_fastrtps_cpp.hpp\n'}
[5.955962] (px4_msgs) StdoutLine: {'line': b'-- Up-to-date: /home/pavel/ws_ros2/install/px4_msgs/include/px4_msgs/px4_msgs/msg/detail/transponder_report__rosidl_typesupport_fastrtps_cpp.hpp\n'}
[5.956043] (px4_msgs) StdoutLine: {'line': b'-- Up-to-date: /home/pavel/ws_ros2/install/px4_msgs/include/px4_msgs/px4_msgs/msg/detail/task_stack_info__rosidl_typesupport_fastrtps_cpp.hpp\n'}
[5.956123] (px4_msgs) StdoutLine: {'line': b'-- Up-to-date: /home/pavel/ws_ros2/install/px4_msgs/include/px4_msgs/px4_msgs/msg/detail/cellular_status__rosidl_typesupport_fastrtps_cpp.hpp\n'}
[5.956202] (px4_msgs) StdoutLine: {'line': b'-- Up-to-date: /home/pavel/ws_ros2/install/px4_msgs/include/px4_msgs/px4_msgs/msg/detail/gimbal_manager_information__rosidl_typesupport_fastrtps_cpp.hpp\n'}
[5.956299] (px4_msgs) StdoutLine: {'line': b'-- Up-to-date: /home/pavel/ws_ros2/install/px4_msgs/include/px4_msgs/px4_msgs/msg/detail/sensor_accel_fifo__rosidl_typesupport_fastrtps_cpp.hpp\n'}
[5.956380] (px4_msgs) StdoutLine: {'line': b'-- Up-to-date: /home/pavel/ws_ros2/install/px4_msgs/include/px4_msgs/px4_msgs/msg/detail/estimator_status_flags__rosidl_typesupport_fastrtps_cpp.hpp\n'}
[5.956459] (px4_msgs) StdoutLine: {'line': b'-- Up-to-date: /home/pavel/ws_ros2/install/px4_msgs/include/px4_msgs/px4_msgs/msg/detail/satellite_info__rosidl_typesupport_fastrtps_cpp.hpp\n'}
[5.956538] (px4_msgs) StdoutLine: {'line': b'-- Up-to-date: /home/pavel/ws_ros2/install/px4_msgs/include/px4_msgs/px4_msgs/msg/detail/parameter_set_value_response__rosidl_typesupport_fastrtps_cpp.hpp\n'}
[5.956616] (px4_msgs) StdoutLine: {'line': b'-- Up-to-date: /home/pavel/ws_ros2/install/px4_msgs/include/px4_msgs/px4_msgs/msg/detail/estimator_bias__rosidl_typesupport_fastrtps_cpp.hpp\n'}
[5.956695] (px4_msgs) StdoutLine: {'line': b'-- Up-to-date: /home/pavel/ws_ros2/install/px4_msgs/include/px4_msgs/px4_msgs/msg/detail/rc_channels__rosidl_typesupport_fastrtps_cpp.hpp\n'}
[5.956773] (px4_msgs) StdoutLine: {'line': b'-- Up-to-date: /home/pavel/ws_ros2/install/px4_msgs/include/px4_msgs/px4_msgs/msg/detail/position_controller_landing_status__rosidl_typesupport_fastrtps_cpp.hpp\n'}
[5.956860] (px4_msgs) StdoutLine: {'line': b'-- Up-to-date: /home/pavel/ws_ros2/install/px4_msgs/include/px4_msgs/px4_msgs/msg/detail/gimbal_manager_status__rosidl_typesupport_fastrtps_cpp.hpp\n'}
[5.956971] (px4_msgs) StdoutLine: {'line': b'-- Up-to-date: /home/pavel/ws_ros2/install/px4_msgs/include/px4_msgs/px4_msgs/msg/detail/differential_pressure__rosidl_typesupport_fastrtps_cpp.hpp\n'}
[5.957037] (px4_msgs) StdoutLine: {'line': b'-- Up-to-date: /home/pavel/ws_ros2/install/px4_msgs/include/px4_msgs/px4_msgs/msg/detail/collision_report__rosidl_typesupport_fastrtps_cpp.hpp\n'}
[5.957105] (px4_msgs) StdoutLine: {'line': b'-- Up-to-date: /home/pavel/ws_ros2/install/px4_msgs/include/px4_msgs/px4_msgs/msg/detail/tiltrotor_extra_controls__rosidl_typesupport_fastrtps_cpp.hpp\n'}
[5.957173] (px4_msgs) StdoutLine: {'line': b'-- Up-to-date: /home/pavel/ws_ros2/install/px4_msgs/include/px4_msgs/px4_msgs/msg/detail/autotune_attitude_control_status__rosidl_typesupport_fastrtps_cpp.hpp\n'}
[5.957252] (px4_msgs) StdoutLine: {'line': b'-- Up-to-date: /home/pavel/ws_ros2/install/px4_msgs/include/px4_msgs/px4_msgs/msg/detail/vtol_vehicle_status__rosidl_typesupport_fastrtps_cpp.hpp\n'}
[5.957330] (px4_msgs) StdoutLine: {'line': b'-- Up-to-date: /home/pavel/ws_ros2/install/px4_msgs/include/px4_msgs/px4_msgs/msg/detail/qshell_retval__rosidl_typesupport_fastrtps_cpp.hpp\n'}
[5.957407] (px4_msgs) StdoutLine: {'line': b'-- Up-to-date: /home/pavel/ws_ros2/install/px4_msgs/include/px4_msgs/px4_msgs/msg/detail/vehicle_imu_status__rosidl_typesupport_fastrtps_cpp.hpp\n'}
[5.957485] (px4_msgs) StdoutLine: {'line': b'-- Up-to-date: /home/pavel/ws_ros2/install/px4_msgs/include/px4_msgs/px4_msgs/msg/detail/npfg_status__rosidl_typesupport_fastrtps_cpp.hpp\n'}
[5.957562] (px4_msgs) StdoutLine: {'line': b'-- Up-to-date: /home/pavel/ws_ros2/install/px4_msgs/include/px4_msgs/px4_msgs/msg/detail/sensor_preflight_mag__rosidl_typesupport_fastrtps_cpp.hpp\n'}
[5.957640] (px4_msgs) StdoutLine: {'line': b'-- Up-to-date: /home/pavel/ws_ros2/install/px4_msgs/include/px4_msgs/px4_msgs/msg/detail/esc_status__rosidl_typesupport_fastrtps_cpp.hpp\n'}
[5.957717] (px4_msgs) StdoutLine: {'line': b'-- Up-to-date: /home/pavel/ws_ros2/install/px4_msgs/include/px4_msgs/px4_msgs/msg/detail/debug_key_value__rosidl_typesupport_fastrtps_cpp.hpp\n'}
[5.957796] (px4_msgs) StdoutLine: {'line': b'-- Up-to-date: /home/pavel/ws_ros2/install/px4_msgs/include/px4_msgs/px4_msgs/msg/detail/gimbal_device_information__rosidl_typesupport_fastrtps_cpp.hpp\n'}
[5.957913] (px4_msgs) StdoutLine: {'line': b'-- Up-to-date: /home/pavel/ws_ros2/install/px4_msgs/include/px4_msgs/px4_msgs/msg/detail/failure_detector_status__rosidl_typesupport_fastrtps_cpp.hpp\n'}
[5.957985] (px4_msgs) StdoutLine: {'line': b'-- Up-to-date: /home/pavel/ws_ros2/install/px4_msgs/include/px4_msgs/px4_msgs/msg/detail/follow_target_status__rosidl_typesupport_fastrtps_cpp.hpp\n'}
[5.958049] (px4_msgs) StdoutLine: {'line': b'-- Up-to-date: /home/pavel/ws_ros2/install/px4_msgs/include/px4_msgs/px4_msgs/msg/detail/estimator_status__rosidl_typesupport_fastrtps_cpp.hpp\n'}
[5.958113] (px4_msgs) StdoutLine: {'line': b'-- Up-to-date: /home/pavel/ws_ros2/install/px4_msgs/include/px4_msgs/px4_msgs/msg/detail/pps_capture__rosidl_typesupport_fastrtps_cpp.hpp\n'}
[5.958175] (px4_msgs) StdoutLine: {'line': b'-- Up-to-date: /home/pavel/ws_ros2/install/px4_msgs/include/px4_msgs/px4_msgs/msg/detail/trajectory_waypoint__rosidl_typesupport_fastrtps_cpp.hpp\n'}
[5.958239] (px4_msgs) StdoutLine: {'line': b'-- Up-to-date: /home/pavel/ws_ros2/install/px4_msgs/include/px4_msgs/px4_msgs/msg/detail/gpio_in__rosidl_typesupport_fastrtps_cpp.hpp\n'}
[5.958302] (px4_msgs) StdoutLine: {'line': b'-- Up-to-date: /home/pavel/ws_ros2/install/px4_msgs/include/px4_msgs/px4_msgs/msg/detail/wheel_encoders__rosidl_typesupport_fastrtps_cpp.hpp\n'}
[5.958365] (px4_msgs) StdoutLine: {'line': b'-- Up-to-date: /home/pavel/ws_ros2/install/px4_msgs/include/px4_msgs/px4_msgs/msg/detail/manual_control_setpoint__rosidl_typesupport_fastrtps_cpp.hpp\n'}
[5.958436] (px4_msgs) StdoutLine: {'line': b'-- Up-to-date: /home/pavel/ws_ros2/install/px4_msgs/include/px4_msgs/px4_msgs/msg/detail/config_overrides__rosidl_typesupport_fastrtps_cpp.hpp\n'}
[5.958500] (px4_msgs) StdoutLine: {'line': b'-- Up-to-date: /home/pavel/ws_ros2/install/px4_msgs/include/px4_msgs/px4_msgs/msg/detail/ulog_stream_ack__rosidl_typesupport_fastrtps_cpp.hpp\n'}
[5.958564] (px4_msgs) StdoutLine: {'line': b'-- Up-to-date: /home/pavel/ws_ros2/install/px4_msgs/include/px4_msgs/px4_msgs/msg/detail/battery_status__rosidl_typesupport_fastrtps_cpp.hpp\n'}
[5.958631] (px4_msgs) StdoutLine: {'line': b'-- Up-to-date: /home/pavel/ws_ros2/install/px4_msgs/include/px4_msgs/px4_msgs/msg/detail/vehicle_thrust_setpoint__rosidl_typesupport_fastrtps_cpp.hpp\n'}
[5.958695] (px4_msgs) StdoutLine: {'line': b'-- Up-to-date: /home/pavel/ws_ros2/install/px4_msgs/include/px4_msgs/px4_msgs/msg/detail/mission_result__rosidl_typesupport_fastrtps_cpp.hpp\n'}
[5.958759] (px4_msgs) StdoutLine: {'line': b'-- Up-to-date: /home/pavel/ws_ros2/install/px4_msgs/include/px4_msgs/px4_msgs/msg/detail/sensor_gyro__rosidl_typesupport_fastrtps_cpp.hpp\n'}
[5.958821] (px4_msgs) StdoutLine: {'line': b'-- Up-to-date: /home/pavel/ws_ros2/install/px4_msgs/include/px4_msgs/px4_msgs/msg/detail/mag_worker_data__rosidl_typesupport_fastrtps_cpp.hpp\n'}
[5.958891] (px4_msgs) StdoutLine: {'line': b'-- Up-to-date: /home/pavel/ws_ros2/install/px4_msgs/include/px4_msgs/px4_msgs/msg/detail/parameter_reset_request__rosidl_typesupport_fastrtps_cpp.hpp\n'}
[5.958989] (px4_msgs) StdoutLine: {'line': b'-- Up-to-date: /home/pavel/ws_ros2/install/px4_msgs/include/px4_msgs/px4_msgs/msg/detail/debug_value__rosidl_typesupport_fastrtps_cpp.hpp\n'}
[5.959061] (px4_msgs) StdoutLine: {'line': b'-- Up-to-date: /home/pavel/ws_ros2/install/px4_msgs/include/px4_msgs/px4_msgs/msg/detail/vehicle_air_data__rosidl_typesupport_fastrtps_cpp.hpp\n'}
[5.959136] (px4_msgs) StdoutLine: {'line': b'-- Up-to-date: /home/pavel/ws_ros2/install/px4_msgs/include/px4_msgs/px4_msgs/msg/detail/vehicle_trajectory_bezier__rosidl_typesupport_fastrtps_cpp.hpp\n'}
[5.959214] (px4_msgs) StdoutLine: {'line': b'-- Up-to-date: /home/pavel/ws_ros2/install/px4_msgs/include/px4_msgs/px4_msgs/msg/detail/message_format_request__rosidl_typesupport_fastrtps_cpp.hpp\n'}
[5.959292] (px4_msgs) StdoutLine: {'line': b'-- Up-to-date: /home/pavel/ws_ros2/install/px4_msgs/include/px4_msgs/px4_msgs/msg/detail/vehicle_optical_flow_vel__rosidl_typesupport_fastrtps_cpp.hpp\n'}
[5.959370] (px4_msgs) StdoutLine: {'line': b'-- Up-to-date: /home/pavel/ws_ros2/install/px4_msgs/include/px4_msgs/px4_msgs/msg/detail/takeoff_status__rosidl_typesupport_fastrtps_cpp.hpp\n'}
[5.959448] (px4_msgs) StdoutLine: {'line': b'-- Up-to-date: /home/pavel/ws_ros2/install/px4_msgs/include/px4_msgs/px4_msgs/msg/detail/input_rc__rosidl_typesupport_fastrtps_cpp.hpp\n'}
[5.959527] (px4_msgs) StdoutLine: {'line': b'-- Up-to-date: /home/pavel/ws_ros2/install/px4_msgs/include/px4_msgs/px4_msgs/msg/detail/gimbal_manager_set_manual_control__rosidl_typesupport_fastrtps_cpp.hpp\n'}
[5.959606] (px4_msgs) StdoutLine: {'line': b'-- Up-to-date: /home/pavel/ws_ros2/install/px4_msgs/include/px4_msgs/px4_msgs/msg/detail/vehicle_command_ack__rosidl_typesupport_fastrtps_cpp.hpp\n'}
[5.959684] (px4_msgs) StdoutLine: {'line': b'-- Up-to-date: /home/pavel/ws_ros2/install/px4_msgs/include/px4_msgs/px4_msgs/msg/detail/sensor_hygrometer__rosidl_typesupport_fastrtps_cpp.hpp\n'}
[5.959763] (px4_msgs) StdoutLine: {'line': b'-- Up-to-date: /home/pavel/ws_ros2/install/px4_msgs/include/px4_msgs/px4_msgs/msg/detail/gimbal_manager_set_attitude__rosidl_typesupport_fastrtps_cpp.hpp\n'}
[5.959841] (px4_msgs) StdoutLine: {'line': b'-- Up-to-date: /home/pavel/ws_ros2/install/px4_msgs/include/px4_msgs/px4_msgs/msg/detail/actuator_test__rosidl_typesupport_fastrtps_cpp.hpp\n'}
[5.959954] (px4_msgs) StdoutLine: {'line': b'-- Up-to-date: /home/pavel/ws_ros2/install/px4_msgs/include/px4_msgs/px4_msgs/msg/detail/mode_completed__rosidl_typesupport_fastrtps_cpp.hpp\n'}
[5.960019] (px4_msgs) StdoutLine: {'line': b'-- Up-to-date: /home/pavel/ws_ros2/install/px4_msgs/include/px4_msgs/px4_msgs/msg/detail/goto_setpoint__rosidl_typesupport_fastrtps_cpp.hpp\n'}
[5.960082] (px4_msgs) StdoutLine: {'line': b'-- Up-to-date: /home/pavel/ws_ros2/install/px4_msgs/include/px4_msgs/px4_msgs/msg/detail/vehicle_local_position__rosidl_typesupport_fastrtps_cpp.hpp\n'}
[5.960147] (px4_msgs) StdoutLine: {'line': b'-- Up-to-date: /home/pavel/ws_ros2/install/px4_msgs/include/px4_msgs/px4_msgs/msg/detail/mavlink_tunnel__rosidl_typesupport_fastrtps_cpp.hpp\n'}
[5.960217] (px4_msgs) StdoutLine: {'line': b'-- Up-to-date: /home/pavel/ws_ros2/install/px4_msgs/include/px4_msgs/px4_msgs/msg/detail/power_monitor__rosidl_typesupport_fastrtps_cpp.hpp\n'}
[5.960282] (px4_msgs) StdoutLine: {'line': b'-- Up-to-date: /home/pavel/ws_ros2/install/px4_msgs/include/px4_msgs/px4_msgs/msg/detail/actuator_motors__rosidl_typesupport_fastrtps_cpp.hpp\n'}
[5.960366] (px4_msgs) StdoutLine: {'line': b'-- Up-to-date: /home/pavel/ws_ros2/install/px4_msgs/include/px4_msgs/px4_msgs/msg/detail/collision_constraints__rosidl_typesupport_fastrtps_cpp.hpp\n'}
[5.960431] (px4_msgs) StdoutLine: {'line': b'-- Up-to-date: /home/pavel/ws_ros2/install/px4_msgs/include/px4_msgs/px4_msgs/msg/detail/landing_gear__rosidl_typesupport_fastrtps_cpp.hpp\n'}
[5.960503] (px4_msgs) StdoutLine: {'line': b'-- Up-to-date: /home/pavel/ws_ros2/install/px4_msgs/include/px4_msgs/px4_msgs/msg/detail/arming_check_reply__rosidl_typesupport_fastrtps_cpp.hpp\n'}
[5.960567] (px4_msgs) StdoutLine: {'line': b'-- Up-to-date: /home/pavel/ws_ros2/install/px4_msgs/include/px4_msgs/px4_msgs/msg/detail/position_setpoint_triplet__rosidl_typesupport_fastrtps_cpp.hpp\n'}
[5.960631] (px4_msgs) StdoutLine: {'line': b'-- Up-to-date: /home/pavel/ws_ros2/install/px4_msgs/include/px4_msgs/px4_msgs/msg/detail/sensor_accel__rosidl_typesupport_fastrtps_cpp.hpp\n'}
[5.960694] (px4_msgs) StdoutLine: {'line': b'-- Up-to-date: /home/pavel/ws_ros2/install/px4_msgs/include/px4_msgs/px4_msgs/msg/detail/event__rosidl_typesupport_fastrtps_cpp.hpp\n'}
[5.960757] (px4_msgs) StdoutLine: {'line': b'-- Up-to-date: /home/pavel/ws_ros2/install/px4_msgs/include/px4_msgs/px4_msgs/msg/detail/orb_test_large__rosidl_typesupport_fastrtps_cpp.hpp\n'}
[5.960820] (px4_msgs) StdoutLine: {'line': b'-- Up-to-date: /home/pavel/ws_ros2/install/px4_msgs/include/px4_msgs/px4_msgs/msg/detail/uavcan_parameter_request__rosidl_typesupport_fastrtps_cpp.hpp\n'}
[5.960922] (px4_msgs) StdoutLine: {'line': b'-- Up-to-date: /home/pavel/ws_ros2/install/px4_msgs/include/px4_msgs/px4_msgs/msg/detail/actuator_servos__rosidl_typesupport_fastrtps_cpp.hpp\n'}
[5.960990] (px4_msgs) StdoutLine: {'line': b'-- Up-to-date: /home/pavel/ws_ros2/install/px4_msgs/include/px4_msgs/px4_msgs/msg/detail/gripper__rosidl_typesupport_fastrtps_cpp.hpp\n'}
[5.961057] (px4_msgs) StdoutLine: {'line': b'-- Up-to-date: /home/pavel/ws_ros2/install/px4_msgs/include/px4_msgs/px4_msgs/msg/detail/power_button_state__rosidl_typesupport_fastrtps_cpp.hpp\n'}
[5.961121] (px4_msgs) StdoutLine: {'line': b'-- Up-to-date: /home/pavel/ws_ros2/install/px4_msgs/include/px4_msgs/px4_msgs/msg/detail/generator_status__rosidl_typesupport_fastrtps_cpp.hpp\n'}
[5.961199] (px4_msgs) StdoutLine: {'line': b'-- Up-to-date: /home/pavel/ws_ros2/install/px4_msgs/include/px4_msgs/px4_msgs/msg/detail/onboard_computer_status__rosidl_typesupport_fastrtps_cpp.hpp\n'}
[5.961263] (px4_msgs) StdoutLine: {'line': b'-- Up-to-date: /home/pavel/ws_ros2/install/px4_msgs/include/px4_msgs/px4_msgs/msg/detail/hover_thrust_estimate__rosidl_typesupport_fastrtps_cpp.hpp\n'}
[5.961326] (px4_msgs) StdoutLine: {'line': b'-- Up-to-date: /home/pavel/ws_ros2/install/px4_msgs/include/px4_msgs/px4_msgs/msg/detail/action_request__rosidl_typesupport_fastrtps_cpp.hpp\n'}
[5.961389] (px4_msgs) StdoutLine: {'line': b'-- Up-to-date: /home/pavel/ws_ros2/install/px4_msgs/include/px4_msgs/px4_msgs/msg/detail/mavlink_log__rosidl_typesupport_fastrtps_cpp.hpp\n'}
[5.961452] (px4_msgs) StdoutLine: {'line': b'-- Up-to-date: /home/pavel/ws_ros2/install/px4_msgs/include/px4_msgs/px4_msgs/msg/detail/geofence_result__rosidl_typesupport_fastrtps_cpp.hpp\n'}
[5.961516] (px4_msgs) StdoutLine: {'line': b'-- Up-to-date: /home/pavel/ws_ros2/install/px4_msgs/include/px4_msgs/px4_msgs/msg/detail/dds_fastrtps\n'}
[5.961593] (px4_msgs) StdoutLine: {'line': b'-- Up-to-date: /home/pavel/ws_ros2/install/px4_msgs/include/px4_msgs/px4_msgs/msg/detail/vehicle_imu__rosidl_typesupport_fastrtps_cpp.hpp\n'}
[5.961678] (px4_msgs) StdoutLine: {'line': b'-- Up-to-date: /home/pavel/ws_ros2/install/px4_msgs/include/px4_msgs/px4_msgs/msg/detail/vehicle_optical_flow__rosidl_typesupport_fastrtps_cpp.hpp\n'}
[5.961741] (px4_msgs) StdoutLine: {'line': b'-- Up-to-date: /home/pavel/ws_ros2/install/px4_msgs/include/px4_msgs/px4_msgs/msg/detail/vehicle_land_detected__rosidl_typesupport_fastrtps_cpp.hpp\n'}
[5.961804] (px4_msgs) StdoutLine: {'line': b'-- Up-to-date: /home/pavel/ws_ros2/install/px4_msgs/include/px4_msgs/px4_msgs/msg/detail/normalized_unsigned_setpoint__rosidl_typesupport_fastrtps_cpp.hpp\n'}
[5.961883] (px4_msgs) StdoutLine: {'line': b'-- Up-to-date: /home/pavel/ws_ros2/install/px4_msgs/include/px4_msgs/px4_msgs/msg/detail/sensor_combined__rosidl_typesupport_fastrtps_cpp.hpp\n'}
[5.961953] (px4_msgs) StdoutLine: {'line': b'-- Up-to-date: /home/pavel/ws_ros2/install/px4_msgs/include/px4_msgs/px4_msgs/msg/detail/mount_orientation__rosidl_typesupport_fastrtps_cpp.hpp\n'}
[5.962017] (px4_msgs) StdoutLine: {'line': b'-- Up-to-date: /home/pavel/ws_ros2/install/px4_msgs/include/px4_msgs/px4_msgs/msg/detail/sensor_gyro_fifo__rosidl_typesupport_fastrtps_cpp.hpp\n'}
[5.962081] (px4_msgs) StdoutLine: {'line': b'-- Up-to-date: /home/pavel/ws_ros2/install/px4_msgs/include/px4_msgs/px4_msgs/msg/detail/differential_drive_setpoint__rosidl_typesupport_fastrtps_cpp.hpp\n'}
[5.962160] (px4_msgs) StdoutLine: {'line': b'-- Up-to-date: /home/pavel/ws_ros2/install/px4_msgs/include/px4_msgs/px4_msgs/msg/detail/navigator_mission_item__rosidl_typesupport_fastrtps_cpp.hpp\n'}
[5.962238] (px4_msgs) StdoutLine: {'line': b'-- Up-to-date: /home/pavel/ws_ros2/install/px4_msgs/include/px4_msgs/px4_msgs/msg/detail/landing_target_innovations__rosidl_typesupport_fastrtps_cpp.hpp\n'}
[5.962315] (px4_msgs) StdoutLine: {'line': b'-- Up-to-date: /home/pavel/ws_ros2/install/px4_msgs/include/px4_msgs/px4_msgs/msg/detail/airspeed_validated__rosidl_typesupport_fastrtps_cpp.hpp\n'}
[5.962392] (px4_msgs) StdoutLine: {'line': b'-- Up-to-date: /home/pavel/ws_ros2/install/px4_msgs/include/px4_msgs/px4_msgs/msg/detail/estimator_gps_status__rosidl_typesupport_fastrtps_cpp.hpp\n'}
[5.962470] (px4_msgs) StdoutLine: {'line': b'-- Up-to-date: /home/pavel/ws_ros2/install/px4_msgs/include/px4_msgs/px4_msgs/msg/detail/gpio_config__rosidl_typesupport_fastrtps_cpp.hpp\n'}
[5.962563] (px4_msgs) StdoutLine: {'line': b'-- Up-to-date: /home/pavel/ws_ros2/install/px4_msgs/include/px4_msgs/px4_msgs/msg/detail/sensor_gyro_fft__rosidl_typesupport_fastrtps_cpp.hpp\n'}
[5.962635] (px4_msgs) StdoutLine: {'line': b'-- Up-to-date: /home/pavel/ws_ros2/install/px4_msgs/include/px4_msgs/px4_msgs/msg/detail/dataman_request__rosidl_typesupport_fastrtps_cpp.hpp\n'}
[5.962711] (px4_msgs) StdoutLine: {'line': b'-- Up-to-date: /home/pavel/ws_ros2/install/px4_msgs/include/px4_msgs/px4_msgs/msg/detail/wind__rosidl_typesupport_fastrtps_cpp.hpp\n'}
[5.962788] (px4_msgs) StdoutLine: {'line': b'-- Up-to-date: /home/pavel/ws_ros2/install/px4_msgs/include/px4_msgs/px4_msgs/msg/detail/rate_ctrl_status__rosidl_typesupport_fastrtps_cpp.hpp\n'}
[5.962895] (px4_msgs) StdoutLine: {'line': b'-- Up-to-date: /home/pavel/ws_ros2/install/px4_msgs/include/px4_msgs/px4_msgs/msg/detail/rc_parameter_map__rosidl_typesupport_fastrtps_cpp.hpp\n'}
[5.962965] (px4_msgs) StdoutLine: {'line': b'-- Up-to-date: /home/pavel/ws_ros2/install/px4_msgs/include/px4_msgs/px4_msgs/msg/detail/orb_test__rosidl_typesupport_fastrtps_cpp.hpp\n'}
[5.963032] (px4_msgs) StdoutLine: {'line': b'-- Up-to-date: /home/pavel/ws_ros2/install/px4_msgs/include/px4_msgs/px4_msgs/msg/detail/tecs_status__rosidl_typesupport_fastrtps_cpp.hpp\n'}
[5.963096] (px4_msgs) StdoutLine: {'line': b'-- Up-to-date: /home/pavel/ws_ros2/install/px4_msgs/include/px4_msgs/px4_msgs/msg/detail/parameter_set_used_request__rosidl_typesupport_fastrtps_cpp.hpp\n'}
[5.963159] (px4_msgs) StdoutLine: {'line': b'-- Up-to-date: /home/pavel/ws_ros2/install/px4_msgs/include/px4_msgs/px4_msgs/msg/detail/ping__rosidl_typesupport_fastrtps_cpp.hpp\n'}
[5.963221] (px4_msgs) StdoutLine: {'line': b'-- Up-to-date: /home/pavel/ws_ros2/install/px4_msgs/include/px4_msgs/px4_msgs/msg/detail/radio_status__rosidl_typesupport_fastrtps_cpp.hpp\n'}
[5.963296] (px4_msgs) StdoutLine: {'line': b'-- Up-to-date: /home/pavel/ws_ros2/install/px4_msgs/include/px4_msgs/px4_msgs/msg/detail/geofence_status__rosidl_typesupport_fastrtps_cpp.hpp\n'}
[5.963372] (px4_msgs) StdoutLine: {'line': b'-- Up-to-date: /home/pavel/ws_ros2/install/px4_msgs/include/px4_msgs/px4_msgs/msg/detail/dataman_response__rosidl_typesupport_fastrtps_cpp.hpp\n'}
[5.963450] (px4_msgs) StdoutLine: {'line': b'-- Up-to-date: /home/pavel/ws_ros2/install/px4_msgs/include/px4_msgs/px4_msgs/msg/detail/debug_array__rosidl_typesupport_fastrtps_cpp.hpp\n'}
[5.963528] (px4_msgs) StdoutLine: {'line': b'-- Up-to-date: /home/pavel/ws_ros2/install/px4_msgs/include/px4_msgs/px4_msgs/msg/detail/gpio_out__rosidl_typesupport_fastrtps_cpp.hpp\n'}
[5.963605] (px4_msgs) StdoutLine: {'line': b'-- Up-to-date: /home/pavel/ws_ros2/install/px4_msgs/include/px4_msgs/px4_msgs/msg/detail/qshell_req__rosidl_typesupport_fastrtps_cpp.hpp\n'}
[5.963683] (px4_msgs) StdoutLine: {'line': b'-- Up-to-date: /home/pavel/ws_ros2/install/px4_msgs/include/px4_msgs/px4_msgs/msg/detail/parameter_set_value_request__rosidl_typesupport_fastrtps_cpp.hpp\n'}
[5.963761] (px4_msgs) StdoutLine: {'line': b'-- Up-to-date: /home/pavel/ws_ros2/install/px4_msgs/include/px4_msgs/px4_msgs/msg/detail/adc_report__rosidl_typesupport_fastrtps_cpp.hpp\n'}
[5.963839] (px4_msgs) StdoutLine: {'line': b'-- Up-to-date: /home/pavel/ws_ros2/install/px4_msgs/include/px4_msgs/px4_msgs/msg/detail/velocity_limits__rosidl_typesupport_fastrtps_cpp.hpp\n'}
[5.963948] (px4_msgs) StdoutLine: {'line': b'-- Up-to-date: /home/pavel/ws_ros2/install/px4_msgs/include/px4_msgs/px4_msgs/msg/detail/estimator_sensor_bias__rosidl_typesupport_fastrtps_cpp.hpp\n'}
[5.964012] (px4_msgs) StdoutLine: {'line': b'-- Up-to-date: /home/pavel/ws_ros2/install/px4_msgs/include/px4_msgs/px4_msgs/msg/detail/internal_combustion_engine_status__rosidl_typesupport_fastrtps_cpp.hpp\n'}
[5.964076] (px4_msgs) StdoutLine: {'line': b'-- Up-to-date: /home/pavel/ws_ros2/install/px4_msgs/include/px4_msgs/px4_msgs/msg/detail/rtl_status__rosidl_typesupport_fastrtps_cpp.hpp\n'}
[5.964151] (px4_msgs) StdoutLine: {'line': b'-- Up-to-date: /home/pavel/ws_ros2/install/px4_msgs/include/px4_msgs/px4_msgs/msg/detail/sensor_baro__rosidl_typesupport_fastrtps_cpp.hpp\n'}
[5.964229] (px4_msgs) StdoutLine: {'line': b'-- Up-to-date: /home/pavel/ws_ros2/install/px4_msgs/include/px4_msgs/px4_msgs/msg/detail/vehicle_constraints__rosidl_typesupport_fastrtps_cpp.hpp\n'}
[5.964306] (px4_msgs) StdoutLine: {'line': b'-- Up-to-date: /home/pavel/ws_ros2/install/px4_msgs/include/px4_msgs/px4_msgs/msg/detail/telemetry_status__rosidl_typesupport_fastrtps_cpp.hpp\n'}
[5.964384] (px4_msgs) StdoutLine: {'line': b'-- Up-to-date: /home/pavel/ws_ros2/install/px4_msgs/include/px4_msgs/px4_msgs/msg/detail/home_position__rosidl_typesupport_fastrtps_cpp.hpp\n'}
[5.964462] (px4_msgs) StdoutLine: {'line': b'-- Up-to-date: /home/pavel/ws_ros2/install/px4_msgs/include/px4_msgs/px4_msgs/msg/detail/gimbal_device_set_attitude__rosidl_typesupport_fastrtps_cpp.hpp\n'}
[5.964526] (px4_msgs) StdoutLine: {'line': b'-- Up-to-date: /home/pavel/ws_ros2/install/px4_msgs/include/px4_msgs/px4_msgs/msg/detail/yaw_estimator_status__rosidl_typesupport_fastrtps_cpp.hpp\n'}
[5.964590] (px4_msgs) StdoutLine: {'line': b'-- Up-to-date: /home/pavel/ws_ros2/install/px4_msgs/include/px4_msgs/px4_msgs/msg/detail/distance_sensor__rosidl_typesupport_fastrtps_cpp.hpp\n'}
[5.964653] (px4_msgs) StdoutLine: {'line': b'-- Up-to-date: /home/pavel/ws_ros2/install/px4_msgs/include/px4_msgs/px4_msgs/msg/detail/estimator_aid_source3d__rosidl_typesupport_fastrtps_cpp.hpp\n'}
[5.964726] (px4_msgs) StdoutLine: {'line': b'-- Up-to-date: /home/pavel/ws_ros2/install/px4_msgs/include/px4_msgs/px4_msgs/msg/detail/sensor_airflow__rosidl_typesupport_fastrtps_cpp.hpp\n'}
[5.964800] (px4_msgs) StdoutLine: {'line': b'-- Up-to-date: /home/pavel/ws_ros2/install/px4_msgs/include/px4_msgs/px4_msgs/msg/detail/sensor_gps__rosidl_typesupport_fastrtps_cpp.hpp\n'}
[5.964909] (px4_msgs) StdoutLine: {'line': b'-- Up-to-date: /home/pavel/ws_ros2/install/px4_msgs/include/px4_msgs/px4_msgs/msg/detail/buffer128__rosidl_typesupport_fastrtps_cpp.hpp\n'}
[5.964975] (px4_msgs) StdoutLine: {'line': b'-- Up-to-date: /home/pavel/ws_ros2/install/px4_msgs/include/px4_msgs/px4_msgs/msg/detail/landing_gear_wheel__rosidl_typesupport_fastrtps_cpp.hpp\n'}
[5.965042] (px4_msgs) StdoutLine: {'line': b'-- Up-to-date: /home/pavel/ws_ros2/install/px4_msgs/include/px4_msgs/px4_msgs/msg/detail/cpuload__rosidl_typesupport_fastrtps_cpp.hpp\n'}
[5.965106] (px4_msgs) StdoutLine: {'line': b'-- Up-to-date: /home/pavel/ws_ros2/install/px4_msgs/include/px4_msgs/px4_msgs/msg/detail/button_event__rosidl_typesupport_fastrtps_cpp.hpp\n'}
[5.965169] (px4_msgs) StdoutLine: {'line': b'-- Up-to-date: /home/pavel/ws_ros2/install/px4_msgs/include/px4_msgs/px4_msgs/msg/detail/camera_capture__rosidl_typesupport_fastrtps_cpp.hpp\n'}
[5.965233] (px4_msgs) StdoutLine: {'line': b'-- Up-to-date: /home/pavel/ws_ros2/install/px4_msgs/include/px4_msgs/px4_msgs/msg/detail/vehicle_torque_setpoint__rosidl_typesupport_fastrtps_cpp.hpp\n'}
[5.965300] (px4_msgs) StdoutLine: {'line': b'-- Up-to-date: /home/pavel/ws_ros2/install/px4_msgs/include/px4_msgs/px4_msgs/msg/detail/estimator_event_flags__rosidl_typesupport_fastrtps_cpp.hpp\n'}
[5.965378] (px4_msgs) StdoutLine: {'line': b'-- Up-to-date: /home/pavel/ws_ros2/install/px4_msgs/include/px4_msgs/px4_msgs/msg/detail/manual_control_switches__rosidl_typesupport_fastrtps_cpp.hpp\n'}
[5.965456] (px4_msgs) StdoutLine: {'line': b'-- Up-to-date: /home/pavel/ws_ros2/install/px4_msgs/include/px4_msgs/px4_msgs/msg/detail/launch_detection_status__rosidl_typesupport_fastrtps_cpp.hpp\n'}
[5.965534] (px4_msgs) StdoutLine: {'line': b'-- Up-to-date: /home/pavel/ws_ros2/install/px4_msgs/include/px4_msgs/px4_msgs/msg/detail/pwm_input__rosidl_typesupport_fastrtps_cpp.hpp\n'}
[5.965612] (px4_msgs) StdoutLine: {'line': b'-- Up-to-date: /home/pavel/ws_ros2/install/px4_msgs/include/px4_msgs/px4_msgs/msg/detail/uavcan_parameter_value__rosidl_typesupport_fastrtps_cpp.hpp\n'}
[5.965690] (px4_msgs) StdoutLine: {'line': b'-- Up-to-date: /home/pavel/ws_ros2/install/px4_msgs/include/px4_msgs/px4_msgs/msg/detail/led_control__rosidl_typesupport_fastrtps_cpp.hpp\n'}
[5.965768] (px4_msgs) StdoutLine: {'line': b'-- Up-to-date: /home/pavel/ws_ros2/install/px4_msgs/include/px4_msgs/px4_msgs/msg/detail/vehicle_acceleration__rosidl_typesupport_fastrtps_cpp.hpp\n'}
[5.965851] (px4_msgs) StdoutLine: {'line': b'-- Up-to-date: /home/pavel/ws_ros2/install/px4_msgs/include/px4_msgs/px4_msgs/msg/detail/sensor_correction__rosidl_typesupport_fastrtps_cpp.hpp\n'}
[5.965972] (px4_msgs) StdoutLine: {'line': b'-- Up-to-date: /home/pavel/ws_ros2/install/px4_msgs/include/px4_msgs/px4_msgs/msg/detail/sensor_optical_flow__rosidl_typesupport_fastrtps_cpp.hpp\n'}
[5.966037] (px4_msgs) StdoutLine: {'line': b'-- Up-to-date: /home/pavel/ws_ros2/install/px4_msgs/include/px4_msgs/px4_msgs/msg/detail/fuel_tank_status__rosidl_typesupport_fastrtps_cpp.hpp\n'}
[5.966101] (px4_msgs) StdoutLine: {'line': b'-- Up-to-date: /home/pavel/ws_ros2/install/px4_msgs/include/px4_msgs/px4_msgs/msg/detail/vehicle_roi__rosidl_typesupport_fastrtps_cpp.hpp\n'}
[5.966165] (px4_msgs) StdoutLine: {'line': b'-- Up-to-date: /home/pavel/ws_ros2/install/px4_msgs/include/px4_msgs/px4_msgs/msg/detail/rpm__rosidl_typesupport_fastrtps_cpp.hpp\n'}
[5.966233] (px4_msgs) StdoutLine: {'line': b'-- Up-to-date: /home/pavel/ws_ros2/install/px4_msgs/include/px4_msgs/px4_msgs/msg/detail/position_setpoint__rosidl_typesupport_fastrtps_cpp.hpp\n'}
[5.966308] (px4_msgs) StdoutLine: {'line': b'-- Up-to-date: /home/pavel/ws_ros2/install/px4_msgs/include/px4_msgs/px4_msgs/msg/detail/actuator_armed__rosidl_typesupport_fastrtps_cpp.hpp\n'}
[5.966385] (px4_msgs) StdoutLine: {'line': b'-- Up-to-date: /home/pavel/ws_ros2/install/px4_msgs/include/px4_msgs/px4_msgs/msg/detail/health_report__rosidl_typesupport_fastrtps_cpp.hpp\n'}
[5.966471] (px4_msgs) StdoutLine: {'line': b'-- Up-to-date: /home/pavel/ws_ros2/install/px4_msgs/include/px4_msgs/px4_msgs/msg/detail/estimator_bias3d__rosidl_typesupport_fastrtps_cpp.hpp\n'}
[5.966535] (px4_msgs) StdoutLine: {'line': b'-- Up-to-date: /home/pavel/ws_ros2/install/px4_msgs/include/px4_msgs/px4_msgs/msg/detail/orbit_status__rosidl_typesupport_fastrtps_cpp.hpp\n'}
[5.966598] (px4_msgs) StdoutLine: {'line': b'-- Up-to-date: /home/pavel/ws_ros2/install/px4_msgs/include/px4_msgs/px4_msgs/msg/detail/vehicle_control_mode__rosidl_typesupport_fastrtps_cpp.hpp\n'}
[5.966662] (px4_msgs) StdoutLine: {'line': b'-- Up-to-date: /home/pavel/ws_ros2/install/px4_msgs/include/px4_msgs/px4_msgs/msg/detail/actuator_controls_status__rosidl_typesupport_fastrtps_cpp.hpp\n'}
[5.966725] (px4_msgs) StdoutLine: {'line': b'-- Up-to-date: /home/pavel/ws_ros2/install/px4_msgs/include/px4_msgs/px4_msgs/msg/detail/vehicle_status__rosidl_typesupport_fastrtps_cpp.hpp\n'}
[5.966814] (px4_msgs) StdoutLine: {'line': b'-- Up-to-date: /home/pavel/ws_ros2/install/px4_msgs/include/px4_msgs/px4_msgs/msg/detail/vehicle_local_position_setpoint__rosidl_typesupport_fastrtps_cpp.hpp\n'}
[5.966895] (px4_msgs) StdoutLine: {'line': b'-- Up-to-date: /home/pavel/ws_ros2/install/px4_msgs/include/px4_msgs/px4_msgs/msg/detail/control_allocator_status__rosidl_typesupport_fastrtps_cpp.hpp\n'}
[5.966963] (px4_msgs) StdoutLine: {'line': b'-- Up-to-date: /home/pavel/ws_ros2/install/px4_msgs/include/px4_msgs/px4_msgs/msg/detail/airspeed_wind__rosidl_typesupport_fastrtps_cpp.hpp\n'}
[5.967030] (px4_msgs) StdoutLine: {'line': b'-- Up-to-date: /home/pavel/ws_ros2/install/px4_msgs/include/px4_msgs/px4_msgs/msg/detail/estimator_innovations__rosidl_typesupport_fastrtps_cpp.hpp\n'}
[5.967112] (px4_msgs) StdoutLine: {'line': b'-- Up-to-date: /home/pavel/ws_ros2/install/px4_msgs/include/px4_msgs/px4_msgs/msg/detail/vehicle_rates_setpoint__rosidl_typesupport_fastrtps_cpp.hpp\n'}
[5.967177] (px4_msgs) StdoutLine: {'line': b'-- Up-to-date: /home/pavel/ws_ros2/install/px4_msgs/include/px4_msgs/px4_msgs/msg/detail/gpio_request__rosidl_typesupport_fastrtps_cpp.hpp\n'}
[5.967240] (px4_msgs) StdoutLine: {'line': b'-- Up-to-date: /home/pavel/ws_ros2/install/px4_msgs/include/px4_msgs/px4_msgs/msg/detail/airspeed__rosidl_typesupport_fastrtps_cpp.hpp\n'}
[5.967303] (px4_msgs) StdoutLine: {'line': b'-- Up-to-date: /home/pavel/ws_ros2/install/px4_msgs/include/px4_msgs/px4_msgs/msg/detail/vehicle_global_position__rosidl_typesupport_fastrtps_cpp.hpp\n'}
[5.967367] (px4_msgs) StdoutLine: {'line': b'-- Up-to-date: /home/pavel/ws_ros2/install/px4_msgs/include/px4_msgs/px4_msgs/msg/detail/ekf2_timestamps__rosidl_typesupport_fastrtps_cpp.hpp\n'}
[5.967442] (px4_msgs) StdoutLine: {'line': b'-- Up-to-date: /home/pavel/ws_ros2/install/px4_msgs/include/px4_msgs/px4_msgs/msg/detail/position_controller_status__rosidl_typesupport_fastrtps_cpp.hpp\n'}
[5.967519] (px4_msgs) StdoutLine: {'line': b'-- Up-to-date: /home/pavel/ws_ros2/install/px4_msgs/include/px4_msgs/px4_msgs/msg/detail/mission__rosidl_typesupport_fastrtps_cpp.hpp\n'}
[5.967597] (px4_msgs) StdoutLine: {'line': b'-- Up-to-date: /home/pavel/ws_ros2/install/px4_msgs/include/px4_msgs/px4_msgs/msg/detail/orb_test_medium__rosidl_typesupport_fastrtps_cpp.hpp\n'}
[5.967675] (px4_msgs) StdoutLine: {'line': b'-- Up-to-date: /home/pavel/ws_ros2/install/px4_msgs/include/px4_msgs/px4_msgs/msg/detail/figure_eight_status__rosidl_typesupport_fastrtps_cpp.hpp\n'}
[5.967753] (px4_msgs) StdoutLine: {'line': b'-- Up-to-date: /home/pavel/ws_ros2/install/px4_msgs/include/px4_msgs/px4_msgs/msg/detail/rtl_time_estimate__rosidl_typesupport_fastrtps_cpp.hpp\n'}
[5.967831] (px4_msgs) StdoutLine: {'line': b'-- Up-to-date: /home/pavel/ws_ros2/install/px4_msgs/include/px4_msgs/px4_msgs/msg/detail/actuator_outputs__rosidl_typesupport_fastrtps_cpp.hpp\n'}
[5.967941] (px4_msgs) StdoutLine: {'line': b'-- Up-to-date: /home/pavel/ws_ros2/install/px4_msgs/include/px4_msgs/px4_msgs/msg/detail/sensor_gnss_relative__rosidl_typesupport_fastrtps_cpp.hpp\n'}
[5.968009] (px4_msgs) StdoutLine: {'line': b'-- Up-to-date: /home/pavel/ws_ros2/install/px4_msgs/include/px4_msgs/px4_msgs/msg/detail/esc_report__rosidl_typesupport_fastrtps_cpp.hpp\n'}
[5.968077] (px4_msgs) StdoutLine: {'line': b'-- Up-to-date: /home/pavel/ws_ros2/install/px4_msgs/include/px4_msgs/px4_msgs/msg/detail/follow_target__rosidl_typesupport_fastrtps_cpp.hpp\n'}
[5.968140] (px4_msgs) StdoutLine: {'line': b'-- Up-to-date: /home/pavel/ws_ros2/install/px4_msgs/include/px4_msgs/px4_msgs/msg/detail/heater_status__rosidl_typesupport_fastrtps_cpp.hpp\n'}
[5.968203] (px4_msgs) StdoutLine: {'line': b'-- Up-to-date: /home/pavel/ws_ros2/install/px4_msgs/include/px4_msgs/px4_msgs/msg/detail/gps_inject_data__rosidl_typesupport_fastrtps_cpp.hpp\n'}
[5.968266] (px4_msgs) StdoutLine: {'line': b'-- Up-to-date: /home/pavel/ws_ros2/install/px4_msgs/include/px4_msgs/px4_msgs/msg/detail/sensor_mag__rosidl_typesupport_fastrtps_cpp.hpp\n'}
[5.968344] (px4_msgs) StdoutLine: {'line': b'-- Up-to-date: /home/pavel/ws_ros2/install/px4_msgs/include/px4_msgs/px4_msgs/msg/rosidl_typesupport_fastrtps_cpp__visibility_control.h\n'}
[5.968421] (px4_msgs) StdoutLine: {'line': b'-- Up-to-date: /home/pavel/ws_ros2/install/px4_msgs/lib/libpx4_msgs__rosidl_typesupport_fastrtps_cpp.so\n'}
[5.968499] (px4_msgs) StdoutLine: {'line': b'-- Up-to-date: /home/pavel/ws_ros2/install/px4_msgs/include/px4_msgs/px4_msgs\n'}
[5.968576] (px4_msgs) StdoutLine: {'line': b'-- Up-to-date: /home/pavel/ws_ros2/install/px4_msgs/include/px4_msgs/px4_msgs/srv\n'}
[5.968653] (px4_msgs) StdoutLine: {'line': b'-- Up-to-date: /home/pavel/ws_ros2/install/px4_msgs/include/px4_msgs/px4_msgs/srv/detail\n'}
[5.968730] (px4_msgs) StdoutLine: {'line': b'-- Up-to-date: /home/pavel/ws_ros2/install/px4_msgs/include/px4_msgs/px4_msgs/srv/detail/vehicle_command__rosidl_typesupport_introspection_c.h\n'}
[5.968807] (px4_msgs) StdoutLine: {'line': b'-- Up-to-date: /home/pavel/ws_ros2/install/px4_msgs/include/px4_msgs/px4_msgs/srv/detail/vehicle_command__type_support.c\n'}
[5.968932] (px4_msgs) StdoutLine: {'line': b'-- Up-to-date: /home/pavel/ws_ros2/install/px4_msgs/include/px4_msgs/px4_msgs/msg\n'}
[5.969002] (px4_msgs) StdoutLine: {'line': b'-- Up-to-date: /home/pavel/ws_ros2/install/px4_msgs/include/px4_msgs/px4_msgs/msg/detail\n'}
[5.969065] (px4_msgs) StdoutLine: {'line': b'-- Up-to-date: /home/pavel/ws_ros2/install/px4_msgs/include/px4_msgs/px4_msgs/msg/detail/gimbal_controls__type_support.c\n'}
[5.969136] (px4_msgs) StdoutLine: {'line': b'-- Up-to-date: /home/pavel/ws_ros2/install/px4_msgs/include/px4_msgs/px4_msgs/msg/detail/vehicle_attitude_setpoint__rosidl_typesupport_introspection_c.h\n'}
[5.969203] (px4_msgs) StdoutLine: {'line': b'-- Up-to-date: /home/pavel/ws_ros2/install/px4_msgs/include/px4_msgs/px4_msgs/msg/detail/gimbal_manager_information__rosidl_typesupport_introspection_c.h\n'}
[5.969267] (px4_msgs) StdoutLine: {'line': b'-- Up-to-date: /home/pavel/ws_ros2/install/px4_msgs/include/px4_msgs/px4_msgs/msg/detail/failsafe_flags__rosidl_typesupport_introspection_c.h\n'}
[5.969330] (px4_msgs) StdoutLine: {'line': b'-- Up-to-date: /home/pavel/ws_ros2/install/px4_msgs/include/px4_msgs/px4_msgs/msg/detail/actuator_test__rosidl_typesupport_introspection_c.h\n'}
[5.969393] (px4_msgs) StdoutLine: {'line': b'-- Up-to-date: /home/pavel/ws_ros2/install/px4_msgs/include/px4_msgs/px4_msgs/msg/detail/landing_gear__type_support.c\n'}
[5.969467] (px4_msgs) StdoutLine: {'line': b'-- Up-to-date: /home/pavel/ws_ros2/install/px4_msgs/include/px4_msgs/px4_msgs/msg/detail/trajectory_bezier__rosidl_typesupport_introspection_c.h\n'}
[5.969544] (px4_msgs) StdoutLine: {'line': b'-- Up-to-date: /home/pavel/ws_ros2/install/px4_msgs/include/px4_msgs/px4_msgs/msg/detail/goto_setpoint__type_support.c\n'}
[5.969621] (px4_msgs) StdoutLine: {'line': b'-- Up-to-date: /home/pavel/ws_ros2/install/px4_msgs/include/px4_msgs/px4_msgs/msg/detail/sensor_accel_fifo__type_support.c\n'}
[5.969698] (px4_msgs) StdoutLine: {'line': b'-- Up-to-date: /home/pavel/ws_ros2/install/px4_msgs/include/px4_msgs/px4_msgs/msg/detail/qshell_retval__type_support.c\n'}
[5.972935] (px4_msgs) StdoutLine: {'line': b'-- Up-to-date: /home/pavel/ws_ros2/install/px4_msgs/include/px4_msgs/px4_msgs/msg/detail/estimator_bias3d__type_support.c\n'}
[5.973004] (px4_msgs) StdoutLine: {'line': b'-- Up-to-date: /home/pavel/ws_ros2/install/px4_msgs/include/px4_msgs/px4_msgs/msg/detail/generator_status__rosidl_typesupport_introspection_c.h\n'}
[5.973068] (px4_msgs) StdoutLine: {'line': b'-- Up-to-date: /home/pavel/ws_ros2/install/px4_msgs/include/px4_msgs/px4_msgs/msg/detail/sensor_preflight_mag__type_support.c\n'}
[5.973143] (px4_msgs) StdoutLine: {'line': b'-- Up-to-date: /home/pavel/ws_ros2/install/px4_msgs/include/px4_msgs/px4_msgs/msg/detail/geofence_result__rosidl_typesupport_introspection_c.h\n'}
[5.973222] (px4_msgs) StdoutLine: {'line': b'-- Up-to-date: /home/pavel/ws_ros2/install/px4_msgs/include/px4_msgs/px4_msgs/msg/detail/sensor_gps__type_support.c\n'}
[5.973300] (px4_msgs) StdoutLine: {'line': b'-- Up-to-date: /home/pavel/ws_ros2/install/px4_msgs/include/px4_msgs/px4_msgs/msg/detail/vehicle_roi__rosidl_typesupport_introspection_c.h\n'}
[5.973378] (px4_msgs) StdoutLine: {'line': b'-- Up-to-date: /home/pavel/ws_ros2/install/px4_msgs/include/px4_msgs/px4_msgs/msg/detail/vehicle_global_position__type_support.c\n'}
[5.973456] (px4_msgs) StdoutLine: {'line': b'-- Up-to-date: /home/pavel/ws_ros2/install/px4_msgs/include/px4_msgs/px4_msgs/msg/detail/orb_test__type_support.c\n'}
[5.973534] (px4_msgs) StdoutLine: {'line': b'-- Up-to-date: /home/pavel/ws_ros2/install/px4_msgs/include/px4_msgs/px4_msgs/msg/detail/gimbal_controls__rosidl_typesupport_introspection_c.h\n'}
[5.973612] (px4_msgs) StdoutLine: {'line': b'-- Up-to-date: /home/pavel/ws_ros2/install/px4_msgs/include/px4_msgs/px4_msgs/msg/detail/sensors_status__rosidl_typesupport_introspection_c.h\n'}
[5.973692] (px4_msgs) StdoutLine: {'line': b'-- Up-to-date: /home/pavel/ws_ros2/install/px4_msgs/include/px4_msgs/px4_msgs/msg/detail/takeoff_status__rosidl_typesupport_introspection_c.h\n'}
[5.973769] (px4_msgs) StdoutLine: {'line': b'-- Up-to-date: /home/pavel/ws_ros2/install/px4_msgs/include/px4_msgs/px4_msgs/msg/detail/magnetometer_bias_estimate__type_support.c\n'}
[5.973853] (px4_msgs) StdoutLine: {'line': b'-- Up-to-date: /home/pavel/ws_ros2/install/px4_msgs/include/px4_msgs/px4_msgs/msg/detail/logger_status__rosidl_typesupport_introspection_c.h\n'}
[5.973956] (px4_msgs) StdoutLine: {'line': b'-- Up-to-date: /home/pavel/ws_ros2/install/px4_msgs/include/px4_msgs/px4_msgs/msg/detail/register_ext_component_request__type_support.c\n'}
[5.974021] (px4_msgs) StdoutLine: {'line': b'-- Up-to-date: /home/pavel/ws_ros2/install/px4_msgs/include/px4_msgs/px4_msgs/msg/detail/satellite_info__type_support.c\n'}
[5.974084] (px4_msgs) StdoutLine: {'line': b'-- Up-to-date: /home/pavel/ws_ros2/install/px4_msgs/include/px4_msgs/px4_msgs/msg/detail/input_rc__type_support.c\n'}
[5.974148] (px4_msgs) StdoutLine: {'line': b'-- Up-to-date: /home/pavel/ws_ros2/install/px4_msgs/include/px4_msgs/px4_msgs/msg/detail/estimator_event_flags__rosidl_typesupport_introspection_c.h\n'}
[5.974210] (px4_msgs) StdoutLine: {'line': b'-- Up-to-date: /home/pavel/ws_ros2/install/px4_msgs/include/px4_msgs/px4_msgs/msg/detail/qshell_req__rosidl_typesupport_introspection_c.h\n'}
[5.974274] (px4_msgs) StdoutLine: {'line': b'-- Up-to-date: /home/pavel/ws_ros2/install/px4_msgs/include/px4_msgs/px4_msgs/msg/detail/arming_check_reply__rosidl_typesupport_introspection_c.h\n'}
[5.974337] (px4_msgs) StdoutLine: {'line': b'-- Up-to-date: /home/pavel/ws_ros2/install/px4_msgs/include/px4_msgs/px4_msgs/msg/detail/can_interface_status__type_support.c\n'}
[5.974399] (px4_msgs) StdoutLine: {'line': b'-- Up-to-date: /home/pavel/ws_ros2/install/px4_msgs/include/px4_msgs/px4_msgs/msg/detail/manual_control_setpoint__rosidl_typesupport_introspection_c.h\n'}
[5.974466] (px4_msgs) StdoutLine: {'line': b'-- Up-to-date: /home/pavel/ws_ros2/install/px4_msgs/include/px4_msgs/px4_msgs/msg/detail/gpio_out__rosidl_typesupport_introspection_c.h\n'}
[5.974536] (px4_msgs) StdoutLine: {'line': b'-- Up-to-date: /home/pavel/ws_ros2/install/px4_msgs/include/px4_msgs/px4_msgs/msg/detail/dataman_response__type_support.c\n'}
[5.974602] (px4_msgs) StdoutLine: {'line': b'-- Up-to-date: /home/pavel/ws_ros2/install/px4_msgs/include/px4_msgs/px4_msgs/msg/detail/vehicle_thrust_setpoint__rosidl_typesupport_introspection_c.h\n'}
[5.974665] (px4_msgs) StdoutLine: {'line': b'-- Up-to-date: /home/pavel/ws_ros2/install/px4_msgs/include/px4_msgs/px4_msgs/msg/detail/tecs_status__type_support.c\n'}
[5.974728] (px4_msgs) StdoutLine: {'line': b'-- Up-to-date: /home/pavel/ws_ros2/install/px4_msgs/include/px4_msgs/px4_msgs/msg/detail/estimator_sensor_bias__type_support.c\n'}
[5.974790] (px4_msgs) StdoutLine: {'line': b'-- Up-to-date: /home/pavel/ws_ros2/install/px4_msgs/include/px4_msgs/px4_msgs/msg/detail/dataman_response__rosidl_typesupport_introspection_c.h\n'}
[5.974859] (px4_msgs) StdoutLine: {'line': b'-- Up-to-date: /home/pavel/ws_ros2/install/px4_msgs/include/px4_msgs/px4_msgs/msg/detail/vehicle_imu__type_support.c\n'}
[5.974956] (px4_msgs) StdoutLine: {'line': b'-- Up-to-date: /home/pavel/ws_ros2/install/px4_msgs/include/px4_msgs/px4_msgs/msg/detail/camera_status__type_support.c\n'}
[5.975020] (px4_msgs) StdoutLine: {'line': b'-- Up-to-date: /home/pavel/ws_ros2/install/px4_msgs/include/px4_msgs/px4_msgs/msg/detail/position_setpoint_triplet__rosidl_typesupport_introspection_c.h\n'}
[5.975084] (px4_msgs) StdoutLine: {'line': b'-- Up-to-date: /home/pavel/ws_ros2/install/px4_msgs/include/px4_msgs/px4_msgs/msg/detail/config_overrides__type_support.c\n'}
[5.975148] (px4_msgs) StdoutLine: {'line': b'-- Up-to-date: /home/pavel/ws_ros2/install/px4_msgs/include/px4_msgs/px4_msgs/msg/detail/sensor_baro__rosidl_typesupport_introspection_c.h\n'}
[5.975217] (px4_msgs) StdoutLine: {'line': b'-- Up-to-date: /home/pavel/ws_ros2/install/px4_msgs/include/px4_msgs/px4_msgs/msg/detail/parameter_update__type_support.c\n'}
[5.975294] (px4_msgs) StdoutLine: {'line': b'-- Up-to-date: /home/pavel/ws_ros2/install/px4_msgs/include/px4_msgs/px4_msgs/msg/detail/mount_orientation__rosidl_typesupport_introspection_c.h\n'}
[5.975371] (px4_msgs) StdoutLine: {'line': b'-- Up-to-date: /home/pavel/ws_ros2/install/px4_msgs/include/px4_msgs/px4_msgs/msg/detail/wheel_encoders__type_support.c\n'}
[5.975449] (px4_msgs) StdoutLine: {'line': b'-- Up-to-date: /home/pavel/ws_ros2/install/px4_msgs/include/px4_msgs/px4_msgs/msg/detail/mavlink_log__type_support.c\n'}
[5.975526] (px4_msgs) StdoutLine: {'line': b'-- Up-to-date: /home/pavel/ws_ros2/install/px4_msgs/include/px4_msgs/px4_msgs/msg/detail/vehicle_local_position_setpoint__type_support.c\n'}
[5.975603] (px4_msgs) StdoutLine: {'line': b'-- Up-to-date: /home/pavel/ws_ros2/install/px4_msgs/include/px4_msgs/px4_msgs/msg/detail/estimator_states__type_support.c\n'}
[5.975681] (px4_msgs) StdoutLine: {'line': b'-- Up-to-date: /home/pavel/ws_ros2/install/px4_msgs/include/px4_msgs/px4_msgs/msg/detail/pwm_input__rosidl_typesupport_introspection_c.h\n'}
[5.975758] (px4_msgs) StdoutLine: {'line': b'-- Up-to-date: /home/pavel/ws_ros2/install/px4_msgs/include/px4_msgs/px4_msgs/msg/detail/trajectory_bezier__type_support.c\n'}
[5.975836] (px4_msgs) StdoutLine: {'line': b'-- Up-to-date: /home/pavel/ws_ros2/install/px4_msgs/include/px4_msgs/px4_msgs/msg/detail/rate_ctrl_status__type_support.c\n'}
[5.975945] (px4_msgs) StdoutLine: {'line': b'-- Up-to-date: /home/pavel/ws_ros2/install/px4_msgs/include/px4_msgs/px4_msgs/msg/detail/sensor_uwb__rosidl_typesupport_introspection_c.h\n'}
[5.976010] (px4_msgs) StdoutLine: {'line': b'-- Up-to-date: /home/pavel/ws_ros2/install/px4_msgs/include/px4_msgs/px4_msgs/msg/detail/sensor_gyro_fifo__rosidl_typesupport_introspection_c.h\n'}
[5.976073] (px4_msgs) StdoutLine: {'line': b'-- Up-to-date: /home/pavel/ws_ros2/install/px4_msgs/include/px4_msgs/px4_msgs/msg/detail/gimbal_manager_status__type_support.c\n'}
[5.976136] (px4_msgs) StdoutLine: {'line': b'-- Up-to-date: /home/pavel/ws_ros2/install/px4_msgs/include/px4_msgs/px4_msgs/msg/detail/control_allocator_status__type_support.c\n'}
[5.976207] (px4_msgs) StdoutLine: {'line': b'-- Up-to-date: /home/pavel/ws_ros2/install/px4_msgs/include/px4_msgs/px4_msgs/msg/detail/sensor_optical_flow__type_support.c\n'}
[5.976292] (px4_msgs) StdoutLine: {'line': b'-- Up-to-date: /home/pavel/ws_ros2/install/px4_msgs/include/px4_msgs/px4_msgs/msg/detail/input_rc__rosidl_typesupport_introspection_c.h\n'}
[5.976357] (px4_msgs) StdoutLine: {'line': b'-- Up-to-date: /home/pavel/ws_ros2/install/px4_msgs/include/px4_msgs/px4_msgs/msg/detail/register_ext_component_reply__rosidl_typesupport_introspection_c.h\n'}
[5.976420] (px4_msgs) StdoutLine: {'line': b'-- Up-to-date: /home/pavel/ws_ros2/install/px4_msgs/include/px4_msgs/px4_msgs/msg/detail/vehicle_trajectory_waypoint__rosidl_typesupport_introspection_c.h\n'}
[5.976483] (px4_msgs) StdoutLine: {'line': b'-- Up-to-date: /home/pavel/ws_ros2/install/px4_msgs/include/px4_msgs/px4_msgs/msg/detail/power_button_state__rosidl_typesupport_introspection_c.h\n'}
[5.976549] (px4_msgs) StdoutLine: {'line': b'-- Up-to-date: /home/pavel/ws_ros2/install/px4_msgs/include/px4_msgs/px4_msgs/msg/detail/vehicle_control_mode__type_support.c\n'}
[5.976613] (px4_msgs) StdoutLine: {'line': b'-- Up-to-date: /home/pavel/ws_ros2/install/px4_msgs/include/px4_msgs/px4_msgs/msg/detail/vehicle_air_data__type_support.c\n'}
[5.976675] (px4_msgs) StdoutLine: {'line': b'-- Up-to-date: /home/pavel/ws_ros2/install/px4_msgs/include/px4_msgs/px4_msgs/msg/detail/rtl_time_estimate__rosidl_typesupport_introspection_c.h\n'}
[5.976765] (px4_msgs) StdoutLine: {'line': b'-- Up-to-date: /home/pavel/ws_ros2/install/px4_msgs/include/px4_msgs/px4_msgs/msg/detail/vehicle_angular_velocity__type_support.c\n'}
[5.976829] (px4_msgs) StdoutLine: {'line': b'-- Up-to-date: /home/pavel/ws_ros2/install/px4_msgs/include/px4_msgs/px4_msgs/msg/detail/gpio_in__type_support.c\n'}
[5.976908] (px4_msgs) StdoutLine: {'line': b'-- Up-to-date: /home/pavel/ws_ros2/install/px4_msgs/include/px4_msgs/px4_msgs/msg/detail/airspeed_validated__type_support.c\n'}
[5.976976] (px4_msgs) StdoutLine: {'line': b'-- Up-to-date: /home/pavel/ws_ros2/install/px4_msgs/include/px4_msgs/px4_msgs/msg/detail/failsafe_flags__type_support.c\n'}
[5.977054] (px4_msgs) StdoutLine: {'line': b'-- Up-to-date: /home/pavel/ws_ros2/install/px4_msgs/include/px4_msgs/px4_msgs/msg/detail/actuator_outputs__rosidl_typesupport_introspection_c.h\n'}
[5.977133] (px4_msgs) StdoutLine: {'line': b'-- Up-to-date: /home/pavel/ws_ros2/install/px4_msgs/include/px4_msgs/px4_msgs/msg/detail/actuator_servos_trim__rosidl_typesupport_introspection_c.h\n'}
[5.977215] (px4_msgs) StdoutLine: {'line': b'-- Up-to-date: /home/pavel/ws_ros2/install/px4_msgs/include/px4_msgs/px4_msgs/msg/detail/collision_report__type_support.c\n'}
[5.977293] (px4_msgs) StdoutLine: {'line': b'-- Up-to-date: /home/pavel/ws_ros2/install/px4_msgs/include/px4_msgs/px4_msgs/msg/detail/vehicle_trajectory_waypoint__type_support.c\n'}
[5.977385] (px4_msgs) StdoutLine: {'line': b'-- Up-to-date: /home/pavel/ws_ros2/install/px4_msgs/include/px4_msgs/px4_msgs/msg/detail/airspeed__type_support.c\n'}
[5.977459] (px4_msgs) StdoutLine: {'line': b'-- Up-to-date: /home/pavel/ws_ros2/install/px4_msgs/include/px4_msgs/px4_msgs/msg/detail/hover_thrust_estimate__type_support.c\n'}
[5.977534] (px4_msgs) StdoutLine: {'line': b'-- Up-to-date: /home/pavel/ws_ros2/install/px4_msgs/include/px4_msgs/px4_msgs/msg/detail/qshell_req__type_support.c\n'}
[5.977609] (px4_msgs) StdoutLine: {'line': b'-- Up-to-date: /home/pavel/ws_ros2/install/px4_msgs/include/px4_msgs/px4_msgs/msg/detail/message_format_request__rosidl_typesupport_introspection_c.h\n'}
[5.977684] (px4_msgs) StdoutLine: {'line': b'-- Up-to-date: /home/pavel/ws_ros2/install/px4_msgs/include/px4_msgs/px4_msgs/msg/detail/ulog_stream_ack__rosidl_typesupport_introspection_c.h\n'}
[5.977758] (px4_msgs) StdoutLine: {'line': b'-- Up-to-date: /home/pavel/ws_ros2/install/px4_msgs/include/px4_msgs/px4_msgs/msg/detail/actuator_motors__rosidl_typesupport_introspection_c.h\n'}
[5.977833] (px4_msgs) StdoutLine: {'line': b'-- Up-to-date: /home/pavel/ws_ros2/install/px4_msgs/include/px4_msgs/px4_msgs/msg/detail/geofence_result__type_support.c\n'}
[5.977941] (px4_msgs) StdoutLine: {'line': b'-- Up-to-date: /home/pavel/ws_ros2/install/px4_msgs/include/px4_msgs/px4_msgs/msg/detail/obstacle_distance__rosidl_typesupport_introspection_c.h\n'}
[5.978006] (px4_msgs) StdoutLine: {'line': b'-- Up-to-date: /home/pavel/ws_ros2/install/px4_msgs/include/px4_msgs/px4_msgs/msg/detail/debug_value__type_support.c\n'}
[5.978067] (px4_msgs) StdoutLine: {'line': b'-- Up-to-date: /home/pavel/ws_ros2/install/px4_msgs/include/px4_msgs/px4_msgs/msg/detail/actuator_outputs__type_support.c\n'}
[5.978128] (px4_msgs) StdoutLine: {'line': b'-- Up-to-date: /home/pavel/ws_ros2/install/px4_msgs/include/px4_msgs/px4_msgs/msg/detail/estimator_bias__type_support.c\n'}
[5.978192] (px4_msgs) StdoutLine: {'line': b'-- Up-to-date: /home/pavel/ws_ros2/install/px4_msgs/include/px4_msgs/px4_msgs/msg/detail/task_stack_info__rosidl_typesupport_introspection_c.h\n'}
[5.978268] (px4_msgs) StdoutLine: {'line': b'-- Up-to-date: /home/pavel/ws_ros2/install/px4_msgs/include/px4_msgs/px4_msgs/msg/detail/log_message__type_support.c\n'}
[5.978361] (px4_msgs) StdoutLine: {'line': b'-- Up-to-date: /home/pavel/ws_ros2/install/px4_msgs/include/px4_msgs/px4_msgs/msg/detail/pps_capture__type_support.c\n'}
[5.978438] (px4_msgs) StdoutLine: {'line': b'-- Up-to-date: /home/pavel/ws_ros2/install/px4_msgs/include/px4_msgs/px4_msgs/msg/detail/sensors_status_imu__rosidl_typesupport_introspection_c.h\n'}
[5.978516] (px4_msgs) StdoutLine: {'line': b'-- Up-to-date: /home/pavel/ws_ros2/install/px4_msgs/include/px4_msgs/px4_msgs/msg/detail/vehicle_torque_setpoint__rosidl_typesupport_introspection_c.h\n'}
[5.978593] (px4_msgs) StdoutLine: {'line': b'-- Up-to-date: /home/pavel/ws_ros2/install/px4_msgs/include/px4_msgs/px4_msgs/msg/detail/vehicle_status__rosidl_typesupport_introspection_c.h\n'}
[5.978671] (px4_msgs) StdoutLine: {'line': b'-- Up-to-date: /home/pavel/ws_ros2/install/px4_msgs/include/px4_msgs/px4_msgs/msg/detail/estimator_event_flags__type_support.c\n'}
[5.978773] (px4_msgs) StdoutLine: {'line': b'-- Up-to-date: /home/pavel/ws_ros2/install/px4_msgs/include/px4_msgs/px4_msgs/msg/detail/vehicle_command_ack__rosidl_typesupport_introspection_c.h\n'}
[5.978858] (px4_msgs) StdoutLine: {'line': b'-- Up-to-date: /home/pavel/ws_ros2/install/px4_msgs/include/px4_msgs/px4_msgs/msg/detail/transponder_report__type_support.c\n'}
[5.978930] (px4_msgs) StdoutLine: {'line': b'-- Up-to-date: /home/pavel/ws_ros2/install/px4_msgs/include/px4_msgs/px4_msgs/msg/detail/follow_target_status__type_support.c\n'}
[5.978994] (px4_msgs) StdoutLine: {'line': b'-- Up-to-date: /home/pavel/ws_ros2/install/px4_msgs/include/px4_msgs/px4_msgs/msg/detail/actuator_test__type_support.c\n'}
[5.979058] (px4_msgs) StdoutLine: {'line': b'-- Up-to-date: /home/pavel/ws_ros2/install/px4_msgs/include/px4_msgs/px4_msgs/msg/detail/npfg_status__rosidl_typesupport_introspection_c.h\n'}
[5.979127] (px4_msgs) StdoutLine: {'line': b'-- Up-to-date: /home/pavel/ws_ros2/install/px4_msgs/include/px4_msgs/px4_msgs/msg/detail/landing_target_innovations__rosidl_typesupport_introspection_c.h\n'}
[5.979191] (px4_msgs) StdoutLine: {'line': b'-- Up-to-date: /home/pavel/ws_ros2/install/px4_msgs/include/px4_msgs/px4_msgs/msg/detail/position_setpoint_triplet__type_support.c\n'}
[5.979274] (px4_msgs) StdoutLine: {'line': b'-- Up-to-date: /home/pavel/ws_ros2/install/px4_msgs/include/px4_msgs/px4_msgs/msg/detail/landing_target_innovations__type_support.c\n'}
[5.979352] (px4_msgs) StdoutLine: {'line': b'-- Up-to-date: /home/pavel/ws_ros2/install/px4_msgs/include/px4_msgs/px4_msgs/msg/detail/sensor_accel__rosidl_typesupport_introspection_c.h\n'}
[5.979443] (px4_msgs) StdoutLine: {'line': b'-- Up-to-date: /home/pavel/ws_ros2/install/px4_msgs/include/px4_msgs/px4_msgs/msg/detail/buffer128__rosidl_typesupport_introspection_c.h\n'}
[5.979518] (px4_msgs) StdoutLine: {'line': b'-- Up-to-date: /home/pavel/ws_ros2/install/px4_msgs/include/px4_msgs/px4_msgs/msg/detail/actuator_servos_trim__type_support.c\n'}
[5.979593] (px4_msgs) StdoutLine: {'line': b'-- Up-to-date: /home/pavel/ws_ros2/install/px4_msgs/include/px4_msgs/px4_msgs/msg/detail/trajectory_waypoint__rosidl_typesupport_introspection_c.h\n'}
[5.979676] (px4_msgs) StdoutLine: {'line': b'-- Up-to-date: /home/pavel/ws_ros2/install/px4_msgs/include/px4_msgs/px4_msgs/msg/detail/follow_target_status__rosidl_typesupport_introspection_c.h\n'}
[5.979745] (px4_msgs) StdoutLine: {'line': b'-- Up-to-date: /home/pavel/ws_ros2/install/px4_msgs/include/px4_msgs/px4_msgs/msg/detail/launch_detection_status__type_support.c\n'}
[5.979821] (px4_msgs) StdoutLine: {'line': b'-- Up-to-date: /home/pavel/ws_ros2/install/px4_msgs/include/px4_msgs/px4_msgs/msg/detail/position_controller_status__type_support.c\n'}
[5.979915] (px4_msgs) StdoutLine: {'line': b'-- Up-to-date: /home/pavel/ws_ros2/install/px4_msgs/include/px4_msgs/px4_msgs/msg/detail/geofence_status__type_support.c\n'}
[5.979980] (px4_msgs) StdoutLine: {'line': b'-- Up-to-date: /home/pavel/ws_ros2/install/px4_msgs/include/px4_msgs/px4_msgs/msg/detail/sensor_gyro_fft__type_support.c\n'}
[5.980045] (px4_msgs) StdoutLine: {'line': b'-- Up-to-date: /home/pavel/ws_ros2/install/px4_msgs/include/px4_msgs/px4_msgs/msg/detail/differential_pressure__type_support.c\n'}
[5.980120] (px4_msgs) StdoutLine: {'line': b'-- Up-to-date: /home/pavel/ws_ros2/install/px4_msgs/include/px4_msgs/px4_msgs/msg/detail/vehicle_attitude__rosidl_typesupport_introspection_c.h\n'}
[5.980199] (px4_msgs) StdoutLine: {'line': b'-- Up-to-date: /home/pavel/ws_ros2/install/px4_msgs/include/px4_msgs/px4_msgs/msg/detail/camera_status__rosidl_typesupport_introspection_c.h\n'}
[5.980275] (px4_msgs) StdoutLine: {'line': b'-- Up-to-date: /home/pavel/ws_ros2/install/px4_msgs/include/px4_msgs/px4_msgs/msg/detail/gps_dump__rosidl_typesupport_introspection_c.h\n'}
[5.980366] (px4_msgs) StdoutLine: {'line': b'-- Up-to-date: /home/pavel/ws_ros2/install/px4_msgs/include/px4_msgs/px4_msgs/msg/detail/sensor_selection__rosidl_typesupport_introspection_c.h\n'}
[5.980444] (px4_msgs) StdoutLine: {'line': b'-- Up-to-date: /home/pavel/ws_ros2/install/px4_msgs/include/px4_msgs/px4_msgs/msg/detail/gripper__rosidl_typesupport_introspection_c.h\n'}
[5.980521] (px4_msgs) StdoutLine: {'line': b'-- Up-to-date: /home/pavel/ws_ros2/install/px4_msgs/include/px4_msgs/px4_msgs/msg/detail/gimbal_manager_set_attitude__type_support.c\n'}
[5.980598] (px4_msgs) StdoutLine: {'line': b'-- Up-to-date: /home/pavel/ws_ros2/install/px4_msgs/include/px4_msgs/px4_msgs/msg/detail/estimator_aid_source1d__rosidl_typesupport_introspection_c.h\n'}
[5.980676] (px4_msgs) StdoutLine: {'line': b'-- Up-to-date: /home/pavel/ws_ros2/install/px4_msgs/include/px4_msgs/px4_msgs/msg/detail/sensor_correction__type_support.c\n'}
[5.980780] (px4_msgs) StdoutLine: {'line': b'-- Up-to-date: /home/pavel/ws_ros2/install/px4_msgs/include/px4_msgs/px4_msgs/msg/detail/esc_report__rosidl_typesupport_introspection_c.h\n'}
[5.980866] (px4_msgs) StdoutLine: {'line': b'-- Up-to-date: /home/pavel/ws_ros2/install/px4_msgs/include/px4_msgs/px4_msgs/msg/detail/rtl_time_estimate__type_support.c\n'}
[5.980960] (px4_msgs) StdoutLine: {'line': b'-- Up-to-date: /home/pavel/ws_ros2/install/px4_msgs/include/px4_msgs/px4_msgs/msg/detail/sensor_gyro_fft__rosidl_typesupport_introspection_c.h\n'}
[5.981029] (px4_msgs) StdoutLine: {'line': b'-- Up-to-date: /home/pavel/ws_ros2/install/px4_msgs/include/px4_msgs/px4_msgs/msg/detail/differential_drive_setpoint__rosidl_typesupport_introspection_c.h\n'}
[5.981094] (px4_msgs) StdoutLine: {'line': b'-- Up-to-date: /home/pavel/ws_ros2/install/px4_msgs/include/px4_msgs/px4_msgs/msg/detail/manual_control_setpoint__type_support.c\n'}
[5.981158] (px4_msgs) StdoutLine: {'line': b'-- Up-to-date: /home/pavel/ws_ros2/install/px4_msgs/include/px4_msgs/px4_msgs/msg/detail/flight_phase_estimation__type_support.c\n'}
[5.981222] (px4_msgs) StdoutLine: {'line': b'-- Up-to-date: /home/pavel/ws_ros2/install/px4_msgs/include/px4_msgs/px4_msgs/msg/detail/timesync_status__rosidl_typesupport_introspection_c.h\n'}
[5.981301] (px4_msgs) StdoutLine: {'line': b'-- Up-to-date: /home/pavel/ws_ros2/install/px4_msgs/include/px4_msgs/px4_msgs/msg/detail/differential_pressure__rosidl_typesupport_introspection_c.h\n'}
[5.981389] (px4_msgs) StdoutLine: {'line': b'-- Up-to-date: /home/pavel/ws_ros2/install/px4_msgs/include/px4_msgs/px4_msgs/msg/detail/parameter_set_value_response__type_support.c\n'}
[5.981460] (px4_msgs) StdoutLine: {'line': b'-- Up-to-date: /home/pavel/ws_ros2/install/px4_msgs/include/px4_msgs/px4_msgs/msg/detail/ulog_stream__rosidl_typesupport_introspection_c.h\n'}
[5.981524] (px4_msgs) StdoutLine: {'line': b'-- Up-to-date: /home/pavel/ws_ros2/install/px4_msgs/include/px4_msgs/px4_msgs/msg/detail/led_control__rosidl_typesupport_introspection_c.h\n'}
[5.981599] (px4_msgs) StdoutLine: {'line': b'-- Up-to-date: /home/pavel/ws_ros2/install/px4_msgs/include/px4_msgs/px4_msgs/msg/detail/heater_status__rosidl_typesupport_introspection_c.h\n'}
[5.981675] (px4_msgs) StdoutLine: {'line': b'-- Up-to-date: /home/pavel/ws_ros2/install/px4_msgs/include/px4_msgs/px4_msgs/msg/detail/gimbal_manager_set_manual_control__type_support.c\n'}
[5.981752] (px4_msgs) StdoutLine: {'line': b'-- Up-to-date: /home/pavel/ws_ros2/install/px4_msgs/include/px4_msgs/px4_msgs/msg/detail/ping__type_support.c\n'}
[5.981828] (px4_msgs) StdoutLine: {'line': b'-- Up-to-date: /home/pavel/ws_ros2/install/px4_msgs/include/px4_msgs/px4_msgs/msg/detail/rate_ctrl_status__rosidl_typesupport_introspection_c.h\n'}
[5.981945] (px4_msgs) StdoutLine: {'line': b'-- Up-to-date: /home/pavel/ws_ros2/install/px4_msgs/include/px4_msgs/px4_msgs/msg/detail/parameter_update__rosidl_typesupport_introspection_c.h\n'}
[5.982012] (px4_msgs) StdoutLine: {'line': b'-- Up-to-date: /home/pavel/ws_ros2/install/px4_msgs/include/px4_msgs/px4_msgs/msg/detail/vehicle_land_detected__rosidl_typesupport_introspection_c.h\n'}
[5.982076] (px4_msgs) StdoutLine: {'line': b'-- Up-to-date: /home/pavel/ws_ros2/install/px4_msgs/include/px4_msgs/px4_msgs/msg/detail/health_report__type_support.c\n'}
[5.982140] (px4_msgs) StdoutLine: {'line': b'-- Up-to-date: /home/pavel/ws_ros2/install/px4_msgs/include/px4_msgs/px4_msgs/msg/detail/rpm__type_support.c\n'}
[5.982206] (px4_msgs) StdoutLine: {'line': b'-- Up-to-date: /home/pavel/ws_ros2/install/px4_msgs/include/px4_msgs/px4_msgs/msg/detail/vehicle_optical_flow_vel__type_support.c\n'}
[5.982286] (px4_msgs) StdoutLine: {'line': b'-- Up-to-date: /home/pavel/ws_ros2/install/px4_msgs/include/px4_msgs/px4_msgs/msg/detail/vehicle_constraints__rosidl_typesupport_introspection_c.h\n'}
[5.982351] (px4_msgs) StdoutLine: {'line': b'-- Up-to-date: /home/pavel/ws_ros2/install/px4_msgs/include/px4_msgs/px4_msgs/msg/detail/event__type_support.c\n'}
[5.982415] (px4_msgs) StdoutLine: {'line': b'-- Up-to-date: /home/pavel/ws_ros2/install/px4_msgs/include/px4_msgs/px4_msgs/msg/detail/px4io_status__rosidl_typesupport_introspection_c.h\n'}
[5.982479] (px4_msgs) StdoutLine: {'line': b'-- Up-to-date: /home/pavel/ws_ros2/install/px4_msgs/include/px4_msgs/px4_msgs/msg/detail/landing_gear_wheel__type_support.c\n'}
[5.982542] (px4_msgs) StdoutLine: {'line': b'-- Up-to-date: /home/pavel/ws_ros2/install/px4_msgs/include/px4_msgs/px4_msgs/msg/detail/led_control__type_support.c\n'}
[5.982606] (px4_msgs) StdoutLine: {'line': b'-- Up-to-date: /home/pavel/ws_ros2/install/px4_msgs/include/px4_msgs/px4_msgs/msg/detail/gimbal_device_attitude_status__type_support.c\n'}
[5.982670] (px4_msgs) StdoutLine: {'line': b'-- Up-to-date: /home/pavel/ws_ros2/install/px4_msgs/include/px4_msgs/px4_msgs/msg/detail/sensor_selection__type_support.c\n'}
[5.982734] (px4_msgs) StdoutLine: {'line': b'-- Up-to-date: /home/pavel/ws_ros2/install/px4_msgs/include/px4_msgs/px4_msgs/msg/detail/vehicle_attitude__type_support.c\n'}
[5.982806] (px4_msgs) StdoutLine: {'line': b'-- Up-to-date: /home/pavel/ws_ros2/install/px4_msgs/include/px4_msgs/px4_msgs/msg/detail/battery_status__type_support.c\n'}
[5.982910] (px4_msgs) StdoutLine: {'line': b'-- Up-to-date: /home/pavel/ws_ros2/install/px4_msgs/include/px4_msgs/px4_msgs/msg/detail/sensors_status_imu__type_support.c\n'}
[5.982980] (px4_msgs) StdoutLine: {'line': b'-- Up-to-date: /home/pavel/ws_ros2/install/px4_msgs/include/px4_msgs/px4_msgs/msg/detail/mode_completed__type_support.c\n'}
[5.983049] (px4_msgs) StdoutLine: {'line': b'-- Up-to-date: /home/pavel/ws_ros2/install/px4_msgs/include/px4_msgs/px4_msgs/msg/detail/debug_vect__type_support.c\n'}
[5.983116] (px4_msgs) StdoutLine: {'line': b'-- Up-to-date: /home/pavel/ws_ros2/install/px4_msgs/include/px4_msgs/px4_msgs/msg/detail/gpio_config__type_support.c\n'}
[5.983184] (px4_msgs) StdoutLine: {'line': b'-- Up-to-date: /home/pavel/ws_ros2/install/px4_msgs/include/px4_msgs/px4_msgs/msg/detail/landing_gear_wheel__rosidl_typesupport_introspection_c.h\n'}
[5.983248] (px4_msgs) StdoutLine: {'line': b'-- Up-to-date: /home/pavel/ws_ros2/install/px4_msgs/include/px4_msgs/px4_msgs/msg/detail/landing_target_pose__type_support.c\n'}
[5.983312] (px4_msgs) StdoutLine: {'line': b'-- Up-to-date: /home/pavel/ws_ros2/install/px4_msgs/include/px4_msgs/px4_msgs/msg/detail/gimbal_manager_set_attitude__rosidl_typesupport_introspection_c.h\n'}
[5.983391] (px4_msgs) StdoutLine: {'line': b'-- Up-to-date: /home/pavel/ws_ros2/install/px4_msgs/include/px4_msgs/px4_msgs/msg/detail/unregister_ext_component__rosidl_typesupport_introspection_c.h\n'}
[5.983470] (px4_msgs) StdoutLine: {'line': b'-- Up-to-date: /home/pavel/ws_ros2/install/px4_msgs/include/px4_msgs/px4_msgs/msg/detail/estimator_sensor_bias__rosidl_typesupport_introspection_c.h\n'}
[5.983547] (px4_msgs) StdoutLine: {'line': b'-- Up-to-date: /home/pavel/ws_ros2/install/px4_msgs/include/px4_msgs/px4_msgs/msg/detail/mavlink_tunnel__rosidl_typesupport_introspection_c.h\n'}
[5.983653] (px4_msgs) StdoutLine: {'line': b'-- Up-to-date: /home/pavel/ws_ros2/install/px4_msgs/include/px4_msgs/px4_msgs/msg/detail/telemetry_status__type_support.c\n'}
[5.983725] (px4_msgs) StdoutLine: {'line': b'-- Up-to-date: /home/pavel/ws_ros2/install/px4_msgs/include/px4_msgs/px4_msgs/msg/detail/debug_key_value__rosidl_typesupport_introspection_c.h\n'}
[5.983789] (px4_msgs) StdoutLine: {'line': b'-- Up-to-date: /home/pavel/ws_ros2/install/px4_msgs/include/px4_msgs/px4_msgs/msg/detail/cpuload__rosidl_typesupport_introspection_c.h\n'}
[5.983857] (px4_msgs) StdoutLine: {'line': b'-- Up-to-date: /home/pavel/ws_ros2/install/px4_msgs/include/px4_msgs/px4_msgs/msg/detail/sensor_accel_fifo__rosidl_typesupport_introspection_c.h\n'}
[5.983928] (px4_msgs) StdoutLine: {'line': b'-- Up-to-date: /home/pavel/ws_ros2/install/px4_msgs/include/px4_msgs/px4_msgs/msg/detail/vehicle_optical_flow__type_support.c\n'}
[5.983996] (px4_msgs) StdoutLine: {'line': b'-- Up-to-date: /home/pavel/ws_ros2/install/px4_msgs/include/px4_msgs/px4_msgs/msg/detail/collision_constraints__type_support.c\n'}
[5.984074] (px4_msgs) StdoutLine: {'line': b'-- Up-to-date: /home/pavel/ws_ros2/install/px4_msgs/include/px4_msgs/px4_msgs/msg/detail/gimbal_device_information__rosidl_typesupport_introspection_c.h\n'}
[5.984151] (px4_msgs) StdoutLine: {'line': b'-- Up-to-date: /home/pavel/ws_ros2/install/px4_msgs/include/px4_msgs/px4_msgs/msg/detail/sensor_mag__rosidl_typesupport_introspection_c.h\n'}
[5.984228] (px4_msgs) StdoutLine: {'line': b'-- Up-to-date: /home/pavel/ws_ros2/install/px4_msgs/include/px4_msgs/px4_msgs/msg/detail/mavlink_tunnel__type_support.c\n'}
[5.984305] (px4_msgs) StdoutLine: {'line': b'-- Up-to-date: /home/pavel/ws_ros2/install/px4_msgs/include/px4_msgs/px4_msgs/msg/detail/estimator_aid_source3d__rosidl_typesupport_introspection_c.h\n'}
[5.984382] (px4_msgs) StdoutLine: {'line': b'-- Up-to-date: /home/pavel/ws_ros2/install/px4_msgs/include/px4_msgs/px4_msgs/msg/detail/vehicle_magnetometer__rosidl_typesupport_introspection_c.h\n'}
[5.984460] (px4_msgs) StdoutLine: {'line': b'-- Up-to-date: /home/pavel/ws_ros2/install/px4_msgs/include/px4_msgs/px4_msgs/msg/detail/actuator_controls_status__type_support.c\n'}
[5.984537] (px4_msgs) StdoutLine: {'line': b'-- Up-to-date: /home/pavel/ws_ros2/install/px4_msgs/include/px4_msgs/px4_msgs/msg/detail/vehicle_local_position__rosidl_typesupport_introspection_c.h\n'}
[5.984615] (px4_msgs) StdoutLine: {'line': b'-- Up-to-date: /home/pavel/ws_ros2/install/px4_msgs/include/px4_msgs/px4_msgs/msg/detail/orb_test_large__rosidl_typesupport_introspection_c.h\n'}
[5.984710] (px4_msgs) StdoutLine: {'line': b'-- Up-to-date: /home/pavel/ws_ros2/install/px4_msgs/include/px4_msgs/px4_msgs/msg/detail/gps_inject_data__type_support.c\n'}
[5.984774] (px4_msgs) StdoutLine: {'line': b'-- Up-to-date: /home/pavel/ws_ros2/install/px4_msgs/include/px4_msgs/px4_msgs/msg/detail/estimator_status_flags__rosidl_typesupport_introspection_c.h\n'}
[5.984853] (px4_msgs) StdoutLine: {'line': b'-- Up-to-date: /home/pavel/ws_ros2/install/px4_msgs/include/px4_msgs/px4_msgs/msg/detail/sensor_mag__type_support.c\n'}
[5.984944] (px4_msgs) StdoutLine: {'line': b'-- Up-to-date: /home/pavel/ws_ros2/install/px4_msgs/include/px4_msgs/px4_msgs/msg/detail/actuator_motors__type_support.c\n'}
[5.985009] (px4_msgs) StdoutLine: {'line': b'-- Up-to-date: /home/pavel/ws_ros2/install/px4_msgs/include/px4_msgs/px4_msgs/msg/detail/orb_test_medium__rosidl_typesupport_introspection_c.h\n'}
[5.985073] (px4_msgs) StdoutLine: {'line': b'-- Up-to-date: /home/pavel/ws_ros2/install/px4_msgs/include/px4_msgs/px4_msgs/msg/detail/debug_key_value__type_support.c\n'}
[5.985144] (px4_msgs) StdoutLine: {'line': b'-- Up-to-date: /home/pavel/ws_ros2/install/px4_msgs/include/px4_msgs/px4_msgs/msg/detail/gpio_in__rosidl_typesupport_introspection_c.h\n'}
[5.985235] (px4_msgs) StdoutLine: {'line': b'-- Up-to-date: /home/pavel/ws_ros2/install/px4_msgs/include/px4_msgs/px4_msgs/msg/detail/trajectory_setpoint__type_support.c\n'}
[5.985299] (px4_msgs) StdoutLine: {'line': b'-- Up-to-date: /home/pavel/ws_ros2/install/px4_msgs/include/px4_msgs/px4_msgs/msg/detail/satellite_info__rosidl_typesupport_introspection_c.h\n'}
[5.985362] (px4_msgs) StdoutLine: {'line': b'-- Up-to-date: /home/pavel/ws_ros2/install/px4_msgs/include/px4_msgs/px4_msgs/msg/detail/estimator_selector_status__type_support.c\n'}
[5.985425] (px4_msgs) StdoutLine: {'line': b'-- Up-to-date: /home/pavel/ws_ros2/install/px4_msgs/include/px4_msgs/px4_msgs/msg/detail/figure_eight_status__type_support.c\n'}
[5.985488] (px4_msgs) StdoutLine: {'line': b'-- Up-to-date: /home/pavel/ws_ros2/install/px4_msgs/include/px4_msgs/px4_msgs/msg/detail/obstacle_distance__type_support.c\n'}
[5.985564] (px4_msgs) StdoutLine: {'line': b'-- Up-to-date: /home/pavel/ws_ros2/install/px4_msgs/include/px4_msgs/px4_msgs/msg/detail/orbit_status__type_support.c\n'}
[5.985640] (px4_msgs) StdoutLine: {'line': b'-- Up-to-date: /home/pavel/ws_ros2/install/px4_msgs/include/px4_msgs/px4_msgs/msg/detail/actuator_armed__type_support.c\n'}
[5.985717] (px4_msgs) StdoutLine: {'line': b'-- Up-to-date: /home/pavel/ws_ros2/install/px4_msgs/include/px4_msgs/px4_msgs/msg/detail/rover_ackermann_guidance_status__type_support.c\n'}
[5.985793] (px4_msgs) StdoutLine: {'line': b'-- Up-to-date: /home/pavel/ws_ros2/install/px4_msgs/include/px4_msgs/px4_msgs/msg/detail/rc_parameter_map__type_support.c\n'}
[5.985896] (px4_msgs) StdoutLine: {'line': b'-- Up-to-date: /home/pavel/ws_ros2/install/px4_msgs/include/px4_msgs/px4_msgs/msg/detail/vehicle_imu__rosidl_typesupport_introspection_c.h\n'}
[5.985967] (px4_msgs) StdoutLine: {'line': b'-- Up-to-date: /home/pavel/ws_ros2/install/px4_msgs/include/px4_msgs/px4_msgs/msg/detail/sensor_hygrometer__rosidl_typesupport_introspection_c.h\n'}
[5.986038] (px4_msgs) StdoutLine: {'line': b'-- Up-to-date: /home/pavel/ws_ros2/install/px4_msgs/include/px4_msgs/px4_msgs/msg/detail/airspeed_wind__rosidl_typesupport_introspection_c.h\n'}
[5.986101] (px4_msgs) StdoutLine: {'line': b'-- Up-to-date: /home/pavel/ws_ros2/install/px4_msgs/include/px4_msgs/px4_msgs/msg/detail/distance_sensor__rosidl_typesupport_introspection_c.h\n'}
[5.986164] (px4_msgs) StdoutLine: {'line': b'-- Up-to-date: /home/pavel/ws_ros2/install/px4_msgs/include/px4_msgs/px4_msgs/msg/detail/autotune_attitude_control_status__type_support.c\n'}
[5.986226] (px4_msgs) StdoutLine: {'line': b'-- Up-to-date: /home/pavel/ws_ros2/install/px4_msgs/include/px4_msgs/px4_msgs/msg/detail/generator_status__type_support.c\n'}
[5.986314] (px4_msgs) StdoutLine: {'line': b'-- Up-to-date: /home/pavel/ws_ros2/install/px4_msgs/include/px4_msgs/px4_msgs/msg/detail/onboard_computer_status__rosidl_typesupport_introspection_c.h\n'}
[5.986378] (px4_msgs) StdoutLine: {'line': b'-- Up-to-date: /home/pavel/ws_ros2/install/px4_msgs/include/px4_msgs/px4_msgs/msg/detail/vehicle_control_mode__rosidl_typesupport_introspection_c.h\n'}
[5.986441] (px4_msgs) StdoutLine: {'line': b'-- Up-to-date: /home/pavel/ws_ros2/install/px4_msgs/include/px4_msgs/px4_msgs/msg/detail/camera_capture__type_support.c\n'}
[5.986504] (px4_msgs) StdoutLine: {'line': b'-- Up-to-date: /home/pavel/ws_ros2/install/px4_msgs/include/px4_msgs/px4_msgs/msg/detail/sensor_combined__type_support.c\n'}
[5.986583] (px4_msgs) StdoutLine: {'line': b'-- Up-to-date: /home/pavel/ws_ros2/install/px4_msgs/include/px4_msgs/px4_msgs/msg/detail/actuator_servos__type_support.c\n'}
[5.986648] (px4_msgs) StdoutLine: {'line': b'-- Up-to-date: /home/pavel/ws_ros2/install/px4_msgs/include/px4_msgs/px4_msgs/msg/detail/vehicle_rates_setpoint__rosidl_typesupport_introspection_c.h\n'}
[5.986711] (px4_msgs) StdoutLine: {'line': b'-- Up-to-date: /home/pavel/ws_ros2/install/px4_msgs/include/px4_msgs/px4_msgs/msg/detail/camera_trigger__type_support.c\n'}
[5.986773] (px4_msgs) StdoutLine: {'line': b'-- Up-to-date: /home/pavel/ws_ros2/install/px4_msgs/include/px4_msgs/px4_msgs/msg/detail/gpio_out__type_support.c\n'}
[5.986836] (px4_msgs) StdoutLine: {'line': b'-- Up-to-date: /home/pavel/ws_ros2/install/px4_msgs/include/px4_msgs/px4_msgs/msg/detail/airspeed_wind__type_support.c\n'}
[5.987981] (px4_msgs) StdoutLine: {'line': b'-- Up-to-date: /home/pavel/ws_ros2/install/px4_msgs/include/px4_msgs/px4_msgs/msg/detail/mission_result__rosidl_typesupport_introspection_c.h\n'}
[5.988060] (px4_msgs) StdoutLine: {'line': b'-- Up-to-date: /home/pavel/ws_ros2/install/px4_msgs/include/px4_msgs/px4_msgs/msg/detail/debug_vect__rosidl_typesupport_introspection_c.h\n'}
[5.988130] (px4_msgs) StdoutLine: {'line': b'-- Up-to-date: /home/pavel/ws_ros2/install/px4_msgs/include/px4_msgs/px4_msgs/msg/detail/rover_ackermann_guidance_status__rosidl_typesupport_introspection_c.h\n'}
[5.988201] (px4_msgs) StdoutLine: {'line': b'-- Up-to-date: /home/pavel/ws_ros2/install/px4_msgs/include/px4_msgs/px4_msgs/msg/detail/cellular_status__type_support.c\n'}
[5.988267] (px4_msgs) StdoutLine: {'line': b'-- Up-to-date: /home/pavel/ws_ros2/install/px4_msgs/include/px4_msgs/px4_msgs/msg/detail/vehicle_acceleration__rosidl_typesupport_introspection_c.h\n'}
[5.988342] (px4_msgs) StdoutLine: {'line': b'-- Up-to-date: /home/pavel/ws_ros2/install/px4_msgs/include/px4_msgs/px4_msgs/msg/detail/telemetry_status__rosidl_typesupport_introspection_c.h\n'}
[5.988409] (px4_msgs) StdoutLine: {'line': b'-- Up-to-date: /home/pavel/ws_ros2/install/px4_msgs/include/px4_msgs/px4_msgs/msg/detail/figure_eight_status__rosidl_typesupport_introspection_c.h\n'}
[5.988475] (px4_msgs) StdoutLine: {'line': b'-- Up-to-date: /home/pavel/ws_ros2/install/px4_msgs/include/px4_msgs/px4_msgs/msg/detail/launch_detection_status__rosidl_typesupport_introspection_c.h\n'}
[5.988539] (px4_msgs) StdoutLine: {'line': b'-- Up-to-date: /home/pavel/ws_ros2/install/px4_msgs/include/px4_msgs/px4_msgs/msg/detail/vehicle_odometry__type_support.c\n'}
[5.988604] (px4_msgs) StdoutLine: {'line': b'-- Up-to-date: /home/pavel/ws_ros2/install/px4_msgs/include/px4_msgs/px4_msgs/msg/detail/offboard_control_mode__rosidl_typesupport_introspection_c.h\n'}
[5.988668] (px4_msgs) StdoutLine: {'line': b'-- Up-to-date: /home/pavel/ws_ros2/install/px4_msgs/include/px4_msgs/px4_msgs/msg/detail/register_ext_component_request__rosidl_typesupport_introspection_c.h\n'}
[5.988732] (px4_msgs) StdoutLine: {'line': b'-- Up-to-date: /home/pavel/ws_ros2/install/px4_msgs/include/px4_msgs/px4_msgs/msg/detail/actuator_armed__rosidl_typesupport_introspection_c.h\n'}
[5.988797] (px4_msgs) StdoutLine: {'line': b'-- Up-to-date: /home/pavel/ws_ros2/install/px4_msgs/include/px4_msgs/px4_msgs/msg/detail/camera_trigger__rosidl_typesupport_introspection_c.h\n'}
[5.988876] (px4_msgs) StdoutLine: {'line': b'-- Up-to-date: /home/pavel/ws_ros2/install/px4_msgs/include/px4_msgs/px4_msgs/msg/detail/uavcan_parameter_value__type_support.c\n'}
[5.988946] (px4_msgs) StdoutLine: {'line': b'-- Up-to-date: /home/pavel/ws_ros2/install/px4_msgs/include/px4_msgs/px4_msgs/msg/detail/irlock_report__type_support.c\n'}
[5.989010] (px4_msgs) StdoutLine: {'line': b'-- Up-to-date: /home/pavel/ws_ros2/install/px4_msgs/include/px4_msgs/px4_msgs/msg/detail/tune_control__rosidl_typesupport_introspection_c.h\n'}
[5.989075] (px4_msgs) StdoutLine: {'line': b'-- Up-to-date: /home/pavel/ws_ros2/install/px4_msgs/include/px4_msgs/px4_msgs/msg/detail/normalized_unsigned_setpoint__type_support.c\n'}
[5.989146] (px4_msgs) StdoutLine: {'line': b'-- Up-to-date: /home/pavel/ws_ros2/install/px4_msgs/include/px4_msgs/px4_msgs/msg/detail/magnetometer_bias_estimate__rosidl_typesupport_introspection_c.h\n'}
[5.989212] (px4_msgs) StdoutLine: {'line': b'-- Up-to-date: /home/pavel/ws_ros2/install/px4_msgs/include/px4_msgs/px4_msgs/msg/detail/mount_orientation__type_support.c\n'}
[5.989276] (px4_msgs) StdoutLine: {'line': b'-- Up-to-date: /home/pavel/ws_ros2/install/px4_msgs/include/px4_msgs/px4_msgs/msg/detail/vehicle_command__rosidl_typesupport_introspection_c.h\n'}
[5.989341] (px4_msgs) StdoutLine: {'line': b'-- Up-to-date: /home/pavel/ws_ros2/install/px4_msgs/include/px4_msgs/px4_msgs/msg/detail/debug_array__rosidl_typesupport_introspection_c.h\n'}
[5.989405] (px4_msgs) StdoutLine: {'line': b'-- Up-to-date: /home/pavel/ws_ros2/install/px4_msgs/include/px4_msgs/px4_msgs/msg/detail/esc_status__rosidl_typesupport_introspection_c.h\n'}
[5.989470] (px4_msgs) StdoutLine: {'line': b'-- Up-to-date: /home/pavel/ws_ros2/install/px4_msgs/include/px4_msgs/px4_msgs/msg/detail/sensor_optical_flow__rosidl_typesupport_introspection_c.h\n'}
[5.989535] (px4_msgs) StdoutLine: {'line': b'-- Up-to-date: /home/pavel/ws_ros2/install/px4_msgs/include/px4_msgs/px4_msgs/msg/detail/can_interface_status__rosidl_typesupport_introspection_c.h\n'}
[5.989600] (px4_msgs) StdoutLine: {'line': b'-- Up-to-date: /home/pavel/ws_ros2/install/px4_msgs/include/px4_msgs/px4_msgs/msg/detail/vehicle_attitude_setpoint__type_support.c\n'}
[5.989664] (px4_msgs) StdoutLine: {'line': b'-- Up-to-date: /home/pavel/ws_ros2/install/px4_msgs/include/px4_msgs/px4_msgs/msg/detail/estimator_innovations__rosidl_typesupport_introspection_c.h\n'}
[5.989730] (px4_msgs) StdoutLine: {'line': b'-- Up-to-date: /home/pavel/ws_ros2/install/px4_msgs/include/px4_msgs/px4_msgs/msg/detail/sensor_uwb__type_support.c\n'}
[5.989794] (px4_msgs) StdoutLine: {'line': b'-- Up-to-date: /home/pavel/ws_ros2/install/px4_msgs/include/px4_msgs/px4_msgs/msg/detail/vehicle_land_detected__type_support.c\n'}
[5.989864] (px4_msgs) StdoutLine: {'line': b'-- Up-to-date: /home/pavel/ws_ros2/install/px4_msgs/include/px4_msgs/px4_msgs/msg/detail/vehicle_optical_flow__rosidl_typesupport_introspection_c.h\n'}
[5.989994] (px4_msgs) StdoutLine: {'line': b'-- Up-to-date: /home/pavel/ws_ros2/install/px4_msgs/include/px4_msgs/px4_msgs/msg/detail/mission_result__type_support.c\n'}
[5.990061] (px4_msgs) StdoutLine: {'line': b'-- Up-to-date: /home/pavel/ws_ros2/install/px4_msgs/include/px4_msgs/px4_msgs/msg/detail/radio_status__rosidl_typesupport_introspection_c.h\n'}
[5.990114] (px4_msgs) StdoutLine: {'line': b'-- Up-to-date: /home/pavel/ws_ros2/install/px4_msgs/include/px4_msgs/px4_msgs/msg/detail/vehicle_trajectory_bezier__type_support.c\n'}
[5.990165] (px4_msgs) StdoutLine: {'line': b'-- Up-to-date: /home/pavel/ws_ros2/install/px4_msgs/include/px4_msgs/px4_msgs/msg/detail/estimator_status__type_support.c\n'}
[5.990220] (px4_msgs) StdoutLine: {'line': b'-- Up-to-date: /home/pavel/ws_ros2/install/px4_msgs/include/px4_msgs/px4_msgs/msg/detail/goto_setpoint__rosidl_typesupport_introspection_c.h\n'}
[5.990271] (px4_msgs) StdoutLine: {'line': b'-- Up-to-date: /home/pavel/ws_ros2/install/px4_msgs/include/px4_msgs/px4_msgs/msg/detail/health_report__rosidl_typesupport_introspection_c.h\n'}
[5.990326] (px4_msgs) StdoutLine: {'line': b'-- Up-to-date: /home/pavel/ws_ros2/install/px4_msgs/include/px4_msgs/px4_msgs/msg/detail/adc_report__type_support.c\n'}
[5.990380] (px4_msgs) StdoutLine: {'line': b'-- Up-to-date: /home/pavel/ws_ros2/install/px4_msgs/include/px4_msgs/px4_msgs/msg/detail/sensor_preflight_mag__rosidl_typesupport_introspection_c.h\n'}
[5.990432] (px4_msgs) StdoutLine: {'line': b'-- Up-to-date: /home/pavel/ws_ros2/install/px4_msgs/include/px4_msgs/px4_msgs/msg/detail/onboard_computer_status__type_support.c\n'}
[5.990583] (px4_msgs) StdoutLine: {'line': b'-- Up-to-date: /home/pavel/ws_ros2/install/px4_msgs/include/px4_msgs/px4_msgs/msg/detail/follow_target_estimator__rosidl_typesupport_introspection_c.h\n'}
[5.990642] (px4_msgs) StdoutLine: {'line': b'-- Up-to-date: /home/pavel/ws_ros2/install/px4_msgs/include/px4_msgs/px4_msgs/msg/detail/arming_check_request__type_support.c\n'}
[5.990695] (px4_msgs) StdoutLine: {'line': b'-- Up-to-date: /home/pavel/ws_ros2/install/px4_msgs/include/px4_msgs/px4_msgs/msg/detail/system_power__rosidl_typesupport_introspection_c.h\n'}
[5.990746] (px4_msgs) StdoutLine: {'line': b'-- Up-to-date: /home/pavel/ws_ros2/install/px4_msgs/include/px4_msgs/px4_msgs/msg/detail/sensor_gnss_relative__rosidl_typesupport_introspection_c.h\n'}
[5.990797] (px4_msgs) StdoutLine: {'line': b'-- Up-to-date: /home/pavel/ws_ros2/install/px4_msgs/include/px4_msgs/px4_msgs/msg/detail/rc_channels__type_support.c\n'}
[5.990854] (px4_msgs) StdoutLine: {'line': b'-- Up-to-date: /home/pavel/ws_ros2/install/px4_msgs/include/px4_msgs/px4_msgs/msg/detail/sensors_status__type_support.c\n'}
[5.990918] (px4_msgs) StdoutLine: {'line': b'-- Up-to-date: /home/pavel/ws_ros2/install/px4_msgs/include/px4_msgs/px4_msgs/msg/detail/pwm_input__type_support.c\n'}
[5.990972] (px4_msgs) StdoutLine: {'line': b'-- Up-to-date: /home/pavel/ws_ros2/install/px4_msgs/include/px4_msgs/px4_msgs/msg/detail/vehicle_angular_velocity__rosidl_typesupport_introspection_c.h\n'}
[5.991028] (px4_msgs) StdoutLine: {'line': b'-- Up-to-date: /home/pavel/ws_ros2/install/px4_msgs/include/px4_msgs/px4_msgs/msg/detail/velocity_limits__rosidl_typesupport_introspection_c.h\n'}
[5.991199] (px4_msgs) StdoutLine: {'line': b'-- Up-to-date: /home/pavel/ws_ros2/install/px4_msgs/include/px4_msgs/px4_msgs/msg/detail/power_monitor__rosidl_typesupport_introspection_c.h\n'}
[5.991270] (px4_msgs) StdoutLine: {'line': b'-- Up-to-date: /home/pavel/ws_ros2/install/px4_msgs/include/px4_msgs/px4_msgs/msg/detail/gimbal_manager_information__type_support.c\n'}
[5.991352] (px4_msgs) StdoutLine: {'line': b'-- Up-to-date: /home/pavel/ws_ros2/install/px4_msgs/include/px4_msgs/px4_msgs/msg/detail/gpio_config__rosidl_typesupport_introspection_c.h\n'}
[5.991422] (px4_msgs) StdoutLine: {'line': b'-- Up-to-date: /home/pavel/ws_ros2/install/px4_msgs/include/px4_msgs/px4_msgs/msg/detail/sensor_gyro_fifo__type_support.c\n'}
[5.991488] (px4_msgs) StdoutLine: {'line': b'-- Up-to-date: /home/pavel/ws_ros2/install/px4_msgs/include/px4_msgs/px4_msgs/msg/detail/rc_parameter_map__rosidl_typesupport_introspection_c.h\n'}
[5.991553] (px4_msgs) StdoutLine: {'line': b'-- Up-to-date: /home/pavel/ws_ros2/install/px4_msgs/include/px4_msgs/px4_msgs/msg/detail/mission__type_support.c\n'}
[5.991617] (px4_msgs) StdoutLine: {'line': b'-- Up-to-date: /home/pavel/ws_ros2/install/px4_msgs/include/px4_msgs/px4_msgs/msg/detail/failure_detector_status__rosidl_typesupport_introspection_c.h\n'}
[5.991681] (px4_msgs) StdoutLine: {'line': b'-- Up-to-date: /home/pavel/ws_ros2/install/px4_msgs/include/px4_msgs/px4_msgs/msg/detail/button_event__rosidl_typesupport_introspection_c.h\n'}
[5.991746] (px4_msgs) StdoutLine: {'line': b'-- Up-to-date: /home/pavel/ws_ros2/install/px4_msgs/include/px4_msgs/px4_msgs/msg/detail/uavcan_parameter_value__rosidl_typesupport_introspection_c.h\n'}
[5.991812] (px4_msgs) StdoutLine: {'line': b'-- Up-to-date: /home/pavel/ws_ros2/install/px4_msgs/include/px4_msgs/px4_msgs/msg/detail/tecs_status__rosidl_typesupport_introspection_c.h\n'}
[5.991895] (px4_msgs) StdoutLine: {'line': b'-- Up-to-date: /home/pavel/ws_ros2/install/px4_msgs/include/px4_msgs/px4_msgs/msg/detail/parameter_reset_request__type_support.c\n'}
[5.991971] (px4_msgs) StdoutLine: {'line': b'-- Up-to-date: /home/pavel/ws_ros2/install/px4_msgs/include/px4_msgs/px4_msgs/msg/detail/estimator_states__rosidl_typesupport_introspection_c.h\n'}
[5.992037] (px4_msgs) StdoutLine: {'line': b'-- Up-to-date: /home/pavel/ws_ros2/install/px4_msgs/include/px4_msgs/px4_msgs/msg/detail/home_position__type_support.c\n'}
[5.992102] (px4_msgs) StdoutLine: {'line': b'-- Up-to-date: /home/pavel/ws_ros2/install/px4_msgs/include/px4_msgs/px4_msgs/msg/detail/vehicle_imu_status__type_support.c\n'}
[5.992166] (px4_msgs) StdoutLine: {'line': b'-- Up-to-date: /home/pavel/ws_ros2/install/px4_msgs/include/px4_msgs/px4_msgs/msg/detail/rtl_status__type_support.c\n'}
[5.992235] (px4_msgs) StdoutLine: {'line': b'-- Up-to-date: /home/pavel/ws_ros2/install/px4_msgs/include/px4_msgs/px4_msgs/msg/detail/gripper__type_support.c\n'}
[5.992299] (px4_msgs) StdoutLine: {'line': b'-- Up-to-date: /home/pavel/ws_ros2/install/px4_msgs/include/px4_msgs/px4_msgs/msg/detail/vehicle_odometry__rosidl_typesupport_introspection_c.h\n'}
[5.992364] (px4_msgs) StdoutLine: {'line': b'-- Up-to-date: /home/pavel/ws_ros2/install/px4_msgs/include/px4_msgs/px4_msgs/msg/detail/vehicle_local_position__type_support.c\n'}
[5.992427] (px4_msgs) StdoutLine: {'line': b'-- Up-to-date: /home/pavel/ws_ros2/install/px4_msgs/include/px4_msgs/px4_msgs/msg/detail/airspeed_validated__rosidl_typesupport_introspection_c.h\n'}
[5.992491] (px4_msgs) StdoutLine: {'line': b'-- Up-to-date: /home/pavel/ws_ros2/install/px4_msgs/include/px4_msgs/px4_msgs/msg/detail/estimator_gps_status__type_support.c\n'}
[5.992555] (px4_msgs) StdoutLine: {'line': b'-- Up-to-date: /home/pavel/ws_ros2/install/px4_msgs/include/px4_msgs/px4_msgs/msg/detail/estimator_bias__rosidl_typesupport_introspection_c.h\n'}
[5.992619] (px4_msgs) StdoutLine: {'line': b'-- Up-to-date: /home/pavel/ws_ros2/install/px4_msgs/include/px4_msgs/px4_msgs/msg/detail/navigator_mission_item__rosidl_typesupport_introspection_c.h\n'}
[5.992683] (px4_msgs) StdoutLine: {'line': b'-- Up-to-date: /home/pavel/ws_ros2/install/px4_msgs/include/px4_msgs/px4_msgs/msg/detail/ekf2_timestamps__type_support.c\n'}
[5.992747] (px4_msgs) StdoutLine: {'line': b'-- Up-to-date: /home/pavel/ws_ros2/install/px4_msgs/include/px4_msgs/px4_msgs/msg/detail/landing_target_pose__rosidl_typesupport_introspection_c.h\n'}
[5.992811] (px4_msgs) StdoutLine: {'line': b'-- Up-to-date: /home/pavel/ws_ros2/install/px4_msgs/include/px4_msgs/px4_msgs/msg/detail/failure_detector_status__type_support.c\n'}
[5.992885] (px4_msgs) StdoutLine: {'line': b'-- Up-to-date: /home/pavel/ws_ros2/install/px4_msgs/include/px4_msgs/px4_msgs/msg/detail/dataman_request__type_support.c\n'}
[5.992953] (px4_msgs) StdoutLine: {'line': b'-- Up-to-date: /home/pavel/ws_ros2/install/px4_msgs/include/px4_msgs/px4_msgs/msg/detail/estimator_selector_status__rosidl_typesupport_introspection_c.h\n'}
[5.993017] (px4_msgs) StdoutLine: {'line': b'-- Up-to-date: /home/pavel/ws_ros2/install/px4_msgs/include/px4_msgs/px4_msgs/msg/detail/home_position__rosidl_typesupport_introspection_c.h\n'}
[5.993081] (px4_msgs) StdoutLine: {'line': b'-- Up-to-date: /home/pavel/ws_ros2/install/px4_msgs/include/px4_msgs/px4_msgs/msg/detail/vehicle_rates_setpoint__type_support.c\n'}
[5.993145] (px4_msgs) StdoutLine: {'line': b'-- Up-to-date: /home/pavel/ws_ros2/install/px4_msgs/include/px4_msgs/px4_msgs/msg/detail/navigator_mission_item__type_support.c\n'}
[5.993208] (px4_msgs) StdoutLine: {'line': b'-- Up-to-date: /home/pavel/ws_ros2/install/px4_msgs/include/px4_msgs/px4_msgs/msg/detail/mavlink_log__rosidl_typesupport_introspection_c.h\n'}
[5.993280] (px4_msgs) StdoutLine: {'line': b'-- Up-to-date: /home/pavel/ws_ros2/install/px4_msgs/include/px4_msgs/px4_msgs/msg/detail/autotune_attitude_control_status__rosidl_typesupport_introspection_c.h\n'}
[5.993345] (px4_msgs) StdoutLine: {'line': b'-- Up-to-date: /home/pavel/ws_ros2/install/px4_msgs/include/px4_msgs/px4_msgs/msg/detail/position_setpoint__rosidl_typesupport_introspection_c.h\n'}
[5.993414] (px4_msgs) StdoutLine: {'line': b'-- Up-to-date: /home/pavel/ws_ros2/install/px4_msgs/include/px4_msgs/px4_msgs/msg/detail/vehicle_angular_acceleration_setpoint__rosidl_typesupport_introspection_c.h\n'}
[5.993478] (px4_msgs) StdoutLine: {'line': b'-- Up-to-date: /home/pavel/ws_ros2/install/px4_msgs/include/px4_msgs/px4_msgs/msg/detail/sensor_airflow__rosidl_typesupport_introspection_c.h\n'}
[5.993542] (px4_msgs) StdoutLine: {'line': b'-- Up-to-date: /home/pavel/ws_ros2/install/px4_msgs/include/px4_msgs/px4_msgs/msg/detail/uavcan_parameter_request__rosidl_typesupport_introspection_c.h\n'}
[5.993606] (px4_msgs) StdoutLine: {'line': b'-- Up-to-date: /home/pavel/ws_ros2/install/px4_msgs/include/px4_msgs/px4_msgs/msg/detail/gimbal_device_set_attitude__rosidl_typesupport_introspection_c.h\n'}
[5.993670] (px4_msgs) StdoutLine: {'line': b'-- Up-to-date: /home/pavel/ws_ros2/install/px4_msgs/include/px4_msgs/px4_msgs/msg/detail/sensor_correction__rosidl_typesupport_introspection_c.h\n'}
[5.993735] (px4_msgs) StdoutLine: {'line': b'-- Up-to-date: /home/pavel/ws_ros2/install/px4_msgs/include/px4_msgs/px4_msgs/msg/detail/vtol_vehicle_status__rosidl_typesupport_introspection_c.h\n'}
[5.993798] (px4_msgs) StdoutLine: {'line': b'-- Up-to-date: /home/pavel/ws_ros2/install/px4_msgs/include/px4_msgs/px4_msgs/msg/detail/position_controller_landing_status__rosidl_typesupport_introspection_c.h\n'}
[5.993870] (px4_msgs) StdoutLine: {'line': b'-- Up-to-date: /home/pavel/ws_ros2/install/px4_msgs/include/px4_msgs/px4_msgs/msg/detail/tiltrotor_extra_controls__rosidl_typesupport_introspection_c.h\n'}
[5.993941] (px4_msgs) StdoutLine: {'line': b'-- Up-to-date: /home/pavel/ws_ros2/install/px4_msgs/include/px4_msgs/px4_msgs/msg/detail/trajectory_setpoint__rosidl_typesupport_introspection_c.h\n'}
[5.994008] (px4_msgs) StdoutLine: {'line': b'-- Up-to-date: /home/pavel/ws_ros2/install/px4_msgs/include/px4_msgs/px4_msgs/msg/detail/mission__rosidl_typesupport_introspection_c.h\n'}
[5.994072] (px4_msgs) StdoutLine: {'line': b'-- Up-to-date: /home/pavel/ws_ros2/install/px4_msgs/include/px4_msgs/px4_msgs/msg/detail/position_controller_landing_status__type_support.c\n'}
[5.994136] (px4_msgs) StdoutLine: {'line': b'-- Up-to-date: /home/pavel/ws_ros2/install/px4_msgs/include/px4_msgs/px4_msgs/msg/detail/rc_channels__rosidl_typesupport_introspection_c.h\n'}
[5.994199] (px4_msgs) StdoutLine: {'line': b'-- Up-to-date: /home/pavel/ws_ros2/install/px4_msgs/include/px4_msgs/px4_msgs/msg/detail/gimbal_device_set_attitude__type_support.c\n'}
[5.994263] (px4_msgs) StdoutLine: {'line': b'-- Up-to-date: /home/pavel/ws_ros2/install/px4_msgs/include/px4_msgs/px4_msgs/msg/detail/cellular_status__rosidl_typesupport_introspection_c.h\n'}
[5.994326] (px4_msgs) StdoutLine: {'line': b'-- Up-to-date: /home/pavel/ws_ros2/install/px4_msgs/include/px4_msgs/px4_msgs/msg/detail/rtl_status__rosidl_typesupport_introspection_c.h\n'}
[5.994390] (px4_msgs) StdoutLine: {'line': b'-- Up-to-date: /home/pavel/ws_ros2/install/px4_msgs/include/px4_msgs/px4_msgs/msg/detail/task_stack_info__type_support.c\n'}
[5.994454] (px4_msgs) StdoutLine: {'line': b'-- Up-to-date: /home/pavel/ws_ros2/install/px4_msgs/include/px4_msgs/px4_msgs/msg/detail/position_setpoint__type_support.c\n'}
[5.994517] (px4_msgs) StdoutLine: {'line': b'-- Up-to-date: /home/pavel/ws_ros2/install/px4_msgs/include/px4_msgs/px4_msgs/msg/detail/actuator_controls_status__rosidl_typesupport_introspection_c.h\n'}
[5.994581] (px4_msgs) StdoutLine: {'line': b'-- Up-to-date: /home/pavel/ws_ros2/install/px4_msgs/include/px4_msgs/px4_msgs/msg/detail/gps_dump__type_support.c\n'}
[5.994645] (px4_msgs) StdoutLine: {'line': b'-- Up-to-date: /home/pavel/ws_ros2/install/px4_msgs/include/px4_msgs/px4_msgs/msg/detail/ulog_stream__type_support.c\n'}
[5.994708] (px4_msgs) StdoutLine: {'line': b'-- Up-to-date: /home/pavel/ws_ros2/install/px4_msgs/include/px4_msgs/px4_msgs/msg/detail/follow_target__type_support.c\n'}
[5.994772] (px4_msgs) StdoutLine: {'line': b'-- Up-to-date: /home/pavel/ws_ros2/install/px4_msgs/include/px4_msgs/px4_msgs/msg/detail/follow_target_estimator__type_support.c\n'}
[5.994850] (px4_msgs) StdoutLine: {'line': b'-- Up-to-date: /home/pavel/ws_ros2/install/px4_msgs/include/px4_msgs/px4_msgs/msg/detail/estimator_aid_source1d__type_support.c\n'}
[5.994937] (px4_msgs) StdoutLine: {'line': b'-- Up-to-date: /home/pavel/ws_ros2/install/px4_msgs/include/px4_msgs/px4_msgs/msg/detail/iridiumsbd_status__rosidl_typesupport_introspection_c.h\n'}
[5.995012] (px4_msgs) StdoutLine: {'line': b'-- Up-to-date: /home/pavel/ws_ros2/install/px4_msgs/include/px4_msgs/px4_msgs/msg/detail/flight_phase_estimation__rosidl_typesupport_introspection_c.h\n'}
[5.995077] (px4_msgs) StdoutLine: {'line': b'-- Up-to-date: /home/pavel/ws_ros2/install/px4_msgs/include/px4_msgs/px4_msgs/msg/detail/control_allocator_status__rosidl_typesupport_introspection_c.h\n'}
[5.995142] (px4_msgs) StdoutLine: {'line': b'-- Up-to-date: /home/pavel/ws_ros2/install/px4_msgs/include/px4_msgs/px4_msgs/msg/detail/estimator_status_flags__type_support.c\n'}
[5.995214] (px4_msgs) StdoutLine: {'line': b'-- Up-to-date: /home/pavel/ws_ros2/install/px4_msgs/include/px4_msgs/px4_msgs/msg/detail/qshell_retval__rosidl_typesupport_introspection_c.h\n'}
[5.995280] (px4_msgs) StdoutLine: {'line': b'-- Up-to-date: /home/pavel/ws_ros2/install/px4_msgs/include/px4_msgs/px4_msgs/msg/detail/estimator_bias3d__rosidl_typesupport_introspection_c.h\n'}
[5.995345] (px4_msgs) StdoutLine: {'line': b'-- Up-to-date: /home/pavel/ws_ros2/install/px4_msgs/include/px4_msgs/px4_msgs/msg/detail/estimator_aid_source2d__rosidl_typesupport_introspection_c.h\n'}
[5.995409] (px4_msgs) StdoutLine: {'line': b'-- Up-to-date: /home/pavel/ws_ros2/install/px4_msgs/include/px4_msgs/px4_msgs/msg/detail/vehicle_acceleration__type_support.c\n'}
[5.995472] (px4_msgs) StdoutLine: {'line': b'-- Up-to-date: /home/pavel/ws_ros2/install/px4_msgs/include/px4_msgs/px4_msgs/msg/detail/airspeed__rosidl_typesupport_introspection_c.h\n'}
[5.995536] (px4_msgs) StdoutLine: {'line': b'-- Up-to-date: /home/pavel/ws_ros2/install/px4_msgs/include/px4_msgs/px4_msgs/msg/detail/vehicle_torque_setpoint__type_support.c\n'}
[5.995600] (px4_msgs) StdoutLine: {'line': b'-- Up-to-date: /home/pavel/ws_ros2/install/px4_msgs/include/px4_msgs/px4_msgs/msg/detail/collision_constraints__rosidl_typesupport_introspection_c.h\n'}
[5.995664] (px4_msgs) StdoutLine: {'line': b'-- Up-to-date: /home/pavel/ws_ros2/install/px4_msgs/include/px4_msgs/px4_msgs/msg/detail/debug_value__rosidl_typesupport_introspection_c.h\n'}
[5.995728] (px4_msgs) StdoutLine: {'line': b'-- Up-to-date: /home/pavel/ws_ros2/install/px4_msgs/include/px4_msgs/px4_msgs/msg/detail/wheel_encoders__rosidl_typesupport_introspection_c.h\n'}
[5.995791] (px4_msgs) StdoutLine: {'line': b'-- Up-to-date: /home/pavel/ws_ros2/install/px4_msgs/include/px4_msgs/px4_msgs/msg/detail/gimbal_manager_status__rosidl_typesupport_introspection_c.h\n'}
[5.995864] (px4_msgs) StdoutLine: {'line': b'-- Up-to-date: /home/pavel/ws_ros2/install/px4_msgs/include/px4_msgs/px4_msgs/msg/detail/vehicle_roi__type_support.c\n'}
[5.995937] (px4_msgs) StdoutLine: {'line': b'-- Up-to-date: /home/pavel/ws_ros2/install/px4_msgs/include/px4_msgs/px4_msgs/msg/detail/velocity_limits__type_support.c\n'}
[5.996002] (px4_msgs) StdoutLine: {'line': b'-- Up-to-date: /home/pavel/ws_ros2/install/px4_msgs/include/px4_msgs/px4_msgs/msg/detail/vehicle_thrust_setpoint__type_support.c\n'}
[5.996066] (px4_msgs) StdoutLine: {'line': b'-- Up-to-date: /home/pavel/ws_ros2/install/px4_msgs/include/px4_msgs/px4_msgs/msg/detail/estimator_gps_status__rosidl_typesupport_introspection_c.h\n'}
[5.996131] (px4_msgs) StdoutLine: {'line': b'-- Up-to-date: /home/pavel/ws_ros2/install/px4_msgs/include/px4_msgs/px4_msgs/msg/detail/distance_sensor__type_support.c\n'}
[5.996195] (px4_msgs) StdoutLine: {'line': b'-- Up-to-date: /home/pavel/ws_ros2/install/px4_msgs/include/px4_msgs/px4_msgs/msg/detail/orb_test_medium__type_support.c\n'}
[5.996259] (px4_msgs) StdoutLine: {'line': b'-- Up-to-date: /home/pavel/ws_ros2/install/px4_msgs/include/px4_msgs/px4_msgs/msg/detail/orb_test_large__type_support.c\n'}
[5.996328] (px4_msgs) StdoutLine: {'line': b'-- Up-to-date: /home/pavel/ws_ros2/install/px4_msgs/include/px4_msgs/px4_msgs/msg/detail/follow_target__rosidl_typesupport_introspection_c.h\n'}
[5.996392] (px4_msgs) StdoutLine: {'line': b'-- Up-to-date: /home/pavel/ws_ros2/install/px4_msgs/include/px4_msgs/px4_msgs/msg/detail/mag_worker_data__type_support.c\n'}
[5.996455] (px4_msgs) StdoutLine: {'line': b'-- Up-to-date: /home/pavel/ws_ros2/install/px4_msgs/include/px4_msgs/px4_msgs/msg/detail/position_controller_status__rosidl_typesupport_introspection_c.h\n'}
[5.996520] (px4_msgs) StdoutLine: {'line': b'-- Up-to-date: /home/pavel/ws_ros2/install/px4_msgs/include/px4_msgs/px4_msgs/msg/detail/register_ext_component_reply__type_support.c\n'}
[5.996584] (px4_msgs) StdoutLine: {'line': b'-- Up-to-date: /home/pavel/ws_ros2/install/px4_msgs/include/px4_msgs/px4_msgs/msg/detail/parameter_set_value_request__type_support.c\n'}
[5.996648] (px4_msgs) StdoutLine: {'line': b'-- Up-to-date: /home/pavel/ws_ros2/install/px4_msgs/include/px4_msgs/px4_msgs/msg/detail/log_message__rosidl_typesupport_introspection_c.h\n'}
[5.996712] (px4_msgs) StdoutLine: {'line': b'-- Up-to-date: /home/pavel/ws_ros2/install/px4_msgs/include/px4_msgs/px4_msgs/msg/detail/differential_drive_setpoint__type_support.c\n'}
[5.996776] (px4_msgs) StdoutLine: {'line': b'-- Up-to-date: /home/pavel/ws_ros2/install/px4_msgs/include/px4_msgs/px4_msgs/msg/detail/tune_control__type_support.c\n'}
[5.996839] (px4_msgs) StdoutLine: {'line': b'-- Up-to-date: /home/pavel/ws_ros2/install/px4_msgs/include/px4_msgs/px4_msgs/msg/detail/message_format_request__type_support.c\n'}
[5.996914] (px4_msgs) StdoutLine: {'line': b'-- Up-to-date: /home/pavel/ws_ros2/install/px4_msgs/include/px4_msgs/px4_msgs/msg/detail/yaw_estimator_status__type_support.c\n'}
[5.996981] (px4_msgs) StdoutLine: {'line': b'-- Up-to-date: /home/pavel/ws_ros2/install/px4_msgs/include/px4_msgs/px4_msgs/msg/detail/adc_report__rosidl_typesupport_introspection_c.h\n'}
[5.997044] (px4_msgs) StdoutLine: {'line': b'-- Up-to-date: /home/pavel/ws_ros2/install/px4_msgs/include/px4_msgs/px4_msgs/msg/detail/sensor_gnss_relative__type_support.c\n'}
[5.997107] (px4_msgs) StdoutLine: {'line': b'-- Up-to-date: /home/pavel/ws_ros2/install/px4_msgs/include/px4_msgs/px4_msgs/msg/detail/gpio_request__rosidl_typesupport_introspection_c.h\n'}
[5.997171] (px4_msgs) StdoutLine: {'line': b'-- Up-to-date: /home/pavel/ws_ros2/install/px4_msgs/include/px4_msgs/px4_msgs/msg/detail/wind__type_support.c\n'}
[5.997242] (px4_msgs) StdoutLine: {'line': b'-- Up-to-date: /home/pavel/ws_ros2/install/px4_msgs/include/px4_msgs/px4_msgs/msg/detail/cpuload__type_support.c\n'}
[5.997305] (px4_msgs) StdoutLine: {'line': b'-- Up-to-date: /home/pavel/ws_ros2/install/px4_msgs/include/px4_msgs/px4_msgs/msg/detail/sensor_hygrometer__type_support.c\n'}
[5.997368] (px4_msgs) StdoutLine: {'line': b'-- Up-to-date: /home/pavel/ws_ros2/install/px4_msgs/include/px4_msgs/px4_msgs/msg/detail/arming_check_request__rosidl_typesupport_introspection_c.h\n'}
[5.997432] (px4_msgs) StdoutLine: {'line': b'-- Up-to-date: /home/pavel/ws_ros2/install/px4_msgs/include/px4_msgs/px4_msgs/msg/detail/estimator_aid_source2d__type_support.c\n'}
[5.997496] (px4_msgs) StdoutLine: {'line': b'-- Up-to-date: /home/pavel/ws_ros2/install/px4_msgs/include/px4_msgs/px4_msgs/msg/detail/action_request__rosidl_typesupport_introspection_c.h\n'}
[5.997559] (px4_msgs) StdoutLine: {'line': b'-- Up-to-date: /home/pavel/ws_ros2/install/px4_msgs/include/px4_msgs/px4_msgs/msg/detail/estimator_status__rosidl_typesupport_introspection_c.h\n'}
[5.997623] (px4_msgs) StdoutLine: {'line': b'-- Up-to-date: /home/pavel/ws_ros2/install/px4_msgs/include/px4_msgs/px4_msgs/msg/detail/gps_inject_data__rosidl_typesupport_introspection_c.h\n'}
[5.997687] (px4_msgs) StdoutLine: {'line': b'-- Up-to-date: /home/pavel/ws_ros2/install/px4_msgs/include/px4_msgs/px4_msgs/msg/detail/tiltrotor_extra_controls__type_support.c\n'}
[5.997750] (px4_msgs) StdoutLine: {'line': b'-- Up-to-date: /home/pavel/ws_ros2/install/px4_msgs/include/px4_msgs/px4_msgs/msg/detail/parameter_set_used_request__rosidl_typesupport_introspection_c.h\n'}
[5.997824] (px4_msgs) StdoutLine: {'line': b'-- Up-to-date: /home/pavel/ws_ros2/install/px4_msgs/include/px4_msgs/px4_msgs/msg/detail/vehicle_command_ack__type_support.c\n'}
[5.997901] (px4_msgs) StdoutLine: {'line': b'-- Up-to-date: /home/pavel/ws_ros2/install/px4_msgs/include/px4_msgs/px4_msgs/msg/detail/trajectory_waypoint__type_support.c\n'}
[5.997967] (px4_msgs) StdoutLine: {'line': b'-- Up-to-date: /home/pavel/ws_ros2/install/px4_msgs/include/px4_msgs/px4_msgs/msg/detail/logger_status__type_support.c\n'}
[5.998031] (px4_msgs) StdoutLine: {'line': b'-- Up-to-date: /home/pavel/ws_ros2/install/px4_msgs/include/px4_msgs/px4_msgs/msg/detail/takeoff_status__type_support.c\n'}
[5.998095] (px4_msgs) StdoutLine: {'line': b'-- Up-to-date: /home/pavel/ws_ros2/install/px4_msgs/include/px4_msgs/px4_msgs/msg/detail/iridiumsbd_status__type_support.c\n'}
[5.998158] (px4_msgs) StdoutLine: {'line': b'-- Up-to-date: /home/pavel/ws_ros2/install/px4_msgs/include/px4_msgs/px4_msgs/msg/detail/rpm__rosidl_typesupport_introspection_c.h\n'}
[5.998221] (px4_msgs) StdoutLine: {'line': b'-- Up-to-date: /home/pavel/ws_ros2/install/px4_msgs/include/px4_msgs/px4_msgs/msg/detail/sensor_gyro__rosidl_typesupport_introspection_c.h\n'}
[5.998285] (px4_msgs) StdoutLine: {'line': b'-- Up-to-date: /home/pavel/ws_ros2/install/px4_msgs/include/px4_msgs/px4_msgs/msg/detail/yaw_estimator_status__rosidl_typesupport_introspection_c.h\n'}
[5.998350] (px4_msgs) StdoutLine: {'line': b'-- Up-to-date: /home/pavel/ws_ros2/install/px4_msgs/include/px4_msgs/px4_msgs/msg/detail/ekf2_timestamps__rosidl_typesupport_introspection_c.h\n'}
[5.998414] (px4_msgs) StdoutLine: {'line': b'-- Up-to-date: /home/pavel/ws_ros2/install/px4_msgs/include/px4_msgs/px4_msgs/msg/detail/message_format_response__type_support.c\n'}
[5.998477] (px4_msgs) StdoutLine: {'line': b'-- Up-to-date: /home/pavel/ws_ros2/install/px4_msgs/include/px4_msgs/px4_msgs/msg/detail/battery_status__rosidl_typesupport_introspection_c.h\n'}
[5.998540] (px4_msgs) StdoutLine: {'line': b'-- Up-to-date: /home/pavel/ws_ros2/install/px4_msgs/include/px4_msgs/px4_msgs/msg/detail/npfg_status__type_support.c\n'}
[5.998603] (px4_msgs) StdoutLine: {'line': b'-- Up-to-date: /home/pavel/ws_ros2/install/px4_msgs/include/px4_msgs/px4_msgs/msg/detail/arming_check_reply__type_support.c\n'}
[5.998667] (px4_msgs) StdoutLine: {'line': b'-- Up-to-date: /home/pavel/ws_ros2/install/px4_msgs/include/px4_msgs/px4_msgs/msg/detail/fuel_tank_status__rosidl_typesupport_introspection_c.h\n'}
[5.998730] (px4_msgs) StdoutLine: {'line': b'-- Up-to-date: /home/pavel/ws_ros2/install/px4_msgs/include/px4_msgs/px4_msgs/msg/detail/vtol_vehicle_status__type_support.c\n'}
[5.998794] (px4_msgs) StdoutLine: {'line': b'-- Up-to-date: /home/pavel/ws_ros2/install/px4_msgs/include/px4_msgs/px4_msgs/msg/detail/buffer128__type_support.c\n'}
[5.998863] (px4_msgs) StdoutLine: {'line': b'-- Up-to-date: /home/pavel/ws_ros2/install/px4_msgs/include/px4_msgs/px4_msgs/msg/detail/vehicle_imu_status__rosidl_typesupport_introspection_c.h\n'}
[5.999030] (px4_msgs) StdoutLine: {'line': b'-- Up-to-date: /home/pavel/ws_ros2/install/px4_msgs/include/px4_msgs/px4_msgs/msg/detail/internal_combustion_engine_status__rosidl_typesupport_introspection_c.h\n'}
[5.999096] (px4_msgs) StdoutLine: {'line': b'-- Up-to-date: /home/pavel/ws_ros2/install/px4_msgs/include/px4_msgs/px4_msgs/msg/detail/geofence_status__rosidl_typesupport_introspection_c.h\n'}
[5.999161] (px4_msgs) StdoutLine: {'line': b'-- Up-to-date: /home/pavel/ws_ros2/install/px4_msgs/include/px4_msgs/px4_msgs/msg/detail/timesync_status__type_support.c\n'}
[5.999225] (px4_msgs) StdoutLine: {'line': b'-- Up-to-date: /home/pavel/ws_ros2/install/px4_msgs/include/px4_msgs/px4_msgs/msg/detail/vehicle_command__type_support.c\n'}
[5.999304] (px4_msgs) StdoutLine: {'line': b'-- Up-to-date: /home/pavel/ws_ros2/install/px4_msgs/include/px4_msgs/px4_msgs/msg/detail/esc_report__type_support.c\n'}
[5.999399] (px4_msgs) StdoutLine: {'line': b'-- Up-to-date: /home/pavel/ws_ros2/install/px4_msgs/include/px4_msgs/px4_msgs/msg/detail/internal_combustion_engine_status__type_support.c\n'}
[5.999464] (px4_msgs) StdoutLine: {'line': b'-- Up-to-date: /home/pavel/ws_ros2/install/px4_msgs/include/px4_msgs/px4_msgs/msg/detail/mag_worker_data__rosidl_typesupport_introspection_c.h\n'}
[5.999529] (px4_msgs) StdoutLine: {'line': b'-- Up-to-date: /home/pavel/ws_ros2/install/px4_msgs/include/px4_msgs/px4_msgs/msg/detail/button_event__type_support.c\n'}
[5.999593] (px4_msgs) StdoutLine: {'line': b'-- Up-to-date: /home/pavel/ws_ros2/install/px4_msgs/include/px4_msgs/px4_msgs/msg/detail/gpio_request__type_support.c\n'}
[5.999671] (px4_msgs) StdoutLine: {'line': b'-- Up-to-date: /home/pavel/ws_ros2/install/px4_msgs/include/px4_msgs/px4_msgs/msg/detail/landing_gear__rosidl_typesupport_introspection_c.h\n'}
[5.999751] (px4_msgs) StdoutLine: {'line': b'-- Up-to-date: /home/pavel/ws_ros2/install/px4_msgs/include/px4_msgs/px4_msgs/msg/detail/vehicle_trajectory_bezier__rosidl_typesupport_introspection_c.h\n'}
[5.999831] (px4_msgs) StdoutLine: {'line': b'-- Up-to-date: /home/pavel/ws_ros2/install/px4_msgs/include/px4_msgs/px4_msgs/msg/detail/vehicle_constraints__type_support.c\n'}
[5.999936] (px4_msgs) StdoutLine: {'line': b'-- Up-to-date: /home/pavel/ws_ros2/install/px4_msgs/include/px4_msgs/px4_msgs/msg/detail/config_overrides__rosidl_typesupport_introspection_c.h\n'}
[6.000005] (px4_msgs) StdoutLine: {'line': b'-- Up-to-date: /home/pavel/ws_ros2/install/px4_msgs/include/px4_msgs/px4_msgs/msg/detail/gimbal_manager_set_manual_control__rosidl_typesupport_introspection_c.h\n'}
[6.000069] (px4_msgs) StdoutLine: {'line': b'-- Up-to-date: /home/pavel/ws_ros2/install/px4_msgs/include/px4_msgs/px4_msgs/msg/detail/vehicle_local_position_setpoint__rosidl_typesupport_introspection_c.h\n'}
[6.000139] (px4_msgs) StdoutLine: {'line': b'-- Up-to-date: /home/pavel/ws_ros2/install/px4_msgs/include/px4_msgs/px4_msgs/msg/detail/parameter_reset_request__rosidl_typesupport_introspection_c.h\n'}
[6.000218] (px4_msgs) StdoutLine: {'line': b'-- Up-to-date: /home/pavel/ws_ros2/install/px4_msgs/include/px4_msgs/px4_msgs/msg/detail/ulog_stream_ack__type_support.c\n'}
[6.000297] (px4_msgs) StdoutLine: {'line': b'-- Up-to-date: /home/pavel/ws_ros2/install/px4_msgs/include/px4_msgs/px4_msgs/msg/detail/vehicle_global_position__rosidl_typesupport_introspection_c.h\n'}
[6.000376] (px4_msgs) StdoutLine: {'line': b'-- Up-to-date: /home/pavel/ws_ros2/install/px4_msgs/include/px4_msgs/px4_msgs/msg/detail/vehicle_air_data__rosidl_typesupport_introspection_c.h\n'}
[6.000455] (px4_msgs) StdoutLine: {'line': b'-- Up-to-date: /home/pavel/ws_ros2/install/px4_msgs/include/px4_msgs/px4_msgs/msg/detail/parameter_set_value_request__rosidl_typesupport_introspection_c.h\n'}
[6.000535] (px4_msgs) StdoutLine: {'line': b'-- Up-to-date: /home/pavel/ws_ros2/install/px4_msgs/include/px4_msgs/px4_msgs/msg/detail/unregister_ext_component__type_support.c\n'}
[6.000613] (px4_msgs) StdoutLine: {'line': b'-- Up-to-date: /home/pavel/ws_ros2/install/px4_msgs/include/px4_msgs/px4_msgs/msg/detail/orb_test__rosidl_typesupport_introspection_c.h\n'}
[6.000693] (px4_msgs) StdoutLine: {'line': b'-- Up-to-date: /home/pavel/ws_ros2/install/px4_msgs/include/px4_msgs/px4_msgs/msg/detail/estimator_aid_source3d__type_support.c\n'}
[6.000772] (px4_msgs) StdoutLine: {'line': b'-- Up-to-date: /home/pavel/ws_ros2/install/px4_msgs/include/px4_msgs/px4_msgs/msg/detail/ping__rosidl_typesupport_introspection_c.h\n'}
[6.000857] (px4_msgs) StdoutLine: {'line': b'-- Up-to-date: /home/pavel/ws_ros2/install/px4_msgs/include/px4_msgs/px4_msgs/msg/detail/sensor_gps__rosidl_typesupport_introspection_c.h\n'}
[6.000967] (px4_msgs) StdoutLine: {'line': b'-- Up-to-date: /home/pavel/ws_ros2/install/px4_msgs/include/px4_msgs/px4_msgs/msg/detail/power_monitor__type_support.c\n'}
[6.001033] (px4_msgs) StdoutLine: {'line': b'-- Up-to-date: /home/pavel/ws_ros2/install/px4_msgs/include/px4_msgs/px4_msgs/msg/detail/event__rosidl_typesupport_introspection_c.h\n'}
[6.001103] (px4_msgs) StdoutLine: {'line': b'-- Up-to-date: /home/pavel/ws_ros2/install/px4_msgs/include/px4_msgs/px4_msgs/msg/detail/px4io_status__type_support.c\n'}
[6.001182] (px4_msgs) StdoutLine: {'line': b'-- Up-to-date: /home/pavel/ws_ros2/install/px4_msgs/include/px4_msgs/px4_msgs/msg/detail/esc_status__type_support.c\n'}
[6.001261] (px4_msgs) StdoutLine: {'line': b'-- Up-to-date: /home/pavel/ws_ros2/install/px4_msgs/include/px4_msgs/px4_msgs/msg/detail/debug_array__type_support.c\n'}
[6.001341] (px4_msgs) StdoutLine: {'line': b'-- Up-to-date: /home/pavel/ws_ros2/install/px4_msgs/include/px4_msgs/px4_msgs/msg/detail/pps_capture__rosidl_typesupport_introspection_c.h\n'}
[6.001421] (px4_msgs) StdoutLine: {'line': b'-- Up-to-date: /home/pavel/ws_ros2/install/px4_msgs/include/px4_msgs/px4_msgs/msg/detail/actuator_servos__rosidl_typesupport_introspection_c.h\n'}
[6.001500] (px4_msgs) StdoutLine: {'line': b'-- Up-to-date: /home/pavel/ws_ros2/install/px4_msgs/include/px4_msgs/px4_msgs/msg/detail/collision_report__rosidl_typesupport_introspection_c.h\n'}
[6.001579] (px4_msgs) StdoutLine: {'line': b'-- Up-to-date: /home/pavel/ws_ros2/install/px4_msgs/include/px4_msgs/px4_msgs/msg/detail/system_power__type_support.c\n'}
[6.001659] (px4_msgs) StdoutLine: {'line': b'-- Up-to-date: /home/pavel/ws_ros2/install/px4_msgs/include/px4_msgs/px4_msgs/msg/detail/vehicle_status__type_support.c\n'}
[6.001758] (px4_msgs) StdoutLine: {'line': b'-- Up-to-date: /home/pavel/ws_ros2/install/px4_msgs/include/px4_msgs/px4_msgs/msg/detail/radio_status__type_support.c\n'}
[6.001824] (px4_msgs) StdoutLine: {'line': b'-- Up-to-date: /home/pavel/ws_ros2/install/px4_msgs/include/px4_msgs/px4_msgs/msg/detail/heater_status__type_support.c\n'}
[6.001903] (px4_msgs) StdoutLine: {'line': b'-- Up-to-date: /home/pavel/ws_ros2/install/px4_msgs/include/px4_msgs/px4_msgs/msg/detail/sensor_accel__type_support.c\n'}
[6.001974] (px4_msgs) StdoutLine: {'line': b'-- Up-to-date: /home/pavel/ws_ros2/install/px4_msgs/include/px4_msgs/px4_msgs/msg/detail/uavcan_parameter_request__type_support.c\n'}
[6.002054] (px4_msgs) StdoutLine: {'line': b'-- Up-to-date: /home/pavel/ws_ros2/install/px4_msgs/include/px4_msgs/px4_msgs/msg/detail/mode_completed__rosidl_typesupport_introspection_c.h\n'}
[6.005874] (px4_msgs) StdoutLine: {'line': b'-- Up-to-date: /home/pavel/ws_ros2/install/px4_msgs/include/px4_msgs/px4_msgs/msg/detail/action_request__type_support.c\n'}
[6.005953] (px4_msgs) StdoutLine: {'line': b'-- Up-to-date: /home/pavel/ws_ros2/install/px4_msgs/include/px4_msgs/px4_msgs/msg/detail/transponder_report__rosidl_typesupport_introspection_c.h\n'}
[6.006020] (px4_msgs) StdoutLine: {'line': b'-- Up-to-date: /home/pavel/ws_ros2/install/px4_msgs/include/px4_msgs/px4_msgs/msg/detail/gimbal_device_information__type_support.c\n'}
[6.006085] (px4_msgs) StdoutLine: {'line': b'-- Up-to-date: /home/pavel/ws_ros2/install/px4_msgs/include/px4_msgs/px4_msgs/msg/detail/power_button_state__type_support.c\n'}
[6.006159] (px4_msgs) StdoutLine: {'line': b'-- Up-to-date: /home/pavel/ws_ros2/install/px4_msgs/include/px4_msgs/px4_msgs/msg/detail/hover_thrust_estimate__rosidl_typesupport_introspection_c.h\n'}
[6.006239] (px4_msgs) StdoutLine: {'line': b'-- Up-to-date: /home/pavel/ws_ros2/install/px4_msgs/include/px4_msgs/px4_msgs/msg/detail/sensor_airflow__type_support.c\n'}
[6.006319] (px4_msgs) StdoutLine: {'line': b'-- Up-to-date: /home/pavel/ws_ros2/install/px4_msgs/include/px4_msgs/px4_msgs/msg/detail/camera_capture__rosidl_typesupport_introspection_c.h\n'}
[6.006397] (px4_msgs) StdoutLine: {'line': b'-- Up-to-date: /home/pavel/ws_ros2/install/px4_msgs/include/px4_msgs/px4_msgs/msg/detail/manual_control_switches__type_support.c\n'}
[6.006476] (px4_msgs) StdoutLine: {'line': b'-- Up-to-date: /home/pavel/ws_ros2/install/px4_msgs/include/px4_msgs/px4_msgs/msg/detail/parameter_set_value_response__rosidl_typesupport_introspection_c.h\n'}
[6.006556] (px4_msgs) StdoutLine: {'line': b'-- Up-to-date: /home/pavel/ws_ros2/install/px4_msgs/include/px4_msgs/px4_msgs/msg/detail/message_format_response__rosidl_typesupport_introspection_c.h\n'}
[6.006646] (px4_msgs) StdoutLine: {'line': b'-- Up-to-date: /home/pavel/ws_ros2/install/px4_msgs/include/px4_msgs/px4_msgs/msg/detail/vehicle_optical_flow_vel__rosidl_typesupport_introspection_c.h\n'}
[6.006727] (px4_msgs) StdoutLine: {'line': b'-- Up-to-date: /home/pavel/ws_ros2/install/px4_msgs/include/px4_msgs/px4_msgs/msg/detail/vehicle_magnetometer__type_support.c\n'}
[6.006806] (px4_msgs) StdoutLine: {'line': b'-- Up-to-date: /home/pavel/ws_ros2/install/px4_msgs/include/px4_msgs/px4_msgs/msg/detail/estimator_innovations__type_support.c\n'}
[6.006908] (px4_msgs) StdoutLine: {'line': b'-- Up-to-date: /home/pavel/ws_ros2/install/px4_msgs/include/px4_msgs/px4_msgs/msg/detail/irlock_report__rosidl_typesupport_introspection_c.h\n'}
[6.006983] (px4_msgs) StdoutLine: {'line': b'-- Up-to-date: /home/pavel/ws_ros2/install/px4_msgs/include/px4_msgs/px4_msgs/msg/detail/offboard_control_mode__type_support.c\n'}
[6.007062] (px4_msgs) StdoutLine: {'line': b'-- Up-to-date: /home/pavel/ws_ros2/install/px4_msgs/include/px4_msgs/px4_msgs/msg/detail/fuel_tank_status__type_support.c\n'}
[6.007141] (px4_msgs) StdoutLine: {'line': b'-- Up-to-date: /home/pavel/ws_ros2/install/px4_msgs/include/px4_msgs/px4_msgs/msg/detail/sensor_combined__rosidl_typesupport_introspection_c.h\n'}
[6.007220] (px4_msgs) StdoutLine: {'line': b'-- Up-to-date: /home/pavel/ws_ros2/install/px4_msgs/include/px4_msgs/px4_msgs/msg/detail/manual_control_switches__rosidl_typesupport_introspection_c.h\n'}
[6.007299] (px4_msgs) StdoutLine: {'line': b'-- Up-to-date: /home/pavel/ws_ros2/install/px4_msgs/include/px4_msgs/px4_msgs/msg/detail/gimbal_device_attitude_status__rosidl_typesupport_introspection_c.h\n'}
[6.007379] (px4_msgs) StdoutLine: {'line': b'-- Up-to-date: /home/pavel/ws_ros2/install/px4_msgs/include/px4_msgs/px4_msgs/msg/detail/normalized_unsigned_setpoint__rosidl_typesupport_introspection_c.h\n'}
[6.007459] (px4_msgs) StdoutLine: {'line': b'-- Up-to-date: /home/pavel/ws_ros2/install/px4_msgs/include/px4_msgs/px4_msgs/msg/detail/sensor_baro__type_support.c\n'}
[6.007537] (px4_msgs) StdoutLine: {'line': b'-- Up-to-date: /home/pavel/ws_ros2/install/px4_msgs/include/px4_msgs/px4_msgs/msg/detail/wind__rosidl_typesupport_introspection_c.h\n'}
[6.007616] (px4_msgs) StdoutLine: {'line': b'-- Up-to-date: /home/pavel/ws_ros2/install/px4_msgs/include/px4_msgs/px4_msgs/msg/detail/dataman_request__rosidl_typesupport_introspection_c.h\n'}
[6.007695] (px4_msgs) StdoutLine: {'line': b'-- Up-to-date: /home/pavel/ws_ros2/install/px4_msgs/include/px4_msgs/px4_msgs/msg/detail/parameter_set_used_request__type_support.c\n'}
[6.007775] (px4_msgs) StdoutLine: {'line': b'-- Up-to-date: /home/pavel/ws_ros2/install/px4_msgs/include/px4_msgs/px4_msgs/msg/detail/sensor_gyro__type_support.c\n'}
[6.007859] (px4_msgs) StdoutLine: {'line': b'-- Up-to-date: /home/pavel/ws_ros2/install/px4_msgs/include/px4_msgs/px4_msgs/msg/detail/vehicle_angular_acceleration_setpoint__type_support.c\n'}
[6.007973] (px4_msgs) StdoutLine: {'line': b'-- Up-to-date: /home/pavel/ws_ros2/install/px4_msgs/include/px4_msgs/px4_msgs/msg/detail/orbit_status__rosidl_typesupport_introspection_c.h\n'}
[6.008039] (px4_msgs) StdoutLine: {'line': b'-- Up-to-date: /home/pavel/ws_ros2/install/px4_msgs/include/px4_msgs/px4_msgs/msg/rosidl_typesupport_introspection_c__visibility_control.h\n'}
[6.008107] (px4_msgs) StdoutLine: {'line': b'-- Up-to-date: /home/pavel/ws_ros2/install/px4_msgs/lib/libpx4_msgs__rosidl_typesupport_introspection_c.so\n'}
[6.008173] (px4_msgs) StdoutLine: {'line': b'-- Up-to-date: /home/pavel/ws_ros2/install/px4_msgs/lib/libpx4_msgs__rosidl_typesupport_c.so\n'}
[6.008252] (px4_msgs) StdoutLine: {'line': b'-- Up-to-date: /home/pavel/ws_ros2/install/px4_msgs/include/px4_msgs/px4_msgs\n'}
[6.008331] (px4_msgs) StdoutLine: {'line': b'-- Up-to-date: /home/pavel/ws_ros2/install/px4_msgs/include/px4_msgs/px4_msgs/srv\n'}
[6.008410] (px4_msgs) StdoutLine: {'line': b'-- Up-to-date: /home/pavel/ws_ros2/install/px4_msgs/include/px4_msgs/px4_msgs/srv/detail\n'}
[6.008511] (px4_msgs) StdoutLine: {'line': b'-- Up-to-date: /home/pavel/ws_ros2/install/px4_msgs/include/px4_msgs/px4_msgs/srv/detail/vehicle_command__rosidl_typesupport_introspection_cpp.hpp\n'}
[6.008577] (px4_msgs) StdoutLine: {'line': b'-- Up-to-date: /home/pavel/ws_ros2/install/px4_msgs/include/px4_msgs/px4_msgs/srv/detail/vehicle_command__type_support.cpp\n'}
[6.008641] (px4_msgs) StdoutLine: {'line': b'-- Up-to-date: /home/pavel/ws_ros2/install/px4_msgs/include/px4_msgs/px4_msgs/msg\n'}
[6.008705] (px4_msgs) StdoutLine: {'line': b'-- Up-to-date: /home/pavel/ws_ros2/install/px4_msgs/include/px4_msgs/px4_msgs/msg/detail\n'}
[6.008769] (px4_msgs) StdoutLine: {'line': b'-- Up-to-date: /home/pavel/ws_ros2/install/px4_msgs/include/px4_msgs/px4_msgs/msg/detail/estimator_event_flags__type_support.cpp\n'}
[6.008854] (px4_msgs) StdoutLine: {'line': b'-- Up-to-date: /home/pavel/ws_ros2/install/px4_msgs/include/px4_msgs/px4_msgs/msg/detail/vehicle_global_position__rosidl_typesupport_introspection_cpp.hpp\n'}
[6.008948] (px4_msgs) StdoutLine: {'line': b'-- Up-to-date: /home/pavel/ws_ros2/install/px4_msgs/include/px4_msgs/px4_msgs/msg/detail/figure_eight_status__rosidl_typesupport_introspection_cpp.hpp\n'}
[6.009013] (px4_msgs) StdoutLine: {'line': b'-- Up-to-date: /home/pavel/ws_ros2/install/px4_msgs/include/px4_msgs/px4_msgs/msg/detail/collision_report__type_support.cpp\n'}
[6.009077] (px4_msgs) StdoutLine: {'line': b'-- Up-to-date: /home/pavel/ws_ros2/install/px4_msgs/include/px4_msgs/px4_msgs/msg/detail/gpio_config__rosidl_typesupport_introspection_cpp.hpp\n'}
[6.009141] (px4_msgs) StdoutLine: {'line': b'-- Up-to-date: /home/pavel/ws_ros2/install/px4_msgs/include/px4_msgs/px4_msgs/msg/detail/sensor_airflow__rosidl_typesupport_introspection_cpp.hpp\n'}
[6.009222] (px4_msgs) StdoutLine: {'line': b'-- Up-to-date: /home/pavel/ws_ros2/install/px4_msgs/include/px4_msgs/px4_msgs/msg/detail/estimator_aid_source3d__rosidl_typesupport_introspection_cpp.hpp\n'}
[6.009301] (px4_msgs) StdoutLine: {'line': b'-- Up-to-date: /home/pavel/ws_ros2/install/px4_msgs/include/px4_msgs/px4_msgs/msg/detail/mag_worker_data__type_support.cpp\n'}
[6.009381] (px4_msgs) StdoutLine: {'line': b'-- Up-to-date: /home/pavel/ws_ros2/install/px4_msgs/include/px4_msgs/px4_msgs/msg/detail/offboard_control_mode__type_support.cpp\n'}
[6.009460] (px4_msgs) StdoutLine: {'line': b'-- Up-to-date: /home/pavel/ws_ros2/install/px4_msgs/include/px4_msgs/px4_msgs/msg/detail/follow_target_status__rosidl_typesupport_introspection_cpp.hpp\n'}
[6.009539] (px4_msgs) StdoutLine: {'line': b'-- Up-to-date: /home/pavel/ws_ros2/install/px4_msgs/include/px4_msgs/px4_msgs/msg/detail/camera_status__type_support.cpp\n'}
[6.009617] (px4_msgs) StdoutLine: {'line': b'-- Up-to-date: /home/pavel/ws_ros2/install/px4_msgs/include/px4_msgs/px4_msgs/msg/detail/debug_array__type_support.cpp\n'}
[6.009696] (px4_msgs) StdoutLine: {'line': b'-- Up-to-date: /home/pavel/ws_ros2/install/px4_msgs/include/px4_msgs/px4_msgs/msg/detail/rpm__type_support.cpp\n'}
[6.009774] (px4_msgs) StdoutLine: {'line': b'-- Up-to-date: /home/pavel/ws_ros2/install/px4_msgs/include/px4_msgs/px4_msgs/msg/detail/cellular_status__rosidl_typesupport_introspection_cpp.hpp\n'}
[6.009859] (px4_msgs) StdoutLine: {'line': b'-- Up-to-date: /home/pavel/ws_ros2/install/px4_msgs/include/px4_msgs/px4_msgs/msg/detail/arming_check_request__type_support.cpp\n'}
[6.009962] (px4_msgs) StdoutLine: {'line': b'-- Up-to-date: /home/pavel/ws_ros2/install/px4_msgs/include/px4_msgs/px4_msgs/msg/detail/ulog_stream_ack__rosidl_typesupport_introspection_cpp.hpp\n'}
[6.010039] (px4_msgs) StdoutLine: {'line': b'-- Up-to-date: /home/pavel/ws_ros2/install/px4_msgs/include/px4_msgs/px4_msgs/msg/detail/mode_completed__rosidl_typesupport_introspection_cpp.hpp\n'}
[6.010119] (px4_msgs) StdoutLine: {'line': b'-- Up-to-date: /home/pavel/ws_ros2/install/px4_msgs/include/px4_msgs/px4_msgs/msg/detail/manual_control_setpoint__rosidl_typesupport_introspection_cpp.hpp\n'}
[6.010199] (px4_msgs) StdoutLine: {'line': b'-- Up-to-date: /home/pavel/ws_ros2/install/px4_msgs/include/px4_msgs/px4_msgs/msg/detail/sensor_gps__rosidl_typesupport_introspection_cpp.hpp\n'}
[6.010288] (px4_msgs) StdoutLine: {'line': b'-- Up-to-date: /home/pavel/ws_ros2/install/px4_msgs/include/px4_msgs/px4_msgs/msg/detail/power_button_state__rosidl_typesupport_introspection_cpp.hpp\n'}
[6.010368] (px4_msgs) StdoutLine: {'line': b'-- Up-to-date: /home/pavel/ws_ros2/install/px4_msgs/include/px4_msgs/px4_msgs/msg/detail/gimbal_manager_set_manual_control__type_support.cpp\n'}
[6.010464] (px4_msgs) StdoutLine: {'line': b'-- Up-to-date: /home/pavel/ws_ros2/install/px4_msgs/include/px4_msgs/px4_msgs/msg/detail/estimator_gps_status__type_support.cpp\n'}
[6.010532] (px4_msgs) StdoutLine: {'line': b'-- Up-to-date: /home/pavel/ws_ros2/install/px4_msgs/include/px4_msgs/px4_msgs/msg/detail/rover_ackermann_guidance_status__type_support.cpp\n'}
[6.010597] (px4_msgs) StdoutLine: {'line': b'-- Up-to-date: /home/pavel/ws_ros2/install/px4_msgs/include/px4_msgs/px4_msgs/msg/detail/arming_check_reply__type_support.cpp\n'}
[6.010661] (px4_msgs) StdoutLine: {'line': b'-- Up-to-date: /home/pavel/ws_ros2/install/px4_msgs/include/px4_msgs/px4_msgs/msg/detail/vehicle_trajectory_bezier__rosidl_typesupport_introspection_cpp.hpp\n'}
[6.010746] (px4_msgs) StdoutLine: {'line': b'-- Up-to-date: /home/pavel/ws_ros2/install/px4_msgs/include/px4_msgs/px4_msgs/msg/detail/distance_sensor__type_support.cpp\n'}
[6.010810] (px4_msgs) StdoutLine: {'line': b'-- Up-to-date: /home/pavel/ws_ros2/install/px4_msgs/include/px4_msgs/px4_msgs/msg/detail/estimator_aid_source2d__type_support.cpp\n'}
[6.010886] (px4_msgs) StdoutLine: {'line': b'-- Up-to-date: /home/pavel/ws_ros2/install/px4_msgs/include/px4_msgs/px4_msgs/msg/detail/log_message__type_support.cpp\n'}
[6.010955] (px4_msgs) StdoutLine: {'line': b'-- Up-to-date: /home/pavel/ws_ros2/install/px4_msgs/include/px4_msgs/px4_msgs/msg/detail/wheel_encoders__rosidl_typesupport_introspection_cpp.hpp\n'}
[6.011019] (px4_msgs) StdoutLine: {'line': b'-- Up-to-date: /home/pavel/ws_ros2/install/px4_msgs/include/px4_msgs/px4_msgs/msg/detail/system_power__rosidl_typesupport_introspection_cpp.hpp\n'}
[6.011083] (px4_msgs) StdoutLine: {'line': b'-- Up-to-date: /home/pavel/ws_ros2/install/px4_msgs/include/px4_msgs/px4_msgs/msg/detail/onboard_computer_status__type_support.cpp\n'}
[6.011147] (px4_msgs) StdoutLine: {'line': b'-- Up-to-date: /home/pavel/ws_ros2/install/px4_msgs/include/px4_msgs/px4_msgs/msg/detail/gimbal_manager_set_attitude__type_support.cpp\n'}
[6.011230] (px4_msgs) StdoutLine: {'line': b'-- Up-to-date: /home/pavel/ws_ros2/install/px4_msgs/include/px4_msgs/px4_msgs/msg/detail/orb_test__type_support.cpp\n'}
[6.011311] (px4_msgs) StdoutLine: {'line': b'-- Up-to-date: /home/pavel/ws_ros2/install/px4_msgs/include/px4_msgs/px4_msgs/msg/detail/vehicle_acceleration__rosidl_typesupport_introspection_cpp.hpp\n'}
[6.011377] (px4_msgs) StdoutLine: {'line': b'-- Up-to-date: /home/pavel/ws_ros2/install/px4_msgs/include/px4_msgs/px4_msgs/msg/detail/yaw_estimator_status__rosidl_typesupport_introspection_cpp.hpp\n'}
[6.011443] (px4_msgs) StdoutLine: {'line': b'-- Up-to-date: /home/pavel/ws_ros2/install/px4_msgs/include/px4_msgs/px4_msgs/msg/detail/onboard_computer_status__rosidl_typesupport_introspection_cpp.hpp\n'}
[6.011509] (px4_msgs) StdoutLine: {'line': b'-- Up-to-date: /home/pavel/ws_ros2/install/px4_msgs/include/px4_msgs/px4_msgs/msg/detail/position_setpoint_triplet__rosidl_typesupport_introspection_cpp.hpp\n'}
[6.011587] (px4_msgs) StdoutLine: {'line': b'-- Up-to-date: /home/pavel/ws_ros2/install/px4_msgs/include/px4_msgs/px4_msgs/msg/detail/timesync_status__rosidl_typesupport_introspection_cpp.hpp\n'}
[6.011669] (px4_msgs) StdoutLine: {'line': b'-- Up-to-date: /home/pavel/ws_ros2/install/px4_msgs/include/px4_msgs/px4_msgs/msg/detail/follow_target_estimator__rosidl_typesupport_introspection_cpp.hpp\n'}
[6.011750] (px4_msgs) StdoutLine: {'line': b'-- Up-to-date: /home/pavel/ws_ros2/install/px4_msgs/include/px4_msgs/px4_msgs/msg/detail/mavlink_tunnel__type_support.cpp\n'}
[6.011841] (px4_msgs) StdoutLine: {'line': b'-- Up-to-date: /home/pavel/ws_ros2/install/px4_msgs/include/px4_msgs/px4_msgs/msg/detail/vehicle_magnetometer__type_support.cpp\n'}
[6.011944] (px4_msgs) StdoutLine: {'line': b'-- Up-to-date: /home/pavel/ws_ros2/install/px4_msgs/include/px4_msgs/px4_msgs/msg/detail/parameter_set_value_request__rosidl_typesupport_introspection_cpp.hpp\n'}
[6.012012] (px4_msgs) StdoutLine: {'line': b'-- Up-to-date: /home/pavel/ws_ros2/install/px4_msgs/include/px4_msgs/px4_msgs/msg/detail/uavcan_parameter_value__type_support.cpp\n'}
[6.012078] (px4_msgs) StdoutLine: {'line': b'-- Up-to-date: /home/pavel/ws_ros2/install/px4_msgs/include/px4_msgs/px4_msgs/msg/detail/estimator_aid_source3d__type_support.cpp\n'}
[6.012144] (px4_msgs) StdoutLine: {'line': b'-- Up-to-date: /home/pavel/ws_ros2/install/px4_msgs/include/px4_msgs/px4_msgs/msg/detail/manual_control_switches__rosidl_typesupport_introspection_cpp.hpp\n'}
[6.012211] (px4_msgs) StdoutLine: {'line': b'-- Up-to-date: /home/pavel/ws_ros2/install/px4_msgs/include/px4_msgs/px4_msgs/msg/detail/logger_status__type_support.cpp\n'}
[6.012289] (px4_msgs) StdoutLine: {'line': b'-- Up-to-date: /home/pavel/ws_ros2/install/px4_msgs/include/px4_msgs/px4_msgs/msg/detail/register_ext_component_request__rosidl_typesupport_introspection_cpp.hpp\n'}
[6.012383] (px4_msgs) StdoutLine: {'line': b'-- Up-to-date: /home/pavel/ws_ros2/install/px4_msgs/include/px4_msgs/px4_msgs/msg/detail/qshell_retval__type_support.cpp\n'}
[6.012461] (px4_msgs) StdoutLine: {'line': b'-- Up-to-date: /home/pavel/ws_ros2/install/px4_msgs/include/px4_msgs/px4_msgs/msg/detail/gpio_out__rosidl_typesupport_introspection_cpp.hpp\n'}
[6.012558] (px4_msgs) StdoutLine: {'line': b'-- Up-to-date: /home/pavel/ws_ros2/install/px4_msgs/include/px4_msgs/px4_msgs/msg/detail/normalized_unsigned_setpoint__rosidl_typesupport_introspection_cpp.hpp\n'}
[6.012631] (px4_msgs) StdoutLine: {'line': b'-- Up-to-date: /home/pavel/ws_ros2/install/px4_msgs/include/px4_msgs/px4_msgs/msg/detail/landing_gear__type_support.cpp\n'}
[6.012696] (px4_msgs) StdoutLine: {'line': b'-- Up-to-date: /home/pavel/ws_ros2/install/px4_msgs/include/px4_msgs/px4_msgs/msg/detail/actuator_servos_trim__type_support.cpp\n'}
[6.012760] (px4_msgs) StdoutLine: {'line': b'-- Up-to-date: /home/pavel/ws_ros2/install/px4_msgs/include/px4_msgs/px4_msgs/msg/detail/esc_report__rosidl_typesupport_introspection_cpp.hpp\n'}
[6.012839] (px4_msgs) StdoutLine: {'line': b'-- Up-to-date: /home/pavel/ws_ros2/install/px4_msgs/include/px4_msgs/px4_msgs/msg/detail/health_report__rosidl_typesupport_introspection_cpp.hpp\n'}
[6.012937] (px4_msgs) StdoutLine: {'line': b'-- Up-to-date: /home/pavel/ws_ros2/install/px4_msgs/include/px4_msgs/px4_msgs/msg/detail/gpio_config__type_support.cpp\n'}
[6.013002] (px4_msgs) StdoutLine: {'line': b'-- Up-to-date: /home/pavel/ws_ros2/install/px4_msgs/include/px4_msgs/px4_msgs/msg/detail/gripper__type_support.cpp\n'}
[6.013066] (px4_msgs) StdoutLine: {'line': b'-- Up-to-date: /home/pavel/ws_ros2/install/px4_msgs/include/px4_msgs/px4_msgs/msg/detail/px4io_status__type_support.cpp\n'}
[6.013142] (px4_msgs) StdoutLine: {'line': b'-- Up-to-date: /home/pavel/ws_ros2/install/px4_msgs/include/px4_msgs/px4_msgs/msg/detail/tune_control__type_support.cpp\n'}
[6.013221] (px4_msgs) StdoutLine: {'line': b'-- Up-to-date: /home/pavel/ws_ros2/install/px4_msgs/include/px4_msgs/px4_msgs/msg/detail/geofence_result__type_support.cpp\n'}
[6.013300] (px4_msgs) StdoutLine: {'line': b'-- Up-to-date: /home/pavel/ws_ros2/install/px4_msgs/include/px4_msgs/px4_msgs/msg/detail/estimator_gps_status__rosidl_typesupport_introspection_cpp.hpp\n'}
[6.013380] (px4_msgs) StdoutLine: {'line': b'-- Up-to-date: /home/pavel/ws_ros2/install/px4_msgs/include/px4_msgs/px4_msgs/msg/detail/rc_parameter_map__rosidl_typesupport_introspection_cpp.hpp\n'}
[6.013459] (px4_msgs) StdoutLine: {'line': b'-- Up-to-date: /home/pavel/ws_ros2/install/px4_msgs/include/px4_msgs/px4_msgs/msg/detail/led_control__type_support.cpp\n'}
[6.013538] (px4_msgs) StdoutLine: {'line': b'-- Up-to-date: /home/pavel/ws_ros2/install/px4_msgs/include/px4_msgs/px4_msgs/msg/detail/estimator_status_flags__type_support.cpp\n'}
[6.013637] (px4_msgs) StdoutLine: {'line': b'-- Up-to-date: /home/pavel/ws_ros2/install/px4_msgs/include/px4_msgs/px4_msgs/msg/detail/sensor_accel_fifo__rosidl_typesupport_introspection_cpp.hpp\n'}
[6.013702] (px4_msgs) StdoutLine: {'line': b'-- Up-to-date: /home/pavel/ws_ros2/install/px4_msgs/include/px4_msgs/px4_msgs/msg/detail/power_monitor__type_support.cpp\n'}
[6.013766] (px4_msgs) StdoutLine: {'line': b'-- Up-to-date: /home/pavel/ws_ros2/install/px4_msgs/include/px4_msgs/px4_msgs/msg/detail/actuator_outputs__rosidl_typesupport_introspection_cpp.hpp\n'}
[6.013850] (px4_msgs) StdoutLine: {'line': b'-- Up-to-date: /home/pavel/ws_ros2/install/px4_msgs/include/px4_msgs/px4_msgs/msg/detail/mavlink_log__rosidl_typesupport_introspection_cpp.hpp\n'}
[6.013944] (px4_msgs) StdoutLine: {'line': b'-- Up-to-date: /home/pavel/ws_ros2/install/px4_msgs/include/px4_msgs/px4_msgs/msg/detail/mission_result__rosidl_typesupport_introspection_cpp.hpp\n'}
[6.014010] (px4_msgs) StdoutLine: {'line': b'-- Up-to-date: /home/pavel/ws_ros2/install/px4_msgs/include/px4_msgs/px4_msgs/msg/detail/sensor_airflow__type_support.cpp\n'}
[6.014073] (px4_msgs) StdoutLine: {'line': b'-- Up-to-date: /home/pavel/ws_ros2/install/px4_msgs/include/px4_msgs/px4_msgs/msg/detail/actuator_servos_trim__rosidl_typesupport_introspection_cpp.hpp\n'}
[6.014138] (px4_msgs) StdoutLine: {'line': b'-- Up-to-date: /home/pavel/ws_ros2/install/px4_msgs/include/px4_msgs/px4_msgs/msg/detail/vehicle_optical_flow_vel__type_support.cpp\n'}
[6.014201] (px4_msgs) StdoutLine: {'line': b'-- Up-to-date: /home/pavel/ws_ros2/install/px4_msgs/include/px4_msgs/px4_msgs/msg/detail/can_interface_status__type_support.cpp\n'}
[6.014266] (px4_msgs) StdoutLine: {'line': b'-- Up-to-date: /home/pavel/ws_ros2/install/px4_msgs/include/px4_msgs/px4_msgs/msg/detail/airspeed__type_support.cpp\n'}
[6.014329] (px4_msgs) StdoutLine: {'line': b'-- Up-to-date: /home/pavel/ws_ros2/install/px4_msgs/include/px4_msgs/px4_msgs/msg/detail/geofence_status__rosidl_typesupport_introspection_cpp.hpp\n'}
[6.014409] (px4_msgs) StdoutLine: {'line': b'-- Up-to-date: /home/pavel/ws_ros2/install/px4_msgs/include/px4_msgs/px4_msgs/msg/detail/collision_constraints__type_support.cpp\n'}
[6.014488] (px4_msgs) StdoutLine: {'line': b'-- Up-to-date: /home/pavel/ws_ros2/install/px4_msgs/include/px4_msgs/px4_msgs/msg/detail/actuator_motors__type_support.cpp\n'}
[6.014566] (px4_msgs) StdoutLine: {'line': b'-- Up-to-date: /home/pavel/ws_ros2/install/px4_msgs/include/px4_msgs/px4_msgs/msg/detail/offboard_control_mode__rosidl_typesupport_introspection_cpp.hpp\n'}
[6.014645] (px4_msgs) StdoutLine: {'line': b'-- Up-to-date: /home/pavel/ws_ros2/install/px4_msgs/include/px4_msgs/px4_msgs/msg/detail/vehicle_status__rosidl_typesupport_introspection_cpp.hpp\n'}
[6.014742] (px4_msgs) StdoutLine: {'line': b'-- Up-to-date: /home/pavel/ws_ros2/install/px4_msgs/include/px4_msgs/px4_msgs/msg/detail/uavcan_parameter_request__type_support.cpp\n'}
[6.014809] (px4_msgs) StdoutLine: {'line': b'-- Up-to-date: /home/pavel/ws_ros2/install/px4_msgs/include/px4_msgs/px4_msgs/msg/detail/mission_result__type_support.cpp\n'}
[6.014900] (px4_msgs) StdoutLine: {'line': b'-- Up-to-date: /home/pavel/ws_ros2/install/px4_msgs/include/px4_msgs/px4_msgs/msg/detail/message_format_request__rosidl_typesupport_introspection_cpp.hpp\n'}
[6.014981] (px4_msgs) StdoutLine: {'line': b'-- Up-to-date: /home/pavel/ws_ros2/install/px4_msgs/include/px4_msgs/px4_msgs/msg/detail/sensor_gyro_fifo__type_support.cpp\n'}
[6.015061] (px4_msgs) StdoutLine: {'line': b'-- Up-to-date: /home/pavel/ws_ros2/install/px4_msgs/include/px4_msgs/px4_msgs/msg/detail/trajectory_setpoint__rosidl_typesupport_introspection_cpp.hpp\n'}
[6.015140] (px4_msgs) StdoutLine: {'line': b'-- Up-to-date: /home/pavel/ws_ros2/install/px4_msgs/include/px4_msgs/px4_msgs/msg/detail/mission__type_support.cpp\n'}
[6.015219] (px4_msgs) StdoutLine: {'line': b'-- Up-to-date: /home/pavel/ws_ros2/install/px4_msgs/include/px4_msgs/px4_msgs/msg/detail/parameter_reset_request__rosidl_typesupport_introspection_cpp.hpp\n'}
[6.015307] (px4_msgs) StdoutLine: {'line': b'-- Up-to-date: /home/pavel/ws_ros2/install/px4_msgs/include/px4_msgs/px4_msgs/msg/detail/collision_report__rosidl_typesupport_introspection_cpp.hpp\n'}
[6.015372] (px4_msgs) StdoutLine: {'line': b'-- Up-to-date: /home/pavel/ws_ros2/install/px4_msgs/include/px4_msgs/px4_msgs/msg/detail/landing_target_innovations__type_support.cpp\n'}
[6.015436] (px4_msgs) StdoutLine: {'line': b'-- Up-to-date: /home/pavel/ws_ros2/install/px4_msgs/include/px4_msgs/px4_msgs/msg/detail/vtol_vehicle_status__type_support.cpp\n'}
[6.015499] (px4_msgs) StdoutLine: {'line': b'-- Up-to-date: /home/pavel/ws_ros2/install/px4_msgs/include/px4_msgs/px4_msgs/msg/detail/pwm_input__type_support.cpp\n'}
[6.015581] (px4_msgs) StdoutLine: {'line': b'-- Up-to-date: /home/pavel/ws_ros2/install/px4_msgs/include/px4_msgs/px4_msgs/msg/detail/yaw_estimator_status__type_support.cpp\n'}
[6.015645] (px4_msgs) StdoutLine: {'line': b'-- Up-to-date: /home/pavel/ws_ros2/install/px4_msgs/include/px4_msgs/px4_msgs/msg/detail/timesync_status__type_support.cpp\n'}
[6.015710] (px4_msgs) StdoutLine: {'line': b'-- Up-to-date: /home/pavel/ws_ros2/install/px4_msgs/include/px4_msgs/px4_msgs/msg/detail/magnetometer_bias_estimate__rosidl_typesupport_introspection_cpp.hpp\n'}
[6.015774] (px4_msgs) StdoutLine: {'line': b'-- Up-to-date: /home/pavel/ws_ros2/install/px4_msgs/include/px4_msgs/px4_msgs/msg/detail/debug_value__rosidl_typesupport_introspection_cpp.hpp\n'}
[6.015838] (px4_msgs) StdoutLine: {'line': b'-- Up-to-date: /home/pavel/ws_ros2/install/px4_msgs/include/px4_msgs/px4_msgs/msg/detail/mavlink_tunnel__rosidl_typesupport_introspection_cpp.hpp\n'}
[6.015913] (px4_msgs) StdoutLine: {'line': b'-- Up-to-date: /home/pavel/ws_ros2/install/px4_msgs/include/px4_msgs/px4_msgs/msg/detail/vehicle_imu_status__rosidl_typesupport_introspection_cpp.hpp\n'}
[6.015980] (px4_msgs) StdoutLine: {'line': b'-- Up-to-date: /home/pavel/ws_ros2/install/px4_msgs/include/px4_msgs/px4_msgs/msg/detail/autotune_attitude_control_status__rosidl_typesupport_introspection_cpp.hpp\n'}
[6.016045] (px4_msgs) StdoutLine: {'line': b'-- Up-to-date: /home/pavel/ws_ros2/install/px4_msgs/include/px4_msgs/px4_msgs/msg/detail/parameter_set_used_request__type_support.cpp\n'}
[6.016121] (px4_msgs) StdoutLine: {'line': b'-- Up-to-date: /home/pavel/ws_ros2/install/px4_msgs/include/px4_msgs/px4_msgs/msg/detail/rc_parameter_map__type_support.cpp\n'}
[6.016199] (px4_msgs) StdoutLine: {'line': b'-- Up-to-date: /home/pavel/ws_ros2/install/px4_msgs/include/px4_msgs/px4_msgs/msg/detail/geofence_status__type_support.cpp\n'}
[6.016278] (px4_msgs) StdoutLine: {'line': b'-- Up-to-date: /home/pavel/ws_ros2/install/px4_msgs/include/px4_msgs/px4_msgs/msg/detail/actuator_armed__rosidl_typesupport_introspection_cpp.hpp\n'}
[6.016357] (px4_msgs) StdoutLine: {'line': b'-- Up-to-date: /home/pavel/ws_ros2/install/px4_msgs/include/px4_msgs/px4_msgs/msg/detail/trajectory_waypoint__rosidl_typesupport_introspection_cpp.hpp\n'}
[6.016437] (px4_msgs) StdoutLine: {'line': b'-- Up-to-date: /home/pavel/ws_ros2/install/px4_msgs/include/px4_msgs/px4_msgs/msg/detail/figure_eight_status__type_support.cpp\n'}
[6.016516] (px4_msgs) StdoutLine: {'line': b'-- Up-to-date: /home/pavel/ws_ros2/install/px4_msgs/include/px4_msgs/px4_msgs/msg/detail/health_report__type_support.cpp\n'}
[6.016595] (px4_msgs) StdoutLine: {'line': b'-- Up-to-date: /home/pavel/ws_ros2/install/px4_msgs/include/px4_msgs/px4_msgs/msg/detail/sensor_gnss_relative__type_support.cpp\n'}
[6.016674] (px4_msgs) StdoutLine: {'line': b'-- Up-to-date: /home/pavel/ws_ros2/install/px4_msgs/include/px4_msgs/px4_msgs/msg/detail/flight_phase_estimation__rosidl_typesupport_introspection_cpp.hpp\n'}
[6.016754] (px4_msgs) StdoutLine: {'line': b'-- Up-to-date: /home/pavel/ws_ros2/install/px4_msgs/include/px4_msgs/px4_msgs/msg/detail/position_controller_landing_status__type_support.cpp\n'}
[6.016868] (px4_msgs) StdoutLine: {'line': b'-- Up-to-date: /home/pavel/ws_ros2/install/px4_msgs/include/px4_msgs/px4_msgs/msg/detail/gpio_out__type_support.cpp\n'}
[6.016947] (px4_msgs) StdoutLine: {'line': b'-- Up-to-date: /home/pavel/ws_ros2/install/px4_msgs/include/px4_msgs/px4_msgs/msg/detail/parameter_update__rosidl_typesupport_introspection_cpp.hpp\n'}
[6.017012] (px4_msgs) StdoutLine: {'line': b'-- Up-to-date: /home/pavel/ws_ros2/install/px4_msgs/include/px4_msgs/px4_msgs/msg/detail/distance_sensor__rosidl_typesupport_introspection_cpp.hpp\n'}
[6.017082] (px4_msgs) StdoutLine: {'line': b'-- Up-to-date: /home/pavel/ws_ros2/install/px4_msgs/include/px4_msgs/px4_msgs/msg/detail/vehicle_acceleration__type_support.cpp\n'}
[6.017161] (px4_msgs) StdoutLine: {'line': b'-- Up-to-date: /home/pavel/ws_ros2/install/px4_msgs/include/px4_msgs/px4_msgs/msg/detail/vehicle_roi__type_support.cpp\n'}
[6.017262] (px4_msgs) StdoutLine: {'line': b'-- Up-to-date: /home/pavel/ws_ros2/install/px4_msgs/include/px4_msgs/px4_msgs/msg/detail/vehicle_optical_flow__type_support.cpp\n'}
[6.017344] (px4_msgs) StdoutLine: {'line': b'-- Up-to-date: /home/pavel/ws_ros2/install/px4_msgs/include/px4_msgs/px4_msgs/msg/detail/adc_report__type_support.cpp\n'}
[6.017410] (px4_msgs) StdoutLine: {'line': b'-- Up-to-date: /home/pavel/ws_ros2/install/px4_msgs/include/px4_msgs/px4_msgs/msg/detail/gimbal_device_attitude_status__rosidl_typesupport_introspection_cpp.hpp\n'}
[6.017477] (px4_msgs) StdoutLine: {'line': b'-- Up-to-date: /home/pavel/ws_ros2/install/px4_msgs/include/px4_msgs/px4_msgs/msg/detail/sensor_gyro_fft__rosidl_typesupport_introspection_cpp.hpp\n'}
[6.017543] (px4_msgs) StdoutLine: {'line': b'-- Up-to-date: /home/pavel/ws_ros2/install/px4_msgs/include/px4_msgs/px4_msgs/msg/detail/failsafe_flags__rosidl_typesupport_introspection_cpp.hpp\n'}
[6.017610] (px4_msgs) StdoutLine: {'line': b'-- Up-to-date: /home/pavel/ws_ros2/install/px4_msgs/include/px4_msgs/px4_msgs/msg/detail/trajectory_bezier__rosidl_typesupport_introspection_cpp.hpp\n'}
[6.017693] (px4_msgs) StdoutLine: {'line': b'-- Up-to-date: /home/pavel/ws_ros2/install/px4_msgs/include/px4_msgs/px4_msgs/msg/detail/vehicle_local_position_setpoint__rosidl_typesupport_introspection_cpp.hpp\n'}
[6.017776] (px4_msgs) StdoutLine: {'line': b'-- Up-to-date: /home/pavel/ws_ros2/install/px4_msgs/include/px4_msgs/px4_msgs/msg/detail/parameter_update__type_support.cpp\n'}
[6.017863] (px4_msgs) StdoutLine: {'line': b'-- Up-to-date: /home/pavel/ws_ros2/install/px4_msgs/include/px4_msgs/px4_msgs/msg/detail/gripper__rosidl_typesupport_introspection_cpp.hpp\n'}
[6.017975] (px4_msgs) StdoutLine: {'line': b'-- Up-to-date: /home/pavel/ws_ros2/install/px4_msgs/include/px4_msgs/px4_msgs/msg/detail/rtl_status__type_support.cpp\n'}
[6.018043] (px4_msgs) StdoutLine: {'line': b'-- Up-to-date: /home/pavel/ws_ros2/install/px4_msgs/include/px4_msgs/px4_msgs/msg/detail/ping__rosidl_typesupport_introspection_cpp.hpp\n'}
[6.018111] (px4_msgs) StdoutLine: {'line': b'-- Up-to-date: /home/pavel/ws_ros2/install/px4_msgs/include/px4_msgs/px4_msgs/msg/detail/power_monitor__rosidl_typesupport_introspection_cpp.hpp\n'}
[6.018177] (px4_msgs) StdoutLine: {'line': b'-- Up-to-date: /home/pavel/ws_ros2/install/px4_msgs/include/px4_msgs/px4_msgs/msg/detail/dataman_response__rosidl_typesupport_introspection_cpp.hpp\n'}
[6.018243] (px4_msgs) StdoutLine: {'line': b'-- Up-to-date: /home/pavel/ws_ros2/install/px4_msgs/include/px4_msgs/px4_msgs/msg/detail/tiltrotor_extra_controls__type_support.cpp\n'}
[6.018339] (px4_msgs) StdoutLine: {'line': b'-- Up-to-date: /home/pavel/ws_ros2/install/px4_msgs/include/px4_msgs/px4_msgs/msg/detail/camera_trigger__rosidl_typesupport_introspection_cpp.hpp\n'}
[6.018418] (px4_msgs) StdoutLine: {'line': b'-- Up-to-date: /home/pavel/ws_ros2/install/px4_msgs/include/px4_msgs/px4_msgs/msg/detail/position_setpoint__rosidl_typesupport_introspection_cpp.hpp\n'}
[6.018497] (px4_msgs) StdoutLine: {'line': b'-- Up-to-date: /home/pavel/ws_ros2/install/px4_msgs/include/px4_msgs/px4_msgs/msg/detail/wheel_encoders__type_support.cpp\n'}
[6.018576] (px4_msgs) StdoutLine: {'line': b'-- Up-to-date: /home/pavel/ws_ros2/install/px4_msgs/include/px4_msgs/px4_msgs/msg/detail/airspeed_validated__rosidl_typesupport_introspection_cpp.hpp\n'}
[6.018671] (px4_msgs) StdoutLine: {'line': b'-- Up-to-date: /home/pavel/ws_ros2/install/px4_msgs/include/px4_msgs/px4_msgs/msg/detail/parameter_set_value_request__type_support.cpp\n'}
[6.018751] (px4_msgs) StdoutLine: {'line': b'-- Up-to-date: /home/pavel/ws_ros2/install/px4_msgs/include/px4_msgs/px4_msgs/msg/detail/tecs_status__type_support.cpp\n'}
[6.018830] (px4_msgs) StdoutLine: {'line': b'-- Up-to-date: /home/pavel/ws_ros2/install/px4_msgs/include/px4_msgs/px4_msgs/msg/detail/action_request__type_support.cpp\n'}
[6.018929] (px4_msgs) StdoutLine: {'line': b'-- Up-to-date: /home/pavel/ws_ros2/install/px4_msgs/include/px4_msgs/px4_msgs/msg/detail/sensors_status__rosidl_typesupport_introspection_cpp.hpp\n'}
[6.018997] (px4_msgs) StdoutLine: {'line': b'-- Up-to-date: /home/pavel/ws_ros2/install/px4_msgs/include/px4_msgs/px4_msgs/msg/detail/launch_detection_status__type_support.cpp\n'}
[6.019065] (px4_msgs) StdoutLine: {'line': b'-- Up-to-date: /home/pavel/ws_ros2/install/px4_msgs/include/px4_msgs/px4_msgs/msg/detail/rtl_status__rosidl_typesupport_introspection_cpp.hpp\n'}
[6.019129] (px4_msgs) StdoutLine: {'line': b'-- Up-to-date: /home/pavel/ws_ros2/install/px4_msgs/include/px4_msgs/px4_msgs/msg/detail/arming_check_request__rosidl_typesupport_introspection_cpp.hpp\n'}
[6.019194] (px4_msgs) StdoutLine: {'line': b'-- Up-to-date: /home/pavel/ws_ros2/install/px4_msgs/include/px4_msgs/px4_msgs/msg/detail/vehicle_local_position__rosidl_typesupport_introspection_cpp.hpp\n'}
[6.019258] (px4_msgs) StdoutLine: {'line': b'-- Up-to-date: /home/pavel/ws_ros2/install/px4_msgs/include/px4_msgs/px4_msgs/msg/detail/rc_channels__type_support.cpp\n'}
[6.019321] (px4_msgs) StdoutLine: {'line': b'-- Up-to-date: /home/pavel/ws_ros2/install/px4_msgs/include/px4_msgs/px4_msgs/msg/detail/control_allocator_status__type_support.cpp\n'}
[6.019385] (px4_msgs) StdoutLine: {'line': b'-- Up-to-date: /home/pavel/ws_ros2/install/px4_msgs/include/px4_msgs/px4_msgs/msg/detail/gpio_in__type_support.cpp\n'}
[6.019465] (px4_msgs) StdoutLine: {'line': b'-- Up-to-date: /home/pavel/ws_ros2/install/px4_msgs/include/px4_msgs/px4_msgs/msg/detail/vehicle_thrust_setpoint__rosidl_typesupport_introspection_cpp.hpp\n'}
[6.019558] (px4_msgs) StdoutLine: {'line': b'-- Up-to-date: /home/pavel/ws_ros2/install/px4_msgs/include/px4_msgs/px4_msgs/msg/detail/sensor_uwb__rosidl_typesupport_introspection_cpp.hpp\n'}
[6.019623] (px4_msgs) StdoutLine: {'line': b'-- Up-to-date: /home/pavel/ws_ros2/install/px4_msgs/include/px4_msgs/px4_msgs/msg/detail/gps_dump__rosidl_typesupport_introspection_cpp.hpp\n'}
[6.019688] (px4_msgs) StdoutLine: {'line': b'-- Up-to-date: /home/pavel/ws_ros2/install/px4_msgs/include/px4_msgs/px4_msgs/msg/detail/estimator_sensor_bias__rosidl_typesupport_introspection_cpp.hpp\n'}
[6.019765] (px4_msgs) StdoutLine: {'line': b'-- Up-to-date: /home/pavel/ws_ros2/install/px4_msgs/include/px4_msgs/px4_msgs/msg/detail/register_ext_component_reply__type_support.cpp\n'}
[6.019848] (px4_msgs) StdoutLine: {'line': b'-- Up-to-date: /home/pavel/ws_ros2/install/px4_msgs/include/px4_msgs/px4_msgs/msg/detail/gps_inject_data__rosidl_typesupport_introspection_cpp.hpp\n'}
[6.019942] (px4_msgs) StdoutLine: {'line': b'-- Up-to-date: /home/pavel/ws_ros2/install/px4_msgs/include/px4_msgs/px4_msgs/msg/detail/config_overrides__type_support.cpp\n'}
[6.020007] (px4_msgs) StdoutLine: {'line': b'-- Up-to-date: /home/pavel/ws_ros2/install/px4_msgs/include/px4_msgs/px4_msgs/msg/detail/sensor_gnss_relative__rosidl_typesupport_introspection_cpp.hpp\n'}
[6.020087] (px4_msgs) StdoutLine: {'line': b'-- Up-to-date: /home/pavel/ws_ros2/install/px4_msgs/include/px4_msgs/px4_msgs/msg/detail/vehicle_global_position__type_support.cpp\n'}
[6.020166] (px4_msgs) StdoutLine: {'line': b'-- Up-to-date: /home/pavel/ws_ros2/install/px4_msgs/include/px4_msgs/px4_msgs/msg/detail/estimator_innovations__rosidl_typesupport_introspection_cpp.hpp\n'}
[6.020245] (px4_msgs) StdoutLine: {'line': b'-- Up-to-date: /home/pavel/ws_ros2/install/px4_msgs/include/px4_msgs/px4_msgs/msg/detail/estimator_bias3d__rosidl_typesupport_introspection_cpp.hpp\n'}
[6.020331] (px4_msgs) StdoutLine: {'line': b'-- Up-to-date: /home/pavel/ws_ros2/install/px4_msgs/include/px4_msgs/px4_msgs/msg/detail/gimbal_device_attitude_status__type_support.cpp\n'}
[6.020400] (px4_msgs) StdoutLine: {'line': b'-- Up-to-date: /home/pavel/ws_ros2/install/px4_msgs/include/px4_msgs/px4_msgs/msg/detail/estimator_aid_source1d__type_support.cpp\n'}
[6.020478] (px4_msgs) StdoutLine: {'line': b'-- Up-to-date: /home/pavel/ws_ros2/install/px4_msgs/include/px4_msgs/px4_msgs/msg/detail/goto_setpoint__type_support.cpp\n'}
[6.020557] (px4_msgs) StdoutLine: {'line': b'-- Up-to-date: /home/pavel/ws_ros2/install/px4_msgs/include/px4_msgs/px4_msgs/msg/detail/velocity_limits__rosidl_typesupport_introspection_cpp.hpp\n'}
[6.020636] (px4_msgs) StdoutLine: {'line': b'-- Up-to-date: /home/pavel/ws_ros2/install/px4_msgs/include/px4_msgs/px4_msgs/msg/detail/position_setpoint_triplet__type_support.cpp\n'}
[6.020714] (px4_msgs) StdoutLine: {'line': b'-- Up-to-date: /home/pavel/ws_ros2/install/px4_msgs/include/px4_msgs/px4_msgs/msg/detail/event__rosidl_typesupport_introspection_cpp.hpp\n'}
[6.020793] (px4_msgs) StdoutLine: {'line': b'-- Up-to-date: /home/pavel/ws_ros2/install/px4_msgs/include/px4_msgs/px4_msgs/msg/detail/failure_detector_status__type_support.cpp\n'}
[6.020896] (px4_msgs) StdoutLine: {'line': b'-- Up-to-date: /home/pavel/ws_ros2/install/px4_msgs/include/px4_msgs/px4_msgs/msg/detail/mission__rosidl_typesupport_introspection_cpp.hpp\n'}
[6.020987] (px4_msgs) StdoutLine: {'line': b'-- Up-to-date: /home/pavel/ws_ros2/install/px4_msgs/include/px4_msgs/px4_msgs/msg/detail/unregister_ext_component__rosidl_typesupport_introspection_cpp.hpp\n'}
[6.021052] (px4_msgs) StdoutLine: {'line': b'-- Up-to-date: /home/pavel/ws_ros2/install/px4_msgs/include/px4_msgs/px4_msgs/msg/detail/sensor_uwb__type_support.cpp\n'}
[6.021117] (px4_msgs) StdoutLine: {'line': b'-- Up-to-date: /home/pavel/ws_ros2/install/px4_msgs/include/px4_msgs/px4_msgs/msg/detail/rate_ctrl_status__type_support.cpp\n'}
[6.021185] (px4_msgs) StdoutLine: {'line': b'-- Up-to-date: /home/pavel/ws_ros2/install/px4_msgs/include/px4_msgs/px4_msgs/msg/detail/vehicle_angular_velocity__rosidl_typesupport_introspection_cpp.hpp\n'}
[6.021259] (px4_msgs) StdoutLine: {'line': b'-- Up-to-date: /home/pavel/ws_ros2/install/px4_msgs/include/px4_msgs/px4_msgs/msg/detail/vehicle_constraints__type_support.cpp\n'}
[6.021338] (px4_msgs) StdoutLine: {'line': b'-- Up-to-date: /home/pavel/ws_ros2/install/px4_msgs/include/px4_msgs/px4_msgs/msg/detail/vehicle_optical_flow__rosidl_typesupport_introspection_cpp.hpp\n'}
[6.021416] (px4_msgs) StdoutLine: {'line': b'-- Up-to-date: /home/pavel/ws_ros2/install/px4_msgs/include/px4_msgs/px4_msgs/msg/detail/vehicle_land_detected__rosidl_typesupport_introspection_cpp.hpp\n'}
[6.021495] (px4_msgs) StdoutLine: {'line': b'-- Up-to-date: /home/pavel/ws_ros2/install/px4_msgs/include/px4_msgs/px4_msgs/msg/detail/action_request__rosidl_typesupport_introspection_cpp.hpp\n'}
[6.021575] (px4_msgs) StdoutLine: {'line': b'-- Up-to-date: /home/pavel/ws_ros2/install/px4_msgs/include/px4_msgs/px4_msgs/msg/detail/gpio_request__type_support.cpp\n'}
[6.021654] (px4_msgs) StdoutLine: {'line': b'-- Up-to-date: /home/pavel/ws_ros2/install/px4_msgs/include/px4_msgs/px4_msgs/msg/detail/vehicle_command_ack__type_support.cpp\n'}
[6.021734] (px4_msgs) StdoutLine: {'line': b'-- Up-to-date: /home/pavel/ws_ros2/install/px4_msgs/include/px4_msgs/px4_msgs/msg/detail/power_button_state__type_support.cpp\n'}
[6.021838] (px4_msgs) StdoutLine: {'line': b'-- Up-to-date: /home/pavel/ws_ros2/install/px4_msgs/include/px4_msgs/px4_msgs/msg/detail/vehicle_land_detected__type_support.cpp\n'}
[6.021914] (px4_msgs) StdoutLine: {'line': b'-- Up-to-date: /home/pavel/ws_ros2/install/px4_msgs/include/px4_msgs/px4_msgs/msg/detail/rover_ackermann_guidance_status__rosidl_typesupport_introspection_cpp.hpp\n'}
[6.022002] (px4_msgs) StdoutLine: {'line': b'-- Up-to-date: /home/pavel/ws_ros2/install/px4_msgs/include/px4_msgs/px4_msgs/msg/detail/failsafe_flags__type_support.cpp\n'}
[6.022072] (px4_msgs) StdoutLine: {'line': b'-- Up-to-date: /home/pavel/ws_ros2/install/px4_msgs/include/px4_msgs/px4_msgs/msg/detail/debug_array__rosidl_typesupport_introspection_cpp.hpp\n'}
[6.022136] (px4_msgs) StdoutLine: {'line': b'-- Up-to-date: /home/pavel/ws_ros2/install/px4_msgs/include/px4_msgs/px4_msgs/msg/detail/obstacle_distance__type_support.cpp\n'}
[6.022200] (px4_msgs) StdoutLine: {'line': b'-- Up-to-date: /home/pavel/ws_ros2/install/px4_msgs/include/px4_msgs/px4_msgs/msg/detail/dataman_request__rosidl_typesupport_introspection_cpp.hpp\n'}
[6.022265] (px4_msgs) StdoutLine: {'line': b'-- Up-to-date: /home/pavel/ws_ros2/install/px4_msgs/include/px4_msgs/px4_msgs/msg/detail/vehicle_local_position_setpoint__type_support.cpp\n'}
[6.022330] (px4_msgs) StdoutLine: {'line': b'-- Up-to-date: /home/pavel/ws_ros2/install/px4_msgs/include/px4_msgs/px4_msgs/msg/detail/vehicle_trajectory_bezier__type_support.cpp\n'}
[6.022394] (px4_msgs) StdoutLine: {'line': b'-- Up-to-date: /home/pavel/ws_ros2/install/px4_msgs/include/px4_msgs/px4_msgs/msg/detail/airspeed_wind__rosidl_typesupport_introspection_cpp.hpp\n'}
[6.022462] (px4_msgs) StdoutLine: {'line': b'-- Up-to-date: /home/pavel/ws_ros2/install/px4_msgs/include/px4_msgs/px4_msgs/msg/detail/parameter_set_value_response__rosidl_typesupport_introspection_cpp.hpp\n'}
[6.022541] (px4_msgs) StdoutLine: {'line': b'-- Up-to-date: /home/pavel/ws_ros2/install/px4_msgs/include/px4_msgs/px4_msgs/msg/detail/battery_status__type_support.cpp\n'}
[6.022620] (px4_msgs) StdoutLine: {'line': b'-- Up-to-date: /home/pavel/ws_ros2/install/px4_msgs/include/px4_msgs/px4_msgs/msg/detail/actuator_test__rosidl_typesupport_introspection_cpp.hpp\n'}
[6.022700] (px4_msgs) StdoutLine: {'line': b'-- Up-to-date: /home/pavel/ws_ros2/install/px4_msgs/include/px4_msgs/px4_msgs/msg/detail/pps_capture__rosidl_typesupport_introspection_cpp.hpp\n'}
[6.022779] (px4_msgs) StdoutLine: {'line': b'-- Up-to-date: /home/pavel/ws_ros2/install/px4_msgs/include/px4_msgs/px4_msgs/msg/detail/vehicle_angular_acceleration_setpoint__type_support.cpp\n'}
[6.022864] (px4_msgs) StdoutLine: {'line': b'-- Up-to-date: /home/pavel/ws_ros2/install/px4_msgs/include/px4_msgs/px4_msgs/msg/detail/npfg_status__rosidl_typesupport_introspection_cpp.hpp\n'}
[6.022966] (px4_msgs) StdoutLine: {'line': b'-- Up-to-date: /home/pavel/ws_ros2/install/px4_msgs/include/px4_msgs/px4_msgs/msg/detail/actuator_servos__type_support.cpp\n'}
[6.023030] (px4_msgs) StdoutLine: {'line': b'-- Up-to-date: /home/pavel/ws_ros2/install/px4_msgs/include/px4_msgs/px4_msgs/msg/detail/actuator_motors__rosidl_typesupport_introspection_cpp.hpp\n'}
[6.023102] (px4_msgs) StdoutLine: {'line': b'-- Up-to-date: /home/pavel/ws_ros2/install/px4_msgs/include/px4_msgs/px4_msgs/msg/detail/gimbal_manager_set_manual_control__rosidl_typesupport_introspection_cpp.hpp\n'}
[6.023182] (px4_msgs) StdoutLine: {'line': b'-- Up-to-date: /home/pavel/ws_ros2/install/px4_msgs/include/px4_msgs/px4_msgs/msg/detail/takeoff_status__type_support.cpp\n'}
[6.023277] (px4_msgs) StdoutLine: {'line': b'-- Up-to-date: /home/pavel/ws_ros2/install/px4_msgs/include/px4_msgs/px4_msgs/msg/detail/fuel_tank_status__type_support.cpp\n'}
[6.023344] (px4_msgs) StdoutLine: {'line': b'-- Up-to-date: /home/pavel/ws_ros2/install/px4_msgs/include/px4_msgs/px4_msgs/msg/detail/airspeed_wind__type_support.cpp\n'}
[6.023408] (px4_msgs) StdoutLine: {'line': b'-- Up-to-date: /home/pavel/ws_ros2/install/px4_msgs/include/px4_msgs/px4_msgs/msg/detail/gps_inject_data__type_support.cpp\n'}
[6.023484] (px4_msgs) StdoutLine: {'line': b'-- Up-to-date: /home/pavel/ws_ros2/install/px4_msgs/include/px4_msgs/px4_msgs/msg/detail/manual_control_switches__type_support.cpp\n'}
[6.023563] (px4_msgs) StdoutLine: {'line': b'-- Up-to-date: /home/pavel/ws_ros2/install/px4_msgs/include/px4_msgs/px4_msgs/msg/detail/debug_vect__type_support.cpp\n'}
[6.023643] (px4_msgs) StdoutLine: {'line': b'-- Up-to-date: /home/pavel/ws_ros2/install/px4_msgs/include/px4_msgs/px4_msgs/msg/detail/flight_phase_estimation__type_support.cpp\n'}
[6.023729] (px4_msgs) StdoutLine: {'line': b'-- Up-to-date: /home/pavel/ws_ros2/install/px4_msgs/include/px4_msgs/px4_msgs/msg/detail/camera_capture__rosidl_typesupport_introspection_cpp.hpp\n'}
[6.023795] (px4_msgs) StdoutLine: {'line': b'-- Up-to-date: /home/pavel/ws_ros2/install/px4_msgs/include/px4_msgs/px4_msgs/msg/detail/vehicle_air_data__type_support.cpp\n'}
[6.023866] (px4_msgs) StdoutLine: {'line': b'-- Up-to-date: /home/pavel/ws_ros2/install/px4_msgs/include/px4_msgs/px4_msgs/msg/detail/input_rc__rosidl_typesupport_introspection_cpp.hpp\n'}
[6.023939] (px4_msgs) StdoutLine: {'line': b'-- Up-to-date: /home/pavel/ws_ros2/install/px4_msgs/include/px4_msgs/px4_msgs/msg/detail/esc_status__rosidl_typesupport_introspection_cpp.hpp\n'}
[6.024016] (px4_msgs) StdoutLine: {'line': b'-- Up-to-date: /home/pavel/ws_ros2/install/px4_msgs/include/px4_msgs/px4_msgs/msg/detail/unregister_ext_component__type_support.cpp\n'}
[6.024112] (px4_msgs) StdoutLine: {'line': b'-- Up-to-date: /home/pavel/ws_ros2/install/px4_msgs/include/px4_msgs/px4_msgs/msg/detail/ping__type_support.cpp\n'}
[6.024178] (px4_msgs) StdoutLine: {'line': b'-- Up-to-date: /home/pavel/ws_ros2/install/px4_msgs/include/px4_msgs/px4_msgs/msg/detail/qshell_req__rosidl_typesupport_introspection_cpp.hpp\n'}
[6.024242] (px4_msgs) StdoutLine: {'line': b'-- Up-to-date: /home/pavel/ws_ros2/install/px4_msgs/include/px4_msgs/px4_msgs/msg/detail/landing_gear_wheel__rosidl_typesupport_introspection_cpp.hpp\n'}
[6.024323] (px4_msgs) StdoutLine: {'line': b'-- Up-to-date: /home/pavel/ws_ros2/install/px4_msgs/include/px4_msgs/px4_msgs/msg/detail/trajectory_waypoint__type_support.cpp\n'}
[6.024388] (px4_msgs) StdoutLine: {'line': b'-- Up-to-date: /home/pavel/ws_ros2/install/px4_msgs/include/px4_msgs/px4_msgs/msg/detail/config_overrides__rosidl_typesupport_introspection_cpp.hpp\n'}
[6.024452] (px4_msgs) StdoutLine: {'line': b'-- Up-to-date: /home/pavel/ws_ros2/install/px4_msgs/include/px4_msgs/px4_msgs/msg/detail/position_controller_status__rosidl_typesupport_introspection_cpp.hpp\n'}
[6.024516] (px4_msgs) StdoutLine: {'line': b'-- Up-to-date: /home/pavel/ws_ros2/install/px4_msgs/include/px4_msgs/px4_msgs/msg/detail/airspeed_validated__type_support.cpp\n'}
[6.024580] (px4_msgs) StdoutLine: {'line': b'-- Up-to-date: /home/pavel/ws_ros2/install/px4_msgs/include/px4_msgs/px4_msgs/msg/detail/uavcan_parameter_value__rosidl_typesupport_introspection_cpp.hpp\n'}
[6.024660] (px4_msgs) StdoutLine: {'line': b'-- Up-to-date: /home/pavel/ws_ros2/install/px4_msgs/include/px4_msgs/px4_msgs/msg/detail/orb_test_medium__rosidl_typesupport_introspection_cpp.hpp\n'}
[6.024739] (px4_msgs) StdoutLine: {'line': b'-- Up-to-date: /home/pavel/ws_ros2/install/px4_msgs/include/px4_msgs/px4_msgs/msg/detail/can_interface_status__rosidl_typesupport_introspection_cpp.hpp\n'}
[6.024818] (px4_msgs) StdoutLine: {'line': b'-- Up-to-date: /home/pavel/ws_ros2/install/px4_msgs/include/px4_msgs/px4_msgs/msg/detail/sensor_mag__rosidl_typesupport_introspection_cpp.hpp\n'}
[6.024920] (px4_msgs) StdoutLine: {'line': b'-- Up-to-date: /home/pavel/ws_ros2/install/px4_msgs/include/px4_msgs/px4_msgs/msg/detail/vehicle_rates_setpoint__type_support.cpp\n'}
[6.024995] (px4_msgs) StdoutLine: {'line': b'-- Up-to-date: /home/pavel/ws_ros2/install/px4_msgs/include/px4_msgs/px4_msgs/msg/detail/gimbal_device_set_attitude__type_support.cpp\n'}
[6.025074] (px4_msgs) StdoutLine: {'line': b'-- Up-to-date: /home/pavel/ws_ros2/install/px4_msgs/include/px4_msgs/px4_msgs/msg/detail/sensor_mag__type_support.cpp\n'}
[6.025153] (px4_msgs) StdoutLine: {'line': b'-- Up-to-date: /home/pavel/ws_ros2/install/px4_msgs/include/px4_msgs/px4_msgs/msg/detail/log_message__rosidl_typesupport_introspection_cpp.hpp\n'}
[6.025232] (px4_msgs) StdoutLine: {'line': b'-- Up-to-date: /home/pavel/ws_ros2/install/px4_msgs/include/px4_msgs/px4_msgs/msg/detail/ulog_stream__rosidl_typesupport_introspection_cpp.hpp\n'}
[6.025311] (px4_msgs) StdoutLine: {'line': b'-- Up-to-date: /home/pavel/ws_ros2/install/px4_msgs/include/px4_msgs/px4_msgs/msg/detail/landing_target_pose__rosidl_typesupport_introspection_cpp.hpp\n'}
[6.027042] (px4_msgs) StdoutLine: {'line': b'-- Up-to-date: /home/pavel/ws_ros2/install/px4_msgs/include/px4_msgs/px4_msgs/msg/detail/vehicle_trajectory_waypoint__type_support.cpp\n'}
[6.027159] (px4_msgs) StdoutLine: {'line': b'-- Up-to-date: /home/pavel/ws_ros2/install/px4_msgs/include/px4_msgs/px4_msgs/msg/detail/estimator_bias3d__type_support.cpp\n'}
[6.027252] (px4_msgs) StdoutLine: {'line': b'-- Up-to-date: /home/pavel/ws_ros2/install/px4_msgs/include/px4_msgs/px4_msgs/msg/detail/home_position__type_support.cpp\n'}
[6.027342] (px4_msgs) StdoutLine: {'line': b'-- Up-to-date: /home/pavel/ws_ros2/install/px4_msgs/include/px4_msgs/px4_msgs/msg/detail/internal_combustion_engine_status__rosidl_typesupport_introspection_cpp.hpp\n'}
[6.027433] (px4_msgs) StdoutLine: {'line': b'-- Up-to-date: /home/pavel/ws_ros2/install/px4_msgs/include/px4_msgs/px4_msgs/msg/detail/vehicle_control_mode__type_support.cpp\n'}
[6.027524] (px4_msgs) StdoutLine: {'line': b'-- Up-to-date: /home/pavel/ws_ros2/install/px4_msgs/include/px4_msgs/px4_msgs/msg/detail/satellite_info__rosidl_typesupport_introspection_cpp.hpp\n'}
[6.027617] (px4_msgs) StdoutLine: {'line': b'-- Up-to-date: /home/pavel/ws_ros2/install/px4_msgs/include/px4_msgs/px4_msgs/msg/detail/sensor_baro__rosidl_typesupport_introspection_cpp.hpp\n'}
[6.027710] (px4_msgs) StdoutLine: {'line': b'-- Up-to-date: /home/pavel/ws_ros2/install/px4_msgs/include/px4_msgs/px4_msgs/msg/detail/tecs_status__rosidl_typesupport_introspection_cpp.hpp\n'}
[6.027803] (px4_msgs) StdoutLine: {'line': b'-- Up-to-date: /home/pavel/ws_ros2/install/px4_msgs/include/px4_msgs/px4_msgs/msg/detail/satellite_info__type_support.cpp\n'}
[6.027990] (px4_msgs) StdoutLine: {'line': b'-- Up-to-date: /home/pavel/ws_ros2/install/px4_msgs/include/px4_msgs/px4_msgs/msg/detail/wind__type_support.cpp\n'}
[6.028061] (px4_msgs) StdoutLine: {'line': b'-- Up-to-date: /home/pavel/ws_ros2/install/px4_msgs/include/px4_msgs/px4_msgs/msg/detail/vehicle_command__rosidl_typesupport_introspection_cpp.hpp\n'}
[6.028120] (px4_msgs) StdoutLine: {'line': b'-- Up-to-date: /home/pavel/ws_ros2/install/px4_msgs/include/px4_msgs/px4_msgs/msg/detail/battery_status__rosidl_typesupport_introspection_cpp.hpp\n'}
[6.028177] (px4_msgs) StdoutLine: {'line': b'-- Up-to-date: /home/pavel/ws_ros2/install/px4_msgs/include/px4_msgs/px4_msgs/msg/detail/hover_thrust_estimate__type_support.cpp\n'}
[6.028253] (px4_msgs) StdoutLine: {'line': b'-- Up-to-date: /home/pavel/ws_ros2/install/px4_msgs/include/px4_msgs/px4_msgs/msg/detail/normalized_unsigned_setpoint__type_support.cpp\n'}
[6.028303] (px4_msgs) StdoutLine: {'line': b'-- Up-to-date: /home/pavel/ws_ros2/install/px4_msgs/include/px4_msgs/px4_msgs/msg/detail/uavcan_parameter_request__rosidl_typesupport_introspection_cpp.hpp\n'}
[6.028353] (px4_msgs) StdoutLine: {'line': b'-- Up-to-date: /home/pavel/ws_ros2/install/px4_msgs/include/px4_msgs/px4_msgs/msg/detail/gimbal_device_set_attitude__rosidl_typesupport_introspection_cpp.hpp\n'}
[6.028407] (px4_msgs) StdoutLine: {'line': b'-- Up-to-date: /home/pavel/ws_ros2/install/px4_msgs/include/px4_msgs/px4_msgs/msg/detail/task_stack_info__rosidl_typesupport_introspection_cpp.hpp\n'}
[6.028462] (px4_msgs) StdoutLine: {'line': b'-- Up-to-date: /home/pavel/ws_ros2/install/px4_msgs/include/px4_msgs/px4_msgs/msg/detail/vehicle_angular_acceleration_setpoint__rosidl_typesupport_introspection_cpp.hpp\n'}
[6.028516] (px4_msgs) StdoutLine: {'line': b'-- Up-to-date: /home/pavel/ws_ros2/install/px4_msgs/include/px4_msgs/px4_msgs/msg/detail/irlock_report__rosidl_typesupport_introspection_cpp.hpp\n'}
[6.028570] (px4_msgs) StdoutLine: {'line': b'-- Up-to-date: /home/pavel/ws_ros2/install/px4_msgs/include/px4_msgs/px4_msgs/msg/detail/manual_control_setpoint__type_support.cpp\n'}
[6.028624] (px4_msgs) StdoutLine: {'line': b'-- Up-to-date: /home/pavel/ws_ros2/install/px4_msgs/include/px4_msgs/px4_msgs/msg/detail/heater_status__rosidl_typesupport_introspection_cpp.hpp\n'}
[6.028692] (px4_msgs) StdoutLine: {'line': b'-- Up-to-date: /home/pavel/ws_ros2/install/px4_msgs/include/px4_msgs/px4_msgs/msg/detail/vehicle_command_ack__rosidl_typesupport_introspection_cpp.hpp\n'}
[6.028742] (px4_msgs) StdoutLine: {'line': b'-- Up-to-date: /home/pavel/ws_ros2/install/px4_msgs/include/px4_msgs/px4_msgs/msg/detail/rate_ctrl_status__rosidl_typesupport_introspection_cpp.hpp\n'}
[6.028791] (px4_msgs) StdoutLine: {'line': b'-- Up-to-date: /home/pavel/ws_ros2/install/px4_msgs/include/px4_msgs/px4_msgs/msg/detail/estimator_status__rosidl_typesupport_introspection_cpp.hpp\n'}
[6.028841] (px4_msgs) StdoutLine: {'line': b'-- Up-to-date: /home/pavel/ws_ros2/install/px4_msgs/include/px4_msgs/px4_msgs/msg/detail/message_format_response__type_support.cpp\n'}
[6.028926] (px4_msgs) StdoutLine: {'line': b'-- Up-to-date: /home/pavel/ws_ros2/install/px4_msgs/include/px4_msgs/px4_msgs/msg/detail/magnetometer_bias_estimate__type_support.cpp\n'}
[6.028975] (px4_msgs) StdoutLine: {'line': b'-- Up-to-date: /home/pavel/ws_ros2/install/px4_msgs/include/px4_msgs/px4_msgs/msg/detail/actuator_test__type_support.cpp\n'}
[6.029023] (px4_msgs) StdoutLine: {'line': b'-- Up-to-date: /home/pavel/ws_ros2/install/px4_msgs/include/px4_msgs/px4_msgs/msg/detail/mount_orientation__rosidl_typesupport_introspection_cpp.hpp\n'}
[6.029076] (px4_msgs) StdoutLine: {'line': b'-- Up-to-date: /home/pavel/ws_ros2/install/px4_msgs/include/px4_msgs/px4_msgs/msg/detail/mavlink_log__type_support.cpp\n'}
[6.029127] (px4_msgs) StdoutLine: {'line': b'-- Up-to-date: /home/pavel/ws_ros2/install/px4_msgs/include/px4_msgs/px4_msgs/msg/detail/pps_capture__type_support.cpp\n'}
[6.029176] (px4_msgs) StdoutLine: {'line': b'-- Up-to-date: /home/pavel/ws_ros2/install/px4_msgs/include/px4_msgs/px4_msgs/msg/detail/vehicle_command__type_support.cpp\n'}
[6.029225] (px4_msgs) StdoutLine: {'line': b'-- Up-to-date: /home/pavel/ws_ros2/install/px4_msgs/include/px4_msgs/px4_msgs/msg/detail/estimator_bias__type_support.cpp\n'}
[6.029278] (px4_msgs) StdoutLine: {'line': b'-- Up-to-date: /home/pavel/ws_ros2/install/px4_msgs/include/px4_msgs/px4_msgs/msg/detail/sensor_correction__rosidl_typesupport_introspection_cpp.hpp\n'}
[6.029332] (px4_msgs) StdoutLine: {'line': b'-- Up-to-date: /home/pavel/ws_ros2/install/px4_msgs/include/px4_msgs/px4_msgs/msg/detail/estimator_innovations__type_support.cpp\n'}
[6.029385] (px4_msgs) StdoutLine: {'line': b'-- Up-to-date: /home/pavel/ws_ros2/install/px4_msgs/include/px4_msgs/px4_msgs/msg/detail/landing_target_innovations__rosidl_typesupport_introspection_cpp.hpp\n'}
[6.029439] (px4_msgs) StdoutLine: {'line': b'-- Up-to-date: /home/pavel/ws_ros2/install/px4_msgs/include/px4_msgs/px4_msgs/msg/detail/sensor_accel__rosidl_typesupport_introspection_cpp.hpp\n'}
[6.029492] (px4_msgs) StdoutLine: {'line': b'-- Up-to-date: /home/pavel/ws_ros2/install/px4_msgs/include/px4_msgs/px4_msgs/msg/detail/differential_pressure__type_support.cpp\n'}
[6.029546] (px4_msgs) StdoutLine: {'line': b'-- Up-to-date: /home/pavel/ws_ros2/install/px4_msgs/include/px4_msgs/px4_msgs/msg/detail/actuator_outputs__type_support.cpp\n'}
[6.029600] (px4_msgs) StdoutLine: {'line': b'-- Up-to-date: /home/pavel/ws_ros2/install/px4_msgs/include/px4_msgs/px4_msgs/msg/detail/gimbal_controls__type_support.cpp\n'}
[6.029654] (px4_msgs) StdoutLine: {'line': b'-- Up-to-date: /home/pavel/ws_ros2/install/px4_msgs/include/px4_msgs/px4_msgs/msg/detail/vtol_vehicle_status__rosidl_typesupport_introspection_cpp.hpp\n'}
[6.029709] (px4_msgs) StdoutLine: {'line': b'-- Up-to-date: /home/pavel/ws_ros2/install/px4_msgs/include/px4_msgs/px4_msgs/msg/detail/button_event__rosidl_typesupport_introspection_cpp.hpp\n'}
[6.029763] (px4_msgs) StdoutLine: {'line': b'-- Up-to-date: /home/pavel/ws_ros2/install/px4_msgs/include/px4_msgs/px4_msgs/msg/detail/transponder_report__rosidl_typesupport_introspection_cpp.hpp\n'}
[6.029862] (px4_msgs) StdoutLine: {'line': b'-- Up-to-date: /home/pavel/ws_ros2/install/px4_msgs/include/px4_msgs/px4_msgs/msg/detail/esc_report__type_support.cpp\n'}
[6.029923] (px4_msgs) StdoutLine: {'line': b'-- Up-to-date: /home/pavel/ws_ros2/install/px4_msgs/include/px4_msgs/px4_msgs/msg/detail/vehicle_torque_setpoint__rosidl_typesupport_introspection_cpp.hpp\n'}
[6.029973] (px4_msgs) StdoutLine: {'line': b'-- Up-to-date: /home/pavel/ws_ros2/install/px4_msgs/include/px4_msgs/px4_msgs/msg/detail/trajectory_setpoint__type_support.cpp\n'}
[6.030022] (px4_msgs) StdoutLine: {'line': b'-- Up-to-date: /home/pavel/ws_ros2/install/px4_msgs/include/px4_msgs/px4_msgs/msg/detail/estimator_status_flags__rosidl_typesupport_introspection_cpp.hpp\n'}
[6.030071] (px4_msgs) StdoutLine: {'line': b'-- Up-to-date: /home/pavel/ws_ros2/install/px4_msgs/include/px4_msgs/px4_msgs/msg/detail/collision_constraints__rosidl_typesupport_introspection_cpp.hpp\n'}
[6.030119] (px4_msgs) StdoutLine: {'line': b'-- Up-to-date: /home/pavel/ws_ros2/install/px4_msgs/include/px4_msgs/px4_msgs/msg/detail/goto_setpoint__rosidl_typesupport_introspection_cpp.hpp\n'}
[6.030168] (px4_msgs) StdoutLine: {'line': b'-- Up-to-date: /home/pavel/ws_ros2/install/px4_msgs/include/px4_msgs/px4_msgs/msg/detail/sensor_correction__type_support.cpp\n'}
[6.030220] (px4_msgs) StdoutLine: {'line': b'-- Up-to-date: /home/pavel/ws_ros2/install/px4_msgs/include/px4_msgs/px4_msgs/msg/detail/estimator_states__type_support.cpp\n'}
[6.030273] (px4_msgs) StdoutLine: {'line': b'-- Up-to-date: /home/pavel/ws_ros2/install/px4_msgs/include/px4_msgs/px4_msgs/msg/detail/sensor_gyro__rosidl_typesupport_introspection_cpp.hpp\n'}
[6.030326] (px4_msgs) StdoutLine: {'line': b'-- Up-to-date: /home/pavel/ws_ros2/install/px4_msgs/include/px4_msgs/px4_msgs/msg/detail/actuator_controls_status__type_support.cpp\n'}
[6.030379] (px4_msgs) StdoutLine: {'line': b'-- Up-to-date: /home/pavel/ws_ros2/install/px4_msgs/include/px4_msgs/px4_msgs/msg/detail/sensor_optical_flow__rosidl_typesupport_introspection_cpp.hpp\n'}
[6.030432] (px4_msgs) StdoutLine: {'line': b'-- Up-to-date: /home/pavel/ws_ros2/install/px4_msgs/include/px4_msgs/px4_msgs/msg/detail/position_setpoint__type_support.cpp\n'}
[6.030485] (px4_msgs) StdoutLine: {'line': b'-- Up-to-date: /home/pavel/ws_ros2/install/px4_msgs/include/px4_msgs/px4_msgs/msg/detail/gimbal_device_information__type_support.cpp\n'}
[6.030538] (px4_msgs) StdoutLine: {'line': b'-- Up-to-date: /home/pavel/ws_ros2/install/px4_msgs/include/px4_msgs/px4_msgs/msg/detail/telemetry_status__rosidl_typesupport_introspection_cpp.hpp\n'}
[6.030611] (px4_msgs) StdoutLine: {'line': b'-- Up-to-date: /home/pavel/ws_ros2/install/px4_msgs/include/px4_msgs/px4_msgs/msg/detail/ekf2_timestamps__rosidl_typesupport_introspection_cpp.hpp\n'}
[6.030664] (px4_msgs) StdoutLine: {'line': b'-- Up-to-date: /home/pavel/ws_ros2/install/px4_msgs/include/px4_msgs/px4_msgs/msg/detail/rc_channels__rosidl_typesupport_introspection_cpp.hpp\n'}
[6.030712] (px4_msgs) StdoutLine: {'line': b'-- Up-to-date: /home/pavel/ws_ros2/install/px4_msgs/include/px4_msgs/px4_msgs/msg/detail/vehicle_attitude__type_support.cpp\n'}
[6.030760] (px4_msgs) StdoutLine: {'line': b'-- Up-to-date: /home/pavel/ws_ros2/install/px4_msgs/include/px4_msgs/px4_msgs/msg/detail/sensor_gyro__type_support.cpp\n'}
[6.030813] (px4_msgs) StdoutLine: {'line': b'-- Up-to-date: /home/pavel/ws_ros2/install/px4_msgs/include/px4_msgs/px4_msgs/msg/detail/vehicle_odometry__rosidl_typesupport_introspection_cpp.hpp\n'}
[6.030896] (px4_msgs) StdoutLine: {'line': b'-- Up-to-date: /home/pavel/ws_ros2/install/px4_msgs/include/px4_msgs/px4_msgs/msg/detail/mode_completed__type_support.cpp\n'}
[6.030950] (px4_msgs) StdoutLine: {'line': b'-- Up-to-date: /home/pavel/ws_ros2/install/px4_msgs/include/px4_msgs/px4_msgs/msg/detail/sensor_accel_fifo__type_support.cpp\n'}
[6.030997] (-) TimerEvent: {}
[6.031071] (px4_msgs) StdoutLine: {'line': b'-- Up-to-date: /home/pavel/ws_ros2/install/px4_msgs/include/px4_msgs/px4_msgs/msg/detail/estimator_selector_status__rosidl_typesupport_introspection_cpp.hpp\n'}
[6.031132] (px4_msgs) StdoutLine: {'line': b'-- Up-to-date: /home/pavel/ws_ros2/install/px4_msgs/include/px4_msgs/px4_msgs/msg/detail/heater_status__type_support.cpp\n'}
[6.031196] (px4_msgs) StdoutLine: {'line': b'-- Up-to-date: /home/pavel/ws_ros2/install/px4_msgs/include/px4_msgs/px4_msgs/msg/detail/vehicle_magnetometer__rosidl_typesupport_introspection_cpp.hpp\n'}
[6.031245] (px4_msgs) StdoutLine: {'line': b'-- Up-to-date: /home/pavel/ws_ros2/install/px4_msgs/include/px4_msgs/px4_msgs/msg/detail/sensor_gyro_fifo__rosidl_typesupport_introspection_cpp.hpp\n'}
[6.031293] (px4_msgs) StdoutLine: {'line': b'-- Up-to-date: /home/pavel/ws_ros2/install/px4_msgs/include/px4_msgs/px4_msgs/msg/detail/vehicle_air_data__rosidl_typesupport_introspection_cpp.hpp\n'}
[6.031342] (px4_msgs) StdoutLine: {'line': b'-- Up-to-date: /home/pavel/ws_ros2/install/px4_msgs/include/px4_msgs/px4_msgs/msg/detail/iridiumsbd_status__type_support.cpp\n'}
[6.031390] (px4_msgs) StdoutLine: {'line': b'-- Up-to-date: /home/pavel/ws_ros2/install/px4_msgs/include/px4_msgs/px4_msgs/msg/detail/vehicle_angular_velocity__type_support.cpp\n'}
[6.031438] (px4_msgs) StdoutLine: {'line': b'-- Up-to-date: /home/pavel/ws_ros2/install/px4_msgs/include/px4_msgs/px4_msgs/msg/detail/cpuload__rosidl_typesupport_introspection_cpp.hpp\n'}
[6.031485] (px4_msgs) StdoutLine: {'line': b'-- Up-to-date: /home/pavel/ws_ros2/install/px4_msgs/include/px4_msgs/px4_msgs/msg/detail/parameter_reset_request__type_support.cpp\n'}
[6.031540] (px4_msgs) StdoutLine: {'line': b'-- Up-to-date: /home/pavel/ws_ros2/install/px4_msgs/include/px4_msgs/px4_msgs/msg/detail/landing_target_pose__type_support.cpp\n'}
[6.031590] (px4_msgs) StdoutLine: {'line': b'-- Up-to-date: /home/pavel/ws_ros2/install/px4_msgs/include/px4_msgs/px4_msgs/msg/detail/estimator_aid_source1d__rosidl_typesupport_introspection_cpp.hpp\n'}
[6.031643] (px4_msgs) StdoutLine: {'line': b'-- Up-to-date: /home/pavel/ws_ros2/install/px4_msgs/include/px4_msgs/px4_msgs/msg/detail/estimator_bias__rosidl_typesupport_introspection_cpp.hpp\n'}
[6.031697] (px4_msgs) StdoutLine: {'line': b'-- Up-to-date: /home/pavel/ws_ros2/install/px4_msgs/include/px4_msgs/px4_msgs/msg/detail/wind__rosidl_typesupport_introspection_cpp.hpp\n'}
[6.031751] (px4_msgs) StdoutLine: {'line': b'-- Up-to-date: /home/pavel/ws_ros2/install/px4_msgs/include/px4_msgs/px4_msgs/msg/detail/adc_report__rosidl_typesupport_introspection_cpp.hpp\n'}
[6.031804] (px4_msgs) StdoutLine: {'line': b'-- Up-to-date: /home/pavel/ws_ros2/install/px4_msgs/include/px4_msgs/px4_msgs/msg/detail/follow_target_status__type_support.cpp\n'}
[6.031897] (px4_msgs) StdoutLine: {'line': b'-- Up-to-date: /home/pavel/ws_ros2/install/px4_msgs/include/px4_msgs/px4_msgs/msg/detail/orbit_status__rosidl_typesupport_introspection_cpp.hpp\n'}
[6.031954] (px4_msgs) StdoutLine: {'line': b'-- Up-to-date: /home/pavel/ws_ros2/install/px4_msgs/include/px4_msgs/px4_msgs/msg/detail/sensor_combined__type_support.cpp\n'}
[6.032003] (px4_msgs) StdoutLine: {'line': b'-- Up-to-date: /home/pavel/ws_ros2/install/px4_msgs/include/px4_msgs/px4_msgs/msg/detail/register_ext_component_reply__rosidl_typesupport_introspection_cpp.hpp\n'}
[6.032051] (px4_msgs) StdoutLine: {'line': b'-- Up-to-date: /home/pavel/ws_ros2/install/px4_msgs/include/px4_msgs/px4_msgs/msg/detail/cellular_status__type_support.cpp\n'}
[6.032098] (px4_msgs) StdoutLine: {'line': b'-- Up-to-date: /home/pavel/ws_ros2/install/px4_msgs/include/px4_msgs/px4_msgs/msg/detail/rtl_time_estimate__type_support.cpp\n'}
[6.032148] (px4_msgs) StdoutLine: {'line': b'-- Up-to-date: /home/pavel/ws_ros2/install/px4_msgs/include/px4_msgs/px4_msgs/msg/detail/ulog_stream__type_support.cpp\n'}
[6.032218] (px4_msgs) StdoutLine: {'line': b'-- Up-to-date: /home/pavel/ws_ros2/install/px4_msgs/include/px4_msgs/px4_msgs/msg/detail/parameter_set_value_response__type_support.cpp\n'}
[6.032268] (px4_msgs) StdoutLine: {'line': b'-- Up-to-date: /home/pavel/ws_ros2/install/px4_msgs/include/px4_msgs/px4_msgs/msg/detail/tiltrotor_extra_controls__rosidl_typesupport_introspection_cpp.hpp\n'}
[6.032316] (px4_msgs) StdoutLine: {'line': b'-- Up-to-date: /home/pavel/ws_ros2/install/px4_msgs/include/px4_msgs/px4_msgs/msg/detail/gimbal_controls__rosidl_typesupport_introspection_cpp.hpp\n'}
[6.032371] (px4_msgs) StdoutLine: {'line': b'-- Up-to-date: /home/pavel/ws_ros2/install/px4_msgs/include/px4_msgs/px4_msgs/msg/detail/debug_vect__rosidl_typesupport_introspection_cpp.hpp\n'}
[6.032419] (px4_msgs) StdoutLine: {'line': b'-- Up-to-date: /home/pavel/ws_ros2/install/px4_msgs/include/px4_msgs/px4_msgs/msg/detail/message_format_request__type_support.cpp\n'}
[6.032466] (px4_msgs) StdoutLine: {'line': b'-- Up-to-date: /home/pavel/ws_ros2/install/px4_msgs/include/px4_msgs/px4_msgs/msg/detail/buffer128__type_support.cpp\n'}
[6.032520] (px4_msgs) StdoutLine: {'line': b'-- Up-to-date: /home/pavel/ws_ros2/install/px4_msgs/include/px4_msgs/px4_msgs/msg/detail/position_controller_status__type_support.cpp\n'}
[6.032573] (px4_msgs) StdoutLine: {'line': b'-- Up-to-date: /home/pavel/ws_ros2/install/px4_msgs/include/px4_msgs/px4_msgs/msg/detail/camera_trigger__type_support.cpp\n'}
[6.032627] (px4_msgs) StdoutLine: {'line': b'-- Up-to-date: /home/pavel/ws_ros2/install/px4_msgs/include/px4_msgs/px4_msgs/msg/detail/sensor_preflight_mag__rosidl_typesupport_introspection_cpp.hpp\n'}
[6.032681] (px4_msgs) StdoutLine: {'line': b'-- Up-to-date: /home/pavel/ws_ros2/install/px4_msgs/include/px4_msgs/px4_msgs/msg/detail/vehicle_roi__rosidl_typesupport_introspection_cpp.hpp\n'}
[6.032734] (px4_msgs) StdoutLine: {'line': b'-- Up-to-date: /home/pavel/ws_ros2/install/px4_msgs/include/px4_msgs/px4_msgs/msg/detail/actuator_servos__rosidl_typesupport_introspection_cpp.hpp\n'}
[6.032788] (px4_msgs) StdoutLine: {'line': b'-- Up-to-date: /home/pavel/ws_ros2/install/px4_msgs/include/px4_msgs/px4_msgs/msg/detail/navigator_mission_item__rosidl_typesupport_introspection_cpp.hpp\n'}
[6.032842] (px4_msgs) StdoutLine: {'line': b'-- Up-to-date: /home/pavel/ws_ros2/install/px4_msgs/include/px4_msgs/px4_msgs/msg/detail/obstacle_distance__rosidl_typesupport_introspection_cpp.hpp\n'}
[6.032919] (px4_msgs) StdoutLine: {'line': b'-- Up-to-date: /home/pavel/ws_ros2/install/px4_msgs/include/px4_msgs/px4_msgs/msg/detail/vehicle_rates_setpoint__rosidl_typesupport_introspection_cpp.hpp\n'}
[6.032975] (px4_msgs) StdoutLine: {'line': b'-- Up-to-date: /home/pavel/ws_ros2/install/px4_msgs/include/px4_msgs/px4_msgs/msg/detail/sensor_selection__type_support.cpp\n'}
[6.033029] (px4_msgs) StdoutLine: {'line': b'-- Up-to-date: /home/pavel/ws_ros2/install/px4_msgs/include/px4_msgs/px4_msgs/msg/detail/sensor_selection__rosidl_typesupport_introspection_cpp.hpp\n'}
[6.033083] (px4_msgs) StdoutLine: {'line': b'-- Up-to-date: /home/pavel/ws_ros2/install/px4_msgs/include/px4_msgs/px4_msgs/msg/detail/irlock_report__type_support.cpp\n'}
[6.033137] (px4_msgs) StdoutLine: {'line': b'-- Up-to-date: /home/pavel/ws_ros2/install/px4_msgs/include/px4_msgs/px4_msgs/msg/detail/landing_gear_wheel__type_support.cpp\n'}
[6.033215] (px4_msgs) StdoutLine: {'line': b'-- Up-to-date: /home/pavel/ws_ros2/install/px4_msgs/include/px4_msgs/px4_msgs/msg/detail/hover_thrust_estimate__rosidl_typesupport_introspection_cpp.hpp\n'}
[6.033271] (px4_msgs) StdoutLine: {'line': b'-- Up-to-date: /home/pavel/ws_ros2/install/px4_msgs/include/px4_msgs/px4_msgs/msg/detail/rtl_time_estimate__rosidl_typesupport_introspection_cpp.hpp\n'}
[6.033338] (px4_msgs) StdoutLine: {'line': b'-- Up-to-date: /home/pavel/ws_ros2/install/px4_msgs/include/px4_msgs/px4_msgs/msg/detail/sensor_baro__type_support.cpp\n'}
[6.033390] (px4_msgs) StdoutLine: {'line': b'-- Up-to-date: /home/pavel/ws_ros2/install/px4_msgs/include/px4_msgs/px4_msgs/msg/detail/actuator_armed__type_support.cpp\n'}
[6.033443] (px4_msgs) StdoutLine: {'line': b'-- Up-to-date: /home/pavel/ws_ros2/install/px4_msgs/include/px4_msgs/px4_msgs/msg/detail/differential_pressure__rosidl_typesupport_introspection_cpp.hpp\n'}
[6.033495] (px4_msgs) StdoutLine: {'line': b'-- Up-to-date: /home/pavel/ws_ros2/install/px4_msgs/include/px4_msgs/px4_msgs/msg/detail/vehicle_attitude_setpoint__rosidl_typesupport_introspection_cpp.hpp\n'}
[6.033547] (px4_msgs) StdoutLine: {'line': b'-- Up-to-date: /home/pavel/ws_ros2/install/px4_msgs/include/px4_msgs/px4_msgs/msg/detail/gpio_request__rosidl_typesupport_introspection_cpp.hpp\n'}
[6.033617] (px4_msgs) StdoutLine: {'line': b'-- Up-to-date: /home/pavel/ws_ros2/install/px4_msgs/include/px4_msgs/px4_msgs/msg/detail/estimator_sensor_bias__type_support.cpp\n'}
[6.033665] (px4_msgs) StdoutLine: {'line': b'-- Up-to-date: /home/pavel/ws_ros2/install/px4_msgs/include/px4_msgs/px4_msgs/msg/detail/transponder_report__type_support.cpp\n'}
[6.033711] (px4_msgs) StdoutLine: {'line': b'-- Up-to-date: /home/pavel/ws_ros2/install/px4_msgs/include/px4_msgs/px4_msgs/msg/detail/gimbal_manager_information__type_support.cpp\n'}
[6.033761] (px4_msgs) StdoutLine: {'line': b'-- Up-to-date: /home/pavel/ws_ros2/install/px4_msgs/include/px4_msgs/px4_msgs/msg/detail/actuator_controls_status__rosidl_typesupport_introspection_cpp.hpp\n'}
[6.033809] (px4_msgs) StdoutLine: {'line': b'-- Up-to-date: /home/pavel/ws_ros2/install/px4_msgs/include/px4_msgs/px4_msgs/msg/detail/sensor_gps__type_support.cpp\n'}
[6.033877] (px4_msgs) StdoutLine: {'line': b'-- Up-to-date: /home/pavel/ws_ros2/install/px4_msgs/include/px4_msgs/px4_msgs/msg/detail/event__type_support.cpp\n'}
[6.033932] (px4_msgs) StdoutLine: {'line': b'-- Up-to-date: /home/pavel/ws_ros2/install/px4_msgs/include/px4_msgs/px4_msgs/msg/detail/sensor_accel__type_support.cpp\n'}
[6.033979] (px4_msgs) StdoutLine: {'line': b'-- Up-to-date: /home/pavel/ws_ros2/install/px4_msgs/include/px4_msgs/px4_msgs/msg/detail/cpuload__type_support.cpp\n'}
[6.034026] (px4_msgs) StdoutLine: {'line': b'-- Up-to-date: /home/pavel/ws_ros2/install/px4_msgs/include/px4_msgs/px4_msgs/msg/detail/geofence_result__rosidl_typesupport_introspection_cpp.hpp\n'}
[6.034074] (px4_msgs) StdoutLine: {'line': b'-- Up-to-date: /home/pavel/ws_ros2/install/px4_msgs/include/px4_msgs/px4_msgs/msg/detail/debug_key_value__type_support.cpp\n'}
[6.034121] (px4_msgs) StdoutLine: {'line': b'-- Up-to-date: /home/pavel/ws_ros2/install/px4_msgs/include/px4_msgs/px4_msgs/msg/detail/estimator_event_flags__rosidl_typesupport_introspection_cpp.hpp\n'}
[6.034168] (px4_msgs) StdoutLine: {'line': b'-- Up-to-date: /home/pavel/ws_ros2/install/px4_msgs/include/px4_msgs/px4_msgs/msg/detail/esc_status__type_support.cpp\n'}
[6.034216] (px4_msgs) StdoutLine: {'line': b'-- Up-to-date: /home/pavel/ws_ros2/install/px4_msgs/include/px4_msgs/px4_msgs/msg/detail/sensors_status_imu__rosidl_typesupport_introspection_cpp.hpp\n'}
[6.034264] (px4_msgs) StdoutLine: {'line': b'-- Up-to-date: /home/pavel/ws_ros2/install/px4_msgs/include/px4_msgs/px4_msgs/msg/detail/vehicle_imu__type_support.cpp\n'}
[6.034311] (px4_msgs) StdoutLine: {'line': b'-- Up-to-date: /home/pavel/ws_ros2/install/px4_msgs/include/px4_msgs/px4_msgs/msg/detail/vehicle_optical_flow_vel__rosidl_typesupport_introspection_cpp.hpp\n'}
[6.034368] (px4_msgs) StdoutLine: {'line': b'-- Up-to-date: /home/pavel/ws_ros2/install/px4_msgs/include/px4_msgs/px4_msgs/msg/detail/ulog_stream_ack__type_support.cpp\n'}
[6.034417] (px4_msgs) StdoutLine: {'line': b'-- Up-to-date: /home/pavel/ws_ros2/install/px4_msgs/include/px4_msgs/px4_msgs/msg/detail/input_rc__type_support.cpp\n'}
[6.034465] (px4_msgs) StdoutLine: {'line': b'-- Up-to-date: /home/pavel/ws_ros2/install/px4_msgs/include/px4_msgs/px4_msgs/msg/detail/message_format_response__rosidl_typesupport_introspection_cpp.hpp\n'}
[6.034512] (px4_msgs) StdoutLine: {'line': b'-- Up-to-date: /home/pavel/ws_ros2/install/px4_msgs/include/px4_msgs/px4_msgs/msg/detail/follow_target__rosidl_typesupport_introspection_cpp.hpp\n'}
[6.034558] (px4_msgs) StdoutLine: {'line': b'-- Up-to-date: /home/pavel/ws_ros2/install/px4_msgs/include/px4_msgs/px4_msgs/msg/detail/npfg_status__type_support.cpp\n'}
[6.034605] (px4_msgs) StdoutLine: {'line': b'-- Up-to-date: /home/pavel/ws_ros2/install/px4_msgs/include/px4_msgs/px4_msgs/msg/detail/orb_test_large__type_support.cpp\n'}
[6.034651] (px4_msgs) StdoutLine: {'line': b'-- Up-to-date: /home/pavel/ws_ros2/install/px4_msgs/include/px4_msgs/px4_msgs/msg/detail/autotune_attitude_control_status__type_support.cpp\n'}
[6.034702] (px4_msgs) StdoutLine: {'line': b'-- Up-to-date: /home/pavel/ws_ros2/install/px4_msgs/include/px4_msgs/px4_msgs/msg/detail/takeoff_status__rosidl_typesupport_introspection_cpp.hpp\n'}
[6.034755] (px4_msgs) StdoutLine: {'line': b'-- Up-to-date: /home/pavel/ws_ros2/install/px4_msgs/include/px4_msgs/px4_msgs/msg/detail/estimator_states__rosidl_typesupport_introspection_cpp.hpp\n'}
[6.034803] (px4_msgs) StdoutLine: {'line': b'-- Up-to-date: /home/pavel/ws_ros2/install/px4_msgs/include/px4_msgs/px4_msgs/msg/detail/differential_drive_setpoint__type_support.cpp\n'}
[6.034855] (px4_msgs) StdoutLine: {'line': b'-- Up-to-date: /home/pavel/ws_ros2/install/px4_msgs/include/px4_msgs/px4_msgs/msg/detail/generator_status__rosidl_typesupport_introspection_cpp.hpp\n'}
[6.034911] (px4_msgs) StdoutLine: {'line': b'-- Up-to-date: /home/pavel/ws_ros2/install/px4_msgs/include/px4_msgs/px4_msgs/msg/detail/sensor_preflight_mag__type_support.cpp\n'}
[6.034960] (px4_msgs) StdoutLine: {'line': b'-- Up-to-date: /home/pavel/ws_ros2/install/px4_msgs/include/px4_msgs/px4_msgs/msg/detail/gpio_in__rosidl_typesupport_introspection_cpp.hpp\n'}
[6.035039] (px4_msgs) StdoutLine: {'line': b'-- Up-to-date: /home/pavel/ws_ros2/install/px4_msgs/include/px4_msgs/px4_msgs/msg/detail/vehicle_imu__rosidl_typesupport_introspection_cpp.hpp\n'}
[6.035087] (px4_msgs) StdoutLine: {'line': b'-- Up-to-date: /home/pavel/ws_ros2/install/px4_msgs/include/px4_msgs/px4_msgs/msg/detail/orb_test__rosidl_typesupport_introspection_cpp.hpp\n'}
[6.035135] (px4_msgs) StdoutLine: {'line': b'-- Up-to-date: /home/pavel/ws_ros2/install/px4_msgs/include/px4_msgs/px4_msgs/msg/detail/qshell_req__type_support.cpp\n'}
[6.035182] (px4_msgs) StdoutLine: {'line': b'-- Up-to-date: /home/pavel/ws_ros2/install/px4_msgs/include/px4_msgs/px4_msgs/msg/detail/arming_check_reply__rosidl_typesupport_introspection_cpp.hpp\n'}
[6.035233] (px4_msgs) StdoutLine: {'line': b'-- Up-to-date: /home/pavel/ws_ros2/install/px4_msgs/include/px4_msgs/px4_msgs/msg/detail/airspeed__rosidl_typesupport_introspection_cpp.hpp\n'}
[6.035281] (px4_msgs) StdoutLine: {'line': b'-- Up-to-date: /home/pavel/ws_ros2/install/px4_msgs/include/px4_msgs/px4_msgs/msg/detail/orb_test_medium__type_support.cpp\n'}
[6.035328] (px4_msgs) StdoutLine: {'line': b'-- Up-to-date: /home/pavel/ws_ros2/install/px4_msgs/include/px4_msgs/px4_msgs/msg/detail/trajectory_bezier__type_support.cpp\n'}
[6.035375] (px4_msgs) StdoutLine: {'line': b'-- Up-to-date: /home/pavel/ws_ros2/install/px4_msgs/include/px4_msgs/px4_msgs/msg/detail/internal_combustion_engine_status__type_support.cpp\n'}
[6.035422] (px4_msgs) StdoutLine: {'line': b'-- Up-to-date: /home/pavel/ws_ros2/install/px4_msgs/include/px4_msgs/px4_msgs/msg/detail/button_event__type_support.cpp\n'}
[6.035492] (px4_msgs) StdoutLine: {'line': b'-- Up-to-date: /home/pavel/ws_ros2/install/px4_msgs/include/px4_msgs/px4_msgs/msg/detail/vehicle_torque_setpoint__type_support.cpp\n'}
[6.035539] (px4_msgs) StdoutLine: {'line': b'-- Up-to-date: /home/pavel/ws_ros2/install/px4_msgs/include/px4_msgs/px4_msgs/msg/detail/sensors_status_imu__type_support.cpp\n'}
[6.035586] (px4_msgs) StdoutLine: {'line': b'-- Up-to-date: /home/pavel/ws_ros2/install/px4_msgs/include/px4_msgs/px4_msgs/msg/detail/vehicle_status__type_support.cpp\n'}
[6.035633] (px4_msgs) StdoutLine: {'line': b'-- Up-to-date: /home/pavel/ws_ros2/install/px4_msgs/include/px4_msgs/px4_msgs/msg/detail/differential_drive_setpoint__rosidl_typesupport_introspection_cpp.hpp\n'}
[6.035680] (px4_msgs) StdoutLine: {'line': b'-- Up-to-date: /home/pavel/ws_ros2/install/px4_msgs/include/px4_msgs/px4_msgs/msg/detail/gimbal_manager_information__rosidl_typesupport_introspection_cpp.hpp\n'}
[6.035728] (px4_msgs) StdoutLine: {'line': b'-- Up-to-date: /home/pavel/ws_ros2/install/px4_msgs/include/px4_msgs/px4_msgs/msg/detail/control_allocator_status__rosidl_typesupport_introspection_cpp.hpp\n'}
[6.035775] (px4_msgs) StdoutLine: {'line': b'-- Up-to-date: /home/pavel/ws_ros2/install/px4_msgs/include/px4_msgs/px4_msgs/msg/detail/orb_test_large__rosidl_typesupport_introspection_cpp.hpp\n'}
[6.035826] (px4_msgs) StdoutLine: {'line': b'-- Up-to-date: /home/pavel/ws_ros2/install/px4_msgs/include/px4_msgs/px4_msgs/msg/detail/orbit_status__type_support.cpp\n'}
[6.035884] (px4_msgs) StdoutLine: {'line': b'-- Up-to-date: /home/pavel/ws_ros2/install/px4_msgs/include/px4_msgs/px4_msgs/msg/detail/gimbal_manager_status__rosidl_typesupport_introspection_cpp.hpp\n'}
[6.035934] (px4_msgs) StdoutLine: {'line': b'-- Up-to-date: /home/pavel/ws_ros2/install/px4_msgs/include/px4_msgs/px4_msgs/msg/detail/camera_capture__type_support.cpp\n'}
[6.035980] (px4_msgs) StdoutLine: {'line': b'-- Up-to-date: /home/pavel/ws_ros2/install/px4_msgs/include/px4_msgs/px4_msgs/msg/detail/vehicle_odometry__type_support.cpp\n'}
[6.036027] (px4_msgs) StdoutLine: {'line': b'-- Up-to-date: /home/pavel/ws_ros2/install/px4_msgs/include/px4_msgs/px4_msgs/msg/detail/sensor_combined__rosidl_typesupport_introspection_cpp.hpp\n'}
[6.036074] (px4_msgs) StdoutLine: {'line': b'-- Up-to-date: /home/pavel/ws_ros2/install/px4_msgs/include/px4_msgs/px4_msgs/msg/detail/estimator_aid_source2d__rosidl_typesupport_introspection_cpp.hpp\n'}
[6.036121] (px4_msgs) StdoutLine: {'line': b'-- Up-to-date: /home/pavel/ws_ros2/install/px4_msgs/include/px4_msgs/px4_msgs/msg/detail/gps_dump__type_support.cpp\n'}
[6.036172] (px4_msgs) StdoutLine: {'line': b'-- Up-to-date: /home/pavel/ws_ros2/install/px4_msgs/include/px4_msgs/px4_msgs/msg/detail/velocity_limits__type_support.cpp\n'}
[6.036223] (px4_msgs) StdoutLine: {'line': b'-- Up-to-date: /home/pavel/ws_ros2/install/px4_msgs/include/px4_msgs/px4_msgs/msg/detail/radio_status__type_support.cpp\n'}
[6.036279] (px4_msgs) StdoutLine: {'line': b'-- Up-to-date: /home/pavel/ws_ros2/install/px4_msgs/include/px4_msgs/px4_msgs/msg/detail/sensor_optical_flow__type_support.cpp\n'}
[6.036331] (px4_msgs) StdoutLine: {'line': b'-- Up-to-date: /home/pavel/ws_ros2/install/px4_msgs/include/px4_msgs/px4_msgs/msg/detail/parameter_set_used_request__rosidl_typesupport_introspection_cpp.hpp\n'}
[6.036383] (px4_msgs) StdoutLine: {'line': b'-- Up-to-date: /home/pavel/ws_ros2/install/px4_msgs/include/px4_msgs/px4_msgs/msg/detail/vehicle_constraints__rosidl_typesupport_introspection_cpp.hpp\n'}
[6.036435] (px4_msgs) StdoutLine: {'line': b'-- Up-to-date: /home/pavel/ws_ros2/install/px4_msgs/include/px4_msgs/px4_msgs/msg/detail/vehicle_attitude__rosidl_typesupport_introspection_cpp.hpp\n'}
[6.036487] (px4_msgs) StdoutLine: {'line': b'-- Up-to-date: /home/pavel/ws_ros2/install/px4_msgs/include/px4_msgs/px4_msgs/msg/detail/system_power__type_support.cpp\n'}
[6.036540] (px4_msgs) StdoutLine: {'line': b'-- Up-to-date: /home/pavel/ws_ros2/install/px4_msgs/include/px4_msgs/px4_msgs/msg/detail/navigator_mission_item__type_support.cpp\n'}
[6.036592] (px4_msgs) StdoutLine: {'line': b'-- Up-to-date: /home/pavel/ws_ros2/install/px4_msgs/include/px4_msgs/px4_msgs/msg/detail/vehicle_attitude_setpoint__type_support.cpp\n'}
[6.036678] (px4_msgs) StdoutLine: {'line': b'-- Up-to-date: /home/pavel/ws_ros2/install/px4_msgs/include/px4_msgs/px4_msgs/msg/detail/landing_gear__rosidl_typesupport_introspection_cpp.hpp\n'}
[6.036728] (px4_msgs) StdoutLine: {'line': b'-- Up-to-date: /home/pavel/ws_ros2/install/px4_msgs/include/px4_msgs/px4_msgs/msg/detail/rpm__rosidl_typesupport_introspection_cpp.hpp\n'}
[6.036774] (px4_msgs) StdoutLine: {'line': b'-- Up-to-date: /home/pavel/ws_ros2/install/px4_msgs/include/px4_msgs/px4_msgs/msg/detail/mount_orientation__type_support.cpp\n'}
[6.036821] (px4_msgs) StdoutLine: {'line': b'-- Up-to-date: /home/pavel/ws_ros2/install/px4_msgs/include/px4_msgs/px4_msgs/msg/detail/mag_worker_data__rosidl_typesupport_introspection_cpp.hpp\n'}
[6.036878] (px4_msgs) StdoutLine: {'line': b'-- Up-to-date: /home/pavel/ws_ros2/install/px4_msgs/include/px4_msgs/px4_msgs/msg/detail/radio_status__rosidl_typesupport_introspection_cpp.hpp\n'}
[6.036928] (px4_msgs) StdoutLine: {'line': b'-- Up-to-date: /home/pavel/ws_ros2/install/px4_msgs/include/px4_msgs/px4_msgs/msg/detail/ekf2_timestamps__type_support.cpp\n'}
[6.036988] (px4_msgs) StdoutLine: {'line': b'-- Up-to-date: /home/pavel/ws_ros2/install/px4_msgs/include/px4_msgs/px4_msgs/msg/detail/home_position__rosidl_typesupport_introspection_cpp.hpp\n'}
[6.037040] (px4_msgs) StdoutLine: {'line': b'-- Up-to-date: /home/pavel/ws_ros2/install/px4_msgs/include/px4_msgs/px4_msgs/msg/detail/iridiumsbd_status__rosidl_typesupport_introspection_cpp.hpp\n'}
[6.037088] (px4_msgs) StdoutLine: {'line': b'-- Up-to-date: /home/pavel/ws_ros2/install/px4_msgs/include/px4_msgs/px4_msgs/msg/detail/launch_detection_status__rosidl_typesupport_introspection_cpp.hpp\n'}
[6.037135] (px4_msgs) StdoutLine: {'line': b'-- Up-to-date: /home/pavel/ws_ros2/install/px4_msgs/include/px4_msgs/px4_msgs/msg/detail/vehicle_local_position__type_support.cpp\n'}
[6.037182] (px4_msgs) StdoutLine: {'line': b'-- Up-to-date: /home/pavel/ws_ros2/install/px4_msgs/include/px4_msgs/px4_msgs/msg/detail/gimbal_manager_set_attitude__rosidl_typesupport_introspection_cpp.hpp\n'}
[6.037229] (px4_msgs) StdoutLine: {'line': b'-- Up-to-date: /home/pavel/ws_ros2/install/px4_msgs/include/px4_msgs/px4_msgs/msg/detail/gimbal_manager_status__type_support.cpp\n'}
[6.037288] (px4_msgs) StdoutLine: {'line': b'-- Up-to-date: /home/pavel/ws_ros2/install/px4_msgs/include/px4_msgs/px4_msgs/msg/detail/dataman_response__type_support.cpp\n'}
[6.037333] (px4_msgs) StdoutLine: {'line': b'-- Up-to-date: /home/pavel/ws_ros2/install/px4_msgs/include/px4_msgs/px4_msgs/msg/detail/follow_target__type_support.cpp\n'}
[6.037379] (px4_msgs) StdoutLine: {'line': b'-- Up-to-date: /home/pavel/ws_ros2/install/px4_msgs/include/px4_msgs/px4_msgs/msg/detail/estimator_selector_status__type_support.cpp\n'}
[6.037425] (px4_msgs) StdoutLine: {'line': b'-- Up-to-date: /home/pavel/ws_ros2/install/px4_msgs/include/px4_msgs/px4_msgs/msg/detail/vehicle_control_mode__rosidl_typesupport_introspection_cpp.hpp\n'}
[6.037472] (px4_msgs) StdoutLine: {'line': b'-- Up-to-date: /home/pavel/ws_ros2/install/px4_msgs/include/px4_msgs/px4_msgs/msg/detail/sensor_hygrometer__type_support.cpp\n'}
[6.037523] (px4_msgs) StdoutLine: {'line': b'-- Up-to-date: /home/pavel/ws_ros2/install/px4_msgs/include/px4_msgs/px4_msgs/msg/detail/logger_status__rosidl_typesupport_introspection_cpp.hpp\n'}
[6.037574] (px4_msgs) StdoutLine: {'line': b'-- Up-to-date: /home/pavel/ws_ros2/install/px4_msgs/include/px4_msgs/px4_msgs/msg/detail/generator_status__type_support.cpp\n'}
[6.037624] (px4_msgs) StdoutLine: {'line': b'-- Up-to-date: /home/pavel/ws_ros2/install/px4_msgs/include/px4_msgs/px4_msgs/msg/detail/tune_control__rosidl_typesupport_introspection_cpp.hpp\n'}
[6.037675] (px4_msgs) StdoutLine: {'line': b'-- Up-to-date: /home/pavel/ws_ros2/install/px4_msgs/include/px4_msgs/px4_msgs/msg/detail/estimator_status__type_support.cpp\n'}
[6.037726] (px4_msgs) StdoutLine: {'line': b'-- Up-to-date: /home/pavel/ws_ros2/install/px4_msgs/include/px4_msgs/px4_msgs/msg/detail/task_stack_info__type_support.cpp\n'}
[6.037776] (px4_msgs) StdoutLine: {'line': b'-- Up-to-date: /home/pavel/ws_ros2/install/px4_msgs/include/px4_msgs/px4_msgs/msg/detail/qshell_retval__rosidl_typesupport_introspection_cpp.hpp\n'}
[6.037856] (px4_msgs) StdoutLine: {'line': b'-- Up-to-date: /home/pavel/ws_ros2/install/px4_msgs/include/px4_msgs/px4_msgs/msg/detail/telemetry_status__type_support.cpp\n'}
[6.037910] (px4_msgs) StdoutLine: {'line': b'-- Up-to-date: /home/pavel/ws_ros2/install/px4_msgs/include/px4_msgs/px4_msgs/msg/detail/led_control__rosidl_typesupport_introspection_cpp.hpp\n'}
[6.037956] (px4_msgs) StdoutLine: {'line': b'-- Up-to-date: /home/pavel/ws_ros2/install/px4_msgs/include/px4_msgs/px4_msgs/msg/detail/position_controller_landing_status__rosidl_typesupport_introspection_cpp.hpp\n'}
[6.038007] (px4_msgs) StdoutLine: {'line': b'-- Up-to-date: /home/pavel/ws_ros2/install/px4_msgs/include/px4_msgs/px4_msgs/msg/detail/follow_target_estimator__type_support.cpp\n'}
[6.038057] (px4_msgs) StdoutLine: {'line': b'-- Up-to-date: /home/pavel/ws_ros2/install/px4_msgs/include/px4_msgs/px4_msgs/msg/detail/sensors_status__type_support.cpp\n'}
[6.038121] (px4_msgs) StdoutLine: {'line': b'-- Up-to-date: /home/pavel/ws_ros2/install/px4_msgs/include/px4_msgs/px4_msgs/msg/detail/debug_value__type_support.cpp\n'}
[6.038172] (px4_msgs) StdoutLine: {'line': b'-- Up-to-date: /home/pavel/ws_ros2/install/px4_msgs/include/px4_msgs/px4_msgs/msg/detail/gimbal_device_information__rosidl_typesupport_introspection_cpp.hpp\n'}
[6.038218] (px4_msgs) StdoutLine: {'line': b'-- Up-to-date: /home/pavel/ws_ros2/install/px4_msgs/include/px4_msgs/px4_msgs/msg/detail/fuel_tank_status__rosidl_typesupport_introspection_cpp.hpp\n'}
[6.038263] (px4_msgs) StdoutLine: {'line': b'-- Up-to-date: /home/pavel/ws_ros2/install/px4_msgs/include/px4_msgs/px4_msgs/msg/detail/vehicle_imu_status__type_support.cpp\n'}
[6.038312] (px4_msgs) StdoutLine: {'line': b'-- Up-to-date: /home/pavel/ws_ros2/install/px4_msgs/include/px4_msgs/px4_msgs/msg/detail/vehicle_thrust_setpoint__type_support.cpp\n'}
[6.038363] (px4_msgs) StdoutLine: {'line': b'-- Up-to-date: /home/pavel/ws_ros2/install/px4_msgs/include/px4_msgs/px4_msgs/msg/detail/sensor_gyro_fft__type_support.cpp\n'}
[6.038413] (px4_msgs) StdoutLine: {'line': b'-- Up-to-date: /home/pavel/ws_ros2/install/px4_msgs/include/px4_msgs/px4_msgs/msg/detail/debug_key_value__rosidl_typesupport_introspection_cpp.hpp\n'}
[6.038463] (px4_msgs) StdoutLine: {'line': b'-- Up-to-date: /home/pavel/ws_ros2/install/px4_msgs/include/px4_msgs/px4_msgs/msg/detail/vehicle_trajectory_waypoint__rosidl_typesupport_introspection_cpp.hpp\n'}
[6.038514] (px4_msgs) StdoutLine: {'line': b'-- Up-to-date: /home/pavel/ws_ros2/install/px4_msgs/include/px4_msgs/px4_msgs/msg/detail/failure_detector_status__rosidl_typesupport_introspection_cpp.hpp\n'}
[6.038564] (px4_msgs) StdoutLine: {'line': b'-- Up-to-date: /home/pavel/ws_ros2/install/px4_msgs/include/px4_msgs/px4_msgs/msg/detail/dataman_request__type_support.cpp\n'}
[6.038615] (px4_msgs) StdoutLine: {'line': b'-- Up-to-date: /home/pavel/ws_ros2/install/px4_msgs/include/px4_msgs/px4_msgs/msg/detail/buffer128__rosidl_typesupport_introspection_cpp.hpp\n'}
[6.038666] (px4_msgs) StdoutLine: {'line': b'-- Up-to-date: /home/pavel/ws_ros2/install/px4_msgs/include/px4_msgs/px4_msgs/msg/detail/register_ext_component_request__type_support.cpp\n'}
[6.038717] (px4_msgs) StdoutLine: {'line': b'-- Up-to-date: /home/pavel/ws_ros2/install/px4_msgs/include/px4_msgs/px4_msgs/msg/detail/px4io_status__rosidl_typesupport_introspection_cpp.hpp\n'}
[6.038768] (px4_msgs) StdoutLine: {'line': b'-- Up-to-date: /home/pavel/ws_ros2/install/px4_msgs/include/px4_msgs/px4_msgs/msg/detail/camera_status__rosidl_typesupport_introspection_cpp.hpp\n'}
[6.038819] (px4_msgs) StdoutLine: {'line': b'-- Up-to-date: /home/pavel/ws_ros2/install/px4_msgs/include/px4_msgs/px4_msgs/msg/detail/sensor_hygrometer__rosidl_typesupport_introspection_cpp.hpp\n'}
[6.038894] (px4_msgs) StdoutLine: {'line': b'-- Up-to-date: /home/pavel/ws_ros2/install/px4_msgs/include/px4_msgs/px4_msgs/msg/detail/pwm_input__rosidl_typesupport_introspection_cpp.hpp\n'}
[6.038944] (px4_msgs) StdoutLine: {'line': b'-- Up-to-date: /home/pavel/ws_ros2/install/px4_msgs/lib/libpx4_msgs__rosidl_typesupport_introspection_cpp.so\n'}
[6.038990] (px4_msgs) StdoutLine: {'line': b'-- Up-to-date: /home/pavel/ws_ros2/install/px4_msgs/lib/libpx4_msgs__rosidl_typesupport_cpp.so\n'}
[6.039040] (px4_msgs) StdoutLine: {'line': b'-- Up-to-date: /home/pavel/ws_ros2/install/px4_msgs/share/px4_msgs/environment/pythonpath.sh\n'}
[6.039091] (px4_msgs) StdoutLine: {'line': b'-- Up-to-date: /home/pavel/ws_ros2/install/px4_msgs/share/px4_msgs/environment/pythonpath.dsv\n'}
[6.039141] (px4_msgs) StdoutLine: {'line': b'-- Up-to-date: /home/pavel/ws_ros2/install/px4_msgs/local/lib/python3.10/dist-packages/px4_msgs-2.0.1-py3.10.egg-info\n'}
[6.039192] (px4_msgs) StdoutLine: {'line': b'-- Installing: /home/pavel/ws_ros2/install/px4_msgs/local/lib/python3.10/dist-packages/px4_msgs-2.0.1-py3.10.egg-info/dependency_links.txt\n'}
[6.039243] (px4_msgs) StdoutLine: {'line': b'-- Installing: /home/pavel/ws_ros2/install/px4_msgs/local/lib/python3.10/dist-packages/px4_msgs-2.0.1-py3.10.egg-info/PKG-INFO\n'}
[6.039310] (px4_msgs) StdoutLine: {'line': b'-- Installing: /home/pavel/ws_ros2/install/px4_msgs/local/lib/python3.10/dist-packages/px4_msgs-2.0.1-py3.10.egg-info/top_level.txt\n'}
[6.039357] (px4_msgs) StdoutLine: {'line': b'-- Installing: /home/pavel/ws_ros2/install/px4_msgs/local/lib/python3.10/dist-packages/px4_msgs-2.0.1-py3.10.egg-info/SOURCES.txt\n'}
[6.039402] (px4_msgs) StdoutLine: {'line': b'-- Up-to-date: /home/pavel/ws_ros2/install/px4_msgs/local/lib/python3.10/dist-packages/px4_msgs\n'}
[6.039454] (px4_msgs) StdoutLine: {'line': b'-- Up-to-date: /home/pavel/ws_ros2/install/px4_msgs/local/lib/python3.10/dist-packages/px4_msgs/_px4_msgs_s.ep.rosidl_typesupport_introspection_c.c\n'}
[6.039501] (px4_msgs) StdoutLine: {'line': b'-- Up-to-date: /home/pavel/ws_ros2/install/px4_msgs/local/lib/python3.10/dist-packages/px4_msgs/__init__.py\n'}
[6.039547] (px4_msgs) StdoutLine: {'line': b'-- Up-to-date: /home/pavel/ws_ros2/install/px4_msgs/local/lib/python3.10/dist-packages/px4_msgs/px4_msgs_s__rosidl_typesupport_fastrtps_c.cpython-310-x86_64-linux-gnu.so\n'}
[6.039610] (px4_msgs) StdoutLine: {'line': b'-- Up-to-date: /home/pavel/ws_ros2/install/px4_msgs/local/lib/python3.10/dist-packages/px4_msgs/_px4_msgs_s.ep.rosidl_typesupport_fastrtps_c.c\n'}
[6.039658] (px4_msgs) StdoutLine: {'line': b'-- Up-to-date: /home/pavel/ws_ros2/install/px4_msgs/local/lib/python3.10/dist-packages/px4_msgs/libpx4_msgs__rosidl_generator_py.so\n'}
[6.039705] (px4_msgs) StdoutLine: {'line': b'-- Up-to-date: /home/pavel/ws_ros2/install/px4_msgs/local/lib/python3.10/dist-packages/px4_msgs/srv\n'}
[6.039751] (px4_msgs) StdoutLine: {'line': b'-- Up-to-date: /home/pavel/ws_ros2/install/px4_msgs/local/lib/python3.10/dist-packages/px4_msgs/srv/_vehicle_command_s.c\n'}
[6.039797] (px4_msgs) StdoutLine: {'line': b'-- Up-to-date: /home/pavel/ws_ros2/install/px4_msgs/local/lib/python3.10/dist-packages/px4_msgs/srv/__init__.py\n'}
[6.039843] (px4_msgs) StdoutLine: {'line': b'-- Up-to-date: /home/pavel/ws_ros2/install/px4_msgs/local/lib/python3.10/dist-packages/px4_msgs/srv/_vehicle_command.py\n'}
[6.039901] (px4_msgs) StdoutLine: {'line': b'-- Up-to-date: /home/pavel/ws_ros2/install/px4_msgs/local/lib/python3.10/dist-packages/px4_msgs/msg\n'}
[6.039948] (px4_msgs) StdoutLine: {'line': b'-- Up-to-date: /home/pavel/ws_ros2/install/px4_msgs/local/lib/python3.10/dist-packages/px4_msgs/msg/_vehicle_angular_acceleration_setpoint.py\n'}
[6.039994] (px4_msgs) StdoutLine: {'line': b'-- Up-to-date: /home/pavel/ws_ros2/install/px4_msgs/local/lib/python3.10/dist-packages/px4_msgs/msg/_control_allocator_status_s.c\n'}
[6.040044] (px4_msgs) StdoutLine: {'line': b'-- Up-to-date: /home/pavel/ws_ros2/install/px4_msgs/local/lib/python3.10/dist-packages/px4_msgs/msg/_rover_ackermann_guidance_status.py\n'}
[6.040095] (px4_msgs) StdoutLine: {'line': b'-- Up-to-date: /home/pavel/ws_ros2/install/px4_msgs/local/lib/python3.10/dist-packages/px4_msgs/msg/_offboard_control_mode.py\n'}
[6.040146] (px4_msgs) StdoutLine: {'line': b'-- Up-to-date: /home/pavel/ws_ros2/install/px4_msgs/local/lib/python3.10/dist-packages/px4_msgs/msg/_rtl_status_s.c\n'}
[6.040203] (px4_msgs) StdoutLine: {'line': b'-- Up-to-date: /home/pavel/ws_ros2/install/px4_msgs/local/lib/python3.10/dist-packages/px4_msgs/msg/_launch_detection_status_s.c\n'}
[6.040255] (px4_msgs) StdoutLine: {'line': b'-- Up-to-date: /home/pavel/ws_ros2/install/px4_msgs/local/lib/python3.10/dist-packages/px4_msgs/msg/_wind.py\n'}
[6.040322] (px4_msgs) StdoutLine: {'line': b'-- Up-to-date: /home/pavel/ws_ros2/install/px4_msgs/local/lib/python3.10/dist-packages/px4_msgs/msg/_npfg_status_s.c\n'}
[6.040373] (px4_msgs) StdoutLine: {'line': b'-- Up-to-date: /home/pavel/ws_ros2/install/px4_msgs/local/lib/python3.10/dist-packages/px4_msgs/msg/_action_request_s.c\n'}
[6.040425] (px4_msgs) StdoutLine: {'line': b'-- Up-to-date: /home/pavel/ws_ros2/install/px4_msgs/local/lib/python3.10/dist-packages/px4_msgs/msg/_logger_status_s.c\n'}
[6.040477] (px4_msgs) StdoutLine: {'line': b'-- Up-to-date: /home/pavel/ws_ros2/install/px4_msgs/local/lib/python3.10/dist-packages/px4_msgs/msg/_dataman_request.py\n'}
[6.040548] (px4_msgs) StdoutLine: {'line': b'-- Up-to-date: /home/pavel/ws_ros2/install/px4_msgs/local/lib/python3.10/dist-packages/px4_msgs/msg/_pwm_input_s.c\n'}
[6.040600] (px4_msgs) StdoutLine: {'line': b'-- Up-to-date: /home/pavel/ws_ros2/install/px4_msgs/local/lib/python3.10/dist-packages/px4_msgs/msg/_follow_target_s.c\n'}
[6.040652] (px4_msgs) StdoutLine: {'line': b'-- Up-to-date: /home/pavel/ws_ros2/install/px4_msgs/local/lib/python3.10/dist-packages/px4_msgs/msg/_rover_ackermann_guidance_status_s.c\n'}
[6.040704] (px4_msgs) StdoutLine: {'line': b'-- Up-to-date: /home/pavel/ws_ros2/install/px4_msgs/local/lib/python3.10/dist-packages/px4_msgs/msg/_tecs_status_s.c\n'}
[6.040756] (px4_msgs) StdoutLine: {'line': b'-- Up-to-date: /home/pavel/ws_ros2/install/px4_msgs/local/lib/python3.10/dist-packages/px4_msgs/msg/_power_monitor.py\n'}
[6.040807] (px4_msgs) StdoutLine: {'line': b'-- Up-to-date: /home/pavel/ws_ros2/install/px4_msgs/local/lib/python3.10/dist-packages/px4_msgs/msg/_differential_pressure_s.c\n'}
[6.040878] (px4_msgs) StdoutLine: {'line': b'-- Up-to-date: /home/pavel/ws_ros2/install/px4_msgs/local/lib/python3.10/dist-packages/px4_msgs/msg/_estimator_event_flags.py\n'}
[6.040945] (px4_msgs) StdoutLine: {'line': b'-- Up-to-date: /home/pavel/ws_ros2/install/px4_msgs/local/lib/python3.10/dist-packages/px4_msgs/msg/_estimator_bias.py\n'}
[6.040993] (px4_msgs) StdoutLine: {'line': b'-- Up-to-date: /home/pavel/ws_ros2/install/px4_msgs/local/lib/python3.10/dist-packages/px4_msgs/msg/_sensor_gyro_fifo.py\n'}
[6.041041] (px4_msgs) StdoutLine: {'line': b'-- Up-to-date: /home/pavel/ws_ros2/install/px4_msgs/local/lib/python3.10/dist-packages/px4_msgs/msg/_follow_target.py\n'}
[6.041089] (px4_msgs) StdoutLine: {'line': b'-- Up-to-date: /home/pavel/ws_ros2/install/px4_msgs/local/lib/python3.10/dist-packages/px4_msgs/msg/_vehicle_constraints_s.c\n'}
[6.041136] (px4_msgs) StdoutLine: {'line': b'-- Up-to-date: /home/pavel/ws_ros2/install/px4_msgs/local/lib/python3.10/dist-packages/px4_msgs/msg/_sensor_uwb.py\n'}
[6.041183] (px4_msgs) StdoutLine: {'line': b'-- Up-to-date: /home/pavel/ws_ros2/install/px4_msgs/local/lib/python3.10/dist-packages/px4_msgs/msg/_arming_check_reply_s.c\n'}
[6.041237] (px4_msgs) StdoutLine: {'line': b'-- Up-to-date: /home/pavel/ws_ros2/install/px4_msgs/local/lib/python3.10/dist-packages/px4_msgs/msg/_estimator_states_s.c\n'}
[6.041288] (px4_msgs) StdoutLine: {'line': b'-- Up-to-date: /home/pavel/ws_ros2/install/px4_msgs/local/lib/python3.10/dist-packages/px4_msgs/msg/_gripper.py\n'}
[6.041336] (px4_msgs) StdoutLine: {'line': b'-- Up-to-date: /home/pavel/ws_ros2/install/px4_msgs/local/lib/python3.10/dist-packages/px4_msgs/msg/_gimbal_device_information.py\n'}
[6.041387] (px4_msgs) StdoutLine: {'line': b'-- Up-to-date: /home/pavel/ws_ros2/install/px4_msgs/local/lib/python3.10/dist-packages/px4_msgs/msg/_orbit_status_s.c\n'}
[6.041438] (px4_msgs) StdoutLine: {'line': b'-- Up-to-date: /home/pavel/ws_ros2/install/px4_msgs/local/lib/python3.10/dist-packages/px4_msgs/msg/_trajectory_waypoint.py\n'}
[6.041490] (px4_msgs) StdoutLine: {'line': b'-- Up-to-date: /home/pavel/ws_ros2/install/px4_msgs/local/lib/python3.10/dist-packages/px4_msgs/msg/_estimator_status_flags.py\n'}
[6.041541] (px4_msgs) StdoutLine: {'line': b'-- Up-to-date: /home/pavel/ws_ros2/install/px4_msgs/local/lib/python3.10/dist-packages/px4_msgs/msg/_vehicle_global_position.py\n'}
[6.041593] (px4_msgs) StdoutLine: {'line': b'-- Up-to-date: /home/pavel/ws_ros2/install/px4_msgs/local/lib/python3.10/dist-packages/px4_msgs/msg/_can_interface_status_s.c\n'}
[6.041644] (px4_msgs) StdoutLine: {'line': b'-- Up-to-date: /home/pavel/ws_ros2/install/px4_msgs/local/lib/python3.10/dist-packages/px4_msgs/msg/_parameter_update_s.c\n'}
[6.041695] (px4_msgs) StdoutLine: {'line': b'-- Up-to-date: /home/pavel/ws_ros2/install/px4_msgs/local/lib/python3.10/dist-packages/px4_msgs/msg/_geofence_result_s.c\n'}
[6.041747] (px4_msgs) StdoutLine: {'line': b'-- Up-to-date: /home/pavel/ws_ros2/install/px4_msgs/local/lib/python3.10/dist-packages/px4_msgs/msg/_transponder_report.py\n'}
[6.041816] (px4_msgs) StdoutLine: {'line': b'-- Up-to-date: /home/pavel/ws_ros2/install/px4_msgs/local/lib/python3.10/dist-packages/px4_msgs/msg/_vehicle_optical_flow.py\n'}
[6.041871] (px4_msgs) StdoutLine: {'line': b'-- Up-to-date: /home/pavel/ws_ros2/install/px4_msgs/local/lib/python3.10/dist-packages/px4_msgs/msg/_navigator_mission_item_s.c\n'}
[6.041939] (px4_msgs) StdoutLine: {'line': b'-- Up-to-date: /home/pavel/ws_ros2/install/px4_msgs/local/lib/python3.10/dist-packages/px4_msgs/msg/_action_request.py\n'}
[6.041987] (px4_msgs) StdoutLine: {'line': b'-- Up-to-date: /home/pavel/ws_ros2/install/px4_msgs/local/lib/python3.10/dist-packages/px4_msgs/msg/_gimbal_manager_status.py\n'}
[6.042034] (px4_msgs) StdoutLine: {'line': b'-- Up-to-date: /home/pavel/ws_ros2/install/px4_msgs/local/lib/python3.10/dist-packages/px4_msgs/msg/_ekf2_timestamps.py\n'}
[6.042080] (px4_msgs) StdoutLine: {'line': b'-- Up-to-date: /home/pavel/ws_ros2/install/px4_msgs/local/lib/python3.10/dist-packages/px4_msgs/msg/_actuator_test.py\n'}
[6.042128] (px4_msgs) StdoutLine: {'line': b'-- Up-to-date: /home/pavel/ws_ros2/install/px4_msgs/local/lib/python3.10/dist-packages/px4_msgs/msg/_can_interface_status.py\n'}
[6.042175] (px4_msgs) StdoutLine: {'line': b'-- Up-to-date: /home/pavel/ws_ros2/install/px4_msgs/local/lib/python3.10/dist-packages/px4_msgs/msg/_generator_status.py\n'}
[6.042222] (px4_msgs) StdoutLine: {'line': b'-- Up-to-date: /home/pavel/ws_ros2/install/px4_msgs/local/lib/python3.10/dist-packages/px4_msgs/msg/_parameter_set_used_request.py\n'}
[6.042273] (px4_msgs) StdoutLine: {'line': b'-- Up-to-date: /home/pavel/ws_ros2/install/px4_msgs/local/lib/python3.10/dist-packages/px4_msgs/msg/_mag_worker_data_s.c\n'}
[6.042326] (px4_msgs) StdoutLine: {'line': b'-- Up-to-date: /home/pavel/ws_ros2/install/px4_msgs/local/lib/python3.10/dist-packages/px4_msgs/msg/_health_report.py\n'}
[6.042378] (px4_msgs) StdoutLine: {'line': b'-- Up-to-date: /home/pavel/ws_ros2/install/px4_msgs/local/lib/python3.10/dist-packages/px4_msgs/msg/_vehicle_command_s.c\n'}
[6.042430] (px4_msgs) StdoutLine: {'line': b'-- Up-to-date: /home/pavel/ws_ros2/install/px4_msgs/local/lib/python3.10/dist-packages/px4_msgs/msg/_vehicle_optical_flow_vel_s.c\n'}
[6.042481] (px4_msgs) StdoutLine: {'line': b'-- Up-to-date: /home/pavel/ws_ros2/install/px4_msgs/local/lib/python3.10/dist-packages/px4_msgs/msg/_estimator_event_flags_s.c\n'}
[6.042533] (px4_msgs) StdoutLine: {'line': b'-- Up-to-date: /home/pavel/ws_ros2/install/px4_msgs/local/lib/python3.10/dist-packages/px4_msgs/msg/_gpio_config_s.c\n'}
[6.042585] (px4_msgs) StdoutLine: {'line': b'-- Up-to-date: /home/pavel/ws_ros2/install/px4_msgs/local/lib/python3.10/dist-packages/px4_msgs/msg/_fuel_tank_status.py\n'}
[6.042637] (px4_msgs) StdoutLine: {'line': b'-- Up-to-date: /home/pavel/ws_ros2/install/px4_msgs/local/lib/python3.10/dist-packages/px4_msgs/msg/_parameter_set_value_response_s.c\n'}
[6.042689] (px4_msgs) StdoutLine: {'line': b'-- Up-to-date: /home/pavel/ws_ros2/install/px4_msgs/local/lib/python3.10/dist-packages/px4_msgs/msg/_parameter_set_used_request_s.c\n'}
[6.042741] (px4_msgs) StdoutLine: {'line': b'-- Up-to-date: /home/pavel/ws_ros2/install/px4_msgs/local/lib/python3.10/dist-packages/px4_msgs/msg/_sensor_gyro.py\n'}
[6.042792] (px4_msgs) StdoutLine: {'line': b'-- Up-to-date: /home/pavel/ws_ros2/install/px4_msgs/local/lib/python3.10/dist-packages/px4_msgs/msg/_actuator_motors_s.c\n'}
[6.042849] (px4_msgs) StdoutLine: {'line': b'-- Up-to-date: /home/pavel/ws_ros2/install/px4_msgs/local/lib/python3.10/dist-packages/px4_msgs/msg/_satellite_info_s.c\n'}
[6.042925] (px4_msgs) StdoutLine: {'line': b'-- Up-to-date: /home/pavel/ws_ros2/install/px4_msgs/local/lib/python3.10/dist-packages/px4_msgs/msg/_buffer128_s.c\n'}
[6.042991] (px4_msgs) StdoutLine: {'line': b'-- Up-to-date: /home/pavel/ws_ros2/install/px4_msgs/local/lib/python3.10/dist-packages/px4_msgs/msg/_vehicle_roi_s.c\n'}
[6.043039] (px4_msgs) StdoutLine: {'line': b'-- Up-to-date: /home/pavel/ws_ros2/install/px4_msgs/local/lib/python3.10/dist-packages/px4_msgs/msg/_vehicle_optical_flow_s.c\n'}
[6.043092] (px4_msgs) StdoutLine: {'line': b'-- Up-to-date: /home/pavel/ws_ros2/install/px4_msgs/local/lib/python3.10/dist-packages/px4_msgs/msg/_sensor_correction.py\n'}
[6.043138] (px4_msgs) StdoutLine: {'line': b'-- Up-to-date: /home/pavel/ws_ros2/install/px4_msgs/local/lib/python3.10/dist-packages/px4_msgs/msg/_gimbal_device_attitude_status.py\n'}
[6.043186] (px4_msgs) StdoutLine: {'line': b'-- Up-to-date: /home/pavel/ws_ros2/install/px4_msgs/local/lib/python3.10/dist-packages/px4_msgs/msg/_vehicle_angular_velocity.py\n'}
[6.043233] (px4_msgs) StdoutLine: {'line': b'-- Up-to-date: /home/pavel/ws_ros2/install/px4_msgs/local/lib/python3.10/dist-packages/px4_msgs/msg/_sensors_status_s.c\n'}
[6.043298] (px4_msgs) StdoutLine: {'line': b'-- Up-to-date: /home/pavel/ws_ros2/install/px4_msgs/local/lib/python3.10/dist-packages/px4_msgs/msg/_estimator_innovations.py\n'}
[6.043351] (px4_msgs) StdoutLine: {'line': b'-- Up-to-date: /home/pavel/ws_ros2/install/px4_msgs/local/lib/python3.10/dist-packages/px4_msgs/msg/_geofence_status_s.c\n'}
[6.043405] (px4_msgs) StdoutLine: {'line': b'-- Up-to-date: /home/pavel/ws_ros2/install/px4_msgs/local/lib/python3.10/dist-packages/px4_msgs/msg/_sensor_gyro_fft_s.c\n'}
[6.043459] (px4_msgs) StdoutLine: {'line': b'-- Up-to-date: /home/pavel/ws_ros2/install/px4_msgs/local/lib/python3.10/dist-packages/px4_msgs/msg/_debug_array_s.c\n'}
[6.043512] (px4_msgs) StdoutLine: {'line': b'-- Up-to-date: /home/pavel/ws_ros2/install/px4_msgs/local/lib/python3.10/dist-packages/px4_msgs/msg/_event_s.c\n'}
[6.043566] (px4_msgs) StdoutLine: {'line': b'-- Up-to-date: /home/pavel/ws_ros2/install/px4_msgs/local/lib/python3.10/dist-packages/px4_msgs/msg/_qshell_retval.py\n'}
[6.043620] (px4_msgs) StdoutLine: {'line': b'-- Up-to-date: /home/pavel/ws_ros2/install/px4_msgs/local/lib/python3.10/dist-packages/px4_msgs/msg/_cpuload.py\n'}
[6.043673] (px4_msgs) StdoutLine: {'line': b'-- Up-to-date: /home/pavel/ws_ros2/install/px4_msgs/local/lib/python3.10/dist-packages/px4_msgs/msg/_actuator_servos.py\n'}
[6.043726] (px4_msgs) StdoutLine: {'line': b'-- Up-to-date: /home/pavel/ws_ros2/install/px4_msgs/local/lib/python3.10/dist-packages/px4_msgs/msg/_vehicle_attitude.py\n'}
[6.043780] (px4_msgs) StdoutLine: {'line': b'-- Up-to-date: /home/pavel/ws_ros2/install/px4_msgs/local/lib/python3.10/dist-packages/px4_msgs/msg/_position_controller_landing_status.py\n'}
[6.043833] (px4_msgs) StdoutLine: {'line': b'-- Up-to-date: /home/pavel/ws_ros2/install/px4_msgs/local/lib/python3.10/dist-packages/px4_msgs/msg/_register_ext_component_reply_s.c\n'}
[6.043915] (px4_msgs) StdoutLine: {'line': b'-- Up-to-date: /home/pavel/ws_ros2/install/px4_msgs/local/lib/python3.10/dist-packages/px4_msgs/msg/__init__.py\n'}
[6.043967] (px4_msgs) StdoutLine: {'line': b'-- Up-to-date: /home/pavel/ws_ros2/install/px4_msgs/local/lib/python3.10/dist-packages/px4_msgs/msg/_landing_gear_wheel_s.c\n'}
[6.044015] (px4_msgs) StdoutLine: {'line': b'-- Up-to-date: /home/pavel/ws_ros2/install/px4_msgs/local/lib/python3.10/dist-packages/px4_msgs/msg/_mavlink_tunnel.py\n'}
[6.044062] (px4_msgs) StdoutLine: {'line': b'-- Up-to-date: /home/pavel/ws_ros2/install/px4_msgs/local/lib/python3.10/dist-packages/px4_msgs/msg/_position_setpoint_triplet.py\n'}
[6.044112] (px4_msgs) StdoutLine: {'line': b'-- Up-to-date: /home/pavel/ws_ros2/install/px4_msgs/local/lib/python3.10/dist-packages/px4_msgs/msg/_pps_capture.py\n'}
[6.044165] (px4_msgs) StdoutLine: {'line': b'-- Up-to-date: /home/pavel/ws_ros2/install/px4_msgs/local/lib/python3.10/dist-packages/px4_msgs/msg/_position_controller_status_s.c\n'}
[6.044218] (px4_msgs) StdoutLine: {'line': b'-- Up-to-date: /home/pavel/ws_ros2/install/px4_msgs/local/lib/python3.10/dist-packages/px4_msgs/msg/_vehicle_attitude_setpoint.py\n'}
[6.044271] (px4_msgs) StdoutLine: {'line': b'-- Up-to-date: /home/pavel/ws_ros2/install/px4_msgs/local/lib/python3.10/dist-packages/px4_msgs/msg/_actuator_test_s.c\n'}
[6.044337] (px4_msgs) StdoutLine: {'line': b'-- Up-to-date: /home/pavel/ws_ros2/install/px4_msgs/local/lib/python3.10/dist-packages/px4_msgs/msg/_cellular_status_s.c\n'}
[6.044401] (px4_msgs) StdoutLine: {'line': b'-- Up-to-date: /home/pavel/ws_ros2/install/px4_msgs/local/lib/python3.10/dist-packages/px4_msgs/msg/_led_control_s.c\n'}
[6.044448] (px4_msgs) StdoutLine: {'line': b'-- Up-to-date: /home/pavel/ws_ros2/install/px4_msgs/local/lib/python3.10/dist-packages/px4_msgs/msg/_vtol_vehicle_status.py\n'}
[6.044495] (px4_msgs) StdoutLine: {'line': b'-- Up-to-date: /home/pavel/ws_ros2/install/px4_msgs/local/lib/python3.10/dist-packages/px4_msgs/msg/_tiltrotor_extra_controls.py\n'}
[6.044542] (px4_msgs) StdoutLine: {'line': b'-- Up-to-date: /home/pavel/ws_ros2/install/px4_msgs/local/lib/python3.10/dist-packages/px4_msgs/msg/_vehicle_acceleration.py\n'}
[6.044602] (px4_msgs) StdoutLine: {'line': b'-- Up-to-date: /home/pavel/ws_ros2/install/px4_msgs/local/lib/python3.10/dist-packages/px4_msgs/msg/_onboard_computer_status_s.c\n'}
[6.044652] (px4_msgs) StdoutLine: {'line': b'-- Up-to-date: /home/pavel/ws_ros2/install/px4_msgs/local/lib/python3.10/dist-packages/px4_msgs/msg/_position_controller_landing_status_s.c\n'}
[6.044703] (px4_msgs) StdoutLine: {'line': b'-- Up-to-date: /home/pavel/ws_ros2/install/px4_msgs/local/lib/python3.10/dist-packages/px4_msgs/msg/_failure_detector_status.py\n'}
[6.044771] (px4_msgs) StdoutLine: {'line': b'-- Up-to-date: /home/pavel/ws_ros2/install/px4_msgs/local/lib/python3.10/dist-packages/px4_msgs/msg/_unregister_ext_component_s.c\n'}
[6.044819] (px4_msgs) StdoutLine: {'line': b'-- Up-to-date: /home/pavel/ws_ros2/install/px4_msgs/local/lib/python3.10/dist-packages/px4_msgs/msg/_message_format_response_s.c\n'}
[6.044876] (px4_msgs) StdoutLine: {'line': b'-- Up-to-date: /home/pavel/ws_ros2/install/px4_msgs/local/lib/python3.10/dist-packages/px4_msgs/msg/_control_allocator_status.py\n'}
[6.044928] (px4_msgs) StdoutLine: {'line': b'-- Up-to-date: /home/pavel/ws_ros2/install/px4_msgs/local/lib/python3.10/dist-packages/px4_msgs/msg/_airspeed_s.c\n'}
[6.044975] (px4_msgs) StdoutLine: {'line': b'-- Up-to-date: /home/pavel/ws_ros2/install/px4_msgs/local/lib/python3.10/dist-packages/px4_msgs/msg/_sensor_combined.py\n'}
[6.045023] (px4_msgs) StdoutLine: {'line': b'-- Up-to-date: /home/pavel/ws_ros2/install/px4_msgs/local/lib/python3.10/dist-packages/px4_msgs/msg/_camera_capture.py\n'}
[6.045070] (px4_msgs) StdoutLine: {'line': b'-- Up-to-date: /home/pavel/ws_ros2/install/px4_msgs/local/lib/python3.10/dist-packages/px4_msgs/msg/_manual_control_switches_s.c\n'}
[6.045117] (px4_msgs) StdoutLine: {'line': b'-- Up-to-date: /home/pavel/ws_ros2/install/px4_msgs/local/lib/python3.10/dist-packages/px4_msgs/msg/_obstacle_distance.py\n'}
[6.045164] (px4_msgs) StdoutLine: {'line': b'-- Up-to-date: /home/pavel/ws_ros2/install/px4_msgs/local/lib/python3.10/dist-packages/px4_msgs/msg/_orb_test_s.c\n'}
[6.045210] (px4_msgs) StdoutLine: {'line': b'-- Up-to-date: /home/pavel/ws_ros2/install/px4_msgs/local/lib/python3.10/dist-packages/px4_msgs/msg/_debug_value_s.c\n'}
[6.045279] (px4_msgs) StdoutLine: {'line': b'-- Up-to-date: /home/pavel/ws_ros2/install/px4_msgs/local/lib/python3.10/dist-packages/px4_msgs/msg/_debug_vect_s.c\n'}
[6.045340] (px4_msgs) StdoutLine: {'line': b'-- Up-to-date: /home/pavel/ws_ros2/install/px4_msgs/local/lib/python3.10/dist-packages/px4_msgs/msg/_differential_drive_setpoint_s.c\n'}
[6.045388] (px4_msgs) StdoutLine: {'line': b'-- Up-to-date: /home/pavel/ws_ros2/install/px4_msgs/local/lib/python3.10/dist-packages/px4_msgs/msg/_gimbal_device_attitude_status_s.c\n'}
[6.045435] (px4_msgs) StdoutLine: {'line': b'-- Up-to-date: /home/pavel/ws_ros2/install/px4_msgs/local/lib/python3.10/dist-packages/px4_msgs/msg/_gpio_in_s.c\n'}
[6.045483] (px4_msgs) StdoutLine: {'line': b'-- Up-to-date: /home/pavel/ws_ros2/install/px4_msgs/local/lib/python3.10/dist-packages/px4_msgs/msg/_actuator_controls_status_s.c\n'}
[6.045530] (px4_msgs) StdoutLine: {'line': b'-- Up-to-date: /home/pavel/ws_ros2/install/px4_msgs/local/lib/python3.10/dist-packages/px4_msgs/msg/_vehicle_thrust_setpoint_s.c\n'}
[6.045586] (px4_msgs) StdoutLine: {'line': b'-- Up-to-date: /home/pavel/ws_ros2/install/px4_msgs/local/lib/python3.10/dist-packages/px4_msgs/msg/_uavcan_parameter_request_s.c\n'}
[6.045634] (px4_msgs) StdoutLine: {'line': b'-- Up-to-date: /home/pavel/ws_ros2/install/px4_msgs/local/lib/python3.10/dist-packages/px4_msgs/msg/_gimbal_manager_status_s.c\n'}
[6.045682] (px4_msgs) StdoutLine: {'line': b'-- Up-to-date: /home/pavel/ws_ros2/install/px4_msgs/local/lib/python3.10/dist-packages/px4_msgs/msg/_landing_gear_wheel.py\n'}
[6.045735] (px4_msgs) StdoutLine: {'line': b'-- Up-to-date: /home/pavel/ws_ros2/install/px4_msgs/local/lib/python3.10/dist-packages/px4_msgs/msg/_qshell_req_s.c\n'}
[6.045788] (px4_msgs) StdoutLine: {'line': b'-- Up-to-date: /home/pavel/ws_ros2/install/px4_msgs/local/lib/python3.10/dist-packages/px4_msgs/msg/_mission_result.py\n'}
[6.045842] (px4_msgs) StdoutLine: {'line': b'-- Up-to-date: /home/pavel/ws_ros2/install/px4_msgs/local/lib/python3.10/dist-packages/px4_msgs/msg/_gimbal_device_set_attitude.py\n'}
[6.045930] (px4_msgs) StdoutLine: {'line': b'-- Up-to-date: /home/pavel/ws_ros2/install/px4_msgs/local/lib/python3.10/dist-packages/px4_msgs/msg/_vehicle_rates_setpoint.py\n'}
[6.045984] (px4_msgs) StdoutLine: {'line': b'-- Up-to-date: /home/pavel/ws_ros2/install/px4_msgs/local/lib/python3.10/dist-packages/px4_msgs/msg/_gimbal_manager_information.py\n'}
[6.046039] (px4_msgs) StdoutLine: {'line': b'-- Up-to-date: /home/pavel/ws_ros2/install/px4_msgs/local/lib/python3.10/dist-packages/px4_msgs/msg/_yaw_estimator_status.py\n'}
[6.046093] (px4_msgs) StdoutLine: {'line': b'-- Up-to-date: /home/pavel/ws_ros2/install/px4_msgs/local/lib/python3.10/dist-packages/px4_msgs/msg/_estimator_bias3d.py\n'}
[6.046147] (px4_msgs) StdoutLine: {'line': b'-- Up-to-date: /home/pavel/ws_ros2/install/px4_msgs/local/lib/python3.10/dist-packages/px4_msgs/msg/_register_ext_component_reply.py\n'}
[6.046217] (px4_msgs) StdoutLine: {'line': b'-- Up-to-date: /home/pavel/ws_ros2/install/px4_msgs/local/lib/python3.10/dist-packages/px4_msgs/msg/_failsafe_flags.py\n'}
[6.046271] (px4_msgs) StdoutLine: {'line': b'-- Up-to-date: /home/pavel/ws_ros2/install/px4_msgs/local/lib/python3.10/dist-packages/px4_msgs/msg/_vehicle_imu_s.c\n'}
[6.046337] (px4_msgs) StdoutLine: {'line': b'-- Up-to-date: /home/pavel/ws_ros2/install/px4_msgs/local/lib/python3.10/dist-packages/px4_msgs/msg/_estimator_status_s.c\n'}
[6.046390] (px4_msgs) StdoutLine: {'line': b'-- Up-to-date: /home/pavel/ws_ros2/install/px4_msgs/local/lib/python3.10/dist-packages/px4_msgs/msg/_iridiumsbd_status.py\n'}
[6.046442] (px4_msgs) StdoutLine: {'line': b'-- Up-to-date: /home/pavel/ws_ros2/install/px4_msgs/local/lib/python3.10/dist-packages/px4_msgs/msg/_vehicle_air_data_s.c\n'}
[6.046494] (px4_msgs) StdoutLine: {'line': b'-- Up-to-date: /home/pavel/ws_ros2/install/px4_msgs/local/lib/python3.10/dist-packages/px4_msgs/msg/_telemetry_status.py\n'}
[6.046562] (px4_msgs) StdoutLine: {'line': b'-- Up-to-date: /home/pavel/ws_ros2/install/px4_msgs/local/lib/python3.10/dist-packages/px4_msgs/msg/_unregister_ext_component.py\n'}
[6.046615] (px4_msgs) StdoutLine: {'line': b'-- Up-to-date: /home/pavel/ws_ros2/install/px4_msgs/local/lib/python3.10/dist-packages/px4_msgs/msg/_log_message_s.c\n'}
[6.046667] (px4_msgs) StdoutLine: {'line': b'-- Up-to-date: /home/pavel/ws_ros2/install/px4_msgs/local/lib/python3.10/dist-packages/px4_msgs/msg/_gps_inject_data_s.c\n'}
[6.046720] (px4_msgs) StdoutLine: {'line': b'-- Up-to-date: /home/pavel/ws_ros2/install/px4_msgs/local/lib/python3.10/dist-packages/px4_msgs/msg/_position_setpoint_triplet_s.c\n'}
[6.046772] (px4_msgs) StdoutLine: {'line': b'-- Up-to-date: /home/pavel/ws_ros2/install/px4_msgs/local/lib/python3.10/dist-packages/px4_msgs/msg/_sensors_status_imu_s.c\n'}
[6.046824] (px4_msgs) StdoutLine: {'line': b'-- Up-to-date: /home/pavel/ws_ros2/install/px4_msgs/local/lib/python3.10/dist-packages/px4_msgs/msg/_event.py\n'}
[6.046898] (px4_msgs) StdoutLine: {'line': b'-- Up-to-date: /home/pavel/ws_ros2/install/px4_msgs/local/lib/python3.10/dist-packages/px4_msgs/msg/_vehicle_odometry_s.c\n'}
[6.046952] (px4_msgs) StdoutLine: {'line': b'-- Up-to-date: /home/pavel/ws_ros2/install/px4_msgs/local/lib/python3.10/dist-packages/px4_msgs/msg/_sensor_accel_fifo.py\n'}
[6.046999] (px4_msgs) StdoutLine: {'line': b'-- Up-to-date: /home/pavel/ws_ros2/install/px4_msgs/local/lib/python3.10/dist-packages/px4_msgs/msg/_estimator_bias3d_s.c\n'}
[6.047062] (px4_msgs) StdoutLine: {'line': b'-- Up-to-date: /home/pavel/ws_ros2/install/px4_msgs/local/lib/python3.10/dist-packages/px4_msgs/msg/_velocity_limits_s.c\n'}
[6.047110] (px4_msgs) StdoutLine: {'line': b'-- Up-to-date: /home/pavel/ws_ros2/install/px4_msgs/local/lib/python3.10/dist-packages/px4_msgs/msg/_tiltrotor_extra_controls_s.c\n'}
[6.047157] (px4_msgs) StdoutLine: {'line': b'-- Up-to-date: /home/pavel/ws_ros2/install/px4_msgs/local/lib/python3.10/dist-packages/px4_msgs/msg/_fuel_tank_status_s.c\n'}
[6.047203] (px4_msgs) StdoutLine: {'line': b'-- Up-to-date: /home/pavel/ws_ros2/install/px4_msgs/local/lib/python3.10/dist-packages/px4_msgs/msg/_sensor_hygrometer.py\n'}
[6.047250] (px4_msgs) StdoutLine: {'line': b'-- Up-to-date: /home/pavel/ws_ros2/install/px4_msgs/local/lib/python3.10/dist-packages/px4_msgs/msg/_airspeed_wind_s.c\n'}
[6.047297] (px4_msgs) StdoutLine: {'line': b'-- Up-to-date: /home/pavel/ws_ros2/install/px4_msgs/local/lib/python3.10/dist-packages/px4_msgs/msg/_message_format_response.py\n'}
[6.047359] (px4_msgs) StdoutLine: {'line': b'-- Up-to-date: /home/pavel/ws_ros2/install/px4_msgs/local/lib/python3.10/dist-packages/px4_msgs/msg/_ulog_stream_ack.py\n'}
[6.047407] (px4_msgs) StdoutLine: {'line': b'-- Up-to-date: /home/pavel/ws_ros2/install/px4_msgs/local/lib/python3.10/dist-packages/px4_msgs/msg/_magnetometer_bias_estimate.py\n'}
[6.047454] (px4_msgs) StdoutLine: {'line': b'-- Up-to-date: /home/pavel/ws_ros2/install/px4_msgs/local/lib/python3.10/dist-packages/px4_msgs/msg/_button_event.py\n'}
[6.047500] (px4_msgs) StdoutLine: {'line': b'-- Up-to-date: /home/pavel/ws_ros2/install/px4_msgs/local/lib/python3.10/dist-packages/px4_msgs/msg/_heater_status_s.c\n'}
[6.047547] (px4_msgs) StdoutLine: {'line': b'-- Up-to-date: /home/pavel/ws_ros2/install/px4_msgs/local/lib/python3.10/dist-packages/px4_msgs/msg/_launch_detection_status.py\n'}
[6.047594] (px4_msgs) StdoutLine: {'line': b'-- Up-to-date: /home/pavel/ws_ros2/install/px4_msgs/local/lib/python3.10/dist-packages/px4_msgs/msg/_register_ext_component_request_s.c\n'}
[6.047645] (px4_msgs) StdoutLine: {'line': b'-- Up-to-date: /home/pavel/ws_ros2/install/px4_msgs/local/lib/python3.10/dist-packages/px4_msgs/msg/_vtol_vehicle_status_s.c\n'}
[6.047697] (px4_msgs) StdoutLine: {'line': b'-- Up-to-date: /home/pavel/ws_ros2/install/px4_msgs/local/lib/python3.10/dist-packages/px4_msgs/msg/_vehicle_angular_acceleration_setpoint_s.c\n'}
[6.047748] (px4_msgs) StdoutLine: {'line': b'-- Up-to-date: /home/pavel/ws_ros2/install/px4_msgs/local/lib/python3.10/dist-packages/px4_msgs/msg/_airspeed_validated.py\n'}
[6.047800] (px4_msgs) StdoutLine: {'line': b'-- Up-to-date: /home/pavel/ws_ros2/install/px4_msgs/local/lib/python3.10/dist-packages/px4_msgs/msg/_tecs_status.py\n'}
[6.047882] (px4_msgs) StdoutLine: {'line': b'-- Up-to-date: /home/pavel/ws_ros2/install/px4_msgs/local/lib/python3.10/dist-packages/px4_msgs/msg/_cellular_status.py\n'}
[6.047954] (px4_msgs) StdoutLine: {'line': b'-- Up-to-date: /home/pavel/ws_ros2/install/px4_msgs/local/lib/python3.10/dist-packages/px4_msgs/msg/_failsafe_flags_s.c\n'}
[6.048002] (px4_msgs) StdoutLine: {'line': b'-- Up-to-date: /home/pavel/ws_ros2/install/px4_msgs/local/lib/python3.10/dist-packages/px4_msgs/msg/_system_power_s.c\n'}
[6.048048] (px4_msgs) StdoutLine: {'line': b'-- Up-to-date: /home/pavel/ws_ros2/install/px4_msgs/local/lib/python3.10/dist-packages/px4_msgs/msg/_mode_completed.py\n'}
[6.048095] (px4_msgs) StdoutLine: {'line': b'-- Up-to-date: /home/pavel/ws_ros2/install/px4_msgs/local/lib/python3.10/dist-packages/px4_msgs/msg/_sensor_mag_s.c\n'}
[6.048141] (px4_msgs) StdoutLine: {'line': b'-- Up-to-date: /home/pavel/ws_ros2/install/px4_msgs/local/lib/python3.10/dist-packages/px4_msgs/msg/_actuator_servos_trim.py\n'}
[6.048191] (px4_msgs) StdoutLine: {'line': b'-- Up-to-date: /home/pavel/ws_ros2/install/px4_msgs/local/lib/python3.10/dist-packages/px4_msgs/msg/_iridiumsbd_status_s.c\n'}
[6.048238] (px4_msgs) StdoutLine: {'line': b'-- Up-to-date: /home/pavel/ws_ros2/install/px4_msgs/local/lib/python3.10/dist-packages/px4_msgs/msg/_camera_status.py\n'}
[6.048290] (px4_msgs) StdoutLine: {'line': b'-- Up-to-date: /home/pavel/ws_ros2/install/px4_msgs/local/lib/python3.10/dist-packages/px4_msgs/msg/_vehicle_land_detected_s.c\n'}
[6.048352] (px4_msgs) StdoutLine: {'line': b'-- Up-to-date: /home/pavel/ws_ros2/install/px4_msgs/local/lib/python3.10/dist-packages/px4_msgs/msg/_sensors_status.py\n'}
[6.048405] (px4_msgs) StdoutLine: {'line': b'-- Up-to-date: /home/pavel/ws_ros2/install/px4_msgs/local/lib/python3.10/dist-packages/px4_msgs/msg/_landing_gear_s.c\n'}
[6.048458] (px4_msgs) StdoutLine: {'line': b'-- Up-to-date: /home/pavel/ws_ros2/install/px4_msgs/local/lib/python3.10/dist-packages/px4_msgs/msg/_sensors_status_imu.py\n'}
[6.048512] (px4_msgs) StdoutLine: {'line': b'-- Up-to-date: /home/pavel/ws_ros2/install/px4_msgs/local/lib/python3.10/dist-packages/px4_msgs/msg/_sensor_gps.py\n'}
[6.048565] (px4_msgs) StdoutLine: {'line': b'-- Up-to-date: /home/pavel/ws_ros2/install/px4_msgs/local/lib/python3.10/dist-packages/px4_msgs/msg/_ekf2_timestamps_s.c\n'}
[6.048618] (px4_msgs) StdoutLine: {'line': b'-- Up-to-date: /home/pavel/ws_ros2/install/px4_msgs/local/lib/python3.10/dist-packages/px4_msgs/msg/_vehicle_trajectory_waypoint.py\n'}
[6.048671] (px4_msgs) StdoutLine: {'line': b'-- Up-to-date: /home/pavel/ws_ros2/install/px4_msgs/local/lib/python3.10/dist-packages/px4_msgs/msg/_cpuload_s.c\n'}
[6.048724] (px4_msgs) StdoutLine: {'line': b'-- Up-to-date: /home/pavel/ws_ros2/install/px4_msgs/local/lib/python3.10/dist-packages/px4_msgs/msg/_yaw_estimator_status_s.c\n'}
[6.048778] (px4_msgs) StdoutLine: {'line': b'-- Up-to-date: /home/pavel/ws_ros2/install/px4_msgs/local/lib/python3.10/dist-packages/px4_msgs/msg/_vehicle_global_position_s.c\n'}
[6.048831] (px4_msgs) StdoutLine: {'line': b'-- Up-to-date: /home/pavel/ws_ros2/install/px4_msgs/local/lib/python3.10/dist-packages/px4_msgs/msg/_vehicle_trajectory_bezier_s.c\n'}
[6.048914] (px4_msgs) StdoutLine: {'line': b'-- Up-to-date: /home/pavel/ws_ros2/install/px4_msgs/local/lib/python3.10/dist-packages/px4_msgs/msg/_adc_report.py\n'}
[6.048970] (px4_msgs) StdoutLine: {'line': b'-- Up-to-date: /home/pavel/ws_ros2/install/px4_msgs/local/lib/python3.10/dist-packages/px4_msgs/msg/_velocity_limits.py\n'}
[6.049024] (px4_msgs) StdoutLine: {'line': b'-- Up-to-date: /home/pavel/ws_ros2/install/px4_msgs/local/lib/python3.10/dist-packages/px4_msgs/msg/_timesync_status.py\n'}
[6.049077] (px4_msgs) StdoutLine: {'line': b'-- Up-to-date: /home/pavel/ws_ros2/install/px4_msgs/local/lib/python3.10/dist-packages/px4_msgs/msg/_arming_check_reply.py\n'}
[6.049130] (px4_msgs) StdoutLine: {'line': b'-- Up-to-date: /home/pavel/ws_ros2/install/px4_msgs/local/lib/python3.10/dist-packages/px4_msgs/msg/_sensor_preflight_mag.py\n'}
[6.049182] (px4_msgs) StdoutLine: {'line': b'-- Up-to-date: /home/pavel/ws_ros2/install/px4_msgs/local/lib/python3.10/dist-packages/px4_msgs/msg/_gimbal_manager_set_manual_control_s.c\n'}
[6.049236] (px4_msgs) StdoutLine: {'line': b'-- Up-to-date: /home/pavel/ws_ros2/install/px4_msgs/local/lib/python3.10/dist-packages/px4_msgs/msg/_telemetry_status_s.c\n'}
[6.049289] (px4_msgs) StdoutLine: {'line': b'-- Up-to-date: /home/pavel/ws_ros2/install/px4_msgs/local/lib/python3.10/dist-packages/px4_msgs/msg/_vehicle_constraints.py\n'}
[6.049341] (px4_msgs) StdoutLine: {'line': b'-- Up-to-date: /home/pavel/ws_ros2/install/px4_msgs/local/lib/python3.10/dist-packages/px4_msgs/msg/_led_control.py\n'}
[6.049394] (px4_msgs) StdoutLine: {'line': b'-- Up-to-date: /home/pavel/ws_ros2/install/px4_msgs/local/lib/python3.10/dist-packages/px4_msgs/msg/_vehicle_acceleration_s.c\n'}
[6.049447] (px4_msgs) StdoutLine: {'line': b'-- Up-to-date: /home/pavel/ws_ros2/install/px4_msgs/local/lib/python3.10/dist-packages/px4_msgs/msg/_timesync_status_s.c\n'}
[6.049518] (px4_msgs) StdoutLine: {'line': b'-- Up-to-date: /home/pavel/ws_ros2/install/px4_msgs/local/lib/python3.10/dist-packages/px4_msgs/msg/_arming_check_request_s.c\n'}
[6.049572] (px4_msgs) StdoutLine: {'line': b'-- Up-to-date: /home/pavel/ws_ros2/install/px4_msgs/local/lib/python3.10/dist-packages/px4_msgs/msg/_camera_capture_s.c\n'}
[6.049621] (px4_msgs) StdoutLine: {'line': b'-- Up-to-date: /home/pavel/ws_ros2/install/px4_msgs/local/lib/python3.10/dist-packages/px4_msgs/msg/_collision_report.py\n'}
[6.049669] (px4_msgs) StdoutLine: {'line': b'-- Up-to-date: /home/pavel/ws_ros2/install/px4_msgs/local/lib/python3.10/dist-packages/px4_msgs/msg/_rate_ctrl_status.py\n'}
[6.049717] (px4_msgs) StdoutLine: {'line': b'-- Up-to-date: /home/pavel/ws_ros2/install/px4_msgs/local/lib/python3.10/dist-packages/px4_msgs/msg/_vehicle_torque_setpoint_s.c\n'}
[6.049768] (px4_msgs) StdoutLine: {'line': b'-- Up-to-date: /home/pavel/ws_ros2/install/px4_msgs/local/lib/python3.10/dist-packages/px4_msgs/msg/_power_monitor_s.c\n'}
[6.049821] (px4_msgs) StdoutLine: {'line': b'-- Up-to-date: /home/pavel/ws_ros2/install/px4_msgs/local/lib/python3.10/dist-packages/px4_msgs/msg/_vehicle_status_s.c\n'}
[6.049897] (px4_msgs) StdoutLine: {'line': b'-- Up-to-date: /home/pavel/ws_ros2/install/px4_msgs/local/lib/python3.10/dist-packages/px4_msgs/msg/_landing_target_pose.py\n'}
[6.049948] (px4_msgs) StdoutLine: {'line': b'-- Up-to-date: /home/pavel/ws_ros2/install/px4_msgs/local/lib/python3.10/dist-packages/px4_msgs/msg/_autotune_attitude_control_status.py\n'}
[6.049997] (px4_msgs) StdoutLine: {'line': b'-- Up-to-date: /home/pavel/ws_ros2/install/px4_msgs/local/lib/python3.10/dist-packages/px4_msgs/msg/_heater_status.py\n'}
[6.050046] (px4_msgs) StdoutLine: {'line': b'-- Up-to-date: /home/pavel/ws_ros2/install/px4_msgs/local/lib/python3.10/dist-packages/px4_msgs/msg/_vehicle_command.py\n'}
[6.050100] (px4_msgs) StdoutLine: {'line': b'-- Up-to-date: /home/pavel/ws_ros2/install/px4_msgs/local/lib/python3.10/dist-packages/px4_msgs/msg/_follow_target_status.py\n'}
[6.050171] (px4_msgs) StdoutLine: {'line': b'-- Up-to-date: /home/pavel/ws_ros2/install/px4_msgs/local/lib/python3.10/dist-packages/px4_msgs/msg/_ulog_stream_ack_s.c\n'}
[6.050220] (px4_msgs) StdoutLine: {'line': b'-- Up-to-date: /home/pavel/ws_ros2/install/px4_msgs/local/lib/python3.10/dist-packages/px4_msgs/msg/_landing_target_pose_s.c\n'}
[6.050282] (px4_msgs) StdoutLine: {'line': b'-- Up-to-date: /home/pavel/ws_ros2/install/px4_msgs/local/lib/python3.10/dist-packages/px4_msgs/msg/_gimbal_manager_set_manual_control.py\n'}
[6.050344] (px4_msgs) StdoutLine: {'line': b'-- Up-to-date: /home/pavel/ws_ros2/install/px4_msgs/local/lib/python3.10/dist-packages/px4_msgs/msg/_estimator_status_flags_s.c\n'}
[6.050395] (px4_msgs) StdoutLine: {'line': b'-- Up-to-date: /home/pavel/ws_ros2/install/px4_msgs/local/lib/python3.10/dist-packages/px4_msgs/msg/_rate_ctrl_status_s.c\n'}
[6.050444] (px4_msgs) StdoutLine: {'line': b'-- Up-to-date: /home/pavel/ws_ros2/install/px4_msgs/local/lib/python3.10/dist-packages/px4_msgs/msg/_sensor_gps_s.c\n'}
[6.050493] (px4_msgs) StdoutLine: {'line': b'-- Up-to-date: /home/pavel/ws_ros2/install/px4_msgs/local/lib/python3.10/dist-packages/px4_msgs/msg/_takeoff_status_s.c\n'}
[6.050543] (px4_msgs) StdoutLine: {'line': b'-- Up-to-date: /home/pavel/ws_ros2/install/px4_msgs/local/lib/python3.10/dist-packages/px4_msgs/msg/_vehicle_land_detected.py\n'}
[6.050592] (px4_msgs) StdoutLine: {'line': b'-- Up-to-date: /home/pavel/ws_ros2/install/px4_msgs/local/lib/python3.10/dist-packages/px4_msgs/msg/_orb_test.py\n'}
[6.050642] (px4_msgs) StdoutLine: {'line': b'-- Up-to-date: /home/pavel/ws_ros2/install/px4_msgs/local/lib/python3.10/dist-packages/px4_msgs/msg/_task_stack_info.py\n'}
[6.050693] (px4_msgs) StdoutLine: {'line': b'-- Up-to-date: /home/pavel/ws_ros2/install/px4_msgs/local/lib/python3.10/dist-packages/px4_msgs/msg/_vehicle_trajectory_waypoint_s.c\n'}
[6.050761] (px4_msgs) StdoutLine: {'line': b'-- Up-to-date: /home/pavel/ws_ros2/install/px4_msgs/local/lib/python3.10/dist-packages/px4_msgs/msg/_rtl_time_estimate.py\n'}
[6.050811] (px4_msgs) StdoutLine: {'line': b'-- Up-to-date: /home/pavel/ws_ros2/install/px4_msgs/local/lib/python3.10/dist-packages/px4_msgs/msg/_sensor_optical_flow.py\n'}
[6.050868] (px4_msgs) StdoutLine: {'line': b'-- Up-to-date: /home/pavel/ws_ros2/install/px4_msgs/local/lib/python3.10/dist-packages/px4_msgs/msg/_vehicle_imu_status.py\n'}
[6.050923] (px4_msgs) StdoutLine: {'line': b'-- Up-to-date: /home/pavel/ws_ros2/install/px4_msgs/local/lib/python3.10/dist-packages/px4_msgs/msg/_dataman_response.py\n'}
[6.050973] (px4_msgs) StdoutLine: {'line': b'-- Up-to-date: /home/pavel/ws_ros2/install/px4_msgs/local/lib/python3.10/dist-packages/px4_msgs/msg/_trajectory_waypoint_s.c\n'}
[6.051023] (px4_msgs) StdoutLine: {'line': b'-- Up-to-date: /home/pavel/ws_ros2/install/px4_msgs/local/lib/python3.10/dist-packages/px4_msgs/msg/_uavcan_parameter_request.py\n'}
[6.051073] (px4_msgs) StdoutLine: {'line': b'-- Up-to-date: /home/pavel/ws_ros2/install/px4_msgs/local/lib/python3.10/dist-packages/px4_msgs/msg/_distance_sensor.py\n'}
[6.051123] (px4_msgs) StdoutLine: {'line': b'-- Up-to-date: /home/pavel/ws_ros2/install/px4_msgs/local/lib/python3.10/dist-packages/px4_msgs/msg/_distance_sensor_s.c\n'}
[6.051173] (px4_msgs) StdoutLine: {'line': b'-- Up-to-date: /home/pavel/ws_ros2/install/px4_msgs/local/lib/python3.10/dist-packages/px4_msgs/msg/_rtl_status.py\n'}
[6.051259] (px4_msgs) StdoutLine: {'line': b'-- Up-to-date: /home/pavel/ws_ros2/install/px4_msgs/local/lib/python3.10/dist-packages/px4_msgs/msg/_ulog_stream.py\n'}
[6.051312] (px4_msgs) StdoutLine: {'line': b'-- Up-to-date: /home/pavel/ws_ros2/install/px4_msgs/local/lib/python3.10/dist-packages/px4_msgs/msg/_airspeed_validated_s.c\n'}
[6.051362] (px4_msgs) StdoutLine: {'line': b'-- Up-to-date: /home/pavel/ws_ros2/install/px4_msgs/local/lib/python3.10/dist-packages/px4_msgs/msg/_input_rc_s.c\n'}
[6.051424] (px4_msgs) StdoutLine: {'line': b'-- Up-to-date: /home/pavel/ws_ros2/install/px4_msgs/local/lib/python3.10/dist-packages/px4_msgs/msg/_takeoff_status.py\n'}
[6.051473] (px4_msgs) StdoutLine: {'line': b'-- Up-to-date: /home/pavel/ws_ros2/install/px4_msgs/local/lib/python3.10/dist-packages/px4_msgs/msg/_sensor_gyro_fifo_s.c\n'}
[6.051523] (px4_msgs) StdoutLine: {'line': b'-- Up-to-date: /home/pavel/ws_ros2/install/px4_msgs/local/lib/python3.10/dist-packages/px4_msgs/msg/_actuator_outputs.py\n'}
[6.051576] (px4_msgs) StdoutLine: {'line': b'-- Up-to-date: /home/pavel/ws_ros2/install/px4_msgs/local/lib/python3.10/dist-packages/px4_msgs/msg/_debug_array.py\n'}
[6.051630] (px4_msgs) StdoutLine: {'line': b'-- Up-to-date: /home/pavel/ws_ros2/install/px4_msgs/local/lib/python3.10/dist-packages/px4_msgs/msg/_vehicle_thrust_setpoint.py\n'}
[6.051684] (px4_msgs) StdoutLine: {'line': b'-- Up-to-date: /home/pavel/ws_ros2/install/px4_msgs/local/lib/python3.10/dist-packages/px4_msgs/msg/_battery_status.py\n'}
[6.051737] (px4_msgs) StdoutLine: {'line': b'-- Up-to-date: /home/pavel/ws_ros2/install/px4_msgs/local/lib/python3.10/dist-packages/px4_msgs/msg/_sensor_mag.py\n'}
[6.051791] (px4_msgs) StdoutLine: {'line': b'-- Up-to-date: /home/pavel/ws_ros2/install/px4_msgs/local/lib/python3.10/dist-packages/px4_msgs/msg/_onboard_computer_status.py\n'}
[6.051849] (px4_msgs) StdoutLine: {'line': b'-- Up-to-date: /home/pavel/ws_ros2/install/px4_msgs/local/lib/python3.10/dist-packages/px4_msgs/msg/_gimbal_device_set_attitude_s.c\n'}
[6.051937] (px4_msgs) StdoutLine: {'line': b'-- Up-to-date: /home/pavel/ws_ros2/install/px4_msgs/local/lib/python3.10/dist-packages/px4_msgs/msg/_collision_constraints.py\n'}
[6.051994] (px4_msgs) StdoutLine: {'line': b'-- Up-to-date: /home/pavel/ws_ros2/install/px4_msgs/local/lib/python3.10/dist-packages/px4_msgs/msg/_orbit_status.py\n'}
[6.052043] (px4_msgs) StdoutLine: {'line': b'-- Up-to-date: /home/pavel/ws_ros2/install/px4_msgs/local/lib/python3.10/dist-packages/px4_msgs/msg/_ping.py\n'}
[6.052096] (px4_msgs) StdoutLine: {'line': b'-- Up-to-date: /home/pavel/ws_ros2/install/px4_msgs/local/lib/python3.10/dist-packages/px4_msgs/msg/_tune_control_s.c\n'}
[6.052150] (px4_msgs) StdoutLine: {'line': b'-- Up-to-date: /home/pavel/ws_ros2/install/px4_msgs/local/lib/python3.10/dist-packages/px4_msgs/msg/_vehicle_angular_velocity_s.c\n'}
[6.052204] (px4_msgs) StdoutLine: {'line': b'-- Up-to-date: /home/pavel/ws_ros2/install/px4_msgs/local/lib/python3.10/dist-packages/px4_msgs/msg/_orb_test_large_s.c\n'}
[6.052258] (px4_msgs) StdoutLine: {'line': b'-- Up-to-date: /home/pavel/ws_ros2/install/px4_msgs/local/lib/python3.10/dist-packages/px4_msgs/msg/_rc_channels.py\n'}
[6.052313] (px4_msgs) StdoutLine: {'line': b'-- Up-to-date: /home/pavel/ws_ros2/install/px4_msgs/local/lib/python3.10/dist-packages/px4_msgs/msg/_collision_report_s.c\n'}
[6.052367] (px4_msgs) StdoutLine: {'line': b'-- Up-to-date: /home/pavel/ws_ros2/install/px4_msgs/local/lib/python3.10/dist-packages/px4_msgs/msg/_mission_result_s.c\n'}
[6.052421] (px4_msgs) StdoutLine: {'line': b'-- Up-to-date: /home/pavel/ws_ros2/install/px4_msgs/local/lib/python3.10/dist-packages/px4_msgs/msg/_camera_status_s.c\n'}
[6.052475] (px4_msgs) StdoutLine: {'line': b'-- Up-to-date: /home/pavel/ws_ros2/install/px4_msgs/local/lib/python3.10/dist-packages/px4_msgs/msg/_wind_s.c\n'}
[6.052529] (px4_msgs) StdoutLine: {'line': b'-- Up-to-date: /home/pavel/ws_ros2/install/px4_msgs/local/lib/python3.10/dist-packages/px4_msgs/msg/_gpio_out.py\n'}
[6.052582] (px4_msgs) StdoutLine: {'line': b'-- Up-to-date: /home/pavel/ws_ros2/install/px4_msgs/local/lib/python3.10/dist-packages/px4_msgs/msg/_vehicle_magnetometer_s.c\n'}
[6.052636] (px4_msgs) StdoutLine: {'line': b'-- Up-to-date: /home/pavel/ws_ros2/install/px4_msgs/local/lib/python3.10/dist-packages/px4_msgs/msg/_uavcan_parameter_value.py\n'}
[6.052690] (px4_msgs) StdoutLine: {'line': b'-- Up-to-date: /home/pavel/ws_ros2/install/px4_msgs/local/lib/python3.10/dist-packages/px4_msgs/msg/_actuator_outputs_s.c\n'}
[6.052744] (px4_msgs) StdoutLine: {'line': b'-- Up-to-date: /home/pavel/ws_ros2/install/px4_msgs/local/lib/python3.10/dist-packages/px4_msgs/msg/_landing_gear.py\n'}
[6.052797] (px4_msgs) StdoutLine: {'line': b'-- Up-to-date: /home/pavel/ws_ros2/install/px4_msgs/local/lib/python3.10/dist-packages/px4_msgs/msg/_rc_parameter_map.py\n'}
[6.052856] (px4_msgs) StdoutLine: {'line': b'-- Up-to-date: /home/pavel/ws_ros2/install/px4_msgs/local/lib/python3.10/dist-packages/px4_msgs/msg/_vehicle_imu_status_s.c\n'}
[6.052933] (px4_msgs) StdoutLine: {'line': b'-- Up-to-date: /home/pavel/ws_ros2/install/px4_msgs/local/lib/python3.10/dist-packages/px4_msgs/msg/_estimator_aid_source2d_s.c\n'}
[6.052982] (px4_msgs) StdoutLine: {'line': b'-- Up-to-date: /home/pavel/ws_ros2/install/px4_msgs/local/lib/python3.10/dist-packages/px4_msgs/msg/_trajectory_bezier.py\n'}
[6.053034] (px4_msgs) StdoutLine: {'line': b'-- Up-to-date: /home/pavel/ws_ros2/install/px4_msgs/local/lib/python3.10/dist-packages/px4_msgs/msg/_airspeed.py\n'}
[6.053094] (px4_msgs) StdoutLine: {'line': b'-- Up-to-date: /home/pavel/ws_ros2/install/px4_msgs/local/lib/python3.10/dist-packages/px4_msgs/msg/_flight_phase_estimation.py\n'}
[6.053144] (px4_msgs) StdoutLine: {'line': b'-- Up-to-date: /home/pavel/ws_ros2/install/px4_msgs/local/lib/python3.10/dist-packages/px4_msgs/msg/_esc_status_s.c\n'}
[6.053191] (px4_msgs) StdoutLine: {'line': b'-- Up-to-date: /home/pavel/ws_ros2/install/px4_msgs/local/lib/python3.10/dist-packages/px4_msgs/msg/_power_button_state.py\n'}
[6.053239] (px4_msgs) StdoutLine: {'line': b'-- Up-to-date: /home/pavel/ws_ros2/install/px4_msgs/local/lib/python3.10/dist-packages/px4_msgs/msg/_sensor_accel_fifo_s.c\n'}
[6.053287] (px4_msgs) StdoutLine: {'line': b'-- Up-to-date: /home/pavel/ws_ros2/install/px4_msgs/local/lib/python3.10/dist-packages/px4_msgs/msg/_vehicle_attitude_setpoint_s.c\n'}
[6.053335] (px4_msgs) StdoutLine: {'line': b'-- Up-to-date: /home/pavel/ws_ros2/install/px4_msgs/local/lib/python3.10/dist-packages/px4_msgs/msg/_message_format_request.py\n'}
[6.053391] (px4_msgs) StdoutLine: {'line': b'-- Up-to-date: /home/pavel/ws_ros2/install/px4_msgs/local/lib/python3.10/dist-packages/px4_msgs/msg/_gimbal_device_information_s.c\n'}
[6.053445] (px4_msgs) StdoutLine: {'line': b'-- Up-to-date: /home/pavel/ws_ros2/install/px4_msgs/local/lib/python3.10/dist-packages/px4_msgs/msg/_sensor_gyro_s.c\n'}
[6.053498] (px4_msgs) StdoutLine: {'line': b'-- Up-to-date: /home/pavel/ws_ros2/install/px4_msgs/local/lib/python3.10/dist-packages/px4_msgs/msg/_orb_test_medium.py\n'}
[6.053552] (px4_msgs) StdoutLine: {'line': b'-- Up-to-date: /home/pavel/ws_ros2/install/px4_msgs/local/lib/python3.10/dist-packages/px4_msgs/msg/_manual_control_switches.py\n'}
[6.053605] (px4_msgs) StdoutLine: {'line': b'-- Up-to-date: /home/pavel/ws_ros2/install/px4_msgs/local/lib/python3.10/dist-packages/px4_msgs/msg/_ping_s.c\n'}
[6.053658] (px4_msgs) StdoutLine: {'line': b'-- Up-to-date: /home/pavel/ws_ros2/install/px4_msgs/local/lib/python3.10/dist-packages/px4_msgs/msg/_sensor_hygrometer_s.c\n'}
[6.053712] (px4_msgs) StdoutLine: {'line': b'-- Up-to-date: /home/pavel/ws_ros2/install/px4_msgs/local/lib/python3.10/dist-packages/px4_msgs/msg/_orb_test_medium_s.c\n'}
[6.053765] (px4_msgs) StdoutLine: {'line': b'-- Up-to-date: /home/pavel/ws_ros2/install/px4_msgs/local/lib/python3.10/dist-packages/px4_msgs/msg/_rc_parameter_map_s.c\n'}
[6.053838] (px4_msgs) StdoutLine: {'line': b'-- Up-to-date: /home/pavel/ws_ros2/install/px4_msgs/local/lib/python3.10/dist-packages/px4_msgs/msg/_system_power.py\n'}
[6.053899] (px4_msgs) StdoutLine: {'line': b'-- Up-to-date: /home/pavel/ws_ros2/install/px4_msgs/local/lib/python3.10/dist-packages/px4_msgs/msg/_dataman_response_s.c\n'}
[6.053950] (px4_msgs) StdoutLine: {'line': b'-- Up-to-date: /home/pavel/ws_ros2/install/px4_msgs/local/lib/python3.10/dist-packages/px4_msgs/msg/_estimator_selector_status.py\n'}
[6.053999] (px4_msgs) StdoutLine: {'line': b'-- Up-to-date: /home/pavel/ws_ros2/install/px4_msgs/local/lib/python3.10/dist-packages/px4_msgs/msg/_vehicle_trajectory_bezier.py\n'}
[6.054046] (px4_msgs) StdoutLine: {'line': b'-- Up-to-date: /home/pavel/ws_ros2/install/px4_msgs/local/lib/python3.10/dist-packages/px4_msgs/msg/_radio_status.py\n'}
[6.054094] (px4_msgs) StdoutLine: {'line': b'-- Up-to-date: /home/pavel/ws_ros2/install/px4_msgs/local/lib/python3.10/dist-packages/px4_msgs/msg/_satellite_info.py\n'}
[6.054141] (px4_msgs) StdoutLine: {'line': b'-- Up-to-date: /home/pavel/ws_ros2/install/px4_msgs/local/lib/python3.10/dist-packages/px4_msgs/msg/_generator_status_s.c\n'}
[6.054189] (px4_msgs) StdoutLine: {'line': b'-- Up-to-date: /home/pavel/ws_ros2/install/px4_msgs/local/lib/python3.10/dist-packages/px4_msgs/msg/_hover_thrust_estimate_s.c\n'}
[6.054239] (px4_msgs) StdoutLine: {'line': b'-- Up-to-date: /home/pavel/ws_ros2/install/px4_msgs/local/lib/python3.10/dist-packages/px4_msgs/msg/_mavlink_log_s.c\n'}
[6.054292] (px4_msgs) StdoutLine: {'line': b'-- Up-to-date: /home/pavel/ws_ros2/install/px4_msgs/local/lib/python3.10/dist-packages/px4_msgs/msg/_airspeed_wind.py\n'}
[6.054345] (px4_msgs) StdoutLine: {'line': b'-- Up-to-date: /home/pavel/ws_ros2/install/px4_msgs/local/lib/python3.10/dist-packages/px4_msgs/msg/_actuator_armed.py\n'}
[6.054398] (px4_msgs) StdoutLine: {'line': b'-- Up-to-date: /home/pavel/ws_ros2/install/px4_msgs/local/lib/python3.10/dist-packages/px4_msgs/msg/_parameter_set_value_response.py\n'}
[6.054451] (px4_msgs) StdoutLine: {'line': b'-- Up-to-date: /home/pavel/ws_ros2/install/px4_msgs/local/lib/python3.10/dist-packages/px4_msgs/msg/_obstacle_distance_s.c\n'}
[6.054504] (px4_msgs) StdoutLine: {'line': b'-- Up-to-date: /home/pavel/ws_ros2/install/px4_msgs/local/lib/python3.10/dist-packages/px4_msgs/msg/_navigator_mission_item.py\n'}
[6.054557] (px4_msgs) StdoutLine: {'line': b'-- Up-to-date: /home/pavel/ws_ros2/install/px4_msgs/local/lib/python3.10/dist-packages/px4_msgs/msg/_vehicle_air_data.py\n'}
[6.054611] (px4_msgs) StdoutLine: {'line': b'-- Up-to-date: /home/pavel/ws_ros2/install/px4_msgs/local/lib/python3.10/dist-packages/px4_msgs/msg/_figure_eight_status_s.c\n'}
[6.054680] (px4_msgs) StdoutLine: {'line': b'-- Up-to-date: /home/pavel/ws_ros2/install/px4_msgs/local/lib/python3.10/dist-packages/px4_msgs/msg/_gimbal_manager_set_attitude_s.c\n'}
[6.054744] (px4_msgs) StdoutLine: {'line': b'-- Up-to-date: /home/pavel/ws_ros2/install/px4_msgs/local/lib/python3.10/dist-packages/px4_msgs/msg/_vehicle_torque_setpoint.py\n'}
[6.054797] (px4_msgs) StdoutLine: {'line': b'-- Up-to-date: /home/pavel/ws_ros2/install/px4_msgs/local/lib/python3.10/dist-packages/px4_msgs/msg/_sensor_accel.py\n'}
[6.054855] (px4_msgs) StdoutLine: {'line': b'-- Up-to-date: /home/pavel/ws_ros2/install/px4_msgs/local/lib/python3.10/dist-packages/px4_msgs/msg/_mag_worker_data.py\n'}
[6.054926] (px4_msgs) StdoutLine: {'line': b'-- Up-to-date: /home/pavel/ws_ros2/install/px4_msgs/local/lib/python3.10/dist-packages/px4_msgs/msg/_autotune_attitude_control_status_s.c\n'}
[6.054976] (px4_msgs) StdoutLine: {'line': b'-- Up-to-date: /home/pavel/ws_ros2/install/px4_msgs/local/lib/python3.10/dist-packages/px4_msgs/msg/_offboard_control_mode_s.c\n'}
[6.055025] (px4_msgs) StdoutLine: {'line': b'-- Up-to-date: /home/pavel/ws_ros2/install/px4_msgs/local/lib/python3.10/dist-packages/px4_msgs/msg/_gps_inject_data.py\n'}
[6.055073] (px4_msgs) StdoutLine: {'line': b'-- Up-to-date: /home/pavel/ws_ros2/install/px4_msgs/local/lib/python3.10/dist-packages/px4_msgs/msg/_goto_setpoint.py\n'}
[6.055122] (px4_msgs) StdoutLine: {'line': b'-- Up-to-date: /home/pavel/ws_ros2/install/px4_msgs/local/lib/python3.10/dist-packages/px4_msgs/msg/_irlock_report_s.c\n'}
[6.055170] (px4_msgs) StdoutLine: {'line': b'-- Up-to-date: /home/pavel/ws_ros2/install/px4_msgs/local/lib/python3.10/dist-packages/px4_msgs/msg/_esc_report_s.c\n'}
[6.055218] (px4_msgs) StdoutLine: {'line': b'-- Up-to-date: /home/pavel/ws_ros2/install/px4_msgs/local/lib/python3.10/dist-packages/px4_msgs/msg/_flight_phase_estimation_s.c\n'}
[6.055266] (px4_msgs) StdoutLine: {'line': b'-- Up-to-date: /home/pavel/ws_ros2/install/px4_msgs/local/lib/python3.10/dist-packages/px4_msgs/msg/_config_overrides_s.c\n'}
[6.055331] (px4_msgs) StdoutLine: {'line': b'-- Up-to-date: /home/pavel/ws_ros2/install/px4_msgs/local/lib/python3.10/dist-packages/px4_msgs/msg/_vehicle_odometry.py\n'}
[6.055386] (px4_msgs) StdoutLine: {'line': b'-- Up-to-date: /home/pavel/ws_ros2/install/px4_msgs/local/lib/python3.10/dist-packages/px4_msgs/msg/_camera_trigger_s.c\n'}
[6.055441] (px4_msgs) StdoutLine: {'line': b'-- Up-to-date: /home/pavel/ws_ros2/install/px4_msgs/local/lib/python3.10/dist-packages/px4_msgs/msg/_px4io_status_s.c\n'}
[6.055495] (px4_msgs) StdoutLine: {'line': b'-- Up-to-date: /home/pavel/ws_ros2/install/px4_msgs/local/lib/python3.10/dist-packages/px4_msgs/msg/_mavlink_log.py\n'}
[6.055550] (px4_msgs) StdoutLine: {'line': b'-- Up-to-date: /home/pavel/ws_ros2/install/px4_msgs/local/lib/python3.10/dist-packages/px4_msgs/msg/_geofence_result.py\n'}
[6.055624] (px4_msgs) StdoutLine: {'line': b'-- Up-to-date: /home/pavel/ws_ros2/install/px4_msgs/local/lib/python3.10/dist-packages/px4_msgs/msg/_normalized_unsigned_setpoint.py\n'}
[6.055675] (px4_msgs) StdoutLine: {'line': b'-- Up-to-date: /home/pavel/ws_ros2/install/px4_msgs/local/lib/python3.10/dist-packages/px4_msgs/msg/_vehicle_local_position_setpoint_s.c\n'}
[6.055724] (px4_msgs) StdoutLine: {'line': b'-- Up-to-date: /home/pavel/ws_ros2/install/px4_msgs/local/lib/python3.10/dist-packages/px4_msgs/msg/_esc_status.py\n'}
[6.055774] (px4_msgs) StdoutLine: {'line': b'-- Up-to-date: /home/pavel/ws_ros2/install/px4_msgs/local/lib/python3.10/dist-packages/px4_msgs/msg/_actuator_armed_s.c\n'}
[6.055827] (px4_msgs) StdoutLine: {'line': b'-- Up-to-date: /home/pavel/ws_ros2/install/px4_msgs/local/lib/python3.10/dist-packages/px4_msgs/msg/_sensor_gnss_relative.py\n'}
[6.055904] (px4_msgs) StdoutLine: {'line': b'-- Up-to-date: /home/pavel/ws_ros2/install/px4_msgs/local/lib/python3.10/dist-packages/px4_msgs/msg/_battery_status_s.c\n'}
[6.055957] (px4_msgs) StdoutLine: {'line': b'-- Up-to-date: /home/pavel/ws_ros2/install/px4_msgs/local/lib/python3.10/dist-packages/px4_msgs/msg/_qshell_retval_s.c\n'}
[6.056011] (px4_msgs) StdoutLine: {'line': b'-- Up-to-date: /home/pavel/ws_ros2/install/px4_msgs/local/lib/python3.10/dist-packages/px4_msgs/msg/_debug_key_value.py\n'}
[6.056062] (px4_msgs) StdoutLine: {'line': b'-- Up-to-date: /home/pavel/ws_ros2/install/px4_msgs/local/lib/python3.10/dist-packages/px4_msgs/msg/_vehicle_control_mode_s.c\n'}
[6.056111] (px4_msgs) StdoutLine: {'line': b'-- Up-to-date: /home/pavel/ws_ros2/install/px4_msgs/local/lib/python3.10/dist-packages/px4_msgs/msg/_actuator_controls_status.py\n'}
[6.056167] (px4_msgs) StdoutLine: {'line': b'-- Up-to-date: /home/pavel/ws_ros2/install/px4_msgs/local/lib/python3.10/dist-packages/px4_msgs/msg/_sensor_gyro_fft.py\n'}
[6.056222] (px4_msgs) StdoutLine: {'line': b'-- Up-to-date: /home/pavel/ws_ros2/install/px4_msgs/local/lib/python3.10/dist-packages/px4_msgs/msg/_mode_completed_s.c\n'}
[6.056290] (px4_msgs) StdoutLine: {'line': b'-- Up-to-date: /home/pavel/ws_ros2/install/px4_msgs/local/lib/python3.10/dist-packages/px4_msgs/msg/_parameter_reset_request_s.c\n'}
[6.056344] (px4_msgs) StdoutLine: {'line': b'-- Up-to-date: /home/pavel/ws_ros2/install/px4_msgs/local/lib/python3.10/dist-packages/px4_msgs/msg/_adc_report_s.c\n'}
[6.056418] (px4_msgs) StdoutLine: {'line': b'-- Up-to-date: /home/pavel/ws_ros2/install/px4_msgs/local/lib/python3.10/dist-packages/px4_msgs/msg/_vehicle_local_position.py\n'}
[6.056470] (px4_msgs) StdoutLine: {'line': b'-- Up-to-date: /home/pavel/ws_ros2/install/px4_msgs/local/lib/python3.10/dist-packages/px4_msgs/msg/_gpio_config.py\n'}
[6.056520] (px4_msgs) StdoutLine: {'line': b'-- Up-to-date: /home/pavel/ws_ros2/install/px4_msgs/local/lib/python3.10/dist-packages/px4_msgs/msg/_mount_orientation_s.c\n'}
[6.056568] (px4_msgs) StdoutLine: {'line': b'-- Up-to-date: /home/pavel/ws_ros2/install/px4_msgs/local/lib/python3.10/dist-packages/px4_msgs/msg/_gpio_in.py\n'}
[6.056617] (px4_msgs) StdoutLine: {'line': b'-- Up-to-date: /home/pavel/ws_ros2/install/px4_msgs/local/lib/python3.10/dist-packages/px4_msgs/msg/_estimator_bias_s.c\n'}
[6.056665] (px4_msgs) StdoutLine: {'line': b'-- Up-to-date: /home/pavel/ws_ros2/install/px4_msgs/local/lib/python3.10/dist-packages/px4_msgs/msg/_arming_check_request.py\n'}
[6.056713] (px4_msgs) StdoutLine: {'line': b'-- Up-to-date: /home/pavel/ws_ros2/install/px4_msgs/local/lib/python3.10/dist-packages/px4_msgs/msg/_log_message.py\n'}
[6.056766] (px4_msgs) StdoutLine: {'line': b'-- Up-to-date: /home/pavel/ws_ros2/install/px4_msgs/local/lib/python3.10/dist-packages/px4_msgs/msg/_gps_dump_s.c\n'}
[6.056820] (px4_msgs) StdoutLine: {'line': b'-- Up-to-date: /home/pavel/ws_ros2/install/px4_msgs/local/lib/python3.10/dist-packages/px4_msgs/msg/_vehicle_rates_setpoint_s.c\n'}
[6.056894] (px4_msgs) StdoutLine: {'line': b'-- Up-to-date: /home/pavel/ws_ros2/install/px4_msgs/local/lib/python3.10/dist-packages/px4_msgs/msg/_parameter_set_value_request.py\n'}
[6.056946] (px4_msgs) StdoutLine: {'line': b'-- Up-to-date: /home/pavel/ws_ros2/install/px4_msgs/local/lib/python3.10/dist-packages/px4_msgs/msg/_estimator_aid_source1d.py\n'}
[6.056994] (px4_msgs) StdoutLine: {'line': b'-- Up-to-date: /home/pavel/ws_ros2/install/px4_msgs/local/lib/python3.10/dist-packages/px4_msgs/msg/_sensor_baro_s.c\n'}
[6.057042] (px4_msgs) StdoutLine: {'line': b'-- Up-to-date: /home/pavel/ws_ros2/install/px4_msgs/local/lib/python3.10/dist-packages/px4_msgs/msg/_gpio_request.py\n'}
[6.057090] (px4_msgs) StdoutLine: {'line': b'-- Up-to-date: /home/pavel/ws_ros2/install/px4_msgs/local/lib/python3.10/dist-packages/px4_msgs/msg/_gripper_s.c\n'}
[6.057138] (px4_msgs) StdoutLine: {'line': b'-- Up-to-date: /home/pavel/ws_ros2/install/px4_msgs/local/lib/python3.10/dist-packages/px4_msgs/msg/_trajectory_setpoint.py\n'}
[6.057187] (px4_msgs) StdoutLine: {'line': b'-- Up-to-date: /home/pavel/ws_ros2/install/px4_msgs/local/lib/python3.10/dist-packages/px4_msgs/msg/_sensor_optical_flow_s.c\n'}
[6.057237] (px4_msgs) StdoutLine: {'line': b'-- Up-to-date: /home/pavel/ws_ros2/install/px4_msgs/local/lib/python3.10/dist-packages/px4_msgs/msg/_position_controller_status.py\n'}
[6.057320] (px4_msgs) StdoutLine: {'line': b'-- Up-to-date: /home/pavel/ws_ros2/install/px4_msgs/local/lib/python3.10/dist-packages/px4_msgs/msg/_parameter_reset_request.py\n'}
[6.057372] (px4_msgs) StdoutLine: {'line': b'-- Up-to-date: /home/pavel/ws_ros2/install/px4_msgs/local/lib/python3.10/dist-packages/px4_msgs/msg/_sensor_airflow.py\n'}
[6.057422] (px4_msgs) StdoutLine: {'line': b'-- Up-to-date: /home/pavel/ws_ros2/install/px4_msgs/local/lib/python3.10/dist-packages/px4_msgs/msg/_vehicle_control_mode.py\n'}
[6.057478] (px4_msgs) StdoutLine: {'line': b'-- Up-to-date: /home/pavel/ws_ros2/install/px4_msgs/local/lib/python3.10/dist-packages/px4_msgs/msg/_debug_value.py\n'}
[6.057529] (px4_msgs) StdoutLine: {'line': b'-- Up-to-date: /home/pavel/ws_ros2/install/px4_msgs/local/lib/python3.10/dist-packages/px4_msgs/msg/_gps_dump.py\n'}
[6.057585] (px4_msgs) StdoutLine: {'line': b'-- Up-to-date: /home/pavel/ws_ros2/install/px4_msgs/local/lib/python3.10/dist-packages/px4_msgs/msg/_landing_target_innovations_s.c\n'}
[6.057641] (px4_msgs) StdoutLine: {'line': b'-- Up-to-date: /home/pavel/ws_ros2/install/px4_msgs/local/lib/python3.10/dist-packages/px4_msgs/msg/_differential_pressure.py\n'}
[6.057696] (px4_msgs) StdoutLine: {'line': b'-- Up-to-date: /home/pavel/ws_ros2/install/px4_msgs/local/lib/python3.10/dist-packages/px4_msgs/msg/_sensor_selection_s.c\n'}
[6.057751] (px4_msgs) StdoutLine: {'line': b'-- Up-to-date: /home/pavel/ws_ros2/install/px4_msgs/local/lib/python3.10/dist-packages/px4_msgs/msg/_sensor_accel_s.c\n'}
[6.057806] (px4_msgs) StdoutLine: {'line': b'-- Up-to-date: /home/pavel/ws_ros2/install/px4_msgs/local/lib/python3.10/dist-packages/px4_msgs/msg/_estimator_gps_status.py\n'}
[6.057892] (px4_msgs) StdoutLine: {'line': b'-- Up-to-date: /home/pavel/ws_ros2/install/px4_msgs/local/lib/python3.10/dist-packages/px4_msgs/msg/_vehicle_attitude_s.c\n'}
[6.057949] (px4_msgs) StdoutLine: {'line': b'-- Up-to-date: /home/pavel/ws_ros2/install/px4_msgs/local/lib/python3.10/dist-packages/px4_msgs/msg/_sensor_preflight_mag_s.c\n'}
[6.057998] (px4_msgs) StdoutLine: {'line': b'-- Up-to-date: /home/pavel/ws_ros2/install/px4_msgs/local/lib/python3.10/dist-packages/px4_msgs/msg/_vehicle_imu.py\n'}
[6.058048] (px4_msgs) StdoutLine: {'line': b'-- Up-to-date: /home/pavel/ws_ros2/install/px4_msgs/local/lib/python3.10/dist-packages/px4_msgs/msg/_config_overrides.py\n'}
[6.058102] (px4_msgs) StdoutLine: {'line': b'-- Up-to-date: /home/pavel/ws_ros2/install/px4_msgs/local/lib/python3.10/dist-packages/px4_msgs/msg/_failure_detector_status_s.c\n'}
[6.058154] (px4_msgs) StdoutLine: {'line': b'-- Up-to-date: /home/pavel/ws_ros2/install/px4_msgs/local/lib/python3.10/dist-packages/px4_msgs/msg/_estimator_selector_status_s.c\n'}
[6.058203] (px4_msgs) StdoutLine: {'line': b'-- Up-to-date: /home/pavel/ws_ros2/install/px4_msgs/local/lib/python3.10/dist-packages/px4_msgs/msg/_health_report_s.c\n'}
[6.058258] (px4_msgs) StdoutLine: {'line': b'-- Up-to-date: /home/pavel/ws_ros2/install/px4_msgs/local/lib/python3.10/dist-packages/px4_msgs/msg/_gimbal_controls_s.c\n'}
[6.058314] (px4_msgs) StdoutLine: {'line': b'-- Up-to-date: /home/pavel/ws_ros2/install/px4_msgs/local/lib/python3.10/dist-packages/px4_msgs/msg/_follow_target_status_s.c\n'}
[6.058369] (px4_msgs) StdoutLine: {'line': b'-- Up-to-date: /home/pavel/ws_ros2/install/px4_msgs/local/lib/python3.10/dist-packages/px4_msgs/msg/_hover_thrust_estimate.py\n'}
[6.058424] (px4_msgs) StdoutLine: {'line': b'-- Up-to-date: /home/pavel/ws_ros2/install/px4_msgs/local/lib/python3.10/dist-packages/px4_msgs/msg/_actuator_servos_s.c\n'}
[6.058479] (px4_msgs) StdoutLine: {'line': b'-- Up-to-date: /home/pavel/ws_ros2/install/px4_msgs/local/lib/python3.10/dist-packages/px4_msgs/msg/_button_event_s.c\n'}
[6.058535] (px4_msgs) StdoutLine: {'line': b'-- Up-to-date: /home/pavel/ws_ros2/install/px4_msgs/local/lib/python3.10/dist-packages/px4_msgs/msg/_buffer128.py\n'}
[6.058590] (px4_msgs) StdoutLine: {'line': b'-- Up-to-date: /home/pavel/ws_ros2/install/px4_msgs/local/lib/python3.10/dist-packages/px4_msgs/msg/_gpio_out_s.c\n'}
[6.058662] (px4_msgs) StdoutLine: {'line': b'-- Up-to-date: /home/pavel/ws_ros2/install/px4_msgs/local/lib/python3.10/dist-packages/px4_msgs/msg/_input_rc.py\n'}
[6.058712] (px4_msgs) StdoutLine: {'line': b'-- Up-to-date: /home/pavel/ws_ros2/install/px4_msgs/local/lib/python3.10/dist-packages/px4_msgs/msg/_vehicle_magnetometer.py\n'}
[6.058767] (px4_msgs) StdoutLine: {'line': b'-- Up-to-date: /home/pavel/ws_ros2/install/px4_msgs/local/lib/python3.10/dist-packages/px4_msgs/msg/_estimator_status.py\n'}
[6.058823] (px4_msgs) StdoutLine: {'line': b'-- Up-to-date: /home/pavel/ws_ros2/install/px4_msgs/local/lib/python3.10/dist-packages/px4_msgs/msg/_sensor_correction_s.c\n'}
[6.058902] (px4_msgs) StdoutLine: {'line': b'-- Up-to-date: /home/pavel/ws_ros2/install/px4_msgs/local/lib/python3.10/dist-packages/px4_msgs/msg/_gpio_request_s.c\n'}
[6.058955] (px4_msgs) StdoutLine: {'line': b'-- Up-to-date: /home/pavel/ws_ros2/install/px4_msgs/local/lib/python3.10/dist-packages/px4_msgs/msg/_mavlink_tunnel_s.c\n'}
[6.059005] (px4_msgs) StdoutLine: {'line': b'-- Up-to-date: /home/pavel/ws_ros2/install/px4_msgs/local/lib/python3.10/dist-packages/px4_msgs/msg/_normalized_unsigned_setpoint_s.c\n'}
[6.059055] (px4_msgs) StdoutLine: {'line': b'-- Up-to-date: /home/pavel/ws_ros2/install/px4_msgs/local/lib/python3.10/dist-packages/px4_msgs/msg/_debug_key_value_s.c\n'}
[6.059105] (px4_msgs) StdoutLine: {'line': b'-- Up-to-date: /home/pavel/ws_ros2/install/px4_msgs/local/lib/python3.10/dist-packages/px4_msgs/msg/_gimbal_manager_information_s.c\n'}
[6.059155] (px4_msgs) StdoutLine: {'line': b'-- Up-to-date: /home/pavel/ws_ros2/install/px4_msgs/local/lib/python3.10/dist-packages/px4_msgs/msg/_radio_status_s.c\n'}
[6.059204] (px4_msgs) StdoutLine: {'line': b'-- Up-to-date: /home/pavel/ws_ros2/install/px4_msgs/local/lib/python3.10/dist-packages/px4_msgs/msg/_camera_trigger.py\n'}
[6.059270] (px4_msgs) StdoutLine: {'line': b'-- Up-to-date: /home/pavel/ws_ros2/install/px4_msgs/local/lib/python3.10/dist-packages/px4_msgs/msg/_parameter_set_value_request_s.c\n'}
[6.059340] (px4_msgs) StdoutLine: {'line': b'-- Up-to-date: /home/pavel/ws_ros2/install/px4_msgs/local/lib/python3.10/dist-packages/px4_msgs/msg/_estimator_states.py\n'}
[6.059389] (px4_msgs) StdoutLine: {'line': b'-- Up-to-date: /home/pavel/ws_ros2/install/px4_msgs/local/lib/python3.10/dist-packages/px4_msgs/msg/_uavcan_parameter_value_s.c\n'}
[6.059437] (px4_msgs) StdoutLine: {'line': b'-- Up-to-date: /home/pavel/ws_ros2/install/px4_msgs/local/lib/python3.10/dist-packages/px4_msgs/msg/_estimator_aid_source3d.py\n'}
[6.059485] (px4_msgs) StdoutLine: {'line': b'-- Up-to-date: /home/pavel/ws_ros2/install/px4_msgs/local/lib/python3.10/dist-packages/px4_msgs/msg/_rpm.py\n'}
[6.059546] (px4_msgs) StdoutLine: {'line': b'-- Up-to-date: /home/pavel/ws_ros2/install/px4_msgs/local/lib/python3.10/dist-packages/px4_msgs/msg/_orb_test_large.py\n'}
[6.059595] (px4_msgs) StdoutLine: {'line': b'-- Up-to-date: /home/pavel/ws_ros2/install/px4_msgs/local/lib/python3.10/dist-packages/px4_msgs/msg/_rtl_time_estimate_s.c\n'}
[6.059643] (px4_msgs) StdoutLine: {'line': b'-- Up-to-date: /home/pavel/ws_ros2/install/px4_msgs/local/lib/python3.10/dist-packages/px4_msgs/msg/_trajectory_setpoint_s.c\n'}
[6.059691] (px4_msgs) StdoutLine: {'line': b'-- Up-to-date: /home/pavel/ws_ros2/install/px4_msgs/local/lib/python3.10/dist-packages/px4_msgs/msg/_vehicle_local_position_setpoint.py\n'}
[6.059740] (px4_msgs) StdoutLine: {'line': b'-- Up-to-date: /home/pavel/ws_ros2/install/px4_msgs/local/lib/python3.10/dist-packages/px4_msgs/msg/_home_position_s.c\n'}
[6.059789] (px4_msgs) StdoutLine: {'line': b'-- Up-to-date: /home/pavel/ws_ros2/install/px4_msgs/local/lib/python3.10/dist-packages/px4_msgs/msg/_register_ext_component_request.py\n'}
[6.059842] (px4_msgs) StdoutLine: {'line': b'-- Up-to-date: /home/pavel/ws_ros2/install/px4_msgs/local/lib/python3.10/dist-packages/px4_msgs/msg/_sensor_uwb_s.c\n'}
[6.059908] (px4_msgs) StdoutLine: {'line': b'-- Up-to-date: /home/pavel/ws_ros2/install/px4_msgs/local/lib/python3.10/dist-packages/px4_msgs/msg/_estimator_sensor_bias.py\n'}
[6.059992] (px4_msgs) StdoutLine: {'line': b'-- Up-to-date: /home/pavel/ws_ros2/install/px4_msgs/local/lib/python3.10/dist-packages/px4_msgs/msg/_vehicle_command_ack.py\n'}
[6.060043] (px4_msgs) StdoutLine: {'line': b'-- Up-to-date: /home/pavel/ws_ros2/install/px4_msgs/local/lib/python3.10/dist-packages/px4_msgs/msg/_vehicle_status.py\n'}
[6.060092] (px4_msgs) StdoutLine: {'line': b'-- Up-to-date: /home/pavel/ws_ros2/install/px4_msgs/local/lib/python3.10/dist-packages/px4_msgs/msg/_figure_eight_status.py\n'}
[6.060143] (px4_msgs) StdoutLine: {'line': b'-- Up-to-date: /home/pavel/ws_ros2/install/px4_msgs/local/lib/python3.10/dist-packages/px4_msgs/msg/_logger_status.py\n'}
[6.060193] (px4_msgs) StdoutLine: {'line': b'-- Up-to-date: /home/pavel/ws_ros2/install/px4_msgs/local/lib/python3.10/dist-packages/px4_msgs/msg/_manual_control_setpoint.py\n'}
[6.060256] (px4_msgs) StdoutLine: {'line': b'-- Up-to-date: /home/pavel/ws_ros2/install/px4_msgs/local/lib/python3.10/dist-packages/px4_msgs/msg/_manual_control_setpoint_s.c\n'}
[6.060306] (px4_msgs) StdoutLine: {'line': b'-- Up-to-date: /home/pavel/ws_ros2/install/px4_msgs/local/lib/python3.10/dist-packages/px4_msgs/msg/_estimator_aid_source3d_s.c\n'}
[6.060356] (px4_msgs) StdoutLine: {'line': b'-- Up-to-date: /home/pavel/ws_ros2/install/px4_msgs/local/lib/python3.10/dist-packages/px4_msgs/msg/_geofence_status.py\n'}
[6.060406] (px4_msgs) StdoutLine: {'line': b'-- Up-to-date: /home/pavel/ws_ros2/install/px4_msgs/local/lib/python3.10/dist-packages/px4_msgs/msg/_internal_combustion_engine_status.py\n'}
[6.060462] (px4_msgs) StdoutLine: {'line': b'-- Up-to-date: /home/pavel/ws_ros2/install/px4_msgs/local/lib/python3.10/dist-packages/px4_msgs/msg/_mission.py\n'}
[6.060517] (px4_msgs) StdoutLine: {'line': b'-- Up-to-date: /home/pavel/ws_ros2/install/px4_msgs/local/lib/python3.10/dist-packages/px4_msgs/msg/_vehicle_command_ack_s.c\n'}
[6.060573] (px4_msgs) StdoutLine: {'line': b'-- Up-to-date: /home/pavel/ws_ros2/install/px4_msgs/local/lib/python3.10/dist-packages/px4_msgs/msg/_position_setpoint_s.c\n'}
[6.060630] (px4_msgs) StdoutLine: {'line': b'-- Up-to-date: /home/pavel/ws_ros2/install/px4_msgs/local/lib/python3.10/dist-packages/px4_msgs/msg/_mount_orientation.py\n'}
[6.060686] (px4_msgs) StdoutLine: {'line': b'-- Up-to-date: /home/pavel/ws_ros2/install/px4_msgs/local/lib/python3.10/dist-packages/px4_msgs/msg/_goto_setpoint_s.c\n'}
[6.060741] (px4_msgs) StdoutLine: {'line': b'-- Up-to-date: /home/pavel/ws_ros2/install/px4_msgs/local/lib/python3.10/dist-packages/px4_msgs/msg/_px4io_status.py\n'}
[6.060796] (px4_msgs) StdoutLine: {'line': b'-- Up-to-date: /home/pavel/ws_ros2/install/px4_msgs/local/lib/python3.10/dist-packages/px4_msgs/msg/_gimbal_manager_set_attitude.py\n'}
[6.060856] (px4_msgs) StdoutLine: {'line': b'-- Up-to-date: /home/pavel/ws_ros2/install/px4_msgs/local/lib/python3.10/dist-packages/px4_msgs/msg/_pwm_input.py\n'}
[6.060948] (px4_msgs) StdoutLine: {'line': b'-- Up-to-date: /home/pavel/ws_ros2/install/px4_msgs/local/lib/python3.10/dist-packages/px4_msgs/msg/_sensor_combined_s.c\n'}
[6.061004] (px4_msgs) StdoutLine: {'line': b'-- Up-to-date: /home/pavel/ws_ros2/install/px4_msgs/local/lib/python3.10/dist-packages/px4_msgs/msg/_estimator_aid_source2d.py\n'}
[6.061060] (px4_msgs) StdoutLine: {'line': b'-- Up-to-date: /home/pavel/ws_ros2/install/px4_msgs/local/lib/python3.10/dist-packages/px4_msgs/msg/_landing_target_innovations.py\n'}
[6.061115] (px4_msgs) StdoutLine: {'line': b'-- Up-to-date: /home/pavel/ws_ros2/install/px4_msgs/local/lib/python3.10/dist-packages/px4_msgs/msg/_wheel_encoders.py\n'}
[6.061187] (px4_msgs) StdoutLine: {'line': b'-- Up-to-date: /home/pavel/ws_ros2/install/px4_msgs/local/lib/python3.10/dist-packages/px4_msgs/msg/_home_position.py\n'}
[6.061238] (px4_msgs) StdoutLine: {'line': b'-- Up-to-date: /home/pavel/ws_ros2/install/px4_msgs/local/lib/python3.10/dist-packages/px4_msgs/msg/_vehicle_roi.py\n'}
[6.061289] (px4_msgs) StdoutLine: {'line': b'-- Up-to-date: /home/pavel/ws_ros2/install/px4_msgs/local/lib/python3.10/dist-packages/px4_msgs/msg/_qshell_req.py\n'}
[6.061358] (px4_msgs) StdoutLine: {'line': b'-- Up-to-date: /home/pavel/ws_ros2/install/px4_msgs/local/lib/python3.10/dist-packages/px4_msgs/msg/_task_stack_info_s.c\n'}
[6.061409] (px4_msgs) StdoutLine: {'line': b'-- Up-to-date: /home/pavel/ws_ros2/install/px4_msgs/local/lib/python3.10/dist-packages/px4_msgs/msg/_position_setpoint.py\n'}
[6.061459] (px4_msgs) StdoutLine: {'line': b'-- Up-to-date: /home/pavel/ws_ros2/install/px4_msgs/local/lib/python3.10/dist-packages/px4_msgs/msg/_trajectory_bezier_s.c\n'}
[6.061508] (px4_msgs) StdoutLine: {'line': b'-- Up-to-date: /home/pavel/ws_ros2/install/px4_msgs/local/lib/python3.10/dist-packages/px4_msgs/msg/_follow_target_estimator.py\n'}
[6.061558] (px4_msgs) StdoutLine: {'line': b'-- Up-to-date: /home/pavel/ws_ros2/install/px4_msgs/local/lib/python3.10/dist-packages/px4_msgs/msg/_irlock_report.py\n'}
[6.061614] (px4_msgs) StdoutLine: {'line': b'-- Up-to-date: /home/pavel/ws_ros2/install/px4_msgs/local/lib/python3.10/dist-packages/px4_msgs/msg/_vehicle_optical_flow_vel.py\n'}
[6.061664] (px4_msgs) StdoutLine: {'line': b'-- Up-to-date: /home/pavel/ws_ros2/install/px4_msgs/local/lib/python3.10/dist-packages/px4_msgs/msg/_message_format_request_s.c\n'}
[6.061714] (px4_msgs) StdoutLine: {'line': b'-- Up-to-date: /home/pavel/ws_ros2/install/px4_msgs/local/lib/python3.10/dist-packages/px4_msgs/msg/_sensor_airflow_s.c\n'}
[6.061762] (px4_msgs) StdoutLine: {'line': b'-- Up-to-date: /home/pavel/ws_ros2/install/px4_msgs/local/lib/python3.10/dist-packages/px4_msgs/msg/_estimator_sensor_bias_s.c\n'}
[6.061814] (px4_msgs) StdoutLine: {'line': b'-- Up-to-date: /home/pavel/ws_ros2/install/px4_msgs/local/lib/python3.10/dist-packages/px4_msgs/msg/_estimator_gps_status_s.c\n'}
[6.061892] (px4_msgs) StdoutLine: {'line': b'-- Up-to-date: /home/pavel/ws_ros2/install/px4_msgs/local/lib/python3.10/dist-packages/px4_msgs/msg/_transponder_report_s.c\n'}
[6.061946] (px4_msgs) StdoutLine: {'line': b'-- Up-to-date: /home/pavel/ws_ros2/install/px4_msgs/local/lib/python3.10/dist-packages/px4_msgs/msg/_actuator_servos_trim_s.c\n'}
[6.061995] (px4_msgs) StdoutLine: {'line': b'-- Up-to-date: /home/pavel/ws_ros2/install/px4_msgs/local/lib/python3.10/dist-packages/px4_msgs/msg/_internal_combustion_engine_status_s.c\n'}
[6.062045] (px4_msgs) StdoutLine: {'line': b'-- Up-to-date: /home/pavel/ws_ros2/install/px4_msgs/local/lib/python3.10/dist-packages/px4_msgs/msg/_npfg_status.py\n'}
[6.062095] (px4_msgs) StdoutLine: {'line': b'-- Up-to-date: /home/pavel/ws_ros2/install/px4_msgs/local/lib/python3.10/dist-packages/px4_msgs/msg/_sensor_gnss_relative_s.c\n'}
[6.062150] (px4_msgs) StdoutLine: {'line': b'-- Up-to-date: /home/pavel/ws_ros2/install/px4_msgs/local/lib/python3.10/dist-packages/px4_msgs/msg/_power_button_state_s.c\n'}
[6.062205] (px4_msgs) StdoutLine: {'line': b'-- Up-to-date: /home/pavel/ws_ros2/install/px4_msgs/local/lib/python3.10/dist-packages/px4_msgs/msg/_debug_vect.py\n'}
[6.062259] (px4_msgs) StdoutLine: {'line': b'-- Up-to-date: /home/pavel/ws_ros2/install/px4_msgs/local/lib/python3.10/dist-packages/px4_msgs/msg/_magnetometer_bias_estimate_s.c\n'}
[6.062315] (px4_msgs) StdoutLine: {'line': b'-- Up-to-date: /home/pavel/ws_ros2/install/px4_msgs/local/lib/python3.10/dist-packages/px4_msgs/msg/_estimator_innovations_s.c\n'}
[6.062370] (px4_msgs) StdoutLine: {'line': b'-- Up-to-date: /home/pavel/ws_ros2/install/px4_msgs/local/lib/python3.10/dist-packages/px4_msgs/msg/_rc_channels_s.c\n'}
[6.062425] (px4_msgs) StdoutLine: {'line': b'-- Up-to-date: /home/pavel/ws_ros2/install/px4_msgs/local/lib/python3.10/dist-packages/px4_msgs/msg/_follow_target_estimator_s.c\n'}
[6.062481] (px4_msgs) StdoutLine: {'line': b'-- Up-to-date: /home/pavel/ws_ros2/install/px4_msgs/local/lib/python3.10/dist-packages/px4_msgs/msg/_collision_constraints_s.c\n'}
[6.062537] (px4_msgs) StdoutLine: {'line': b'-- Up-to-date: /home/pavel/ws_ros2/install/px4_msgs/local/lib/python3.10/dist-packages/px4_msgs/msg/_actuator_motors.py\n'}
[6.062610] (px4_msgs) StdoutLine: {'line': b'-- Up-to-date: /home/pavel/ws_ros2/install/px4_msgs/local/lib/python3.10/dist-packages/px4_msgs/msg/_esc_report.py\n'}
[6.062660] (px4_msgs) StdoutLine: {'line': b'-- Up-to-date: /home/pavel/ws_ros2/install/px4_msgs/local/lib/python3.10/dist-packages/px4_msgs/msg/_gimbal_controls.py\n'}
[6.062710] (px4_msgs) StdoutLine: {'line': b'-- Up-to-date: /home/pavel/ws_ros2/install/px4_msgs/local/lib/python3.10/dist-packages/px4_msgs/msg/_sensor_baro.py\n'}
[6.062766] (px4_msgs) StdoutLine: {'line': b'-- Up-to-date: /home/pavel/ws_ros2/install/px4_msgs/local/lib/python3.10/dist-packages/px4_msgs/msg/_wheel_encoders_s.c\n'}
[6.062821] (px4_msgs) StdoutLine: {'line': b'-- Up-to-date: /home/pavel/ws_ros2/install/px4_msgs/local/lib/python3.10/dist-packages/px4_msgs/msg/_parameter_update.py\n'}
[6.062899] (px4_msgs) StdoutLine: {'line': b'-- Up-to-date: /home/pavel/ws_ros2/install/px4_msgs/local/lib/python3.10/dist-packages/px4_msgs/msg/_tune_control.py\n'}
[6.062952] (px4_msgs) StdoutLine: {'line': b'-- Up-to-date: /home/pavel/ws_ros2/install/px4_msgs/local/lib/python3.10/dist-packages/px4_msgs/msg/_estimator_aid_source1d_s.c\n'}
[6.063002] (px4_msgs) StdoutLine: {'line': b'-- Up-to-date: /home/pavel/ws_ros2/install/px4_msgs/local/lib/python3.10/dist-packages/px4_msgs/msg/_mission_s.c\n'}
[6.063058] (px4_msgs) StdoutLine: {'line': b'-- Up-to-date: /home/pavel/ws_ros2/install/px4_msgs/local/lib/python3.10/dist-packages/px4_msgs/msg/_pps_capture_s.c\n'}
[6.063108] (px4_msgs) StdoutLine: {'line': b'-- Up-to-date: /home/pavel/ws_ros2/install/px4_msgs/local/lib/python3.10/dist-packages/px4_msgs/msg/_sensor_selection.py\n'}
[6.063157] (px4_msgs) StdoutLine: {'line': b'-- Up-to-date: /home/pavel/ws_ros2/install/px4_msgs/local/lib/python3.10/dist-packages/px4_msgs/msg/_rpm_s.c\n'}
[6.063206] (px4_msgs) StdoutLine: {'line': b'-- Up-to-date: /home/pavel/ws_ros2/install/px4_msgs/local/lib/python3.10/dist-packages/px4_msgs/msg/_vehicle_local_position_s.c\n'}
[6.063267] (px4_msgs) StdoutLine: {'line': b'-- Up-to-date: /home/pavel/ws_ros2/install/px4_msgs/local/lib/python3.10/dist-packages/px4_msgs/msg/_differential_drive_setpoint.py\n'}
[6.063321] (px4_msgs) StdoutLine: {'line': b'-- Up-to-date: /home/pavel/ws_ros2/install/px4_msgs/local/lib/python3.10/dist-packages/px4_msgs/msg/_ulog_stream_s.c\n'}
[6.063371] (px4_msgs) StdoutLine: {'line': b'-- Up-to-date: /home/pavel/ws_ros2/install/px4_msgs/local/lib/python3.10/dist-packages/px4_msgs/msg/_dataman_request_s.c\n'}
[6.063420] (px4_msgs) StdoutLine: {'line': b'-- Up-to-date: /home/pavel/ws_ros2/install/px4_msgs/local/lib/python3.10/dist-packages/px4_msgs/px4_msgs_s__rosidl_typesupport_introspection_c.cpython-310-x86_64-linux-gnu.so\n'}
[6.063470] (px4_msgs) StdoutLine: {'line': b'-- Up-to-date: /home/pavel/ws_ros2/install/px4_msgs/local/lib/python3.10/dist-packages/px4_msgs/_px4_msgs_s.ep.rosidl_typesupport_c.c\n'}
[6.063519] (px4_msgs) StdoutLine: {'line': b'-- Up-to-date: /home/pavel/ws_ros2/install/px4_msgs/local/lib/python3.10/dist-packages/px4_msgs/px4_msgs_s__rosidl_typesupport_c.cpython-310-x86_64-linux-gnu.so\n'}
[6.063570] (px4_msgs) StdoutLine: {'line': b"Listing '/home/pavel/ws_ros2/install/px4_msgs/local/lib/python3.10/dist-packages/px4_msgs'...\n"}
[6.063620] (px4_msgs) StdoutLine: {'line': b"Listing '/home/pavel/ws_ros2/install/px4_msgs/local/lib/python3.10/dist-packages/px4_msgs/msg'...\n"}
[6.063671] (px4_msgs) StdoutLine: {'line': b"Listing '/home/pavel/ws_ros2/install/px4_msgs/local/lib/python3.10/dist-packages/px4_msgs/srv'...\n"}
[6.063722] (px4_msgs) StdoutLine: {'line': b'-- Up-to-date: /home/pavel/ws_ros2/install/px4_msgs/local/lib/python3.10/dist-packages/px4_msgs/px4_msgs_s__rosidl_typesupport_fastrtps_c.cpython-310-x86_64-linux-gnu.so\n'}
[6.063778] (px4_msgs) StdoutLine: {'line': b'-- Up-to-date: /home/pavel/ws_ros2/install/px4_msgs/local/lib/python3.10/dist-packages/px4_msgs/px4_msgs_s__rosidl_typesupport_introspection_c.cpython-310-x86_64-linux-gnu.so\n'}
[6.063834] (px4_msgs) StdoutLine: {'line': b'-- Up-to-date: /home/pavel/ws_ros2/install/px4_msgs/local/lib/python3.10/dist-packages/px4_msgs/px4_msgs_s__rosidl_typesupport_c.cpython-310-x86_64-linux-gnu.so\n'}
[6.063918] (px4_msgs) StdoutLine: {'line': b'-- Up-to-date: /home/pavel/ws_ros2/install/px4_msgs/lib/libpx4_msgs__rosidl_generator_py.so\n'}
[6.063972] (px4_msgs) StdoutLine: {'line': b'-- Up-to-date: /home/pavel/ws_ros2/install/px4_msgs/share/px4_msgs/msg/ActionRequest.idl\n'}
[6.064023] (px4_msgs) StdoutLine: {'line': b'-- Up-to-date: /home/pavel/ws_ros2/install/px4_msgs/share/px4_msgs/msg/ActuatorArmed.idl\n'}
[6.064074] (px4_msgs) StdoutLine: {'line': b'-- Up-to-date: /home/pavel/ws_ros2/install/px4_msgs/share/px4_msgs/msg/ActuatorControlsStatus.idl\n'}
[6.064123] (px4_msgs) StdoutLine: {'line': b'-- Up-to-date: /home/pavel/ws_ros2/install/px4_msgs/share/px4_msgs/msg/ActuatorMotors.idl\n'}
[6.064173] (px4_msgs) StdoutLine: {'line': b'-- Up-to-date: /home/pavel/ws_ros2/install/px4_msgs/share/px4_msgs/msg/ActuatorOutputs.idl\n'}
[6.064223] (px4_msgs) StdoutLine: {'line': b'-- Up-to-date: /home/pavel/ws_ros2/install/px4_msgs/share/px4_msgs/msg/ActuatorServos.idl\n'}
[6.064285] (px4_msgs) StdoutLine: {'line': b'-- Up-to-date: /home/pavel/ws_ros2/install/px4_msgs/share/px4_msgs/msg/ActuatorServosTrim.idl\n'}
[6.064333] (px4_msgs) StdoutLine: {'line': b'-- Up-to-date: /home/pavel/ws_ros2/install/px4_msgs/share/px4_msgs/msg/ActuatorTest.idl\n'}
[6.064382] (px4_msgs) StdoutLine: {'line': b'-- Up-to-date: /home/pavel/ws_ros2/install/px4_msgs/share/px4_msgs/msg/AdcReport.idl\n'}
[6.064435] (px4_msgs) StdoutLine: {'line': b'-- Up-to-date: /home/pavel/ws_ros2/install/px4_msgs/share/px4_msgs/msg/Airspeed.idl\n'}
[6.064490] (px4_msgs) StdoutLine: {'line': b'-- Up-to-date: /home/pavel/ws_ros2/install/px4_msgs/share/px4_msgs/msg/AirspeedValidated.idl\n'}
[6.064543] (px4_msgs) StdoutLine: {'line': b'-- Up-to-date: /home/pavel/ws_ros2/install/px4_msgs/share/px4_msgs/msg/AirspeedWind.idl\n'}
[6.064597] (px4_msgs) StdoutLine: {'line': b'-- Up-to-date: /home/pavel/ws_ros2/install/px4_msgs/share/px4_msgs/msg/ArmingCheckReply.idl\n'}
[6.064651] (px4_msgs) StdoutLine: {'line': b'-- Up-to-date: /home/pavel/ws_ros2/install/px4_msgs/share/px4_msgs/msg/ArmingCheckRequest.idl\n'}
[6.064705] (px4_msgs) StdoutLine: {'line': b'-- Up-to-date: /home/pavel/ws_ros2/install/px4_msgs/share/px4_msgs/msg/AutotuneAttitudeControlStatus.idl\n'}
[6.064759] (px4_msgs) StdoutLine: {'line': b'-- Up-to-date: /home/pavel/ws_ros2/install/px4_msgs/share/px4_msgs/msg/BatteryStatus.idl\n'}
[6.064812] (px4_msgs) StdoutLine: {'line': b'-- Up-to-date: /home/pavel/ws_ros2/install/px4_msgs/share/px4_msgs/msg/Buffer128.idl\n'}
[6.064900] (px4_msgs) StdoutLine: {'line': b'-- Up-to-date: /home/pavel/ws_ros2/install/px4_msgs/share/px4_msgs/msg/ButtonEvent.idl\n'}
[6.064956] (px4_msgs) StdoutLine: {'line': b'-- Up-to-date: /home/pavel/ws_ros2/install/px4_msgs/share/px4_msgs/msg/CameraCapture.idl\n'}
[6.065006] (px4_msgs) StdoutLine: {'line': b'-- Up-to-date: /home/pavel/ws_ros2/install/px4_msgs/share/px4_msgs/msg/CameraStatus.idl\n'}
[6.065056] (px4_msgs) StdoutLine: {'line': b'-- Up-to-date: /home/pavel/ws_ros2/install/px4_msgs/share/px4_msgs/msg/CameraTrigger.idl\n'}
[6.065113] (px4_msgs) StdoutLine: {'line': b'-- Up-to-date: /home/pavel/ws_ros2/install/px4_msgs/share/px4_msgs/msg/CanInterfaceStatus.idl\n'}
[6.065163] (px4_msgs) StdoutLine: {'line': b'-- Up-to-date: /home/pavel/ws_ros2/install/px4_msgs/share/px4_msgs/msg/CellularStatus.idl\n'}
[6.065217] (px4_msgs) StdoutLine: {'line': b'-- Up-to-date: /home/pavel/ws_ros2/install/px4_msgs/share/px4_msgs/msg/CollisionConstraints.idl\n'}
[6.065286] (px4_msgs) StdoutLine: {'line': b'-- Up-to-date: /home/pavel/ws_ros2/install/px4_msgs/share/px4_msgs/msg/CollisionReport.idl\n'}
[6.065353] (px4_msgs) StdoutLine: {'line': b'-- Up-to-date: /home/pavel/ws_ros2/install/px4_msgs/share/px4_msgs/msg/ConfigOverrides.idl\n'}
[6.065404] (px4_msgs) StdoutLine: {'line': b'-- Up-to-date: /home/pavel/ws_ros2/install/px4_msgs/share/px4_msgs/msg/ControlAllocatorStatus.idl\n'}
[6.065459] (px4_msgs) StdoutLine: {'line': b'-- Up-to-date: /home/pavel/ws_ros2/install/px4_msgs/share/px4_msgs/msg/Cpuload.idl\n'}
[6.065516] (px4_msgs) StdoutLine: {'line': b'-- Up-to-date: /home/pavel/ws_ros2/install/px4_msgs/share/px4_msgs/msg/DatamanRequest.idl\n'}
[6.065573] (px4_msgs) StdoutLine: {'line': b'-- Up-to-date: /home/pavel/ws_ros2/install/px4_msgs/share/px4_msgs/msg/DatamanResponse.idl\n'}
[6.065629] (px4_msgs) StdoutLine: {'line': b'-- Up-to-date: /home/pavel/ws_ros2/install/px4_msgs/share/px4_msgs/msg/DebugArray.idl\n'}
[6.065685] (px4_msgs) StdoutLine: {'line': b'-- Up-to-date: /home/pavel/ws_ros2/install/px4_msgs/share/px4_msgs/msg/DebugKeyValue.idl\n'}
[6.065740] (px4_msgs) StdoutLine: {'line': b'-- Up-to-date: /home/pavel/ws_ros2/install/px4_msgs/share/px4_msgs/msg/DebugValue.idl\n'}
[6.065795] (px4_msgs) StdoutLine: {'line': b'-- Up-to-date: /home/pavel/ws_ros2/install/px4_msgs/share/px4_msgs/msg/DebugVect.idl\n'}
[6.065857] (px4_msgs) StdoutLine: {'line': b'-- Up-to-date: /home/pavel/ws_ros2/install/px4_msgs/share/px4_msgs/msg/DifferentialDriveSetpoint.idl\n'}
[6.065936] (px4_msgs) StdoutLine: {'line': b'-- Up-to-date: /home/pavel/ws_ros2/install/px4_msgs/share/px4_msgs/msg/DifferentialPressure.idl\n'}
[6.065988] (px4_msgs) StdoutLine: {'line': b'-- Up-to-date: /home/pavel/ws_ros2/install/px4_msgs/share/px4_msgs/msg/DistanceSensor.idl\n'}
[6.066038] (px4_msgs) StdoutLine: {'line': b'-- Up-to-date: /home/pavel/ws_ros2/install/px4_msgs/share/px4_msgs/msg/Ekf2Timestamps.idl\n'}
[6.066087] (px4_msgs) StdoutLine: {'line': b'-- Up-to-date: /home/pavel/ws_ros2/install/px4_msgs/share/px4_msgs/msg/EscReport.idl\n'}
[6.066137] (px4_msgs) StdoutLine: {'line': b'-- Up-to-date: /home/pavel/ws_ros2/install/px4_msgs/share/px4_msgs/msg/EscStatus.idl\n'}
[6.066187] (px4_msgs) StdoutLine: {'line': b'-- Up-to-date: /home/pavel/ws_ros2/install/px4_msgs/share/px4_msgs/msg/EstimatorAidSource1d.idl\n'}
[6.066237] (px4_msgs) StdoutLine: {'line': b'-- Up-to-date: /home/pavel/ws_ros2/install/px4_msgs/share/px4_msgs/msg/EstimatorAidSource2d.idl\n'}
[6.066288] (px4_msgs) StdoutLine: {'line': b'-- Up-to-date: /home/pavel/ws_ros2/install/px4_msgs/share/px4_msgs/msg/EstimatorAidSource3d.idl\n'}
[6.066343] (px4_msgs) StdoutLine: {'line': b'-- Up-to-date: /home/pavel/ws_ros2/install/px4_msgs/share/px4_msgs/msg/EstimatorBias.idl\n'}
[6.066399] (px4_msgs) StdoutLine: {'line': b'-- Up-to-date: /home/pavel/ws_ros2/install/px4_msgs/share/px4_msgs/msg/EstimatorBias3d.idl\n'}
[6.066455] (px4_msgs) StdoutLine: {'line': b'-- Up-to-date: /home/pavel/ws_ros2/install/px4_msgs/share/px4_msgs/msg/EstimatorEventFlags.idl\n'}
[6.066511] (px4_msgs) StdoutLine: {'line': b'-- Up-to-date: /home/pavel/ws_ros2/install/px4_msgs/share/px4_msgs/msg/EstimatorGpsStatus.idl\n'}
[6.066567] (px4_msgs) StdoutLine: {'line': b'-- Up-to-date: /home/pavel/ws_ros2/install/px4_msgs/share/px4_msgs/msg/EstimatorInnovations.idl\n'}
[6.066623] (px4_msgs) StdoutLine: {'line': b'-- Up-to-date: /home/pavel/ws_ros2/install/px4_msgs/share/px4_msgs/msg/EstimatorSelectorStatus.idl\n'}
[6.066679] (px4_msgs) StdoutLine: {'line': b'-- Up-to-date: /home/pavel/ws_ros2/install/px4_msgs/share/px4_msgs/msg/EstimatorSensorBias.idl\n'}
[6.066734] (px4_msgs) StdoutLine: {'line': b'-- Up-to-date: /home/pavel/ws_ros2/install/px4_msgs/share/px4_msgs/msg/EstimatorStates.idl\n'}
[6.066789] (px4_msgs) StdoutLine: {'line': b'-- Up-to-date: /home/pavel/ws_ros2/install/px4_msgs/share/px4_msgs/msg/EstimatorStatus.idl\n'}
[6.066850] (px4_msgs) StdoutLine: {'line': b'-- Up-to-date: /home/pavel/ws_ros2/install/px4_msgs/share/px4_msgs/msg/EstimatorStatusFlags.idl\n'}
[6.066942] (px4_msgs) StdoutLine: {'line': b'-- Up-to-date: /home/pavel/ws_ros2/install/px4_msgs/share/px4_msgs/msg/Event.idl\n'}
[6.066993] (px4_msgs) StdoutLine: {'line': b'-- Up-to-date: /home/pavel/ws_ros2/install/px4_msgs/share/px4_msgs/msg/FailsafeFlags.idl\n'}
[6.067043] (px4_msgs) StdoutLine: {'line': b'-- Up-to-date: /home/pavel/ws_ros2/install/px4_msgs/share/px4_msgs/msg/FailureDetectorStatus.idl\n'}
[6.067093] (px4_msgs) StdoutLine: {'line': b'-- Up-to-date: /home/pavel/ws_ros2/install/px4_msgs/share/px4_msgs/msg/FigureEightStatus.idl\n'}
[6.067148] (px4_msgs) StdoutLine: {'line': b'-- Up-to-date: /home/pavel/ws_ros2/install/px4_msgs/share/px4_msgs/msg/FlightPhaseEstimation.idl\n'}
[6.067198] (px4_msgs) StdoutLine: {'line': b'-- Up-to-date: /home/pavel/ws_ros2/install/px4_msgs/share/px4_msgs/msg/FollowTarget.idl\n'}
[6.067249] (px4_msgs) StdoutLine: {'line': b'-- Up-to-date: /home/pavel/ws_ros2/install/px4_msgs/share/px4_msgs/msg/FollowTargetEstimator.idl\n'}
[6.067305] (px4_msgs) StdoutLine: {'line': b'-- Up-to-date: /home/pavel/ws_ros2/install/px4_msgs/share/px4_msgs/msg/FollowTargetStatus.idl\n'}
[6.067361] (px4_msgs) StdoutLine: {'line': b'-- Up-to-date: /home/pavel/ws_ros2/install/px4_msgs/share/px4_msgs/msg/FuelTankStatus.idl\n'}
[6.067418] (px4_msgs) StdoutLine: {'line': b'-- Up-to-date: /home/pavel/ws_ros2/install/px4_msgs/share/px4_msgs/msg/GeneratorStatus.idl\n'}
[6.067474] (px4_msgs) StdoutLine: {'line': b'-- Up-to-date: /home/pavel/ws_ros2/install/px4_msgs/share/px4_msgs/msg/GeofenceResult.idl\n'}
[6.067544] (px4_msgs) StdoutLine: {'line': b'-- Up-to-date: /home/pavel/ws_ros2/install/px4_msgs/share/px4_msgs/msg/GeofenceStatus.idl\n'}
[6.067603] (px4_msgs) StdoutLine: {'line': b'-- Up-to-date: /home/pavel/ws_ros2/install/px4_msgs/share/px4_msgs/msg/GimbalControls.idl\n'}
[6.067654] (px4_msgs) StdoutLine: {'line': b'-- Up-to-date: /home/pavel/ws_ros2/install/px4_msgs/share/px4_msgs/msg/GimbalDeviceAttitudeStatus.idl\n'}
[6.067705] (px4_msgs) StdoutLine: {'line': b'-- Up-to-date: /home/pavel/ws_ros2/install/px4_msgs/share/px4_msgs/msg/GimbalDeviceInformation.idl\n'}
[6.067759] (px4_msgs) StdoutLine: {'line': b'-- Up-to-date: /home/pavel/ws_ros2/install/px4_msgs/share/px4_msgs/msg/GimbalDeviceSetAttitude.idl\n'}
[6.067815] (px4_msgs) StdoutLine: {'line': b'-- Up-to-date: /home/pavel/ws_ros2/install/px4_msgs/share/px4_msgs/msg/GimbalManagerInformation.idl\n'}
[6.067892] (px4_msgs) StdoutLine: {'line': b'-- Up-to-date: /home/pavel/ws_ros2/install/px4_msgs/share/px4_msgs/msg/GimbalManagerSetAttitude.idl\n'}
[6.067948] (px4_msgs) StdoutLine: {'line': b'-- Up-to-date: /home/pavel/ws_ros2/install/px4_msgs/share/px4_msgs/msg/GimbalManagerSetManualControl.idl\n'}
[6.068000] (px4_msgs) StdoutLine: {'line': b'-- Up-to-date: /home/pavel/ws_ros2/install/px4_msgs/share/px4_msgs/msg/GimbalManagerStatus.idl\n'}
[6.068055] (px4_msgs) StdoutLine: {'line': b'-- Up-to-date: /home/pavel/ws_ros2/install/px4_msgs/share/px4_msgs/msg/GotoSetpoint.idl\n'}
[6.068110] (px4_msgs) StdoutLine: {'line': b'-- Up-to-date: /home/pavel/ws_ros2/install/px4_msgs/share/px4_msgs/msg/GpioConfig.idl\n'}
[6.068166] (px4_msgs) StdoutLine: {'line': b'-- Up-to-date: /home/pavel/ws_ros2/install/px4_msgs/share/px4_msgs/msg/GpioIn.idl\n'}
[6.068221] (px4_msgs) StdoutLine: {'line': b'-- Up-to-date: /home/pavel/ws_ros2/install/px4_msgs/share/px4_msgs/msg/GpioOut.idl\n'}
[6.068277] (px4_msgs) StdoutLine: {'line': b'-- Up-to-date: /home/pavel/ws_ros2/install/px4_msgs/share/px4_msgs/msg/GpioRequest.idl\n'}
[6.068333] (px4_msgs) StdoutLine: {'line': b'-- Up-to-date: /home/pavel/ws_ros2/install/px4_msgs/share/px4_msgs/msg/GpsDump.idl\n'}
[6.068389] (px4_msgs) StdoutLine: {'line': b'-- Up-to-date: /home/pavel/ws_ros2/install/px4_msgs/share/px4_msgs/msg/GpsInjectData.idl\n'}
[6.068445] (px4_msgs) StdoutLine: {'line': b'-- Up-to-date: /home/pavel/ws_ros2/install/px4_msgs/share/px4_msgs/msg/Gripper.idl\n'}
[6.068501] (px4_msgs) StdoutLine: {'line': b'-- Up-to-date: /home/pavel/ws_ros2/install/px4_msgs/share/px4_msgs/msg/HealthReport.idl\n'}
[6.068557] (px4_msgs) StdoutLine: {'line': b'-- Up-to-date: /home/pavel/ws_ros2/install/px4_msgs/share/px4_msgs/msg/HeaterStatus.idl\n'}
[6.068612] (px4_msgs) StdoutLine: {'line': b'-- Up-to-date: /home/pavel/ws_ros2/install/px4_msgs/share/px4_msgs/msg/HomePosition.idl\n'}
[6.068668] (px4_msgs) StdoutLine: {'line': b'-- Up-to-date: /home/pavel/ws_ros2/install/px4_msgs/share/px4_msgs/msg/HoverThrustEstimate.idl\n'}
[6.068724] (px4_msgs) StdoutLine: {'line': b'-- Up-to-date: /home/pavel/ws_ros2/install/px4_msgs/share/px4_msgs/msg/InputRc.idl\n'}
[6.068806] (px4_msgs) StdoutLine: {'line': b'-- Up-to-date: /home/pavel/ws_ros2/install/px4_msgs/share/px4_msgs/msg/InternalCombustionEngineStatus.idl\n'}
[6.068862] (px4_msgs) StdoutLine: {'line': b'-- Up-to-date: /home/pavel/ws_ros2/install/px4_msgs/share/px4_msgs/msg/IridiumsbdStatus.idl\n'}
[6.068919] (px4_msgs) StdoutLine: {'line': b'-- Up-to-date: /home/pavel/ws_ros2/install/px4_msgs/share/px4_msgs/msg/IrlockReport.idl\n'}
[6.068970] (px4_msgs) StdoutLine: {'line': b'-- Up-to-date: /home/pavel/ws_ros2/install/px4_msgs/share/px4_msgs/msg/LandingGear.idl\n'}
[6.069019] (px4_msgs) StdoutLine: {'line': b'-- Up-to-date: /home/pavel/ws_ros2/install/px4_msgs/share/px4_msgs/msg/LandingGearWheel.idl\n'}
[6.069069] (px4_msgs) StdoutLine: {'line': b'-- Up-to-date: /home/pavel/ws_ros2/install/px4_msgs/share/px4_msgs/msg/LandingTargetInnovations.idl\n'}
[6.069118] (px4_msgs) StdoutLine: {'line': b'-- Up-to-date: /home/pavel/ws_ros2/install/px4_msgs/share/px4_msgs/msg/LandingTargetPose.idl\n'}
[6.069168] (px4_msgs) StdoutLine: {'line': b'-- Up-to-date: /home/pavel/ws_ros2/install/px4_msgs/share/px4_msgs/msg/LaunchDetectionStatus.idl\n'}
[6.069219] (px4_msgs) StdoutLine: {'line': b'-- Up-to-date: /home/pavel/ws_ros2/install/px4_msgs/share/px4_msgs/msg/LedControl.idl\n'}
[6.069268] (px4_msgs) StdoutLine: {'line': b'-- Up-to-date: /home/pavel/ws_ros2/install/px4_msgs/share/px4_msgs/msg/LogMessage.idl\n'}
[6.069323] (px4_msgs) StdoutLine: {'line': b'-- Up-to-date: /home/pavel/ws_ros2/install/px4_msgs/share/px4_msgs/msg/LoggerStatus.idl\n'}
[6.069378] (px4_msgs) StdoutLine: {'line': b'-- Up-to-date: /home/pavel/ws_ros2/install/px4_msgs/share/px4_msgs/msg/MagWorkerData.idl\n'}
[6.069433] (px4_msgs) StdoutLine: {'line': b'-- Up-to-date: /home/pavel/ws_ros2/install/px4_msgs/share/px4_msgs/msg/MagnetometerBiasEstimate.idl\n'}
[6.069489] (px4_msgs) StdoutLine: {'line': b'-- Up-to-date: /home/pavel/ws_ros2/install/px4_msgs/share/px4_msgs/msg/ManualControlSetpoint.idl\n'}
[6.069544] (px4_msgs) StdoutLine: {'line': b'-- Up-to-date: /home/pavel/ws_ros2/install/px4_msgs/share/px4_msgs/msg/ManualControlSwitches.idl\n'}
[6.069599] (px4_msgs) StdoutLine: {'line': b'-- Up-to-date: /home/pavel/ws_ros2/install/px4_msgs/share/px4_msgs/msg/MavlinkLog.idl\n'}
[6.069654] (px4_msgs) StdoutLine: {'line': b'-- Up-to-date: /home/pavel/ws_ros2/install/px4_msgs/share/px4_msgs/msg/MavlinkTunnel.idl\n'}
[6.069709] (px4_msgs) StdoutLine: {'line': b'-- Up-to-date: /home/pavel/ws_ros2/install/px4_msgs/share/px4_msgs/msg/MessageFormatRequest.idl\n'}
[6.069764] (px4_msgs) StdoutLine: {'line': b'-- Up-to-date: /home/pavel/ws_ros2/install/px4_msgs/share/px4_msgs/msg/MessageFormatResponse.idl\n'}
[6.069840] (px4_msgs) StdoutLine: {'line': b'-- Up-to-date: /home/pavel/ws_ros2/install/px4_msgs/share/px4_msgs/msg/Mission.idl\n'}
[6.069923] (px4_msgs) StdoutLine: {'line': b'-- Up-to-date: /home/pavel/ws_ros2/install/px4_msgs/share/px4_msgs/msg/MissionResult.idl\n'}
[6.069975] (px4_msgs) StdoutLine: {'line': b'-- Up-to-date: /home/pavel/ws_ros2/install/px4_msgs/share/px4_msgs/msg/ModeCompleted.idl\n'}
[6.070025] (px4_msgs) StdoutLine: {'line': b'-- Up-to-date: /home/pavel/ws_ros2/install/px4_msgs/share/px4_msgs/msg/MountOrientation.idl\n'}
[6.070075] (px4_msgs) StdoutLine: {'line': b'-- Up-to-date: /home/pavel/ws_ros2/install/px4_msgs/share/px4_msgs/msg/NavigatorMissionItem.idl\n'}
[6.070133] (px4_msgs) StdoutLine: {'line': b'-- Up-to-date: /home/pavel/ws_ros2/install/px4_msgs/share/px4_msgs/msg/NormalizedUnsignedSetpoint.idl\n'}
[6.070183] (px4_msgs) StdoutLine: {'line': b'-- Up-to-date: /home/pavel/ws_ros2/install/px4_msgs/share/px4_msgs/msg/NpfgStatus.idl\n'}
[6.070233] (px4_msgs) StdoutLine: {'line': b'-- Up-to-date: /home/pavel/ws_ros2/install/px4_msgs/share/px4_msgs/msg/ObstacleDistance.idl\n'}
[6.070283] (px4_msgs) StdoutLine: {'line': b'-- Up-to-date: /home/pavel/ws_ros2/install/px4_msgs/share/px4_msgs/msg/OffboardControlMode.idl\n'}
[6.070338] (px4_msgs) StdoutLine: {'line': b'-- Up-to-date: /home/pavel/ws_ros2/install/px4_msgs/share/px4_msgs/msg/OnboardComputerStatus.idl\n'}
[6.070407] (px4_msgs) StdoutLine: {'line': b'-- Up-to-date: /home/pavel/ws_ros2/install/px4_msgs/share/px4_msgs/msg/OrbTest.idl\n'}
[6.070458] (px4_msgs) StdoutLine: {'line': b'-- Up-to-date: /home/pavel/ws_ros2/install/px4_msgs/share/px4_msgs/msg/OrbTestLarge.idl\n'}
[6.070508] (px4_msgs) StdoutLine: {'line': b'-- Up-to-date: /home/pavel/ws_ros2/install/px4_msgs/share/px4_msgs/msg/OrbTestMedium.idl\n'}
[6.070559] (px4_msgs) StdoutLine: {'line': b'-- Up-to-date: /home/pavel/ws_ros2/install/px4_msgs/share/px4_msgs/msg/OrbitStatus.idl\n'}
[6.070609] (px4_msgs) StdoutLine: {'line': b'-- Up-to-date: /home/pavel/ws_ros2/install/px4_msgs/share/px4_msgs/msg/ParameterResetRequest.idl\n'}
[6.070659] (px4_msgs) StdoutLine: {'line': b'-- Up-to-date: /home/pavel/ws_ros2/install/px4_msgs/share/px4_msgs/msg/ParameterSetUsedRequest.idl\n'}
[6.070709] (px4_msgs) StdoutLine: {'line': b'-- Up-to-date: /home/pavel/ws_ros2/install/px4_msgs/share/px4_msgs/msg/ParameterSetValueRequest.idl\n'}
[6.070759] (px4_msgs) StdoutLine: {'line': b'-- Up-to-date: /home/pavel/ws_ros2/install/px4_msgs/share/px4_msgs/msg/ParameterSetValueResponse.idl\n'}
[6.070813] (px4_msgs) StdoutLine: {'line': b'-- Up-to-date: /home/pavel/ws_ros2/install/px4_msgs/share/px4_msgs/msg/ParameterUpdate.idl\n'}
[6.070891] (px4_msgs) StdoutLine: {'line': b'-- Up-to-date: /home/pavel/ws_ros2/install/px4_msgs/share/px4_msgs/msg/Ping.idl\n'}
[6.070946] (px4_msgs) StdoutLine: {'line': b'-- Up-to-date: /home/pavel/ws_ros2/install/px4_msgs/share/px4_msgs/msg/PositionControllerLandingStatus.idl\n'}
[6.070997] (px4_msgs) StdoutLine: {'line': b'-- Up-to-date: /home/pavel/ws_ros2/install/px4_msgs/share/px4_msgs/msg/PositionControllerStatus.idl\n'}
[6.071047] (px4_msgs) StdoutLine: {'line': b'-- Up-to-date: /home/pavel/ws_ros2/install/px4_msgs/share/px4_msgs/msg/PositionSetpoint.idl\n'}
[6.071101] (px4_msgs) StdoutLine: {'line': b'-- Up-to-date: /home/pavel/ws_ros2/install/px4_msgs/share/px4_msgs/msg/PositionSetpointTriplet.idl\n'}
[6.071157] (px4_msgs) StdoutLine: {'line': b'-- Up-to-date: /home/pavel/ws_ros2/install/px4_msgs/share/px4_msgs/msg/PowerButtonState.idl\n'}
[6.071213] (px4_msgs) StdoutLine: {'line': b'-- Up-to-date: /home/pavel/ws_ros2/install/px4_msgs/share/px4_msgs/msg/PowerMonitor.idl\n'}
[6.071269] (px4_msgs) StdoutLine: {'line': b'-- Up-to-date: /home/pavel/ws_ros2/install/px4_msgs/share/px4_msgs/msg/PpsCapture.idl\n'}
[6.071324] (px4_msgs) StdoutLine: {'line': b'-- Up-to-date: /home/pavel/ws_ros2/install/px4_msgs/share/px4_msgs/msg/PwmInput.idl\n'}
[6.071381] (px4_msgs) StdoutLine: {'line': b'-- Up-to-date: /home/pavel/ws_ros2/install/px4_msgs/share/px4_msgs/msg/Px4ioStatus.idl\n'}
[6.071437] (px4_msgs) StdoutLine: {'line': b'-- Up-to-date: /home/pavel/ws_ros2/install/px4_msgs/share/px4_msgs/msg/QshellReq.idl\n'}
[6.071493] (px4_msgs) StdoutLine: {'line': b'-- Up-to-date: /home/pavel/ws_ros2/install/px4_msgs/share/px4_msgs/msg/QshellRetval.idl\n'}
[6.071549] (px4_msgs) StdoutLine: {'line': b'-- Up-to-date: /home/pavel/ws_ros2/install/px4_msgs/share/px4_msgs/msg/RadioStatus.idl\n'}
[6.071605] (px4_msgs) StdoutLine: {'line': b'-- Up-to-date: /home/pavel/ws_ros2/install/px4_msgs/share/px4_msgs/msg/RateCtrlStatus.idl\n'}
[6.071661] (px4_msgs) StdoutLine: {'line': b'-- Up-to-date: /home/pavel/ws_ros2/install/px4_msgs/share/px4_msgs/msg/RcChannels.idl\n'}
[6.071718] (px4_msgs) StdoutLine: {'line': b'-- Up-to-date: /home/pavel/ws_ros2/install/px4_msgs/share/px4_msgs/msg/RcParameterMap.idl\n'}
[6.071774] (px4_msgs) StdoutLine: {'line': b'-- Up-to-date: /home/pavel/ws_ros2/install/px4_msgs/share/px4_msgs/msg/RegisterExtComponentReply.idl\n'}
[6.071830] (px4_msgs) StdoutLine: {'line': b'-- Up-to-date: /home/pavel/ws_ros2/install/px4_msgs/share/px4_msgs/msg/RegisterExtComponentRequest.idl\n'}
[6.071919] (px4_msgs) StdoutLine: {'line': b'-- Up-to-date: /home/pavel/ws_ros2/install/px4_msgs/share/px4_msgs/msg/RoverAckermannGuidanceStatus.idl\n'}
[6.071986] (px4_msgs) StdoutLine: {'line': b'-- Up-to-date: /home/pavel/ws_ros2/install/px4_msgs/share/px4_msgs/msg/Rpm.idl\n'}
[6.072042] (px4_msgs) StdoutLine: {'line': b'-- Up-to-date: /home/pavel/ws_ros2/install/px4_msgs/share/px4_msgs/msg/RtlStatus.idl\n'}
[6.072097] (px4_msgs) StdoutLine: {'line': b'-- Up-to-date: /home/pavel/ws_ros2/install/px4_msgs/share/px4_msgs/msg/RtlTimeEstimate.idl\n'}
[6.072148] (px4_msgs) StdoutLine: {'line': b'-- Up-to-date: /home/pavel/ws_ros2/install/px4_msgs/share/px4_msgs/msg/SatelliteInfo.idl\n'}
[6.072199] (px4_msgs) StdoutLine: {'line': b'-- Up-to-date: /home/pavel/ws_ros2/install/px4_msgs/share/px4_msgs/msg/SensorAccel.idl\n'}
[6.072250] (px4_msgs) StdoutLine: {'line': b'-- Up-to-date: /home/pavel/ws_ros2/install/px4_msgs/share/px4_msgs/msg/SensorAccelFifo.idl\n'}
[6.072316] (px4_msgs) StdoutLine: {'line': b'-- Up-to-date: /home/pavel/ws_ros2/install/px4_msgs/share/px4_msgs/msg/SensorAirflow.idl\n'}
[6.072368] (px4_msgs) StdoutLine: {'line': b'-- Up-to-date: /home/pavel/ws_ros2/install/px4_msgs/share/px4_msgs/msg/SensorBaro.idl\n'}
[6.072420] (px4_msgs) StdoutLine: {'line': b'-- Up-to-date: /home/pavel/ws_ros2/install/px4_msgs/share/px4_msgs/msg/SensorCombined.idl\n'}
[6.072471] (px4_msgs) StdoutLine: {'line': b'-- Up-to-date: /home/pavel/ws_ros2/install/px4_msgs/share/px4_msgs/msg/SensorCorrection.idl\n'}
[6.072522] (px4_msgs) StdoutLine: {'line': b'-- Up-to-date: /home/pavel/ws_ros2/install/px4_msgs/share/px4_msgs/msg/SensorGnssRelative.idl\n'}
[6.072579] (px4_msgs) StdoutLine: {'line': b'-- Up-to-date: /home/pavel/ws_ros2/install/px4_msgs/share/px4_msgs/msg/SensorGps.idl\n'}
[6.072654] (px4_msgs) StdoutLine: {'line': b'-- Up-to-date: /home/pavel/ws_ros2/install/px4_msgs/share/px4_msgs/msg/SensorGyro.idl\n'}
[6.072707] (px4_msgs) StdoutLine: {'line': b'-- Up-to-date: /home/pavel/ws_ros2/install/px4_msgs/share/px4_msgs/msg/SensorGyroFft.idl\n'}
[6.072758] (px4_msgs) StdoutLine: {'line': b'-- Up-to-date: /home/pavel/ws_ros2/install/px4_msgs/share/px4_msgs/msg/SensorGyroFifo.idl\n'}
[6.072810] (px4_msgs) StdoutLine: {'line': b'-- Up-to-date: /home/pavel/ws_ros2/install/px4_msgs/share/px4_msgs/msg/SensorHygrometer.idl\n'}
[6.072885] (px4_msgs) StdoutLine: {'line': b'-- Up-to-date: /home/pavel/ws_ros2/install/px4_msgs/share/px4_msgs/msg/SensorMag.idl\n'}
[6.072944] (px4_msgs) StdoutLine: {'line': b'-- Up-to-date: /home/pavel/ws_ros2/install/px4_msgs/share/px4_msgs/msg/SensorOpticalFlow.idl\n'}
[6.072996] (px4_msgs) StdoutLine: {'line': b'-- Up-to-date: /home/pavel/ws_ros2/install/px4_msgs/share/px4_msgs/msg/SensorPreflightMag.idl\n'}
[6.073048] (px4_msgs) StdoutLine: {'line': b'-- Up-to-date: /home/pavel/ws_ros2/install/px4_msgs/share/px4_msgs/msg/SensorSelection.idl\n'}
[6.073100] (px4_msgs) StdoutLine: {'line': b'-- Up-to-date: /home/pavel/ws_ros2/install/px4_msgs/share/px4_msgs/msg/SensorUwb.idl\n'}
[6.073154] (px4_msgs) StdoutLine: {'line': b'-- Up-to-date: /home/pavel/ws_ros2/install/px4_msgs/share/px4_msgs/msg/SensorsStatus.idl\n'}
[6.073212] (px4_msgs) StdoutLine: {'line': b'-- Up-to-date: /home/pavel/ws_ros2/install/px4_msgs/share/px4_msgs/msg/SensorsStatusImu.idl\n'}
[6.073270] (px4_msgs) StdoutLine: {'line': b'-- Up-to-date: /home/pavel/ws_ros2/install/px4_msgs/share/px4_msgs/msg/SystemPower.idl\n'}
[6.073349] (px4_msgs) StdoutLine: {'line': b'-- Up-to-date: /home/pavel/ws_ros2/install/px4_msgs/share/px4_msgs/msg/TakeoffStatus.idl\n'}
[6.073406] (px4_msgs) StdoutLine: {'line': b'-- Up-to-date: /home/pavel/ws_ros2/install/px4_msgs/share/px4_msgs/msg/TaskStackInfo.idl\n'}
[6.073464] (px4_msgs) StdoutLine: {'line': b'-- Up-to-date: /home/pavel/ws_ros2/install/px4_msgs/share/px4_msgs/msg/TecsStatus.idl\n'}
[6.073520] (px4_msgs) StdoutLine: {'line': b'-- Up-to-date: /home/pavel/ws_ros2/install/px4_msgs/share/px4_msgs/msg/TelemetryStatus.idl\n'}
[6.073577] (px4_msgs) StdoutLine: {'line': b'-- Up-to-date: /home/pavel/ws_ros2/install/px4_msgs/share/px4_msgs/msg/TiltrotorExtraControls.idl\n'}
[6.073645] (px4_msgs) StdoutLine: {'line': b'-- Up-to-date: /home/pavel/ws_ros2/install/px4_msgs/share/px4_msgs/msg/TimesyncStatus.idl\n'}
[6.073737] (px4_msgs) StdoutLine: {'line': b'-- Up-to-date: /home/pavel/ws_ros2/install/px4_msgs/share/px4_msgs/msg/TrajectoryBezier.idl\n'}
[6.073789] (px4_msgs) StdoutLine: {'line': b'-- Up-to-date: /home/pavel/ws_ros2/install/px4_msgs/share/px4_msgs/msg/TrajectorySetpoint.idl\n'}
[6.073840] (px4_msgs) StdoutLine: {'line': b'-- Up-to-date: /home/pavel/ws_ros2/install/px4_msgs/share/px4_msgs/msg/TrajectoryWaypoint.idl\n'}
[6.073908] (px4_msgs) StdoutLine: {'line': b'-- Up-to-date: /home/pavel/ws_ros2/install/px4_msgs/share/px4_msgs/msg/TransponderReport.idl\n'}
[6.073959] (px4_msgs) StdoutLine: {'line': b'-- Up-to-date: /home/pavel/ws_ros2/install/px4_msgs/share/px4_msgs/msg/TuneControl.idl\n'}
[6.074010] (px4_msgs) StdoutLine: {'line': b'-- Up-to-date: /home/pavel/ws_ros2/install/px4_msgs/share/px4_msgs/msg/UavcanParameterRequest.idl\n'}
[6.074060] (px4_msgs) StdoutLine: {'line': b'-- Up-to-date: /home/pavel/ws_ros2/install/px4_msgs/share/px4_msgs/msg/UavcanParameterValue.idl\n'}
[6.074111] (px4_msgs) StdoutLine: {'line': b'-- Up-to-date: /home/pavel/ws_ros2/install/px4_msgs/share/px4_msgs/msg/UlogStream.idl\n'}
[6.074161] (px4_msgs) StdoutLine: {'line': b'-- Up-to-date: /home/pavel/ws_ros2/install/px4_msgs/share/px4_msgs/msg/UlogStreamAck.idl\n'}
[6.074212] (px4_msgs) StdoutLine: {'line': b'-- Up-to-date: /home/pavel/ws_ros2/install/px4_msgs/share/px4_msgs/msg/UnregisterExtComponent.idl\n'}
[6.074262] (px4_msgs) StdoutLine: {'line': b'-- Up-to-date: /home/pavel/ws_ros2/install/px4_msgs/share/px4_msgs/msg/VehicleAcceleration.idl\n'}
[6.074321] (px4_msgs) StdoutLine: {'line': b'-- Up-to-date: /home/pavel/ws_ros2/install/px4_msgs/share/px4_msgs/msg/VehicleAirData.idl\n'}
[6.074381] (px4_msgs) StdoutLine: {'line': b'-- Up-to-date: /home/pavel/ws_ros2/install/px4_msgs/share/px4_msgs/msg/VehicleAngularAccelerationSetpoint.idl\n'}
[6.074473] (px4_msgs) StdoutLine: {'line': b'-- Up-to-date: /home/pavel/ws_ros2/install/px4_msgs/share/px4_msgs/msg/VehicleAngularVelocity.idl\n'}
[6.074530] (px4_msgs) StdoutLine: {'line': b'-- Up-to-date: /home/pavel/ws_ros2/install/px4_msgs/share/px4_msgs/msg/VehicleAttitude.idl\n'}
[6.074606] (px4_msgs) StdoutLine: {'line': b'-- Up-to-date: /home/pavel/ws_ros2/install/px4_msgs/share/px4_msgs/msg/VehicleAttitudeSetpoint.idl\n'}
[6.074660] (px4_msgs) StdoutLine: {'line': b'-- Up-to-date: /home/pavel/ws_ros2/install/px4_msgs/share/px4_msgs/msg/VehicleCommand.idl\n'}
[6.074712] (px4_msgs) StdoutLine: {'line': b'-- Up-to-date: /home/pavel/ws_ros2/install/px4_msgs/share/px4_msgs/msg/VehicleCommandAck.idl\n'}
[6.074764] (px4_msgs) StdoutLine: {'line': b'-- Up-to-date: /home/pavel/ws_ros2/install/px4_msgs/share/px4_msgs/msg/VehicleConstraints.idl\n'}
[6.074815] (px4_msgs) StdoutLine: {'line': b'-- Up-to-date: /home/pavel/ws_ros2/install/px4_msgs/share/px4_msgs/msg/VehicleControlMode.idl\n'}
[6.074882] (px4_msgs) StdoutLine: {'line': b'-- Up-to-date: /home/pavel/ws_ros2/install/px4_msgs/share/px4_msgs/msg/VehicleGlobalPosition.idl\n'}
[6.074938] (px4_msgs) StdoutLine: {'line': b'-- Up-to-date: /home/pavel/ws_ros2/install/px4_msgs/share/px4_msgs/msg/VehicleImu.idl\n'}
[6.075005] (px4_msgs) StdoutLine: {'line': b'-- Up-to-date: /home/pavel/ws_ros2/install/px4_msgs/share/px4_msgs/msg/VehicleImuStatus.idl\n'}
[6.075069] (px4_msgs) StdoutLine: {'line': b'-- Up-to-date: /home/pavel/ws_ros2/install/px4_msgs/share/px4_msgs/msg/VehicleLandDetected.idl\n'}
[6.075129] (px4_msgs) StdoutLine: {'line': b'-- Up-to-date: /home/pavel/ws_ros2/install/px4_msgs/share/px4_msgs/msg/VehicleLocalPosition.idl\n'}
[6.075195] (px4_msgs) StdoutLine: {'line': b'-- Up-to-date: /home/pavel/ws_ros2/install/px4_msgs/share/px4_msgs/msg/VehicleLocalPositionSetpoint.idl\n'}
[6.075282] (px4_msgs) StdoutLine: {'line': b'-- Up-to-date: /home/pavel/ws_ros2/install/px4_msgs/share/px4_msgs/msg/VehicleMagnetometer.idl\n'}
[6.075335] (px4_msgs) StdoutLine: {'line': b'-- Up-to-date: /home/pavel/ws_ros2/install/px4_msgs/share/px4_msgs/msg/VehicleOdometry.idl\n'}
[6.075387] (px4_msgs) StdoutLine: {'line': b'-- Up-to-date: /home/pavel/ws_ros2/install/px4_msgs/share/px4_msgs/msg/VehicleOpticalFlow.idl\n'}
[6.075443] (px4_msgs) StdoutLine: {'line': b'-- Up-to-date: /home/pavel/ws_ros2/install/px4_msgs/share/px4_msgs/msg/VehicleOpticalFlowVel.idl\n'}
[6.075494] (px4_msgs) StdoutLine: {'line': b'-- Up-to-date: /home/pavel/ws_ros2/install/px4_msgs/share/px4_msgs/msg/VehicleRatesSetpoint.idl\n'}
[6.075545] (px4_msgs) StdoutLine: {'line': b'-- Up-to-date: /home/pavel/ws_ros2/install/px4_msgs/share/px4_msgs/msg/VehicleRoi.idl\n'}
[6.075596] (px4_msgs) StdoutLine: {'line': b'-- Up-to-date: /home/pavel/ws_ros2/install/px4_msgs/share/px4_msgs/msg/VehicleStatus.idl\n'}
[6.075663] (px4_msgs) StdoutLine: {'line': b'-- Up-to-date: /home/pavel/ws_ros2/install/px4_msgs/share/px4_msgs/msg/VehicleThrustSetpoint.idl\n'}
[6.075745] (px4_msgs) StdoutLine: {'line': b'-- Up-to-date: /home/pavel/ws_ros2/install/px4_msgs/share/px4_msgs/msg/VehicleTorqueSetpoint.idl\n'}
[6.075813] (px4_msgs) StdoutLine: {'line': b'-- Up-to-date: /home/pavel/ws_ros2/install/px4_msgs/share/px4_msgs/msg/VehicleTrajectoryBezier.idl\n'}
[6.075897] (px4_msgs) StdoutLine: {'line': b'-- Up-to-date: /home/pavel/ws_ros2/install/px4_msgs/share/px4_msgs/msg/VehicleTrajectoryWaypoint.idl\n'}
[6.075967] (px4_msgs) StdoutLine: {'line': b'-- Up-to-date: /home/pavel/ws_ros2/install/px4_msgs/share/px4_msgs/msg/VelocityLimits.idl\n'}
[6.076033] (px4_msgs) StdoutLine: {'line': b'-- Up-to-date: /home/pavel/ws_ros2/install/px4_msgs/share/px4_msgs/msg/VtolVehicleStatus.idl\n'}
[6.076098] (px4_msgs) StdoutLine: {'line': b'-- Up-to-date: /home/pavel/ws_ros2/install/px4_msgs/share/px4_msgs/msg/WheelEncoders.idl\n'}
[6.076164] (px4_msgs) StdoutLine: {'line': b'-- Up-to-date: /home/pavel/ws_ros2/install/px4_msgs/share/px4_msgs/msg/Wind.idl\n'}
[6.076234] (px4_msgs) StdoutLine: {'line': b'-- Up-to-date: /home/pavel/ws_ros2/install/px4_msgs/share/px4_msgs/msg/YawEstimatorStatus.idl\n'}
[6.076300] (px4_msgs) StdoutLine: {'line': b'-- Up-to-date: /home/pavel/ws_ros2/install/px4_msgs/share/px4_msgs/srv/VehicleCommand.idl\n'}
[6.076366] (px4_msgs) StdoutLine: {'line': b'-- Up-to-date: /home/pavel/ws_ros2/install/px4_msgs/share/px4_msgs/msg/ActionRequest.msg\n'}
[6.076431] (px4_msgs) StdoutLine: {'line': b'-- Up-to-date: /home/pavel/ws_ros2/install/px4_msgs/share/px4_msgs/msg/ActuatorArmed.msg\n'}
[6.076497] (px4_msgs) StdoutLine: {'line': b'-- Up-to-date: /home/pavel/ws_ros2/install/px4_msgs/share/px4_msgs/msg/ActuatorControlsStatus.msg\n'}
[6.076563] (px4_msgs) StdoutLine: {'line': b'-- Up-to-date: /home/pavel/ws_ros2/install/px4_msgs/share/px4_msgs/msg/ActuatorMotors.msg\n'}
[6.076629] (px4_msgs) StdoutLine: {'line': b'-- Up-to-date: /home/pavel/ws_ros2/install/px4_msgs/share/px4_msgs/msg/ActuatorOutputs.msg\n'}
[6.076694] (px4_msgs) StdoutLine: {'line': b'-- Up-to-date: /home/pavel/ws_ros2/install/px4_msgs/share/px4_msgs/msg/ActuatorServos.msg\n'}
[6.076759] (px4_msgs) StdoutLine: {'line': b'-- Up-to-date: /home/pavel/ws_ros2/install/px4_msgs/share/px4_msgs/msg/ActuatorServosTrim.msg\n'}
[6.076824] (px4_msgs) StdoutLine: {'line': b'-- Up-to-date: /home/pavel/ws_ros2/install/px4_msgs/share/px4_msgs/msg/ActuatorTest.msg\n'}
[6.076901] (px4_msgs) StdoutLine: {'line': b'-- Up-to-date: /home/pavel/ws_ros2/install/px4_msgs/share/px4_msgs/msg/AdcReport.msg\n'}
[6.076970] (px4_msgs) StdoutLine: {'line': b'-- Up-to-date: /home/pavel/ws_ros2/install/px4_msgs/share/px4_msgs/msg/Airspeed.msg\n'}
[6.077036] (px4_msgs) StdoutLine: {'line': b'-- Up-to-date: /home/pavel/ws_ros2/install/px4_msgs/share/px4_msgs/msg/AirspeedValidated.msg\n'}
[6.077105] (px4_msgs) StdoutLine: {'line': b'-- Up-to-date: /home/pavel/ws_ros2/install/px4_msgs/share/px4_msgs/msg/AirspeedWind.msg\n'}
[6.077172] (px4_msgs) StdoutLine: {'line': b'-- Up-to-date: /home/pavel/ws_ros2/install/px4_msgs/share/px4_msgs/msg/ArmingCheckReply.msg\n'}
[6.077253] (px4_msgs) StdoutLine: {'line': b'-- Up-to-date: /home/pavel/ws_ros2/install/px4_msgs/share/px4_msgs/msg/ArmingCheckRequest.msg\n'}
[6.077320] (px4_msgs) StdoutLine: {'line': b'-- Up-to-date: /home/pavel/ws_ros2/install/px4_msgs/share/px4_msgs/msg/AutotuneAttitudeControlStatus.msg\n'}
[6.077391] (px4_msgs) StdoutLine: {'line': b'-- Up-to-date: /home/pavel/ws_ros2/install/px4_msgs/share/px4_msgs/msg/BatteryStatus.msg\n'}
[6.077459] (px4_msgs) StdoutLine: {'line': b'-- Up-to-date: /home/pavel/ws_ros2/install/px4_msgs/share/px4_msgs/msg/Buffer128.msg\n'}
[6.077526] (px4_msgs) StdoutLine: {'line': b'-- Up-to-date: /home/pavel/ws_ros2/install/px4_msgs/share/px4_msgs/msg/ButtonEvent.msg\n'}
[6.077592] (px4_msgs) StdoutLine: {'line': b'-- Up-to-date: /home/pavel/ws_ros2/install/px4_msgs/share/px4_msgs/msg/CameraCapture.msg\n'}
[6.077659] (px4_msgs) StdoutLine: {'line': b'-- Up-to-date: /home/pavel/ws_ros2/install/px4_msgs/share/px4_msgs/msg/CameraStatus.msg\n'}
[6.077726] (px4_msgs) StdoutLine: {'line': b'-- Up-to-date: /home/pavel/ws_ros2/install/px4_msgs/share/px4_msgs/msg/CameraTrigger.msg\n'}
[6.077792] (px4_msgs) StdoutLine: {'line': b'-- Up-to-date: /home/pavel/ws_ros2/install/px4_msgs/share/px4_msgs/msg/CanInterfaceStatus.msg\n'}
[6.077866] (px4_msgs) StdoutLine: {'line': b'-- Up-to-date: /home/pavel/ws_ros2/install/px4_msgs/share/px4_msgs/msg/CellularStatus.msg\n'}
[6.077943] (px4_msgs) StdoutLine: {'line': b'-- Up-to-date: /home/pavel/ws_ros2/install/px4_msgs/share/px4_msgs/msg/CollisionConstraints.msg\n'}
[6.078011] (px4_msgs) StdoutLine: {'line': b'-- Up-to-date: /home/pavel/ws_ros2/install/px4_msgs/share/px4_msgs/msg/CollisionReport.msg\n'}
[6.078078] (px4_msgs) StdoutLine: {'line': b'-- Up-to-date: /home/pavel/ws_ros2/install/px4_msgs/share/px4_msgs/msg/ConfigOverrides.msg\n'}
[6.078145] (px4_msgs) StdoutLine: {'line': b'-- Up-to-date: /home/pavel/ws_ros2/install/px4_msgs/share/px4_msgs/msg/ControlAllocatorStatus.msg\n'}
[6.078212] (px4_msgs) StdoutLine: {'line': b'-- Up-to-date: /home/pavel/ws_ros2/install/px4_msgs/share/px4_msgs/msg/Cpuload.msg\n'}
[6.078303] (px4_msgs) StdoutLine: {'line': b'-- Up-to-date: /home/pavel/ws_ros2/install/px4_msgs/share/px4_msgs/msg/DatamanRequest.msg\n'}
[6.078368] (px4_msgs) StdoutLine: {'line': b'-- Up-to-date: /home/pavel/ws_ros2/install/px4_msgs/share/px4_msgs/msg/DatamanResponse.msg\n'}
[6.078433] (px4_msgs) StdoutLine: {'line': b'-- Up-to-date: /home/pavel/ws_ros2/install/px4_msgs/share/px4_msgs/msg/DebugArray.msg\n'}
[6.078498] (px4_msgs) StdoutLine: {'line': b'-- Up-to-date: /home/pavel/ws_ros2/install/px4_msgs/share/px4_msgs/msg/DebugKeyValue.msg\n'}
[6.078562] (px4_msgs) StdoutLine: {'line': b'-- Up-to-date: /home/pavel/ws_ros2/install/px4_msgs/share/px4_msgs/msg/DebugValue.msg\n'}
[6.078626] (px4_msgs) StdoutLine: {'line': b'-- Up-to-date: /home/pavel/ws_ros2/install/px4_msgs/share/px4_msgs/msg/DebugVect.msg\n'}
[6.078691] (px4_msgs) StdoutLine: {'line': b'-- Up-to-date: /home/pavel/ws_ros2/install/px4_msgs/share/px4_msgs/msg/DifferentialDriveSetpoint.msg\n'}
[6.078756] (px4_msgs) StdoutLine: {'line': b'-- Up-to-date: /home/pavel/ws_ros2/install/px4_msgs/share/px4_msgs/msg/DifferentialPressure.msg\n'}
[6.078821] (px4_msgs) StdoutLine: {'line': b'-- Up-to-date: /home/pavel/ws_ros2/install/px4_msgs/share/px4_msgs/msg/DistanceSensor.msg\n'}
[6.078949] (px4_msgs) StdoutLine: {'line': b'-- Up-to-date: /home/pavel/ws_ros2/install/px4_msgs/share/px4_msgs/msg/Ekf2Timestamps.msg\n'}
[6.079019] (px4_msgs) StdoutLine: {'line': b'-- Up-to-date: /home/pavel/ws_ros2/install/px4_msgs/share/px4_msgs/msg/EscReport.msg\n'}
[6.079093] (px4_msgs) StdoutLine: {'line': b'-- Up-to-date: /home/pavel/ws_ros2/install/px4_msgs/share/px4_msgs/msg/EscStatus.msg\n'}
[6.079160] (px4_msgs) StdoutLine: {'line': b'-- Up-to-date: /home/pavel/ws_ros2/install/px4_msgs/share/px4_msgs/msg/EstimatorAidSource1d.msg\n'}
[6.079226] (px4_msgs) StdoutLine: {'line': b'-- Up-to-date: /home/pavel/ws_ros2/install/px4_msgs/share/px4_msgs/msg/EstimatorAidSource2d.msg\n'}
[6.079291] (px4_msgs) StdoutLine: {'line': b'-- Up-to-date: /home/pavel/ws_ros2/install/px4_msgs/share/px4_msgs/msg/EstimatorAidSource3d.msg\n'}
[6.079357] (px4_msgs) StdoutLine: {'line': b'-- Up-to-date: /home/pavel/ws_ros2/install/px4_msgs/share/px4_msgs/msg/EstimatorBias.msg\n'}
[6.079428] (px4_msgs) StdoutLine: {'line': b'-- Up-to-date: /home/pavel/ws_ros2/install/px4_msgs/share/px4_msgs/msg/EstimatorBias3d.msg\n'}
[6.079494] (px4_msgs) StdoutLine: {'line': b'-- Up-to-date: /home/pavel/ws_ros2/install/px4_msgs/share/px4_msgs/msg/EstimatorEventFlags.msg\n'}
[6.079560] (px4_msgs) StdoutLine: {'line': b'-- Up-to-date: /home/pavel/ws_ros2/install/px4_msgs/share/px4_msgs/msg/EstimatorGpsStatus.msg\n'}
[6.079631] (px4_msgs) StdoutLine: {'line': b'-- Up-to-date: /home/pavel/ws_ros2/install/px4_msgs/share/px4_msgs/msg/EstimatorInnovations.msg\n'}
[6.079697] (px4_msgs) StdoutLine: {'line': b'-- Up-to-date: /home/pavel/ws_ros2/install/px4_msgs/share/px4_msgs/msg/EstimatorSelectorStatus.msg\n'}
[6.079763] (px4_msgs) StdoutLine: {'line': b'-- Up-to-date: /home/pavel/ws_ros2/install/px4_msgs/share/px4_msgs/msg/EstimatorSensorBias.msg\n'}
[6.079828] (px4_msgs) StdoutLine: {'line': b'-- Up-to-date: /home/pavel/ws_ros2/install/px4_msgs/share/px4_msgs/msg/EstimatorStates.msg\n'}
[6.079912] (px4_msgs) StdoutLine: {'line': b'-- Up-to-date: /home/pavel/ws_ros2/install/px4_msgs/share/px4_msgs/msg/EstimatorStatus.msg\n'}
[6.079984] (px4_msgs) StdoutLine: {'line': b'-- Up-to-date: /home/pavel/ws_ros2/install/px4_msgs/share/px4_msgs/msg/EstimatorStatusFlags.msg\n'}
[6.080050] (px4_msgs) StdoutLine: {'line': b'-- Up-to-date: /home/pavel/ws_ros2/install/px4_msgs/share/px4_msgs/msg/Event.msg\n'}
[6.080115] (px4_msgs) StdoutLine: {'line': b'-- Up-to-date: /home/pavel/ws_ros2/install/px4_msgs/share/px4_msgs/msg/FailsafeFlags.msg\n'}
[6.080180] (px4_msgs) StdoutLine: {'line': b'-- Up-to-date: /home/pavel/ws_ros2/install/px4_msgs/share/px4_msgs/msg/FailureDetectorStatus.msg\n'}
[6.080263] (px4_msgs) StdoutLine: {'line': b'-- Up-to-date: /home/pavel/ws_ros2/install/px4_msgs/share/px4_msgs/msg/FigureEightStatus.msg\n'}
[6.080331] (px4_msgs) StdoutLine: {'line': b'-- Up-to-date: /home/pavel/ws_ros2/install/px4_msgs/share/px4_msgs/msg/FlightPhaseEstimation.msg\n'}
[6.080398] (px4_msgs) StdoutLine: {'line': b'-- Up-to-date: /home/pavel/ws_ros2/install/px4_msgs/share/px4_msgs/msg/FollowTarget.msg\n'}
[6.080464] (px4_msgs) StdoutLine: {'line': b'-- Up-to-date: /home/pavel/ws_ros2/install/px4_msgs/share/px4_msgs/msg/FollowTargetEstimator.msg\n'}
[6.080530] (px4_msgs) StdoutLine: {'line': b'-- Up-to-date: /home/pavel/ws_ros2/install/px4_msgs/share/px4_msgs/msg/FollowTargetStatus.msg\n'}
[6.080596] (px4_msgs) StdoutLine: {'line': b'-- Up-to-date: /home/pavel/ws_ros2/install/px4_msgs/share/px4_msgs/msg/FuelTankStatus.msg\n'}
[6.080666] (px4_msgs) StdoutLine: {'line': b'-- Up-to-date: /home/pavel/ws_ros2/install/px4_msgs/share/px4_msgs/msg/GeneratorStatus.msg\n'}
[6.080734] (px4_msgs) StdoutLine: {'line': b'-- Up-to-date: /home/pavel/ws_ros2/install/px4_msgs/share/px4_msgs/msg/GeofenceResult.msg\n'}
[6.080801] (px4_msgs) StdoutLine: {'line': b'-- Up-to-date: /home/pavel/ws_ros2/install/px4_msgs/share/px4_msgs/msg/GeofenceStatus.msg\n'}
[6.080876] (px4_msgs) StdoutLine: {'line': b'-- Up-to-date: /home/pavel/ws_ros2/install/px4_msgs/share/px4_msgs/msg/GimbalControls.msg\n'}
[6.080950] (px4_msgs) StdoutLine: {'line': b'-- Up-to-date: /home/pavel/ws_ros2/install/px4_msgs/share/px4_msgs/msg/GimbalDeviceAttitudeStatus.msg\n'}
[6.081017] (px4_msgs) StdoutLine: {'line': b'-- Up-to-date: /home/pavel/ws_ros2/install/px4_msgs/share/px4_msgs/msg/GimbalDeviceInformation.msg\n'}
[6.081084] (px4_msgs) StdoutLine: {'line': b'-- Up-to-date: /home/pavel/ws_ros2/install/px4_msgs/share/px4_msgs/msg/GimbalDeviceSetAttitude.msg\n'}
[6.081152] (px4_msgs) StdoutLine: {'line': b'-- Up-to-date: /home/pavel/ws_ros2/install/px4_msgs/share/px4_msgs/msg/GimbalManagerInformation.msg\n'}
[6.081220] (px4_msgs) StdoutLine: {'line': b'-- Up-to-date: /home/pavel/ws_ros2/install/px4_msgs/share/px4_msgs/msg/GimbalManagerSetAttitude.msg\n'}
[6.081306] (px4_msgs) StdoutLine: {'line': b'-- Up-to-date: /home/pavel/ws_ros2/install/px4_msgs/share/px4_msgs/msg/GimbalManagerSetManualControl.msg\n'}
[6.081388] (px4_msgs) StdoutLine: {'line': b'-- Up-to-date: /home/pavel/ws_ros2/install/px4_msgs/share/px4_msgs/msg/GimbalManagerStatus.msg\n'}
[6.081462] (px4_msgs) StdoutLine: {'line': b'-- Up-to-date: /home/pavel/ws_ros2/install/px4_msgs/share/px4_msgs/msg/GotoSetpoint.msg\n'}
[6.081528] (px4_msgs) StdoutLine: {'line': b'-- Up-to-date: /home/pavel/ws_ros2/install/px4_msgs/share/px4_msgs/msg/GpioConfig.msg\n'}
[6.081609] (px4_msgs) StdoutLine: {'line': b'-- Up-to-date: /home/pavel/ws_ros2/install/px4_msgs/share/px4_msgs/msg/GpioIn.msg\n'}
[6.081678] (px4_msgs) StdoutLine: {'line': b'-- Up-to-date: /home/pavel/ws_ros2/install/px4_msgs/share/px4_msgs/msg/GpioOut.msg\n'}
[6.081744] (px4_msgs) StdoutLine: {'line': b'-- Up-to-date: /home/pavel/ws_ros2/install/px4_msgs/share/px4_msgs/msg/GpioRequest.msg\n'}
[6.081809] (px4_msgs) StdoutLine: {'line': b'-- Up-to-date: /home/pavel/ws_ros2/install/px4_msgs/share/px4_msgs/msg/GpsDump.msg\n'}
[6.081885] (px4_msgs) StdoutLine: {'line': b'-- Up-to-date: /home/pavel/ws_ros2/install/px4_msgs/share/px4_msgs/msg/GpsInjectData.msg\n'}
[6.081958] (px4_msgs) StdoutLine: {'line': b'-- Up-to-date: /home/pavel/ws_ros2/install/px4_msgs/share/px4_msgs/msg/Gripper.msg\n'}
[6.082025] (px4_msgs) StdoutLine: {'line': b'-- Up-to-date: /home/pavel/ws_ros2/install/px4_msgs/share/px4_msgs/msg/HealthReport.msg\n'}
[6.082090] (px4_msgs) StdoutLine: {'line': b'-- Up-to-date: /home/pavel/ws_ros2/install/px4_msgs/share/px4_msgs/msg/HeaterStatus.msg\n'}
[6.082156] (px4_msgs) StdoutLine: {'line': b'-- Up-to-date: /home/pavel/ws_ros2/install/px4_msgs/share/px4_msgs/msg/HomePosition.msg\n'}
[6.082220] (px4_msgs) StdoutLine: {'line': b'-- Up-to-date: /home/pavel/ws_ros2/install/px4_msgs/share/px4_msgs/msg/HoverThrustEstimate.msg\n'}
[6.082286] (px4_msgs) StdoutLine: {'line': b'-- Up-to-date: /home/pavel/ws_ros2/install/px4_msgs/share/px4_msgs/msg/InputRc.msg\n'}
[6.082354] (px4_msgs) StdoutLine: {'line': b'-- Up-to-date: /home/pavel/ws_ros2/install/px4_msgs/share/px4_msgs/msg/InternalCombustionEngineStatus.msg\n'}
[6.082419] (px4_msgs) StdoutLine: {'line': b'-- Up-to-date: /home/pavel/ws_ros2/install/px4_msgs/share/px4_msgs/msg/IridiumsbdStatus.msg\n'}
[6.082484] (px4_msgs) StdoutLine: {'line': b'-- Up-to-date: /home/pavel/ws_ros2/install/px4_msgs/share/px4_msgs/msg/IrlockReport.msg\n'}
[6.082550] (px4_msgs) StdoutLine: {'line': b'-- Up-to-date: /home/pavel/ws_ros2/install/px4_msgs/share/px4_msgs/msg/LandingGear.msg\n'}
[6.082614] (px4_msgs) StdoutLine: {'line': b'-- Up-to-date: /home/pavel/ws_ros2/install/px4_msgs/share/px4_msgs/msg/LandingGearWheel.msg\n'}
[6.082680] (px4_msgs) StdoutLine: {'line': b'-- Up-to-date: /home/pavel/ws_ros2/install/px4_msgs/share/px4_msgs/msg/LandingTargetInnovations.msg\n'}
[6.082749] (px4_msgs) StdoutLine: {'line': b'-- Up-to-date: /home/pavel/ws_ros2/install/px4_msgs/share/px4_msgs/msg/LandingTargetPose.msg\n'}
[6.082816] (px4_msgs) StdoutLine: {'line': b'-- Up-to-date: /home/pavel/ws_ros2/install/px4_msgs/share/px4_msgs/msg/LaunchDetectionStatus.msg\n'}
[6.082952] (px4_msgs) StdoutLine: {'line': b'-- Up-to-date: /home/pavel/ws_ros2/install/px4_msgs/share/px4_msgs/msg/LedControl.msg\n'}
[6.083022] (px4_msgs) StdoutLine: {'line': b'-- Up-to-date: /home/pavel/ws_ros2/install/px4_msgs/share/px4_msgs/msg/LogMessage.msg\n'}
[6.083088] (px4_msgs) StdoutLine: {'line': b'-- Up-to-date: /home/pavel/ws_ros2/install/px4_msgs/share/px4_msgs/msg/LoggerStatus.msg\n'}
[6.083153] (px4_msgs) StdoutLine: {'line': b'-- Up-to-date: /home/pavel/ws_ros2/install/px4_msgs/share/px4_msgs/msg/MagWorkerData.msg\n'}
[6.083224] (px4_msgs) StdoutLine: {'line': b'-- Up-to-date: /home/pavel/ws_ros2/install/px4_msgs/share/px4_msgs/msg/MagnetometerBiasEstimate.msg\n'}
[6.083305] (px4_msgs) StdoutLine: {'line': b'-- Up-to-date: /home/pavel/ws_ros2/install/px4_msgs/share/px4_msgs/msg/ManualControlSetpoint.msg\n'}
[6.083386] (px4_msgs) StdoutLine: {'line': b'-- Up-to-date: /home/pavel/ws_ros2/install/px4_msgs/share/px4_msgs/msg/ManualControlSwitches.msg\n'}
[6.083466] (px4_msgs) StdoutLine: {'line': b'-- Up-to-date: /home/pavel/ws_ros2/install/px4_msgs/share/px4_msgs/msg/MavlinkLog.msg\n'}
[6.083546] (px4_msgs) StdoutLine: {'line': b'-- Up-to-date: /home/pavel/ws_ros2/install/px4_msgs/share/px4_msgs/msg/MavlinkTunnel.msg\n'}
[6.083634] (px4_msgs) StdoutLine: {'line': b'-- Up-to-date: /home/pavel/ws_ros2/install/px4_msgs/share/px4_msgs/msg/MessageFormatRequest.msg\n'}
[6.083714] (px4_msgs) StdoutLine: {'line': b'-- Up-to-date: /home/pavel/ws_ros2/install/px4_msgs/share/px4_msgs/msg/MessageFormatResponse.msg\n'}
[6.083794] (px4_msgs) StdoutLine: {'line': b'-- Up-to-date: /home/pavel/ws_ros2/install/px4_msgs/share/px4_msgs/msg/Mission.msg\n'}
[6.083885] (px4_msgs) StdoutLine: {'line': b'-- Up-to-date: /home/pavel/ws_ros2/install/px4_msgs/share/px4_msgs/msg/MissionResult.msg\n'}
[6.083957] (px4_msgs) StdoutLine: {'line': b'-- Up-to-date: /home/pavel/ws_ros2/install/px4_msgs/share/px4_msgs/msg/ModeCompleted.msg\n'}
[6.084022] (px4_msgs) StdoutLine: {'line': b'-- Up-to-date: /home/pavel/ws_ros2/install/px4_msgs/share/px4_msgs/msg/MountOrientation.msg\n'}
[6.084103] (px4_msgs) StdoutLine: {'line': b'-- Up-to-date: /home/pavel/ws_ros2/install/px4_msgs/share/px4_msgs/msg/NavigatorMissionItem.msg\n'}
[6.084183] (px4_msgs) StdoutLine: {'line': b'-- Up-to-date: /home/pavel/ws_ros2/install/px4_msgs/share/px4_msgs/msg/NormalizedUnsignedSetpoint.msg\n'}
[6.084263] (px4_msgs) StdoutLine: {'line': b'-- Up-to-date: /home/pavel/ws_ros2/install/px4_msgs/share/px4_msgs/msg/NpfgStatus.msg\n'}
[6.084343] (px4_msgs) StdoutLine: {'line': b'-- Up-to-date: /home/pavel/ws_ros2/install/px4_msgs/share/px4_msgs/msg/ObstacleDistance.msg\n'}
[6.084422] (px4_msgs) StdoutLine: {'line': b'-- Up-to-date: /home/pavel/ws_ros2/install/px4_msgs/share/px4_msgs/msg/OffboardControlMode.msg\n'}
[6.084502] (px4_msgs) StdoutLine: {'line': b'-- Up-to-date: /home/pavel/ws_ros2/install/px4_msgs/share/px4_msgs/msg/OnboardComputerStatus.msg\n'}
[6.084581] (px4_msgs) StdoutLine: {'line': b'-- Up-to-date: /home/pavel/ws_ros2/install/px4_msgs/share/px4_msgs/msg/OrbTest.msg\n'}
[6.084661] (px4_msgs) StdoutLine: {'line': b'-- Up-to-date: /home/pavel/ws_ros2/install/px4_msgs/share/px4_msgs/msg/OrbTestLarge.msg\n'}
[6.084772] (px4_msgs) StdoutLine: {'line': b'-- Up-to-date: /home/pavel/ws_ros2/install/px4_msgs/share/px4_msgs/msg/OrbTestMedium.msg\n'}
[6.084838] (px4_msgs) StdoutLine: {'line': b'-- Up-to-date: /home/pavel/ws_ros2/install/px4_msgs/share/px4_msgs/msg/OrbitStatus.msg\n'}
[6.084947] (px4_msgs) StdoutLine: {'line': b'-- Up-to-date: /home/pavel/ws_ros2/install/px4_msgs/share/px4_msgs/msg/ParameterResetRequest.msg\n'}
[6.085012] (px4_msgs) StdoutLine: {'line': b'-- Up-to-date: /home/pavel/ws_ros2/install/px4_msgs/share/px4_msgs/msg/ParameterSetUsedRequest.msg\n'}
[6.085077] (px4_msgs) StdoutLine: {'line': b'-- Up-to-date: /home/pavel/ws_ros2/install/px4_msgs/share/px4_msgs/msg/ParameterSetValueRequest.msg\n'}
[6.085142] (px4_msgs) StdoutLine: {'line': b'-- Up-to-date: /home/pavel/ws_ros2/install/px4_msgs/share/px4_msgs/msg/ParameterSetValueResponse.msg\n'}
[6.085215] (px4_msgs) StdoutLine: {'line': b'-- Up-to-date: /home/pavel/ws_ros2/install/px4_msgs/share/px4_msgs/msg/ParameterUpdate.msg\n'}
[6.085295] (px4_msgs) StdoutLine: {'line': b'-- Up-to-date: /home/pavel/ws_ros2/install/px4_msgs/share/px4_msgs/msg/Ping.msg\n'}
[6.085375] (px4_msgs) StdoutLine: {'line': b'-- Up-to-date: /home/pavel/ws_ros2/install/px4_msgs/share/px4_msgs/msg/PositionControllerLandingStatus.msg\n'}
[6.085455] (px4_msgs) StdoutLine: {'line': b'-- Up-to-date: /home/pavel/ws_ros2/install/px4_msgs/share/px4_msgs/msg/PositionControllerStatus.msg\n'}
[6.085535] (px4_msgs) StdoutLine: {'line': b'-- Up-to-date: /home/pavel/ws_ros2/install/px4_msgs/share/px4_msgs/msg/PositionSetpoint.msg\n'}
[6.085615] (px4_msgs) StdoutLine: {'line': b'-- Up-to-date: /home/pavel/ws_ros2/install/px4_msgs/share/px4_msgs/msg/PositionSetpointTriplet.msg\n'}
[6.085735] (px4_msgs) StdoutLine: {'line': b'-- Up-to-date: /home/pavel/ws_ros2/install/px4_msgs/share/px4_msgs/msg/PowerButtonState.msg\n'}
[6.085805] (px4_msgs) StdoutLine: {'line': b'-- Up-to-date: /home/pavel/ws_ros2/install/px4_msgs/share/px4_msgs/msg/PowerMonitor.msg\n'}
[6.089863] (px4_msgs) StdoutLine: {'line': b'-- Up-to-date: /home/pavel/ws_ros2/install/px4_msgs/share/px4_msgs/msg/PpsCapture.msg\n'}
[6.090913] (px4_msgs) StdoutLine: {'line': b'-- Up-to-date: /home/pavel/ws_ros2/install/px4_msgs/share/px4_msgs/msg/PwmInput.msg\n'}
[6.090989] (px4_msgs) StdoutLine: {'line': b'-- Up-to-date: /home/pavel/ws_ros2/install/px4_msgs/share/px4_msgs/msg/Px4ioStatus.msg\n'}
[6.091055] (px4_msgs) StdoutLine: {'line': b'-- Up-to-date: /home/pavel/ws_ros2/install/px4_msgs/share/px4_msgs/msg/QshellReq.msg\n'}
[6.091118] (px4_msgs) StdoutLine: {'line': b'-- Up-to-date: /home/pavel/ws_ros2/install/px4_msgs/share/px4_msgs/msg/QshellRetval.msg\n'}
[6.091185] (px4_msgs) StdoutLine: {'line': b'-- Up-to-date: /home/pavel/ws_ros2/install/px4_msgs/share/px4_msgs/msg/RadioStatus.msg\n'}
[6.091249] (px4_msgs) StdoutLine: {'line': b'-- Up-to-date: /home/pavel/ws_ros2/install/px4_msgs/share/px4_msgs/msg/RateCtrlStatus.msg\n'}
[6.091312] (px4_msgs) StdoutLine: {'line': b'-- Up-to-date: /home/pavel/ws_ros2/install/px4_msgs/share/px4_msgs/msg/RcChannels.msg\n'}
[6.091377] (px4_msgs) StdoutLine: {'line': b'-- Up-to-date: /home/pavel/ws_ros2/install/px4_msgs/share/px4_msgs/msg/RcParameterMap.msg\n'}
[6.091457] (px4_msgs) StdoutLine: {'line': b'-- Up-to-date: /home/pavel/ws_ros2/install/px4_msgs/share/px4_msgs/msg/RegisterExtComponentReply.msg\n'}
[6.091536] (px4_msgs) StdoutLine: {'line': b'-- Up-to-date: /home/pavel/ws_ros2/install/px4_msgs/share/px4_msgs/msg/RegisterExtComponentRequest.msg\n'}
[6.091615] (px4_msgs) StdoutLine: {'line': b'-- Up-to-date: /home/pavel/ws_ros2/install/px4_msgs/share/px4_msgs/msg/RoverAckermannGuidanceStatus.msg\n'}
[6.091730] (px4_msgs) StdoutLine: {'line': b'-- Up-to-date: /home/pavel/ws_ros2/install/px4_msgs/share/px4_msgs/msg/Rpm.msg\n'}
[6.091797] (px4_msgs) StdoutLine: {'line': b'-- Up-to-date: /home/pavel/ws_ros2/install/px4_msgs/share/px4_msgs/msg/RtlStatus.msg\n'}
[6.092052] (px4_msgs) StdoutLine: {'line': b'-- Up-to-date: /home/pavel/ws_ros2/install/px4_msgs/share/px4_msgs/msg/RtlTimeEstimate.msg\n'}
[6.092445] (px4_msgs) StdoutLine: {'line': b'-- Up-to-date: /home/pavel/ws_ros2/install/px4_msgs/share/px4_msgs/msg/SatelliteInfo.msg\n'}
[6.093022] (px4_msgs) StdoutLine: {'line': b'-- Up-to-date: /home/pavel/ws_ros2/install/px4_msgs/share/px4_msgs/msg/SensorAccel.msg\n'}
[6.093346] (px4_msgs) StdoutLine: {'line': b'-- Up-to-date: /home/pavel/ws_ros2/install/px4_msgs/share/px4_msgs/msg/SensorAccelFifo.msg\n'}
[6.093669] (px4_msgs) StdoutLine: {'line': b'-- Up-to-date: /home/pavel/ws_ros2/install/px4_msgs/share/px4_msgs/msg/SensorAirflow.msg\n'}
[6.094068] (px4_msgs) StdoutLine: {'line': b'-- Up-to-date: /home/pavel/ws_ros2/install/px4_msgs/share/px4_msgs/msg/SensorBaro.msg\n'}
[6.094618] (px4_msgs) StdoutLine: {'line': b'-- Up-to-date: /home/pavel/ws_ros2/install/px4_msgs/share/px4_msgs/msg/SensorCombined.msg\n'}
[6.094956] (px4_msgs) StdoutLine: {'line': b'-- Up-to-date: /home/pavel/ws_ros2/install/px4_msgs/share/px4_msgs/msg/SensorCorrection.msg\n'}
[6.095286] (px4_msgs) StdoutLine: {'line': b'-- Up-to-date: /home/pavel/ws_ros2/install/px4_msgs/share/px4_msgs/msg/SensorGnssRelative.msg\n'}
[6.095677] (px4_msgs) StdoutLine: {'line': b'-- Up-to-date: /home/pavel/ws_ros2/install/px4_msgs/share/px4_msgs/msg/SensorGps.msg\n'}
[6.096237] (px4_msgs) StdoutLine: {'line': b'-- Up-to-date: /home/pavel/ws_ros2/install/px4_msgs/share/px4_msgs/msg/SensorGyro.msg\n'}
[6.096570] (px4_msgs) StdoutLine: {'line': b'-- Up-to-date: /home/pavel/ws_ros2/install/px4_msgs/share/px4_msgs/msg/SensorGyroFft.msg\n'}
[6.096900] (px4_msgs) StdoutLine: {'line': b'-- Up-to-date: /home/pavel/ws_ros2/install/px4_msgs/share/px4_msgs/msg/SensorGyroFifo.msg\n'}
[6.097294] (px4_msgs) StdoutLine: {'line': b'-- Up-to-date: /home/pavel/ws_ros2/install/px4_msgs/share/px4_msgs/msg/SensorHygrometer.msg\n'}
[6.097887] (px4_msgs) StdoutLine: {'line': b'-- Up-to-date: /home/pavel/ws_ros2/install/px4_msgs/share/px4_msgs/msg/SensorMag.msg\n'}
[6.098434] (px4_msgs) StdoutLine: {'line': b'-- Up-to-date: /home/pavel/ws_ros2/install/px4_msgs/share/px4_msgs/msg/SensorOpticalFlow.msg\n'}
[6.098543] (px4_msgs) StdoutLine: {'line': b'-- Up-to-date: /home/pavel/ws_ros2/install/px4_msgs/share/px4_msgs/msg/SensorPreflightMag.msg\n'}
[6.099168] (px4_msgs) StdoutLine: {'line': b'-- Up-to-date: /home/pavel/ws_ros2/install/px4_msgs/share/px4_msgs/msg/SensorSelection.msg\n'}
[6.099710] (px4_msgs) StdoutLine: {'line': b'-- Up-to-date: /home/pavel/ws_ros2/install/px4_msgs/share/px4_msgs/msg/SensorUwb.msg\n'}
[6.100042] (px4_msgs) StdoutLine: {'line': b'-- Up-to-date: /home/pavel/ws_ros2/install/px4_msgs/share/px4_msgs/msg/SensorsStatus.msg\n'}
[6.100378] (px4_msgs) StdoutLine: {'line': b'-- Up-to-date: /home/pavel/ws_ros2/install/px4_msgs/share/px4_msgs/msg/SensorsStatusImu.msg\n'}
[6.100786] (px4_msgs) StdoutLine: {'line': b'-- Up-to-date: /home/pavel/ws_ros2/install/px4_msgs/share/px4_msgs/msg/SystemPower.msg\n'}
[6.101376] (px4_msgs) StdoutLine: {'line': b'-- Up-to-date: /home/pavel/ws_ros2/install/px4_msgs/share/px4_msgs/msg/TakeoffStatus.msg\n'}
[6.101701] (px4_msgs) StdoutLine: {'line': b'-- Up-to-date: /home/pavel/ws_ros2/install/px4_msgs/share/px4_msgs/msg/TaskStackInfo.msg\n'}
[6.102048] (px4_msgs) StdoutLine: {'line': b'-- Up-to-date: /home/pavel/ws_ros2/install/px4_msgs/share/px4_msgs/msg/TecsStatus.msg\n'}
[6.102664] (px4_msgs) StdoutLine: {'line': b'-- Up-to-date: /home/pavel/ws_ros2/install/px4_msgs/share/px4_msgs/msg/TelemetryStatus.msg\n'}
[6.103249] (px4_msgs) StdoutLine: {'line': b'-- Up-to-date: /home/pavel/ws_ros2/install/px4_msgs/share/px4_msgs/msg/TiltrotorExtraControls.msg\n'}
[6.103557] (px4_msgs) StdoutLine: {'line': b'-- Up-to-date: /home/pavel/ws_ros2/install/px4_msgs/share/px4_msgs/msg/TimesyncStatus.msg\n'}
[6.103870] (px4_msgs) StdoutLine: {'line': b'-- Up-to-date: /home/pavel/ws_ros2/install/px4_msgs/share/px4_msgs/msg/TrajectoryBezier.msg\n'}
[6.104258] (px4_msgs) StdoutLine: {'line': b'-- Up-to-date: /home/pavel/ws_ros2/install/px4_msgs/share/px4_msgs/msg/TrajectorySetpoint.msg\n'}
[6.104794] (px4_msgs) StdoutLine: {'line': b'-- Up-to-date: /home/pavel/ws_ros2/install/px4_msgs/share/px4_msgs/msg/TrajectoryWaypoint.msg\n'}
[6.105118] (px4_msgs) StdoutLine: {'line': b'-- Up-to-date: /home/pavel/ws_ros2/install/px4_msgs/share/px4_msgs/msg/TransponderReport.msg\n'}
[6.105431] (px4_msgs) StdoutLine: {'line': b'-- Up-to-date: /home/pavel/ws_ros2/install/px4_msgs/share/px4_msgs/msg/TuneControl.msg\n'}
[6.105811] (px4_msgs) StdoutLine: {'line': b'-- Up-to-date: /home/pavel/ws_ros2/install/px4_msgs/share/px4_msgs/msg/UavcanParameterRequest.msg\n'}
[6.106417] (px4_msgs) StdoutLine: {'line': b'-- Up-to-date: /home/pavel/ws_ros2/install/px4_msgs/share/px4_msgs/msg/UavcanParameterValue.msg\n'}
[6.106738] (px4_msgs) StdoutLine: {'line': b'-- Up-to-date: /home/pavel/ws_ros2/install/px4_msgs/share/px4_msgs/msg/UlogStream.msg\n'}
[6.107182] (px4_msgs) StdoutLine: {'line': b'-- Up-to-date: /home/pavel/ws_ros2/install/px4_msgs/share/px4_msgs/msg/UlogStreamAck.msg\n'}
[6.107522] (px4_msgs) StdoutLine: {'line': b'-- Up-to-date: /home/pavel/ws_ros2/install/px4_msgs/share/px4_msgs/msg/UnregisterExtComponent.msg\n'}
[6.108059] (px4_msgs) StdoutLine: {'line': b'-- Up-to-date: /home/pavel/ws_ros2/install/px4_msgs/share/px4_msgs/msg/VehicleAcceleration.msg\n'}
[6.108561] (px4_msgs) StdoutLine: {'line': b'-- Up-to-date: /home/pavel/ws_ros2/install/px4_msgs/share/px4_msgs/msg/VehicleAirData.msg\n'}
[6.108699] (px4_msgs) StdoutLine: {'line': b'-- Up-to-date: /home/pavel/ws_ros2/install/px4_msgs/share/px4_msgs/msg/VehicleAngularAccelerationSetpoint.msg\n'}
[6.109180] (px4_msgs) StdoutLine: {'line': b'-- Up-to-date: /home/pavel/ws_ros2/install/px4_msgs/share/px4_msgs/msg/VehicleAngularVelocity.msg\n'}
[6.109670] (px4_msgs) StdoutLine: {'line': b'-- Up-to-date: /home/pavel/ws_ros2/install/px4_msgs/share/px4_msgs/msg/VehicleAttitude.msg\n'}
[6.109917] (px4_msgs) StdoutLine: {'line': b'-- Up-to-date: /home/pavel/ws_ros2/install/px4_msgs/share/px4_msgs/msg/VehicleAttitudeSetpoint.msg\n'}
[6.110228] (px4_msgs) StdoutLine: {'line': b'-- Up-to-date: /home/pavel/ws_ros2/install/px4_msgs/share/px4_msgs/msg/VehicleCommand.msg\n'}
[6.110583] (px4_msgs) StdoutLine: {'line': b'-- Up-to-date: /home/pavel/ws_ros2/install/px4_msgs/share/px4_msgs/msg/VehicleCommandAck.msg\n'}
[6.111068] (px4_msgs) StdoutLine: {'line': b'-- Up-to-date: /home/pavel/ws_ros2/install/px4_msgs/share/px4_msgs/msg/VehicleConstraints.msg\n'}
[6.111322] (px4_msgs) StdoutLine: {'line': b'-- Up-to-date: /home/pavel/ws_ros2/install/px4_msgs/share/px4_msgs/msg/VehicleControlMode.msg\n'}
[6.111583] (px4_msgs) StdoutLine: {'line': b'-- Up-to-date: /home/pavel/ws_ros2/install/px4_msgs/share/px4_msgs/msg/VehicleGlobalPosition.msg\n'}
[6.111909] (px4_msgs) StdoutLine: {'line': b'-- Up-to-date: /home/pavel/ws_ros2/install/px4_msgs/share/px4_msgs/msg/VehicleImu.msg\n'}
[6.112416] (px4_msgs) StdoutLine: {'line': b'-- Up-to-date: /home/pavel/ws_ros2/install/px4_msgs/share/px4_msgs/msg/VehicleImuStatus.msg\n'}
[6.112708] (px4_msgs) StdoutLine: {'line': b'-- Up-to-date: /home/pavel/ws_ros2/install/px4_msgs/share/px4_msgs/msg/VehicleLandDetected.msg\n'}
[6.112993] (px4_msgs) StdoutLine: {'line': b'-- Up-to-date: /home/pavel/ws_ros2/install/px4_msgs/share/px4_msgs/msg/VehicleLocalPosition.msg\n'}
[6.113347] (px4_msgs) StdoutLine: {'line': b'-- Up-to-date: /home/pavel/ws_ros2/install/px4_msgs/share/px4_msgs/msg/VehicleLocalPositionSetpoint.msg\n'}
[6.113832] (px4_msgs) StdoutLine: {'line': b'-- Up-to-date: /home/pavel/ws_ros2/install/px4_msgs/share/px4_msgs/msg/VehicleMagnetometer.msg\n'}
[6.114114] (px4_msgs) StdoutLine: {'line': b'-- Up-to-date: /home/pavel/ws_ros2/install/px4_msgs/share/px4_msgs/msg/VehicleOdometry.msg\n'}
[6.114390] (px4_msgs) StdoutLine: {'line': b'-- Up-to-date: /home/pavel/ws_ros2/install/px4_msgs/share/px4_msgs/msg/VehicleOpticalFlow.msg\n'}
[6.114756] (px4_msgs) StdoutLine: {'line': b'-- Up-to-date: /home/pavel/ws_ros2/install/px4_msgs/share/px4_msgs/msg/VehicleOpticalFlowVel.msg\n'}
[6.115211] (px4_msgs) StdoutLine: {'line': b'-- Up-to-date: /home/pavel/ws_ros2/install/px4_msgs/share/px4_msgs/msg/VehicleRatesSetpoint.msg\n'}
[6.115569] (px4_msgs) StdoutLine: {'line': b'-- Up-to-date: /home/pavel/ws_ros2/install/px4_msgs/share/px4_msgs/msg/VehicleRoi.msg\n'}
[6.115829] (px4_msgs) StdoutLine: {'line': b'-- Up-to-date: /home/pavel/ws_ros2/install/px4_msgs/share/px4_msgs/msg/VehicleStatus.msg\n'}
[6.116174] (px4_msgs) StdoutLine: {'line': b'-- Up-to-date: /home/pavel/ws_ros2/install/px4_msgs/share/px4_msgs/msg/VehicleThrustSetpoint.msg\n'}
[6.116682] (px4_msgs) StdoutLine: {'line': b'-- Up-to-date: /home/pavel/ws_ros2/install/px4_msgs/share/px4_msgs/msg/VehicleTorqueSetpoint.msg\n'}
[6.116981] (px4_msgs) StdoutLine: {'line': b'-- Up-to-date: /home/pavel/ws_ros2/install/px4_msgs/share/px4_msgs/msg/VehicleTrajectoryBezier.msg\n'}
[6.117289] (px4_msgs) StdoutLine: {'line': b'-- Up-to-date: /home/pavel/ws_ros2/install/px4_msgs/share/px4_msgs/msg/VehicleTrajectoryWaypoint.msg\n'}
[6.117719] (px4_msgs) StdoutLine: {'line': b'-- Up-to-date: /home/pavel/ws_ros2/install/px4_msgs/share/px4_msgs/msg/VelocityLimits.msg\n'}
[6.118246] (px4_msgs) StdoutLine: {'line': b'-- Up-to-date: /home/pavel/ws_ros2/install/px4_msgs/share/px4_msgs/msg/VtolVehicleStatus.msg\n'}
[6.118715] (px4_msgs) StdoutLine: {'line': b'-- Up-to-date: /home/pavel/ws_ros2/install/px4_msgs/share/px4_msgs/msg/WheelEncoders.msg\n'}
[6.118831] (px4_msgs) StdoutLine: {'line': b'-- Up-to-date: /home/pavel/ws_ros2/install/px4_msgs/share/px4_msgs/msg/Wind.msg\n'}
[6.119531] (px4_msgs) StdoutLine: {'line': b'-- Up-to-date: /home/pavel/ws_ros2/install/px4_msgs/share/px4_msgs/msg/YawEstimatorStatus.msg\n'}
[6.119998] (px4_msgs) StdoutLine: {'line': b'-- Up-to-date: /home/pavel/ws_ros2/install/px4_msgs/share/px4_msgs/srv/VehicleCommand.srv\n'}
[6.120303] (px4_msgs) StdoutLine: {'line': b'-- Up-to-date: /home/pavel/ws_ros2/install/px4_msgs/share/px4_msgs/srv/VehicleCommand_Request.msg\n'}
[6.120624] (px4_msgs) StdoutLine: {'line': b'-- Up-to-date: /home/pavel/ws_ros2/install/px4_msgs/share/px4_msgs/srv/VehicleCommand_Response.msg\n'}
[6.120921] (px4_msgs) StdoutLine: {'line': b'-- Up-to-date: /home/pavel/ws_ros2/install/px4_msgs/share/ament_index/resource_index/package_run_dependencies/px4_msgs\n'}
[6.121495] (px4_msgs) StdoutLine: {'line': b'-- Up-to-date: /home/pavel/ws_ros2/install/px4_msgs/share/ament_index/resource_index/parent_prefix_path/px4_msgs\n'}
[6.121788] (px4_msgs) StdoutLine: {'line': b'-- Up-to-date: /home/pavel/ws_ros2/install/px4_msgs/share/px4_msgs/environment/ament_prefix_path.sh\n'}
[6.122063] (px4_msgs) StdoutLine: {'line': b'-- Up-to-date: /home/pavel/ws_ros2/install/px4_msgs/share/px4_msgs/environment/ament_prefix_path.dsv\n'}
[6.122412] (px4_msgs) StdoutLine: {'line': b'-- Up-to-date: /home/pavel/ws_ros2/install/px4_msgs/share/px4_msgs/environment/path.sh\n'}
[6.122884] (px4_msgs) StdoutLine: {'line': b'-- Up-to-date: /home/pavel/ws_ros2/install/px4_msgs/share/px4_msgs/environment/path.dsv\n'}
[6.123172] (px4_msgs) StdoutLine: {'line': b'-- Up-to-date: /home/pavel/ws_ros2/install/px4_msgs/share/px4_msgs/local_setup.bash\n'}
[6.123458] (px4_msgs) StdoutLine: {'line': b'-- Up-to-date: /home/pavel/ws_ros2/install/px4_msgs/share/px4_msgs/local_setup.sh\n'}
[6.123777] (px4_msgs) StdoutLine: {'line': b'-- Up-to-date: /home/pavel/ws_ros2/install/px4_msgs/share/px4_msgs/local_setup.zsh\n'}
[6.124276] (px4_msgs) StdoutLine: {'line': b'-- Up-to-date: /home/pavel/ws_ros2/install/px4_msgs/share/px4_msgs/local_setup.dsv\n'}
[6.124569] (px4_msgs) StdoutLine: {'line': b'-- Installing: /home/pavel/ws_ros2/install/px4_msgs/share/px4_msgs/package.dsv\n'}
[6.124985] (px4_msgs) StdoutLine: {'line': b'-- Up-to-date: /home/pavel/ws_ros2/install/px4_msgs/share/ament_index/resource_index/packages/px4_msgs\n'}
[6.125390] (px4_msgs) StdoutLine: {'line': b'-- Up-to-date: /home/pavel/ws_ros2/install/px4_msgs/share/px4_msgs/cmake/export_px4_msgs__rosidl_generator_cExport.cmake\n'}
[6.125865] (px4_msgs) StdoutLine: {'line': b'-- Up-to-date: /home/pavel/ws_ros2/install/px4_msgs/share/px4_msgs/cmake/export_px4_msgs__rosidl_generator_cExport-noconfig.cmake\n'}
[6.126192] (px4_msgs) StdoutLine: {'line': b'-- Up-to-date: /home/pavel/ws_ros2/install/px4_msgs/share/px4_msgs/cmake/export_px4_msgs__rosidl_typesupport_fastrtps_cExport.cmake\n'}
[6.126485] (px4_msgs) StdoutLine: {'line': b'-- Up-to-date: /home/pavel/ws_ros2/install/px4_msgs/share/px4_msgs/cmake/export_px4_msgs__rosidl_typesupport_fastrtps_cExport-noconfig.cmake\n'}
[6.126863] (px4_msgs) StdoutLine: {'line': b'-- Up-to-date: /home/pavel/ws_ros2/install/px4_msgs/share/px4_msgs/cmake/export_px4_msgs__rosidl_generator_cppExport.cmake\n'}
[6.127401] (px4_msgs) StdoutLine: {'line': b'-- Up-to-date: /home/pavel/ws_ros2/install/px4_msgs/share/px4_msgs/cmake/export_px4_msgs__rosidl_typesupport_fastrtps_cppExport.cmake\n'}
[6.127886] (px4_msgs) StdoutLine: {'line': b'-- Up-to-date: /home/pavel/ws_ros2/install/px4_msgs/share/px4_msgs/cmake/export_px4_msgs__rosidl_typesupport_fastrtps_cppExport-noconfig.cmake\n'}
[6.128070] (px4_msgs) StdoutLine: {'line': b'-- Up-to-date: /home/pavel/ws_ros2/install/px4_msgs/share/px4_msgs/cmake/px4_msgs__rosidl_typesupport_introspection_cExport.cmake\n'}
[6.128590] (px4_msgs) StdoutLine: {'line': b'-- Up-to-date: /home/pavel/ws_ros2/install/px4_msgs/share/px4_msgs/cmake/px4_msgs__rosidl_typesupport_introspection_cExport-noconfig.cmake\n'}
[6.129113] (px4_msgs) StdoutLine: {'line': b'-- Up-to-date: /home/pavel/ws_ros2/install/px4_msgs/share/px4_msgs/cmake/px4_msgs__rosidl_typesupport_cExport.cmake\n'}
[6.129404] (px4_msgs) StdoutLine: {'line': b'-- Up-to-date: /home/pavel/ws_ros2/install/px4_msgs/share/px4_msgs/cmake/px4_msgs__rosidl_typesupport_cExport-noconfig.cmake\n'}
[6.129726] (px4_msgs) StdoutLine: {'line': b'-- Up-to-date: /home/pavel/ws_ros2/install/px4_msgs/share/px4_msgs/cmake/px4_msgs__rosidl_typesupport_introspection_cppExport.cmake\n'}
[6.130074] (px4_msgs) StdoutLine: {'line': b'-- Up-to-date: /home/pavel/ws_ros2/install/px4_msgs/share/px4_msgs/cmake/px4_msgs__rosidl_typesupport_introspection_cppExport-noconfig.cmake\n'}
[6.130596] (px4_msgs) StdoutLine: {'line': b'-- Up-to-date: /home/pavel/ws_ros2/install/px4_msgs/share/px4_msgs/cmake/px4_msgs__rosidl_typesupport_cppExport.cmake\n'}
[6.130862] (px4_msgs) StdoutLine: {'line': b'-- Up-to-date: /home/pavel/ws_ros2/install/px4_msgs/share/px4_msgs/cmake/px4_msgs__rosidl_typesupport_cppExport-noconfig.cmake\n'}
[6.131062] (-) TimerEvent: {}
[6.131287] (px4_msgs) StdoutLine: {'line': b'-- Up-to-date: /home/pavel/ws_ros2/install/px4_msgs/share/px4_msgs/cmake/export_px4_msgs__rosidl_generator_pyExport.cmake\n'}
[6.131604] (px4_msgs) StdoutLine: {'line': b'-- Up-to-date: /home/pavel/ws_ros2/install/px4_msgs/share/px4_msgs/cmake/export_px4_msgs__rosidl_generator_pyExport-noconfig.cmake\n'}
[6.132092] (px4_msgs) StdoutLine: {'line': b'-- Up-to-date: /home/pavel/ws_ros2/install/px4_msgs/share/px4_msgs/cmake/rosidl_cmake-extras.cmake\n'}
[6.132370] (px4_msgs) StdoutLine: {'line': b'-- Up-to-date: /home/pavel/ws_ros2/install/px4_msgs/share/px4_msgs/cmake/ament_cmake_export_dependencies-extras.cmake\n'}
[6.132649] (px4_msgs) StdoutLine: {'line': b'-- Up-to-date: /home/pavel/ws_ros2/install/px4_msgs/share/px4_msgs/cmake/ament_cmake_export_include_directories-extras.cmake\n'}
[6.132987] (px4_msgs) StdoutLine: {'line': b'-- Up-to-date: /home/pavel/ws_ros2/install/px4_msgs/share/px4_msgs/cmake/ament_cmake_export_libraries-extras.cmake\n'}
[6.133468] (px4_msgs) StdoutLine: {'line': b'-- Up-to-date: /home/pavel/ws_ros2/install/px4_msgs/share/px4_msgs/cmake/ament_cmake_export_targets-extras.cmake\n'}
[6.133762] (px4_msgs) StdoutLine: {'line': b'-- Up-to-date: /home/pavel/ws_ros2/install/px4_msgs/share/px4_msgs/cmake/rosidl_cmake_export_typesupport_targets-extras.cmake\n'}
[6.134052] (px4_msgs) StdoutLine: {'line': b'-- Up-to-date: /home/pavel/ws_ros2/install/px4_msgs/share/px4_msgs/cmake/rosidl_cmake_export_typesupport_libraries-extras.cmake\n'}
[6.134399] (px4_msgs) StdoutLine: {'line': b'-- Up-to-date: /home/pavel/ws_ros2/install/px4_msgs/share/px4_msgs/cmake/px4_msgsConfig.cmake\n'}
[6.134638] (px4_msgs) StdoutLine: {'line': b'-- Up-to-date: /home/pavel/ws_ros2/install/px4_msgs/share/px4_msgs/cmake/px4_msgsConfig-version.cmake\n'}
[6.134940] (px4_msgs) StdoutLine: {'line': b'-- Up-to-date: /home/pavel/ws_ros2/install/px4_msgs/share/px4_msgs/package.xml\n'}
[6.138768] (px4_msgs) CommandEnded: {'returncode': 0}
[6.231194] (-) TimerEvent: {}
[6.331458] (-) TimerEvent: {}
[6.431719] (-) TimerEvent: {}
[6.531956] (-) TimerEvent: {}
[6.632217] (-) TimerEvent: {}
[6.732477] (-) TimerEvent: {}
[6.832707] (-) TimerEvent: {}
[6.933048] (-) TimerEvent: {}
[7.033277] (-) TimerEvent: {}
[7.136015] (-) TimerEvent: {}
[7.236232] (-) TimerEvent: {}
[7.336454] (-) TimerEvent: {}
[7.436751] (-) TimerEvent: {}
[7.536943] (-) TimerEvent: {}
[7.637167] (-) TimerEvent: {}
[7.737464] (-) TimerEvent: {}
[7.837683] (-) TimerEvent: {}
[7.937924] (-) TimerEvent: {}
[8.038141] (-) TimerEvent: {}
[8.138327] (-) TimerEvent: {}
[8.238551] (-) TimerEvent: {}
[8.338778] (-) TimerEvent: {}
[8.439015] (-) TimerEvent: {}
[8.539223] (-) TimerEvent: {}
[8.639449] (-) TimerEvent: {}
[8.739668] (-) TimerEvent: {}
[8.839897] (-) TimerEvent: {}
[8.940086] (-) TimerEvent: {}
[9.040277] (-) TimerEvent: {}
[9.140494] (-) TimerEvent: {}
[9.240717] (-) TimerEvent: {}
[9.340918] (-) TimerEvent: {}
[9.441136] (-) TimerEvent: {}
[9.541354] (-) TimerEvent: {}
[9.641563] (-) TimerEvent: {}
[9.741784] (-) TimerEvent: {}
[9.841982] (-) TimerEvent: {}
[9.942230] (-) TimerEvent: {}
[10.042412] (-) TimerEvent: {}
[10.142635] (-) TimerEvent: {}
[10.242828] (-) TimerEvent: {}
[10.343066] (-) TimerEvent: {}
[10.443319] (-) TimerEvent: {}
[10.543540] (-) TimerEvent: {}
[10.643770] (-) TimerEvent: {}
[10.685586] (px4_msgs) JobEnded: {'identifier': 'px4_msgs', 'rc': 0}
[10.686611] (px4_ros_com) JobStarted: {'identifier': 'px4_ros_com'}
[10.692158] (px4_ros_com) JobProgress: {'identifier': 'px4_ros_com', 'progress': 'cmake'}
[10.693525] (px4_ros_com) JobProgress: {'identifier': 'px4_ros_com', 'progress': 'build'}
[10.693703] (px4_ros_com) Command: {'cmd': ['/usr/bin/cmake', '--build', '/home/pavel/ws_ros2/build/px4_ros_com', '--', '-j12', '-l12'], 'cwd': '/home/pavel/ws_ros2/build/px4_ros_com', 'env': OrderedDict([('LESSOPEN', '| /usr/bin/lesspipe %s'), ('USER', 'pavel'), ('LC_TIME', 'ro_RO.UTF-8'), ('XDG_SESSION_TYPE', 'x11'), ('SHLVL', '1'), ('LD_LIBRARY_PATH', '/home/pavel/ws_ros2/install/px4_msgs/lib:/usr/lib/x86_64-linux-gnu/gazebo-11/plugins:/opt/ros/humble/opt/rviz_ogre_vendor/lib:/opt/ros/humble/lib/x86_64-linux-gnu:/opt/ros/humble/lib'), ('HOME', '/home/pavel'), ('OLDPWD', '/home/pavel'), ('DESKTOP_SESSION', 'ubuntu'), ('NVM_BIN', '/home/pavel/.nvm/versions/node/v20.13.1/bin'), ('NVM_INC', '/home/pavel/.nvm/versions/node/v20.13.1/include/node'), ('ROS_PYTHON_VERSION', '3'), ('GNOME_SHELL_SESSION_MODE', 'ubuntu'), ('GTK_MODULES', 'gail:atk-bridge'), ('LC_MONETARY', 'ro_RO.UTF-8'), ('SYSTEMD_EXEC_PID', '2524'), ('DBUS_SESSION_BUS_ADDRESS', 'unix:path=/run/user/1000/bus'), ('COLORTERM', 'truecolor'), ('NVM_DIR', '/home/pavel/.nvm'), ('ROS_DISTRO', 'humble'), ('GTK_IM_MODULE', 'ibus'), ('LOGNAME', 'pavel'), ('_', '/usr/bin/colcon'), ('ROS_VERSION', '2'), ('XDG_SESSION_CLASS', 'user'), ('USERNAME', 'pavel'), ('TERM', 'xterm-256color'), ('GNOME_DESKTOP_SESSION_ID', 'this-is-deprecated'), ('ROS_LOCALHOST_ONLY', '0'), ('WINDOWPATH', '2'), ('PATH', '/opt/ros/humble/bin:/home/pavel/.nvm/versions/node/v20.13.1/bin:/opt/gcc-arm-none-eabi-9-2020-q2-update/bin:/home/pavel/.local/bin:/usr/local/sbin:/usr/local/bin:/usr/sbin:/usr/bin:/sbin:/bin:/usr/games:/usr/local/games:/snap/bin:/snap/bin'), ('SESSION_MANAGER', 'local/UbuntuLapBean:@/tmp/.ICE-unix/2501,unix/UbuntuLapBean:/tmp/.ICE-unix/2501'), ('XDG_MENU_PREFIX', 'gnome-'), ('LC_ADDRESS', 'ro_RO.UTF-8'), ('GNOME_TERMINAL_SCREEN', '/org/gnome/Terminal/screen/e2652b77_9569_4acc_ab13_4030ee12750e'), ('XDG_RUNTIME_DIR', '/run/user/1000'), ('DISPLAY', ':1'), ('LANG', 'en_US.UTF-8'), ('XDG_CURRENT_DESKTOP', 'ubuntu:GNOME'), ('LC_TELEPHONE', 'ro_RO.UTF-8'), ('XMODIFIERS', '@im=ibus'), ('XDG_SESSION_DESKTOP', 'ubuntu'), ('XAUTHORITY', '/run/user/1000/gdm/Xauthority'), ('LS_COLORS', 'rs=0:di=01;34:ln=01;36:mh=00:pi=40;33:so=01;35:do=01;35:bd=40;33;01:cd=40;33;01:or=40;31;01:mi=00:su=37;41:sg=30;43:ca=30;41:tw=30;42:ow=34;42:st=37;44:ex=01;32:*.tar=01;31:*.tgz=01;31:*.arc=01;31:*.arj=01;31:*.taz=01;31:*.lha=01;31:*.lz4=01;31:*.lzh=01;31:*.lzma=01;31:*.tlz=01;31:*.txz=01;31:*.tzo=01;31:*.t7z=01;31:*.zip=01;31:*.z=01;31:*.dz=01;31:*.gz=01;31:*.lrz=01;31:*.lz=01;31:*.lzo=01;31:*.xz=01;31:*.zst=01;31:*.tzst=01;31:*.bz2=01;31:*.bz=01;31:*.tbz=01;31:*.tbz2=01;31:*.tz=01;31:*.deb=01;31:*.rpm=01;31:*.jar=01;31:*.war=01;31:*.ear=01;31:*.sar=01;31:*.rar=01;31:*.alz=01;31:*.ace=01;31:*.zoo=01;31:*.cpio=01;31:*.7z=01;31:*.rz=01;31:*.cab=01;31:*.wim=01;31:*.swm=01;31:*.dwm=01;31:*.esd=01;31:*.jpg=01;35:*.jpeg=01;35:*.mjpg=01;35:*.mjpeg=01;35:*.gif=01;35:*.bmp=01;35:*.pbm=01;35:*.pgm=01;35:*.ppm=01;35:*.tga=01;35:*.xbm=01;35:*.xpm=01;35:*.tif=01;35:*.tiff=01;35:*.png=01;35:*.svg=01;35:*.svgz=01;35:*.mng=01;35:*.pcx=01;35:*.mov=01;35:*.mpg=01;35:*.mpeg=01;35:*.m2v=01;35:*.mkv=01;35:*.webm=01;35:*.webp=01;35:*.ogm=01;35:*.mp4=01;35:*.m4v=01;35:*.mp4v=01;35:*.vob=01;35:*.qt=01;35:*.nuv=01;35:*.wmv=01;35:*.asf=01;35:*.rm=01;35:*.rmvb=01;35:*.flc=01;35:*.avi=01;35:*.fli=01;35:*.flv=01;35:*.gl=01;35:*.dl=01;35:*.xcf=01;35:*.xwd=01;35:*.yuv=01;35:*.cgm=01;35:*.emf=01;35:*.ogv=01;35:*.ogx=01;35:*.aac=00;36:*.au=00;36:*.flac=00;36:*.m4a=00;36:*.mid=00;36:*.midi=00;36:*.mka=00;36:*.mp3=00;36:*.mpc=00;36:*.ogg=00;36:*.ra=00;36:*.wav=00;36:*.oga=00;36:*.opus=00;36:*.spx=00;36:*.xspf=00;36:'), ('GNOME_TERMINAL_SERVICE', ':1.210'), ('SSH_AGENT_LAUNCHER', 'gnome-keyring'), ('SSH_AUTH_SOCK', '/run/user/1000/keyring/ssh'), ('AMENT_PREFIX_PATH', '/home/pavel/ws_ros2/install/px4_msgs:/opt/ros/humble'), ('SHELL', '/bin/bash'), ('LC_NAME', 'ro_RO.UTF-8'), ('QT_ACCESSIBILITY', '1'), ('GDMSESSION', 'ubuntu'), ('LESSCLOSE', '/usr/bin/lesspipe %s %s'), ('LC_MEASUREMENT', 'ro_RO.UTF-8'), ('GPG_AGENT_INFO', '/run/user/1000/gnupg/S.gpg-agent:0:1'), ('LC_IDENTIFICATION', 'ro_RO.UTF-8'), ('QT_IM_MODULE', 'ibus'), ('PWD', '/home/pavel/ws_ros2/build/px4_ros_com'), ('LC_ALL', 'en_US.UTF-8'), ('XDG_CONFIG_DIRS', '/etc/xdg/xdg-ubuntu:/etc/xdg'), ('NVM_CD_FLAGS', ''), ('XDG_DATA_DIRS', '/usr/share/ubuntu:/usr/share/gnome:/usr/local/share/:/usr/share/:/var/lib/snapd/desktop'), ('PYTHONPATH', '/home/pavel/ws_ros2/install/px4_msgs/local/lib/python3.10/dist-packages:/opt/ros/humble/lib/python3.10/site-packages:/opt/ros/humble/local/lib/python3.10/dist-packages'), ('LC_NUMERIC', 'ro_RO.UTF-8'), ('LC_PAPER', 'ro_RO.UTF-8'), ('COLCON', '1'), ('VTE_VERSION', '6800'), ('CMAKE_PREFIX_PATH', '/home/pavel/ws_ros2/install/px4_msgs:/opt/ros/humble')]), 'shell': False}
[10.745906] (-) TimerEvent: {}
[10.756882] (px4_ros_com) StdoutLine: {'line': b'[ 16%] Built target frame_transforms\n'}
[10.793886] (px4_ros_com) StdoutLine: {'line': b'[ 33%] Built target sensor_combined_listener\n'}
[10.794037] (px4_ros_com) StdoutLine: {'line': b'[ 50%] Built target offboard_control\n'}
[10.794109] (px4_ros_com) StdoutLine: {'line': b'[ 66%] Built target vehicle_gps_position_listener\n'}
[10.794180] (px4_ros_com) StdoutLine: {'line': b'[ 83%] Built target debug_vect_advertiser\n'}
[10.795421] (px4_ros_com) StdoutLine: {'line': b'[ 83%] Built target ament_cmake_python_copy_px4_ros_com\n'}
[10.796587] (px4_ros_com) StdoutLine: {'line': b'[100%] Built target offboard_control_srv\n'}
[10.846022] (-) TimerEvent: {}
[10.946254] (-) TimerEvent: {}
[11.018872] (px4_ros_com) StdoutLine: {'line': b'running egg_info\n'}
[11.035571] (px4_ros_com) StdoutLine: {'line': b'writing px4_ros_com.egg-info/PKG-INFO\n'}
[11.035956] (px4_ros_com) StdoutLine: {'line': b'writing dependency_links to px4_ros_com.egg-info/dependency_links.txt\n'}
[11.036239] (px4_ros_com) StdoutLine: {'line': b'writing top-level names to px4_ros_com.egg-info/top_level.txt\n'}
[11.046352] (-) TimerEvent: {}
[11.088094] (px4_ros_com) StdoutLine: {'line': b"reading manifest file 'px4_ros_com.egg-info/SOURCES.txt'\n"}
[11.089071] (px4_ros_com) StdoutLine: {'line': b"writing manifest file 'px4_ros_com.egg-info/SOURCES.txt'\n"}
[11.120020] (px4_ros_com) StdoutLine: {'line': b'[100%] Built target ament_cmake_python_build_px4_ros_com_egg\n'}
[11.129977] (px4_ros_com) CommandEnded: {'returncode': 0}
[11.146464] (-) TimerEvent: {}
[11.168661] (px4_ros_com) JobProgress: {'identifier': 'px4_ros_com', 'progress': 'install'}
[11.168883] (px4_ros_com) Command: {'cmd': ['/usr/bin/cmake', '--install', '/home/pavel/ws_ros2/build/px4_ros_com'], 'cwd': '/home/pavel/ws_ros2/build/px4_ros_com', 'env': OrderedDict([('LESSOPEN', '| /usr/bin/lesspipe %s'), ('USER', 'pavel'), ('LC_TIME', 'ro_RO.UTF-8'), ('XDG_SESSION_TYPE', 'x11'), ('SHLVL', '1'), ('LD_LIBRARY_PATH', '/home/pavel/ws_ros2/install/px4_msgs/lib:/usr/lib/x86_64-linux-gnu/gazebo-11/plugins:/opt/ros/humble/opt/rviz_ogre_vendor/lib:/opt/ros/humble/lib/x86_64-linux-gnu:/opt/ros/humble/lib'), ('HOME', '/home/pavel'), ('OLDPWD', '/home/pavel'), ('DESKTOP_SESSION', 'ubuntu'), ('NVM_BIN', '/home/pavel/.nvm/versions/node/v20.13.1/bin'), ('NVM_INC', '/home/pavel/.nvm/versions/node/v20.13.1/include/node'), ('ROS_PYTHON_VERSION', '3'), ('GNOME_SHELL_SESSION_MODE', 'ubuntu'), ('GTK_MODULES', 'gail:atk-bridge'), ('LC_MONETARY', 'ro_RO.UTF-8'), ('SYSTEMD_EXEC_PID', '2524'), ('DBUS_SESSION_BUS_ADDRESS', 'unix:path=/run/user/1000/bus'), ('COLORTERM', 'truecolor'), ('NVM_DIR', '/home/pavel/.nvm'), ('ROS_DISTRO', 'humble'), ('GTK_IM_MODULE', 'ibus'), ('LOGNAME', 'pavel'), ('_', '/usr/bin/colcon'), ('ROS_VERSION', '2'), ('XDG_SESSION_CLASS', 'user'), ('USERNAME', 'pavel'), ('TERM', 'xterm-256color'), ('GNOME_DESKTOP_SESSION_ID', 'this-is-deprecated'), ('ROS_LOCALHOST_ONLY', '0'), ('WINDOWPATH', '2'), ('PATH', '/opt/ros/humble/bin:/home/pavel/.nvm/versions/node/v20.13.1/bin:/opt/gcc-arm-none-eabi-9-2020-q2-update/bin:/home/pavel/.local/bin:/usr/local/sbin:/usr/local/bin:/usr/sbin:/usr/bin:/sbin:/bin:/usr/games:/usr/local/games:/snap/bin:/snap/bin'), ('SESSION_MANAGER', 'local/UbuntuLapBean:@/tmp/.ICE-unix/2501,unix/UbuntuLapBean:/tmp/.ICE-unix/2501'), ('XDG_MENU_PREFIX', 'gnome-'), ('LC_ADDRESS', 'ro_RO.UTF-8'), ('GNOME_TERMINAL_SCREEN', '/org/gnome/Terminal/screen/e2652b77_9569_4acc_ab13_4030ee12750e'), ('XDG_RUNTIME_DIR', '/run/user/1000'), ('DISPLAY', ':1'), ('LANG', 'en_US.UTF-8'), ('XDG_CURRENT_DESKTOP', 'ubuntu:GNOME'), ('LC_TELEPHONE', 'ro_RO.UTF-8'), ('XMODIFIERS', '@im=ibus'), ('XDG_SESSION_DESKTOP', 'ubuntu'), ('XAUTHORITY', '/run/user/1000/gdm/Xauthority'), ('LS_COLORS', 'rs=0:di=01;34:ln=01;36:mh=00:pi=40;33:so=01;35:do=01;35:bd=40;33;01:cd=40;33;01:or=40;31;01:mi=00:su=37;41:sg=30;43:ca=30;41:tw=30;42:ow=34;42:st=37;44:ex=01;32:*.tar=01;31:*.tgz=01;31:*.arc=01;31:*.arj=01;31:*.taz=01;31:*.lha=01;31:*.lz4=01;31:*.lzh=01;31:*.lzma=01;31:*.tlz=01;31:*.txz=01;31:*.tzo=01;31:*.t7z=01;31:*.zip=01;31:*.z=01;31:*.dz=01;31:*.gz=01;31:*.lrz=01;31:*.lz=01;31:*.lzo=01;31:*.xz=01;31:*.zst=01;31:*.tzst=01;31:*.bz2=01;31:*.bz=01;31:*.tbz=01;31:*.tbz2=01;31:*.tz=01;31:*.deb=01;31:*.rpm=01;31:*.jar=01;31:*.war=01;31:*.ear=01;31:*.sar=01;31:*.rar=01;31:*.alz=01;31:*.ace=01;31:*.zoo=01;31:*.cpio=01;31:*.7z=01;31:*.rz=01;31:*.cab=01;31:*.wim=01;31:*.swm=01;31:*.dwm=01;31:*.esd=01;31:*.jpg=01;35:*.jpeg=01;35:*.mjpg=01;35:*.mjpeg=01;35:*.gif=01;35:*.bmp=01;35:*.pbm=01;35:*.pgm=01;35:*.ppm=01;35:*.tga=01;35:*.xbm=01;35:*.xpm=01;35:*.tif=01;35:*.tiff=01;35:*.png=01;35:*.svg=01;35:*.svgz=01;35:*.mng=01;35:*.pcx=01;35:*.mov=01;35:*.mpg=01;35:*.mpeg=01;35:*.m2v=01;35:*.mkv=01;35:*.webm=01;35:*.webp=01;35:*.ogm=01;35:*.mp4=01;35:*.m4v=01;35:*.mp4v=01;35:*.vob=01;35:*.qt=01;35:*.nuv=01;35:*.wmv=01;35:*.asf=01;35:*.rm=01;35:*.rmvb=01;35:*.flc=01;35:*.avi=01;35:*.fli=01;35:*.flv=01;35:*.gl=01;35:*.dl=01;35:*.xcf=01;35:*.xwd=01;35:*.yuv=01;35:*.cgm=01;35:*.emf=01;35:*.ogv=01;35:*.ogx=01;35:*.aac=00;36:*.au=00;36:*.flac=00;36:*.m4a=00;36:*.mid=00;36:*.midi=00;36:*.mka=00;36:*.mp3=00;36:*.mpc=00;36:*.ogg=00;36:*.ra=00;36:*.wav=00;36:*.oga=00;36:*.opus=00;36:*.spx=00;36:*.xspf=00;36:'), ('GNOME_TERMINAL_SERVICE', ':1.210'), ('SSH_AGENT_LAUNCHER', 'gnome-keyring'), ('SSH_AUTH_SOCK', '/run/user/1000/keyring/ssh'), ('AMENT_PREFIX_PATH', '/home/pavel/ws_ros2/install/px4_msgs:/opt/ros/humble'), ('SHELL', '/bin/bash'), ('LC_NAME', 'ro_RO.UTF-8'), ('QT_ACCESSIBILITY', '1'), ('GDMSESSION', 'ubuntu'), ('LESSCLOSE', '/usr/bin/lesspipe %s %s'), ('LC_MEASUREMENT', 'ro_RO.UTF-8'), ('GPG_AGENT_INFO', '/run/user/1000/gnupg/S.gpg-agent:0:1'), ('LC_IDENTIFICATION', 'ro_RO.UTF-8'), ('QT_IM_MODULE', 'ibus'), ('PWD', '/home/pavel/ws_ros2/build/px4_ros_com'), ('LC_ALL', 'en_US.UTF-8'), ('XDG_CONFIG_DIRS', '/etc/xdg/xdg-ubuntu:/etc/xdg'), ('NVM_CD_FLAGS', ''), ('XDG_DATA_DIRS', '/usr/share/ubuntu:/usr/share/gnome:/usr/local/share/:/usr/share/:/var/lib/snapd/desktop'), ('PYTHONPATH', '/home/pavel/ws_ros2/install/px4_msgs/local/lib/python3.10/dist-packages:/opt/ros/humble/lib/python3.10/site-packages:/opt/ros/humble/local/lib/python3.10/dist-packages'), ('LC_NUMERIC', 'ro_RO.UTF-8'), ('LC_PAPER', 'ro_RO.UTF-8'), ('COLCON', '1'), ('VTE_VERSION', '6800'), ('CMAKE_PREFIX_PATH', '/home/pavel/ws_ros2/install/px4_msgs:/opt/ros/humble')]), 'shell': False}
[11.176659] (px4_ros_com) StdoutLine: {'line': b'-- Install configuration: ""\n'}
[11.176858] (px4_ros_com) StdoutLine: {'line': b'-- Up-to-date: /home/pavel/ws_ros2/install/px4_ros_com/lib/px4_ros_com/sensor_combined_listener\n'}
[11.177250] (px4_ros_com) StdoutLine: {'line': b'-- Up-to-date: /home/pavel/ws_ros2/install/px4_ros_com/lib/px4_ros_com/vehicle_gps_position_listener\n'}
[11.177591] (px4_ros_com) StdoutLine: {'line': b'-- Up-to-date: /home/pavel/ws_ros2/install/px4_ros_com/lib/px4_ros_com/debug_vect_advertiser\n'}
[11.177905] (px4_ros_com) StdoutLine: {'line': b'-- Up-to-date: /home/pavel/ws_ros2/install/px4_ros_com/lib/px4_ros_com/offboard_control\n'}
[11.178274] (px4_ros_com) StdoutLine: {'line': b'-- Up-to-date: /home/pavel/ws_ros2/install/px4_ros_com/lib/px4_ros_com/offboard_control_srv\n'}
[11.178460] (px4_ros_com) StdoutLine: {'line': b'-- Up-to-date: /home/pavel/ws_ros2/install/px4_ros_com/share/px4_ros_com/environment/library_path.sh\n'}
[11.178538] (px4_ros_com) StdoutLine: {'line': b'-- Up-to-date: /home/pavel/ws_ros2/install/px4_ros_com/share/px4_ros_com/environment/library_path.dsv\n'}
[11.178634] (px4_ros_com) StdoutLine: {'line': b'-- Up-to-date: /home/pavel/ws_ros2/install/px4_ros_com/include/px4_ros_com\n'}
[11.178685] (px4_ros_com) StdoutLine: {'line': b'-- Up-to-date: /home/pavel/ws_ros2/install/px4_ros_com/include/px4_ros_com/frame_transforms.h\n'}
[11.178769] (px4_ros_com) StdoutLine: {'line': b'-- Up-to-date: /home/pavel/ws_ros2/install/px4_ros_com/lib/libframe_transforms.so\n'}
[11.178951] (px4_ros_com) StdoutLine: {'line': b'-- Up-to-date: /home/pavel/ws_ros2/install/px4_ros_com/share/px4_ros_com//launch\n'}
[11.179083] (px4_ros_com) StdoutLine: {'line': b'-- Up-to-date: /home/pavel/ws_ros2/install/px4_ros_com/share/px4_ros_com//launch/offboard_control_launch.yaml\n'}
[11.179145] (px4_ros_com) StdoutLine: {'line': b'-- Up-to-date: /home/pavel/ws_ros2/install/px4_ros_com/share/px4_ros_com//launch/sensor_combined_listener.launch.py\n'}
[11.179200] (px4_ros_com) StdoutLine: {'line': b'-- Up-to-date: /home/pavel/ws_ros2/install/px4_ros_com/share/px4_ros_com//test\n'}
[11.179254] (px4_ros_com) StdoutLine: {'line': b'-- Up-to-date: /home/pavel/ws_ros2/install/px4_ros_com/share/px4_ros_com//test/pipeline_io_test.py\n'}
[11.179307] (px4_ros_com) StdoutLine: {'line': b'-- Up-to-date: /home/pavel/ws_ros2/install/px4_ros_com/share/px4_ros_com//test/__init__.py\n'}
[11.179379] (px4_ros_com) StdoutLine: {'line': b'-- Up-to-date: /home/pavel/ws_ros2/install/px4_ros_com/share/px4_ros_com//test/test_input.py\n'}
[11.179472] (px4_ros_com) StdoutLine: {'line': b'-- Up-to-date: /home/pavel/ws_ros2/install/px4_ros_com/share/px4_ros_com//test/test_output.py\n'}
[11.179523] (px4_ros_com) StdoutLine: {'line': b'-- Up-to-date: /home/pavel/ws_ros2/install/px4_ros_com/share/px4_ros_com/environment/pythonpath.sh\n'}
[11.179577] (px4_ros_com) StdoutLine: {'line': b'-- Up-to-date: /home/pavel/ws_ros2/install/px4_ros_com/share/px4_ros_com/environment/pythonpath.dsv\n'}
[11.179638] (px4_ros_com) StdoutLine: {'line': b'-- Up-to-date: /home/pavel/ws_ros2/install/px4_ros_com/local/lib/python3.10/dist-packages/px4_ros_com-0.1.0-py3.10.egg-info\n'}
[11.179686] (px4_ros_com) StdoutLine: {'line': b'-- Installing: /home/pavel/ws_ros2/install/px4_ros_com/local/lib/python3.10/dist-packages/px4_ros_com-0.1.0-py3.10.egg-info/dependency_links.txt\n'}
[11.179737] (px4_ros_com) StdoutLine: {'line': b'-- Installing: /home/pavel/ws_ros2/install/px4_ros_com/local/lib/python3.10/dist-packages/px4_ros_com-0.1.0-py3.10.egg-info/PKG-INFO\n'}
[11.179789] (px4_ros_com) StdoutLine: {'line': b'-- Installing: /home/pavel/ws_ros2/install/px4_ros_com/local/lib/python3.10/dist-packages/px4_ros_com-0.1.0-py3.10.egg-info/top_level.txt\n'}
[11.179867] (px4_ros_com) StdoutLine: {'line': b'-- Installing: /home/pavel/ws_ros2/install/px4_ros_com/local/lib/python3.10/dist-packages/px4_ros_com-0.1.0-py3.10.egg-info/SOURCES.txt\n'}
[11.179951] (px4_ros_com) StdoutLine: {'line': b'-- Up-to-date: /home/pavel/ws_ros2/install/px4_ros_com/local/lib/python3.10/dist-packages/px4_ros_com\n'}
[11.180005] (px4_ros_com) StdoutLine: {'line': b'-- Up-to-date: /home/pavel/ws_ros2/install/px4_ros_com/local/lib/python3.10/dist-packages/px4_ros_com/__init__.py\n'}
[11.180074] (px4_ros_com) StdoutLine: {'line': b'-- Up-to-date: /home/pavel/ws_ros2/install/px4_ros_com/local/lib/python3.10/dist-packages/px4_ros_com/module_to_import.py\n'}
[11.215991] (px4_ros_com) StdoutLine: {'line': b"Listing '/home/pavel/ws_ros2/install/px4_ros_com/local/lib/python3.10/dist-packages/px4_ros_com'...\n"}
[11.216133] (px4_ros_com) StdoutLine: {'line': b'-- Up-to-date: /home/pavel/ws_ros2/install/px4_ros_com/lib/px4_ros_com/LidarDetection_Avoidance.py\n'}
[11.216201] (px4_ros_com) StdoutLine: {'line': b'-- Up-to-date: /home/pavel/ws_ros2/install/px4_ros_com/lib/px4_ros_com/YOLO_person_detector.py\n'}
[11.216263] (px4_ros_com) StdoutLine: {'line': b'-- Up-to-date: /home/pavel/ws_ros2/install/px4_ros_com/lib/px4_ros_com/Cartography.py\n'}
[11.216325] (px4_ros_com) StdoutLine: {'line': b'-- Up-to-date: /home/pavel/ws_ros2/install/px4_ros_com/lib/px4_ros_com/Main.py\n'}
[11.216394] (px4_ros_com) StdoutLine: {'line': b'-- Up-to-date: /home/pavel/ws_ros2/install/px4_ros_com/share/ament_index/resource_index/package_run_dependencies/px4_ros_com\n'}
[11.216463] (px4_ros_com) StdoutLine: {'line': b'-- Up-to-date: /home/pavel/ws_ros2/install/px4_ros_com/share/ament_index/resource_index/parent_prefix_path/px4_ros_com\n'}
[11.216523] (px4_ros_com) StdoutLine: {'line': b'-- Up-to-date: /home/pavel/ws_ros2/install/px4_ros_com/share/px4_ros_com/environment/ament_prefix_path.sh\n'}
[11.216583] (px4_ros_com) StdoutLine: {'line': b'-- Up-to-date: /home/pavel/ws_ros2/install/px4_ros_com/share/px4_ros_com/environment/ament_prefix_path.dsv\n'}
[11.216643] (px4_ros_com) StdoutLine: {'line': b'-- Up-to-date: /home/pavel/ws_ros2/install/px4_ros_com/share/px4_ros_com/environment/path.sh\n'}
[11.216701] (px4_ros_com) StdoutLine: {'line': b'-- Up-to-date: /home/pavel/ws_ros2/install/px4_ros_com/share/px4_ros_com/environment/path.dsv\n'}
[11.216760] (px4_ros_com) StdoutLine: {'line': b'-- Up-to-date: /home/pavel/ws_ros2/install/px4_ros_com/share/px4_ros_com/local_setup.bash\n'}
[11.216819] (px4_ros_com) StdoutLine: {'line': b'-- Up-to-date: /home/pavel/ws_ros2/install/px4_ros_com/share/px4_ros_com/local_setup.sh\n'}
[11.216902] (px4_ros_com) StdoutLine: {'line': b'-- Up-to-date: /home/pavel/ws_ros2/install/px4_ros_com/share/px4_ros_com/local_setup.zsh\n'}
[11.216983] (px4_ros_com) StdoutLine: {'line': b'-- Up-to-date: /home/pavel/ws_ros2/install/px4_ros_com/share/px4_ros_com/local_setup.dsv\n'}
[11.217046] (px4_ros_com) StdoutLine: {'line': b'-- Installing: /home/pavel/ws_ros2/install/px4_ros_com/share/px4_ros_com/package.dsv\n'}
[11.217105] (px4_ros_com) StdoutLine: {'line': b'-- Up-to-date: /home/pavel/ws_ros2/install/px4_ros_com/share/ament_index/resource_index/packages/px4_ros_com\n'}
[11.217165] (px4_ros_com) StdoutLine: {'line': b'-- Up-to-date: /home/pavel/ws_ros2/install/px4_ros_com/share/px4_ros_com/cmake/export_frame_transformsExport.cmake\n'}
[11.217225] (px4_ros_com) StdoutLine: {'line': b'-- Up-to-date: /home/pavel/ws_ros2/install/px4_ros_com/share/px4_ros_com/cmake/export_frame_transformsExport-noconfig.cmake\n'}
[11.217285] (px4_ros_com) StdoutLine: {'line': b'-- Up-to-date: /home/pavel/ws_ros2/install/px4_ros_com/share/px4_ros_com/cmake/ament_cmake_export_dependencies-extras.cmake\n'}
[11.217344] (px4_ros_com) StdoutLine: {'line': b'-- Up-to-date: /home/pavel/ws_ros2/install/px4_ros_com/share/px4_ros_com/cmake/ament_cmake_export_targets-extras.cmake\n'}
[11.217404] (px4_ros_com) StdoutLine: {'line': b'-- Up-to-date: /home/pavel/ws_ros2/install/px4_ros_com/share/px4_ros_com/cmake/ament_cmake_export_include_directories-extras.cmake\n'}
[11.217463] (px4_ros_com) StdoutLine: {'line': b'-- Up-to-date: /home/pavel/ws_ros2/install/px4_ros_com/share/px4_ros_com/cmake/ament_cmake_export_libraries-extras.cmake\n'}
[11.217523] (px4_ros_com) StdoutLine: {'line': b'-- Up-to-date: /home/pavel/ws_ros2/install/px4_ros_com/share/px4_ros_com/cmake/px4_ros_comConfig.cmake\n'}
[11.217583] (px4_ros_com) StdoutLine: {'line': b'-- Up-to-date: /home/pavel/ws_ros2/install/px4_ros_com/share/px4_ros_com/cmake/px4_ros_comConfig-version.cmake\n'}
[11.217646] (px4_ros_com) StdoutLine: {'line': b'-- Up-to-date: /home/pavel/ws_ros2/install/px4_ros_com/share/px4_ros_com/package.xml\n'}
[11.218792] (px4_ros_com) CommandEnded: {'returncode': 0}
[11.246568] (-) TimerEvent: {}
[11.270583] (px4_ros_com) JobEnded: {'identifier': 'px4_ros_com', 'rc': 0}
[11.270878] (-) EventReactorShutdown: {}
