[0.000000] (-) TimerEvent: {}
[0.000178] (px4_msgs) JobQueued: {'identifier': 'px4_msgs', 'dependencies': OrderedDict()}
[0.000222] (px4_ros_com) JobQueued: {'identifier': 'px4_ros_com', 'dependencies': OrderedDict([('px4_msgs', '/home/pavel/ws_ros2/install/px4_msgs')])}
[0.000245] (px4_msgs) JobStarted: {'identifier': 'px4_msgs'}
[0.007584] (px4_msgs) JobProgress: {'identifier': 'px4_msgs', 'progress': 'cmake'}
[0.009050] (px4_msgs) JobProgress: {'identifier': 'px4_msgs', 'progress': 'build'}
[0.009177] (px4_msgs) Command: {'cmd': ['/usr/bin/cmake', '--build', '/home/pavel/ws_ros2/build/px4_msgs', '--', '-j12', '-l12'], 'cwd': '/home/pavel/ws_ros2/build/px4_msgs', 'env': OrderedDict([('GJS_DEBUG_TOPICS', 'JS ERROR;JS LOG'), ('LESSOPEN', '| /usr/bin/lesspipe %s'), ('USER', 'pavel'), ('LC_TIME', 'ro_RO.UTF-8'), ('XDG_SESSION_TYPE', 'wayland'), ('SHLVL', '1'), ('LD_LIBRARY_PATH', '/usr/lib/x86_64-linux-gnu/gazebo-11/plugins:/opt/ros/humble/opt/rviz_ogre_vendor/lib:/opt/ros/humble/lib/x86_64-linux-gnu:/opt/ros/humble/lib'), ('HOME', '/home/pavel'), ('OLDPWD', '/home/pavel'), ('DESKTOP_SESSION', 'ubuntu'), ('NVM_BIN', '/home/pavel/.nvm/versions/node/v20.13.1/bin'), ('NVM_INC', '/home/pavel/.nvm/versions/node/v20.13.1/include/node'), ('GIO_LAUNCHED_DESKTOP_FILE', '/usr/share/applications/terminator.desktop'), ('ROS_PYTHON_VERSION', '3'), ('GNOME_SHELL_SESSION_MODE', 'ubuntu'), ('GTK_MODULES', 'gail:atk-bridge'), ('LC_MONETARY', 'ro_RO.UTF-8'), ('MANAGERPID', '2046'), ('SYSTEMD_EXEC_PID', '2236'), ('DBUS_SESSION_BUS_ADDRESS', 'unix:path=/run/user/1000/bus'), ('COLORTERM', 'truecolor'), ('TERMINATOR_DBUS_NAME', 'net.tenshu.Terminator25ef4b219e3b005583550f2b0f9f990c3'), ('GIO_LAUNCHED_DESKTOP_FILE_PID', '3665'), ('NVM_DIR', '/home/pavel/.nvm'), ('IM_CONFIG_PHASE', '1'), ('WAYLAND_DISPLAY', 'wayland-0'), ('ROS_DISTRO', 'humble'), ('LOGNAME', 'pavel'), ('JOURNAL_STREAM', '8:16091'), ('_', '/usr/bin/colcon'), ('ROS_VERSION', '2'), ('XDG_SESSION_CLASS', 'user'), ('USERNAME', 'pavel'), ('TERM', 'xterm-256color'), ('GNOME_DESKTOP_SESSION_ID', 'this-is-deprecated'), ('ROS_LOCALHOST_ONLY', '0'), ('PATH', '/opt/ros/humble/bin:/home/pavel/.nvm/versions/node/v20.13.1/bin:/opt/gcc-arm-none-eabi-9-2020-q2-update/bin:/home/pavel/.local/bin:/usr/local/sbin:/usr/local/bin:/usr/sbin:/usr/bin:/sbin:/bin:/usr/games:/usr/local/games:/snap/bin:/snap/bin'), ('SESSION_MANAGER', 'local/UbuntuLapBean:@/tmp/.ICE-unix/2197,unix/UbuntuLapBean:/tmp/.ICE-unix/2197'), ('INVOCATION_ID', '0da77a88d20b41cdaa7ec17107c7f7c6'), ('XDG_MENU_PREFIX', 'gnome-'), ('LC_ADDRESS', 'ro_RO.UTF-8'), ('GNOME_SETUP_DISPLAY', ':1'), ('XDG_RUNTIME_DIR', '/run/user/1000'), ('DISPLAY', ':0'), ('TERMINATOR_DBUS_PATH', '/net/tenshu/Terminator2'), ('LANG', 'en_US.UTF-8'), ('XDG_CURRENT_DESKTOP', 'ubuntu:GNOME'), ('IBUS_DISABLE_SNOOPER', '1'), ('LC_TELEPHONE', 'ro_RO.UTF-8'), ('XMODIFIERS', '@im=ibus'), ('XDG_SESSION_DESKTOP', 'ubuntu'), ('XAUTHORITY', '/run/user/1000/.mutter-Xwaylandauth.JII8J3'), ('LS_COLORS', 'rs=0:di=01;34:ln=01;36:mh=00:pi=40;33:so=01;35:do=01;35:bd=40;33;01:cd=40;33;01:or=40;31;01:mi=00:su=37;41:sg=30;43:ca=30;41:tw=30;42:ow=34;42:st=37;44:ex=01;32:*.tar=01;31:*.tgz=01;31:*.arc=01;31:*.arj=01;31:*.taz=01;31:*.lha=01;31:*.lz4=01;31:*.lzh=01;31:*.lzma=01;31:*.tlz=01;31:*.txz=01;31:*.tzo=01;31:*.t7z=01;31:*.zip=01;31:*.z=01;31:*.dz=01;31:*.gz=01;31:*.lrz=01;31:*.lz=01;31:*.lzo=01;31:*.xz=01;31:*.zst=01;31:*.tzst=01;31:*.bz2=01;31:*.bz=01;31:*.tbz=01;31:*.tbz2=01;31:*.tz=01;31:*.deb=01;31:*.rpm=01;31:*.jar=01;31:*.war=01;31:*.ear=01;31:*.sar=01;31:*.rar=01;31:*.alz=01;31:*.ace=01;31:*.zoo=01;31:*.cpio=01;31:*.7z=01;31:*.rz=01;31:*.cab=01;31:*.wim=01;31:*.swm=01;31:*.dwm=01;31:*.esd=01;31:*.jpg=01;35:*.jpeg=01;35:*.mjpg=01;35:*.mjpeg=01;35:*.gif=01;35:*.bmp=01;35:*.pbm=01;35:*.pgm=01;35:*.ppm=01;35:*.tga=01;35:*.xbm=01;35:*.xpm=01;35:*.tif=01;35:*.tiff=01;35:*.png=01;35:*.svg=01;35:*.svgz=01;35:*.mng=01;35:*.pcx=01;35:*.mov=01;35:*.mpg=01;35:*.mpeg=01;35:*.m2v=01;35:*.mkv=01;35:*.webm=01;35:*.webp=01;35:*.ogm=01;35:*.mp4=01;35:*.m4v=01;35:*.mp4v=01;35:*.vob=01;35:*.qt=01;35:*.nuv=01;35:*.wmv=01;35:*.asf=01;35:*.rm=01;35:*.rmvb=01;35:*.flc=01;35:*.avi=01;35:*.fli=01;35:*.flv=01;35:*.gl=01;35:*.dl=01;35:*.xcf=01;35:*.xwd=01;35:*.yuv=01;35:*.cgm=01;35:*.emf=01;35:*.ogv=01;35:*.ogx=01;35:*.aac=00;36:*.au=00;36:*.flac=00;36:*.m4a=00;36:*.mid=00;36:*.midi=00;36:*.mka=00;36:*.mp3=00;36:*.mpc=00;36:*.ogg=00;36:*.ra=00;36:*.wav=00;36:*.oga=00;36:*.opus=00;36:*.spx=00;36:*.xspf=00;36:'), ('SSH_AGENT_LAUNCHER', 'gnome-keyring'), ('SSH_AUTH_SOCK', '/run/user/1000/keyring/ssh'), ('AMENT_PREFIX_PATH', '/opt/ros/humble'), ('SHELL', '/bin/bash'), ('LC_NAME', 'ro_RO.UTF-8'), ('TERMINATOR_UUID', 'urn:uuid:459284c5-8dab-4ed8-bdd5-5044d91946b6'), ('QT_ACCESSIBILITY', '1'), ('GDMSESSION', 'ubuntu'), ('LESSCLOSE', '/usr/bin/lesspipe %s %s'), ('LC_MEASUREMENT', 'ro_RO.UTF-8'), ('GJS_DEBUG_OUTPUT', 'stderr'), ('LC_IDENTIFICATION', 'ro_RO.UTF-8'), ('QT_IM_MODULE', 'ibus'), ('PWD', '/home/pavel/ws_ros2/build/px4_msgs'), ('LC_ALL', 'en_US.UTF-8'), ('XDG_CONFIG_DIRS', '/etc/xdg/xdg-ubuntu:/etc/xdg'), ('NVM_CD_FLAGS', ''), ('XDG_DATA_DIRS', '/usr/share/ubuntu:/usr/local/share/:/usr/share/:/var/lib/snapd/desktop'), ('PYTHONPATH', '/opt/ros/humble/lib/python3.10/site-packages:/opt/ros/humble/local/lib/python3.10/dist-packages'), ('LC_NUMERIC', 'ro_RO.UTF-8'), ('LC_PAPER', 'ro_RO.UTF-8'), ('COLCON', '1'), ('VTE_VERSION', '6800'), ('CMAKE_PREFIX_PATH', '/opt/ros/humble')]), 'shell': False}
[0.099411] (-) TimerEvent: {}
[0.199676] (-) TimerEvent: {}
[0.299944] (-) TimerEvent: {}
[0.400211] (-) TimerEvent: {}
[0.500486] (-) TimerEvent: {}
[0.600767] (-) TimerEvent: {}
[0.701016] (-) TimerEvent: {}
[0.735948] (px4_msgs) StdoutLine: {'line': b'[  0%] Built target px4_msgs__cpp\n'}
[0.768042] (px4_msgs) StdoutLine: {'line': b'[ 12%] Built target px4_msgs__rosidl_generator_c\n'}
[0.801121] (-) TimerEvent: {}
[0.816200] (px4_msgs) StdoutLine: {'line': b'[ 12%] Built target ament_cmake_python_copy_px4_msgs\n'}
[0.823616] (px4_msgs) StdoutLine: {'line': b'[ 25%] Built target px4_msgs__rosidl_typesupport_c\n'}
[0.850261] (px4_msgs) StdoutLine: {'line': b'[ 37%] Built target px4_msgs__rosidl_typesupport_cpp\n'}
[0.861075] (px4_msgs) StdoutLine: {'line': b'[ 50%] Built target px4_msgs__rosidl_typesupport_introspection_c\n'}
[0.873904] (px4_msgs) StdoutLine: {'line': b'[ 62%] Built target px4_msgs__rosidl_typesupport_fastrtps_cpp\n'}
[0.874525] (px4_msgs) StdoutLine: {'line': b'[ 75%] Built target px4_msgs__rosidl_typesupport_introspection_cpp\n'}
[0.899336] (px4_msgs) StdoutLine: {'line': b'[ 88%] Built target px4_msgs__rosidl_typesupport_fastrtps_c\n'}
[0.901193] (-) TimerEvent: {}
[0.918598] (px4_msgs) StdoutLine: {'line': b'[ 88%] Built target px4_msgs\n'}
[0.948005] (px4_msgs) StdoutLine: {'line': b'[ 88%] Built target px4_msgs__py\n'}
[1.001292] (-) TimerEvent: {}
[1.036164] (px4_msgs) StdoutLine: {'line': b'running egg_info\n'}
[1.048691] (px4_msgs) StdoutLine: {'line': b'[100%] Built target px4_msgs__rosidl_generator_py\n'}
[1.055644] (px4_msgs) StdoutLine: {'line': b'writing px4_msgs.egg-info/PKG-INFO\n'}
[1.056201] (px4_msgs) StdoutLine: {'line': b'writing dependency_links to px4_msgs.egg-info/dependency_links.txt\n'}
[1.056549] (px4_msgs) StdoutLine: {'line': b'writing top-level names to px4_msgs.egg-info/top_level.txt\n'}
[1.074009] (px4_msgs) StdoutLine: {'line': b'[100%] Built target px4_msgs__rosidl_typesupport_introspection_c__pyext\n'}
[1.074193] (px4_msgs) StdoutLine: {'line': b'[100%] Built target px4_msgs__rosidl_typesupport_fastrtps_c__pyext\n'}
[1.074297] (px4_msgs) StdoutLine: {'line': b'[100%] Built target px4_msgs__rosidl_typesupport_c__pyext\n'}
[1.101388] (-) TimerEvent: {}
[1.115389] (px4_msgs) StdoutLine: {'line': b"reading manifest file 'px4_msgs.egg-info/SOURCES.txt'\n"}
[1.120856] (px4_msgs) StdoutLine: {'line': b"writing manifest file 'px4_msgs.egg-info/SOURCES.txt'\n"}
[1.148811] (px4_msgs) StdoutLine: {'line': b'[100%] Built target ament_cmake_python_build_px4_msgs_egg\n'}
[1.161285] (px4_msgs) CommandEnded: {'returncode': 0}
[1.201458] (-) TimerEvent: {}
[1.301698] (-) TimerEvent: {}
[1.402004] (-) TimerEvent: {}
[1.502257] (-) TimerEvent: {}
[1.602546] (-) TimerEvent: {}
[1.702814] (-) TimerEvent: {}
[1.803039] (-) TimerEvent: {}
[1.903263] (-) TimerEvent: {}
[2.003564] (-) TimerEvent: {}
[2.103798] (-) TimerEvent: {}
[2.204030] (-) TimerEvent: {}
[2.304267] (-) TimerEvent: {}
[2.404472] (-) TimerEvent: {}
[2.504693] (-) TimerEvent: {}
[2.604916] (-) TimerEvent: {}
[2.705159] (-) TimerEvent: {}
[2.805449] (-) TimerEvent: {}
[2.905686] (-) TimerEvent: {}
[3.005897] (-) TimerEvent: {}
[3.106140] (-) TimerEvent: {}
[3.206360] (-) TimerEvent: {}
[3.306585] (-) TimerEvent: {}
[3.406786] (-) TimerEvent: {}
[3.506995] (-) TimerEvent: {}
[3.607202] (-) TimerEvent: {}
[3.707448] (-) TimerEvent: {}
[3.807674] (-) TimerEvent: {}
[3.907987] (-) TimerEvent: {}
[4.008221] (-) TimerEvent: {}
[4.108445] (-) TimerEvent: {}
[4.208686] (-) TimerEvent: {}
[4.308910] (-) TimerEvent: {}
[4.409124] (-) TimerEvent: {}
[4.509368] (-) TimerEvent: {}
[4.609577] (-) TimerEvent: {}
[4.709871] (-) TimerEvent: {}
[4.810114] (-) TimerEvent: {}
[4.910311] (-) TimerEvent: {}
[5.010593] (-) TimerEvent: {}
[5.110820] (-) TimerEvent: {}
[5.211054] (-) TimerEvent: {}
[5.311288] (-) TimerEvent: {}
[5.411525] (-) TimerEvent: {}
[5.503857] (px4_msgs) JobProgress: {'identifier': 'px4_msgs', 'progress': 'install'}
[5.511458] (px4_msgs) Command: {'cmd': ['/usr/bin/cmake', '--install', '/home/pavel/ws_ros2/build/px4_msgs'], 'cwd': '/home/pavel/ws_ros2/build/px4_msgs', 'env': OrderedDict([('GJS_DEBUG_TOPICS', 'JS ERROR;JS LOG'), ('LESSOPEN', '| /usr/bin/lesspipe %s'), ('USER', 'pavel'), ('LC_TIME', 'ro_RO.UTF-8'), ('XDG_SESSION_TYPE', 'wayland'), ('SHLVL', '1'), ('LD_LIBRARY_PATH', '/usr/lib/x86_64-linux-gnu/gazebo-11/plugins:/opt/ros/humble/opt/rviz_ogre_vendor/lib:/opt/ros/humble/lib/x86_64-linux-gnu:/opt/ros/humble/lib'), ('HOME', '/home/pavel'), ('OLDPWD', '/home/pavel'), ('DESKTOP_SESSION', 'ubuntu'), ('NVM_BIN', '/home/pavel/.nvm/versions/node/v20.13.1/bin'), ('NVM_INC', '/home/pavel/.nvm/versions/node/v20.13.1/include/node'), ('GIO_LAUNCHED_DESKTOP_FILE', '/usr/share/applications/terminator.desktop'), ('ROS_PYTHON_VERSION', '3'), ('GNOME_SHELL_SESSION_MODE', 'ubuntu'), ('GTK_MODULES', 'gail:atk-bridge'), ('LC_MONETARY', 'ro_RO.UTF-8'), ('MANAGERPID', '2046'), ('SYSTEMD_EXEC_PID', '2236'), ('DBUS_SESSION_BUS_ADDRESS', 'unix:path=/run/user/1000/bus'), ('COLORTERM', 'truecolor'), ('TERMINATOR_DBUS_NAME', 'net.tenshu.Terminator25ef4b219e3b005583550f2b0f9f990c3'), ('GIO_LAUNCHED_DESKTOP_FILE_PID', '3665'), ('NVM_DIR', '/home/pavel/.nvm'), ('IM_CONFIG_PHASE', '1'), ('WAYLAND_DISPLAY', 'wayland-0'), ('ROS_DISTRO', 'humble'), ('LOGNAME', 'pavel'), ('JOURNAL_STREAM', '8:16091'), ('_', '/usr/bin/colcon'), ('ROS_VERSION', '2'), ('XDG_SESSION_CLASS', 'user'), ('USERNAME', 'pavel'), ('TERM', 'xterm-256color'), ('GNOME_DESKTOP_SESSION_ID', 'this-is-deprecated'), ('ROS_LOCALHOST_ONLY', '0'), ('PATH', '/opt/ros/humble/bin:/home/pavel/.nvm/versions/node/v20.13.1/bin:/opt/gcc-arm-none-eabi-9-2020-q2-update/bin:/home/pavel/.local/bin:/usr/local/sbin:/usr/local/bin:/usr/sbin:/usr/bin:/sbin:/bin:/usr/games:/usr/local/games:/snap/bin:/snap/bin'), ('SESSION_MANAGER', 'local/UbuntuLapBean:@/tmp/.ICE-unix/2197,unix/UbuntuLapBean:/tmp/.ICE-unix/2197'), ('INVOCATION_ID', '0da77a88d20b41cdaa7ec17107c7f7c6'), ('XDG_MENU_PREFIX', 'gnome-'), ('LC_ADDRESS', 'ro_RO.UTF-8'), ('GNOME_SETUP_DISPLAY', ':1'), ('XDG_RUNTIME_DIR', '/run/user/1000'), ('DISPLAY', ':0'), ('TERMINATOR_DBUS_PATH', '/net/tenshu/Terminator2'), ('LANG', 'en_US.UTF-8'), ('XDG_CURRENT_DESKTOP', 'ubuntu:GNOME'), ('IBUS_DISABLE_SNOOPER', '1'), ('LC_TELEPHONE', 'ro_RO.UTF-8'), ('XMODIFIERS', '@im=ibus'), ('XDG_SESSION_DESKTOP', 'ubuntu'), ('XAUTHORITY', '/run/user/1000/.mutter-Xwaylandauth.JII8J3'), ('LS_COLORS', 'rs=0:di=01;34:ln=01;36:mh=00:pi=40;33:so=01;35:do=01;35:bd=40;33;01:cd=40;33;01:or=40;31;01:mi=00:su=37;41:sg=30;43:ca=30;41:tw=30;42:ow=34;42:st=37;44:ex=01;32:*.tar=01;31:*.tgz=01;31:*.arc=01;31:*.arj=01;31:*.taz=01;31:*.lha=01;31:*.lz4=01;31:*.lzh=01;31:*.lzma=01;31:*.tlz=01;31:*.txz=01;31:*.tzo=01;31:*.t7z=01;31:*.zip=01;31:*.z=01;31:*.dz=01;31:*.gz=01;31:*.lrz=01;31:*.lz=01;31:*.lzo=01;31:*.xz=01;31:*.zst=01;31:*.tzst=01;31:*.bz2=01;31:*.bz=01;31:*.tbz=01;31:*.tbz2=01;31:*.tz=01;31:*.deb=01;31:*.rpm=01;31:*.jar=01;31:*.war=01;31:*.ear=01;31:*.sar=01;31:*.rar=01;31:*.alz=01;31:*.ace=01;31:*.zoo=01;31:*.cpio=01;31:*.7z=01;31:*.rz=01;31:*.cab=01;31:*.wim=01;31:*.swm=01;31:*.dwm=01;31:*.esd=01;31:*.jpg=01;35:*.jpeg=01;35:*.mjpg=01;35:*.mjpeg=01;35:*.gif=01;35:*.bmp=01;35:*.pbm=01;35:*.pgm=01;35:*.ppm=01;35:*.tga=01;35:*.xbm=01;35:*.xpm=01;35:*.tif=01;35:*.tiff=01;35:*.png=01;35:*.svg=01;35:*.svgz=01;35:*.mng=01;35:*.pcx=01;35:*.mov=01;35:*.mpg=01;35:*.mpeg=01;35:*.m2v=01;35:*.mkv=01;35:*.webm=01;35:*.webp=01;35:*.ogm=01;35:*.mp4=01;35:*.m4v=01;35:*.mp4v=01;35:*.vob=01;35:*.qt=01;35:*.nuv=01;35:*.wmv=01;35:*.asf=01;35:*.rm=01;35:*.rmvb=01;35:*.flc=01;35:*.avi=01;35:*.fli=01;35:*.flv=01;35:*.gl=01;35:*.dl=01;35:*.xcf=01;35:*.xwd=01;35:*.yuv=01;35:*.cgm=01;35:*.emf=01;35:*.ogv=01;35:*.ogx=01;35:*.aac=00;36:*.au=00;36:*.flac=00;36:*.m4a=00;36:*.mid=00;36:*.midi=00;36:*.mka=00;36:*.mp3=00;36:*.mpc=00;36:*.ogg=00;36:*.ra=00;36:*.wav=00;36:*.oga=00;36:*.opus=00;36:*.spx=00;36:*.xspf=00;36:'), ('SSH_AGENT_LAUNCHER', 'gnome-keyring'), ('SSH_AUTH_SOCK', '/run/user/1000/keyring/ssh'), ('AMENT_PREFIX_PATH', '/opt/ros/humble'), ('SHELL', '/bin/bash'), ('LC_NAME', 'ro_RO.UTF-8'), ('TERMINATOR_UUID', 'urn:uuid:459284c5-8dab-4ed8-bdd5-5044d91946b6'), ('QT_ACCESSIBILITY', '1'), ('GDMSESSION', 'ubuntu'), ('LESSCLOSE', '/usr/bin/lesspipe %s %s'), ('LC_MEASUREMENT', 'ro_RO.UTF-8'), ('GJS_DEBUG_OUTPUT', 'stderr'), ('LC_IDENTIFICATION', 'ro_RO.UTF-8'), ('QT_IM_MODULE', 'ibus'), ('PWD', '/home/pavel/ws_ros2/build/px4_msgs'), ('LC_ALL', 'en_US.UTF-8'), ('XDG_CONFIG_DIRS', '/etc/xdg/xdg-ubuntu:/etc/xdg'), ('NVM_CD_FLAGS', ''), ('XDG_DATA_DIRS', '/usr/share/ubuntu:/usr/local/share/:/usr/share/:/var/lib/snapd/desktop'), ('PYTHONPATH', '/opt/ros/humble/lib/python3.10/site-packages:/opt/ros/humble/local/lib/python3.10/dist-packages'), ('LC_NUMERIC', 'ro_RO.UTF-8'), ('LC_PAPER', 'ro_RO.UTF-8'), ('COLCON', '1'), ('VTE_VERSION', '6800'), ('CMAKE_PREFIX_PATH', '/opt/ros/humble')]), 'shell': False}
[5.511862] (-) TimerEvent: {}
[5.523186] (px4_msgs) StdoutLine: {'line': b'-- Install configuration: ""\n'}
[5.523573] (px4_msgs) StdoutLine: {'line': b'-- Up-to-date: /home/pavel/ws_ros2/install/px4_msgs/share/ament_index/resource_index/rosidl_interfaces/px4_msgs\n'}
[5.523755] (px4_msgs) StdoutLine: {'line': b'-- Up-to-date: /home/pavel/ws_ros2/install/px4_msgs/include/px4_msgs/px4_msgs\n'}
[5.523831] (px4_msgs) StdoutLine: {'line': b'-- Up-to-date: /home/pavel/ws_ros2/install/px4_msgs/include/px4_msgs/px4_msgs/srv\n'}
[5.524030] (px4_msgs) StdoutLine: {'line': b'-- Up-to-date: /home/pavel/ws_ros2/install/px4_msgs/include/px4_msgs/px4_msgs/srv/vehicle_command.h\n'}
[5.524163] (px4_msgs) StdoutLine: {'line': b'-- Up-to-date: /home/pavel/ws_ros2/install/px4_msgs/include/px4_msgs/px4_msgs/srv/detail\n'}
[5.524296] (px4_msgs) StdoutLine: {'line': b'-- Up-to-date: /home/pavel/ws_ros2/install/px4_msgs/include/px4_msgs/px4_msgs/srv/detail/vehicle_command__struct.h\n'}
[5.524409] (px4_msgs) StdoutLine: {'line': b'-- Up-to-date: /home/pavel/ws_ros2/install/px4_msgs/include/px4_msgs/px4_msgs/srv/detail/vehicle_command__type_support.h\n'}
[5.524475] (px4_msgs) StdoutLine: {'line': b'-- Up-to-date: /home/pavel/ws_ros2/install/px4_msgs/include/px4_msgs/px4_msgs/srv/detail/vehicle_command__functions.c\n'}
[5.524534] (px4_msgs) StdoutLine: {'line': b'-- Up-to-date: /home/pavel/ws_ros2/install/px4_msgs/include/px4_msgs/px4_msgs/srv/detail/vehicle_command__functions.h\n'}
[5.524591] (px4_msgs) StdoutLine: {'line': b'-- Up-to-date: /home/pavel/ws_ros2/install/px4_msgs/include/px4_msgs/px4_msgs/msg\n'}
[5.524649] (px4_msgs) StdoutLine: {'line': b'-- Up-to-date: /home/pavel/ws_ros2/install/px4_msgs/include/px4_msgs/px4_msgs/msg/vehicle_optical_flow.h\n'}
[5.524706] (px4_msgs) StdoutLine: {'line': b'-- Up-to-date: /home/pavel/ws_ros2/install/px4_msgs/include/px4_msgs/px4_msgs/msg/system_power.h\n'}
[5.524775] (px4_msgs) StdoutLine: {'line': b'-- Up-to-date: /home/pavel/ws_ros2/install/px4_msgs/include/px4_msgs/px4_msgs/msg/vehicle_attitude.h\n'}
[5.524869] (px4_msgs) StdoutLine: {'line': b'-- Up-to-date: /home/pavel/ws_ros2/install/px4_msgs/include/px4_msgs/px4_msgs/msg/gps_inject_data.h\n'}
[5.524973] (px4_msgs) StdoutLine: {'line': b'-- Up-to-date: /home/pavel/ws_ros2/install/px4_msgs/include/px4_msgs/px4_msgs/msg/dataman_response.h\n'}
[5.525081] (px4_msgs) StdoutLine: {'line': b'-- Up-to-date: /home/pavel/ws_ros2/install/px4_msgs/include/px4_msgs/px4_msgs/msg/tecs_status.h\n'}
[5.525184] (px4_msgs) StdoutLine: {'line': b'-- Up-to-date: /home/pavel/ws_ros2/install/px4_msgs/include/px4_msgs/px4_msgs/msg/vehicle_command.h\n'}
[5.525293] (px4_msgs) StdoutLine: {'line': b'-- Up-to-date: /home/pavel/ws_ros2/install/px4_msgs/include/px4_msgs/px4_msgs/msg/rate_ctrl_status.h\n'}
[5.525405] (px4_msgs) StdoutLine: {'line': b'-- Up-to-date: /home/pavel/ws_ros2/install/px4_msgs/include/px4_msgs/px4_msgs/msg/tiltrotor_extra_controls.h\n'}
[5.525516] (px4_msgs) StdoutLine: {'line': b'-- Up-to-date: /home/pavel/ws_ros2/install/px4_msgs/include/px4_msgs/px4_msgs/msg/estimator_states.h\n'}
[5.525617] (px4_msgs) StdoutLine: {'line': b'-- Up-to-date: /home/pavel/ws_ros2/install/px4_msgs/include/px4_msgs/px4_msgs/msg/estimator_gps_status.h\n'}
[5.525707] (px4_msgs) StdoutLine: {'line': b'-- Up-to-date: /home/pavel/ws_ros2/install/px4_msgs/include/px4_msgs/px4_msgs/msg/sensor_airflow.h\n'}
[5.525784] (px4_msgs) StdoutLine: {'line': b'-- Up-to-date: /home/pavel/ws_ros2/install/px4_msgs/include/px4_msgs/px4_msgs/msg/actuator_controls_status.h\n'}
[5.525859] (px4_msgs) StdoutLine: {'line': b'-- Up-to-date: /home/pavel/ws_ros2/install/px4_msgs/include/px4_msgs/px4_msgs/msg/dataman_request.h\n'}
[5.525958] (px4_msgs) StdoutLine: {'line': b'-- Up-to-date: /home/pavel/ws_ros2/install/px4_msgs/include/px4_msgs/px4_msgs/msg/vehicle_control_mode.h\n'}
[5.526070] (px4_msgs) StdoutLine: {'line': b'-- Up-to-date: /home/pavel/ws_ros2/install/px4_msgs/include/px4_msgs/px4_msgs/msg/vehicle_magnetometer.h\n'}
[5.526163] (px4_msgs) StdoutLine: {'line': b'-- Up-to-date: /home/pavel/ws_ros2/install/px4_msgs/include/px4_msgs/px4_msgs/msg/trajectory_bezier.h\n'}
[5.526248] (px4_msgs) StdoutLine: {'line': b'-- Up-to-date: /home/pavel/ws_ros2/install/px4_msgs/include/px4_msgs/px4_msgs/msg/normalized_unsigned_setpoint.h\n'}
[5.526344] (px4_msgs) StdoutLine: {'line': b'-- Up-to-date: /home/pavel/ws_ros2/install/px4_msgs/include/px4_msgs/px4_msgs/msg/parameter_set_value_response.h\n'}
[5.526453] (px4_msgs) StdoutLine: {'line': b'-- Up-to-date: /home/pavel/ws_ros2/install/px4_msgs/include/px4_msgs/px4_msgs/msg/sensors_status.h\n'}
[5.526552] (px4_msgs) StdoutLine: {'line': b'-- Up-to-date: /home/pavel/ws_ros2/install/px4_msgs/include/px4_msgs/px4_msgs/msg/vehicle_roi.h\n'}
[5.526645] (px4_msgs) StdoutLine: {'line': b'-- Up-to-date: /home/pavel/ws_ros2/install/px4_msgs/include/px4_msgs/px4_msgs/msg/airspeed_wind.h\n'}
[5.526747] (px4_msgs) StdoutLine: {'line': b'-- Up-to-date: /home/pavel/ws_ros2/install/px4_msgs/include/px4_msgs/px4_msgs/msg/gps_dump.h\n'}
[5.526863] (px4_msgs) StdoutLine: {'line': b'-- Up-to-date: /home/pavel/ws_ros2/install/px4_msgs/include/px4_msgs/px4_msgs/msg/position_setpoint_triplet.h\n'}
[5.526960] (px4_msgs) StdoutLine: {'line': b'-- Up-to-date: /home/pavel/ws_ros2/install/px4_msgs/include/px4_msgs/px4_msgs/msg/flight_phase_estimation.h\n'}
[5.527055] (px4_msgs) StdoutLine: {'line': b'-- Up-to-date: /home/pavel/ws_ros2/install/px4_msgs/include/px4_msgs/px4_msgs/msg/follow_target_status.h\n'}
[5.527269] (px4_msgs) StdoutLine: {'line': b'-- Up-to-date: /home/pavel/ws_ros2/install/px4_msgs/include/px4_msgs/px4_msgs/msg/detail\n'}
[5.527382] (px4_msgs) StdoutLine: {'line': b'-- Up-to-date: /home/pavel/ws_ros2/install/px4_msgs/include/px4_msgs/px4_msgs/msg/detail/actuator_motors__type_support.h\n'}
[5.527505] (px4_msgs) StdoutLine: {'line': b'-- Up-to-date: /home/pavel/ws_ros2/install/px4_msgs/include/px4_msgs/px4_msgs/msg/detail/radio_status__functions.h\n'}
[5.527574] (px4_msgs) StdoutLine: {'line': b'-- Up-to-date: /home/pavel/ws_ros2/install/px4_msgs/include/px4_msgs/px4_msgs/msg/detail/camera_status__functions.c\n'}
[5.527672] (px4_msgs) StdoutLine: {'line': b'-- Up-to-date: /home/pavel/ws_ros2/install/px4_msgs/include/px4_msgs/px4_msgs/msg/detail/can_interface_status__functions.h\n'}
[5.527731] (px4_msgs) StdoutLine: {'line': b'-- Up-to-date: /home/pavel/ws_ros2/install/px4_msgs/include/px4_msgs/px4_msgs/msg/detail/launch_detection_status__struct.h\n'}
[5.527788] (px4_msgs) StdoutLine: {'line': b'-- Up-to-date: /home/pavel/ws_ros2/install/px4_msgs/include/px4_msgs/px4_msgs/msg/detail/can_interface_status__struct.h\n'}
[5.527845] (px4_msgs) StdoutLine: {'line': b'-- Up-to-date: /home/pavel/ws_ros2/install/px4_msgs/include/px4_msgs/px4_msgs/msg/detail/estimator_bias__functions.c\n'}
[5.527902] (px4_msgs) StdoutLine: {'line': b'-- Up-to-date: /home/pavel/ws_ros2/install/px4_msgs/include/px4_msgs/px4_msgs/msg/detail/actuator_servos_trim__functions.h\n'}
[5.527974] (px4_msgs) StdoutLine: {'line': b'-- Up-to-date: /home/pavel/ws_ros2/install/px4_msgs/include/px4_msgs/px4_msgs/msg/detail/yaw_estimator_status__functions.h\n'}
[5.528094] (px4_msgs) StdoutLine: {'line': b'-- Up-to-date: /home/pavel/ws_ros2/install/px4_msgs/include/px4_msgs/px4_msgs/msg/detail/timesync_status__functions.h\n'}
[5.528190] (px4_msgs) StdoutLine: {'line': b'-- Up-to-date: /home/pavel/ws_ros2/install/px4_msgs/include/px4_msgs/px4_msgs/msg/detail/sensor_gps__struct.h\n'}
[5.528282] (px4_msgs) StdoutLine: {'line': b'-- Up-to-date: /home/pavel/ws_ros2/install/px4_msgs/include/px4_msgs/px4_msgs/msg/detail/gimbal_device_set_attitude__struct.h\n'}
[5.528341] (px4_msgs) StdoutLine: {'line': b'-- Up-to-date: /home/pavel/ws_ros2/install/px4_msgs/include/px4_msgs/px4_msgs/msg/detail/px4io_status__functions.c\n'}
[5.528451] (px4_msgs) StdoutLine: {'line': b'-- Up-to-date: /home/pavel/ws_ros2/install/px4_msgs/include/px4_msgs/px4_msgs/msg/detail/estimator_aid_source3d__struct.h\n'}
[5.528548] (px4_msgs) StdoutLine: {'line': b'-- Up-to-date: /home/pavel/ws_ros2/install/px4_msgs/include/px4_msgs/px4_msgs/msg/detail/logger_status__struct.h\n'}
[5.528639] (px4_msgs) StdoutLine: {'line': b'-- Up-to-date: /home/pavel/ws_ros2/install/px4_msgs/include/px4_msgs/px4_msgs/msg/detail/follow_target_status__struct.h\n'}
[5.528730] (px4_msgs) StdoutLine: {'line': b'-- Up-to-date: /home/pavel/ws_ros2/install/px4_msgs/include/px4_msgs/px4_msgs/msg/detail/estimator_states__functions.h\n'}
[5.528789] (px4_msgs) StdoutLine: {'line': b'-- Up-to-date: /home/pavel/ws_ros2/install/px4_msgs/include/px4_msgs/px4_msgs/msg/detail/camera_capture__functions.c\n'}
[5.528855] (px4_msgs) StdoutLine: {'line': b'-- Up-to-date: /home/pavel/ws_ros2/install/px4_msgs/include/px4_msgs/px4_msgs/msg/detail/geofence_status__type_support.h\n'}
[5.528914] (px4_msgs) StdoutLine: {'line': b'-- Up-to-date: /home/pavel/ws_ros2/install/px4_msgs/include/px4_msgs/px4_msgs/msg/detail/rpm__type_support.h\n'}
[5.528972] (px4_msgs) StdoutLine: {'line': b'-- Up-to-date: /home/pavel/ws_ros2/install/px4_msgs/include/px4_msgs/px4_msgs/msg/detail/sensor_accel_fifo__functions.c\n'}
[5.529029] (px4_msgs) StdoutLine: {'line': b'-- Up-to-date: /home/pavel/ws_ros2/install/px4_msgs/include/px4_msgs/px4_msgs/msg/detail/battery_status__type_support.h\n'}
[5.529086] (px4_msgs) StdoutLine: {'line': b'-- Up-to-date: /home/pavel/ws_ros2/install/px4_msgs/include/px4_msgs/px4_msgs/msg/detail/vehicle_magnetometer__type_support.h\n'}
[5.529143] (px4_msgs) StdoutLine: {'line': b'-- Up-to-date: /home/pavel/ws_ros2/install/px4_msgs/include/px4_msgs/px4_msgs/msg/detail/position_controller_landing_status__struct.h\n'}
[5.529225] (px4_msgs) StdoutLine: {'line': b'-- Up-to-date: /home/pavel/ws_ros2/install/px4_msgs/include/px4_msgs/px4_msgs/msg/detail/parameter_reset_request__functions.h\n'}
[5.529352] (px4_msgs) StdoutLine: {'line': b'-- Up-to-date: /home/pavel/ws_ros2/install/px4_msgs/include/px4_msgs/px4_msgs/msg/detail/differential_drive_setpoint__type_support.h\n'}
[5.529483] (px4_msgs) StdoutLine: {'line': b'-- Up-to-date: /home/pavel/ws_ros2/install/px4_msgs/include/px4_msgs/px4_msgs/msg/detail/pps_capture__functions.c\n'}
[5.529573] (px4_msgs) StdoutLine: {'line': b'-- Up-to-date: /home/pavel/ws_ros2/install/px4_msgs/include/px4_msgs/px4_msgs/msg/detail/sensor_combined__functions.c\n'}
[5.529632] (px4_msgs) StdoutLine: {'line': b'-- Up-to-date: /home/pavel/ws_ros2/install/px4_msgs/include/px4_msgs/px4_msgs/msg/detail/estimator_aid_source2d__struct.h\n'}
[5.529739] (px4_msgs) StdoutLine: {'line': b'-- Up-to-date: /home/pavel/ws_ros2/install/px4_msgs/include/px4_msgs/px4_msgs/msg/detail/system_power__functions.c\n'}
[5.529798] (px4_msgs) StdoutLine: {'line': b'-- Up-to-date: /home/pavel/ws_ros2/install/px4_msgs/include/px4_msgs/px4_msgs/msg/detail/internal_combustion_engine_status__type_support.h\n'}
[5.529901] (px4_msgs) StdoutLine: {'line': b'-- Up-to-date: /home/pavel/ws_ros2/install/px4_msgs/include/px4_msgs/px4_msgs/msg/detail/sensor_accel_fifo__type_support.h\n'}
[5.529960] (px4_msgs) StdoutLine: {'line': b'-- Up-to-date: /home/pavel/ws_ros2/install/px4_msgs/include/px4_msgs/px4_msgs/msg/detail/gpio_out__type_support.h\n'}
[5.530018] (px4_msgs) StdoutLine: {'line': b'-- Up-to-date: /home/pavel/ws_ros2/install/px4_msgs/include/px4_msgs/px4_msgs/msg/detail/mavlink_tunnel__functions.h\n'}
[5.530077] (px4_msgs) StdoutLine: {'line': b'-- Up-to-date: /home/pavel/ws_ros2/install/px4_msgs/include/px4_msgs/px4_msgs/msg/detail/airspeed_wind__type_support.h\n'}
[5.530135] (px4_msgs) StdoutLine: {'line': b'-- Up-to-date: /home/pavel/ws_ros2/install/px4_msgs/include/px4_msgs/px4_msgs/msg/detail/vehicle_roi__functions.h\n'}
[5.530192] (px4_msgs) StdoutLine: {'line': b'-- Up-to-date: /home/pavel/ws_ros2/install/px4_msgs/include/px4_msgs/px4_msgs/msg/detail/vehicle_local_position__type_support.h\n'}
[5.530264] (px4_msgs) StdoutLine: {'line': b'-- Up-to-date: /home/pavel/ws_ros2/install/px4_msgs/include/px4_msgs/px4_msgs/msg/detail/action_request__struct.h\n'}
[5.530398] (px4_msgs) StdoutLine: {'line': b'-- Up-to-date: /home/pavel/ws_ros2/install/px4_msgs/include/px4_msgs/px4_msgs/msg/detail/landing_target_pose__struct.h\n'}
[5.530507] (px4_msgs) StdoutLine: {'line': b'-- Up-to-date: /home/pavel/ws_ros2/install/px4_msgs/include/px4_msgs/px4_msgs/msg/detail/vehicle_imu__functions.c\n'}
[5.530599] (px4_msgs) StdoutLine: {'line': b'-- Up-to-date: /home/pavel/ws_ros2/install/px4_msgs/include/px4_msgs/px4_msgs/msg/detail/uavcan_parameter_value__functions.c\n'}
[5.530660] (px4_msgs) StdoutLine: {'line': b'-- Up-to-date: /home/pavel/ws_ros2/install/px4_msgs/include/px4_msgs/px4_msgs/msg/detail/sensor_gyro__functions.c\n'}
[5.530718] (px4_msgs) StdoutLine: {'line': b'-- Up-to-date: /home/pavel/ws_ros2/install/px4_msgs/include/px4_msgs/px4_msgs/msg/detail/geofence_status__struct.h\n'}
[5.530828] (px4_msgs) StdoutLine: {'line': b'-- Up-to-date: /home/pavel/ws_ros2/install/px4_msgs/include/px4_msgs/px4_msgs/msg/detail/gimbal_manager_status__struct.h\n'}
[5.530888] (px4_msgs) StdoutLine: {'line': b'-- Up-to-date: /home/pavel/ws_ros2/install/px4_msgs/include/px4_msgs/px4_msgs/msg/detail/vehicle_command_ack__struct.h\n'}
[5.530945] (px4_msgs) StdoutLine: {'line': b'-- Up-to-date: /home/pavel/ws_ros2/install/px4_msgs/include/px4_msgs/px4_msgs/msg/detail/dataman_response__type_support.h\n'}
[5.531008] (px4_msgs) StdoutLine: {'line': b'-- Up-to-date: /home/pavel/ws_ros2/install/px4_msgs/include/px4_msgs/px4_msgs/msg/detail/gimbal_controls__type_support.h\n'}
[5.531074] (px4_msgs) StdoutLine: {'line': b'-- Up-to-date: /home/pavel/ws_ros2/install/px4_msgs/include/px4_msgs/px4_msgs/msg/detail/position_controller_landing_status__functions.h\n'}
[5.531139] (px4_msgs) StdoutLine: {'line': b'-- Up-to-date: /home/pavel/ws_ros2/install/px4_msgs/include/px4_msgs/px4_msgs/msg/detail/geofence_result__struct.h\n'}
[5.531212] (px4_msgs) StdoutLine: {'line': b'-- Up-to-date: /home/pavel/ws_ros2/install/px4_msgs/include/px4_msgs/px4_msgs/msg/detail/arming_check_request__functions.c\n'}
[5.531277] (px4_msgs) StdoutLine: {'line': b'-- Up-to-date: /home/pavel/ws_ros2/install/px4_msgs/include/px4_msgs/px4_msgs/msg/detail/input_rc__struct.h\n'}
[5.531454] (px4_msgs) StdoutLine: {'line': b'-- Up-to-date: /home/pavel/ws_ros2/install/px4_msgs/include/px4_msgs/px4_msgs/msg/detail/unregister_ext_component__functions.c\n'}
[5.531543] (px4_msgs) StdoutLine: {'line': b'-- Up-to-date: /home/pavel/ws_ros2/install/px4_msgs/include/px4_msgs/px4_msgs/msg/detail/unregister_ext_component__functions.h\n'}
[5.531633] (px4_msgs) StdoutLine: {'line': b'-- Up-to-date: /home/pavel/ws_ros2/install/px4_msgs/include/px4_msgs/px4_msgs/msg/detail/sensor_mag__functions.c\n'}
[5.531726] (px4_msgs) StdoutLine: {'line': b'-- Up-to-date: /home/pavel/ws_ros2/install/px4_msgs/include/px4_msgs/px4_msgs/msg/detail/estimator_bias3d__type_support.h\n'}
[5.531818] (px4_msgs) StdoutLine: {'line': b'-- Up-to-date: /home/pavel/ws_ros2/install/px4_msgs/include/px4_msgs/px4_msgs/msg/detail/tiltrotor_extra_controls__functions.h\n'}
[5.531878] (px4_msgs) StdoutLine: {'line': b'-- Up-to-date: /home/pavel/ws_ros2/install/px4_msgs/include/px4_msgs/px4_msgs/msg/detail/trajectory_setpoint__functions.h\n'}
[5.531942] (px4_msgs) StdoutLine: {'line': b'-- Up-to-date: /home/pavel/ws_ros2/install/px4_msgs/include/px4_msgs/px4_msgs/msg/detail/takeoff_status__functions.c\n'}
[5.532006] (px4_msgs) StdoutLine: {'line': b'-- Up-to-date: /home/pavel/ws_ros2/install/px4_msgs/include/px4_msgs/px4_msgs/msg/detail/actuator_motors__struct.h\n'}
[5.532069] (px4_msgs) StdoutLine: {'line': b'-- Up-to-date: /home/pavel/ws_ros2/install/px4_msgs/include/px4_msgs/px4_msgs/msg/detail/estimator_status_flags__type_support.h\n'}
[5.532132] (px4_msgs) StdoutLine: {'line': b'-- Up-to-date: /home/pavel/ws_ros2/install/px4_msgs/include/px4_msgs/px4_msgs/msg/detail/sensor_gyro_fifo__struct.h\n'}
[5.532208] (px4_msgs) StdoutLine: {'line': b'-- Up-to-date: /home/pavel/ws_ros2/install/px4_msgs/include/px4_msgs/px4_msgs/msg/detail/vehicle_command__struct.h\n'}
[5.532335] (px4_msgs) StdoutLine: {'line': b'-- Up-to-date: /home/pavel/ws_ros2/install/px4_msgs/include/px4_msgs/px4_msgs/msg/detail/estimator_aid_source3d__functions.c\n'}
[5.532442] (px4_msgs) StdoutLine: {'line': b'-- Up-to-date: /home/pavel/ws_ros2/install/px4_msgs/include/px4_msgs/px4_msgs/msg/detail/navigator_mission_item__type_support.h\n'}
[5.532538] (px4_msgs) StdoutLine: {'line': b'-- Up-to-date: /home/pavel/ws_ros2/install/px4_msgs/include/px4_msgs/px4_msgs/msg/detail/internal_combustion_engine_status__struct.h\n'}
[5.532643] (px4_msgs) StdoutLine: {'line': b'-- Up-to-date: /home/pavel/ws_ros2/install/px4_msgs/include/px4_msgs/px4_msgs/msg/detail/estimator_gps_status__functions.c\n'}
[5.532731] (px4_msgs) StdoutLine: {'line': b'-- Up-to-date: /home/pavel/ws_ros2/install/px4_msgs/include/px4_msgs/px4_msgs/msg/detail/vehicle_acceleration__functions.c\n'}
[5.532824] (px4_msgs) StdoutLine: {'line': b'-- Up-to-date: /home/pavel/ws_ros2/install/px4_msgs/include/px4_msgs/px4_msgs/msg/detail/vehicle_status__struct.h\n'}
[5.532884] (px4_msgs) StdoutLine: {'line': b'-- Up-to-date: /home/pavel/ws_ros2/install/px4_msgs/include/px4_msgs/px4_msgs/msg/detail/orb_test_medium__struct.h\n'}
[5.532988] (px4_msgs) StdoutLine: {'line': b'-- Up-to-date: /home/pavel/ws_ros2/install/px4_msgs/include/px4_msgs/px4_msgs/msg/detail/tecs_status__functions.c\n'}
[5.533048] (px4_msgs) StdoutLine: {'line': b'-- Up-to-date: /home/pavel/ws_ros2/install/px4_msgs/include/px4_msgs/px4_msgs/msg/detail/rpm__functions.c\n'}
[5.533163] (px4_msgs) StdoutLine: {'line': b'-- Up-to-date: /home/pavel/ws_ros2/install/px4_msgs/include/px4_msgs/px4_msgs/msg/detail/debug_array__struct.h\n'}
[5.533262] (px4_msgs) StdoutLine: {'line': b'-- Up-to-date: /home/pavel/ws_ros2/install/px4_msgs/include/px4_msgs/px4_msgs/msg/detail/vehicle_rates_setpoint__functions.h\n'}
[5.533358] (px4_msgs) StdoutLine: {'line': b'-- Up-to-date: /home/pavel/ws_ros2/install/px4_msgs/include/px4_msgs/px4_msgs/msg/detail/vehicle_constraints__functions.c\n'}
[5.533483] (px4_msgs) StdoutLine: {'line': b'-- Up-to-date: /home/pavel/ws_ros2/install/px4_msgs/include/px4_msgs/px4_msgs/msg/detail/vehicle_torque_setpoint__functions.c\n'}
[5.533552] (px4_msgs) StdoutLine: {'line': b'-- Up-to-date: /home/pavel/ws_ros2/install/px4_msgs/include/px4_msgs/px4_msgs/msg/detail/register_ext_component_reply__type_support.h\n'}
[5.533611] (px4_msgs) StdoutLine: {'line': b'-- Up-to-date: /home/pavel/ws_ros2/install/px4_msgs/include/px4_msgs/px4_msgs/msg/detail/landing_gear_wheel__functions.c\n'}
[5.533673] (px4_msgs) StdoutLine: {'line': b'-- Up-to-date: /home/pavel/ws_ros2/install/px4_msgs/include/px4_msgs/px4_msgs/msg/detail/vehicle_attitude_setpoint__functions.c\n'}
[5.533736] (px4_msgs) StdoutLine: {'line': b'-- Up-to-date: /home/pavel/ws_ros2/install/px4_msgs/include/px4_msgs/px4_msgs/msg/detail/register_ext_component_request__functions.h\n'}
[5.533813] (px4_msgs) StdoutLine: {'line': b'-- Up-to-date: /home/pavel/ws_ros2/install/px4_msgs/include/px4_msgs/px4_msgs/msg/detail/vehicle_local_position__functions.h\n'}
[5.533876] (px4_msgs) StdoutLine: {'line': b'-- Up-to-date: /home/pavel/ws_ros2/install/px4_msgs/include/px4_msgs/px4_msgs/msg/detail/rpm__struct.h\n'}
[5.533995] (px4_msgs) StdoutLine: {'line': b'-- Up-to-date: /home/pavel/ws_ros2/install/px4_msgs/include/px4_msgs/px4_msgs/msg/detail/position_controller_landing_status__functions.c\n'}
[5.534057] (px4_msgs) StdoutLine: {'line': b'-- Up-to-date: /home/pavel/ws_ros2/install/px4_msgs/include/px4_msgs/px4_msgs/msg/detail/fuel_tank_status__functions.h\n'}
[5.534115] (px4_msgs) StdoutLine: {'line': b'-- Up-to-date: /home/pavel/ws_ros2/install/px4_msgs/include/px4_msgs/px4_msgs/msg/detail/iridiumsbd_status__functions.h\n'}
[5.534178] (px4_msgs) StdoutLine: {'line': b'-- Up-to-date: /home/pavel/ws_ros2/install/px4_msgs/include/px4_msgs/px4_msgs/msg/detail/health_report__functions.h\n'}
[5.534240] (px4_msgs) StdoutLine: {'line': b'-- Up-to-date: /home/pavel/ws_ros2/install/px4_msgs/include/px4_msgs/px4_msgs/msg/detail/estimator_innovations__functions.c\n'}
[5.534359] (px4_msgs) StdoutLine: {'line': b'-- Up-to-date: /home/pavel/ws_ros2/install/px4_msgs/include/px4_msgs/px4_msgs/msg/detail/log_message__struct.h\n'}
[5.534471] (px4_msgs) StdoutLine: {'line': b'-- Up-to-date: /home/pavel/ws_ros2/install/px4_msgs/include/px4_msgs/px4_msgs/msg/detail/navigator_mission_item__struct.h\n'}
[5.534566] (px4_msgs) StdoutLine: {'line': b'-- Up-to-date: /home/pavel/ws_ros2/install/px4_msgs/include/px4_msgs/px4_msgs/msg/detail/vehicle_trajectory_bezier__functions.h\n'}
[5.534661] (px4_msgs) StdoutLine: {'line': b'-- Up-to-date: /home/pavel/ws_ros2/install/px4_msgs/include/px4_msgs/px4_msgs/msg/detail/mavlink_log__struct.h\n'}
[5.534721] (px4_msgs) StdoutLine: {'line': b'-- Up-to-date: /home/pavel/ws_ros2/install/px4_msgs/include/px4_msgs/px4_msgs/msg/detail/trajectory_waypoint__functions.h\n'}
[5.534783] (px4_msgs) StdoutLine: {'line': b'-- Up-to-date: /home/pavel/ws_ros2/install/px4_msgs/include/px4_msgs/px4_msgs/msg/detail/ekf2_timestamps__functions.c\n'}
[5.534842] (px4_msgs) StdoutLine: {'line': b'-- Up-to-date: /home/pavel/ws_ros2/install/px4_msgs/include/px4_msgs/px4_msgs/msg/detail/cellular_status__struct.h\n'}
[5.534904] (px4_msgs) StdoutLine: {'line': b'-- Up-to-date: /home/pavel/ws_ros2/install/px4_msgs/include/px4_msgs/px4_msgs/msg/detail/magnetometer_bias_estimate__functions.h\n'}
[5.534969] (px4_msgs) StdoutLine: {'line': b'-- Up-to-date: /home/pavel/ws_ros2/install/px4_msgs/include/px4_msgs/px4_msgs/msg/detail/home_position__functions.h\n'}
[5.535111] (px4_msgs) StdoutLine: {'line': b'-- Up-to-date: /home/pavel/ws_ros2/install/px4_msgs/include/px4_msgs/px4_msgs/msg/detail/sensor_accel_fifo__functions.h\n'}
[5.535225] (px4_msgs) StdoutLine: {'line': b'-- Up-to-date: /home/pavel/ws_ros2/install/px4_msgs/include/px4_msgs/px4_msgs/msg/detail/qshell_req__type_support.h\n'}
[5.535320] (px4_msgs) StdoutLine: {'line': b'-- Up-to-date: /home/pavel/ws_ros2/install/px4_msgs/include/px4_msgs/px4_msgs/msg/detail/event__type_support.h\n'}
[5.535443] (px4_msgs) StdoutLine: {'line': b'-- Up-to-date: /home/pavel/ws_ros2/install/px4_msgs/include/px4_msgs/px4_msgs/msg/detail/camera_trigger__functions.h\n'}
[5.535548] (px4_msgs) StdoutLine: {'line': b'-- Up-to-date: /home/pavel/ws_ros2/install/px4_msgs/include/px4_msgs/px4_msgs/msg/detail/collision_report__struct.h\n'}
[5.535637] (px4_msgs) StdoutLine: {'line': b'-- Up-to-date: /home/pavel/ws_ros2/install/px4_msgs/include/px4_msgs/px4_msgs/msg/detail/collision_constraints__struct.h\n'}
[5.535698] (px4_msgs) StdoutLine: {'line': b'-- Up-to-date: /home/pavel/ws_ros2/install/px4_msgs/include/px4_msgs/px4_msgs/msg/detail/sensor_combined__functions.h\n'}
[5.535757] (px4_msgs) StdoutLine: {'line': b'-- Up-to-date: /home/pavel/ws_ros2/install/px4_msgs/include/px4_msgs/px4_msgs/msg/detail/debug_key_value__struct.h\n'}
[5.535815] (px4_msgs) StdoutLine: {'line': b'-- Up-to-date: /home/pavel/ws_ros2/install/px4_msgs/include/px4_msgs/px4_msgs/msg/detail/config_overrides__functions.h\n'}
[5.535873] (px4_msgs) StdoutLine: {'line': b'-- Up-to-date: /home/pavel/ws_ros2/install/px4_msgs/include/px4_msgs/px4_msgs/msg/detail/vehicle_status__type_support.h\n'}
[5.535931] (px4_msgs) StdoutLine: {'line': b'-- Up-to-date: /home/pavel/ws_ros2/install/px4_msgs/include/px4_msgs/px4_msgs/msg/detail/onboard_computer_status__functions.c\n'}
[5.535989] (px4_msgs) StdoutLine: {'line': b'-- Up-to-date: /home/pavel/ws_ros2/install/px4_msgs/include/px4_msgs/px4_msgs/msg/detail/dataman_request__functions.c\n'}
[5.536045] (px4_msgs) StdoutLine: {'line': b'-- Up-to-date: /home/pavel/ws_ros2/install/px4_msgs/include/px4_msgs/px4_msgs/msg/detail/event__struct.h\n'}
[5.536106] (px4_msgs) StdoutLine: {'line': b'-- Up-to-date: /home/pavel/ws_ros2/install/px4_msgs/include/px4_msgs/px4_msgs/msg/detail/actuator_motors__functions.c\n'}
[5.536165] (px4_msgs) StdoutLine: {'line': b'-- Up-to-date: /home/pavel/ws_ros2/install/px4_msgs/include/px4_msgs/px4_msgs/msg/detail/mode_completed__functions.c\n'}
[5.536223] (px4_msgs) StdoutLine: {'line': b'-- Up-to-date: /home/pavel/ws_ros2/install/px4_msgs/include/px4_msgs/px4_msgs/msg/detail/position_setpoint__type_support.h\n'}
[5.536281] (px4_msgs) StdoutLine: {'line': b'-- Up-to-date: /home/pavel/ws_ros2/install/px4_msgs/include/px4_msgs/px4_msgs/msg/detail/gps_dump__functions.h\n'}
[5.536338] (px4_msgs) StdoutLine: {'line': b'-- Up-to-date: /home/pavel/ws_ros2/install/px4_msgs/include/px4_msgs/px4_msgs/msg/detail/vehicle_air_data__functions.h\n'}
[5.536442] (px4_msgs) StdoutLine: {'line': b'-- Up-to-date: /home/pavel/ws_ros2/install/px4_msgs/include/px4_msgs/px4_msgs/msg/detail/iridiumsbd_status__struct.h\n'}
[5.536508] (px4_msgs) StdoutLine: {'line': b'-- Up-to-date: /home/pavel/ws_ros2/install/px4_msgs/include/px4_msgs/px4_msgs/msg/detail/tune_control__type_support.h\n'}
[5.536567] (px4_msgs) StdoutLine: {'line': b'-- Up-to-date: /home/pavel/ws_ros2/install/px4_msgs/include/px4_msgs/px4_msgs/msg/detail/vehicle_odometry__functions.c\n'}
[5.536624] (px4_msgs) StdoutLine: {'line': b'-- Up-to-date: /home/pavel/ws_ros2/install/px4_msgs/include/px4_msgs/px4_msgs/msg/detail/estimator_selector_status__functions.h\n'}
[5.536682] (px4_msgs) StdoutLine: {'line': b'-- Up-to-date: /home/pavel/ws_ros2/install/px4_msgs/include/px4_msgs/px4_msgs/msg/detail/vehicle_odometry__functions.h\n'}
[5.536740] (px4_msgs) StdoutLine: {'line': b'-- Up-to-date: /home/pavel/ws_ros2/install/px4_msgs/include/px4_msgs/px4_msgs/msg/detail/sensor_airflow__functions.c\n'}
[5.536987] (px4_msgs) StdoutLine: {'line': b'-- Up-to-date: /home/pavel/ws_ros2/install/px4_msgs/include/px4_msgs/px4_msgs/msg/detail/vehicle_air_data__struct.h\n'}
[5.537050] (px4_msgs) StdoutLine: {'line': b'-- Up-to-date: /home/pavel/ws_ros2/install/px4_msgs/include/px4_msgs/px4_msgs/msg/detail/buffer128__type_support.h\n'}
[5.537134] (px4_msgs) StdoutLine: {'line': b'-- Up-to-date: /home/pavel/ws_ros2/install/px4_msgs/include/px4_msgs/px4_msgs/msg/detail/rtl_time_estimate__functions.c\n'}
[5.537336] (px4_msgs) StdoutLine: {'line': b'-- Up-to-date: /home/pavel/ws_ros2/install/px4_msgs/include/px4_msgs/px4_msgs/msg/detail/normalized_unsigned_setpoint__type_support.h\n'}
[5.537768] (px4_msgs) StdoutLine: {'line': b'-- Up-to-date: /home/pavel/ws_ros2/install/px4_msgs/include/px4_msgs/px4_msgs/msg/detail/landing_target_innovations__type_support.h\n'}
[5.538029] (px4_msgs) StdoutLine: {'line': b'-- Up-to-date: /home/pavel/ws_ros2/install/px4_msgs/include/px4_msgs/px4_msgs/msg/detail/message_format_request__functions.c\n'}
[5.538149] (px4_msgs) StdoutLine: {'line': b'-- Up-to-date: /home/pavel/ws_ros2/install/px4_msgs/include/px4_msgs/px4_msgs/msg/detail/gimbal_manager_information__struct.h\n'}
[5.538270] (px4_msgs) StdoutLine: {'line': b'-- Up-to-date: /home/pavel/ws_ros2/install/px4_msgs/include/px4_msgs/px4_msgs/msg/detail/power_button_state__functions.h\n'}
[5.538380] (px4_msgs) StdoutLine: {'line': b'-- Up-to-date: /home/pavel/ws_ros2/install/px4_msgs/include/px4_msgs/px4_msgs/msg/detail/sensor_selection__struct.h\n'}
[5.538644] (px4_msgs) StdoutLine: {'line': b'-- Up-to-date: /home/pavel/ws_ros2/install/px4_msgs/include/px4_msgs/px4_msgs/msg/detail/npfg_status__type_support.h\n'}
[5.538742] (px4_msgs) StdoutLine: {'line': b'-- Up-to-date: /home/pavel/ws_ros2/install/px4_msgs/include/px4_msgs/px4_msgs/msg/detail/task_stack_info__functions.c\n'}
[5.538939] (px4_msgs) StdoutLine: {'line': b'-- Up-to-date: /home/pavel/ws_ros2/install/px4_msgs/include/px4_msgs/px4_msgs/msg/detail/estimator_status_flags__functions.h\n'}
[5.539035] (px4_msgs) StdoutLine: {'line': b'-- Up-to-date: /home/pavel/ws_ros2/install/px4_msgs/include/px4_msgs/px4_msgs/msg/detail/qshell_req__functions.h\n'}
[5.539130] (px4_msgs) StdoutLine: {'line': b'-- Up-to-date: /home/pavel/ws_ros2/install/px4_msgs/include/px4_msgs/px4_msgs/msg/detail/sensor_gnss_relative__struct.h\n'}
[5.539223] (px4_msgs) StdoutLine: {'line': b'-- Up-to-date: /home/pavel/ws_ros2/install/px4_msgs/include/px4_msgs/px4_msgs/msg/detail/debug_value__functions.h\n'}
[5.539317] (px4_msgs) StdoutLine: {'line': b'-- Up-to-date: /home/pavel/ws_ros2/install/px4_msgs/include/px4_msgs/px4_msgs/msg/detail/ping__type_support.h\n'}
[5.539441] (px4_msgs) StdoutLine: {'line': b'-- Up-to-date: /home/pavel/ws_ros2/install/px4_msgs/include/px4_msgs/px4_msgs/msg/detail/gimbal_manager_set_manual_control__functions.c\n'}
[5.539644] (px4_msgs) StdoutLine: {'line': b'-- Up-to-date: /home/pavel/ws_ros2/install/px4_msgs/include/px4_msgs/px4_msgs/msg/detail/airspeed_wind__functions.h\n'}
[5.539739] (px4_msgs) StdoutLine: {'line': b'-- Up-to-date: /home/pavel/ws_ros2/install/px4_msgs/include/px4_msgs/px4_msgs/msg/detail/vehicle_optical_flow__functions.h\n'}
[5.539834] (px4_msgs) StdoutLine: {'line': b'-- Up-to-date: /home/pavel/ws_ros2/install/px4_msgs/include/px4_msgs/px4_msgs/msg/detail/parameter_set_value_response__functions.c\n'}
[5.539928] (px4_msgs) StdoutLine: {'line': b'-- Up-to-date: /home/pavel/ws_ros2/install/px4_msgs/include/px4_msgs/px4_msgs/msg/detail/orbit_status__struct.h\n'}
[5.540060] (px4_msgs) StdoutLine: {'line': b'-- Up-to-date: /home/pavel/ws_ros2/install/px4_msgs/include/px4_msgs/px4_msgs/msg/detail/vehicle_constraints__functions.h\n'}
[5.540155] (px4_msgs) StdoutLine: {'line': b'-- Up-to-date: /home/pavel/ws_ros2/install/px4_msgs/include/px4_msgs/px4_msgs/msg/detail/vehicle_constraints__struct.h\n'}
[5.540248] (px4_msgs) StdoutLine: {'line': b'-- Up-to-date: /home/pavel/ws_ros2/install/px4_msgs/include/px4_msgs/px4_msgs/msg/detail/estimator_selector_status__struct.h\n'}
[5.540341] (px4_msgs) StdoutLine: {'line': b'-- Up-to-date: /home/pavel/ws_ros2/install/px4_msgs/include/px4_msgs/px4_msgs/msg/detail/sensor_airflow__struct.h\n'}
[5.540642] (px4_msgs) StdoutLine: {'line': b'-- Up-to-date: /home/pavel/ws_ros2/install/px4_msgs/include/px4_msgs/px4_msgs/msg/detail/velocity_limits__struct.h\n'}
[5.540741] (px4_msgs) StdoutLine: {'line': b'-- Up-to-date: /home/pavel/ws_ros2/install/px4_msgs/include/px4_msgs/px4_msgs/msg/detail/ulog_stream__type_support.h\n'}
[5.540836] (px4_msgs) StdoutLine: {'line': b'-- Up-to-date: /home/pavel/ws_ros2/install/px4_msgs/include/px4_msgs/px4_msgs/msg/detail/rc_channels__functions.c\n'}
[5.540930] (px4_msgs) StdoutLine: {'line': b'-- Up-to-date: /home/pavel/ws_ros2/install/px4_msgs/include/px4_msgs/px4_msgs/msg/detail/input_rc__functions.h\n'}
[5.541068] (px4_msgs) StdoutLine: {'line': b'-- Up-to-date: /home/pavel/ws_ros2/install/px4_msgs/include/px4_msgs/px4_msgs/msg/detail/onboard_computer_status__struct.h\n'}
[5.541163] (px4_msgs) StdoutLine: {'line': b'-- Up-to-date: /home/pavel/ws_ros2/install/px4_msgs/include/px4_msgs/px4_msgs/msg/detail/vehicle_rates_setpoint__struct.h\n'}
[5.541258] (px4_msgs) StdoutLine: {'line': b'-- Up-to-date: /home/pavel/ws_ros2/install/px4_msgs/include/px4_msgs/px4_msgs/msg/detail/mount_orientation__type_support.h\n'}
[5.541352] (px4_msgs) StdoutLine: {'line': b'-- Up-to-date: /home/pavel/ws_ros2/install/px4_msgs/include/px4_msgs/px4_msgs/msg/detail/gimbal_device_information__type_support.h\n'}
[5.541541] (px4_msgs) StdoutLine: {'line': b'-- Up-to-date: /home/pavel/ws_ros2/install/px4_msgs/include/px4_msgs/px4_msgs/msg/detail/sensor_gnss_relative__functions.c\n'}
[5.541642] (px4_msgs) StdoutLine: {'line': b'-- Up-to-date: /home/pavel/ws_ros2/install/px4_msgs/include/px4_msgs/px4_msgs/msg/detail/ping__functions.c\n'}
[5.541736] (px4_msgs) StdoutLine: {'line': b'-- Up-to-date: /home/pavel/ws_ros2/install/px4_msgs/include/px4_msgs/px4_msgs/msg/detail/vehicle_torque_setpoint__struct.h\n'}
[5.541829] (px4_msgs) StdoutLine: {'line': b'-- Up-to-date: /home/pavel/ws_ros2/install/px4_msgs/include/px4_msgs/px4_msgs/msg/detail/landing_gear_wheel__struct.h\n'}
[5.541924] (px4_msgs) StdoutLine: {'line': b'-- Up-to-date: /home/pavel/ws_ros2/install/px4_msgs/include/px4_msgs/px4_msgs/msg/detail/magnetometer_bias_estimate__functions.c\n'}
[5.542018] (px4_msgs) StdoutLine: {'line': b'-- Up-to-date: /home/pavel/ws_ros2/install/px4_msgs/include/px4_msgs/px4_msgs/msg/detail/trajectory_bezier__functions.h\n'}
[5.542111] (px4_msgs) StdoutLine: {'line': b'-- Up-to-date: /home/pavel/ws_ros2/install/px4_msgs/include/px4_msgs/px4_msgs/msg/detail/estimator_event_flags__type_support.h\n'}
[5.542205] (px4_msgs) StdoutLine: {'line': b'-- Up-to-date: /home/pavel/ws_ros2/install/px4_msgs/include/px4_msgs/px4_msgs/msg/detail/orb_test_large__type_support.h\n'}
[5.542299] (px4_msgs) StdoutLine: {'line': b'-- Up-to-date: /home/pavel/ws_ros2/install/px4_msgs/include/px4_msgs/px4_msgs/msg/detail/parameter_set_value_request__functions.h\n'}
[5.542399] (px4_msgs) StdoutLine: {'line': b'-- Up-to-date: /home/pavel/ws_ros2/install/px4_msgs/include/px4_msgs/px4_msgs/msg/detail/sensors_status_imu__type_support.h\n'}
[5.542618] (px4_msgs) StdoutLine: {'line': b'-- Up-to-date: /home/pavel/ws_ros2/install/px4_msgs/include/px4_msgs/px4_msgs/msg/detail/gimbal_manager_status__functions.c\n'}
[5.542713] (px4_msgs) StdoutLine: {'line': b'-- Up-to-date: /home/pavel/ws_ros2/install/px4_msgs/include/px4_msgs/px4_msgs/msg/detail/sensor_gyro__functions.h\n'}
[5.543132] (px4_msgs) StdoutLine: {'line': b'-- Up-to-date: /home/pavel/ws_ros2/install/px4_msgs/include/px4_msgs/px4_msgs/msg/detail/yaw_estimator_status__type_support.h\n'}
[5.543230] (px4_msgs) StdoutLine: {'line': b'-- Up-to-date: /home/pavel/ws_ros2/install/px4_msgs/include/px4_msgs/px4_msgs/msg/detail/parameter_set_value_request__struct.h\n'}
[5.543324] (px4_msgs) StdoutLine: {'line': b'-- Up-to-date: /home/pavel/ws_ros2/install/px4_msgs/include/px4_msgs/px4_msgs/msg/detail/dataman_response__functions.h\n'}
[5.543455] (px4_msgs) StdoutLine: {'line': b'-- Up-to-date: /home/pavel/ws_ros2/install/px4_msgs/include/px4_msgs/px4_msgs/msg/detail/estimator_bias3d__functions.h\n'}
[5.543554] (px4_msgs) StdoutLine: {'line': b'-- Up-to-date: /home/pavel/ws_ros2/install/px4_msgs/include/px4_msgs/px4_msgs/msg/detail/estimator_bias__type_support.h\n'}
[5.543647] (px4_msgs) StdoutLine: {'line': b'-- Up-to-date: /home/pavel/ws_ros2/install/px4_msgs/include/px4_msgs/px4_msgs/msg/detail/rc_parameter_map__functions.h\n'}
[5.543741] (px4_msgs) StdoutLine: {'line': b'-- Up-to-date: /home/pavel/ws_ros2/install/px4_msgs/include/px4_msgs/px4_msgs/msg/detail/tiltrotor_extra_controls__type_support.h\n'}
[5.543835] (px4_msgs) StdoutLine: {'line': b'-- Up-to-date: /home/pavel/ws_ros2/install/px4_msgs/include/px4_msgs/px4_msgs/msg/detail/actuator_servos__functions.c\n'}
[5.543999] (px4_msgs) StdoutLine: {'line': b'-- Up-to-date: /home/pavel/ws_ros2/install/px4_msgs/include/px4_msgs/px4_msgs/msg/detail/message_format_request__struct.h\n'}
[5.544094] (px4_msgs) StdoutLine: {'line': b'-- Up-to-date: /home/pavel/ws_ros2/install/px4_msgs/include/px4_msgs/px4_msgs/msg/detail/config_overrides__type_support.h\n'}
[5.544188] (px4_msgs) StdoutLine: {'line': b'-- Up-to-date: /home/pavel/ws_ros2/install/px4_msgs/include/px4_msgs/px4_msgs/msg/detail/sensors_status_imu__functions.c\n'}
[5.544281] (px4_msgs) StdoutLine: {'line': b'-- Up-to-date: /home/pavel/ws_ros2/install/px4_msgs/include/px4_msgs/px4_msgs/msg/detail/airspeed_wind__struct.h\n'}
[5.544484] (px4_msgs) StdoutLine: {'line': b'-- Up-to-date: /home/pavel/ws_ros2/install/px4_msgs/include/px4_msgs/px4_msgs/msg/detail/rtl_status__functions.h\n'}
[5.544586] (px4_msgs) StdoutLine: {'line': b'-- Up-to-date: /home/pavel/ws_ros2/install/px4_msgs/include/px4_msgs/px4_msgs/msg/detail/uavcan_parameter_request__struct.h\n'}
[5.544680] (px4_msgs) StdoutLine: {'line': b'-- Up-to-date: /home/pavel/ws_ros2/install/px4_msgs/include/px4_msgs/px4_msgs/msg/detail/manual_control_switches__functions.c\n'}
[5.544773] (px4_msgs) StdoutLine: {'line': b'-- Up-to-date: /home/pavel/ws_ros2/install/px4_msgs/include/px4_msgs/px4_msgs/msg/detail/tiltrotor_extra_controls__functions.c\n'}
[5.544866] (px4_msgs) StdoutLine: {'line': b'-- Up-to-date: /home/pavel/ws_ros2/install/px4_msgs/include/px4_msgs/px4_msgs/msg/detail/mission__functions.c\n'}
[5.544960] (px4_msgs) StdoutLine: {'line': b'-- Up-to-date: /home/pavel/ws_ros2/install/px4_msgs/include/px4_msgs/px4_msgs/msg/detail/mission__functions.h\n'}
[5.545053] (px4_msgs) StdoutLine: {'line': b'-- Up-to-date: /home/pavel/ws_ros2/install/px4_msgs/include/px4_msgs/px4_msgs/msg/detail/gimbal_device_set_attitude__functions.h\n'}
[5.545146] (px4_msgs) StdoutLine: {'line': b'-- Up-to-date: /home/pavel/ws_ros2/install/px4_msgs/include/px4_msgs/px4_msgs/msg/detail/mission_result__struct.h\n'}
[5.545239] (px4_msgs) StdoutLine: {'line': b'-- Up-to-date: /home/pavel/ws_ros2/install/px4_msgs/include/px4_msgs/px4_msgs/msg/detail/failsafe_flags__type_support.h\n'}
[5.545333] (px4_msgs) StdoutLine: {'line': b'-- Up-to-date: /home/pavel/ws_ros2/install/px4_msgs/include/px4_msgs/px4_msgs/msg/detail/vehicle_air_data__type_support.h\n'}
[5.545879] (px4_msgs) StdoutLine: {'line': b'-- Up-to-date: /home/pavel/ws_ros2/install/px4_msgs/include/px4_msgs/px4_msgs/msg/detail/gpio_request__functions.h\n'}
[5.546144] (px4_msgs) StdoutLine: {'line': b'-- Up-to-date: /home/pavel/ws_ros2/install/px4_msgs/include/px4_msgs/px4_msgs/msg/detail/heater_status__type_support.h\n'}
[5.546326] (px4_msgs) StdoutLine: {'line': b'-- Up-to-date: /home/pavel/ws_ros2/install/px4_msgs/include/px4_msgs/px4_msgs/msg/detail/sensor_selection__functions.c\n'}
[5.546492] (px4_msgs) StdoutLine: {'line': b'-- Up-to-date: /home/pavel/ws_ros2/install/px4_msgs/include/px4_msgs/px4_msgs/msg/detail/control_allocator_status__functions.h\n'}
[5.546606] (px4_msgs) StdoutLine: {'line': b'-- Up-to-date: /home/pavel/ws_ros2/install/px4_msgs/include/px4_msgs/px4_msgs/msg/detail/parameter_update__type_support.h\n'}
[5.546702] (px4_msgs) StdoutLine: {'line': b'-- Up-to-date: /home/pavel/ws_ros2/install/px4_msgs/include/px4_msgs/px4_msgs/msg/detail/system_power__struct.h\n'}
[5.546793] (px4_msgs) StdoutLine: {'line': b'-- Up-to-date: /home/pavel/ws_ros2/install/px4_msgs/include/px4_msgs/px4_msgs/msg/detail/flight_phase_estimation__functions.c\n'}
[5.546887] (px4_msgs) StdoutLine: {'line': b'-- Up-to-date: /home/pavel/ws_ros2/install/px4_msgs/include/px4_msgs/px4_msgs/msg/detail/vehicle_imu_status__functions.h\n'}
[5.546981] (px4_msgs) StdoutLine: {'line': b'-- Up-to-date: /home/pavel/ws_ros2/install/px4_msgs/include/px4_msgs/px4_msgs/msg/detail/arming_check_request__struct.h\n'}
[5.547108] (px4_msgs) StdoutLine: {'line': b'-- Up-to-date: /home/pavel/ws_ros2/install/px4_msgs/include/px4_msgs/px4_msgs/msg/detail/buffer128__functions.h\n'}
[5.547282] (px4_msgs) StdoutLine: {'line': b'-- Up-to-date: /home/pavel/ws_ros2/install/px4_msgs/include/px4_msgs/px4_msgs/msg/detail/rtl_time_estimate__functions.h\n'}
[5.547383] (px4_msgs) StdoutLine: {'line': b'-- Up-to-date: /home/pavel/ws_ros2/install/px4_msgs/include/px4_msgs/px4_msgs/msg/detail/mavlink_log__functions.h\n'}
[5.547549] (px4_msgs) StdoutLine: {'line': b'-- Up-to-date: /home/pavel/ws_ros2/install/px4_msgs/include/px4_msgs/px4_msgs/msg/detail/system_power__functions.h\n'}
[5.547679] (px4_msgs) StdoutLine: {'line': b'-- Up-to-date: /home/pavel/ws_ros2/install/px4_msgs/include/px4_msgs/px4_msgs/msg/detail/irlock_report__functions.c\n'}
[5.547774] (px4_msgs) StdoutLine: {'line': b'-- Up-to-date: /home/pavel/ws_ros2/install/px4_msgs/include/px4_msgs/px4_msgs/msg/detail/trajectory_setpoint__type_support.h\n'}
[5.547920] (px4_msgs) StdoutLine: {'line': b'-- Up-to-date: /home/pavel/ws_ros2/install/px4_msgs/include/px4_msgs/px4_msgs/msg/detail/arming_check_request__type_support.h\n'}
[5.548053] (px4_msgs) StdoutLine: {'line': b'-- Up-to-date: /home/pavel/ws_ros2/install/px4_msgs/include/px4_msgs/px4_msgs/msg/detail/orb_test_medium__functions.c\n'}
[5.548148] (px4_msgs) StdoutLine: {'line': b'-- Up-to-date: /home/pavel/ws_ros2/install/px4_msgs/include/px4_msgs/px4_msgs/msg/detail/autotune_attitude_control_status__struct.h\n'}
[5.548301] (px4_msgs) StdoutLine: {'line': b'-- Up-to-date: /home/pavel/ws_ros2/install/px4_msgs/include/px4_msgs/px4_msgs/msg/detail/orb_test__functions.h\n'}
[5.548462] (px4_msgs) StdoutLine: {'line': b'-- Up-to-date: /home/pavel/ws_ros2/install/px4_msgs/include/px4_msgs/px4_msgs/msg/detail/sensor_gyro_fifo__functions.c\n'}
[5.548589] (px4_msgs) StdoutLine: {'line': b'-- Up-to-date: /home/pavel/ws_ros2/install/px4_msgs/include/px4_msgs/px4_msgs/msg/detail/rpm__functions.h\n'}
[5.548726] (px4_msgs) StdoutLine: {'line': b'-- Up-to-date: /home/pavel/ws_ros2/install/px4_msgs/include/px4_msgs/px4_msgs/msg/detail/actuator_servos_trim__struct.h\n'}
[5.548869] (px4_msgs) StdoutLine: {'line': b'-- Up-to-date: /home/pavel/ws_ros2/install/px4_msgs/include/px4_msgs/px4_msgs/msg/detail/position_controller_status__functions.c\n'}
[5.548995] (px4_msgs) StdoutLine: {'line': b'-- Up-to-date: /home/pavel/ws_ros2/install/px4_msgs/include/px4_msgs/px4_msgs/msg/detail/mission__type_support.h\n'}
[5.549125] (px4_msgs) StdoutLine: {'line': b'-- Up-to-date: /home/pavel/ws_ros2/install/px4_msgs/include/px4_msgs/px4_msgs/msg/detail/vehicle_control_mode__functions.c\n'}
[5.549220] (px4_msgs) StdoutLine: {'line': b'-- Up-to-date: /home/pavel/ws_ros2/install/px4_msgs/include/px4_msgs/px4_msgs/msg/detail/gimbal_manager_set_manual_control__struct.h\n'}
[5.549315] (px4_msgs) StdoutLine: {'line': b'-- Up-to-date: /home/pavel/ws_ros2/install/px4_msgs/include/px4_msgs/px4_msgs/msg/detail/estimator_bias3d__struct.h\n'}
[5.549429] (px4_msgs) StdoutLine: {'line': b'-- Up-to-date: /home/pavel/ws_ros2/install/px4_msgs/include/px4_msgs/px4_msgs/msg/detail/generator_status__type_support.h\n'}
[5.549648] (px4_msgs) StdoutLine: {'line': b'-- Up-to-date: /home/pavel/ws_ros2/install/px4_msgs/include/px4_msgs/px4_msgs/msg/detail/rtl_status__struct.h\n'}
[5.549784] (px4_msgs) StdoutLine: {'line': b'-- Up-to-date: /home/pavel/ws_ros2/install/px4_msgs/include/px4_msgs/px4_msgs/msg/detail/manual_control_setpoint__functions.c\n'}
[5.549878] (px4_msgs) StdoutLine: {'line': b'-- Up-to-date: /home/pavel/ws_ros2/install/px4_msgs/include/px4_msgs/px4_msgs/msg/detail/sensor_uwb__functions.c\n'}
[5.549973] (px4_msgs) StdoutLine: {'line': b'-- Up-to-date: /home/pavel/ws_ros2/install/px4_msgs/include/px4_msgs/px4_msgs/msg/detail/figure_eight_status__functions.c\n'}
[5.550067] (px4_msgs) StdoutLine: {'line': b'-- Up-to-date: /home/pavel/ws_ros2/install/px4_msgs/include/px4_msgs/px4_msgs/msg/detail/orb_test_large__functions.h\n'}
[5.550160] (px4_msgs) StdoutLine: {'line': b'-- Up-to-date: /home/pavel/ws_ros2/install/px4_msgs/include/px4_msgs/px4_msgs/msg/detail/rc_channels__type_support.h\n'}
[5.550275] (px4_msgs) StdoutLine: {'line': b'-- Up-to-date: /home/pavel/ws_ros2/install/px4_msgs/include/px4_msgs/px4_msgs/msg/detail/vehicle_rates_setpoint__functions.c\n'}
[5.550363] (px4_msgs) StdoutLine: {'line': b'-- Up-to-date: /home/pavel/ws_ros2/install/px4_msgs/include/px4_msgs/px4_msgs/msg/detail/orb_test_large__struct.h\n'}
[5.550463] (px4_msgs) StdoutLine: {'line': b'-- Up-to-date: /home/pavel/ws_ros2/install/px4_msgs/include/px4_msgs/px4_msgs/msg/detail/follow_target__functions.h\n'}
[5.550552] (px4_msgs) StdoutLine: {'line': b'-- Up-to-date: /home/pavel/ws_ros2/install/px4_msgs/include/px4_msgs/px4_msgs/msg/detail/unregister_ext_component__type_support.h\n'}
[5.550641] (px4_msgs) StdoutLine: {'line': b'-- Up-to-date: /home/pavel/ws_ros2/install/px4_msgs/include/px4_msgs/px4_msgs/msg/detail/adc_report__functions.h\n'}
[5.550735] (px4_msgs) StdoutLine: {'line': b'-- Up-to-date: /home/pavel/ws_ros2/install/px4_msgs/include/px4_msgs/px4_msgs/msg/detail/sensor_mag__type_support.h\n'}
[5.550829] (px4_msgs) StdoutLine: {'line': b'-- Up-to-date: /home/pavel/ws_ros2/install/px4_msgs/include/px4_msgs/px4_msgs/msg/detail/ekf2_timestamps__functions.h\n'}
[5.550958] (px4_msgs) StdoutLine: {'line': b'-- Up-to-date: /home/pavel/ws_ros2/install/px4_msgs/include/px4_msgs/px4_msgs/msg/detail/position_setpoint_triplet__functions.c\n'}
[5.551052] (px4_msgs) StdoutLine: {'line': b'-- Up-to-date: /home/pavel/ws_ros2/install/px4_msgs/include/px4_msgs/px4_msgs/msg/detail/gpio_in__functions.h\n'}
[5.551145] (px4_msgs) StdoutLine: {'line': b'-- Up-to-date: /home/pavel/ws_ros2/install/px4_msgs/include/px4_msgs/px4_msgs/msg/detail/orbit_status__functions.h\n'}
[5.551239] (px4_msgs) StdoutLine: {'line': b'-- Up-to-date: /home/pavel/ws_ros2/install/px4_msgs/include/px4_msgs/px4_msgs/msg/detail/vehicle_local_position__struct.h\n'}
[5.551390] (px4_msgs) StdoutLine: {'line': b'-- Up-to-date: /home/pavel/ws_ros2/install/px4_msgs/include/px4_msgs/px4_msgs/msg/detail/estimator_aid_source1d__struct.h\n'}
[5.551545] (px4_msgs) StdoutLine: {'line': b'-- Up-to-date: /home/pavel/ws_ros2/install/px4_msgs/include/px4_msgs/px4_msgs/msg/detail/gimbal_manager_set_attitude__functions.c\n'}
[5.551697] (px4_msgs) StdoutLine: {'line': b'-- Up-to-date: /home/pavel/ws_ros2/install/px4_msgs/include/px4_msgs/px4_msgs/msg/detail/rover_ackermann_guidance_status__type_support.h\n'}
[5.551830] (px4_msgs) StdoutLine: {'line': b'-- Up-to-date: /home/pavel/ws_ros2/install/px4_msgs/include/px4_msgs/px4_msgs/msg/detail/config_overrides__functions.c\n'}
[5.551961] (px4_msgs) StdoutLine: {'line': b'-- Up-to-date: /home/pavel/ws_ros2/install/px4_msgs/include/px4_msgs/px4_msgs/msg/detail/actuator_test__functions.h\n'}
[5.552113] (px4_msgs) StdoutLine: {'line': b'-- Up-to-date: /home/pavel/ws_ros2/install/px4_msgs/include/px4_msgs/px4_msgs/msg/detail/cpuload__type_support.h\n'}
[5.552245] (px4_msgs) StdoutLine: {'line': b'-- Up-to-date: /home/pavel/ws_ros2/install/px4_msgs/include/px4_msgs/px4_msgs/msg/detail/manual_control_switches__type_support.h\n'}
[5.552392] (px4_msgs) StdoutLine: {'line': b'-- Up-to-date: /home/pavel/ws_ros2/install/px4_msgs/include/px4_msgs/px4_msgs/msg/detail/actuator_outputs__functions.h\n'}
[5.552545] (px4_msgs) StdoutLine: {'line': b'-- Up-to-date: /home/pavel/ws_ros2/install/px4_msgs/include/px4_msgs/px4_msgs/msg/detail/actuator_controls_status__functions.h\n'}
[5.552672] (px4_msgs) StdoutLine: {'line': b'-- Up-to-date: /home/pavel/ws_ros2/install/px4_msgs/include/px4_msgs/px4_msgs/msg/detail/follow_target_status__functions.c\n'}
[5.552766] (px4_msgs) StdoutLine: {'line': b'-- Up-to-date: /home/pavel/ws_ros2/install/px4_msgs/include/px4_msgs/px4_msgs/msg/detail/vehicle_rates_setpoint__type_support.h\n'}
[5.552861] (px4_msgs) StdoutLine: {'line': b'-- Up-to-date: /home/pavel/ws_ros2/install/px4_msgs/include/px4_msgs/px4_msgs/msg/detail/vehicle_magnetometer__struct.h\n'}
[5.552955] (px4_msgs) StdoutLine: {'line': b'-- Up-to-date: /home/pavel/ws_ros2/install/px4_msgs/include/px4_msgs/px4_msgs/msg/detail/vehicle_status__functions.c\n'}
[5.553111] (px4_msgs) StdoutLine: {'line': b'-- Up-to-date: /home/pavel/ws_ros2/install/px4_msgs/include/px4_msgs/px4_msgs/msg/detail/vehicle_odometry__struct.h\n'}
[5.553206] (px4_msgs) StdoutLine: {'line': b'-- Up-to-date: /home/pavel/ws_ros2/install/px4_msgs/include/px4_msgs/px4_msgs/msg/detail/sensor_hygrometer__functions.h\n'}
[5.553300] (px4_msgs) StdoutLine: {'line': b'-- Up-to-date: /home/pavel/ws_ros2/install/px4_msgs/include/px4_msgs/px4_msgs/msg/detail/estimator_event_flags__functions.c\n'}
[5.553399] (px4_msgs) StdoutLine: {'line': b'-- Up-to-date: /home/pavel/ws_ros2/install/px4_msgs/include/px4_msgs/px4_msgs/msg/detail/irlock_report__struct.h\n'}
[5.553586] (px4_msgs) StdoutLine: {'line': b'-- Up-to-date: /home/pavel/ws_ros2/install/px4_msgs/include/px4_msgs/px4_msgs/msg/detail/orbit_status__type_support.h\n'}
[5.553718] (px4_msgs) StdoutLine: {'line': b'-- Up-to-date: /home/pavel/ws_ros2/install/px4_msgs/include/px4_msgs/px4_msgs/msg/detail/follow_target_estimator__functions.c\n'}
[5.553857] (px4_msgs) StdoutLine: {'line': b'-- Up-to-date: /home/pavel/ws_ros2/install/px4_msgs/include/px4_msgs/px4_msgs/msg/detail/gimbal_manager_information__functions.c\n'}
[5.554004] (px4_msgs) StdoutLine: {'line': b'-- Up-to-date: /home/pavel/ws_ros2/install/px4_msgs/include/px4_msgs/px4_msgs/msg/detail/vehicle_optical_flow__functions.c\n'}
[5.554149] (px4_msgs) StdoutLine: {'line': b'-- Up-to-date: /home/pavel/ws_ros2/install/px4_msgs/include/px4_msgs/px4_msgs/msg/detail/sensor_hygrometer__functions.c\n'}
[5.554279] (px4_msgs) StdoutLine: {'line': b'-- Up-to-date: /home/pavel/ws_ros2/install/px4_msgs/include/px4_msgs/px4_msgs/msg/detail/flight_phase_estimation__functions.h\n'}
[5.554374] (px4_msgs) StdoutLine: {'line': b'-- Up-to-date: /home/pavel/ws_ros2/install/px4_msgs/include/px4_msgs/px4_msgs/msg/detail/differential_drive_setpoint__functions.c\n'}
[5.554512] (px4_msgs) StdoutLine: {'line': b'-- Up-to-date: /home/pavel/ws_ros2/install/px4_msgs/include/px4_msgs/px4_msgs/msg/detail/vehicle_status__functions.h\n'}
[5.554600] (px4_msgs) StdoutLine: {'line': b'-- Up-to-date: /home/pavel/ws_ros2/install/px4_msgs/include/px4_msgs/px4_msgs/msg/detail/airspeed_validated__functions.c\n'}
[5.554693] (px4_msgs) StdoutLine: {'line': b'-- Up-to-date: /home/pavel/ws_ros2/install/px4_msgs/include/px4_msgs/px4_msgs/msg/detail/logger_status__type_support.h\n'}
[5.554792] (px4_msgs) StdoutLine: {'line': b'-- Up-to-date: /home/pavel/ws_ros2/install/px4_msgs/include/px4_msgs/px4_msgs/msg/detail/px4io_status__struct.h\n'}
[5.554852] (px4_msgs) StdoutLine: {'line': b'-- Up-to-date: /home/pavel/ws_ros2/install/px4_msgs/include/px4_msgs/px4_msgs/msg/detail/distance_sensor__struct.h\n'}
[5.554910] (px4_msgs) StdoutLine: {'line': b'-- Up-to-date: /home/pavel/ws_ros2/install/px4_msgs/include/px4_msgs/px4_msgs/msg/detail/vehicle_optical_flow__type_support.h\n'}
[5.554967] (px4_msgs) StdoutLine: {'line': b'-- Up-to-date: /home/pavel/ws_ros2/install/px4_msgs/include/px4_msgs/px4_msgs/msg/detail/sensor_selection__functions.h\n'}
[5.555025] (px4_msgs) StdoutLine: {'line': b'-- Up-to-date: /home/pavel/ws_ros2/install/px4_msgs/include/px4_msgs/px4_msgs/msg/detail/sensor_mag__functions.h\n'}
[5.555082] (px4_msgs) StdoutLine: {'line': b'-- Up-to-date: /home/pavel/ws_ros2/install/px4_msgs/include/px4_msgs/px4_msgs/msg/detail/sensor_hygrometer__type_support.h\n'}
[5.555139] (px4_msgs) StdoutLine: {'line': b'-- Up-to-date: /home/pavel/ws_ros2/install/px4_msgs/include/px4_msgs/px4_msgs/msg/detail/logger_status__functions.h\n'}
[5.555196] (px4_msgs) StdoutLine: {'line': b'-- Up-to-date: /home/pavel/ws_ros2/install/px4_msgs/include/px4_msgs/px4_msgs/msg/detail/gimbal_device_set_attitude__functions.c\n'}
[5.555326] (px4_msgs) StdoutLine: {'line': b'-- Up-to-date: /home/pavel/ws_ros2/install/px4_msgs/include/px4_msgs/px4_msgs/msg/detail/sensor_optical_flow__functions.h\n'}
[5.555442] (px4_msgs) StdoutLine: {'line': b'-- Up-to-date: /home/pavel/ws_ros2/install/px4_msgs/include/px4_msgs/px4_msgs/msg/detail/vehicle_land_detected__functions.c\n'}
[5.555545] (px4_msgs) StdoutLine: {'line': b'-- Up-to-date: /home/pavel/ws_ros2/install/px4_msgs/include/px4_msgs/px4_msgs/msg/detail/takeoff_status__functions.h\n'}
[5.555632] (px4_msgs) StdoutLine: {'line': b'-- Up-to-date: /home/pavel/ws_ros2/install/px4_msgs/include/px4_msgs/px4_msgs/msg/detail/estimator_status_flags__struct.h\n'}
[5.555720] (px4_msgs) StdoutLine: {'line': b'-- Up-to-date: /home/pavel/ws_ros2/install/px4_msgs/include/px4_msgs/px4_msgs/msg/detail/transponder_report__struct.h\n'}
[5.555802] (px4_msgs) StdoutLine: {'line': b'-- Up-to-date: /home/pavel/ws_ros2/install/px4_msgs/include/px4_msgs/px4_msgs/msg/detail/parameter_reset_request__type_support.h\n'}
[5.555899] (px4_msgs) StdoutLine: {'line': b'-- Up-to-date: /home/pavel/ws_ros2/install/px4_msgs/include/px4_msgs/px4_msgs/msg/detail/actuator_outputs__type_support.h\n'}
[5.555951] (px4_msgs) StdoutLine: {'line': b'-- Up-to-date: /home/pavel/ws_ros2/install/px4_msgs/include/px4_msgs/px4_msgs/msg/detail/debug_value__functions.c\n'}
[5.556003] (px4_msgs) StdoutLine: {'line': b'-- Up-to-date: /home/pavel/ws_ros2/install/px4_msgs/include/px4_msgs/px4_msgs/msg/detail/action_request__type_support.h\n'}
[5.556054] (px4_msgs) StdoutLine: {'line': b'-- Up-to-date: /home/pavel/ws_ros2/install/px4_msgs/include/px4_msgs/px4_msgs/msg/detail/sensor_accel__functions.c\n'}
[5.556105] (px4_msgs) StdoutLine: {'line': b'-- Up-to-date: /home/pavel/ws_ros2/install/px4_msgs/include/px4_msgs/px4_msgs/msg/detail/arming_check_request__functions.h\n'}
[5.556163] (px4_msgs) StdoutLine: {'line': b'-- Up-to-date: /home/pavel/ws_ros2/install/px4_msgs/include/px4_msgs/px4_msgs/msg/detail/input_rc__type_support.h\n'}
[5.556230] (px4_msgs) StdoutLine: {'line': b'-- Up-to-date: /home/pavel/ws_ros2/install/px4_msgs/include/px4_msgs/px4_msgs/msg/detail/px4io_status__type_support.h\n'}
[5.556293] (px4_msgs) StdoutLine: {'line': b'-- Up-to-date: /home/pavel/ws_ros2/install/px4_msgs/include/px4_msgs/px4_msgs/msg/detail/sensor_baro__functions.h\n'}
[5.556358] (px4_msgs) StdoutLine: {'line': b'-- Up-to-date: /home/pavel/ws_ros2/install/px4_msgs/include/px4_msgs/px4_msgs/msg/detail/gps_inject_data__struct.h\n'}
[5.556447] (px4_msgs) StdoutLine: {'line': b'-- Up-to-date: /home/pavel/ws_ros2/install/px4_msgs/include/px4_msgs/px4_msgs/msg/detail/vehicle_angular_velocity__type_support.h\n'}
[5.556514] (px4_msgs) StdoutLine: {'line': b'-- Up-to-date: /home/pavel/ws_ros2/install/px4_msgs/include/px4_msgs/px4_msgs/msg/detail/collision_constraints__functions.c\n'}
[5.556571] (px4_msgs) StdoutLine: {'line': b'-- Up-to-date: /home/pavel/ws_ros2/install/px4_msgs/include/px4_msgs/px4_msgs/msg/detail/sensor_preflight_mag__functions.h\n'}
[5.556655] (px4_msgs) StdoutLine: {'line': b'-- Up-to-date: /home/pavel/ws_ros2/install/px4_msgs/include/px4_msgs/px4_msgs/msg/detail/offboard_control_mode__struct.h\n'}
[5.556706] (px4_msgs) StdoutLine: {'line': b'-- Up-to-date: /home/pavel/ws_ros2/install/px4_msgs/include/px4_msgs/px4_msgs/msg/detail/rover_ackermann_guidance_status__functions.h\n'}
[5.556761] (px4_msgs) StdoutLine: {'line': b'-- Up-to-date: /home/pavel/ws_ros2/install/px4_msgs/include/px4_msgs/px4_msgs/msg/detail/collision_report__functions.h\n'}
[5.556817] (px4_msgs) StdoutLine: {'line': b'-- Up-to-date: /home/pavel/ws_ros2/install/px4_msgs/include/px4_msgs/px4_msgs/msg/detail/rc_channels__struct.h\n'}
[5.556873] (px4_msgs) StdoutLine: {'line': b'-- Up-to-date: /home/pavel/ws_ros2/install/px4_msgs/include/px4_msgs/px4_msgs/msg/detail/battery_status__functions.h\n'}
[5.556929] (px4_msgs) StdoutLine: {'line': b'-- Up-to-date: /home/pavel/ws_ros2/install/px4_msgs/include/px4_msgs/px4_msgs/msg/detail/vehicle_imu__functions.h\n'}
[5.556984] (px4_msgs) StdoutLine: {'line': b'-- Up-to-date: /home/pavel/ws_ros2/install/px4_msgs/include/px4_msgs/px4_msgs/msg/detail/sensor_selection__type_support.h\n'}
[5.557040] (px4_msgs) StdoutLine: {'line': b'-- Up-to-date: /home/pavel/ws_ros2/install/px4_msgs/include/px4_msgs/px4_msgs/msg/detail/gimbal_device_attitude_status__type_support.h\n'}
[5.557095] (px4_msgs) StdoutLine: {'line': b'-- Up-to-date: /home/pavel/ws_ros2/install/px4_msgs/include/px4_msgs/px4_msgs/msg/detail/qshell_req__struct.h\n'}
[5.557229] (px4_msgs) StdoutLine: {'line': b'-- Up-to-date: /home/pavel/ws_ros2/install/px4_msgs/include/px4_msgs/px4_msgs/msg/detail/radio_status__functions.c\n'}
[5.557281] (px4_msgs) StdoutLine: {'line': b'-- Up-to-date: /home/pavel/ws_ros2/install/px4_msgs/include/px4_msgs/px4_msgs/msg/detail/action_request__functions.c\n'}
[5.557333] (px4_msgs) StdoutLine: {'line': b'-- Up-to-date: /home/pavel/ws_ros2/install/px4_msgs/include/px4_msgs/px4_msgs/msg/detail/npfg_status__functions.c\n'}
[5.557387] (px4_msgs) StdoutLine: {'line': b'-- Up-to-date: /home/pavel/ws_ros2/install/px4_msgs/include/px4_msgs/px4_msgs/msg/detail/airspeed__functions.h\n'}
[5.557444] (px4_msgs) StdoutLine: {'line': b'-- Up-to-date: /home/pavel/ws_ros2/install/px4_msgs/include/px4_msgs/px4_msgs/msg/detail/trajectory_bezier__struct.h\n'}
[5.557494] (px4_msgs) StdoutLine: {'line': b'-- Up-to-date: /home/pavel/ws_ros2/install/px4_msgs/include/px4_msgs/px4_msgs/msg/detail/goto_setpoint__functions.h\n'}
[5.557543] (px4_msgs) StdoutLine: {'line': b'-- Up-to-date: /home/pavel/ws_ros2/install/px4_msgs/include/px4_msgs/px4_msgs/msg/detail/hover_thrust_estimate__functions.c\n'}
[5.557626] (px4_msgs) StdoutLine: {'line': b'-- Up-to-date: /home/pavel/ws_ros2/install/px4_msgs/include/px4_msgs/px4_msgs/msg/detail/vtol_vehicle_status__functions.h\n'}
[5.557683] (px4_msgs) StdoutLine: {'line': b'-- Up-to-date: /home/pavel/ws_ros2/install/px4_msgs/include/px4_msgs/px4_msgs/msg/detail/home_position__struct.h\n'}
[5.557738] (px4_msgs) StdoutLine: {'line': b'-- Up-to-date: /home/pavel/ws_ros2/install/px4_msgs/include/px4_msgs/px4_msgs/msg/detail/parameter_set_used_request__type_support.h\n'}
[5.557830] (px4_msgs) StdoutLine: {'line': b'-- Up-to-date: /home/pavel/ws_ros2/install/px4_msgs/include/px4_msgs/px4_msgs/msg/detail/sensor_accel__functions.h\n'}
[5.557921] (px4_msgs) StdoutLine: {'line': b'-- Up-to-date: /home/pavel/ws_ros2/install/px4_msgs/include/px4_msgs/px4_msgs/msg/detail/ulog_stream_ack__functions.c\n'}
[5.557978] (px4_msgs) StdoutLine: {'line': b'-- Up-to-date: /home/pavel/ws_ros2/install/px4_msgs/include/px4_msgs/px4_msgs/msg/detail/mission_result__functions.c\n'}
[5.558034] (px4_msgs) StdoutLine: {'line': b'-- Up-to-date: /home/pavel/ws_ros2/install/px4_msgs/include/px4_msgs/px4_msgs/msg/detail/distance_sensor__type_support.h\n'}
[5.558089] (px4_msgs) StdoutLine: {'line': b'-- Up-to-date: /home/pavel/ws_ros2/install/px4_msgs/include/px4_msgs/px4_msgs/msg/detail/power_monitor__functions.h\n'}
[5.558145] (px4_msgs) StdoutLine: {'line': b'-- Up-to-date: /home/pavel/ws_ros2/install/px4_msgs/include/px4_msgs/px4_msgs/msg/detail/orb_test_large__functions.c\n'}
[5.558201] (px4_msgs) StdoutLine: {'line': b'-- Up-to-date: /home/pavel/ws_ros2/install/px4_msgs/include/px4_msgs/px4_msgs/msg/detail/wheel_encoders__functions.c\n'}
[5.558257] (px4_msgs) StdoutLine: {'line': b'-- Up-to-date: /home/pavel/ws_ros2/install/px4_msgs/include/px4_msgs/px4_msgs/msg/detail/landing_gear_wheel__functions.h\n'}
[5.558312] (px4_msgs) StdoutLine: {'line': b'-- Up-to-date: /home/pavel/ws_ros2/install/px4_msgs/include/px4_msgs/px4_msgs/msg/detail/landing_target_pose__functions.c\n'}
[5.558367] (px4_msgs) StdoutLine: {'line': b'-- Up-to-date: /home/pavel/ws_ros2/install/px4_msgs/include/px4_msgs/px4_msgs/msg/detail/estimator_aid_source2d__functions.h\n'}
[5.558512] (px4_msgs) StdoutLine: {'line': b'-- Up-to-date: /home/pavel/ws_ros2/install/px4_msgs/include/px4_msgs/px4_msgs/msg/detail/pwm_input__functions.h\n'}
[5.558604] (px4_msgs) StdoutLine: {'line': b'-- Up-to-date: /home/pavel/ws_ros2/install/px4_msgs/include/px4_msgs/px4_msgs/msg/detail/internal_combustion_engine_status__functions.h\n'}
[5.558663] (px4_msgs) StdoutLine: {'line': b'-- Up-to-date: /home/pavel/ws_ros2/install/px4_msgs/include/px4_msgs/px4_msgs/msg/detail/gimbal_controls__struct.h\n'}
[5.558758] (px4_msgs) StdoutLine: {'line': b'-- Up-to-date: /home/pavel/ws_ros2/install/px4_msgs/include/px4_msgs/px4_msgs/msg/detail/ping__struct.h\n'}
[5.558849] (px4_msgs) StdoutLine: {'line': b'-- Up-to-date: /home/pavel/ws_ros2/install/px4_msgs/include/px4_msgs/px4_msgs/msg/detail/orb_test_medium__functions.h\n'}
[5.558906] (px4_msgs) StdoutLine: {'line': b'-- Up-to-date: /home/pavel/ws_ros2/install/px4_msgs/include/px4_msgs/px4_msgs/msg/detail/vehicle_trajectory_bezier__functions.c\n'}
[5.558963] (px4_msgs) StdoutLine: {'line': b'-- Up-to-date: /home/pavel/ws_ros2/install/px4_msgs/include/px4_msgs/px4_msgs/msg/detail/sensor_uwb__type_support.h\n'}
[5.559019] (px4_msgs) StdoutLine: {'line': b'-- Up-to-date: /home/pavel/ws_ros2/install/px4_msgs/include/px4_msgs/px4_msgs/msg/detail/vehicle_angular_acceleration_setpoint__struct.h\n'}
[5.559075] (px4_msgs) StdoutLine: {'line': b'-- Up-to-date: /home/pavel/ws_ros2/install/px4_msgs/include/px4_msgs/px4_msgs/msg/detail/camera_status__type_support.h\n'}
[5.559131] (px4_msgs) StdoutLine: {'line': b'-- Up-to-date: /home/pavel/ws_ros2/install/px4_msgs/include/px4_msgs/px4_msgs/msg/detail/actuator_test__struct.h\n'}
[5.559187] (px4_msgs) StdoutLine: {'line': b'-- Up-to-date: /home/pavel/ws_ros2/install/px4_msgs/include/px4_msgs/px4_msgs/msg/detail/offboard_control_mode__functions.h\n'}
[5.559242] (px4_msgs) StdoutLine: {'line': b'-- Up-to-date: /home/pavel/ws_ros2/install/px4_msgs/include/px4_msgs/px4_msgs/msg/detail/estimator_selector_status__functions.c\n'}
[5.559300] (px4_msgs) StdoutLine: {'line': b'-- Up-to-date: /home/pavel/ws_ros2/install/px4_msgs/include/px4_msgs/px4_msgs/msg/detail/actuator_servos__functions.h\n'}
[5.559355] (px4_msgs) StdoutLine: {'line': b'-- Up-to-date: /home/pavel/ws_ros2/install/px4_msgs/include/px4_msgs/px4_msgs/msg/detail/message_format_response__functions.c\n'}
[5.559422] (px4_msgs) StdoutLine: {'line': b'-- Up-to-date: /home/pavel/ws_ros2/install/px4_msgs/include/px4_msgs/px4_msgs/msg/detail/debug_value__struct.h\n'}
[5.559480] (px4_msgs) StdoutLine: {'line': b'-- Up-to-date: /home/pavel/ws_ros2/install/px4_msgs/include/px4_msgs/px4_msgs/msg/detail/estimator_sensor_bias__struct.h\n'}
[5.559536] (px4_msgs) StdoutLine: {'line': b'-- Up-to-date: /home/pavel/ws_ros2/install/px4_msgs/include/px4_msgs/px4_msgs/msg/detail/takeoff_status__type_support.h\n'}
[5.559591] (px4_msgs) StdoutLine: {'line': b'-- Up-to-date: /home/pavel/ws_ros2/install/px4_msgs/include/px4_msgs/px4_msgs/msg/detail/home_position__functions.c\n'}
[5.559647] (px4_msgs) StdoutLine: {'line': b'-- Up-to-date: /home/pavel/ws_ros2/install/px4_msgs/include/px4_msgs/px4_msgs/msg/detail/trajectory_bezier__functions.c\n'}
[5.559704] (px4_msgs) StdoutLine: {'line': b'-- Up-to-date: /home/pavel/ws_ros2/install/px4_msgs/include/px4_msgs/px4_msgs/msg/detail/sensor_correction__struct.h\n'}
[5.559760] (px4_msgs) StdoutLine: {'line': b'-- Up-to-date: /home/pavel/ws_ros2/install/px4_msgs/include/px4_msgs/px4_msgs/msg/detail/cellular_status__functions.c\n'}
[5.560018] (px4_msgs) StdoutLine: {'line': b'-- Up-to-date: /home/pavel/ws_ros2/install/px4_msgs/include/px4_msgs/px4_msgs/msg/detail/offboard_control_mode__type_support.h\n'}
[5.560145] (px4_msgs) StdoutLine: {'line': b'-- Up-to-date: /home/pavel/ws_ros2/install/px4_msgs/include/px4_msgs/px4_msgs/msg/detail/esc_report__struct.h\n'}
[5.560204] (px4_msgs) StdoutLine: {'line': b'-- Up-to-date: /home/pavel/ws_ros2/install/px4_msgs/include/px4_msgs/px4_msgs/msg/detail/rate_ctrl_status__functions.c\n'}
[5.560259] (px4_msgs) StdoutLine: {'line': b'-- Up-to-date: /home/pavel/ws_ros2/install/px4_msgs/include/px4_msgs/px4_msgs/msg/detail/iridiumsbd_status__type_support.h\n'}
[5.560315] (px4_msgs) StdoutLine: {'line': b'-- Up-to-date: /home/pavel/ws_ros2/install/px4_msgs/include/px4_msgs/px4_msgs/msg/detail/manual_control_setpoint__functions.h\n'}
[5.560370] (px4_msgs) StdoutLine: {'line': b'-- Up-to-date: /home/pavel/ws_ros2/install/px4_msgs/include/px4_msgs/px4_msgs/msg/detail/debug_array__functions.c\n'}
[5.560476] (px4_msgs) StdoutLine: {'line': b'-- Up-to-date: /home/pavel/ws_ros2/install/px4_msgs/include/px4_msgs/px4_msgs/msg/detail/orb_test__type_support.h\n'}
[5.560626] (px4_msgs) StdoutLine: {'line': b'-- Up-to-date: /home/pavel/ws_ros2/install/px4_msgs/include/px4_msgs/px4_msgs/msg/detail/sensor_optical_flow__struct.h\n'}
[5.560684] (px4_msgs) StdoutLine: {'line': b'-- Up-to-date: /home/pavel/ws_ros2/install/px4_msgs/include/px4_msgs/px4_msgs/msg/detail/uavcan_parameter_request__functions.c\n'}
[5.560741] (px4_msgs) StdoutLine: {'line': b'-- Up-to-date: /home/pavel/ws_ros2/install/px4_msgs/include/px4_msgs/px4_msgs/msg/detail/timesync_status__type_support.h\n'}
[5.560797] (px4_msgs) StdoutLine: {'line': b'-- Up-to-date: /home/pavel/ws_ros2/install/px4_msgs/include/px4_msgs/px4_msgs/msg/detail/gpio_config__type_support.h\n'}
[5.560853] (px4_msgs) StdoutLine: {'line': b'-- Up-to-date: /home/pavel/ws_ros2/install/px4_msgs/include/px4_msgs/px4_msgs/msg/detail/sensor_uwb__struct.h\n'}
[5.560909] (px4_msgs) StdoutLine: {'line': b'-- Up-to-date: /home/pavel/ws_ros2/install/px4_msgs/include/px4_msgs/px4_msgs/msg/detail/landing_gear__functions.h\n'}
[5.560965] (px4_msgs) StdoutLine: {'line': b'-- Up-to-date: /home/pavel/ws_ros2/install/px4_msgs/include/px4_msgs/px4_msgs/msg/detail/gimbal_device_attitude_status__struct.h\n'}
[5.561023] (px4_msgs) StdoutLine: {'line': b'-- Up-to-date: /home/pavel/ws_ros2/install/px4_msgs/include/px4_msgs/px4_msgs/msg/detail/vehicle_air_data__functions.c\n'}
[5.561078] (px4_msgs) StdoutLine: {'line': b'-- Up-to-date: /home/pavel/ws_ros2/install/px4_msgs/include/px4_msgs/px4_msgs/msg/detail/actuator_motors__functions.h\n'}
[5.561134] (px4_msgs) StdoutLine: {'line': b'-- Up-to-date: /home/pavel/ws_ros2/install/px4_msgs/include/px4_msgs/px4_msgs/msg/detail/position_controller_status__struct.h\n'}
[5.561190] (px4_msgs) StdoutLine: {'line': b'-- Up-to-date: /home/pavel/ws_ros2/install/px4_msgs/include/px4_msgs/px4_msgs/msg/detail/mount_orientation__struct.h\n'}
[5.561246] (px4_msgs) StdoutLine: {'line': b'-- Up-to-date: /home/pavel/ws_ros2/install/px4_msgs/include/px4_msgs/px4_msgs/msg/detail/radio_status__type_support.h\n'}
[5.561302] (px4_msgs) StdoutLine: {'line': b'-- Up-to-date: /home/pavel/ws_ros2/install/px4_msgs/include/px4_msgs/px4_msgs/msg/detail/actuator_controls_status__struct.h\n'}
[5.561357] (px4_msgs) StdoutLine: {'line': b'-- Up-to-date: /home/pavel/ws_ros2/install/px4_msgs/include/px4_msgs/px4_msgs/msg/detail/heater_status__struct.h\n'}
[5.561451] (px4_msgs) StdoutLine: {'line': b'-- Up-to-date: /home/pavel/ws_ros2/install/px4_msgs/include/px4_msgs/px4_msgs/msg/detail/gimbal_manager_status__type_support.h\n'}
[5.561509] (px4_msgs) StdoutLine: {'line': b'-- Up-to-date: /home/pavel/ws_ros2/install/px4_msgs/include/px4_msgs/px4_msgs/msg/detail/rtl_time_estimate__struct.h\n'}
[5.561565] (px4_msgs) StdoutLine: {'line': b'-- Up-to-date: /home/pavel/ws_ros2/install/px4_msgs/include/px4_msgs/px4_msgs/msg/detail/launch_detection_status__functions.c\n'}
[5.561620] (px4_msgs) StdoutLine: {'line': b'-- Up-to-date: /home/pavel/ws_ros2/install/px4_msgs/include/px4_msgs/px4_msgs/msg/detail/position_setpoint__struct.h\n'}
[5.561675] (px4_msgs) StdoutLine: {'line': b'-- Up-to-date: /home/pavel/ws_ros2/install/px4_msgs/include/px4_msgs/px4_msgs/msg/detail/rc_channels__functions.h\n'}
[5.561730] (px4_msgs) StdoutLine: {'line': b'-- Up-to-date: /home/pavel/ws_ros2/install/px4_msgs/include/px4_msgs/px4_msgs/msg/detail/internal_combustion_engine_status__functions.c\n'}
[5.561787] (px4_msgs) StdoutLine: {'line': b'-- Up-to-date: /home/pavel/ws_ros2/install/px4_msgs/include/px4_msgs/px4_msgs/msg/detail/uavcan_parameter_value__struct.h\n'}
[5.561842] (px4_msgs) StdoutLine: {'line': b'-- Up-to-date: /home/pavel/ws_ros2/install/px4_msgs/include/px4_msgs/px4_msgs/msg/detail/sensor_baro__struct.h\n'}
[5.561898] (px4_msgs) StdoutLine: {'line': b'-- Up-to-date: /home/pavel/ws_ros2/install/px4_msgs/include/px4_msgs/px4_msgs/msg/detail/heater_status__functions.c\n'}
[5.561955] (px4_msgs) StdoutLine: {'line': b'-- Up-to-date: /home/pavel/ws_ros2/install/px4_msgs/include/px4_msgs/px4_msgs/msg/detail/normalized_unsigned_setpoint__functions.h\n'}
[5.562011] (px4_msgs) StdoutLine: {'line': b'-- Up-to-date: /home/pavel/ws_ros2/install/px4_msgs/include/px4_msgs/px4_msgs/msg/detail/position_controller_status__type_support.h\n'}
[5.562402] (px4_msgs) StdoutLine: {'line': b'-- Up-to-date: /home/pavel/ws_ros2/install/px4_msgs/include/px4_msgs/px4_msgs/msg/detail/satellite_info__functions.h\n'}
[5.562470] (px4_msgs) StdoutLine: {'line': b'-- Up-to-date: /home/pavel/ws_ros2/install/px4_msgs/include/px4_msgs/px4_msgs/msg/detail/estimator_event_flags__struct.h\n'}
[5.562614] (px4_msgs) StdoutLine: {'line': b'-- Up-to-date: /home/pavel/ws_ros2/install/px4_msgs/include/px4_msgs/px4_msgs/msg/detail/autotune_attitude_control_status__type_support.h\n'}
[5.562673] (px4_msgs) StdoutLine: {'line': b'-- Up-to-date: /home/pavel/ws_ros2/install/px4_msgs/include/px4_msgs/px4_msgs/msg/detail/velocity_limits__type_support.h\n'}
[5.562729] (px4_msgs) StdoutLine: {'line': b'-- Up-to-date: /home/pavel/ws_ros2/install/px4_msgs/include/px4_msgs/px4_msgs/msg/detail/system_power__type_support.h\n'}
[5.562786] (px4_msgs) StdoutLine: {'line': b'-- Up-to-date: /home/pavel/ws_ros2/install/px4_msgs/include/px4_msgs/px4_msgs/msg/detail/rc_parameter_map__type_support.h\n'}
[5.562842] (px4_msgs) StdoutLine: {'line': b'-- Up-to-date: /home/pavel/ws_ros2/install/px4_msgs/include/px4_msgs/px4_msgs/msg/detail/estimator_states__functions.c\n'}
[5.562898] (px4_msgs) StdoutLine: {'line': b'-- Up-to-date: /home/pavel/ws_ros2/install/px4_msgs/include/px4_msgs/px4_msgs/msg/detail/rtl_time_estimate__type_support.h\n'}
[5.562954] (px4_msgs) StdoutLine: {'line': b'-- Up-to-date: /home/pavel/ws_ros2/install/px4_msgs/include/px4_msgs/px4_msgs/msg/detail/register_ext_component_request__functions.c\n'}
[5.563010] (px4_msgs) StdoutLine: {'line': b'-- Up-to-date: /home/pavel/ws_ros2/install/px4_msgs/include/px4_msgs/px4_msgs/msg/detail/sensors_status__functions.c\n'}
[5.563066] (px4_msgs) StdoutLine: {'line': b'-- Up-to-date: /home/pavel/ws_ros2/install/px4_msgs/include/px4_msgs/px4_msgs/msg/detail/px4io_status__functions.h\n'}
[5.563121] (px4_msgs) StdoutLine: {'line': b'-- Up-to-date: /home/pavel/ws_ros2/install/px4_msgs/include/px4_msgs/px4_msgs/msg/detail/vehicle_land_detected__functions.h\n'}
[5.563177] (px4_msgs) StdoutLine: {'line': b'-- Up-to-date: /home/pavel/ws_ros2/install/px4_msgs/include/px4_msgs/px4_msgs/msg/detail/uavcan_parameter_request__type_support.h\n'}
[5.563232] (px4_msgs) StdoutLine: {'line': b'-- Up-to-date: /home/pavel/ws_ros2/install/px4_msgs/include/px4_msgs/px4_msgs/msg/detail/landing_gear__type_support.h\n'}
[5.563290] (px4_msgs) StdoutLine: {'line': b'-- Up-to-date: /home/pavel/ws_ros2/install/px4_msgs/include/px4_msgs/px4_msgs/msg/detail/mode_completed__struct.h\n'}
[5.563351] (px4_msgs) StdoutLine: {'line': b'-- Up-to-date: /home/pavel/ws_ros2/install/px4_msgs/include/px4_msgs/px4_msgs/msg/detail/task_stack_info__struct.h\n'}
[5.563803] (px4_msgs) StdoutLine: {'line': b'-- Up-to-date: /home/pavel/ws_ros2/install/px4_msgs/include/px4_msgs/px4_msgs/msg/detail/parameter_set_value_request__type_support.h\n'}
[5.563953] (px4_msgs) StdoutLine: {'line': b'-- Up-to-date: /home/pavel/ws_ros2/install/px4_msgs/include/px4_msgs/px4_msgs/msg/detail/velocity_limits__functions.h\n'}
[5.564060] (px4_msgs) StdoutLine: {'line': b'-- Up-to-date: /home/pavel/ws_ros2/install/px4_msgs/include/px4_msgs/px4_msgs/msg/detail/gimbal_manager_information__functions.h\n'}
[5.564127] (px4_msgs) StdoutLine: {'line': b'-- Up-to-date: /home/pavel/ws_ros2/install/px4_msgs/include/px4_msgs/px4_msgs/msg/detail/figure_eight_status__type_support.h\n'}
[5.564187] (px4_msgs) StdoutLine: {'line': b'-- Up-to-date: /home/pavel/ws_ros2/install/px4_msgs/include/px4_msgs/px4_msgs/msg/detail/ulog_stream__functions.h\n'}
[5.564245] (px4_msgs) StdoutLine: {'line': b'-- Up-to-date: /home/pavel/ws_ros2/install/px4_msgs/include/px4_msgs/px4_msgs/msg/detail/sensor_gps__functions.h\n'}
[5.564302] (px4_msgs) StdoutLine: {'line': b'-- Up-to-date: /home/pavel/ws_ros2/install/px4_msgs/include/px4_msgs/px4_msgs/msg/detail/position_setpoint_triplet__type_support.h\n'}
[5.564390] (px4_msgs) StdoutLine: {'line': b'-- Up-to-date: /home/pavel/ws_ros2/install/px4_msgs/include/px4_msgs/px4_msgs/msg/detail/telemetry_status__type_support.h\n'}
[5.564594] (px4_msgs) StdoutLine: {'line': b'-- Up-to-date: /home/pavel/ws_ros2/install/px4_msgs/include/px4_msgs/px4_msgs/msg/detail/mavlink_tunnel__functions.c\n'}
[5.564652] (px4_msgs) StdoutLine: {'line': b'-- Up-to-date: /home/pavel/ws_ros2/install/px4_msgs/include/px4_msgs/px4_msgs/msg/detail/wind__struct.h\n'}
[5.564710] (px4_msgs) StdoutLine: {'line': b'-- Up-to-date: /home/pavel/ws_ros2/install/px4_msgs/include/px4_msgs/px4_msgs/msg/detail/gpio_request__struct.h\n'}
[5.564766] (px4_msgs) StdoutLine: {'line': b'-- Up-to-date: /home/pavel/ws_ros2/install/px4_msgs/include/px4_msgs/px4_msgs/msg/detail/differential_drive_setpoint__struct.h\n'}
[5.564823] (px4_msgs) StdoutLine: {'line': b'-- Up-to-date: /home/pavel/ws_ros2/install/px4_msgs/include/px4_msgs/px4_msgs/msg/detail/hover_thrust_estimate__struct.h\n'}
[5.564880] (px4_msgs) StdoutLine: {'line': b'-- Up-to-date: /home/pavel/ws_ros2/install/px4_msgs/include/px4_msgs/px4_msgs/msg/detail/estimator_innovations__struct.h\n'}
[5.564939] (px4_msgs) StdoutLine: {'line': b'-- Up-to-date: /home/pavel/ws_ros2/install/px4_msgs/include/px4_msgs/px4_msgs/msg/detail/rc_parameter_map__struct.h\n'}
[5.564994] (px4_msgs) StdoutLine: {'line': b'-- Up-to-date: /home/pavel/ws_ros2/install/px4_msgs/include/px4_msgs/px4_msgs/msg/detail/vehicle_torque_setpoint__functions.h\n'}
[5.565072] (px4_msgs) StdoutLine: {'line': b'-- Up-to-date: /home/pavel/ws_ros2/install/px4_msgs/include/px4_msgs/px4_msgs/msg/detail/gpio_out__struct.h\n'}
[5.565131] (px4_msgs) StdoutLine: {'line': b'-- Up-to-date: /home/pavel/ws_ros2/install/px4_msgs/include/px4_msgs/px4_msgs/msg/detail/sensor_gyro_fifo__functions.h\n'}
[5.565188] (px4_msgs) StdoutLine: {'line': b'-- Up-to-date: /home/pavel/ws_ros2/install/px4_msgs/include/px4_msgs/px4_msgs/msg/detail/sensor_optical_flow__type_support.h\n'}
[5.565244] (px4_msgs) StdoutLine: {'line': b'-- Up-to-date: /home/pavel/ws_ros2/install/px4_msgs/include/px4_msgs/px4_msgs/msg/detail/estimator_states__type_support.h\n'}
[5.565509] (px4_msgs) StdoutLine: {'line': b'-- Up-to-date: /home/pavel/ws_ros2/install/px4_msgs/include/px4_msgs/px4_msgs/msg/detail/flight_phase_estimation__type_support.h\n'}
[5.565572] (px4_msgs) StdoutLine: {'line': b'-- Up-to-date: /home/pavel/ws_ros2/install/px4_msgs/include/px4_msgs/px4_msgs/msg/detail/estimator_aid_source1d__functions.h\n'}
[5.565629] (px4_msgs) StdoutLine: {'line': b'-- Up-to-date: /home/pavel/ws_ros2/install/px4_msgs/include/px4_msgs/px4_msgs/msg/detail/sensor_gyro__type_support.h\n'}
[5.565685] (px4_msgs) StdoutLine: {'line': b'-- Up-to-date: /home/pavel/ws_ros2/install/px4_msgs/include/px4_msgs/px4_msgs/msg/detail/task_stack_info__type_support.h\n'}
[5.565741] (px4_msgs) StdoutLine: {'line': b'-- Up-to-date: /home/pavel/ws_ros2/install/px4_msgs/include/px4_msgs/px4_msgs/msg/detail/follow_target__struct.h\n'}
[5.565797] (px4_msgs) StdoutLine: {'line': b'-- Up-to-date: /home/pavel/ws_ros2/install/px4_msgs/include/px4_msgs/px4_msgs/msg/detail/wheel_encoders__type_support.h\n'}
[5.565853] (px4_msgs) StdoutLine: {'line': b'-- Up-to-date: /home/pavel/ws_ros2/install/px4_msgs/include/px4_msgs/px4_msgs/msg/detail/rover_ackermann_guidance_status__functions.c\n'}
[5.565909] (px4_msgs) StdoutLine: {'line': b'-- Up-to-date: /home/pavel/ws_ros2/install/px4_msgs/include/px4_msgs/px4_msgs/msg/detail/vehicle_constraints__type_support.h\n'}
[5.565965] (px4_msgs) StdoutLine: {'line': b'-- Up-to-date: /home/pavel/ws_ros2/install/px4_msgs/include/px4_msgs/px4_msgs/msg/detail/led_control__functions.c\n'}
[5.566021] (px4_msgs) StdoutLine: {'line': b'-- Up-to-date: /home/pavel/ws_ros2/install/px4_msgs/include/px4_msgs/px4_msgs/msg/detail/sensor_preflight_mag__type_support.h\n'}
[5.566101] (px4_msgs) StdoutLine: {'line': b'-- Up-to-date: /home/pavel/ws_ros2/install/px4_msgs/include/px4_msgs/px4_msgs/msg/detail/actuator_armed__functions.h\n'}
[5.566157] (px4_msgs) StdoutLine: {'line': b'-- Up-to-date: /home/pavel/ws_ros2/install/px4_msgs/include/px4_msgs/px4_msgs/msg/detail/failsafe_flags__functions.c\n'}
[5.566321] (px4_msgs) StdoutLine: {'line': b'-- Up-to-date: /home/pavel/ws_ros2/install/px4_msgs/include/px4_msgs/px4_msgs/msg/detail/message_format_response__type_support.h\n'}
[5.566383] (px4_msgs) StdoutLine: {'line': b'-- Up-to-date: /home/pavel/ws_ros2/install/px4_msgs/include/px4_msgs/px4_msgs/msg/detail/estimator_status_flags__functions.c\n'}
[5.566448] (px4_msgs) StdoutLine: {'line': b'-- Up-to-date: /home/pavel/ws_ros2/install/px4_msgs/include/px4_msgs/px4_msgs/msg/detail/camera_status__functions.h\n'}
[5.566505] (px4_msgs) StdoutLine: {'line': b'-- Up-to-date: /home/pavel/ws_ros2/install/px4_msgs/include/px4_msgs/px4_msgs/msg/detail/sensor_preflight_mag__functions.c\n'}
[5.566562] (px4_msgs) StdoutLine: {'line': b'-- Up-to-date: /home/pavel/ws_ros2/install/px4_msgs/include/px4_msgs/px4_msgs/msg/detail/wind__type_support.h\n'}
[5.566618] (px4_msgs) StdoutLine: {'line': b'-- Up-to-date: /home/pavel/ws_ros2/install/px4_msgs/include/px4_msgs/px4_msgs/msg/detail/pwm_input__struct.h\n'}
[5.566674] (px4_msgs) StdoutLine: {'line': b'-- Up-to-date: /home/pavel/ws_ros2/install/px4_msgs/include/px4_msgs/px4_msgs/msg/detail/wheel_encoders__struct.h\n'}
[5.566731] (px4_msgs) StdoutLine: {'line': b'-- Up-to-date: /home/pavel/ws_ros2/install/px4_msgs/include/px4_msgs/px4_msgs/msg/detail/vehicle_land_detected__struct.h\n'}
[5.566789] (px4_msgs) StdoutLine: {'line': b'-- Up-to-date: /home/pavel/ws_ros2/install/px4_msgs/include/px4_msgs/px4_msgs/msg/detail/geofence_result__functions.c\n'}
[5.566846] (px4_msgs) StdoutLine: {'line': b'-- Up-to-date: /home/pavel/ws_ros2/install/px4_msgs/include/px4_msgs/px4_msgs/msg/detail/obstacle_distance__type_support.h\n'}
[5.566902] (px4_msgs) StdoutLine: {'line': b'-- Up-to-date: /home/pavel/ws_ros2/install/px4_msgs/include/px4_msgs/px4_msgs/msg/detail/yaw_estimator_status__functions.c\n'}
[5.566958] (px4_msgs) StdoutLine: {'line': b'-- Up-to-date: /home/pavel/ws_ros2/install/px4_msgs/include/px4_msgs/px4_msgs/msg/detail/button_event__functions.c\n'}
[5.567014] (px4_msgs) StdoutLine: {'line': b'-- Up-to-date: /home/pavel/ws_ros2/install/px4_msgs/include/px4_msgs/px4_msgs/msg/detail/position_setpoint_triplet__struct.h\n'}
[5.567070] (px4_msgs) StdoutLine: {'line': b'-- Up-to-date: /home/pavel/ws_ros2/install/px4_msgs/include/px4_msgs/px4_msgs/msg/detail/gpio_in__type_support.h\n'}
[5.567127] (px4_msgs) StdoutLine: {'line': b'-- Up-to-date: /home/pavel/ws_ros2/install/px4_msgs/include/px4_msgs/px4_msgs/msg/detail/actuator_controls_status__type_support.h\n'}
[5.567183] (px4_msgs) StdoutLine: {'line': b'-- Up-to-date: /home/pavel/ws_ros2/install/px4_msgs/include/px4_msgs/px4_msgs/msg/detail/vehicle_global_position__type_support.h\n'}
[5.567291] (px4_msgs) StdoutLine: {'line': b'-- Up-to-date: /home/pavel/ws_ros2/install/px4_msgs/include/px4_msgs/px4_msgs/msg/detail/mag_worker_data__functions.h\n'}
[5.567349] (px4_msgs) StdoutLine: {'line': b'-- Up-to-date: /home/pavel/ws_ros2/install/px4_msgs/include/px4_msgs/px4_msgs/msg/detail/led_control__functions.h\n'}
[5.567589] (px4_msgs) StdoutLine: {'line': b'-- Up-to-date: /home/pavel/ws_ros2/install/px4_msgs/include/px4_msgs/px4_msgs/msg/detail/sensor_gnss_relative__type_support.h\n'}
[5.567650] (px4_msgs) StdoutLine: {'line': b'-- Up-to-date: /home/pavel/ws_ros2/install/px4_msgs/include/px4_msgs/px4_msgs/msg/detail/gpio_config__functions.h\n'}
[5.567706] (px4_msgs) StdoutLine: {'line': b'-- Up-to-date: /home/pavel/ws_ros2/install/px4_msgs/include/px4_msgs/px4_msgs/msg/detail/sensor_gnss_relative__functions.h\n'}
[5.567761] (px4_msgs) StdoutLine: {'line': b'-- Up-to-date: /home/pavel/ws_ros2/install/px4_msgs/include/px4_msgs/px4_msgs/msg/detail/irlock_report__type_support.h\n'}
[5.567975] (px4_msgs) StdoutLine: {'line': b'-- Up-to-date: /home/pavel/ws_ros2/install/px4_msgs/include/px4_msgs/px4_msgs/msg/detail/manual_control_setpoint__struct.h\n'}
[5.568033] (px4_msgs) StdoutLine: {'line': b'-- Up-to-date: /home/pavel/ws_ros2/install/px4_msgs/include/px4_msgs/px4_msgs/msg/detail/trajectory_waypoint__struct.h\n'}
[5.568135] (px4_msgs) StdoutLine: {'line': b'-- Up-to-date: /home/pavel/ws_ros2/install/px4_msgs/include/px4_msgs/px4_msgs/msg/detail/actuator_test__functions.c\n'}
[5.568191] (px4_msgs) StdoutLine: {'line': b'-- Up-to-date: /home/pavel/ws_ros2/install/px4_msgs/include/px4_msgs/px4_msgs/msg/detail/register_ext_component_request__struct.h\n'}
[5.568248] (px4_msgs) StdoutLine: {'line': b'-- Up-to-date: /home/pavel/ws_ros2/install/px4_msgs/include/px4_msgs/px4_msgs/msg/detail/camera_trigger__functions.c\n'}
[5.568304] (px4_msgs) StdoutLine: {'line': b'-- Up-to-date: /home/pavel/ws_ros2/install/px4_msgs/include/px4_msgs/px4_msgs/msg/detail/goto_setpoint__struct.h\n'}
[5.568360] (px4_msgs) StdoutLine: {'line': b'-- Up-to-date: /home/pavel/ws_ros2/install/px4_msgs/include/px4_msgs/px4_msgs/msg/detail/uavcan_parameter_value__functions.h\n'}
[5.568428] (px4_msgs) StdoutLine: {'line': b'-- Up-to-date: /home/pavel/ws_ros2/install/px4_msgs/include/px4_msgs/px4_msgs/msg/detail/vehicle_imu__struct.h\n'}
[5.568486] (px4_msgs) StdoutLine: {'line': b'-- Up-to-date: /home/pavel/ws_ros2/install/px4_msgs/include/px4_msgs/px4_msgs/msg/detail/vehicle_trajectory_waypoint__functions.c\n'}
[5.568542] (px4_msgs) StdoutLine: {'line': b'-- Up-to-date: /home/pavel/ws_ros2/install/px4_msgs/include/px4_msgs/px4_msgs/msg/detail/estimator_event_flags__functions.h\n'}
[5.568598] (px4_msgs) StdoutLine: {'line': b'-- Up-to-date: /home/pavel/ws_ros2/install/px4_msgs/include/px4_msgs/px4_msgs/msg/detail/uavcan_parameter_request__functions.h\n'}
[5.568654] (px4_msgs) StdoutLine: {'line': b'-- Up-to-date: /home/pavel/ws_ros2/install/px4_msgs/include/px4_msgs/px4_msgs/msg/detail/parameter_update__functions.h\n'}
[5.568709] (px4_msgs) StdoutLine: {'line': b'-- Up-to-date: /home/pavel/ws_ros2/install/px4_msgs/include/px4_msgs/px4_msgs/msg/detail/vehicle_optical_flow_vel__struct.h\n'}
[5.568764] (px4_msgs) StdoutLine: {'line': b'-- Up-to-date: /home/pavel/ws_ros2/install/px4_msgs/include/px4_msgs/px4_msgs/msg/detail/tune_control__struct.h\n'}
[5.568820] (px4_msgs) StdoutLine: {'line': b'-- Up-to-date: /home/pavel/ws_ros2/install/px4_msgs/include/px4_msgs/px4_msgs/msg/detail/control_allocator_status__type_support.h\n'}
[5.568876] (px4_msgs) StdoutLine: {'line': b'-- Up-to-date: /home/pavel/ws_ros2/install/px4_msgs/include/px4_msgs/px4_msgs/msg/detail/message_format_response__functions.h\n'}
[5.568931] (px4_msgs) StdoutLine: {'line': b'-- Up-to-date: /home/pavel/ws_ros2/install/px4_msgs/include/px4_msgs/px4_msgs/msg/detail/sensor_gps__functions.c\n'}
[5.568986] (px4_msgs) StdoutLine: {'line': b'-- Up-to-date: /home/pavel/ws_ros2/install/px4_msgs/include/px4_msgs/px4_msgs/msg/detail/autotune_attitude_control_status__functions.c\n'}
[5.569042] (px4_msgs) StdoutLine: {'line': b'-- Up-to-date: /home/pavel/ws_ros2/install/px4_msgs/include/px4_msgs/px4_msgs/msg/detail/ulog_stream__functions.c\n'}
[5.569097] (px4_msgs) StdoutLine: {'line': b'-- Up-to-date: /home/pavel/ws_ros2/install/px4_msgs/include/px4_msgs/px4_msgs/msg/detail/vehicle_angular_acceleration_setpoint__type_support.h\n'}
[5.569153] (px4_msgs) StdoutLine: {'line': b'-- Up-to-date: /home/pavel/ws_ros2/install/px4_msgs/include/px4_msgs/px4_msgs/msg/detail/position_controller_landing_status__type_support.h\n'}
[5.569208] (px4_msgs) StdoutLine: {'line': b'-- Up-to-date: /home/pavel/ws_ros2/install/px4_msgs/include/px4_msgs/px4_msgs/msg/detail/satellite_info__type_support.h\n'}
[5.569263] (px4_msgs) StdoutLine: {'line': b'-- Up-to-date: /home/pavel/ws_ros2/install/px4_msgs/include/px4_msgs/px4_msgs/msg/detail/estimator_sensor_bias__type_support.h\n'}
[5.569318] (px4_msgs) StdoutLine: {'line': b'-- Up-to-date: /home/pavel/ws_ros2/install/px4_msgs/include/px4_msgs/px4_msgs/msg/detail/mission__struct.h\n'}
[5.569374] (px4_msgs) StdoutLine: {'line': b'-- Up-to-date: /home/pavel/ws_ros2/install/px4_msgs/include/px4_msgs/px4_msgs/msg/detail/sensors_status__struct.h\n'}
[5.569466] (px4_msgs) StdoutLine: {'line': b'-- Up-to-date: /home/pavel/ws_ros2/install/px4_msgs/include/px4_msgs/px4_msgs/msg/detail/timesync_status__struct.h\n'}
[5.569762] (px4_msgs) StdoutLine: {'line': b'-- Up-to-date: /home/pavel/ws_ros2/install/px4_msgs/include/px4_msgs/px4_msgs/msg/detail/gripper__functions.h\n'}
[5.569820] (px4_msgs) StdoutLine: {'line': b'-- Up-to-date: /home/pavel/ws_ros2/install/px4_msgs/include/px4_msgs/px4_msgs/msg/detail/wind__functions.h\n'}
[5.569876] (px4_msgs) StdoutLine: {'line': b'-- Up-to-date: /home/pavel/ws_ros2/install/px4_msgs/include/px4_msgs/px4_msgs/msg/detail/action_request__functions.h\n'}
[5.569933] (px4_msgs) StdoutLine: {'line': b'-- Up-to-date: /home/pavel/ws_ros2/install/px4_msgs/include/px4_msgs/px4_msgs/msg/detail/gimbal_device_information__functions.c\n'}
[5.569990] (px4_msgs) StdoutLine: {'line': b'-- Up-to-date: /home/pavel/ws_ros2/install/px4_msgs/include/px4_msgs/px4_msgs/msg/detail/vehicle_torque_setpoint__type_support.h\n'}
[5.570046] (px4_msgs) StdoutLine: {'line': b'-- Up-to-date: /home/pavel/ws_ros2/install/px4_msgs/include/px4_msgs/px4_msgs/msg/detail/arming_check_reply__type_support.h\n'}
[5.570102] (px4_msgs) StdoutLine: {'line': b'-- Up-to-date: /home/pavel/ws_ros2/install/px4_msgs/include/px4_msgs/px4_msgs/msg/detail/vehicle_magnetometer__functions.h\n'}
[5.570158] (px4_msgs) StdoutLine: {'line': b'-- Up-to-date: /home/pavel/ws_ros2/install/px4_msgs/include/px4_msgs/px4_msgs/msg/detail/gimbal_manager_set_attitude__type_support.h\n'}
[5.570373] (px4_msgs) StdoutLine: {'line': b'-- Up-to-date: /home/pavel/ws_ros2/install/px4_msgs/include/px4_msgs/px4_msgs/msg/detail/distance_sensor__functions.c\n'}
[5.570442] (px4_msgs) StdoutLine: {'line': b'-- Up-to-date: /home/pavel/ws_ros2/install/px4_msgs/include/px4_msgs/px4_msgs/msg/detail/sensor_gyro_fft__functions.h\n'}
[5.570499] (px4_msgs) StdoutLine: {'line': b'-- Up-to-date: /home/pavel/ws_ros2/install/px4_msgs/include/px4_msgs/px4_msgs/msg/detail/sensor_preflight_mag__struct.h\n'}
[5.570555] (px4_msgs) StdoutLine: {'line': b'-- Up-to-date: /home/pavel/ws_ros2/install/px4_msgs/include/px4_msgs/px4_msgs/msg/detail/landing_target_innovations__functions.c\n'}
[5.570611] (px4_msgs) StdoutLine: {'line': b'-- Up-to-date: /home/pavel/ws_ros2/install/px4_msgs/include/px4_msgs/px4_msgs/msg/detail/npfg_status__struct.h\n'}
[5.570668] (px4_msgs) StdoutLine: {'line': b'-- Up-to-date: /home/pavel/ws_ros2/install/px4_msgs/include/px4_msgs/px4_msgs/msg/detail/event__functions.h\n'}
[5.570723] (px4_msgs) StdoutLine: {'line': b'-- Up-to-date: /home/pavel/ws_ros2/install/px4_msgs/include/px4_msgs/px4_msgs/msg/detail/vtol_vehicle_status__type_support.h\n'}
[5.570779] (px4_msgs) StdoutLine: {'line': b'-- Up-to-date: /home/pavel/ws_ros2/install/px4_msgs/include/px4_msgs/px4_msgs/msg/detail/power_button_state__type_support.h\n'}
[5.570836] (px4_msgs) StdoutLine: {'line': b'-- Up-to-date: /home/pavel/ws_ros2/install/px4_msgs/include/px4_msgs/px4_msgs/msg/detail/navigator_mission_item__functions.c\n'}
[5.570891] (px4_msgs) StdoutLine: {'line': b'-- Up-to-date: /home/pavel/ws_ros2/install/px4_msgs/include/px4_msgs/px4_msgs/msg/detail/estimator_aid_source2d__functions.c\n'}
[5.570947] (px4_msgs) StdoutLine: {'line': b'-- Up-to-date: /home/pavel/ws_ros2/install/px4_msgs/include/px4_msgs/px4_msgs/msg/detail/vehicle_trajectory_waypoint__struct.h\n'}
[5.571002] (px4_msgs) StdoutLine: {'line': b'-- Up-to-date: /home/pavel/ws_ros2/install/px4_msgs/include/px4_msgs/px4_msgs/msg/detail/normalized_unsigned_setpoint__functions.c\n'}
[5.571057] (px4_msgs) StdoutLine: {'line': b'-- Up-to-date: /home/pavel/ws_ros2/install/px4_msgs/include/px4_msgs/px4_msgs/msg/detail/goto_setpoint__type_support.h\n'}
[5.571112] (px4_msgs) StdoutLine: {'line': b'-- Up-to-date: /home/pavel/ws_ros2/install/px4_msgs/include/px4_msgs/px4_msgs/msg/detail/adc_report__type_support.h\n'}
[5.571167] (px4_msgs) StdoutLine: {'line': b'-- Up-to-date: /home/pavel/ws_ros2/install/px4_msgs/include/px4_msgs/px4_msgs/msg/detail/sensor_gyro_fft__functions.c\n'}
[5.571222] (px4_msgs) StdoutLine: {'line': b'-- Up-to-date: /home/pavel/ws_ros2/install/px4_msgs/include/px4_msgs/px4_msgs/msg/detail/vehicle_angular_velocity__functions.h\n'}
[5.571314] (px4_msgs) StdoutLine: {'line': b'-- Up-to-date: /home/pavel/ws_ros2/install/px4_msgs/include/px4_msgs/px4_msgs/msg/detail/vehicle_global_position__functions.h\n'}
[5.571370] (px4_msgs) StdoutLine: {'line': b'-- Up-to-date: /home/pavel/ws_ros2/install/px4_msgs/include/px4_msgs/px4_msgs/msg/detail/vehicle_command_ack__type_support.h\n'}
[5.571592] (px4_msgs) StdoutLine: {'line': b'-- Up-to-date: /home/pavel/ws_ros2/install/px4_msgs/include/px4_msgs/px4_msgs/msg/detail/onboard_computer_status__functions.h\n'}
[5.571652] (px4_msgs) StdoutLine: {'line': b'-- Up-to-date: /home/pavel/ws_ros2/install/px4_msgs/include/px4_msgs/px4_msgs/msg/detail/cpuload__functions.h\n'}
[5.571708] (px4_msgs) StdoutLine: {'line': b'-- Up-to-date: /home/pavel/ws_ros2/install/px4_msgs/include/px4_msgs/px4_msgs/msg/detail/vehicle_trajectory_waypoint__type_support.h\n'}
[5.571765] (px4_msgs) StdoutLine: {'line': b'-- Up-to-date: /home/pavel/ws_ros2/install/px4_msgs/include/px4_msgs/px4_msgs/msg/detail/geofence_result__functions.h\n'}
[5.571970] (px4_msgs) StdoutLine: {'line': b'-- Up-to-date: /home/pavel/ws_ros2/install/px4_msgs/include/px4_msgs/px4_msgs/msg/detail/estimator_innovations__functions.h\n'}
[5.572032] (px4_msgs) StdoutLine: {'line': b'-- Up-to-date: /home/pavel/ws_ros2/install/px4_msgs/include/px4_msgs/px4_msgs/msg/detail/config_overrides__struct.h\n'}
[5.572162] (px4_msgs) StdoutLine: {'line': b'-- Up-to-date: /home/pavel/ws_ros2/install/px4_msgs/include/px4_msgs/px4_msgs/msg/detail/cellular_status__functions.h\n'}
[5.572220] (px4_msgs) StdoutLine: {'line': b'-- Up-to-date: /home/pavel/ws_ros2/install/px4_msgs/include/px4_msgs/px4_msgs/msg/detail/ekf2_timestamps__type_support.h\n'}
[5.572275] (px4_msgs) StdoutLine: {'line': b'-- Up-to-date: /home/pavel/ws_ros2/install/px4_msgs/include/px4_msgs/px4_msgs/msg/detail/actuator_armed__struct.h\n'}
[5.572330] (px4_msgs) StdoutLine: {'line': b'-- Up-to-date: /home/pavel/ws_ros2/install/px4_msgs/include/px4_msgs/px4_msgs/msg/detail/transponder_report__functions.c\n'}
[5.572390] (px4_msgs) StdoutLine: {'line': b'-- Up-to-date: /home/pavel/ws_ros2/install/px4_msgs/include/px4_msgs/px4_msgs/msg/detail/qshell_req__functions.c\n'}
[5.572475] (px4_msgs) StdoutLine: {'line': b'-- Up-to-date: /home/pavel/ws_ros2/install/px4_msgs/include/px4_msgs/px4_msgs/msg/detail/wind__functions.c\n'}
[5.572531] (px4_msgs) StdoutLine: {'line': b'-- Up-to-date: /home/pavel/ws_ros2/install/px4_msgs/include/px4_msgs/px4_msgs/msg/detail/pwm_input__type_support.h\n'}
[5.572587] (px4_msgs) StdoutLine: {'line': b'-- Up-to-date: /home/pavel/ws_ros2/install/px4_msgs/include/px4_msgs/px4_msgs/msg/detail/unregister_ext_component__struct.h\n'}
[5.572643] (px4_msgs) StdoutLine: {'line': b'-- Up-to-date: /home/pavel/ws_ros2/install/px4_msgs/include/px4_msgs/px4_msgs/msg/detail/gpio_in__functions.c\n'}
[5.572698] (px4_msgs) StdoutLine: {'line': b'-- Up-to-date: /home/pavel/ws_ros2/install/px4_msgs/include/px4_msgs/px4_msgs/msg/detail/vehicle_attitude__struct.h\n'}
[5.572905] (px4_msgs) StdoutLine: {'line': b'-- Up-to-date: /home/pavel/ws_ros2/install/px4_msgs/include/px4_msgs/px4_msgs/msg/detail/actuator_outputs__struct.h\n'}
[5.572962] (px4_msgs) StdoutLine: {'line': b'-- Up-to-date: /home/pavel/ws_ros2/install/px4_msgs/include/px4_msgs/px4_msgs/msg/detail/sensor_baro__type_support.h\n'}
[5.573018] (px4_msgs) StdoutLine: {'line': b'-- Up-to-date: /home/pavel/ws_ros2/install/px4_msgs/include/px4_msgs/px4_msgs/msg/detail/transponder_report__type_support.h\n'}
[5.573074] (px4_msgs) StdoutLine: {'line': b'-- Up-to-date: /home/pavel/ws_ros2/install/px4_msgs/include/px4_msgs/px4_msgs/msg/detail/satellite_info__functions.c\n'}
[5.573130] (px4_msgs) StdoutLine: {'line': b'-- Up-to-date: /home/pavel/ws_ros2/install/px4_msgs/include/px4_msgs/px4_msgs/msg/detail/gps_dump__type_support.h\n'}
[5.573186] (px4_msgs) StdoutLine: {'line': b'-- Up-to-date: /home/pavel/ws_ros2/install/px4_msgs/include/px4_msgs/px4_msgs/msg/detail/debug_vect__functions.c\n'}
[5.573265] (px4_msgs) StdoutLine: {'line': b'-- Up-to-date: /home/pavel/ws_ros2/install/px4_msgs/include/px4_msgs/px4_msgs/msg/detail/position_setpoint__functions.c\n'}
[5.573322] (px4_msgs) StdoutLine: {'line': b'-- Up-to-date: /home/pavel/ws_ros2/install/px4_msgs/include/px4_msgs/px4_msgs/msg/detail/sensor_mag__struct.h\n'}
[5.573381] (px4_msgs) StdoutLine: {'line': b'-- Up-to-date: /home/pavel/ws_ros2/install/px4_msgs/include/px4_msgs/px4_msgs/msg/detail/airspeed_validated__struct.h\n'}
[5.573444] (px4_msgs) StdoutLine: {'line': b'-- Up-to-date: /home/pavel/ws_ros2/install/px4_msgs/include/px4_msgs/px4_msgs/msg/detail/parameter_reset_request__functions.c\n'}
[5.573499] (px4_msgs) StdoutLine: {'line': b'-- Up-to-date: /home/pavel/ws_ros2/install/px4_msgs/include/px4_msgs/px4_msgs/msg/detail/vehicle_acceleration__functions.h\n'}
[5.573555] (px4_msgs) StdoutLine: {'line': b'-- Up-to-date: /home/pavel/ws_ros2/install/px4_msgs/include/px4_msgs/px4_msgs/msg/detail/gps_inject_data__type_support.h\n'}
[5.573610] (px4_msgs) StdoutLine: {'line': b'-- Up-to-date: /home/pavel/ws_ros2/install/px4_msgs/include/px4_msgs/px4_msgs/msg/detail/vehicle_imu_status__functions.c\n'}
[5.573665] (px4_msgs) StdoutLine: {'line': b'-- Up-to-date: /home/pavel/ws_ros2/install/px4_msgs/include/px4_msgs/px4_msgs/msg/detail/offboard_control_mode__functions.c\n'}
[5.573720] (px4_msgs) StdoutLine: {'line': b'-- Up-to-date: /home/pavel/ws_ros2/install/px4_msgs/include/px4_msgs/px4_msgs/msg/detail/power_button_state__functions.c\n'}
[5.573775] (px4_msgs) StdoutLine: {'line': b'-- Up-to-date: /home/pavel/ws_ros2/install/px4_msgs/include/px4_msgs/px4_msgs/msg/detail/vehicle_roi__type_support.h\n'}
[5.573831] (px4_msgs) StdoutLine: {'line': b'-- Up-to-date: /home/pavel/ws_ros2/install/px4_msgs/include/px4_msgs/px4_msgs/msg/detail/parameter_set_used_request__struct.h\n'}
[5.573886] (px4_msgs) StdoutLine: {'line': b'-- Up-to-date: /home/pavel/ws_ros2/install/px4_msgs/include/px4_msgs/px4_msgs/msg/detail/estimator_status__functions.h\n'}
[5.573941] (px4_msgs) StdoutLine: {'line': b'-- Up-to-date: /home/pavel/ws_ros2/install/px4_msgs/include/px4_msgs/px4_msgs/msg/detail/parameter_set_used_request__functions.h\n'}
[5.573997] (px4_msgs) StdoutLine: {'line': b'-- Up-to-date: /home/pavel/ws_ros2/install/px4_msgs/include/px4_msgs/px4_msgs/msg/detail/sensor_correction__type_support.h\n'}
[5.574122] (px4_msgs) StdoutLine: {'line': b'-- Up-to-date: /home/pavel/ws_ros2/install/px4_msgs/include/px4_msgs/px4_msgs/msg/detail/gps_inject_data__functions.h\n'}
[5.574181] (px4_msgs) StdoutLine: {'line': b'-- Up-to-date: /home/pavel/ws_ros2/install/px4_msgs/include/px4_msgs/px4_msgs/msg/detail/collision_constraints__functions.h\n'}
[5.574238] (px4_msgs) StdoutLine: {'line': b'-- Up-to-date: /home/pavel/ws_ros2/install/px4_msgs/include/px4_msgs/px4_msgs/msg/detail/vtol_vehicle_status__struct.h\n'}
[5.574294] (px4_msgs) StdoutLine: {'line': b'-- Up-to-date: /home/pavel/ws_ros2/install/px4_msgs/include/px4_msgs/px4_msgs/msg/detail/gimbal_device_information__struct.h\n'}
[5.574350] (px4_msgs) StdoutLine: {'line': b'-- Up-to-date: /home/pavel/ws_ros2/install/px4_msgs/include/px4_msgs/px4_msgs/msg/detail/estimator_aid_source2d__type_support.h\n'}
[5.574572] (px4_msgs) StdoutLine: {'line': b'-- Up-to-date: /home/pavel/ws_ros2/install/px4_msgs/include/px4_msgs/px4_msgs/msg/detail/rtl_status__type_support.h\n'}
[5.574632] (px4_msgs) StdoutLine: {'line': b'-- Up-to-date: /home/pavel/ws_ros2/install/px4_msgs/include/px4_msgs/px4_msgs/msg/detail/gpio_out__functions.h\n'}
[5.574688] (px4_msgs) StdoutLine: {'line': b'-- Up-to-date: /home/pavel/ws_ros2/install/px4_msgs/include/px4_msgs/px4_msgs/msg/detail/telemetry_status__struct.h\n'}
[5.574745] (px4_msgs) StdoutLine: {'line': b'-- Up-to-date: /home/pavel/ws_ros2/install/px4_msgs/include/px4_msgs/px4_msgs/msg/detail/actuator_armed__type_support.h\n'}
[5.574801] (px4_msgs) StdoutLine: {'line': b'-- Up-to-date: /home/pavel/ws_ros2/install/px4_msgs/include/px4_msgs/px4_msgs/msg/detail/vehicle_control_mode__struct.h\n'}
[5.574857] (px4_msgs) StdoutLine: {'line': b'-- Up-to-date: /home/pavel/ws_ros2/install/px4_msgs/include/px4_msgs/px4_msgs/msg/detail/follow_target_estimator__functions.h\n'}
[5.575003] (px4_msgs) StdoutLine: {'line': b'-- Up-to-date: /home/pavel/ws_ros2/install/px4_msgs/include/px4_msgs/px4_msgs/msg/detail/estimator_gps_status__functions.h\n'}
[5.575060] (px4_msgs) StdoutLine: {'line': b'-- Up-to-date: /home/pavel/ws_ros2/install/px4_msgs/include/px4_msgs/px4_msgs/msg/detail/parameter_reset_request__struct.h\n'}
[5.575116] (px4_msgs) StdoutLine: {'line': b'-- Up-to-date: /home/pavel/ws_ros2/install/px4_msgs/include/px4_msgs/px4_msgs/msg/detail/ulog_stream_ack__struct.h\n'}
[5.575331] (px4_msgs) StdoutLine: {'line': b'-- Up-to-date: /home/pavel/ws_ros2/install/px4_msgs/include/px4_msgs/px4_msgs/msg/detail/estimator_aid_source1d__type_support.h\n'}
[5.575443] (px4_msgs) StdoutLine: {'line': b'-- Up-to-date: /home/pavel/ws_ros2/install/px4_msgs/include/px4_msgs/px4_msgs/msg/detail/gripper__struct.h\n'}
[5.575539] (px4_msgs) StdoutLine: {'line': b'-- Up-to-date: /home/pavel/ws_ros2/install/px4_msgs/include/px4_msgs/px4_msgs/msg/detail/sensor_accel__type_support.h\n'}
[5.575596] (px4_msgs) StdoutLine: {'line': b'-- Up-to-date: /home/pavel/ws_ros2/install/px4_msgs/include/px4_msgs/px4_msgs/msg/detail/qshell_retval__functions.h\n'}
[5.575654] (px4_msgs) StdoutLine: {'line': b'-- Up-to-date: /home/pavel/ws_ros2/install/px4_msgs/include/px4_msgs/px4_msgs/msg/detail/rover_ackermann_guidance_status__struct.h\n'}
[5.575710] (px4_msgs) StdoutLine: {'line': b'-- Up-to-date: /home/pavel/ws_ros2/install/px4_msgs/include/px4_msgs/px4_msgs/msg/detail/log_message__type_support.h\n'}
[5.575766] (px4_msgs) StdoutLine: {'line': b'-- Up-to-date: /home/pavel/ws_ros2/install/px4_msgs/include/px4_msgs/px4_msgs/msg/detail/follow_target_estimator__struct.h\n'}
[5.575821] (px4_msgs) StdoutLine: {'line': b'-- Up-to-date: /home/pavel/ws_ros2/install/px4_msgs/include/px4_msgs/px4_msgs/msg/detail/vehicle_attitude__functions.h\n'}
[5.575877] (px4_msgs) StdoutLine: {'line': b'-- Up-to-date: /home/pavel/ws_ros2/install/px4_msgs/include/px4_msgs/px4_msgs/msg/detail/mission_result__type_support.h\n'}
[5.575932] (px4_msgs) StdoutLine: {'line': b'-- Up-to-date: /home/pavel/ws_ros2/install/px4_msgs/include/px4_msgs/px4_msgs/msg/detail/trajectory_setpoint__functions.c\n'}
[5.575987] (px4_msgs) StdoutLine: {'line': b'-- Up-to-date: /home/pavel/ws_ros2/install/px4_msgs/include/px4_msgs/px4_msgs/msg/detail/navigator_mission_item__functions.h\n'}
[5.576043] (px4_msgs) StdoutLine: {'line': b'-- Up-to-date: /home/pavel/ws_ros2/install/px4_msgs/include/px4_msgs/px4_msgs/msg/detail/vehicle_odometry__type_support.h\n'}
[5.576098] (px4_msgs) StdoutLine: {'line': b'-- Up-to-date: /home/pavel/ws_ros2/install/px4_msgs/include/px4_msgs/px4_msgs/msg/detail/satellite_info__struct.h\n'}
[5.576154] (px4_msgs) StdoutLine: {'line': b'-- Up-to-date: /home/pavel/ws_ros2/install/px4_msgs/include/px4_msgs/px4_msgs/msg/detail/mavlink_log__functions.c\n'}
[5.576209] (px4_msgs) StdoutLine: {'line': b'-- Up-to-date: /home/pavel/ws_ros2/install/px4_msgs/include/px4_msgs/px4_msgs/msg/detail/estimator_gps_status__type_support.h\n'}
[5.576265] (px4_msgs) StdoutLine: {'line': b'-- Up-to-date: /home/pavel/ws_ros2/install/px4_msgs/include/px4_msgs/px4_msgs/msg/detail/figure_eight_status__functions.h\n'}
[5.576321] (px4_msgs) StdoutLine: {'line': b'-- Up-to-date: /home/pavel/ws_ros2/install/px4_msgs/include/px4_msgs/px4_msgs/msg/detail/sensors_status__functions.h\n'}
[5.576382] (px4_msgs) StdoutLine: {'line': b'-- Up-to-date: /home/pavel/ws_ros2/install/px4_msgs/include/px4_msgs/px4_msgs/msg/detail/vehicle_local_position_setpoint__functions.c\n'}
[5.576467] (px4_msgs) StdoutLine: {'line': b'-- Up-to-date: /home/pavel/ws_ros2/install/px4_msgs/include/px4_msgs/px4_msgs/msg/detail/failsafe_flags__functions.h\n'}
[5.576526] (px4_msgs) StdoutLine: {'line': b'-- Up-to-date: /home/pavel/ws_ros2/install/px4_msgs/include/px4_msgs/px4_msgs/msg/detail/yaw_estimator_status__struct.h\n'}
[5.576584] (px4_msgs) StdoutLine: {'line': b'-- Up-to-date: /home/pavel/ws_ros2/install/px4_msgs/include/px4_msgs/px4_msgs/msg/detail/rtl_status__functions.c\n'}
[5.576802] (px4_msgs) StdoutLine: {'line': b'-- Up-to-date: /home/pavel/ws_ros2/install/px4_msgs/include/px4_msgs/px4_msgs/msg/detail/position_setpoint_triplet__functions.h\n'}
[5.576859] (px4_msgs) StdoutLine: {'line': b'-- Up-to-date: /home/pavel/ws_ros2/install/px4_msgs/include/px4_msgs/px4_msgs/msg/detail/task_stack_info__functions.h\n'}
[5.576915] (px4_msgs) StdoutLine: {'line': b'-- Up-to-date: /home/pavel/ws_ros2/install/px4_msgs/include/px4_msgs/px4_msgs/msg/detail/estimator_selector_status__type_support.h\n'}
[5.576972] (px4_msgs) StdoutLine: {'line': b'-- Up-to-date: /home/pavel/ws_ros2/install/px4_msgs/include/px4_msgs/px4_msgs/msg/detail/vehicle_optical_flow__struct.h\n'}
[5.577028] (px4_msgs) StdoutLine: {'line': b'-- Up-to-date: /home/pavel/ws_ros2/install/px4_msgs/include/px4_msgs/px4_msgs/msg/detail/gimbal_device_set_attitude__type_support.h\n'}
[5.577084] (px4_msgs) StdoutLine: {'line': b'-- Up-to-date: /home/pavel/ws_ros2/install/px4_msgs/include/px4_msgs/px4_msgs/msg/detail/actuator_servos__type_support.h\n'}
[5.577140] (px4_msgs) StdoutLine: {'line': b'-- Up-to-date: /home/pavel/ws_ros2/install/px4_msgs/include/px4_msgs/px4_msgs/msg/detail/mag_worker_data__functions.c\n'}
[5.577195] (px4_msgs) StdoutLine: {'line': b'-- Up-to-date: /home/pavel/ws_ros2/install/px4_msgs/include/px4_msgs/px4_msgs/msg/detail/flight_phase_estimation__struct.h\n'}
[5.577251] (px4_msgs) StdoutLine: {'line': b'-- Up-to-date: /home/pavel/ws_ros2/install/px4_msgs/include/px4_msgs/px4_msgs/msg/detail/transponder_report__functions.h\n'}
[5.577306] (px4_msgs) StdoutLine: {'line': b'-- Up-to-date: /home/pavel/ws_ros2/install/px4_msgs/include/px4_msgs/px4_msgs/msg/detail/vehicle_thrust_setpoint__type_support.h\n'}
[5.577362] (px4_msgs) StdoutLine: {'line': b'-- Up-to-date: /home/pavel/ws_ros2/install/px4_msgs/include/px4_msgs/px4_msgs/msg/detail/debug_array__functions.h\n'}
[5.577428] (px4_msgs) StdoutLine: {'line': b'-- Up-to-date: /home/pavel/ws_ros2/install/px4_msgs/include/px4_msgs/px4_msgs/msg/detail/esc_status__type_support.h\n'}
[5.577485] (px4_msgs) StdoutLine: {'line': b'-- Up-to-date: /home/pavel/ws_ros2/install/px4_msgs/include/px4_msgs/px4_msgs/msg/detail/actuator_servos_trim__type_support.h\n'}
[5.577754] (px4_msgs) StdoutLine: {'line': b'-- Up-to-date: /home/pavel/ws_ros2/install/px4_msgs/include/px4_msgs/px4_msgs/msg/detail/gripper__functions.c\n'}
[5.577812] (px4_msgs) StdoutLine: {'line': b'-- Up-to-date: /home/pavel/ws_ros2/install/px4_msgs/include/px4_msgs/px4_msgs/msg/detail/manual_control_switches__functions.h\n'}
[5.577869] (px4_msgs) StdoutLine: {'line': b'-- Up-to-date: /home/pavel/ws_ros2/install/px4_msgs/include/px4_msgs/px4_msgs/msg/detail/camera_trigger__type_support.h\n'}
[5.577925] (px4_msgs) StdoutLine: {'line': b'-- Up-to-date: /home/pavel/ws_ros2/install/px4_msgs/include/px4_msgs/px4_msgs/msg/detail/vehicle_command__type_support.h\n'}
[5.577981] (px4_msgs) StdoutLine: {'line': b'-- Up-to-date: /home/pavel/ws_ros2/install/px4_msgs/include/px4_msgs/px4_msgs/msg/detail/landing_target_innovations__struct.h\n'}
[5.578037] (px4_msgs) StdoutLine: {'line': b'-- Up-to-date: /home/pavel/ws_ros2/install/px4_msgs/include/px4_msgs/px4_msgs/msg/detail/actuator_armed__functions.c\n'}
[5.578092] (px4_msgs) StdoutLine: {'line': b'-- Up-to-date: /home/pavel/ws_ros2/install/px4_msgs/include/px4_msgs/px4_msgs/msg/detail/trajectory_waypoint__functions.c\n'}
[5.578147] (px4_msgs) StdoutLine: {'line': b'-- Up-to-date: /home/pavel/ws_ros2/install/px4_msgs/include/px4_msgs/px4_msgs/msg/detail/normalized_unsigned_setpoint__struct.h\n'}
[5.578203] (px4_msgs) StdoutLine: {'line': b'-- Up-to-date: /home/pavel/ws_ros2/install/px4_msgs/include/px4_msgs/px4_msgs/msg/detail/landing_gear__functions.c\n'}
[5.578258] (px4_msgs) StdoutLine: {'line': b'-- Up-to-date: /home/pavel/ws_ros2/install/px4_msgs/include/px4_msgs/px4_msgs/msg/detail/tiltrotor_extra_controls__struct.h\n'}
[5.578313] (px4_msgs) StdoutLine: {'line': b'-- Up-to-date: /home/pavel/ws_ros2/install/px4_msgs/include/px4_msgs/px4_msgs/msg/detail/failure_detector_status__functions.c\n'}
[5.578421] (px4_msgs) StdoutLine: {'line': b'-- Up-to-date: /home/pavel/ws_ros2/install/px4_msgs/include/px4_msgs/px4_msgs/msg/detail/follow_target_status__functions.h\n'}
[5.578478] (px4_msgs) StdoutLine: {'line': b'-- Up-to-date: /home/pavel/ws_ros2/install/px4_msgs/include/px4_msgs/px4_msgs/msg/detail/airspeed_validated__functions.h\n'}
[5.578534] (px4_msgs) StdoutLine: {'line': b'-- Up-to-date: /home/pavel/ws_ros2/install/px4_msgs/include/px4_msgs/px4_msgs/msg/detail/estimator_status__struct.h\n'}
[5.578589] (px4_msgs) StdoutLine: {'line': b'-- Up-to-date: /home/pavel/ws_ros2/install/px4_msgs/include/px4_msgs/px4_msgs/msg/detail/orb_test__functions.c\n'}
[5.578758] (px4_msgs) StdoutLine: {'line': b'-- Up-to-date: /home/pavel/ws_ros2/install/px4_msgs/include/px4_msgs/px4_msgs/msg/detail/debug_key_value__functions.h\n'}
[5.578816] (px4_msgs) StdoutLine: {'line': b'-- Up-to-date: /home/pavel/ws_ros2/install/px4_msgs/include/px4_msgs/px4_msgs/msg/detail/vehicle_command_ack__functions.h\n'}
[5.578872] (px4_msgs) StdoutLine: {'line': b'-- Up-to-date: /home/pavel/ws_ros2/install/px4_msgs/include/px4_msgs/px4_msgs/msg/detail/mode_completed__functions.h\n'}
[5.578928] (px4_msgs) StdoutLine: {'line': b'-- Up-to-date: /home/pavel/ws_ros2/install/px4_msgs/include/px4_msgs/px4_msgs/msg/detail/vehicle_angular_velocity__struct.h\n'}
[5.578983] (px4_msgs) StdoutLine: {'line': b'-- Up-to-date: /home/pavel/ws_ros2/install/px4_msgs/include/px4_msgs/px4_msgs/msg/detail/esc_status__functions.c\n'}
[5.579038] (px4_msgs) StdoutLine: {'line': b'-- Up-to-date: /home/pavel/ws_ros2/install/px4_msgs/include/px4_msgs/px4_msgs/msg/detail/camera_capture__functions.h\n'}
[5.579093] (px4_msgs) StdoutLine: {'line': b'-- Up-to-date: /home/pavel/ws_ros2/install/px4_msgs/include/px4_msgs/px4_msgs/msg/detail/onboard_computer_status__type_support.h\n'}
[5.579148] (px4_msgs) StdoutLine: {'line': b'-- Up-to-date: /home/pavel/ws_ros2/install/px4_msgs/include/px4_msgs/px4_msgs/msg/detail/estimator_sensor_bias__functions.c\n'}
[5.579203] (px4_msgs) StdoutLine: {'line': b'-- Up-to-date: /home/pavel/ws_ros2/install/px4_msgs/include/px4_msgs/px4_msgs/msg/detail/vehicle_trajectory_bezier__type_support.h\n'}
[5.579259] (px4_msgs) StdoutLine: {'line': b'-- Up-to-date: /home/pavel/ws_ros2/install/px4_msgs/include/px4_msgs/px4_msgs/msg/detail/gps_dump__struct.h\n'}
[5.579314] (px4_msgs) StdoutLine: {'line': b'-- Up-to-date: /home/pavel/ws_ros2/install/px4_msgs/include/px4_msgs/px4_msgs/msg/detail/gpio_request__type_support.h\n'}
[5.579370] (px4_msgs) StdoutLine: {'line': b'-- Up-to-date: /home/pavel/ws_ros2/install/px4_msgs/include/px4_msgs/px4_msgs/msg/detail/power_monitor__functions.c\n'}
[5.579511] (px4_msgs) StdoutLine: {'line': b'-- Up-to-date: /home/pavel/ws_ros2/install/px4_msgs/include/px4_msgs/px4_msgs/msg/detail/geofence_status__functions.h\n'}
[5.579570] (px4_msgs) StdoutLine: {'line': b'-- Up-to-date: /home/pavel/ws_ros2/install/px4_msgs/include/px4_msgs/px4_msgs/msg/detail/message_format_request__type_support.h\n'}
[5.579626] (px4_msgs) StdoutLine: {'line': b'-- Up-to-date: /home/pavel/ws_ros2/install/px4_msgs/include/px4_msgs/px4_msgs/msg/detail/sensor_uwb__functions.h\n'}
[5.579682] (px4_msgs) StdoutLine: {'line': b'-- Up-to-date: /home/pavel/ws_ros2/install/px4_msgs/include/px4_msgs/px4_msgs/msg/detail/pps_capture__functions.h\n'}
[5.579737] (px4_msgs) StdoutLine: {'line': b'-- Up-to-date: /home/pavel/ws_ros2/install/px4_msgs/include/px4_msgs/px4_msgs/msg/detail/goto_setpoint__functions.c\n'}
[5.579793] (px4_msgs) StdoutLine: {'line': b'-- Up-to-date: /home/pavel/ws_ros2/install/px4_msgs/include/px4_msgs/px4_msgs/msg/detail/sensor_gyro_fft__type_support.h\n'}
[5.579849] (px4_msgs) StdoutLine: {'line': b'-- Up-to-date: /home/pavel/ws_ros2/install/px4_msgs/include/px4_msgs/px4_msgs/msg/detail/power_monitor__type_support.h\n'}
[5.580142] (px4_msgs) StdoutLine: {'line': b'-- Up-to-date: /home/pavel/ws_ros2/install/px4_msgs/include/px4_msgs/px4_msgs/msg/detail/vehicle_optical_flow_vel__functions.c\n'}
[5.580249] (px4_msgs) StdoutLine: {'line': b'-- Up-to-date: /home/pavel/ws_ros2/install/px4_msgs/include/px4_msgs/px4_msgs/msg/detail/vehicle_imu_status__struct.h\n'}
[5.580307] (px4_msgs) StdoutLine: {'line': b'-- Up-to-date: /home/pavel/ws_ros2/install/px4_msgs/include/px4_msgs/px4_msgs/msg/detail/generator_status__struct.h\n'}
[5.580364] (px4_msgs) StdoutLine: {'line': b'-- Up-to-date: /home/pavel/ws_ros2/install/px4_msgs/include/px4_msgs/px4_msgs/msg/detail/can_interface_status__type_support.h\n'}
[5.580452] (px4_msgs) StdoutLine: {'line': b'-- Up-to-date: /home/pavel/ws_ros2/install/px4_msgs/include/px4_msgs/px4_msgs/msg/detail/tune_control__functions.h\n'}
[5.580511] (px4_msgs) StdoutLine: {'line': b'-- Up-to-date: /home/pavel/ws_ros2/install/px4_msgs/include/px4_msgs/px4_msgs/msg/detail/vehicle_local_position_setpoint__type_support.h\n'}
[5.580567] (px4_msgs) StdoutLine: {'line': b'-- Up-to-date: /home/pavel/ws_ros2/install/px4_msgs/include/px4_msgs/px4_msgs/msg/detail/takeoff_status__struct.h\n'}
[5.580622] (px4_msgs) StdoutLine: {'line': b'-- Up-to-date: /home/pavel/ws_ros2/install/px4_msgs/include/px4_msgs/px4_msgs/msg/detail/sensor_gyro_fft__struct.h\n'}
[5.580678] (px4_msgs) StdoutLine: {'line': b'-- Up-to-date: /home/pavel/ws_ros2/install/px4_msgs/include/px4_msgs/px4_msgs/msg/detail/follow_target__functions.c\n'}
[5.580734] (px4_msgs) StdoutLine: {'line': b'-- Up-to-date: /home/pavel/ws_ros2/install/px4_msgs/include/px4_msgs/px4_msgs/msg/detail/home_position__type_support.h\n'}
[5.580790] (px4_msgs) StdoutLine: {'line': b'-- Up-to-date: /home/pavel/ws_ros2/install/px4_msgs/include/px4_msgs/px4_msgs/msg/detail/vehicle_thrust_setpoint__struct.h\n'}
[5.580846] (px4_msgs) StdoutLine: {'line': b'-- Up-to-date: /home/pavel/ws_ros2/install/px4_msgs/include/px4_msgs/px4_msgs/msg/detail/debug_vect__functions.h\n'}
[5.580901] (px4_msgs) StdoutLine: {'line': b'-- Up-to-date: /home/pavel/ws_ros2/install/px4_msgs/include/px4_msgs/px4_msgs/msg/detail/qshell_retval__struct.h\n'}
[5.581004] (px4_msgs) StdoutLine: {'line': b'-- Up-to-date: /home/pavel/ws_ros2/install/px4_msgs/include/px4_msgs/px4_msgs/msg/detail/estimator_sensor_bias__functions.h\n'}
[5.581062] (px4_msgs) StdoutLine: {'line': b'-- Up-to-date: /home/pavel/ws_ros2/install/px4_msgs/include/px4_msgs/px4_msgs/msg/detail/parameter_update__functions.c\n'}
[5.581118] (px4_msgs) StdoutLine: {'line': b'-- Up-to-date: /home/pavel/ws_ros2/install/px4_msgs/include/px4_msgs/px4_msgs/msg/detail/collision_report__functions.c\n'}
[5.581175] (px4_msgs) StdoutLine: {'line': b'-- Up-to-date: /home/pavel/ws_ros2/install/px4_msgs/include/px4_msgs/px4_msgs/msg/detail/mavlink_tunnel__struct.h\n'}
[5.581230] (px4_msgs) StdoutLine: {'line': b'-- Up-to-date: /home/pavel/ws_ros2/install/px4_msgs/include/px4_msgs/px4_msgs/msg/detail/gpio_out__functions.c\n'}
[5.581285] (px4_msgs) StdoutLine: {'line': b'-- Up-to-date: /home/pavel/ws_ros2/install/px4_msgs/include/px4_msgs/px4_msgs/msg/detail/health_report__struct.h\n'}
[5.581341] (px4_msgs) StdoutLine: {'line': b'-- Up-to-date: /home/pavel/ws_ros2/install/px4_msgs/include/px4_msgs/px4_msgs/msg/detail/log_message__functions.h\n'}
[5.581518] (px4_msgs) StdoutLine: {'line': b'-- Up-to-date: /home/pavel/ws_ros2/install/px4_msgs/include/px4_msgs/px4_msgs/msg/detail/gimbal_controls__functions.h\n'}
[5.581901] (px4_msgs) StdoutLine: {'line': b'-- Up-to-date: /home/pavel/ws_ros2/install/px4_msgs/include/px4_msgs/px4_msgs/msg/detail/vehicle_trajectory_waypoint__functions.h\n'}
[5.582004] (px4_msgs) StdoutLine: {'line': b'-- Up-to-date: /home/pavel/ws_ros2/install/px4_msgs/include/px4_msgs/px4_msgs/msg/detail/estimator_aid_source3d__functions.h\n'}
[5.582108] (px4_msgs) StdoutLine: {'line': b'-- Up-to-date: /home/pavel/ws_ros2/install/px4_msgs/include/px4_msgs/px4_msgs/msg/detail/vehicle_control_mode__type_support.h\n'}
[5.582210] (px4_msgs) StdoutLine: {'line': b'-- Up-to-date: /home/pavel/ws_ros2/install/px4_msgs/include/px4_msgs/px4_msgs/msg/detail/vehicle_trajectory_bezier__struct.h\n'}
[5.582336] (px4_msgs) StdoutLine: {'line': b'-- Up-to-date: /home/pavel/ws_ros2/install/px4_msgs/include/px4_msgs/px4_msgs/msg/detail/dataman_response__struct.h\n'}
[5.582533] (px4_msgs) StdoutLine: {'line': b'-- Up-to-date: /home/pavel/ws_ros2/install/px4_msgs/include/px4_msgs/px4_msgs/msg/detail/gpio_in__struct.h\n'}
[5.582636] (px4_msgs) StdoutLine: {'line': b'-- Up-to-date: /home/pavel/ws_ros2/install/px4_msgs/include/px4_msgs/px4_msgs/msg/detail/sensor_accel__struct.h\n'}
[5.582743] (px4_msgs) StdoutLine: {'line': b'-- Up-to-date: /home/pavel/ws_ros2/install/px4_msgs/include/px4_msgs/px4_msgs/msg/detail/dataman_request__type_support.h\n'}
[5.582845] (px4_msgs) StdoutLine: {'line': b'-- Up-to-date: /home/pavel/ws_ros2/install/px4_msgs/include/px4_msgs/px4_msgs/msg/detail/geofence_result__type_support.h\n'}
[5.582940] (px4_msgs) StdoutLine: {'line': b'-- Up-to-date: /home/pavel/ws_ros2/install/px4_msgs/include/px4_msgs/px4_msgs/msg/detail/figure_eight_status__struct.h\n'}
[5.583033] (px4_msgs) StdoutLine: {'line': b'-- Up-to-date: /home/pavel/ws_ros2/install/px4_msgs/include/px4_msgs/px4_msgs/msg/detail/qshell_retval__type_support.h\n'}
[5.583129] (px4_msgs) StdoutLine: {'line': b'-- Up-to-date: /home/pavel/ws_ros2/install/px4_msgs/include/px4_msgs/px4_msgs/msg/detail/npfg_status__functions.h\n'}
[5.583222] (px4_msgs) StdoutLine: {'line': b'-- Up-to-date: /home/pavel/ws_ros2/install/px4_msgs/include/px4_msgs/px4_msgs/msg/detail/adc_report__struct.h\n'}
[5.583316] (px4_msgs) StdoutLine: {'line': b'-- Up-to-date: /home/pavel/ws_ros2/install/px4_msgs/include/px4_msgs/px4_msgs/msg/detail/sensor_optical_flow__functions.c\n'}
[5.583745] (px4_msgs) StdoutLine: {'line': b'-- Up-to-date: /home/pavel/ws_ros2/install/px4_msgs/include/px4_msgs/px4_msgs/msg/detail/vehicle_global_position__struct.h\n'}
[5.583878] (px4_msgs) StdoutLine: {'line': b'-- Up-to-date: /home/pavel/ws_ros2/install/px4_msgs/include/px4_msgs/px4_msgs/msg/detail/tecs_status__struct.h\n'}
[5.583973] (px4_msgs) StdoutLine: {'line': b'-- Up-to-date: /home/pavel/ws_ros2/install/px4_msgs/include/px4_msgs/px4_msgs/msg/detail/landing_target_pose__functions.h\n'}
[5.584066] (px4_msgs) StdoutLine: {'line': b'-- Up-to-date: /home/pavel/ws_ros2/install/px4_msgs/include/px4_msgs/px4_msgs/msg/detail/collision_report__type_support.h\n'}
[5.584159] (px4_msgs) StdoutLine: {'line': b'-- Up-to-date: /home/pavel/ws_ros2/install/px4_msgs/include/px4_msgs/px4_msgs/msg/detail/ulog_stream_ack__type_support.h\n'}
[5.584253] (px4_msgs) StdoutLine: {'line': b'-- Up-to-date: /home/pavel/ws_ros2/install/px4_msgs/include/px4_msgs/px4_msgs/msg/detail/radio_status__struct.h\n'}
[5.584346] (px4_msgs) StdoutLine: {'line': b'-- Up-to-date: /home/pavel/ws_ros2/install/px4_msgs/include/px4_msgs/px4_msgs/msg/detail/trajectory_waypoint__type_support.h\n'}
[5.584472] (px4_msgs) StdoutLine: {'line': b'-- Up-to-date: /home/pavel/ws_ros2/install/px4_msgs/include/px4_msgs/px4_msgs/msg/detail/vehicle_thrust_setpoint__functions.c\n'}
[5.584568] (px4_msgs) StdoutLine: {'line': b'-- Up-to-date: /home/pavel/ws_ros2/install/px4_msgs/include/px4_msgs/px4_msgs/msg/detail/estimator_status__type_support.h\n'}
[5.584661] (px4_msgs) StdoutLine: {'line': b'-- Up-to-date: /home/pavel/ws_ros2/install/px4_msgs/include/px4_msgs/px4_msgs/msg/detail/actuator_test__type_support.h\n'}
[5.584879] (px4_msgs) StdoutLine: {'line': b'-- Up-to-date: /home/pavel/ws_ros2/install/px4_msgs/include/px4_msgs/px4_msgs/msg/detail/pps_capture__struct.h\n'}
[5.584974] (px4_msgs) StdoutLine: {'line': b'-- Up-to-date: /home/pavel/ws_ros2/install/px4_msgs/include/px4_msgs/px4_msgs/msg/detail/vehicle_roi__struct.h\n'}
[5.585066] (px4_msgs) StdoutLine: {'line': b'-- Up-to-date: /home/pavel/ws_ros2/install/px4_msgs/include/px4_msgs/px4_msgs/msg/detail/led_control__struct.h\n'}
[5.585161] (px4_msgs) StdoutLine: {'line': b'-- Up-to-date: /home/pavel/ws_ros2/install/px4_msgs/include/px4_msgs/px4_msgs/msg/detail/position_setpoint__functions.h\n'}
[5.585254] (px4_msgs) StdoutLine: {'line': b'-- Up-to-date: /home/pavel/ws_ros2/install/px4_msgs/include/px4_msgs/px4_msgs/msg/detail/input_rc__functions.c\n'}
[5.585451] (px4_msgs) StdoutLine: {'line': b'-- Up-to-date: /home/pavel/ws_ros2/install/px4_msgs/include/px4_msgs/px4_msgs/msg/detail/debug_key_value__functions.c\n'}
[5.585547] (px4_msgs) StdoutLine: {'line': b'-- Up-to-date: /home/pavel/ws_ros2/install/px4_msgs/include/px4_msgs/px4_msgs/msg/detail/debug_key_value__type_support.h\n'}
[5.585641] (px4_msgs) StdoutLine: {'line': b'-- Up-to-date: /home/pavel/ws_ros2/install/px4_msgs/include/px4_msgs/px4_msgs/msg/detail/arming_check_reply__struct.h\n'}
[5.585734] (px4_msgs) StdoutLine: {'line': b'-- Up-to-date: /home/pavel/ws_ros2/install/px4_msgs/include/px4_msgs/px4_msgs/msg/detail/vehicle_thrust_setpoint__functions.h\n'}
[5.585827] (px4_msgs) StdoutLine: {'line': b'-- Up-to-date: /home/pavel/ws_ros2/install/px4_msgs/include/px4_msgs/px4_msgs/msg/detail/differential_pressure__functions.h\n'}
[5.585919] (px4_msgs) StdoutLine: {'line': b'-- Up-to-date: /home/pavel/ws_ros2/install/px4_msgs/include/px4_msgs/px4_msgs/msg/detail/sensor_baro__functions.c\n'}
[5.586012] (px4_msgs) StdoutLine: {'line': b'-- Up-to-date: /home/pavel/ws_ros2/install/px4_msgs/include/px4_msgs/px4_msgs/msg/detail/led_control__type_support.h\n'}
[5.586104] (px4_msgs) StdoutLine: {'line': b'-- Up-to-date: /home/pavel/ws_ros2/install/px4_msgs/include/px4_msgs/px4_msgs/msg/detail/pps_capture__type_support.h\n'}
[5.586198] (px4_msgs) StdoutLine: {'line': b'-- Up-to-date: /home/pavel/ws_ros2/install/px4_msgs/include/px4_msgs/px4_msgs/msg/detail/generator_status__functions.c\n'}
[5.586291] (px4_msgs) StdoutLine: {'line': b'-- Up-to-date: /home/pavel/ws_ros2/install/px4_msgs/include/px4_msgs/px4_msgs/msg/detail/velocity_limits__functions.c\n'}
[5.586390] (px4_msgs) StdoutLine: {'line': b'-- Up-to-date: /home/pavel/ws_ros2/install/px4_msgs/include/px4_msgs/px4_msgs/msg/detail/dataman_request__struct.h\n'}
[5.586597] (px4_msgs) StdoutLine: {'line': b'-- Up-to-date: /home/pavel/ws_ros2/install/px4_msgs/include/px4_msgs/px4_msgs/msg/detail/arming_check_reply__functions.h\n'}
[5.586691] (px4_msgs) StdoutLine: {'line': b'-- Up-to-date: /home/pavel/ws_ros2/install/px4_msgs/include/px4_msgs/px4_msgs/msg/detail/button_event__functions.h\n'}
[5.586784] (px4_msgs) StdoutLine: {'line': b'-- Up-to-date: /home/pavel/ws_ros2/install/px4_msgs/include/px4_msgs/px4_msgs/msg/detail/sensor_gyro__struct.h\n'}
[5.586879] (px4_msgs) StdoutLine: {'line': b'-- Up-to-date: /home/pavel/ws_ros2/install/px4_msgs/include/px4_msgs/px4_msgs/msg/detail/follow_target__type_support.h\n'}
[5.586972] (px4_msgs) StdoutLine: {'line': b'-- Up-to-date: /home/pavel/ws_ros2/install/px4_msgs/include/px4_msgs/px4_msgs/msg/detail/tecs_status__functions.h\n'}
[5.587065] (px4_msgs) StdoutLine: {'line': b'-- Up-to-date: /home/pavel/ws_ros2/install/px4_msgs/include/px4_msgs/px4_msgs/msg/detail/trajectory_bezier__type_support.h\n'}
[5.587157] (px4_msgs) StdoutLine: {'line': b'-- Up-to-date: /home/pavel/ws_ros2/install/px4_msgs/include/px4_msgs/px4_msgs/msg/detail/register_ext_component_reply__functions.c\n'}
[5.587250] (px4_msgs) StdoutLine: {'line': b'-- Up-to-date: /home/pavel/ws_ros2/install/px4_msgs/include/px4_msgs/px4_msgs/msg/detail/collision_constraints__type_support.h\n'}
[5.587768] (px4_msgs) StdoutLine: {'line': b'-- Up-to-date: /home/pavel/ws_ros2/install/px4_msgs/include/px4_msgs/px4_msgs/msg/detail/failure_detector_status__type_support.h\n'}
[5.587867] (px4_msgs) StdoutLine: {'line': b'-- Up-to-date: /home/pavel/ws_ros2/install/px4_msgs/include/px4_msgs/px4_msgs/msg/detail/magnetometer_bias_estimate__struct.h\n'}
[5.587960] (px4_msgs) StdoutLine: {'line': b'-- Up-to-date: /home/pavel/ws_ros2/install/px4_msgs/include/px4_msgs/px4_msgs/msg/detail/vehicle_attitude_setpoint__functions.h\n'}
[5.588053] (px4_msgs) StdoutLine: {'line': b'-- Up-to-date: /home/pavel/ws_ros2/install/px4_msgs/include/px4_msgs/px4_msgs/msg/detail/vehicle_optical_flow_vel__type_support.h\n'}
[5.588146] (px4_msgs) StdoutLine: {'line': b'-- Up-to-date: /home/pavel/ws_ros2/install/px4_msgs/include/px4_msgs/px4_msgs/msg/detail/manual_control_setpoint__type_support.h\n'}
[5.588298] (px4_msgs) StdoutLine: {'line': b'-- Up-to-date: /home/pavel/ws_ros2/install/px4_msgs/include/px4_msgs/px4_msgs/msg/detail/uavcan_parameter_value__type_support.h\n'}
[5.588391] (px4_msgs) StdoutLine: {'line': b'-- Up-to-date: /home/pavel/ws_ros2/install/px4_msgs/include/px4_msgs/px4_msgs/msg/detail/mag_worker_data__struct.h\n'}
[5.588492] (px4_msgs) StdoutLine: {'line': b'-- Up-to-date: /home/pavel/ws_ros2/install/px4_msgs/include/px4_msgs/px4_msgs/msg/detail/manual_control_switches__struct.h\n'}
[5.588635] (px4_msgs) StdoutLine: {'line': b'-- Up-to-date: /home/pavel/ws_ros2/install/px4_msgs/include/px4_msgs/px4_msgs/msg/detail/esc_report__functions.c\n'}
[5.588727] (px4_msgs) StdoutLine: {'line': b'-- Up-to-date: /home/pavel/ws_ros2/install/px4_msgs/include/px4_msgs/px4_msgs/msg/detail/estimator_gps_status__struct.h\n'}
[5.588820] (px4_msgs) StdoutLine: {'line': b'-- Up-to-date: /home/pavel/ws_ros2/install/px4_msgs/include/px4_msgs/px4_msgs/msg/detail/differential_drive_setpoint__functions.h\n'}
[5.588955] (px4_msgs) StdoutLine: {'line': b'-- Up-to-date: /home/pavel/ws_ros2/install/px4_msgs/include/px4_msgs/px4_msgs/msg/detail/health_report__type_support.h\n'}
[5.589048] (px4_msgs) StdoutLine: {'line': b'-- Up-to-date: /home/pavel/ws_ros2/install/px4_msgs/include/px4_msgs/px4_msgs/msg/detail/fuel_tank_status__struct.h\n'}
[5.589140] (px4_msgs) StdoutLine: {'line': b'-- Up-to-date: /home/pavel/ws_ros2/install/px4_msgs/include/px4_msgs/px4_msgs/msg/detail/airspeed__functions.c\n'}
[5.589234] (px4_msgs) StdoutLine: {'line': b'-- Up-to-date: /home/pavel/ws_ros2/install/px4_msgs/include/px4_msgs/px4_msgs/msg/detail/orb_test__struct.h\n'}
[5.589327] (px4_msgs) StdoutLine: {'line': b'-- Up-to-date: /home/pavel/ws_ros2/install/px4_msgs/include/px4_msgs/px4_msgs/msg/detail/mavlink_tunnel__type_support.h\n'}
[5.589450] (px4_msgs) StdoutLine: {'line': b'-- Up-to-date: /home/pavel/ws_ros2/install/px4_msgs/include/px4_msgs/px4_msgs/msg/detail/distance_sensor__functions.h\n'}
[5.589547] (px4_msgs) StdoutLine: {'line': b'-- Up-to-date: /home/pavel/ws_ros2/install/px4_msgs/include/px4_msgs/px4_msgs/msg/detail/qshell_retval__functions.c\n'}
[5.589640] (px4_msgs) StdoutLine: {'line': b'-- Up-to-date: /home/pavel/ws_ros2/install/px4_msgs/include/px4_msgs/px4_msgs/msg/detail/mount_orientation__functions.c\n'}
[5.589734] (px4_msgs) StdoutLine: {'line': b'-- Up-to-date: /home/pavel/ws_ros2/install/px4_msgs/include/px4_msgs/px4_msgs/msg/detail/actuator_outputs__functions.c\n'}
[5.589827] (px4_msgs) StdoutLine: {'line': b'-- Up-to-date: /home/pavel/ws_ros2/install/px4_msgs/include/px4_msgs/px4_msgs/msg/detail/camera_capture__type_support.h\n'}
[5.589920] (px4_msgs) StdoutLine: {'line': b'-- Up-to-date: /home/pavel/ws_ros2/install/px4_msgs/include/px4_msgs/px4_msgs/msg/detail/message_format_request__functions.h\n'}
[5.590013] (px4_msgs) StdoutLine: {'line': b'-- Up-to-date: /home/pavel/ws_ros2/install/px4_msgs/include/px4_msgs/px4_msgs/msg/detail/airspeed_validated__type_support.h\n'}
[5.590106] (px4_msgs) StdoutLine: {'line': b'-- Up-to-date: /home/pavel/ws_ros2/install/px4_msgs/include/px4_msgs/px4_msgs/msg/detail/gpio_config__struct.h\n'}
[5.590199] (px4_msgs) StdoutLine: {'line': b'-- Up-to-date: /home/pavel/ws_ros2/install/px4_msgs/include/px4_msgs/px4_msgs/msg/detail/sensors_status__type_support.h\n'}
[5.590292] (px4_msgs) StdoutLine: {'line': b'-- Up-to-date: /home/pavel/ws_ros2/install/px4_msgs/include/px4_msgs/px4_msgs/msg/detail/vehicle_roi__functions.c\n'}
[5.590388] (px4_msgs) StdoutLine: {'line': b'-- Up-to-date: /home/pavel/ws_ros2/install/px4_msgs/include/px4_msgs/px4_msgs/msg/detail/wheel_encoders__functions.h\n'}
[5.590685] (px4_msgs) StdoutLine: {'line': b'-- Up-to-date: /home/pavel/ws_ros2/install/px4_msgs/include/px4_msgs/px4_msgs/msg/detail/actuator_servos__struct.h\n'}
[5.590745] (px4_msgs) StdoutLine: {'line': b'-- Up-to-date: /home/pavel/ws_ros2/install/px4_msgs/include/px4_msgs/px4_msgs/msg/detail/magnetometer_bias_estimate__type_support.h\n'}
[5.590891] (px4_msgs) StdoutLine: {'line': b'-- Up-to-date: /home/pavel/ws_ros2/install/px4_msgs/include/px4_msgs/px4_msgs/msg/detail/sensor_airflow__functions.h\n'}
[5.590949] (px4_msgs) StdoutLine: {'line': b'-- Up-to-date: /home/pavel/ws_ros2/install/px4_msgs/include/px4_msgs/px4_msgs/msg/detail/cellular_status__type_support.h\n'}
[5.591006] (px4_msgs) StdoutLine: {'line': b'-- Up-to-date: /home/pavel/ws_ros2/install/px4_msgs/include/px4_msgs/px4_msgs/msg/detail/parameter_set_value_response__functions.h\n'}
[5.591063] (px4_msgs) StdoutLine: {'line': b'-- Up-to-date: /home/pavel/ws_ros2/install/px4_msgs/include/px4_msgs/px4_msgs/msg/detail/vehicle_attitude_setpoint__type_support.h\n'}
[5.591120] (px4_msgs) StdoutLine: {'line': b'-- Up-to-date: /home/pavel/ws_ros2/install/px4_msgs/include/px4_msgs/px4_msgs/msg/detail/pwm_input__functions.c\n'}
[5.591383] (px4_msgs) StdoutLine: {'line': b'-- Up-to-date: /home/pavel/ws_ros2/install/px4_msgs/include/px4_msgs/px4_msgs/msg/detail/rate_ctrl_status__functions.h\n'}
[5.591574] (px4_msgs) StdoutLine: {'line': b'-- Up-to-date: /home/pavel/ws_ros2/install/px4_msgs/include/px4_msgs/px4_msgs/msg/detail/gps_inject_data__functions.c\n'}
[5.591640] (px4_msgs) StdoutLine: {'line': b'-- Up-to-date: /home/pavel/ws_ros2/install/px4_msgs/include/px4_msgs/px4_msgs/msg/detail/sensors_status_imu__functions.h\n'}
[5.591700] (px4_msgs) StdoutLine: {'line': b'-- Up-to-date: /home/pavel/ws_ros2/install/px4_msgs/include/px4_msgs/px4_msgs/msg/detail/control_allocator_status__functions.c\n'}
[5.591758] (px4_msgs) StdoutLine: {'line': b'-- Up-to-date: /home/pavel/ws_ros2/install/px4_msgs/include/px4_msgs/px4_msgs/msg/detail/gimbal_manager_set_manual_control__type_support.h\n'}
[5.591816] (px4_msgs) StdoutLine: {'line': b'-- Up-to-date: /home/pavel/ws_ros2/install/px4_msgs/include/px4_msgs/px4_msgs/msg/detail/debug_array__type_support.h\n'}
[5.591893] (px4_msgs) StdoutLine: {'line': b'-- Up-to-date: /home/pavel/ws_ros2/install/px4_msgs/include/px4_msgs/px4_msgs/msg/detail/camera_capture__struct.h\n'}
[5.591953] (px4_msgs) StdoutLine: {'line': b'-- Up-to-date: /home/pavel/ws_ros2/install/px4_msgs/include/px4_msgs/px4_msgs/msg/detail/vehicle_attitude__functions.c\n'}
[5.592009] (px4_msgs) StdoutLine: {'line': b'-- Up-to-date: /home/pavel/ws_ros2/install/px4_msgs/include/px4_msgs/px4_msgs/msg/detail/parameter_update__struct.h\n'}
[5.592065] (px4_msgs) StdoutLine: {'line': b'-- Up-to-date: /home/pavel/ws_ros2/install/px4_msgs/include/px4_msgs/px4_msgs/msg/detail/mag_worker_data__type_support.h\n'}
[5.592121] (px4_msgs) StdoutLine: {'line': b'-- Up-to-date: /home/pavel/ws_ros2/install/px4_msgs/include/px4_msgs/px4_msgs/msg/detail/differential_pressure__struct.h\n'}
[5.592177] (px4_msgs) StdoutLine: {'line': b'-- Up-to-date: /home/pavel/ws_ros2/install/px4_msgs/include/px4_msgs/px4_msgs/msg/detail/generator_status__functions.h\n'}
[5.592232] (px4_msgs) StdoutLine: {'line': b'-- Up-to-date: /home/pavel/ws_ros2/install/px4_msgs/include/px4_msgs/px4_msgs/msg/detail/vehicle_local_position__functions.c\n'}
[5.592288] (px4_msgs) StdoutLine: {'line': b'-- Up-to-date: /home/pavel/ws_ros2/install/px4_msgs/include/px4_msgs/px4_msgs/msg/detail/sensor_correction__functions.h\n'}
[5.592345] (px4_msgs) StdoutLine: {'line': b'-- Up-to-date: /home/pavel/ws_ros2/install/px4_msgs/include/px4_msgs/px4_msgs/msg/detail/dataman_request__functions.h\n'}
[5.592474] (px4_msgs) StdoutLine: {'line': b'-- Up-to-date: /home/pavel/ws_ros2/install/px4_msgs/include/px4_msgs/px4_msgs/msg/detail/geofence_status__functions.c\n'}
[5.592535] (px4_msgs) StdoutLine: {'line': b'-- Up-to-date: /home/pavel/ws_ros2/install/px4_msgs/include/px4_msgs/px4_msgs/msg/detail/gimbal_manager_set_attitude__struct.h\n'}
[5.592591] (px4_msgs) StdoutLine: {'line': b'-- Up-to-date: /home/pavel/ws_ros2/install/px4_msgs/include/px4_msgs/px4_msgs/msg/detail/gimbal_controls__functions.c\n'}
[5.592647] (px4_msgs) StdoutLine: {'line': b'-- Up-to-date: /home/pavel/ws_ros2/install/px4_msgs/include/px4_msgs/px4_msgs/msg/detail/power_button_state__struct.h\n'}
[5.592702] (px4_msgs) StdoutLine: {'line': b'-- Up-to-date: /home/pavel/ws_ros2/install/px4_msgs/include/px4_msgs/px4_msgs/msg/detail/vehicle_angular_acceleration_setpoint__functions.h\n'}
[5.592867] (px4_msgs) StdoutLine: {'line': b'-- Up-to-date: /home/pavel/ws_ros2/install/px4_msgs/include/px4_msgs/px4_msgs/msg/detail/esc_report__type_support.h\n'}
[5.592924] (px4_msgs) StdoutLine: {'line': b'-- Up-to-date: /home/pavel/ws_ros2/install/px4_msgs/include/px4_msgs/px4_msgs/msg/detail/vehicle_attitude__type_support.h\n'}
[5.592980] (px4_msgs) StdoutLine: {'line': b'-- Up-to-date: /home/pavel/ws_ros2/install/px4_msgs/include/px4_msgs/px4_msgs/msg/detail/sensor_gps__type_support.h\n'}
[5.593036] (px4_msgs) StdoutLine: {'line': b'-- Up-to-date: /home/pavel/ws_ros2/install/px4_msgs/include/px4_msgs/px4_msgs/msg/detail/gimbal_manager_set_manual_control__functions.h\n'}
[5.593092] (px4_msgs) StdoutLine: {'line': b'-- Up-to-date: /home/pavel/ws_ros2/install/px4_msgs/include/px4_msgs/px4_msgs/msg/detail/fuel_tank_status__functions.c\n'}
[5.593148] (px4_msgs) StdoutLine: {'line': b'-- Up-to-date: /home/pavel/ws_ros2/install/px4_msgs/include/px4_msgs/px4_msgs/msg/detail/event__functions.c\n'}
[5.593203] (px4_msgs) StdoutLine: {'line': b'-- Up-to-date: /home/pavel/ws_ros2/install/px4_msgs/include/px4_msgs/px4_msgs/msg/detail/vehicle_attitude_setpoint__struct.h\n'}
[5.593259] (px4_msgs) StdoutLine: {'line': b'-- Up-to-date: /home/pavel/ws_ros2/install/px4_msgs/include/px4_msgs/px4_msgs/msg/detail/launch_detection_status__type_support.h\n'}
[5.593315] (px4_msgs) StdoutLine: {'line': b'-- Up-to-date: /home/pavel/ws_ros2/install/px4_msgs/include/px4_msgs/px4_msgs/msg/detail/dataman_response__functions.c\n'}
[5.593371] (px4_msgs) StdoutLine: {'line': b'-- Up-to-date: /home/pavel/ws_ros2/install/px4_msgs/include/px4_msgs/px4_msgs/msg/detail/heater_status__functions.h\n'}
[5.593480] (px4_msgs) StdoutLine: {'line': b'-- Up-to-date: /home/pavel/ws_ros2/install/px4_msgs/include/px4_msgs/px4_msgs/msg/detail/sensor_gyro_fifo__type_support.h\n'}
[5.593532] (px4_msgs) StdoutLine: {'line': b'-- Up-to-date: /home/pavel/ws_ros2/install/px4_msgs/include/px4_msgs/px4_msgs/msg/detail/health_report__functions.c\n'}
[5.593586] (px4_msgs) StdoutLine: {'line': b'-- Up-to-date: /home/pavel/ws_ros2/install/px4_msgs/include/px4_msgs/px4_msgs/msg/detail/differential_pressure__functions.c\n'}
[5.593642] (px4_msgs) StdoutLine: {'line': b'-- Up-to-date: /home/pavel/ws_ros2/install/px4_msgs/include/px4_msgs/px4_msgs/msg/detail/message_format_response__struct.h\n'}
[5.593777] (px4_msgs) StdoutLine: {'line': b'-- Up-to-date: /home/pavel/ws_ros2/install/px4_msgs/include/px4_msgs/px4_msgs/msg/detail/cpuload__functions.c\n'}
[5.593835] (px4_msgs) StdoutLine: {'line': b'-- Up-to-date: /home/pavel/ws_ros2/install/px4_msgs/include/px4_msgs/px4_msgs/msg/detail/parameter_set_used_request__functions.c\n'}
[5.593891] (px4_msgs) StdoutLine: {'line': b'-- Up-to-date: /home/pavel/ws_ros2/install/px4_msgs/include/px4_msgs/px4_msgs/msg/detail/mission_result__functions.h\n'}
[5.593968] (px4_msgs) StdoutLine: {'line': b'-- Up-to-date: /home/pavel/ws_ros2/install/px4_msgs/include/px4_msgs/px4_msgs/msg/detail/adc_report__functions.c\n'}
[5.594027] (px4_msgs) StdoutLine: {'line': b'-- Up-to-date: /home/pavel/ws_ros2/install/px4_msgs/include/px4_msgs/px4_msgs/msg/detail/failsafe_flags__struct.h\n'}
[5.594082] (px4_msgs) StdoutLine: {'line': b'-- Up-to-date: /home/pavel/ws_ros2/install/px4_msgs/include/px4_msgs/px4_msgs/msg/detail/camera_status__struct.h\n'}
[5.594138] (px4_msgs) StdoutLine: {'line': b'-- Up-to-date: /home/pavel/ws_ros2/install/px4_msgs/include/px4_msgs/px4_msgs/msg/detail/sensor_combined__struct.h\n'}
[5.594194] (px4_msgs) StdoutLine: {'line': b'-- Up-to-date: /home/pavel/ws_ros2/install/px4_msgs/include/px4_msgs/px4_msgs/msg/detail/battery_status__functions.c\n'}
[5.594249] (px4_msgs) StdoutLine: {'line': b'-- Up-to-date: /home/pavel/ws_ros2/install/px4_msgs/include/px4_msgs/px4_msgs/msg/detail/gimbal_device_attitude_status__functions.c\n'}
[5.594304] (px4_msgs) StdoutLine: {'line': b'-- Up-to-date: /home/pavel/ws_ros2/install/px4_msgs/include/px4_msgs/px4_msgs/msg/detail/vehicle_global_position__functions.c\n'}
[5.594494] (px4_msgs) StdoutLine: {'line': b'-- Up-to-date: /home/pavel/ws_ros2/install/px4_msgs/include/px4_msgs/px4_msgs/msg/detail/vehicle_acceleration__type_support.h\n'}
[5.594553] (px4_msgs) StdoutLine: {'line': b'-- Up-to-date: /home/pavel/ws_ros2/install/px4_msgs/include/px4_msgs/px4_msgs/msg/detail/follow_target_estimator__type_support.h\n'}
[5.594609] (px4_msgs) StdoutLine: {'line': b'-- Up-to-date: /home/pavel/ws_ros2/install/px4_msgs/include/px4_msgs/px4_msgs/msg/detail/trajectory_setpoint__struct.h\n'}
[5.594665] (px4_msgs) StdoutLine: {'line': b'-- Up-to-date: /home/pavel/ws_ros2/install/px4_msgs/include/px4_msgs/px4_msgs/msg/detail/parameter_set_value_request__functions.c\n'}
[5.594755] (px4_msgs) StdoutLine: {'line': b'-- Up-to-date: /home/pavel/ws_ros2/install/px4_msgs/include/px4_msgs/px4_msgs/msg/detail/esc_status__struct.h\n'}
[5.594812] (px4_msgs) StdoutLine: {'line': b'-- Up-to-date: /home/pavel/ws_ros2/install/px4_msgs/include/px4_msgs/px4_msgs/msg/detail/sensor_accel_fifo__struct.h\n'}
[5.594868] (px4_msgs) StdoutLine: {'line': b'-- Up-to-date: /home/pavel/ws_ros2/install/px4_msgs/include/px4_msgs/px4_msgs/msg/detail/button_event__type_support.h\n'}
[5.594924] (px4_msgs) StdoutLine: {'line': b'-- Up-to-date: /home/pavel/ws_ros2/install/px4_msgs/include/px4_msgs/px4_msgs/msg/detail/mavlink_log__type_support.h\n'}
[5.594979] (px4_msgs) StdoutLine: {'line': b'-- Up-to-date: /home/pavel/ws_ros2/install/px4_msgs/include/px4_msgs/px4_msgs/msg/detail/camera_trigger__struct.h\n'}
[5.595035] (px4_msgs) StdoutLine: {'line': b'-- Up-to-date: /home/pavel/ws_ros2/install/px4_msgs/include/px4_msgs/px4_msgs/msg/detail/airspeed_wind__functions.c\n'}
[5.595090] (px4_msgs) StdoutLine: {'line': b'-- Up-to-date: /home/pavel/ws_ros2/install/px4_msgs/include/px4_msgs/px4_msgs/msg/detail/rate_ctrl_status__struct.h\n'}
[5.595145] (px4_msgs) StdoutLine: {'line': b'-- Up-to-date: /home/pavel/ws_ros2/install/px4_msgs/include/px4_msgs/px4_msgs/msg/detail/vehicle_optical_flow_vel__functions.h\n'}
[5.595201] (px4_msgs) StdoutLine: {'line': b'-- Up-to-date: /home/pavel/ws_ros2/install/px4_msgs/include/px4_msgs/px4_msgs/msg/detail/vehicle_control_mode__functions.h\n'}
[5.595256] (px4_msgs) StdoutLine: {'line': b'-- Up-to-date: /home/pavel/ws_ros2/install/px4_msgs/include/px4_msgs/px4_msgs/msg/detail/power_monitor__struct.h\n'}
[5.595313] (px4_msgs) StdoutLine: {'line': b'-- Up-to-date: /home/pavel/ws_ros2/install/px4_msgs/include/px4_msgs/px4_msgs/msg/detail/landing_target_innovations__functions.h\n'}
[5.595369] (px4_msgs) StdoutLine: {'line': b'-- Up-to-date: /home/pavel/ws_ros2/install/px4_msgs/include/px4_msgs/px4_msgs/msg/detail/fuel_tank_status__type_support.h\n'}
[5.595436] (px4_msgs) StdoutLine: {'line': b'-- Up-to-date: /home/pavel/ws_ros2/install/px4_msgs/include/px4_msgs/px4_msgs/msg/detail/mode_completed__type_support.h\n'}
[5.595494] (px4_msgs) StdoutLine: {'line': b'-- Up-to-date: /home/pavel/ws_ros2/install/px4_msgs/include/px4_msgs/px4_msgs/msg/detail/estimator_bias3d__functions.c\n'}
[5.595550] (px4_msgs) StdoutLine: {'line': b'-- Up-to-date: /home/pavel/ws_ros2/install/px4_msgs/include/px4_msgs/px4_msgs/msg/detail/landing_target_pose__type_support.h\n'}
[5.595606] (px4_msgs) StdoutLine: {'line': b'-- Up-to-date: /home/pavel/ws_ros2/install/px4_msgs/include/px4_msgs/px4_msgs/msg/detail/obstacle_distance__functions.c\n'}
[5.595721] (px4_msgs) StdoutLine: {'line': b'-- Up-to-date: /home/pavel/ws_ros2/install/px4_msgs/include/px4_msgs/px4_msgs/msg/detail/buffer128__functions.c\n'}
[5.595778] (px4_msgs) StdoutLine: {'line': b'-- Up-to-date: /home/pavel/ws_ros2/install/px4_msgs/include/px4_msgs/px4_msgs/msg/detail/sensors_status_imu__struct.h\n'}
[5.595834] (px4_msgs) StdoutLine: {'line': b'-- Up-to-date: /home/pavel/ws_ros2/install/px4_msgs/include/px4_msgs/px4_msgs/msg/detail/estimator_bias__functions.h\n'}
[5.595891] (px4_msgs) StdoutLine: {'line': b'-- Up-to-date: /home/pavel/ws_ros2/install/px4_msgs/include/px4_msgs/px4_msgs/msg/detail/estimator_innovations__type_support.h\n'}
[5.596239] (px4_msgs) StdoutLine: {'line': b'-- Up-to-date: /home/pavel/ws_ros2/install/px4_msgs/include/px4_msgs/px4_msgs/msg/detail/sensor_airflow__type_support.h\n'}
[5.596347] (px4_msgs) StdoutLine: {'line': b'-- Up-to-date: /home/pavel/ws_ros2/install/px4_msgs/include/px4_msgs/px4_msgs/msg/detail/follow_target_status__type_support.h\n'}
[5.596455] (px4_msgs) StdoutLine: {'line': b'-- Up-to-date: /home/pavel/ws_ros2/install/px4_msgs/include/px4_msgs/px4_msgs/msg/detail/buffer128__struct.h\n'}
[5.596511] (px4_msgs) StdoutLine: {'line': b'-- Up-to-date: /home/pavel/ws_ros2/install/px4_msgs/include/px4_msgs/px4_msgs/msg/detail/vehicle_magnetometer__functions.c\n'}
[5.596562] (px4_msgs) StdoutLine: {'line': b'-- Up-to-date: /home/pavel/ws_ros2/install/px4_msgs/include/px4_msgs/px4_msgs/msg/detail/register_ext_component_request__type_support.h\n'}
[5.596612] (px4_msgs) StdoutLine: {'line': b'-- Up-to-date: /home/pavel/ws_ros2/install/px4_msgs/include/px4_msgs/px4_msgs/msg/detail/tecs_status__type_support.h\n'}
[5.596663] (px4_msgs) StdoutLine: {'line': b'-- Up-to-date: /home/pavel/ws_ros2/install/px4_msgs/include/px4_msgs/px4_msgs/msg/detail/gimbal_manager_information__type_support.h\n'}
[5.596713] (px4_msgs) StdoutLine: {'line': b'-- Up-to-date: /home/pavel/ws_ros2/install/px4_msgs/include/px4_msgs/px4_msgs/msg/detail/arming_check_reply__functions.c\n'}
[5.596764] (px4_msgs) StdoutLine: {'line': b'-- Up-to-date: /home/pavel/ws_ros2/install/px4_msgs/include/px4_msgs/px4_msgs/msg/detail/vehicle_angular_velocity__functions.c\n'}
[5.596814] (px4_msgs) StdoutLine: {'line': b'-- Up-to-date: /home/pavel/ws_ros2/install/px4_msgs/include/px4_msgs/px4_msgs/msg/detail/position_controller_status__functions.h\n'}
[5.596864] (px4_msgs) StdoutLine: {'line': b'-- Up-to-date: /home/pavel/ws_ros2/install/px4_msgs/include/px4_msgs/px4_msgs/msg/detail/iridiumsbd_status__functions.c\n'}
[5.596915] (px4_msgs) StdoutLine: {'line': b'-- Up-to-date: /home/pavel/ws_ros2/install/px4_msgs/include/px4_msgs/px4_msgs/msg/detail/launch_detection_status__functions.h\n'}
[5.596988] (px4_msgs) StdoutLine: {'line': b'-- Up-to-date: /home/pavel/ws_ros2/install/px4_msgs/include/px4_msgs/px4_msgs/msg/detail/estimator_bias__struct.h\n'}
[5.597040] (px4_msgs) StdoutLine: {'line': b'-- Up-to-date: /home/pavel/ws_ros2/install/px4_msgs/include/px4_msgs/px4_msgs/msg/detail/failure_detector_status__struct.h\n'}
[5.597090] (px4_msgs) StdoutLine: {'line': b'-- Up-to-date: /home/pavel/ws_ros2/install/px4_msgs/include/px4_msgs/px4_msgs/msg/detail/log_message__functions.c\n'}
[5.597141] (px4_msgs) StdoutLine: {'line': b'-- Up-to-date: /home/pavel/ws_ros2/install/px4_msgs/include/px4_msgs/px4_msgs/msg/detail/rc_parameter_map__functions.c\n'}
[5.597191] (px4_msgs) StdoutLine: {'line': b'-- Up-to-date: /home/pavel/ws_ros2/install/px4_msgs/include/px4_msgs/px4_msgs/msg/detail/gps_dump__functions.c\n'}
[5.597241] (px4_msgs) StdoutLine: {'line': b'-- Up-to-date: /home/pavel/ws_ros2/install/px4_msgs/include/px4_msgs/px4_msgs/msg/detail/vehicle_acceleration__struct.h\n'}
[5.597291] (px4_msgs) StdoutLine: {'line': b'-- Up-to-date: /home/pavel/ws_ros2/install/px4_msgs/include/px4_msgs/px4_msgs/msg/detail/vehicle_local_position_setpoint__struct.h\n'}
[5.597341] (px4_msgs) StdoutLine: {'line': b'-- Up-to-date: /home/pavel/ws_ros2/install/px4_msgs/include/px4_msgs/px4_msgs/msg/detail/debug_vect__type_support.h\n'}
[5.597398] (px4_msgs) StdoutLine: {'line': b'-- Up-to-date: /home/pavel/ws_ros2/install/px4_msgs/include/px4_msgs/px4_msgs/msg/detail/landing_gear__struct.h\n'}
[5.597452] (px4_msgs) StdoutLine: {'line': b'-- Up-to-date: /home/pavel/ws_ros2/install/px4_msgs/include/px4_msgs/px4_msgs/msg/detail/button_event__struct.h\n'}
[5.597502] (px4_msgs) StdoutLine: {'line': b'-- Up-to-date: /home/pavel/ws_ros2/install/px4_msgs/include/px4_msgs/px4_msgs/msg/detail/gimbal_device_information__functions.h\n'}
[5.597552] (px4_msgs) StdoutLine: {'line': b'-- Up-to-date: /home/pavel/ws_ros2/install/px4_msgs/include/px4_msgs/px4_msgs/msg/detail/estimator_status__functions.c\n'}
[5.597639] (px4_msgs) StdoutLine: {'line': b'-- Up-to-date: /home/pavel/ws_ros2/install/px4_msgs/include/px4_msgs/px4_msgs/msg/detail/vehicle_angular_acceleration_setpoint__functions.c\n'}
[5.597695] (px4_msgs) StdoutLine: {'line': b'-- Up-to-date: /home/pavel/ws_ros2/install/px4_msgs/include/px4_msgs/px4_msgs/msg/detail/orb_test_medium__type_support.h\n'}
[5.597751] (px4_msgs) StdoutLine: {'line': b'-- Up-to-date: /home/pavel/ws_ros2/install/px4_msgs/include/px4_msgs/px4_msgs/msg/detail/tune_control__functions.c\n'}
[5.597806] (px4_msgs) StdoutLine: {'line': b'-- Up-to-date: /home/pavel/ws_ros2/install/px4_msgs/include/px4_msgs/px4_msgs/msg/detail/debug_vect__struct.h\n'}
[5.597863] (px4_msgs) StdoutLine: {'line': b'-- Up-to-date: /home/pavel/ws_ros2/install/px4_msgs/include/px4_msgs/px4_msgs/msg/detail/obstacle_distance__functions.h\n'}
[5.597918] (px4_msgs) StdoutLine: {'line': b'-- Up-to-date: /home/pavel/ws_ros2/install/px4_msgs/include/px4_msgs/px4_msgs/msg/detail/hover_thrust_estimate__functions.h\n'}
[5.597974] (px4_msgs) StdoutLine: {'line': b'-- Up-to-date: /home/pavel/ws_ros2/install/px4_msgs/include/px4_msgs/px4_msgs/msg/detail/mount_orientation__functions.h\n'}
[5.598029] (px4_msgs) StdoutLine: {'line': b'-- Up-to-date: /home/pavel/ws_ros2/install/px4_msgs/include/px4_msgs/px4_msgs/msg/detail/sensor_combined__type_support.h\n'}
[5.598085] (px4_msgs) StdoutLine: {'line': b'-- Up-to-date: /home/pavel/ws_ros2/install/px4_msgs/include/px4_msgs/px4_msgs/msg/detail/parameter_set_value_response__type_support.h\n'}
[5.598193] (px4_msgs) StdoutLine: {'line': b'-- Up-to-date: /home/pavel/ws_ros2/install/px4_msgs/include/px4_msgs/px4_msgs/msg/detail/logger_status__functions.c\n'}
[5.598294] (px4_msgs) StdoutLine: {'line': b'-- Up-to-date: /home/pavel/ws_ros2/install/px4_msgs/include/px4_msgs/px4_msgs/msg/detail/can_interface_status__functions.c\n'}
[5.598352] (px4_msgs) StdoutLine: {'line': b'-- Up-to-date: /home/pavel/ws_ros2/install/px4_msgs/include/px4_msgs/px4_msgs/msg/detail/airspeed__type_support.h\n'}
[5.598419] (px4_msgs) StdoutLine: {'line': b'-- Up-to-date: /home/pavel/ws_ros2/install/px4_msgs/include/px4_msgs/px4_msgs/msg/detail/orbit_status__functions.c\n'}
[5.598477] (px4_msgs) StdoutLine: {'line': b'-- Up-to-date: /home/pavel/ws_ros2/install/px4_msgs/include/px4_msgs/px4_msgs/msg/detail/sensor_correction__functions.c\n'}
[5.598533] (px4_msgs) StdoutLine: {'line': b'-- Up-to-date: /home/pavel/ws_ros2/install/px4_msgs/include/px4_msgs/px4_msgs/msg/detail/gripper__type_support.h\n'}
[5.598589] (px4_msgs) StdoutLine: {'line': b'-- Up-to-date: /home/pavel/ws_ros2/install/px4_msgs/include/px4_msgs/px4_msgs/msg/detail/rate_ctrl_status__type_support.h\n'}
[5.598645] (px4_msgs) StdoutLine: {'line': b'-- Up-to-date: /home/pavel/ws_ros2/install/px4_msgs/include/px4_msgs/px4_msgs/msg/detail/ping__functions.h\n'}
[5.598700] (px4_msgs) StdoutLine: {'line': b'-- Up-to-date: /home/pavel/ws_ros2/install/px4_msgs/include/px4_msgs/px4_msgs/msg/detail/vehicle_command__functions.c\n'}
[5.598756] (px4_msgs) StdoutLine: {'line': b'-- Up-to-date: /home/pavel/ws_ros2/install/px4_msgs/include/px4_msgs/px4_msgs/msg/detail/gpio_config__functions.c\n'}
[5.598812] (px4_msgs) StdoutLine: {'line': b'-- Up-to-date: /home/pavel/ws_ros2/install/px4_msgs/include/px4_msgs/px4_msgs/msg/detail/actuator_servos_trim__functions.c\n'}
[5.598868] (px4_msgs) StdoutLine: {'line': b'-- Up-to-date: /home/pavel/ws_ros2/install/px4_msgs/include/px4_msgs/px4_msgs/msg/detail/esc_status__functions.h\n'}
[5.598924] (px4_msgs) StdoutLine: {'line': b'-- Up-to-date: /home/pavel/ws_ros2/install/px4_msgs/include/px4_msgs/px4_msgs/msg/detail/parameter_set_value_response__struct.h\n'}
[5.598979] (px4_msgs) StdoutLine: {'line': b'-- Up-to-date: /home/pavel/ws_ros2/install/px4_msgs/include/px4_msgs/px4_msgs/msg/detail/actuator_controls_status__functions.c\n'}
[5.599035] (px4_msgs) StdoutLine: {'line': b'-- Up-to-date: /home/pavel/ws_ros2/install/px4_msgs/include/px4_msgs/px4_msgs/msg/detail/debug_value__type_support.h\n'}
[5.599115] (px4_msgs) StdoutLine: {'line': b'-- Up-to-date: /home/pavel/ws_ros2/install/px4_msgs/include/px4_msgs/px4_msgs/msg/detail/timesync_status__functions.c\n'}
[5.599171] (px4_msgs) StdoutLine: {'line': b'-- Up-to-date: /home/pavel/ws_ros2/install/px4_msgs/include/px4_msgs/px4_msgs/msg/detail/cpuload__struct.h\n'}
[5.599227] (px4_msgs) StdoutLine: {'line': b'-- Up-to-date: /home/pavel/ws_ros2/install/px4_msgs/include/px4_msgs/px4_msgs/msg/detail/estimator_states__struct.h\n'}
[5.599282] (px4_msgs) StdoutLine: {'line': b'-- Up-to-date: /home/pavel/ws_ros2/install/px4_msgs/include/px4_msgs/px4_msgs/msg/detail/register_ext_component_reply__struct.h\n'}
[5.599338] (px4_msgs) StdoutLine: {'line': b'-- Up-to-date: /home/pavel/ws_ros2/install/px4_msgs/include/px4_msgs/px4_msgs/msg/detail/vehicle_imu_status__type_support.h\n'}
[5.599532] (px4_msgs) StdoutLine: {'line': b'-- Up-to-date: /home/pavel/ws_ros2/install/px4_msgs/include/px4_msgs/px4_msgs/msg/detail/estimator_aid_source1d__functions.c\n'}
[5.599596] (px4_msgs) StdoutLine: {'line': b'-- Up-to-date: /home/pavel/ws_ros2/install/px4_msgs/include/px4_msgs/px4_msgs/msg/detail/gimbal_manager_status__functions.h\n'}
[5.599653] (px4_msgs) StdoutLine: {'line': b'-- Up-to-date: /home/pavel/ws_ros2/install/px4_msgs/include/px4_msgs/px4_msgs/msg/detail/vehicle_imu__type_support.h\n'}
[5.599708] (px4_msgs) StdoutLine: {'line': b'-- Up-to-date: /home/pavel/ws_ros2/install/px4_msgs/include/px4_msgs/px4_msgs/msg/detail/ekf2_timestamps__struct.h\n'}
[5.599763] (px4_msgs) StdoutLine: {'line': b'-- Up-to-date: /home/pavel/ws_ros2/install/px4_msgs/include/px4_msgs/px4_msgs/msg/detail/failure_detector_status__functions.h\n'}
[5.599819] (px4_msgs) StdoutLine: {'line': b'-- Up-to-date: /home/pavel/ws_ros2/install/px4_msgs/include/px4_msgs/px4_msgs/msg/detail/autotune_attitude_control_status__functions.h\n'}
[5.599875] (px4_msgs) StdoutLine: {'line': b'-- Up-to-date: /home/pavel/ws_ros2/install/px4_msgs/include/px4_msgs/px4_msgs/msg/detail/airspeed__struct.h\n'}
[5.599933] (px4_msgs) StdoutLine: {'line': b'-- Up-to-date: /home/pavel/ws_ros2/install/px4_msgs/include/px4_msgs/px4_msgs/msg/detail/gpio_request__functions.c\n'}
[5.599989] (px4_msgs) StdoutLine: {'line': b'-- Up-to-date: /home/pavel/ws_ros2/install/px4_msgs/include/px4_msgs/px4_msgs/msg/detail/gimbal_device_attitude_status__functions.h\n'}
[5.600045] (px4_msgs) StdoutLine: {'line': b'-- Up-to-date: /home/pavel/ws_ros2/install/px4_msgs/include/px4_msgs/px4_msgs/msg/detail/telemetry_status__functions.h\n'}
[5.600101] (px4_msgs) StdoutLine: {'line': b'-- Up-to-date: /home/pavel/ws_ros2/install/px4_msgs/include/px4_msgs/px4_msgs/msg/detail/control_allocator_status__struct.h\n'}
[5.600245] (px4_msgs) StdoutLine: {'line': b'-- Up-to-date: /home/pavel/ws_ros2/install/px4_msgs/include/px4_msgs/px4_msgs/msg/detail/hover_thrust_estimate__type_support.h\n'}
[5.600303] (px4_msgs) StdoutLine: {'line': b'-- Up-to-date: /home/pavel/ws_ros2/install/px4_msgs/include/px4_msgs/px4_msgs/msg/detail/vtol_vehicle_status__functions.c\n'}
[5.600359] (px4_msgs) StdoutLine: {'line': b'-- Up-to-date: /home/pavel/ws_ros2/install/px4_msgs/include/px4_msgs/px4_msgs/msg/detail/sensor_hygrometer__struct.h\n'}
[5.600424] (px4_msgs) StdoutLine: {'line': b'-- Up-to-date: /home/pavel/ws_ros2/install/px4_msgs/include/px4_msgs/px4_msgs/msg/detail/differential_pressure__type_support.h\n'}
[5.600682] (px4_msgs) StdoutLine: {'line': b'-- Up-to-date: /home/pavel/ws_ros2/install/px4_msgs/include/px4_msgs/px4_msgs/msg/detail/ulog_stream__struct.h\n'}
[5.600740] (px4_msgs) StdoutLine: {'line': b'-- Up-to-date: /home/pavel/ws_ros2/install/px4_msgs/include/px4_msgs/px4_msgs/msg/detail/obstacle_distance__struct.h\n'}
[5.600796] (px4_msgs) StdoutLine: {'line': b'-- Up-to-date: /home/pavel/ws_ros2/install/px4_msgs/include/px4_msgs/px4_msgs/msg/detail/vehicle_command_ack__functions.c\n'}
[5.600853] (px4_msgs) StdoutLine: {'line': b'-- Up-to-date: /home/pavel/ws_ros2/install/px4_msgs/include/px4_msgs/px4_msgs/msg/detail/battery_status__struct.h\n'}
[5.600942] (px4_msgs) StdoutLine: {'line': b'-- Up-to-date: /home/pavel/ws_ros2/install/px4_msgs/include/px4_msgs/px4_msgs/msg/detail/ulog_stream_ack__functions.h\n'}
[5.600999] (px4_msgs) StdoutLine: {'line': b'-- Up-to-date: /home/pavel/ws_ros2/install/px4_msgs/include/px4_msgs/px4_msgs/msg/detail/vehicle_command__functions.h\n'}
[5.601055] (px4_msgs) StdoutLine: {'line': b'-- Up-to-date: /home/pavel/ws_ros2/install/px4_msgs/include/px4_msgs/px4_msgs/msg/detail/irlock_report__functions.h\n'}
[5.601110] (px4_msgs) StdoutLine: {'line': b'-- Up-to-date: /home/pavel/ws_ros2/install/px4_msgs/include/px4_msgs/px4_msgs/msg/detail/gimbal_manager_set_attitude__functions.h\n'}
[5.601168] (px4_msgs) StdoutLine: {'line': b'-- Up-to-date: /home/pavel/ws_ros2/install/px4_msgs/include/px4_msgs/px4_msgs/msg/detail/vehicle_local_position_setpoint__functions.h\n'}
[5.601223] (px4_msgs) StdoutLine: {'line': b'-- Up-to-date: /home/pavel/ws_ros2/install/px4_msgs/include/px4_msgs/px4_msgs/msg/detail/register_ext_component_reply__functions.h\n'}
[5.601279] (px4_msgs) StdoutLine: {'line': b'-- Up-to-date: /home/pavel/ws_ros2/install/px4_msgs/include/px4_msgs/px4_msgs/msg/detail/esc_report__functions.h\n'}
[5.601335] (px4_msgs) StdoutLine: {'line': b'-- Up-to-date: /home/pavel/ws_ros2/install/px4_msgs/include/px4_msgs/px4_msgs/msg/detail/estimator_aid_source3d__type_support.h\n'}
[5.601447] (px4_msgs) StdoutLine: {'line': b'-- Up-to-date: /home/pavel/ws_ros2/install/px4_msgs/include/px4_msgs/px4_msgs/msg/detail/vehicle_land_detected__type_support.h\n'}
[5.601509] (px4_msgs) StdoutLine: {'line': b'-- Up-to-date: /home/pavel/ws_ros2/install/px4_msgs/include/px4_msgs/px4_msgs/msg/detail/landing_gear_wheel__type_support.h\n'}
[5.601565] (px4_msgs) StdoutLine: {'line': b'-- Up-to-date: /home/pavel/ws_ros2/install/px4_msgs/include/px4_msgs/px4_msgs/msg/detail/telemetry_status__functions.c\n'}
[5.601621] (px4_msgs) StdoutLine: {'line': b'-- Up-to-date: /home/pavel/ws_ros2/install/px4_msgs/include/px4_msgs/px4_msgs/msg/control_allocator_status.h\n'}
[5.601676] (px4_msgs) StdoutLine: {'line': b'-- Up-to-date: /home/pavel/ws_ros2/install/px4_msgs/include/px4_msgs/px4_msgs/msg/cellular_status.h\n'}
[5.601732] (px4_msgs) StdoutLine: {'line': b'-- Up-to-date: /home/pavel/ws_ros2/install/px4_msgs/include/px4_msgs/px4_msgs/msg/iridiumsbd_status.h\n'}
[5.601788] (px4_msgs) StdoutLine: {'line': b'-- Up-to-date: /home/pavel/ws_ros2/install/px4_msgs/include/px4_msgs/px4_msgs/msg/estimator_bias.h\n'}
[5.601843] (px4_msgs) StdoutLine: {'line': b'-- Up-to-date: /home/pavel/ws_ros2/install/px4_msgs/include/px4_msgs/px4_msgs/msg/sensor_mag.h\n'}
[5.601899] (px4_msgs) StdoutLine: {'line': b'-- Up-to-date: /home/pavel/ws_ros2/install/px4_msgs/include/px4_msgs/px4_msgs/msg/orb_test.h\n'}
[5.601955] (px4_msgs) StdoutLine: {'line': b'-- Up-to-date: /home/pavel/ws_ros2/install/px4_msgs/include/px4_msgs/px4_msgs/msg/sensor_selection.h\n'}
[5.602010] (px4_msgs) StdoutLine: {'line': b'-- Up-to-date: /home/pavel/ws_ros2/install/px4_msgs/include/px4_msgs/px4_msgs/msg/sensor_uwb.h\n'}
[5.602065] (px4_msgs) StdoutLine: {'line': b'-- Up-to-date: /home/pavel/ws_ros2/install/px4_msgs/include/px4_msgs/px4_msgs/msg/position_controller_landing_status.h\n'}
[5.602225] (px4_msgs) StdoutLine: {'line': b'-- Up-to-date: /home/pavel/ws_ros2/install/px4_msgs/include/px4_msgs/px4_msgs/msg/sensor_preflight_mag.h\n'}
[5.602282] (px4_msgs) StdoutLine: {'line': b'-- Up-to-date: /home/pavel/ws_ros2/install/px4_msgs/include/px4_msgs/px4_msgs/msg/gimbal_controls.h\n'}
[5.602337] (px4_msgs) StdoutLine: {'line': b'-- Up-to-date: /home/pavel/ws_ros2/install/px4_msgs/include/px4_msgs/px4_msgs/msg/gimbal_device_information.h\n'}
[5.602399] (px4_msgs) StdoutLine: {'line': b'-- Up-to-date: /home/pavel/ws_ros2/install/px4_msgs/include/px4_msgs/px4_msgs/msg/navigator_mission_item.h\n'}
[5.602460] (px4_msgs) StdoutLine: {'line': b'-- Up-to-date: /home/pavel/ws_ros2/install/px4_msgs/include/px4_msgs/px4_msgs/msg/timesync_status.h\n'}
[5.602516] (px4_msgs) StdoutLine: {'line': b'-- Up-to-date: /home/pavel/ws_ros2/install/px4_msgs/include/px4_msgs/px4_msgs/msg/wheel_encoders.h\n'}
[5.602875] (px4_msgs) StdoutLine: {'line': b'-- Up-to-date: /home/pavel/ws_ros2/install/px4_msgs/include/px4_msgs/px4_msgs/msg/geofence_status.h\n'}
[5.602933] (px4_msgs) StdoutLine: {'line': b'-- Up-to-date: /home/pavel/ws_ros2/install/px4_msgs/include/px4_msgs/px4_msgs/msg/geofence_result.h\n'}
[5.602989] (px4_msgs) StdoutLine: {'line': b'-- Up-to-date: /home/pavel/ws_ros2/install/px4_msgs/include/px4_msgs/px4_msgs/msg/parameter_set_value_request.h\n'}
[5.603044] (px4_msgs) StdoutLine: {'line': b'-- Up-to-date: /home/pavel/ws_ros2/install/px4_msgs/include/px4_msgs/px4_msgs/msg/autotune_attitude_control_status.h\n'}
[5.603100] (px4_msgs) StdoutLine: {'line': b'-- Up-to-date: /home/pavel/ws_ros2/install/px4_msgs/include/px4_msgs/px4_msgs/msg/uavcan_parameter_value.h\n'}
[5.603156] (px4_msgs) StdoutLine: {'line': b'-- Up-to-date: /home/pavel/ws_ros2/install/px4_msgs/include/px4_msgs/px4_msgs/msg/logger_status.h\n'}
[5.603211] (px4_msgs) StdoutLine: {'line': b'-- Up-to-date: /home/pavel/ws_ros2/install/px4_msgs/include/px4_msgs/px4_msgs/msg/orbit_status.h\n'}
[5.603404] (px4_msgs) StdoutLine: {'line': b'-- Up-to-date: /home/pavel/ws_ros2/install/px4_msgs/include/px4_msgs/px4_msgs/msg/sensor_baro.h\n'}
[5.603466] (px4_msgs) StdoutLine: {'line': b'-- Up-to-date: /home/pavel/ws_ros2/install/px4_msgs/include/px4_msgs/px4_msgs/msg/health_report.h\n'}
[5.603521] (px4_msgs) StdoutLine: {'line': b'-- Up-to-date: /home/pavel/ws_ros2/install/px4_msgs/include/px4_msgs/px4_msgs/msg/offboard_control_mode.h\n'}
[5.603612] (px4_msgs) StdoutLine: {'line': b'-- Up-to-date: /home/pavel/ws_ros2/install/px4_msgs/include/px4_msgs/px4_msgs/msg/gpio_request.h\n'}
[5.603668] (px4_msgs) StdoutLine: {'line': b'-- Up-to-date: /home/pavel/ws_ros2/install/px4_msgs/include/px4_msgs/px4_msgs/msg/vehicle_local_position.h\n'}
[5.603723] (px4_msgs) StdoutLine: {'line': b'-- Up-to-date: /home/pavel/ws_ros2/install/px4_msgs/include/px4_msgs/px4_msgs/msg/gimbal_manager_set_attitude.h\n'}
[5.603778] (px4_msgs) StdoutLine: {'line': b'-- Up-to-date: /home/pavel/ws_ros2/install/px4_msgs/include/px4_msgs/px4_msgs/msg/home_position.h\n'}
[5.603833] (px4_msgs) StdoutLine: {'line': b'-- Up-to-date: /home/pavel/ws_ros2/install/px4_msgs/include/px4_msgs/px4_msgs/msg/camera_capture.h\n'}
[5.603889] (px4_msgs) StdoutLine: {'line': b'-- Up-to-date: /home/pavel/ws_ros2/install/px4_msgs/include/px4_msgs/px4_msgs/msg/airspeed_validated.h\n'}
[5.603944] (px4_msgs) StdoutLine: {'line': b'-- Up-to-date: /home/pavel/ws_ros2/install/px4_msgs/include/px4_msgs/px4_msgs/msg/rpm.h\n'}
[5.603999] (px4_msgs) StdoutLine: {'line': b'-- Up-to-date: /home/pavel/ws_ros2/install/px4_msgs/include/px4_msgs/px4_msgs/msg/estimator_innovations.h\n'}
[5.604054] (px4_msgs) StdoutLine: {'line': b'-- Up-to-date: /home/pavel/ws_ros2/install/px4_msgs/include/px4_msgs/px4_msgs/msg/yaw_estimator_status.h\n'}
[5.604109] (px4_msgs) StdoutLine: {'line': b'-- Up-to-date: /home/pavel/ws_ros2/install/px4_msgs/include/px4_msgs/px4_msgs/msg/heater_status.h\n'}
[5.604164] (px4_msgs) StdoutLine: {'line': b'-- Up-to-date: /home/pavel/ws_ros2/install/px4_msgs/include/px4_msgs/px4_msgs/msg/ekf2_timestamps.h\n'}
[5.604219] (px4_msgs) StdoutLine: {'line': b'-- Up-to-date: /home/pavel/ws_ros2/install/px4_msgs/include/px4_msgs/px4_msgs/msg/differential_drive_setpoint.h\n'}
[5.604274] (px4_msgs) StdoutLine: {'line': b'-- Up-to-date: /home/pavel/ws_ros2/install/px4_msgs/include/px4_msgs/px4_msgs/msg/led_control.h\n'}
[5.604332] (px4_msgs) StdoutLine: {'line': b'-- Up-to-date: /home/pavel/ws_ros2/install/px4_msgs/include/px4_msgs/px4_msgs/msg/radio_status.h\n'}
[5.604405] (px4_msgs) StdoutLine: {'line': b'-- Up-to-date: /home/pavel/ws_ros2/install/px4_msgs/include/px4_msgs/px4_msgs/msg/actuator_armed.h\n'}
[5.604468] (px4_msgs) StdoutLine: {'line': b'-- Up-to-date: /home/pavel/ws_ros2/install/px4_msgs/include/px4_msgs/px4_msgs/msg/mag_worker_data.h\n'}
[5.604526] (px4_msgs) StdoutLine: {'line': b'-- Up-to-date: /home/pavel/ws_ros2/install/px4_msgs/include/px4_msgs/px4_msgs/msg/actuator_servos_trim.h\n'}
[5.604631] (px4_msgs) StdoutLine: {'line': b'-- Up-to-date: /home/pavel/ws_ros2/install/px4_msgs/include/px4_msgs/px4_msgs/msg/gimbal_manager_set_manual_control.h\n'}
[5.604687] (px4_msgs) StdoutLine: {'line': b'-- Up-to-date: /home/pavel/ws_ros2/install/px4_msgs/include/px4_msgs/px4_msgs/msg/distance_sensor.h\n'}
[5.604742] (px4_msgs) StdoutLine: {'line': b'-- Up-to-date: /home/pavel/ws_ros2/install/px4_msgs/include/px4_msgs/px4_msgs/msg/qshell_retval.h\n'}
[5.604797] (px4_msgs) StdoutLine: {'line': b'-- Up-to-date: /home/pavel/ws_ros2/install/px4_msgs/include/px4_msgs/px4_msgs/msg/sensors_status_imu.h\n'}
[5.604852] (px4_msgs) StdoutLine: {'line': b'-- Up-to-date: /home/pavel/ws_ros2/install/px4_msgs/include/px4_msgs/px4_msgs/msg/mission.h\n'}
[5.604906] (px4_msgs) StdoutLine: {'line': b'-- Up-to-date: /home/pavel/ws_ros2/install/px4_msgs/include/px4_msgs/px4_msgs/msg/generator_status.h\n'}
[5.604961] (px4_msgs) StdoutLine: {'line': b'-- Up-to-date: /home/pavel/ws_ros2/install/px4_msgs/include/px4_msgs/px4_msgs/msg/input_rc.h\n'}
[5.605016] (px4_msgs) StdoutLine: {'line': b'-- Up-to-date: /home/pavel/ws_ros2/install/px4_msgs/include/px4_msgs/px4_msgs/msg/power_monitor.h\n'}
[5.605070] (px4_msgs) StdoutLine: {'line': b'-- Up-to-date: /home/pavel/ws_ros2/install/px4_msgs/include/px4_msgs/px4_msgs/msg/uavcan_parameter_request.h\n'}
[5.605125] (px4_msgs) StdoutLine: {'line': b'-- Up-to-date: /home/pavel/ws_ros2/install/px4_msgs/include/px4_msgs/px4_msgs/msg/actuator_motors.h\n'}
[5.605364] (px4_msgs) StdoutLine: {'line': b'-- Up-to-date: /home/pavel/ws_ros2/install/px4_msgs/include/px4_msgs/px4_msgs/msg/register_ext_component_reply.h\n'}
[5.605432] (px4_msgs) StdoutLine: {'line': b'-- Up-to-date: /home/pavel/ws_ros2/install/px4_msgs/include/px4_msgs/px4_msgs/msg/failure_detector_status.h\n'}
[5.605489] (px4_msgs) StdoutLine: {'line': b'-- Up-to-date: /home/pavel/ws_ros2/install/px4_msgs/include/px4_msgs/px4_msgs/msg/log_message.h\n'}
[5.605544] (px4_msgs) StdoutLine: {'line': b'-- Up-to-date: /home/pavel/ws_ros2/install/px4_msgs/include/px4_msgs/px4_msgs/msg/gimbal_manager_information.h\n'}
[5.605600] (px4_msgs) StdoutLine: {'line': b'-- Up-to-date: /home/pavel/ws_ros2/install/px4_msgs/include/px4_msgs/px4_msgs/msg/action_request.h\n'}
[5.605656] (px4_msgs) StdoutLine: {'line': b'-- Up-to-date: /home/pavel/ws_ros2/install/px4_msgs/include/px4_msgs/px4_msgs/msg/figure_eight_status.h\n'}
[5.605710] (px4_msgs) StdoutLine: {'line': b'-- Up-to-date: /home/pavel/ws_ros2/install/px4_msgs/include/px4_msgs/px4_msgs/msg/vehicle_acceleration.h\n'}
[5.605765] (px4_msgs) StdoutLine: {'line': b'-- Up-to-date: /home/pavel/ws_ros2/install/px4_msgs/include/px4_msgs/px4_msgs/msg/follow_target.h\n'}
[5.605818] (px4_msgs) StdoutLine: {'line': b'-- Up-to-date: /home/pavel/ws_ros2/install/px4_msgs/include/px4_msgs/px4_msgs/msg/mode_completed.h\n'}
[5.605873] (px4_msgs) StdoutLine: {'line': b'-- Up-to-date: /home/pavel/ws_ros2/install/px4_msgs/include/px4_msgs/px4_msgs/msg/parameter_reset_request.h\n'}
[5.606182] (px4_msgs) StdoutLine: {'line': b'-- Up-to-date: /home/pavel/ws_ros2/install/px4_msgs/include/px4_msgs/px4_msgs/msg/can_interface_status.h\n'}
[5.606237] (px4_msgs) StdoutLine: {'line': b'-- Up-to-date: /home/pavel/ws_ros2/install/px4_msgs/include/px4_msgs/px4_msgs/msg/onboard_computer_status.h\n'}
[5.606311] (px4_msgs) StdoutLine: {'line': b'-- Up-to-date: /home/pavel/ws_ros2/install/px4_msgs/include/px4_msgs/px4_msgs/msg/vehicle_rates_setpoint.h\n'}
[5.606365] (px4_msgs) StdoutLine: {'line': b'-- Up-to-date: /home/pavel/ws_ros2/install/px4_msgs/include/px4_msgs/px4_msgs/msg/arming_check_request.h\n'}
[5.606463] (px4_msgs) StdoutLine: {'line': b'-- Up-to-date: /home/pavel/ws_ros2/install/px4_msgs/include/px4_msgs/px4_msgs/msg/collision_constraints.h\n'}
[5.606520] (px4_msgs) StdoutLine: {'line': b'-- Up-to-date: /home/pavel/ws_ros2/install/px4_msgs/include/px4_msgs/px4_msgs/msg/landing_target_pose.h\n'}
[5.606574] (px4_msgs) StdoutLine: {'line': b'-- Up-to-date: /home/pavel/ws_ros2/install/px4_msgs/include/px4_msgs/px4_msgs/msg/manual_control_switches.h\n'}
[5.606696] (px4_msgs) StdoutLine: {'line': b'-- Up-to-date: /home/pavel/ws_ros2/install/px4_msgs/include/px4_msgs/px4_msgs/msg/message_format_request.h\n'}
[5.606753] (px4_msgs) StdoutLine: {'line': b'-- Up-to-date: /home/pavel/ws_ros2/install/px4_msgs/include/px4_msgs/px4_msgs/msg/orb_test_large.h\n'}
[5.606809] (px4_msgs) StdoutLine: {'line': b'-- Up-to-date: /home/pavel/ws_ros2/install/px4_msgs/include/px4_msgs/px4_msgs/msg/camera_status.h\n'}
[5.606864] (px4_msgs) StdoutLine: {'line': b'-- Up-to-date: /home/pavel/ws_ros2/install/px4_msgs/include/px4_msgs/px4_msgs/msg/vtol_vehicle_status.h\n'}
[5.606920] (px4_msgs) StdoutLine: {'line': b'-- Up-to-date: /home/pavel/ws_ros2/install/px4_msgs/include/px4_msgs/px4_msgs/msg/actuator_test.h\n'}
[5.606974] (px4_msgs) StdoutLine: {'line': b'-- Up-to-date: /home/pavel/ws_ros2/install/px4_msgs/include/px4_msgs/px4_msgs/msg/register_ext_component_request.h\n'}
[5.607029] (px4_msgs) StdoutLine: {'line': b'-- Up-to-date: /home/pavel/ws_ros2/install/px4_msgs/include/px4_msgs/px4_msgs/msg/pps_capture.h\n'}
[5.607083] (px4_msgs) StdoutLine: {'line': b'-- Up-to-date: /home/pavel/ws_ros2/install/px4_msgs/include/px4_msgs/px4_msgs/msg/mavlink_log.h\n'}
[5.607137] (px4_msgs) StdoutLine: {'line': b'-- Up-to-date: /home/pavel/ws_ros2/install/px4_msgs/include/px4_msgs/px4_msgs/msg/ping.h\n'}
[5.607192] (px4_msgs) StdoutLine: {'line': b'-- Up-to-date: /home/pavel/ws_ros2/install/px4_msgs/include/px4_msgs/px4_msgs/msg/transponder_report.h\n'}
[5.607246] (px4_msgs) StdoutLine: {'line': b'-- Up-to-date: /home/pavel/ws_ros2/install/px4_msgs/include/px4_msgs/px4_msgs/msg/wind.h\n'}
[5.607301] (px4_msgs) StdoutLine: {'line': b'-- Up-to-date: /home/pavel/ws_ros2/install/px4_msgs/include/px4_msgs/px4_msgs/msg/estimator_selector_status.h\n'}
[5.607355] (px4_msgs) StdoutLine: {'line': b'-- Up-to-date: /home/pavel/ws_ros2/install/px4_msgs/include/px4_msgs/px4_msgs/msg/vehicle_thrust_setpoint.h\n'}
[5.607420] (px4_msgs) StdoutLine: {'line': b'-- Up-to-date: /home/pavel/ws_ros2/install/px4_msgs/include/px4_msgs/px4_msgs/msg/airspeed.h\n'}
[5.607477] (px4_msgs) StdoutLine: {'line': b'-- Up-to-date: /home/pavel/ws_ros2/install/px4_msgs/include/px4_msgs/px4_msgs/msg/position_setpoint.h\n'}
[5.607533] (px4_msgs) StdoutLine: {'line': b'-- Up-to-date: /home/pavel/ws_ros2/install/px4_msgs/include/px4_msgs/px4_msgs/msg/vehicle_land_detected.h\n'}
[5.607588] (px4_msgs) StdoutLine: {'line': b'-- Up-to-date: /home/pavel/ws_ros2/install/px4_msgs/include/px4_msgs/px4_msgs/msg/goto_setpoint.h\n'}
[5.607644] (px4_msgs) StdoutLine: {'line': b'-- Up-to-date: /home/pavel/ws_ros2/install/px4_msgs/include/px4_msgs/px4_msgs/msg/button_event.h\n'}
[5.607699] (px4_msgs) StdoutLine: {'line': b'-- Up-to-date: /home/pavel/ws_ros2/install/px4_msgs/include/px4_msgs/px4_msgs/msg/rtl_status.h\n'}
[5.607755] (px4_msgs) StdoutLine: {'line': b'-- Up-to-date: /home/pavel/ws_ros2/install/px4_msgs/include/px4_msgs/px4_msgs/msg/landing_gear_wheel.h\n'}
[5.608023] (px4_msgs) StdoutLine: {'line': b'-- Up-to-date: /home/pavel/ws_ros2/install/px4_msgs/include/px4_msgs/px4_msgs/msg/estimator_status_flags.h\n'}
[5.608083] (px4_msgs) StdoutLine: {'line': b'-- Up-to-date: /home/pavel/ws_ros2/install/px4_msgs/include/px4_msgs/px4_msgs/msg/vehicle_angular_velocity.h\n'}
[5.608139] (px4_msgs) StdoutLine: {'line': b'-- Up-to-date: /home/pavel/ws_ros2/install/px4_msgs/include/px4_msgs/px4_msgs/msg/esc_status.h\n'}
[5.608194] (px4_msgs) StdoutLine: {'line': b'-- Up-to-date: /home/pavel/ws_ros2/install/px4_msgs/include/px4_msgs/px4_msgs/msg/px4io_status.h\n'}
[5.608250] (px4_msgs) StdoutLine: {'line': b'-- Up-to-date: /home/pavel/ws_ros2/install/px4_msgs/include/px4_msgs/px4_msgs/msg/sensor_correction.h\n'}
[5.608306] (px4_msgs) StdoutLine: {'line': b'-- Up-to-date: /home/pavel/ws_ros2/install/px4_msgs/include/px4_msgs/px4_msgs/msg/sensor_accel.h\n'}
[5.608362] (px4_msgs) StdoutLine: {'line': b'-- Up-to-date: /home/pavel/ws_ros2/install/px4_msgs/include/px4_msgs/px4_msgs/msg/mount_orientation.h\n'}
[5.608519] (px4_msgs) StdoutLine: {'line': b'-- Up-to-date: /home/pavel/ws_ros2/install/px4_msgs/include/px4_msgs/px4_msgs/msg/event.h\n'}
[5.608580] (px4_msgs) StdoutLine: {'line': b'-- Up-to-date: /home/pavel/ws_ros2/install/px4_msgs/include/px4_msgs/px4_msgs/msg/estimator_aid_source3d.h\n'}
[5.608637] (px4_msgs) StdoutLine: {'line': b'-- Up-to-date: /home/pavel/ws_ros2/install/px4_msgs/include/px4_msgs/px4_msgs/msg/vehicle_constraints.h\n'}
[5.608692] (px4_msgs) StdoutLine: {'line': b'-- Up-to-date: /home/pavel/ws_ros2/install/px4_msgs/include/px4_msgs/px4_msgs/msg/camera_trigger.h\n'}
[5.608748] (px4_msgs) StdoutLine: {'line': b'-- Up-to-date: /home/pavel/ws_ros2/install/px4_msgs/include/px4_msgs/px4_msgs/msg/vehicle_attitude_setpoint.h\n'}
[5.608803] (px4_msgs) StdoutLine: {'line': b'-- Up-to-date: /home/pavel/ws_ros2/install/px4_msgs/include/px4_msgs/px4_msgs/msg/vehicle_angular_acceleration_setpoint.h\n'}
[5.609061] (px4_msgs) StdoutLine: {'line': b'-- Up-to-date: /home/pavel/ws_ros2/install/px4_msgs/include/px4_msgs/px4_msgs/msg/unregister_ext_component.h\n'}
[5.609117] (px4_msgs) StdoutLine: {'line': b'-- Up-to-date: /home/pavel/ws_ros2/install/px4_msgs/include/px4_msgs/px4_msgs/msg/position_controller_status.h\n'}
[5.609172] (px4_msgs) StdoutLine: {'line': b'-- Up-to-date: /home/pavel/ws_ros2/install/px4_msgs/include/px4_msgs/px4_msgs/msg/sensor_hygrometer.h\n'}
[5.609228] (px4_msgs) StdoutLine: {'line': b'-- Up-to-date: /home/pavel/ws_ros2/install/px4_msgs/include/px4_msgs/px4_msgs/msg/vehicle_status.h\n'}
[5.609283] (px4_msgs) StdoutLine: {'line': b'-- Up-to-date: /home/pavel/ws_ros2/install/px4_msgs/include/px4_msgs/px4_msgs/msg/actuator_servos.h\n'}
[5.609337] (px4_msgs) StdoutLine: {'line': b'-- Up-to-date: /home/pavel/ws_ros2/install/px4_msgs/include/px4_msgs/px4_msgs/msg/orb_test_medium.h\n'}
[5.609397] (px4_msgs) StdoutLine: {'line': b'-- Up-to-date: /home/pavel/ws_ros2/install/px4_msgs/include/px4_msgs/px4_msgs/msg/estimator_event_flags.h\n'}
[5.609456] (px4_msgs) StdoutLine: {'line': b'-- Up-to-date: /home/pavel/ws_ros2/install/px4_msgs/include/px4_msgs/px4_msgs/msg/estimator_status.h\n'}
[5.609511] (px4_msgs) StdoutLine: {'line': b'-- Up-to-date: /home/pavel/ws_ros2/install/px4_msgs/include/px4_msgs/px4_msgs/msg/follow_target_estimator.h\n'}
[5.609565] (px4_msgs) StdoutLine: {'line': b'-- Up-to-date: /home/pavel/ws_ros2/install/px4_msgs/include/px4_msgs/px4_msgs/msg/landing_gear.h\n'}
[5.609619] (px4_msgs) StdoutLine: {'line': b'-- Up-to-date: /home/pavel/ws_ros2/install/px4_msgs/include/px4_msgs/px4_msgs/msg/debug_array.h\n'}
[5.609673] (px4_msgs) StdoutLine: {'line': b'-- Up-to-date: /home/pavel/ws_ros2/install/px4_msgs/include/px4_msgs/px4_msgs/msg/battery_status.h\n'}
[5.609728] (px4_msgs) StdoutLine: {'line': b'-- Up-to-date: /home/pavel/ws_ros2/install/px4_msgs/include/px4_msgs/px4_msgs/msg/task_stack_info.h\n'}
[5.609782] (px4_msgs) StdoutLine: {'line': b'-- Up-to-date: /home/pavel/ws_ros2/install/px4_msgs/include/px4_msgs/px4_msgs/msg/qshell_req.h\n'}
[5.609837] (px4_msgs) StdoutLine: {'line': b'-- Up-to-date: /home/pavel/ws_ros2/install/px4_msgs/include/px4_msgs/px4_msgs/msg/differential_pressure.h\n'}
[5.609891] (px4_msgs) StdoutLine: {'line': b'-- Up-to-date: /home/pavel/ws_ros2/install/px4_msgs/include/px4_msgs/px4_msgs/msg/sensor_gyro.h\n'}
[5.609946] (px4_msgs) StdoutLine: {'line': b'-- Up-to-date: /home/pavel/ws_ros2/install/px4_msgs/include/px4_msgs/px4_msgs/msg/rover_ackermann_guidance_status.h\n'}
[5.610001] (px4_msgs) StdoutLine: {'line': b'-- Up-to-date: /home/pavel/ws_ros2/install/px4_msgs/include/px4_msgs/px4_msgs/msg/gimbal_device_set_attitude.h\n'}
[5.610056] (px4_msgs) StdoutLine: {'line': b'-- Up-to-date: /home/pavel/ws_ros2/install/px4_msgs/include/px4_msgs/px4_msgs/msg/irlock_report.h\n'}
[5.610136] (px4_msgs) StdoutLine: {'line': b'-- Up-to-date: /home/pavel/ws_ros2/install/px4_msgs/include/px4_msgs/px4_msgs/msg/gpio_out.h\n'}
[5.610192] (px4_msgs) StdoutLine: {'line': b'-- Up-to-date: /home/pavel/ws_ros2/install/px4_msgs/include/px4_msgs/px4_msgs/msg/vehicle_optical_flow_vel.h\n'}
[5.610433] (px4_msgs) StdoutLine: {'line': b'-- Up-to-date: /home/pavel/ws_ros2/install/px4_msgs/include/px4_msgs/px4_msgs/msg/estimator_sensor_bias.h\n'}
[5.610491] (px4_msgs) StdoutLine: {'line': b'-- Up-to-date: /home/pavel/ws_ros2/install/px4_msgs/include/px4_msgs/px4_msgs/msg/rc_channels.h\n'}
[5.610608] (px4_msgs) StdoutLine: {'line': b'-- Up-to-date: /home/pavel/ws_ros2/install/px4_msgs/include/px4_msgs/px4_msgs/msg/sensor_gps.h\n'}
[5.610666] (px4_msgs) StdoutLine: {'line': b'-- Up-to-date: /home/pavel/ws_ros2/install/px4_msgs/include/px4_msgs/px4_msgs/msg/pwm_input.h\n'}
[5.610721] (px4_msgs) StdoutLine: {'line': b'-- Up-to-date: /home/pavel/ws_ros2/install/px4_msgs/include/px4_msgs/px4_msgs/msg/internal_combustion_engine_status.h\n'}
[5.610776] (px4_msgs) StdoutLine: {'line': b'-- Up-to-date: /home/pavel/ws_ros2/install/px4_msgs/include/px4_msgs/px4_msgs/msg/sensor_gyro_fifo.h\n'}
[5.610831] (px4_msgs) StdoutLine: {'line': b'-- Up-to-date: /home/pavel/ws_ros2/install/px4_msgs/include/px4_msgs/px4_msgs/msg/tune_control.h\n'}
[5.610885] (px4_msgs) StdoutLine: {'line': b'-- Up-to-date: /home/pavel/ws_ros2/install/px4_msgs/include/px4_msgs/px4_msgs/msg/manual_control_setpoint.h\n'}
[5.610939] (px4_msgs) StdoutLine: {'line': b'-- Up-to-date: /home/pavel/ws_ros2/install/px4_msgs/include/px4_msgs/px4_msgs/msg/gimbal_device_attitude_status.h\n'}
[5.610992] (px4_msgs) StdoutLine: {'line': b'-- Up-to-date: /home/pavel/ws_ros2/install/px4_msgs/include/px4_msgs/px4_msgs/msg/launch_detection_status.h\n'}
[5.611046] (px4_msgs) StdoutLine: {'line': b'-- Up-to-date: /home/pavel/ws_ros2/install/px4_msgs/include/px4_msgs/px4_msgs/msg/vehicle_imu.h\n'}
[5.611100] (px4_msgs) StdoutLine: {'line': b'-- Up-to-date: /home/pavel/ws_ros2/install/px4_msgs/include/px4_msgs/px4_msgs/msg/vehicle_torque_setpoint.h\n'}
[5.611154] (px4_msgs) StdoutLine: {'line': b'-- Up-to-date: /home/pavel/ws_ros2/install/px4_msgs/include/px4_msgs/px4_msgs/msg/power_button_state.h\n'}
[5.611208] (px4_msgs) StdoutLine: {'line': b'-- Up-to-date: /home/pavel/ws_ros2/install/px4_msgs/include/px4_msgs/px4_msgs/msg/trajectory_waypoint.h\n'}
[5.611263] (px4_msgs) StdoutLine: {'line': b'-- Up-to-date: /home/pavel/ws_ros2/install/px4_msgs/include/px4_msgs/px4_msgs/msg/landing_target_innovations.h\n'}
[5.611317] (px4_msgs) StdoutLine: {'line': b'-- Up-to-date: /home/pavel/ws_ros2/install/px4_msgs/include/px4_msgs/px4_msgs/msg/rosidl_generator_c__visibility_control.h\n'}
[5.611371] (px4_msgs) StdoutLine: {'line': b'-- Up-to-date: /home/pavel/ws_ros2/install/px4_msgs/include/px4_msgs/px4_msgs/msg/fuel_tank_status.h\n'}
[5.611485] (px4_msgs) StdoutLine: {'line': b'-- Up-to-date: /home/pavel/ws_ros2/install/px4_msgs/include/px4_msgs/px4_msgs/msg/gpio_config.h\n'}
[5.611540] (px4_msgs) StdoutLine: {'line': b'-- Up-to-date: /home/pavel/ws_ros2/install/px4_msgs/include/px4_msgs/px4_msgs/msg/buffer128.h\n'}
[5.611752] (px4_msgs) StdoutLine: {'line': b'-- Up-to-date: /home/pavel/ws_ros2/install/px4_msgs/include/px4_msgs/px4_msgs/msg/gripper.h\n'}
[5.611803] (px4_msgs) StdoutLine: {'line': b'-- Up-to-date: /home/pavel/ws_ros2/install/px4_msgs/include/px4_msgs/px4_msgs/msg/debug_vect.h\n'}
[5.611852] (px4_msgs) StdoutLine: {'line': b'-- Up-to-date: /home/pavel/ws_ros2/install/px4_msgs/include/px4_msgs/px4_msgs/msg/sensor_combined.h\n'}
[5.611898] (-) TimerEvent: {}
[5.611973] (px4_msgs) StdoutLine: {'line': b'-- Up-to-date: /home/pavel/ws_ros2/install/px4_msgs/include/px4_msgs/px4_msgs/msg/takeoff_status.h\n'}
[5.612030] (px4_msgs) StdoutLine: {'line': b'-- Up-to-date: /home/pavel/ws_ros2/install/px4_msgs/include/px4_msgs/px4_msgs/msg/parameter_set_used_request.h\n'}
[5.612103] (px4_msgs) StdoutLine: {'line': b'-- Up-to-date: /home/pavel/ws_ros2/install/px4_msgs/include/px4_msgs/px4_msgs/msg/estimator_bias3d.h\n'}
[5.612153] (px4_msgs) StdoutLine: {'line': b'-- Up-to-date: /home/pavel/ws_ros2/install/px4_msgs/include/px4_msgs/px4_msgs/msg/debug_key_value.h\n'}
[5.612201] (px4_msgs) StdoutLine: {'line': b'-- Up-to-date: /home/pavel/ws_ros2/install/px4_msgs/include/px4_msgs/px4_msgs/msg/sensor_accel_fifo.h\n'}
[5.612256] (px4_msgs) StdoutLine: {'line': b'-- Up-to-date: /home/pavel/ws_ros2/install/px4_msgs/include/px4_msgs/px4_msgs/msg/mission_result.h\n'}
[5.612305] (px4_msgs) StdoutLine: {'line': b'-- Up-to-date: /home/pavel/ws_ros2/install/px4_msgs/include/px4_msgs/px4_msgs/msg/debug_value.h\n'}
[5.612354] (px4_msgs) StdoutLine: {'line': b'-- Up-to-date: /home/pavel/ws_ros2/install/px4_msgs/include/px4_msgs/px4_msgs/msg/gpio_in.h\n'}
[5.612416] (px4_msgs) StdoutLine: {'line': b'-- Up-to-date: /home/pavel/ws_ros2/install/px4_msgs/include/px4_msgs/px4_msgs/msg/npfg_status.h\n'}
[5.612467] (px4_msgs) StdoutLine: {'line': b'-- Up-to-date: /home/pavel/ws_ros2/install/px4_msgs/include/px4_msgs/px4_msgs/msg/vehicle_command_ack.h\n'}
[5.612517] (px4_msgs) StdoutLine: {'line': b'-- Up-to-date: /home/pavel/ws_ros2/install/px4_msgs/include/px4_msgs/px4_msgs/msg/estimator_aid_source2d.h\n'}
[5.612566] (px4_msgs) StdoutLine: {'line': b'-- Up-to-date: /home/pavel/ws_ros2/install/px4_msgs/include/px4_msgs/px4_msgs/msg/vehicle_trajectory_bezier.h\n'}
[5.612615] (px4_msgs) StdoutLine: {'line': b'-- Up-to-date: /home/pavel/ws_ros2/install/px4_msgs/include/px4_msgs/px4_msgs/msg/parameter_update.h\n'}
[5.612664] (px4_msgs) StdoutLine: {'line': b'-- Up-to-date: /home/pavel/ws_ros2/install/px4_msgs/include/px4_msgs/px4_msgs/msg/failsafe_flags.h\n'}
[5.612719] (px4_msgs) StdoutLine: {'line': b'-- Up-to-date: /home/pavel/ws_ros2/install/px4_msgs/include/px4_msgs/px4_msgs/msg/vehicle_imu_status.h\n'}
[5.612773] (px4_msgs) StdoutLine: {'line': b'-- Up-to-date: /home/pavel/ws_ros2/install/px4_msgs/include/px4_msgs/px4_msgs/msg/esc_report.h\n'}
[5.612827] (px4_msgs) StdoutLine: {'line': b'-- Up-to-date: /home/pavel/ws_ros2/install/px4_msgs/include/px4_msgs/px4_msgs/msg/gimbal_manager_status.h\n'}
[5.612909] (px4_msgs) StdoutLine: {'line': b'-- Up-to-date: /home/pavel/ws_ros2/install/px4_msgs/include/px4_msgs/px4_msgs/msg/ulog_stream.h\n'}
[5.612961] (px4_msgs) StdoutLine: {'line': b'-- Up-to-date: /home/pavel/ws_ros2/install/px4_msgs/include/px4_msgs/px4_msgs/msg/collision_report.h\n'}
[5.613011] (px4_msgs) StdoutLine: {'line': b'-- Up-to-date: /home/pavel/ws_ros2/install/px4_msgs/include/px4_msgs/px4_msgs/msg/trajectory_setpoint.h\n'}
[5.613089] (px4_msgs) StdoutLine: {'line': b'-- Up-to-date: /home/pavel/ws_ros2/install/px4_msgs/include/px4_msgs/px4_msgs/msg/actuator_outputs.h\n'}
[5.613166] (px4_msgs) StdoutLine: {'line': b'-- Up-to-date: /home/pavel/ws_ros2/install/px4_msgs/include/px4_msgs/px4_msgs/msg/satellite_info.h\n'}
[5.613222] (px4_msgs) StdoutLine: {'line': b'-- Up-to-date: /home/pavel/ws_ros2/install/px4_msgs/include/px4_msgs/px4_msgs/msg/vehicle_air_data.h\n'}
[5.613277] (px4_msgs) StdoutLine: {'line': b'-- Up-to-date: /home/pavel/ws_ros2/install/px4_msgs/include/px4_msgs/px4_msgs/msg/telemetry_status.h\n'}
[5.613351] (px4_msgs) StdoutLine: {'line': b'-- Up-to-date: /home/pavel/ws_ros2/install/px4_msgs/include/px4_msgs/px4_msgs/msg/hover_thrust_estimate.h\n'}
[5.613450] (px4_msgs) StdoutLine: {'line': b'-- Up-to-date: /home/pavel/ws_ros2/install/px4_msgs/include/px4_msgs/px4_msgs/msg/cpuload.h\n'}
[5.613503] (px4_msgs) StdoutLine: {'line': b'-- Up-to-date: /home/pavel/ws_ros2/install/px4_msgs/include/px4_msgs/px4_msgs/msg/mavlink_tunnel.h\n'}
[5.613553] (px4_msgs) StdoutLine: {'line': b'-- Up-to-date: /home/pavel/ws_ros2/install/px4_msgs/include/px4_msgs/px4_msgs/msg/obstacle_distance.h\n'}
[5.613602] (px4_msgs) StdoutLine: {'line': b'-- Up-to-date: /home/pavel/ws_ros2/install/px4_msgs/include/px4_msgs/px4_msgs/msg/velocity_limits.h\n'}
[5.613651] (px4_msgs) StdoutLine: {'line': b'-- Up-to-date: /home/pavel/ws_ros2/install/px4_msgs/include/px4_msgs/px4_msgs/msg/magnetometer_bias_estimate.h\n'}
[5.613726] (px4_msgs) StdoutLine: {'line': b'-- Up-to-date: /home/pavel/ws_ros2/install/px4_msgs/include/px4_msgs/px4_msgs/msg/ulog_stream_ack.h\n'}
[5.613805] (px4_msgs) StdoutLine: {'line': b'-- Up-to-date: /home/pavel/ws_ros2/install/px4_msgs/include/px4_msgs/px4_msgs/msg/sensor_optical_flow.h\n'}
[5.613880] (px4_msgs) StdoutLine: {'line': b'-- Up-to-date: /home/pavel/ws_ros2/install/px4_msgs/include/px4_msgs/px4_msgs/msg/sensor_gyro_fft.h\n'}
[5.613935] (px4_msgs) StdoutLine: {'line': b'-- Up-to-date: /home/pavel/ws_ros2/install/px4_msgs/include/px4_msgs/px4_msgs/msg/vehicle_odometry.h\n'}
[5.613990] (px4_msgs) StdoutLine: {'line': b'-- Up-to-date: /home/pavel/ws_ros2/install/px4_msgs/include/px4_msgs/px4_msgs/msg/rc_parameter_map.h\n'}
[5.614044] (px4_msgs) StdoutLine: {'line': b'-- Up-to-date: /home/pavel/ws_ros2/install/px4_msgs/include/px4_msgs/px4_msgs/msg/config_overrides.h\n'}
[5.614097] (px4_msgs) StdoutLine: {'line': b'-- Up-to-date: /home/pavel/ws_ros2/install/px4_msgs/include/px4_msgs/px4_msgs/msg/arming_check_reply.h\n'}
[5.614151] (px4_msgs) StdoutLine: {'line': b'-- Up-to-date: /home/pavel/ws_ros2/install/px4_msgs/include/px4_msgs/px4_msgs/msg/adc_report.h\n'}
[5.614332] (px4_msgs) StdoutLine: {'line': b'-- Up-to-date: /home/pavel/ws_ros2/install/px4_msgs/include/px4_msgs/px4_msgs/msg/vehicle_global_position.h\n'}
[5.614446] (px4_msgs) StdoutLine: {'line': b'-- Up-to-date: /home/pavel/ws_ros2/install/px4_msgs/include/px4_msgs/px4_msgs/msg/rtl_time_estimate.h\n'}
[5.614558] (px4_msgs) StdoutLine: {'line': b'-- Up-to-date: /home/pavel/ws_ros2/install/px4_msgs/include/px4_msgs/px4_msgs/msg/vehicle_local_position_setpoint.h\n'}
[5.614615] (px4_msgs) StdoutLine: {'line': b'-- Up-to-date: /home/pavel/ws_ros2/install/px4_msgs/include/px4_msgs/px4_msgs/msg/sensor_gnss_relative.h\n'}
[5.614669] (px4_msgs) StdoutLine: {'line': b'-- Up-to-date: /home/pavel/ws_ros2/install/px4_msgs/include/px4_msgs/px4_msgs/msg/vehicle_trajectory_waypoint.h\n'}
[5.614725] (px4_msgs) StdoutLine: {'line': b'-- Up-to-date: /home/pavel/ws_ros2/install/px4_msgs/include/px4_msgs/px4_msgs/msg/estimator_aid_source1d.h\n'}
[5.614779] (px4_msgs) StdoutLine: {'line': b'-- Up-to-date: /home/pavel/ws_ros2/install/px4_msgs/include/px4_msgs/px4_msgs/msg/message_format_response.h\n'}
[5.614835] (px4_msgs) StdoutLine: {'line': b'-- Up-to-date: /home/pavel/ws_ros2/install/px4_msgs/share/px4_msgs/environment/library_path.sh\n'}
[5.614891] (px4_msgs) StdoutLine: {'line': b'-- Up-to-date: /home/pavel/ws_ros2/install/px4_msgs/share/px4_msgs/environment/library_path.dsv\n'}
[5.614946] (px4_msgs) StdoutLine: {'line': b'-- Up-to-date: /home/pavel/ws_ros2/install/px4_msgs/lib/libpx4_msgs__rosidl_generator_c.so\n'}
[5.615001] (px4_msgs) StdoutLine: {'line': b'-- Up-to-date: /home/pavel/ws_ros2/install/px4_msgs/include/px4_msgs/px4_msgs\n'}
[5.615057] (px4_msgs) StdoutLine: {'line': b'-- Up-to-date: /home/pavel/ws_ros2/install/px4_msgs/include/px4_msgs/px4_msgs/srv\n'}
[5.615111] (px4_msgs) StdoutLine: {'line': b'-- Up-to-date: /home/pavel/ws_ros2/install/px4_msgs/include/px4_msgs/px4_msgs/srv/detail\n'}
[5.615165] (px4_msgs) StdoutLine: {'line': b'-- Up-to-date: /home/pavel/ws_ros2/install/px4_msgs/include/px4_msgs/px4_msgs/srv/detail/vehicle_command__rosidl_typesupport_fastrtps_c.h\n'}
[5.615220] (px4_msgs) StdoutLine: {'line': b'-- Up-to-date: /home/pavel/ws_ros2/install/px4_msgs/include/px4_msgs/px4_msgs/msg\n'}
[5.615274] (px4_msgs) StdoutLine: {'line': b'-- Up-to-date: /home/pavel/ws_ros2/install/px4_msgs/include/px4_msgs/px4_msgs/msg/detail\n'}
[5.615329] (px4_msgs) StdoutLine: {'line': b'-- Up-to-date: /home/pavel/ws_ros2/install/px4_msgs/include/px4_msgs/px4_msgs/msg/detail/orb_test_large__rosidl_typesupport_fastrtps_c.h\n'}
[5.615411] (px4_msgs) StdoutLine: {'line': b'-- Up-to-date: /home/pavel/ws_ros2/install/px4_msgs/include/px4_msgs/px4_msgs/msg/detail/actuator_test__rosidl_typesupport_fastrtps_c.h\n'}
[5.615617] (px4_msgs) StdoutLine: {'line': b'-- Up-to-date: /home/pavel/ws_ros2/install/px4_msgs/include/px4_msgs/px4_msgs/msg/detail/sensor_gyro_fft__rosidl_typesupport_fastrtps_c.h\n'}
[5.615674] (px4_msgs) StdoutLine: {'line': b'-- Up-to-date: /home/pavel/ws_ros2/install/px4_msgs/include/px4_msgs/px4_msgs/msg/detail/vehicle_optical_flow__rosidl_typesupport_fastrtps_c.h\n'}
[5.615730] (px4_msgs) StdoutLine: {'line': b'-- Up-to-date: /home/pavel/ws_ros2/install/px4_msgs/include/px4_msgs/px4_msgs/msg/detail/tiltrotor_extra_controls__rosidl_typesupport_fastrtps_c.h\n'}
[5.615830] (px4_msgs) StdoutLine: {'line': b'-- Up-to-date: /home/pavel/ws_ros2/install/px4_msgs/include/px4_msgs/px4_msgs/msg/detail/onboard_computer_status__rosidl_typesupport_fastrtps_c.h\n'}
[5.615887] (px4_msgs) StdoutLine: {'line': b'-- Up-to-date: /home/pavel/ws_ros2/install/px4_msgs/include/px4_msgs/px4_msgs/msg/detail/uavcan_parameter_value__rosidl_typesupport_fastrtps_c.h\n'}
[5.615943] (px4_msgs) StdoutLine: {'line': b'-- Up-to-date: /home/pavel/ws_ros2/install/px4_msgs/include/px4_msgs/px4_msgs/msg/detail/offboard_control_mode__rosidl_typesupport_fastrtps_c.h\n'}
[5.616000] (px4_msgs) StdoutLine: {'line': b'-- Up-to-date: /home/pavel/ws_ros2/install/px4_msgs/include/px4_msgs/px4_msgs/msg/detail/airspeed_validated__rosidl_typesupport_fastrtps_c.h\n'}
[5.616056] (px4_msgs) StdoutLine: {'line': b'-- Up-to-date: /home/pavel/ws_ros2/install/px4_msgs/include/px4_msgs/px4_msgs/msg/detail/vehicle_odometry__rosidl_typesupport_fastrtps_c.h\n'}
[5.616112] (px4_msgs) StdoutLine: {'line': b'-- Up-to-date: /home/pavel/ws_ros2/install/px4_msgs/include/px4_msgs/px4_msgs/msg/detail/vehicle_thrust_setpoint__rosidl_typesupport_fastrtps_c.h\n'}
[5.616167] (px4_msgs) StdoutLine: {'line': b'-- Up-to-date: /home/pavel/ws_ros2/install/px4_msgs/include/px4_msgs/px4_msgs/msg/detail/estimator_aid_source2d__rosidl_typesupport_fastrtps_c.h\n'}
[5.616222] (px4_msgs) StdoutLine: {'line': b'-- Up-to-date: /home/pavel/ws_ros2/install/px4_msgs/include/px4_msgs/px4_msgs/msg/detail/gimbal_manager_set_manual_control__rosidl_typesupport_fastrtps_c.h\n'}
[5.616277] (px4_msgs) StdoutLine: {'line': b'-- Up-to-date: /home/pavel/ws_ros2/install/px4_msgs/include/px4_msgs/px4_msgs/msg/detail/landing_gear__rosidl_typesupport_fastrtps_c.h\n'}
[5.616333] (px4_msgs) StdoutLine: {'line': b'-- Up-to-date: /home/pavel/ws_ros2/install/px4_msgs/include/px4_msgs/px4_msgs/msg/detail/irlock_report__rosidl_typesupport_fastrtps_c.h\n'}
[5.616443] (px4_msgs) StdoutLine: {'line': b'-- Up-to-date: /home/pavel/ws_ros2/install/px4_msgs/include/px4_msgs/px4_msgs/msg/detail/parameter_set_used_request__rosidl_typesupport_fastrtps_c.h\n'}
[5.616505] (px4_msgs) StdoutLine: {'line': b'-- Up-to-date: /home/pavel/ws_ros2/install/px4_msgs/include/px4_msgs/px4_msgs/msg/detail/failsafe_flags__rosidl_typesupport_fastrtps_c.h\n'}
[5.616761] (px4_msgs) StdoutLine: {'line': b'-- Up-to-date: /home/pavel/ws_ros2/install/px4_msgs/include/px4_msgs/px4_msgs/msg/detail/control_allocator_status__rosidl_typesupport_fastrtps_c.h\n'}
[5.616841] (px4_msgs) StdoutLine: {'line': b'-- Up-to-date: /home/pavel/ws_ros2/install/px4_msgs/include/px4_msgs/px4_msgs/msg/detail/vehicle_command__rosidl_typesupport_fastrtps_c.h\n'}
[5.616897] (px4_msgs) StdoutLine: {'line': b'-- Up-to-date: /home/pavel/ws_ros2/install/px4_msgs/include/px4_msgs/px4_msgs/msg/detail/rc_channels__rosidl_typesupport_fastrtps_c.h\n'}
[5.616952] (px4_msgs) StdoutLine: {'line': b'-- Up-to-date: /home/pavel/ws_ros2/install/px4_msgs/include/px4_msgs/px4_msgs/msg/detail/estimator_status__rosidl_typesupport_fastrtps_c.h\n'}
[5.617007] (px4_msgs) StdoutLine: {'line': b'-- Up-to-date: /home/pavel/ws_ros2/install/px4_msgs/include/px4_msgs/px4_msgs/msg/detail/unregister_ext_component__rosidl_typesupport_fastrtps_c.h\n'}
[5.617062] (px4_msgs) StdoutLine: {'line': b'-- Up-to-date: /home/pavel/ws_ros2/install/px4_msgs/include/px4_msgs/px4_msgs/msg/detail/sensors_status_imu__rosidl_typesupport_fastrtps_c.h\n'}
[5.617118] (px4_msgs) StdoutLine: {'line': b'-- Up-to-date: /home/pavel/ws_ros2/install/px4_msgs/include/px4_msgs/px4_msgs/msg/detail/vehicle_constraints__rosidl_typesupport_fastrtps_c.h\n'}
[5.617173] (px4_msgs) StdoutLine: {'line': b'-- Up-to-date: /home/pavel/ws_ros2/install/px4_msgs/include/px4_msgs/px4_msgs/msg/detail/actuator_servos__rosidl_typesupport_fastrtps_c.h\n'}
[5.617227] (px4_msgs) StdoutLine: {'line': b'-- Up-to-date: /home/pavel/ws_ros2/install/px4_msgs/include/px4_msgs/px4_msgs/msg/detail/satellite_info__rosidl_typesupport_fastrtps_c.h\n'}
[5.617306] (px4_msgs) StdoutLine: {'line': b'-- Up-to-date: /home/pavel/ws_ros2/install/px4_msgs/include/px4_msgs/px4_msgs/msg/detail/ekf2_timestamps__rosidl_typesupport_fastrtps_c.h\n'}
[5.617361] (px4_msgs) StdoutLine: {'line': b'-- Up-to-date: /home/pavel/ws_ros2/install/px4_msgs/include/px4_msgs/px4_msgs/msg/detail/estimator_bias__rosidl_typesupport_fastrtps_c.h\n'}
[5.617511] (px4_msgs) StdoutLine: {'line': b'-- Up-to-date: /home/pavel/ws_ros2/install/px4_msgs/include/px4_msgs/px4_msgs/msg/detail/actuator_armed__rosidl_typesupport_fastrtps_c.h\n'}
[5.617571] (px4_msgs) StdoutLine: {'line': b'-- Up-to-date: /home/pavel/ws_ros2/install/px4_msgs/include/px4_msgs/px4_msgs/msg/detail/position_setpoint__rosidl_typesupport_fastrtps_c.h\n'}
[5.617627] (px4_msgs) StdoutLine: {'line': b'-- Up-to-date: /home/pavel/ws_ros2/install/px4_msgs/include/px4_msgs/px4_msgs/msg/detail/vehicle_acceleration__rosidl_typesupport_fastrtps_c.h\n'}
[5.617683] (px4_msgs) StdoutLine: {'line': b'-- Up-to-date: /home/pavel/ws_ros2/install/px4_msgs/include/px4_msgs/px4_msgs/msg/detail/telemetry_status__rosidl_typesupport_fastrtps_c.h\n'}
[5.617738] (px4_msgs) StdoutLine: {'line': b'-- Up-to-date: /home/pavel/ws_ros2/install/px4_msgs/include/px4_msgs/px4_msgs/msg/detail/camera_capture__rosidl_typesupport_fastrtps_c.h\n'}
[5.617793] (px4_msgs) StdoutLine: {'line': b'-- Up-to-date: /home/pavel/ws_ros2/install/px4_msgs/include/px4_msgs/px4_msgs/msg/detail/estimator_bias3d__rosidl_typesupport_fastrtps_c.h\n'}
[5.617849] (px4_msgs) StdoutLine: {'line': b'-- Up-to-date: /home/pavel/ws_ros2/install/px4_msgs/include/px4_msgs/px4_msgs/msg/detail/sensor_combined__rosidl_typesupport_fastrtps_c.h\n'}
[5.617905] (px4_msgs) StdoutLine: {'line': b'-- Up-to-date: /home/pavel/ws_ros2/install/px4_msgs/include/px4_msgs/px4_msgs/msg/detail/gripper__rosidl_typesupport_fastrtps_c.h\n'}
[5.617961] (px4_msgs) StdoutLine: {'line': b'-- Up-to-date: /home/pavel/ws_ros2/install/px4_msgs/include/px4_msgs/px4_msgs/msg/detail/rover_ackermann_guidance_status__rosidl_typesupport_fastrtps_c.h\n'}
[5.618016] (px4_msgs) StdoutLine: {'line': b'-- Up-to-date: /home/pavel/ws_ros2/install/px4_msgs/include/px4_msgs/px4_msgs/msg/detail/input_rc__rosidl_typesupport_fastrtps_c.h\n'}
[5.618072] (px4_msgs) StdoutLine: {'line': b'-- Up-to-date: /home/pavel/ws_ros2/install/px4_msgs/include/px4_msgs/px4_msgs/msg/detail/estimator_innovations__rosidl_typesupport_fastrtps_c.h\n'}
[5.618126] (px4_msgs) StdoutLine: {'line': b'-- Up-to-date: /home/pavel/ws_ros2/install/px4_msgs/include/px4_msgs/px4_msgs/msg/detail/cpuload__rosidl_typesupport_fastrtps_c.h\n'}
[5.618181] (px4_msgs) StdoutLine: {'line': b'-- Up-to-date: /home/pavel/ws_ros2/install/px4_msgs/include/px4_msgs/px4_msgs/msg/detail/uavcan_parameter_request__rosidl_typesupport_fastrtps_c.h\n'}
[5.618236] (px4_msgs) StdoutLine: {'line': b'-- Up-to-date: /home/pavel/ws_ros2/install/px4_msgs/include/px4_msgs/px4_msgs/msg/detail/position_controller_landing_status__rosidl_typesupport_fastrtps_c.h\n'}
[5.618292] (px4_msgs) StdoutLine: {'line': b'-- Up-to-date: /home/pavel/ws_ros2/install/px4_msgs/include/px4_msgs/px4_msgs/msg/detail/ulog_stream_ack__rosidl_typesupport_fastrtps_c.h\n'}
[5.618347] (px4_msgs) StdoutLine: {'line': b'-- Up-to-date: /home/pavel/ws_ros2/install/px4_msgs/include/px4_msgs/px4_msgs/msg/detail/actuator_servos_trim__rosidl_typesupport_fastrtps_c.h\n'}
[5.618411] (px4_msgs) StdoutLine: {'line': b'-- Up-to-date: /home/pavel/ws_ros2/install/px4_msgs/include/px4_msgs/px4_msgs/msg/detail/qshell_req__rosidl_typesupport_fastrtps_c.h\n'}
[5.618468] (px4_msgs) StdoutLine: {'line': b'-- Up-to-date: /home/pavel/ws_ros2/install/px4_msgs/include/px4_msgs/px4_msgs/msg/detail/vehicle_roi__rosidl_typesupport_fastrtps_c.h\n'}
[5.618523] (px4_msgs) StdoutLine: {'line': b'-- Up-to-date: /home/pavel/ws_ros2/install/px4_msgs/include/px4_msgs/px4_msgs/msg/detail/tune_control__rosidl_typesupport_fastrtps_c.h\n'}
[5.618795] (px4_msgs) StdoutLine: {'line': b'-- Up-to-date: /home/pavel/ws_ros2/install/px4_msgs/include/px4_msgs/px4_msgs/msg/detail/vehicle_command_ack__rosidl_typesupport_fastrtps_c.h\n'}
[5.618921] (px4_msgs) StdoutLine: {'line': b'-- Up-to-date: /home/pavel/ws_ros2/install/px4_msgs/include/px4_msgs/px4_msgs/msg/detail/collision_constraints__rosidl_typesupport_fastrtps_c.h\n'}
[5.618977] (px4_msgs) StdoutLine: {'line': b'-- Up-to-date: /home/pavel/ws_ros2/install/px4_msgs/include/px4_msgs/px4_msgs/msg/detail/actuator_motors__rosidl_typesupport_fastrtps_c.h\n'}
[5.619034] (px4_msgs) StdoutLine: {'line': b'-- Up-to-date: /home/pavel/ws_ros2/install/px4_msgs/include/px4_msgs/px4_msgs/msg/detail/pps_capture__rosidl_typesupport_fastrtps_c.h\n'}
[5.619089] (px4_msgs) StdoutLine: {'line': b'-- Up-to-date: /home/pavel/ws_ros2/install/px4_msgs/include/px4_msgs/px4_msgs/msg/detail/gimbal_controls__rosidl_typesupport_fastrtps_c.h\n'}
[5.619143] (px4_msgs) StdoutLine: {'line': b'-- Up-to-date: /home/pavel/ws_ros2/install/px4_msgs/include/px4_msgs/px4_msgs/msg/detail/led_control__rosidl_typesupport_fastrtps_c.h\n'}
[5.619197] (px4_msgs) StdoutLine: {'line': b'-- Up-to-date: /home/pavel/ws_ros2/install/px4_msgs/include/px4_msgs/px4_msgs/msg/detail/parameter_reset_request__rosidl_typesupport_fastrtps_c.h\n'}
[5.619252] (px4_msgs) StdoutLine: {'line': b'-- Up-to-date: /home/pavel/ws_ros2/install/px4_msgs/include/px4_msgs/px4_msgs/msg/detail/landing_target_pose__rosidl_typesupport_fastrtps_c.h\n'}
[5.619343] (px4_msgs) StdoutLine: {'line': b'-- Up-to-date: /home/pavel/ws_ros2/install/px4_msgs/include/px4_msgs/px4_msgs/msg/detail/mavlink_tunnel__rosidl_typesupport_fastrtps_c.h\n'}
[5.619490] (px4_msgs) StdoutLine: {'line': b'-- Up-to-date: /home/pavel/ws_ros2/install/px4_msgs/include/px4_msgs/px4_msgs/msg/detail/dataman_request__rosidl_typesupport_fastrtps_c.h\n'}
[5.619550] (px4_msgs) StdoutLine: {'line': b'-- Up-to-date: /home/pavel/ws_ros2/install/px4_msgs/include/px4_msgs/px4_msgs/msg/detail/landing_target_innovations__rosidl_typesupport_fastrtps_c.h\n'}
[5.619606] (px4_msgs) StdoutLine: {'line': b'-- Up-to-date: /home/pavel/ws_ros2/install/px4_msgs/include/px4_msgs/px4_msgs/msg/detail/timesync_status__rosidl_typesupport_fastrtps_c.h\n'}
[5.619661] (px4_msgs) StdoutLine: {'line': b'-- Up-to-date: /home/pavel/ws_ros2/install/px4_msgs/include/px4_msgs/px4_msgs/msg/detail/mavlink_log__rosidl_typesupport_fastrtps_c.h\n'}
[5.619716] (px4_msgs) StdoutLine: {'line': b'-- Up-to-date: /home/pavel/ws_ros2/install/px4_msgs/include/px4_msgs/px4_msgs/msg/detail/buffer128__rosidl_typesupport_fastrtps_c.h\n'}
[5.619771] (px4_msgs) StdoutLine: {'line': b'-- Up-to-date: /home/pavel/ws_ros2/install/px4_msgs/include/px4_msgs/px4_msgs/msg/detail/vehicle_attitude__rosidl_typesupport_fastrtps_c.h\n'}
[5.619826] (px4_msgs) StdoutLine: {'line': b'-- Up-to-date: /home/pavel/ws_ros2/install/px4_msgs/include/px4_msgs/px4_msgs/msg/detail/sensor_uwb__rosidl_typesupport_fastrtps_c.h\n'}
[5.619880] (px4_msgs) StdoutLine: {'line': b'-- Up-to-date: /home/pavel/ws_ros2/install/px4_msgs/include/px4_msgs/px4_msgs/msg/detail/failure_detector_status__rosidl_typesupport_fastrtps_c.h\n'}
[5.619935] (px4_msgs) StdoutLine: {'line': b'-- Up-to-date: /home/pavel/ws_ros2/install/px4_msgs/include/px4_msgs/px4_msgs/msg/detail/vehicle_land_detected__rosidl_typesupport_fastrtps_c.h\n'}
[5.619991] (px4_msgs) StdoutLine: {'line': b'-- Up-to-date: /home/pavel/ws_ros2/install/px4_msgs/include/px4_msgs/px4_msgs/msg/detail/button_event__rosidl_typesupport_fastrtps_c.h\n'}
[5.620045] (px4_msgs) StdoutLine: {'line': b'-- Up-to-date: /home/pavel/ws_ros2/install/px4_msgs/include/px4_msgs/px4_msgs/msg/detail/gps_inject_data__rosidl_typesupport_fastrtps_c.h\n'}
[5.620100] (px4_msgs) StdoutLine: {'line': b'-- Up-to-date: /home/pavel/ws_ros2/install/px4_msgs/include/px4_msgs/px4_msgs/msg/detail/sensor_gps__rosidl_typesupport_fastrtps_c.h\n'}
[5.620154] (px4_msgs) StdoutLine: {'line': b'-- Up-to-date: /home/pavel/ws_ros2/install/px4_msgs/include/px4_msgs/px4_msgs/msg/detail/can_interface_status__rosidl_typesupport_fastrtps_c.h\n'}
[5.620209] (px4_msgs) StdoutLine: {'line': b'-- Up-to-date: /home/pavel/ws_ros2/install/px4_msgs/include/px4_msgs/px4_msgs/msg/detail/distance_sensor__rosidl_typesupport_fastrtps_c.h\n'}
[5.620305] (px4_msgs) StdoutLine: {'line': b'-- Up-to-date: /home/pavel/ws_ros2/install/px4_msgs/include/px4_msgs/px4_msgs/msg/detail/actuator_outputs__rosidl_typesupport_fastrtps_c.h\n'}
[5.620366] (px4_msgs) StdoutLine: {'line': b'-- Up-to-date: /home/pavel/ws_ros2/install/px4_msgs/include/px4_msgs/px4_msgs/msg/detail/mount_orientation__rosidl_typesupport_fastrtps_c.h\n'}
[5.620577] (px4_msgs) StdoutLine: {'line': b'-- Up-to-date: /home/pavel/ws_ros2/install/px4_msgs/include/px4_msgs/px4_msgs/msg/detail/gpio_out__rosidl_typesupport_fastrtps_c.h\n'}
[5.620637] (px4_msgs) StdoutLine: {'line': b'-- Up-to-date: /home/pavel/ws_ros2/install/px4_msgs/include/px4_msgs/px4_msgs/msg/detail/gimbal_device_set_attitude__rosidl_typesupport_fastrtps_c.h\n'}
[5.620692] (px4_msgs) StdoutLine: {'line': b'-- Up-to-date: /home/pavel/ws_ros2/install/px4_msgs/include/px4_msgs/px4_msgs/msg/detail/vehicle_trajectory_bezier__rosidl_typesupport_fastrtps_c.h\n'}
[5.620747] (px4_msgs) StdoutLine: {'line': b'-- Up-to-date: /home/pavel/ws_ros2/install/px4_msgs/include/px4_msgs/px4_msgs/msg/detail/esc_status__rosidl_typesupport_fastrtps_c.h\n'}
[5.620934] (px4_msgs) StdoutLine: {'line': b'-- Up-to-date: /home/pavel/ws_ros2/install/px4_msgs/include/px4_msgs/px4_msgs/msg/detail/estimator_states__rosidl_typesupport_fastrtps_c.h\n'}
[5.620990] (px4_msgs) StdoutLine: {'line': b'-- Up-to-date: /home/pavel/ws_ros2/install/px4_msgs/include/px4_msgs/px4_msgs/msg/detail/message_format_request__rosidl_typesupport_fastrtps_c.h\n'}
[5.621045] (px4_msgs) StdoutLine: {'line': b'-- Up-to-date: /home/pavel/ws_ros2/install/px4_msgs/include/px4_msgs/px4_msgs/msg/detail/gpio_in__rosidl_typesupport_fastrtps_c.h\n'}
[5.621100] (px4_msgs) StdoutLine: {'line': b'-- Up-to-date: /home/pavel/ws_ros2/install/px4_msgs/include/px4_msgs/px4_msgs/msg/detail/rpm__rosidl_typesupport_fastrtps_c.h\n'}
[5.621155] (px4_msgs) StdoutLine: {'line': b'-- Up-to-date: /home/pavel/ws_ros2/install/px4_msgs/include/px4_msgs/px4_msgs/msg/detail/task_stack_info__rosidl_typesupport_fastrtps_c.h\n'}
[5.621209] (px4_msgs) StdoutLine: {'line': b'-- Up-to-date: /home/pavel/ws_ros2/install/px4_msgs/include/px4_msgs/px4_msgs/msg/detail/iridiumsbd_status__rosidl_typesupport_fastrtps_c.h\n'}
[5.621263] (px4_msgs) StdoutLine: {'line': b'-- Up-to-date: /home/pavel/ws_ros2/install/px4_msgs/include/px4_msgs/px4_msgs/msg/detail/log_message__rosidl_typesupport_fastrtps_c.h\n'}
[5.621344] (px4_msgs) StdoutLine: {'line': b'-- Up-to-date: /home/pavel/ws_ros2/install/px4_msgs/include/px4_msgs/px4_msgs/msg/detail/vehicle_angular_acceleration_setpoint__rosidl_typesupport_fastrtps_c.h\n'}
[5.621494] (px4_msgs) StdoutLine: {'line': b'-- Up-to-date: /home/pavel/ws_ros2/install/px4_msgs/include/px4_msgs/px4_msgs/msg/detail/sensor_airflow__rosidl_typesupport_fastrtps_c.h\n'}
[5.621554] (px4_msgs) StdoutLine: {'line': b'-- Up-to-date: /home/pavel/ws_ros2/install/px4_msgs/include/px4_msgs/px4_msgs/msg/detail/qshell_retval__rosidl_typesupport_fastrtps_c.h\n'}
[5.621609] (px4_msgs) StdoutLine: {'line': b'-- Up-to-date: /home/pavel/ws_ros2/install/px4_msgs/include/px4_msgs/px4_msgs/msg/detail/sensor_gyro__rosidl_typesupport_fastrtps_c.h\n'}
[5.621664] (px4_msgs) StdoutLine: {'line': b'-- Up-to-date: /home/pavel/ws_ros2/install/px4_msgs/include/px4_msgs/px4_msgs/msg/detail/yaw_estimator_status__rosidl_typesupport_fastrtps_c.h\n'}
[5.621719] (px4_msgs) StdoutLine: {'line': b'-- Up-to-date: /home/pavel/ws_ros2/install/px4_msgs/include/px4_msgs/px4_msgs/msg/detail/debug_vect__rosidl_typesupport_fastrtps_c.h\n'}
[5.621774] (px4_msgs) StdoutLine: {'line': b'-- Up-to-date: /home/pavel/ws_ros2/install/px4_msgs/include/px4_msgs/px4_msgs/msg/detail/register_ext_component_reply__rosidl_typesupport_fastrtps_c.h\n'}
[5.621830] (px4_msgs) StdoutLine: {'line': b'-- Up-to-date: /home/pavel/ws_ros2/install/px4_msgs/include/px4_msgs/px4_msgs/msg/detail/position_setpoint_triplet__rosidl_typesupport_fastrtps_c.h\n'}
[5.621926] (px4_msgs) StdoutLine: {'line': b'-- Up-to-date: /home/pavel/ws_ros2/install/px4_msgs/include/px4_msgs/px4_msgs/msg/detail/launch_detection_status__rosidl_typesupport_fastrtps_c.h\n'}
[5.621982] (px4_msgs) StdoutLine: {'line': b'-- Up-to-date: /home/pavel/ws_ros2/install/px4_msgs/include/px4_msgs/px4_msgs/msg/detail/gimbal_manager_information__rosidl_typesupport_fastrtps_c.h\n'}
[5.622038] (px4_msgs) StdoutLine: {'line': b'-- Up-to-date: /home/pavel/ws_ros2/install/px4_msgs/include/px4_msgs/px4_msgs/msg/detail/sensor_baro__rosidl_typesupport_fastrtps_c.h\n'}
[5.622093] (px4_msgs) StdoutLine: {'line': b'-- Up-to-date: /home/pavel/ws_ros2/install/px4_msgs/include/px4_msgs/px4_msgs/msg/detail/velocity_limits__rosidl_typesupport_fastrtps_c.h\n'}
[5.622147] (px4_msgs) StdoutLine: {'line': b'-- Up-to-date: /home/pavel/ws_ros2/install/px4_msgs/include/px4_msgs/px4_msgs/msg/detail/logger_status__rosidl_typesupport_fastrtps_c.h\n'}
[5.622201] (px4_msgs) StdoutLine: {'line': b'-- Up-to-date: /home/pavel/ws_ros2/install/px4_msgs/include/px4_msgs/px4_msgs/msg/detail/estimator_aid_source1d__rosidl_typesupport_fastrtps_c.h\n'}
[5.622256] (px4_msgs) StdoutLine: {'line': b'-- Up-to-date: /home/pavel/ws_ros2/install/px4_msgs/include/px4_msgs/px4_msgs/msg/detail/wind__rosidl_typesupport_fastrtps_c.h\n'}
[5.622311] (px4_msgs) StdoutLine: {'line': b'-- Up-to-date: /home/pavel/ws_ros2/install/px4_msgs/include/px4_msgs/px4_msgs/msg/detail/collision_report__rosidl_typesupport_fastrtps_c.h\n'}
[5.622366] (px4_msgs) StdoutLine: {'line': b'-- Up-to-date: /home/pavel/ws_ros2/install/px4_msgs/include/px4_msgs/px4_msgs/msg/detail/npfg_status__rosidl_typesupport_fastrtps_c.h\n'}
[5.622431] (px4_msgs) StdoutLine: {'line': b'-- Up-to-date: /home/pavel/ws_ros2/install/px4_msgs/include/px4_msgs/px4_msgs/msg/detail/rc_parameter_map__rosidl_typesupport_fastrtps_c.h\n'}
[5.622488] (px4_msgs) StdoutLine: {'line': b'-- Up-to-date: /home/pavel/ws_ros2/install/px4_msgs/include/px4_msgs/px4_msgs/msg/detail/vehicle_status__rosidl_typesupport_fastrtps_c.h\n'}
[5.622543] (px4_msgs) StdoutLine: {'line': b'-- Up-to-date: /home/pavel/ws_ros2/install/px4_msgs/include/px4_msgs/px4_msgs/msg/detail/vehicle_optical_flow_vel__rosidl_typesupport_fastrtps_c.h\n'}
[5.622597] (px4_msgs) StdoutLine: {'line': b'-- Up-to-date: /home/pavel/ws_ros2/install/px4_msgs/include/px4_msgs/px4_msgs/msg/detail/fuel_tank_status__rosidl_typesupport_fastrtps_c.h\n'}
[5.622652] (px4_msgs) StdoutLine: {'line': b'-- Up-to-date: /home/pavel/ws_ros2/install/px4_msgs/include/px4_msgs/px4_msgs/msg/detail/vehicle_attitude_setpoint__rosidl_typesupport_fastrtps_c.h\n'}
[5.622706] (px4_msgs) StdoutLine: {'line': b'-- Up-to-date: /home/pavel/ws_ros2/install/px4_msgs/include/px4_msgs/px4_msgs/msg/detail/mission__rosidl_typesupport_fastrtps_c.h\n'}
[5.622995] (px4_msgs) StdoutLine: {'line': b'-- Up-to-date: /home/pavel/ws_ros2/install/px4_msgs/include/px4_msgs/px4_msgs/msg/detail/takeoff_status__rosidl_typesupport_fastrtps_c.h\n'}
[5.623053] (px4_msgs) StdoutLine: {'line': b'-- Up-to-date: /home/pavel/ws_ros2/install/px4_msgs/include/px4_msgs/px4_msgs/msg/detail/action_request__rosidl_typesupport_fastrtps_c.h\n'}
[5.623108] (px4_msgs) StdoutLine: {'line': b'-- Up-to-date: /home/pavel/ws_ros2/install/px4_msgs/include/px4_msgs/px4_msgs/msg/detail/orb_test__rosidl_typesupport_fastrtps_c.h\n'}
[5.623163] (px4_msgs) StdoutLine: {'line': b'-- Up-to-date: /home/pavel/ws_ros2/install/px4_msgs/include/px4_msgs/px4_msgs/msg/detail/vehicle_trajectory_waypoint__rosidl_typesupport_fastrtps_c.h\n'}
[5.623217] (px4_msgs) StdoutLine: {'line': b'-- Up-to-date: /home/pavel/ws_ros2/install/px4_msgs/include/px4_msgs/px4_msgs/msg/detail/power_button_state__rosidl_typesupport_fastrtps_c.h\n'}
[5.623321] (px4_msgs) StdoutLine: {'line': b'-- Up-to-date: /home/pavel/ws_ros2/install/px4_msgs/include/px4_msgs/px4_msgs/msg/detail/trajectory_waypoint__rosidl_typesupport_fastrtps_c.h\n'}
[5.623382] (px4_msgs) StdoutLine: {'line': b'-- Up-to-date: /home/pavel/ws_ros2/install/px4_msgs/include/px4_msgs/px4_msgs/msg/detail/transponder_report__rosidl_typesupport_fastrtps_c.h\n'}
[5.623513] (px4_msgs) StdoutLine: {'line': b'-- Up-to-date: /home/pavel/ws_ros2/install/px4_msgs/include/px4_msgs/px4_msgs/msg/detail/goto_setpoint__rosidl_typesupport_fastrtps_c.h\n'}
[5.623569] (px4_msgs) StdoutLine: {'line': b'-- Up-to-date: /home/pavel/ws_ros2/install/px4_msgs/include/px4_msgs/px4_msgs/msg/detail/debug_array__rosidl_typesupport_fastrtps_c.h\n'}
[5.623625] (px4_msgs) StdoutLine: {'line': b'-- Up-to-date: /home/pavel/ws_ros2/install/px4_msgs/include/px4_msgs/px4_msgs/msg/detail/rtl_status__rosidl_typesupport_fastrtps_c.h\n'}
[5.623680] (px4_msgs) StdoutLine: {'line': b'-- Up-to-date: /home/pavel/ws_ros2/install/px4_msgs/include/px4_msgs/px4_msgs/msg/detail/gimbal_device_attitude_status__rosidl_typesupport_fastrtps_c.h\n'}
[5.623735] (px4_msgs) StdoutLine: {'line': b'-- Up-to-date: /home/pavel/ws_ros2/install/px4_msgs/include/px4_msgs/px4_msgs/msg/detail/airspeed_wind__rosidl_typesupport_fastrtps_c.h\n'}
[5.623790] (px4_msgs) StdoutLine: {'line': b'-- Up-to-date: /home/pavel/ws_ros2/install/px4_msgs/include/px4_msgs/px4_msgs/msg/detail/sensor_accel_fifo__rosidl_typesupport_fastrtps_c.h\n'}
[5.623844] (px4_msgs) StdoutLine: {'line': b'-- Up-to-date: /home/pavel/ws_ros2/install/px4_msgs/include/px4_msgs/px4_msgs/msg/detail/esc_report__rosidl_typesupport_fastrtps_c.h\n'}
[5.623899] (px4_msgs) StdoutLine: {'line': b'-- Up-to-date: /home/pavel/ws_ros2/install/px4_msgs/include/px4_msgs/px4_msgs/msg/detail/ulog_stream__rosidl_typesupport_fastrtps_c.h\n'}
[5.623954] (px4_msgs) StdoutLine: {'line': b'-- Up-to-date: /home/pavel/ws_ros2/install/px4_msgs/include/px4_msgs/px4_msgs/msg/detail/orbit_status__rosidl_typesupport_fastrtps_c.h\n'}
[5.624008] (px4_msgs) StdoutLine: {'line': b'-- Up-to-date: /home/pavel/ws_ros2/install/px4_msgs/include/px4_msgs/px4_msgs/msg/detail/home_position__rosidl_typesupport_fastrtps_c.h\n'}
[5.624064] (px4_msgs) StdoutLine: {'line': b'-- Up-to-date: /home/pavel/ws_ros2/install/px4_msgs/include/px4_msgs/px4_msgs/msg/detail/sensor_hygrometer__rosidl_typesupport_fastrtps_c.h\n'}
[5.624119] (px4_msgs) StdoutLine: {'line': b'-- Up-to-date: /home/pavel/ws_ros2/install/px4_msgs/include/px4_msgs/px4_msgs/msg/detail/vehicle_magnetometer__rosidl_typesupport_fastrtps_c.h\n'}
[5.624174] (px4_msgs) StdoutLine: {'line': b'-- Up-to-date: /home/pavel/ws_ros2/install/px4_msgs/include/px4_msgs/px4_msgs/msg/detail/battery_status__rosidl_typesupport_fastrtps_c.h\n'}
[5.624229] (px4_msgs) StdoutLine: {'line': b'-- Up-to-date: /home/pavel/ws_ros2/install/px4_msgs/include/px4_msgs/px4_msgs/msg/detail/event__rosidl_typesupport_fastrtps_c.h\n'}
[5.624283] (px4_msgs) StdoutLine: {'line': b'-- Up-to-date: /home/pavel/ws_ros2/install/px4_msgs/include/px4_msgs/px4_msgs/msg/detail/actuator_controls_status__rosidl_typesupport_fastrtps_c.h\n'}
[5.624337] (px4_msgs) StdoutLine: {'line': b'-- Up-to-date: /home/pavel/ws_ros2/install/px4_msgs/include/px4_msgs/px4_msgs/msg/detail/register_ext_component_request__rosidl_typesupport_fastrtps_c.h\n'}
[5.624399] (px4_msgs) StdoutLine: {'line': b'-- Up-to-date: /home/pavel/ws_ros2/install/px4_msgs/include/px4_msgs/px4_msgs/msg/detail/differential_drive_setpoint__rosidl_typesupport_fastrtps_c.h\n'}
[5.624460] (px4_msgs) StdoutLine: {'line': b'-- Up-to-date: /home/pavel/ws_ros2/install/px4_msgs/include/px4_msgs/px4_msgs/msg/detail/radio_status__rosidl_typesupport_fastrtps_c.h\n'}
[5.624515] (px4_msgs) StdoutLine: {'line': b'-- Up-to-date: /home/pavel/ws_ros2/install/px4_msgs/include/px4_msgs/px4_msgs/msg/detail/sensors_status__rosidl_typesupport_fastrtps_c.h\n'}
[5.624570] (px4_msgs) StdoutLine: {'line': b'-- Up-to-date: /home/pavel/ws_ros2/install/px4_msgs/include/px4_msgs/px4_msgs/msg/detail/sensor_gyro_fifo__rosidl_typesupport_fastrtps_c.h\n'}
[5.624625] (px4_msgs) StdoutLine: {'line': b'-- Up-to-date: /home/pavel/ws_ros2/install/px4_msgs/include/px4_msgs/px4_msgs/msg/detail/estimator_gps_status__rosidl_typesupport_fastrtps_c.h\n'}
[5.624680] (px4_msgs) StdoutLine: {'line': b'-- Up-to-date: /home/pavel/ws_ros2/install/px4_msgs/include/px4_msgs/px4_msgs/msg/detail/camera_trigger__rosidl_typesupport_fastrtps_c.h\n'}
[5.625097] (px4_msgs) StdoutLine: {'line': b'-- Up-to-date: /home/pavel/ws_ros2/install/px4_msgs/include/px4_msgs/px4_msgs/msg/detail/generator_status__rosidl_typesupport_fastrtps_c.h\n'}
[5.625157] (px4_msgs) StdoutLine: {'line': b'-- Up-to-date: /home/pavel/ws_ros2/install/px4_msgs/include/px4_msgs/px4_msgs/msg/detail/orb_test_medium__rosidl_typesupport_fastrtps_c.h\n'}
[5.625213] (px4_msgs) StdoutLine: {'line': b'-- Up-to-date: /home/pavel/ws_ros2/install/px4_msgs/include/px4_msgs/px4_msgs/msg/detail/autotune_attitude_control_status__rosidl_typesupport_fastrtps_c.h\n'}
[5.625295] (px4_msgs) StdoutLine: {'line': b'-- Up-to-date: /home/pavel/ws_ros2/install/px4_msgs/include/px4_msgs/px4_msgs/msg/detail/gimbal_manager_set_attitude__rosidl_typesupport_fastrtps_c.h\n'}
[5.625354] (px4_msgs) StdoutLine: {'line': b'-- Up-to-date: /home/pavel/ws_ros2/install/px4_msgs/include/px4_msgs/px4_msgs/msg/detail/gps_dump__rosidl_typesupport_fastrtps_c.h\n'}
[5.625420] (px4_msgs) StdoutLine: {'line': b'-- Up-to-date: /home/pavel/ws_ros2/install/px4_msgs/include/px4_msgs/px4_msgs/msg/detail/camera_status__rosidl_typesupport_fastrtps_c.h\n'}
[5.625477] (px4_msgs) StdoutLine: {'line': b'-- Up-to-date: /home/pavel/ws_ros2/install/px4_msgs/include/px4_msgs/px4_msgs/msg/detail/mag_worker_data__rosidl_typesupport_fastrtps_c.h\n'}
[5.625531] (px4_msgs) StdoutLine: {'line': b'-- Up-to-date: /home/pavel/ws_ros2/install/px4_msgs/include/px4_msgs/px4_msgs/msg/detail/vehicle_angular_velocity__rosidl_typesupport_fastrtps_c.h\n'}
[5.625586] (px4_msgs) StdoutLine: {'line': b'-- Up-to-date: /home/pavel/ws_ros2/install/px4_msgs/include/px4_msgs/px4_msgs/msg/detail/vehicle_air_data__rosidl_typesupport_fastrtps_c.h\n'}
[5.625640] (px4_msgs) StdoutLine: {'line': b'-- Up-to-date: /home/pavel/ws_ros2/install/px4_msgs/include/px4_msgs/px4_msgs/msg/detail/vehicle_torque_setpoint__rosidl_typesupport_fastrtps_c.h\n'}
[5.625695] (px4_msgs) StdoutLine: {'line': b'-- Up-to-date: /home/pavel/ws_ros2/install/px4_msgs/include/px4_msgs/px4_msgs/msg/detail/vtol_vehicle_status__rosidl_typesupport_fastrtps_c.h\n'}
[5.625749] (px4_msgs) StdoutLine: {'line': b'-- Up-to-date: /home/pavel/ws_ros2/install/px4_msgs/include/px4_msgs/px4_msgs/msg/detail/sensor_selection__rosidl_typesupport_fastrtps_c.h\n'}
[5.625803] (px4_msgs) StdoutLine: {'line': b'-- Up-to-date: /home/pavel/ws_ros2/install/px4_msgs/include/px4_msgs/px4_msgs/msg/detail/sensor_gnss_relative__rosidl_typesupport_fastrtps_c.h\n'}
[5.625857] (px4_msgs) StdoutLine: {'line': b'-- Up-to-date: /home/pavel/ws_ros2/install/px4_msgs/include/px4_msgs/px4_msgs/msg/detail/follow_target_estimator__rosidl_typesupport_fastrtps_c.h\n'}
[5.625911] (px4_msgs) StdoutLine: {'line': b'-- Up-to-date: /home/pavel/ws_ros2/install/px4_msgs/include/px4_msgs/px4_msgs/msg/detail/magnetometer_bias_estimate__rosidl_typesupport_fastrtps_c.h\n'}
[5.625966] (px4_msgs) StdoutLine: {'line': b'-- Up-to-date: /home/pavel/ws_ros2/install/px4_msgs/include/px4_msgs/px4_msgs/msg/detail/sensor_preflight_mag__rosidl_typesupport_fastrtps_c.h\n'}
[5.626020] (px4_msgs) StdoutLine: {'line': b'-- Up-to-date: /home/pavel/ws_ros2/install/px4_msgs/include/px4_msgs/px4_msgs/msg/detail/hover_thrust_estimate__rosidl_typesupport_fastrtps_c.h\n'}
[5.626074] (px4_msgs) StdoutLine: {'line': b'-- Up-to-date: /home/pavel/ws_ros2/install/px4_msgs/include/px4_msgs/px4_msgs/msg/detail/manual_control_switches__rosidl_typesupport_fastrtps_c.h\n'}
[5.626128] (px4_msgs) StdoutLine: {'line': b'-- Up-to-date: /home/pavel/ws_ros2/install/px4_msgs/include/px4_msgs/px4_msgs/msg/detail/vehicle_control_mode__rosidl_typesupport_fastrtps_c.h\n'}
[5.626183] (px4_msgs) StdoutLine: {'line': b'-- Up-to-date: /home/pavel/ws_ros2/install/px4_msgs/include/px4_msgs/px4_msgs/msg/detail/ping__rosidl_typesupport_fastrtps_c.h\n'}
[5.626239] (px4_msgs) StdoutLine: {'line': b'-- Up-to-date: /home/pavel/ws_ros2/install/px4_msgs/include/px4_msgs/px4_msgs/msg/detail/navigator_mission_item__rosidl_typesupport_fastrtps_c.h\n'}
[5.626360] (px4_msgs) StdoutLine: {'line': b'-- Up-to-date: /home/pavel/ws_ros2/install/px4_msgs/include/px4_msgs/px4_msgs/msg/detail/sensor_correction__rosidl_typesupport_fastrtps_c.h\n'}
[5.626425] (px4_msgs) StdoutLine: {'line': b'-- Up-to-date: /home/pavel/ws_ros2/install/px4_msgs/include/px4_msgs/px4_msgs/msg/detail/debug_key_value__rosidl_typesupport_fastrtps_c.h\n'}
[5.626482] (px4_msgs) StdoutLine: {'line': b'-- Up-to-date: /home/pavel/ws_ros2/install/px4_msgs/include/px4_msgs/px4_msgs/msg/detail/position_controller_status__rosidl_typesupport_fastrtps_c.h\n'}
[5.626537] (px4_msgs) StdoutLine: {'line': b'-- Up-to-date: /home/pavel/ws_ros2/install/px4_msgs/include/px4_msgs/px4_msgs/msg/detail/sensor_optical_flow__rosidl_typesupport_fastrtps_c.h\n'}
[5.626592] (px4_msgs) StdoutLine: {'line': b'-- Up-to-date: /home/pavel/ws_ros2/install/px4_msgs/include/px4_msgs/px4_msgs/msg/detail/manual_control_setpoint__rosidl_typesupport_fastrtps_c.h\n'}
[5.626648] (px4_msgs) StdoutLine: {'line': b'-- Up-to-date: /home/pavel/ws_ros2/install/px4_msgs/include/px4_msgs/px4_msgs/msg/detail/arming_check_request__rosidl_typesupport_fastrtps_c.h\n'}
[5.626703] (px4_msgs) StdoutLine: {'line': b'-- Up-to-date: /home/pavel/ws_ros2/install/px4_msgs/include/px4_msgs/px4_msgs/msg/detail/estimator_aid_source3d__rosidl_typesupport_fastrtps_c.h\n'}
[5.626758] (px4_msgs) StdoutLine: {'line': b'-- Up-to-date: /home/pavel/ws_ros2/install/px4_msgs/include/px4_msgs/px4_msgs/msg/detail/trajectory_setpoint__rosidl_typesupport_fastrtps_c.h\n'}
[5.627089] (px4_msgs) StdoutLine: {'line': b'-- Up-to-date: /home/pavel/ws_ros2/install/px4_msgs/include/px4_msgs/px4_msgs/msg/detail/geofence_status__rosidl_typesupport_fastrtps_c.h\n'}
[5.627172] (px4_msgs) StdoutLine: {'line': b'-- Up-to-date: /home/pavel/ws_ros2/install/px4_msgs/include/px4_msgs/px4_msgs/msg/detail/landing_gear_wheel__rosidl_typesupport_fastrtps_c.h\n'}
[5.627225] (px4_msgs) StdoutLine: {'line': b'-- Up-to-date: /home/pavel/ws_ros2/install/px4_msgs/include/px4_msgs/px4_msgs/msg/detail/trajectory_bezier__rosidl_typesupport_fastrtps_c.h\n'}
[5.627274] (px4_msgs) StdoutLine: {'line': b'-- Up-to-date: /home/pavel/ws_ros2/install/px4_msgs/include/px4_msgs/px4_msgs/msg/detail/health_report__rosidl_typesupport_fastrtps_c.h\n'}
[5.627323] (px4_msgs) StdoutLine: {'line': b'-- Up-to-date: /home/pavel/ws_ros2/install/px4_msgs/include/px4_msgs/px4_msgs/msg/detail/gimbal_device_information__rosidl_typesupport_fastrtps_c.h\n'}
[5.627372] (px4_msgs) StdoutLine: {'line': b'-- Up-to-date: /home/pavel/ws_ros2/install/px4_msgs/include/px4_msgs/px4_msgs/msg/detail/dataman_response__rosidl_typesupport_fastrtps_c.h\n'}
[5.627432] (px4_msgs) StdoutLine: {'line': b'-- Up-to-date: /home/pavel/ws_ros2/install/px4_msgs/include/px4_msgs/px4_msgs/msg/detail/airspeed__rosidl_typesupport_fastrtps_c.h\n'}
[5.627482] (px4_msgs) StdoutLine: {'line': b'-- Up-to-date: /home/pavel/ws_ros2/install/px4_msgs/include/px4_msgs/px4_msgs/msg/detail/power_monitor__rosidl_typesupport_fastrtps_c.h\n'}
[5.627531] (px4_msgs) StdoutLine: {'line': b'-- Up-to-date: /home/pavel/ws_ros2/install/px4_msgs/include/px4_msgs/px4_msgs/msg/detail/debug_value__rosidl_typesupport_fastrtps_c.h\n'}
[5.627579] (px4_msgs) StdoutLine: {'line': b'-- Up-to-date: /home/pavel/ws_ros2/install/px4_msgs/include/px4_msgs/px4_msgs/msg/detail/vehicle_rates_setpoint__rosidl_typesupport_fastrtps_c.h\n'}
[5.627628] (px4_msgs) StdoutLine: {'line': b'-- Up-to-date: /home/pavel/ws_ros2/install/px4_msgs/include/px4_msgs/px4_msgs/msg/detail/parameter_set_value_response__rosidl_typesupport_fastrtps_c.h\n'}
[5.627681] (px4_msgs) StdoutLine: {'line': b'-- Up-to-date: /home/pavel/ws_ros2/install/px4_msgs/include/px4_msgs/px4_msgs/msg/detail/heater_status__rosidl_typesupport_fastrtps_c.h\n'}
[5.627735] (px4_msgs) StdoutLine: {'line': b'-- Up-to-date: /home/pavel/ws_ros2/install/px4_msgs/include/px4_msgs/px4_msgs/msg/detail/vehicle_global_position__rosidl_typesupport_fastrtps_c.h\n'}
[5.627790] (px4_msgs) StdoutLine: {'line': b'-- Up-to-date: /home/pavel/ws_ros2/install/px4_msgs/include/px4_msgs/px4_msgs/msg/detail/gpio_config__rosidl_typesupport_fastrtps_c.h\n'}
[5.627869] (px4_msgs) StdoutLine: {'line': b'-- Up-to-date: /home/pavel/ws_ros2/install/px4_msgs/include/px4_msgs/px4_msgs/msg/detail/sensor_accel__rosidl_typesupport_fastrtps_c.h\n'}
[5.627918] (px4_msgs) StdoutLine: {'line': b'-- Up-to-date: /home/pavel/ws_ros2/install/px4_msgs/include/px4_msgs/px4_msgs/msg/detail/pwm_input__rosidl_typesupport_fastrtps_c.h\n'}
[5.627966] (px4_msgs) StdoutLine: {'line': b'-- Up-to-date: /home/pavel/ws_ros2/install/px4_msgs/include/px4_msgs/px4_msgs/msg/detail/system_power__rosidl_typesupport_fastrtps_c.h\n'}
[5.628014] (px4_msgs) StdoutLine: {'line': b'-- Up-to-date: /home/pavel/ws_ros2/install/px4_msgs/include/px4_msgs/px4_msgs/msg/detail/wheel_encoders__rosidl_typesupport_fastrtps_c.h\n'}
[5.628062] (px4_msgs) StdoutLine: {'line': b'-- Up-to-date: /home/pavel/ws_ros2/install/px4_msgs/include/px4_msgs/px4_msgs/msg/detail/estimator_selector_status__rosidl_typesupport_fastrtps_c.h\n'}
[5.628110] (px4_msgs) StdoutLine: {'line': b'-- Up-to-date: /home/pavel/ws_ros2/install/px4_msgs/include/px4_msgs/px4_msgs/msg/detail/message_format_response__rosidl_typesupport_fastrtps_c.h\n'}
[5.628158] (px4_msgs) StdoutLine: {'line': b'-- Up-to-date: /home/pavel/ws_ros2/install/px4_msgs/include/px4_msgs/px4_msgs/msg/detail/vehicle_imu_status__rosidl_typesupport_fastrtps_c.h\n'}
[5.628206] (px4_msgs) StdoutLine: {'line': b'-- Up-to-date: /home/pavel/ws_ros2/install/px4_msgs/include/px4_msgs/px4_msgs/msg/detail/follow_target__rosidl_typesupport_fastrtps_c.h\n'}
[5.628253] (px4_msgs) StdoutLine: {'line': b'-- Up-to-date: /home/pavel/ws_ros2/install/px4_msgs/include/px4_msgs/px4_msgs/msg/detail/arming_check_reply__rosidl_typesupport_fastrtps_c.h\n'}
[5.628303] (px4_msgs) StdoutLine: {'line': b'-- Up-to-date: /home/pavel/ws_ros2/install/px4_msgs/include/px4_msgs/px4_msgs/msg/detail/parameter_update__rosidl_typesupport_fastrtps_c.h\n'}
[5.628356] (px4_msgs) StdoutLine: {'line': b'-- Up-to-date: /home/pavel/ws_ros2/install/px4_msgs/include/px4_msgs/px4_msgs/msg/detail/px4io_status__rosidl_typesupport_fastrtps_c.h\n'}
[5.628422] (px4_msgs) StdoutLine: {'line': b'-- Up-to-date: /home/pavel/ws_ros2/install/px4_msgs/include/px4_msgs/px4_msgs/msg/detail/vehicle_local_position_setpoint__rosidl_typesupport_fastrtps_c.h\n'}
[5.628478] (px4_msgs) StdoutLine: {'line': b'-- Up-to-date: /home/pavel/ws_ros2/install/px4_msgs/include/px4_msgs/px4_msgs/msg/detail/internal_combustion_engine_status__rosidl_typesupport_fastrtps_c.h\n'}
[5.628533] (px4_msgs) StdoutLine: {'line': b'-- Up-to-date: /home/pavel/ws_ros2/install/px4_msgs/include/px4_msgs/px4_msgs/msg/detail/gimbal_manager_status__rosidl_typesupport_fastrtps_c.h\n'}
[5.628587] (px4_msgs) StdoutLine: {'line': b'-- Up-to-date: /home/pavel/ws_ros2/install/px4_msgs/include/px4_msgs/px4_msgs/msg/detail/estimator_sensor_bias__rosidl_typesupport_fastrtps_c.h\n'}
[5.628682] (px4_msgs) StdoutLine: {'line': b'-- Up-to-date: /home/pavel/ws_ros2/install/px4_msgs/include/px4_msgs/px4_msgs/msg/detail/obstacle_distance__rosidl_typesupport_fastrtps_c.h\n'}
[5.628732] (px4_msgs) StdoutLine: {'line': b'-- Up-to-date: /home/pavel/ws_ros2/install/px4_msgs/include/px4_msgs/px4_msgs/msg/detail/sensor_mag__rosidl_typesupport_fastrtps_c.h\n'}
[5.628781] (px4_msgs) StdoutLine: {'line': b'-- Up-to-date: /home/pavel/ws_ros2/install/px4_msgs/include/px4_msgs/px4_msgs/msg/detail/follow_target_status__rosidl_typesupport_fastrtps_c.h\n'}
[5.628829] (px4_msgs) StdoutLine: {'line': b'-- Up-to-date: /home/pavel/ws_ros2/install/px4_msgs/include/px4_msgs/px4_msgs/msg/detail/estimator_event_flags__rosidl_typesupport_fastrtps_c.h\n'}
[5.628884] (px4_msgs) StdoutLine: {'line': b'-- Up-to-date: /home/pavel/ws_ros2/install/px4_msgs/include/px4_msgs/px4_msgs/msg/detail/cellular_status__rosidl_typesupport_fastrtps_c.h\n'}
[5.628938] (px4_msgs) StdoutLine: {'line': b'-- Up-to-date: /home/pavel/ws_ros2/install/px4_msgs/include/px4_msgs/px4_msgs/msg/detail/mission_result__rosidl_typesupport_fastrtps_c.h\n'}
[5.629014] (px4_msgs) StdoutLine: {'line': b'-- Up-to-date: /home/pavel/ws_ros2/install/px4_msgs/include/px4_msgs/px4_msgs/msg/detail/rtl_time_estimate__rosidl_typesupport_fastrtps_c.h\n'}
[5.629063] (px4_msgs) StdoutLine: {'line': b'-- Up-to-date: /home/pavel/ws_ros2/install/px4_msgs/include/px4_msgs/px4_msgs/msg/detail/vehicle_imu__rosidl_typesupport_fastrtps_c.h\n'}
[5.629111] (px4_msgs) StdoutLine: {'line': b'-- Up-to-date: /home/pavel/ws_ros2/install/px4_msgs/include/px4_msgs/px4_msgs/msg/detail/differential_pressure__rosidl_typesupport_fastrtps_c.h\n'}
[5.629165] (px4_msgs) StdoutLine: {'line': b'-- Up-to-date: /home/pavel/ws_ros2/install/px4_msgs/include/px4_msgs/px4_msgs/msg/detail/parameter_set_value_request__rosidl_typesupport_fastrtps_c.h\n'}
[5.629219] (px4_msgs) StdoutLine: {'line': b'-- Up-to-date: /home/pavel/ws_ros2/install/px4_msgs/include/px4_msgs/px4_msgs/msg/detail/config_overrides__rosidl_typesupport_fastrtps_c.h\n'}
[5.629273] (px4_msgs) StdoutLine: {'line': b'-- Up-to-date: /home/pavel/ws_ros2/install/px4_msgs/include/px4_msgs/px4_msgs/msg/detail/geofence_result__rosidl_typesupport_fastrtps_c.h\n'}
[5.629327] (px4_msgs) StdoutLine: {'line': b'-- Up-to-date: /home/pavel/ws_ros2/install/px4_msgs/include/px4_msgs/px4_msgs/msg/detail/tecs_status__rosidl_typesupport_fastrtps_c.h\n'}
[5.629385] (px4_msgs) StdoutLine: {'line': b'-- Up-to-date: /home/pavel/ws_ros2/install/px4_msgs/include/px4_msgs/px4_msgs/msg/detail/figure_eight_status__rosidl_typesupport_fastrtps_c.h\n'}
[5.629445] (px4_msgs) StdoutLine: {'line': b'-- Up-to-date: /home/pavel/ws_ros2/install/px4_msgs/include/px4_msgs/px4_msgs/msg/detail/adc_report__rosidl_typesupport_fastrtps_c.h\n'}
[5.629499] (px4_msgs) StdoutLine: {'line': b'-- Up-to-date: /home/pavel/ws_ros2/install/px4_msgs/include/px4_msgs/px4_msgs/msg/detail/gpio_request__rosidl_typesupport_fastrtps_c.h\n'}
[5.629553] (px4_msgs) StdoutLine: {'line': b'-- Up-to-date: /home/pavel/ws_ros2/install/px4_msgs/include/px4_msgs/px4_msgs/msg/detail/normalized_unsigned_setpoint__rosidl_typesupport_fastrtps_c.h\n'}
[5.629608] (px4_msgs) StdoutLine: {'line': b'-- Up-to-date: /home/pavel/ws_ros2/install/px4_msgs/include/px4_msgs/px4_msgs/msg/detail/vehicle_local_position__rosidl_typesupport_fastrtps_c.h\n'}
[5.629661] (px4_msgs) StdoutLine: {'line': b'-- Up-to-date: /home/pavel/ws_ros2/install/px4_msgs/include/px4_msgs/px4_msgs/msg/detail/estimator_status_flags__rosidl_typesupport_fastrtps_c.h\n'}
[5.629716] (px4_msgs) StdoutLine: {'line': b'-- Up-to-date: /home/pavel/ws_ros2/install/px4_msgs/include/px4_msgs/px4_msgs/msg/detail/mode_completed__rosidl_typesupport_fastrtps_c.h\n'}
[5.629770] (px4_msgs) StdoutLine: {'line': b'-- Up-to-date: /home/pavel/ws_ros2/install/px4_msgs/include/px4_msgs/px4_msgs/msg/detail/rate_ctrl_status__rosidl_typesupport_fastrtps_c.h\n'}
[5.629824] (px4_msgs) StdoutLine: {'line': b'-- Up-to-date: /home/pavel/ws_ros2/install/px4_msgs/include/px4_msgs/px4_msgs/msg/detail/flight_phase_estimation__rosidl_typesupport_fastrtps_c.h\n'}
[5.629878] (px4_msgs) StdoutLine: {'line': b'-- Up-to-date: /home/pavel/ws_ros2/install/px4_msgs/include/px4_msgs/px4_msgs/msg/rosidl_typesupport_fastrtps_c__visibility_control.h\n'}
[5.629933] (px4_msgs) StdoutLine: {'line': b'-- Up-to-date: /home/pavel/ws_ros2/install/px4_msgs/lib/libpx4_msgs__rosidl_typesupport_fastrtps_c.so\n'}
[5.629987] (px4_msgs) StdoutLine: {'line': b'-- Up-to-date: /home/pavel/ws_ros2/install/px4_msgs/include/px4_msgs/px4_msgs\n'}
[5.630042] (px4_msgs) StdoutLine: {'line': b'-- Up-to-date: /home/pavel/ws_ros2/install/px4_msgs/include/px4_msgs/px4_msgs/srv\n'}
[5.630096] (px4_msgs) StdoutLine: {'line': b'-- Up-to-date: /home/pavel/ws_ros2/install/px4_msgs/include/px4_msgs/px4_msgs/srv/detail\n'}
[5.630151] (px4_msgs) StdoutLine: {'line': b'-- Up-to-date: /home/pavel/ws_ros2/install/px4_msgs/include/px4_msgs/px4_msgs/srv/detail/vehicle_command__traits.hpp\n'}
[5.630205] (px4_msgs) StdoutLine: {'line': b'-- Up-to-date: /home/pavel/ws_ros2/install/px4_msgs/include/px4_msgs/px4_msgs/srv/detail/vehicle_command__builder.hpp\n'}
[5.630330] (px4_msgs) StdoutLine: {'line': b'-- Up-to-date: /home/pavel/ws_ros2/install/px4_msgs/include/px4_msgs/px4_msgs/srv/detail/vehicle_command__type_support.hpp\n'}
[5.630386] (px4_msgs) StdoutLine: {'line': b'-- Up-to-date: /home/pavel/ws_ros2/install/px4_msgs/include/px4_msgs/px4_msgs/srv/detail/vehicle_command__struct.hpp\n'}
[5.630469] (px4_msgs) StdoutLine: {'line': b'-- Up-to-date: /home/pavel/ws_ros2/install/px4_msgs/include/px4_msgs/px4_msgs/srv/vehicle_command.hpp\n'}
[5.630519] (px4_msgs) StdoutLine: {'line': b'-- Up-to-date: /home/pavel/ws_ros2/install/px4_msgs/include/px4_msgs/px4_msgs/msg\n'}
[5.630573] (px4_msgs) StdoutLine: {'line': b'-- Up-to-date: /home/pavel/ws_ros2/install/px4_msgs/include/px4_msgs/px4_msgs/msg/iridiumsbd_status.hpp\n'}
[5.630627] (px4_msgs) StdoutLine: {'line': b'-- Up-to-date: /home/pavel/ws_ros2/install/px4_msgs/include/px4_msgs/px4_msgs/msg/position_controller_status.hpp\n'}
[5.630680] (px4_msgs) StdoutLine: {'line': b'-- Up-to-date: /home/pavel/ws_ros2/install/px4_msgs/include/px4_msgs/px4_msgs/msg/gpio_request.hpp\n'}
[5.630733] (px4_msgs) StdoutLine: {'line': b'-- Up-to-date: /home/pavel/ws_ros2/install/px4_msgs/include/px4_msgs/px4_msgs/msg/actuator_motors.hpp\n'}
[5.630787] (px4_msgs) StdoutLine: {'line': b'-- Up-to-date: /home/pavel/ws_ros2/install/px4_msgs/include/px4_msgs/px4_msgs/msg/vehicle_attitude_setpoint.hpp\n'}
[5.630841] (px4_msgs) StdoutLine: {'line': b'-- Up-to-date: /home/pavel/ws_ros2/install/px4_msgs/include/px4_msgs/px4_msgs/msg/npfg_status.hpp\n'}
[5.630895] (px4_msgs) StdoutLine: {'line': b'-- Up-to-date: /home/pavel/ws_ros2/install/px4_msgs/include/px4_msgs/px4_msgs/msg/mavlink_tunnel.hpp\n'}
[5.630948] (px4_msgs) StdoutLine: {'line': b'-- Up-to-date: /home/pavel/ws_ros2/install/px4_msgs/include/px4_msgs/px4_msgs/msg/landing_gear_wheel.hpp\n'}
[5.631002] (px4_msgs) StdoutLine: {'line': b'-- Up-to-date: /home/pavel/ws_ros2/install/px4_msgs/include/px4_msgs/px4_msgs/msg/gripper.hpp\n'}
[5.631056] (px4_msgs) StdoutLine: {'line': b'-- Up-to-date: /home/pavel/ws_ros2/install/px4_msgs/include/px4_msgs/px4_msgs/msg/wheel_encoders.hpp\n'}
[5.631109] (px4_msgs) StdoutLine: {'line': b'-- Up-to-date: /home/pavel/ws_ros2/install/px4_msgs/include/px4_msgs/px4_msgs/msg/transponder_report.hpp\n'}
[5.631163] (px4_msgs) StdoutLine: {'line': b'-- Up-to-date: /home/pavel/ws_ros2/install/px4_msgs/include/px4_msgs/px4_msgs/msg/estimator_states.hpp\n'}
[5.631216] (px4_msgs) StdoutLine: {'line': b'-- Up-to-date: /home/pavel/ws_ros2/install/px4_msgs/include/px4_msgs/px4_msgs/msg/parameter_set_value_request.hpp\n'}
[5.631271] (px4_msgs) StdoutLine: {'line': b'-- Up-to-date: /home/pavel/ws_ros2/install/px4_msgs/include/px4_msgs/px4_msgs/msg/debug_value.hpp\n'}
[5.631324] (px4_msgs) StdoutLine: {'line': b'-- Up-to-date: /home/pavel/ws_ros2/install/px4_msgs/include/px4_msgs/px4_msgs/msg/vehicle_angular_velocity.hpp\n'}
[5.631382] (px4_msgs) StdoutLine: {'line': b'-- Up-to-date: /home/pavel/ws_ros2/install/px4_msgs/include/px4_msgs/px4_msgs/msg/navigator_mission_item.hpp\n'}
[5.631443] (px4_msgs) StdoutLine: {'line': b'-- Up-to-date: /home/pavel/ws_ros2/install/px4_msgs/include/px4_msgs/px4_msgs/msg/vehicle_global_position.hpp\n'}
[5.631497] (px4_msgs) StdoutLine: {'line': b'-- Up-to-date: /home/pavel/ws_ros2/install/px4_msgs/include/px4_msgs/px4_msgs/msg/sensor_baro.hpp\n'}
[5.631551] (px4_msgs) StdoutLine: {'line': b'-- Up-to-date: /home/pavel/ws_ros2/install/px4_msgs/include/px4_msgs/px4_msgs/msg/sensors_status_imu.hpp\n'}
[5.631604] (px4_msgs) StdoutLine: {'line': b'-- Up-to-date: /home/pavel/ws_ros2/install/px4_msgs/include/px4_msgs/px4_msgs/msg/ulog_stream_ack.hpp\n'}
[5.631658] (px4_msgs) StdoutLine: {'line': b'-- Up-to-date: /home/pavel/ws_ros2/install/px4_msgs/include/px4_msgs/px4_msgs/msg/led_control.hpp\n'}
[5.631712] (px4_msgs) StdoutLine: {'line': b'-- Up-to-date: /home/pavel/ws_ros2/install/px4_msgs/include/px4_msgs/px4_msgs/msg/debug_array.hpp\n'}
[5.631766] (px4_msgs) StdoutLine: {'line': b'-- Up-to-date: /home/pavel/ws_ros2/install/px4_msgs/include/px4_msgs/px4_msgs/msg/gpio_in.hpp\n'}
[5.631848] (px4_msgs) StdoutLine: {'line': b'-- Up-to-date: /home/pavel/ws_ros2/install/px4_msgs/include/px4_msgs/px4_msgs/msg/vehicle_rates_setpoint.hpp\n'}
[5.631902] (px4_msgs) StdoutLine: {'line': b'-- Up-to-date: /home/pavel/ws_ros2/install/px4_msgs/include/px4_msgs/px4_msgs/msg/message_format_request.hpp\n'}
[5.631957] (px4_msgs) StdoutLine: {'line': b'-- Up-to-date: /home/pavel/ws_ros2/install/px4_msgs/include/px4_msgs/px4_msgs/msg/detail\n'}
[5.632011] (px4_msgs) StdoutLine: {'line': b'-- Up-to-date: /home/pavel/ws_ros2/install/px4_msgs/include/px4_msgs/px4_msgs/msg/detail/actuator_outputs__struct.hpp\n'}
[5.632065] (px4_msgs) StdoutLine: {'line': b'-- Up-to-date: /home/pavel/ws_ros2/install/px4_msgs/include/px4_msgs/px4_msgs/msg/detail/velocity_limits__struct.hpp\n'}
[5.632119] (px4_msgs) StdoutLine: {'line': b'-- Up-to-date: /home/pavel/ws_ros2/install/px4_msgs/include/px4_msgs/px4_msgs/msg/detail/failsafe_flags__builder.hpp\n'}
[5.632172] (px4_msgs) StdoutLine: {'line': b'-- Up-to-date: /home/pavel/ws_ros2/install/px4_msgs/include/px4_msgs/px4_msgs/msg/detail/sensor_gnss_relative__struct.hpp\n'}
[5.632226] (px4_msgs) StdoutLine: {'line': b'-- Up-to-date: /home/pavel/ws_ros2/install/px4_msgs/include/px4_msgs/px4_msgs/msg/detail/uavcan_parameter_value__builder.hpp\n'}
[5.632456] (px4_msgs) StdoutLine: {'line': b'-- Up-to-date: /home/pavel/ws_ros2/install/px4_msgs/include/px4_msgs/px4_msgs/msg/detail/trajectory_waypoint__traits.hpp\n'}
[5.632518] (px4_msgs) StdoutLine: {'line': b'-- Up-to-date: /home/pavel/ws_ros2/install/px4_msgs/include/px4_msgs/px4_msgs/msg/detail/power_monitor__struct.hpp\n'}
[5.632572] (px4_msgs) StdoutLine: {'line': b'-- Up-to-date: /home/pavel/ws_ros2/install/px4_msgs/include/px4_msgs/px4_msgs/msg/detail/sensor_gps__struct.hpp\n'}
[5.632626] (px4_msgs) StdoutLine: {'line': b'-- Up-to-date: /home/pavel/ws_ros2/install/px4_msgs/include/px4_msgs/px4_msgs/msg/detail/gpio_config__traits.hpp\n'}
[5.632679] (px4_msgs) StdoutLine: {'line': b'-- Up-to-date: /home/pavel/ws_ros2/install/px4_msgs/include/px4_msgs/px4_msgs/msg/detail/parameter_set_value_response__builder.hpp\n'}
[5.632733] (px4_msgs) StdoutLine: {'line': b'-- Up-to-date: /home/pavel/ws_ros2/install/px4_msgs/include/px4_msgs/px4_msgs/msg/detail/esc_report__builder.hpp\n'}
[5.632995] (px4_msgs) StdoutLine: {'line': b'-- Up-to-date: /home/pavel/ws_ros2/install/px4_msgs/include/px4_msgs/px4_msgs/msg/detail/geofence_result__traits.hpp\n'}
[5.633051] (px4_msgs) StdoutLine: {'line': b'-- Up-to-date: /home/pavel/ws_ros2/install/px4_msgs/include/px4_msgs/px4_msgs/msg/detail/debug_vect__struct.hpp\n'}
[5.633105] (px4_msgs) StdoutLine: {'line': b'-- Up-to-date: /home/pavel/ws_ros2/install/px4_msgs/include/px4_msgs/px4_msgs/msg/detail/orb_test_medium__builder.hpp\n'}
[5.633160] (px4_msgs) StdoutLine: {'line': b'-- Up-to-date: /home/pavel/ws_ros2/install/px4_msgs/include/px4_msgs/px4_msgs/msg/detail/arming_check_request__traits.hpp\n'}
[5.633214] (px4_msgs) StdoutLine: {'line': b'-- Up-to-date: /home/pavel/ws_ros2/install/px4_msgs/include/px4_msgs/px4_msgs/msg/detail/register_ext_component_request__struct.hpp\n'}
[5.633268] (px4_msgs) StdoutLine: {'line': b'-- Up-to-date: /home/pavel/ws_ros2/install/px4_msgs/include/px4_msgs/px4_msgs/msg/detail/navigator_mission_item__struct.hpp\n'}
[5.633321] (px4_msgs) StdoutLine: {'line': b'-- Up-to-date: /home/pavel/ws_ros2/install/px4_msgs/include/px4_msgs/px4_msgs/msg/detail/vehicle_global_position__type_support.hpp\n'}
[5.633379] (px4_msgs) StdoutLine: {'line': b'-- Up-to-date: /home/pavel/ws_ros2/install/px4_msgs/include/px4_msgs/px4_msgs/msg/detail/logger_status__builder.hpp\n'}
[5.633440] (px4_msgs) StdoutLine: {'line': b'-- Up-to-date: /home/pavel/ws_ros2/install/px4_msgs/include/px4_msgs/px4_msgs/msg/detail/position_controller_landing_status__traits.hpp\n'}
[5.633494] (px4_msgs) StdoutLine: {'line': b'-- Up-to-date: /home/pavel/ws_ros2/install/px4_msgs/include/px4_msgs/px4_msgs/msg/detail/arming_check_reply__struct.hpp\n'}
[5.633548] (px4_msgs) StdoutLine: {'line': b'-- Up-to-date: /home/pavel/ws_ros2/install/px4_msgs/include/px4_msgs/px4_msgs/msg/detail/gimbal_manager_set_manual_control__type_support.hpp\n'}
[5.633639] (px4_msgs) StdoutLine: {'line': b'-- Up-to-date: /home/pavel/ws_ros2/install/px4_msgs/include/px4_msgs/px4_msgs/msg/detail/arming_check_reply__type_support.hpp\n'}
[5.633694] (px4_msgs) StdoutLine: {'line': b'-- Up-to-date: /home/pavel/ws_ros2/install/px4_msgs/include/px4_msgs/px4_msgs/msg/detail/input_rc__struct.hpp\n'}
[5.633748] (px4_msgs) StdoutLine: {'line': b'-- Up-to-date: /home/pavel/ws_ros2/install/px4_msgs/include/px4_msgs/px4_msgs/msg/detail/velocity_limits__builder.hpp\n'}
[5.633802] (px4_msgs) StdoutLine: {'line': b'-- Up-to-date: /home/pavel/ws_ros2/install/px4_msgs/include/px4_msgs/px4_msgs/msg/detail/vehicle_roi__builder.hpp\n'}
[5.633857] (px4_msgs) StdoutLine: {'line': b'-- Up-to-date: /home/pavel/ws_ros2/install/px4_msgs/include/px4_msgs/px4_msgs/msg/detail/estimator_aid_source3d__builder.hpp\n'}
[5.633911] (px4_msgs) StdoutLine: {'line': b'-- Up-to-date: /home/pavel/ws_ros2/install/px4_msgs/include/px4_msgs/px4_msgs/msg/detail/irlock_report__struct.hpp\n'}
[5.633965] (px4_msgs) StdoutLine: {'line': b'-- Up-to-date: /home/pavel/ws_ros2/install/px4_msgs/include/px4_msgs/px4_msgs/msg/detail/sensor_gnss_relative__type_support.hpp\n'}
[5.634019] (px4_msgs) StdoutLine: {'line': b'-- Up-to-date: /home/pavel/ws_ros2/install/px4_msgs/include/px4_msgs/px4_msgs/msg/detail/buffer128__builder.hpp\n'}
[5.634075] (px4_msgs) StdoutLine: {'line': b'-- Up-to-date: /home/pavel/ws_ros2/install/px4_msgs/include/px4_msgs/px4_msgs/msg/detail/sensor_preflight_mag__struct.hpp\n'}
[5.634129] (px4_msgs) StdoutLine: {'line': b'-- Up-to-date: /home/pavel/ws_ros2/install/px4_msgs/include/px4_msgs/px4_msgs/msg/detail/vehicle_land_detected__type_support.hpp\n'}
[5.634183] (px4_msgs) StdoutLine: {'line': b'-- Up-to-date: /home/pavel/ws_ros2/install/px4_msgs/include/px4_msgs/px4_msgs/msg/detail/ekf2_timestamps__builder.hpp\n'}
[5.634237] (px4_msgs) StdoutLine: {'line': b'-- Up-to-date: /home/pavel/ws_ros2/install/px4_msgs/include/px4_msgs/px4_msgs/msg/detail/sensor_airflow__struct.hpp\n'}
[5.634291] (px4_msgs) StdoutLine: {'line': b'-- Up-to-date: /home/pavel/ws_ros2/install/px4_msgs/include/px4_msgs/px4_msgs/msg/detail/sensors_status__struct.hpp\n'}
[5.634344] (px4_msgs) StdoutLine: {'line': b'-- Up-to-date: /home/pavel/ws_ros2/install/px4_msgs/include/px4_msgs/px4_msgs/msg/detail/qshell_req__traits.hpp\n'}
[5.634515] (px4_msgs) StdoutLine: {'line': b'-- Up-to-date: /home/pavel/ws_ros2/install/px4_msgs/include/px4_msgs/px4_msgs/msg/detail/yaw_estimator_status__struct.hpp\n'}
[5.634728] (px4_msgs) StdoutLine: {'line': b'-- Up-to-date: /home/pavel/ws_ros2/install/px4_msgs/include/px4_msgs/px4_msgs/msg/detail/follow_target_estimator__type_support.hpp\n'}
[5.634784] (px4_msgs) StdoutLine: {'line': b'-- Up-to-date: /home/pavel/ws_ros2/install/px4_msgs/include/px4_msgs/px4_msgs/msg/detail/iridiumsbd_status__type_support.hpp\n'}
[5.634839] (px4_msgs) StdoutLine: {'line': b'-- Up-to-date: /home/pavel/ws_ros2/install/px4_msgs/include/px4_msgs/px4_msgs/msg/detail/sensor_gyro__type_support.hpp\n'}
[5.634893] (px4_msgs) StdoutLine: {'line': b'-- Up-to-date: /home/pavel/ws_ros2/install/px4_msgs/include/px4_msgs/px4_msgs/msg/detail/tecs_status__type_support.hpp\n'}
[5.634946] (px4_msgs) StdoutLine: {'line': b'-- Up-to-date: /home/pavel/ws_ros2/install/px4_msgs/include/px4_msgs/px4_msgs/msg/detail/gimbal_manager_set_attitude__struct.hpp\n'}
[5.635000] (px4_msgs) StdoutLine: {'line': b'-- Up-to-date: /home/pavel/ws_ros2/install/px4_msgs/include/px4_msgs/px4_msgs/msg/detail/wheel_encoders__type_support.hpp\n'}
[5.635055] (px4_msgs) StdoutLine: {'line': b'-- Up-to-date: /home/pavel/ws_ros2/install/px4_msgs/include/px4_msgs/px4_msgs/msg/detail/estimator_sensor_bias__type_support.hpp\n'}
[5.635247] (px4_msgs) StdoutLine: {'line': b'-- Up-to-date: /home/pavel/ws_ros2/install/px4_msgs/include/px4_msgs/px4_msgs/msg/detail/vehicle_optical_flow_vel__struct.hpp\n'}
[5.635302] (px4_msgs) StdoutLine: {'line': b'-- Up-to-date: /home/pavel/ws_ros2/install/px4_msgs/include/px4_msgs/px4_msgs/msg/detail/sensor_gps__traits.hpp\n'}
[5.635451] (px4_msgs) StdoutLine: {'line': b'-- Up-to-date: /home/pavel/ws_ros2/install/px4_msgs/include/px4_msgs/px4_msgs/msg/detail/sensor_accel_fifo__builder.hpp\n'}
[5.635560] (px4_msgs) StdoutLine: {'line': b'-- Up-to-date: /home/pavel/ws_ros2/install/px4_msgs/include/px4_msgs/px4_msgs/msg/detail/dataman_response__builder.hpp\n'}
[5.635616] (px4_msgs) StdoutLine: {'line': b'-- Up-to-date: /home/pavel/ws_ros2/install/px4_msgs/include/px4_msgs/px4_msgs/msg/detail/estimator_aid_source1d__type_support.hpp\n'}
[5.635672] (px4_msgs) StdoutLine: {'line': b'-- Up-to-date: /home/pavel/ws_ros2/install/px4_msgs/include/px4_msgs/px4_msgs/msg/detail/position_setpoint_triplet__type_support.hpp\n'}
[5.635727] (px4_msgs) StdoutLine: {'line': b'-- Up-to-date: /home/pavel/ws_ros2/install/px4_msgs/include/px4_msgs/px4_msgs/msg/detail/vehicle_trajectory_bezier__traits.hpp\n'}
[5.635782] (px4_msgs) StdoutLine: {'line': b'-- Up-to-date: /home/pavel/ws_ros2/install/px4_msgs/include/px4_msgs/px4_msgs/msg/detail/flight_phase_estimation__builder.hpp\n'}
[5.635837] (px4_msgs) StdoutLine: {'line': b'-- Up-to-date: /home/pavel/ws_ros2/install/px4_msgs/include/px4_msgs/px4_msgs/msg/detail/estimator_aid_source2d__struct.hpp\n'}
[5.635892] (px4_msgs) StdoutLine: {'line': b'-- Up-to-date: /home/pavel/ws_ros2/install/px4_msgs/include/px4_msgs/px4_msgs/msg/detail/navigator_mission_item__traits.hpp\n'}
[5.635947] (px4_msgs) StdoutLine: {'line': b'-- Up-to-date: /home/pavel/ws_ros2/install/px4_msgs/include/px4_msgs/px4_msgs/msg/detail/estimator_gps_status__builder.hpp\n'}
[5.636002] (px4_msgs) StdoutLine: {'line': b'-- Up-to-date: /home/pavel/ws_ros2/install/px4_msgs/include/px4_msgs/px4_msgs/msg/detail/debug_value__type_support.hpp\n'}
[5.636057] (px4_msgs) StdoutLine: {'line': b'-- Up-to-date: /home/pavel/ws_ros2/install/px4_msgs/include/px4_msgs/px4_msgs/msg/detail/vehicle_torque_setpoint__builder.hpp\n'}
[5.636112] (px4_msgs) StdoutLine: {'line': b'-- Up-to-date: /home/pavel/ws_ros2/install/px4_msgs/include/px4_msgs/px4_msgs/msg/detail/offboard_control_mode__builder.hpp\n'}
[5.636166] (px4_msgs) StdoutLine: {'line': b'-- Up-to-date: /home/pavel/ws_ros2/install/px4_msgs/include/px4_msgs/px4_msgs/msg/detail/gimbal_manager_status__builder.hpp\n'}
[5.636220] (px4_msgs) StdoutLine: {'line': b'-- Up-to-date: /home/pavel/ws_ros2/install/px4_msgs/include/px4_msgs/px4_msgs/msg/detail/parameter_set_value_request__type_support.hpp\n'}
[5.636275] (px4_msgs) StdoutLine: {'line': b'-- Up-to-date: /home/pavel/ws_ros2/install/px4_msgs/include/px4_msgs/px4_msgs/msg/detail/estimator_gps_status__type_support.hpp\n'}
[5.636329] (px4_msgs) StdoutLine: {'line': b'-- Up-to-date: /home/pavel/ws_ros2/install/px4_msgs/include/px4_msgs/px4_msgs/msg/detail/camera_capture__builder.hpp\n'}
[5.636389] (px4_msgs) StdoutLine: {'line': b'-- Up-to-date: /home/pavel/ws_ros2/install/px4_msgs/include/px4_msgs/px4_msgs/msg/detail/manual_control_setpoint__struct.hpp\n'}
[5.636450] (px4_msgs) StdoutLine: {'line': b'-- Up-to-date: /home/pavel/ws_ros2/install/px4_msgs/include/px4_msgs/px4_msgs/msg/detail/vehicle_magnetometer__struct.hpp\n'}
[5.636504] (px4_msgs) StdoutLine: {'line': b'-- Up-to-date: /home/pavel/ws_ros2/install/px4_msgs/include/px4_msgs/px4_msgs/msg/detail/actuator_motors__type_support.hpp\n'}
[5.636558] (px4_msgs) StdoutLine: {'line': b'-- Up-to-date: /home/pavel/ws_ros2/install/px4_msgs/include/px4_msgs/px4_msgs/msg/detail/radio_status__type_support.hpp\n'}
[5.636611] (px4_msgs) StdoutLine: {'line': b'-- Up-to-date: /home/pavel/ws_ros2/install/px4_msgs/include/px4_msgs/px4_msgs/msg/detail/ping__traits.hpp\n'}
[5.636665] (px4_msgs) StdoutLine: {'line': b'-- Up-to-date: /home/pavel/ws_ros2/install/px4_msgs/include/px4_msgs/px4_msgs/msg/detail/system_power__type_support.hpp\n'}
[5.636742] (px4_msgs) StdoutLine: {'line': b'-- Up-to-date: /home/pavel/ws_ros2/install/px4_msgs/include/px4_msgs/px4_msgs/msg/detail/parameter_set_value_request__struct.hpp\n'}
[5.636798] (px4_msgs) StdoutLine: {'line': b'-- Up-to-date: /home/pavel/ws_ros2/install/px4_msgs/include/px4_msgs/px4_msgs/msg/detail/sensor_optical_flow__struct.hpp\n'}
[5.637027] (px4_msgs) StdoutLine: {'line': b'-- Up-to-date: /home/pavel/ws_ros2/install/px4_msgs/include/px4_msgs/px4_msgs/msg/detail/vehicle_attitude_setpoint__struct.hpp\n'}
[5.637082] (px4_msgs) StdoutLine: {'line': b'-- Up-to-date: /home/pavel/ws_ros2/install/px4_msgs/include/px4_msgs/px4_msgs/msg/detail/camera_capture__traits.hpp\n'}
[5.637137] (px4_msgs) StdoutLine: {'line': b'-- Up-to-date: /home/pavel/ws_ros2/install/px4_msgs/include/px4_msgs/px4_msgs/msg/detail/vehicle_torque_setpoint__traits.hpp\n'}
[5.637192] (px4_msgs) StdoutLine: {'line': b'-- Up-to-date: /home/pavel/ws_ros2/install/px4_msgs/include/px4_msgs/px4_msgs/msg/detail/gpio_in__struct.hpp\n'}
[5.637246] (px4_msgs) StdoutLine: {'line': b'-- Up-to-date: /home/pavel/ws_ros2/install/px4_msgs/include/px4_msgs/px4_msgs/msg/detail/mission_result__traits.hpp\n'}
[5.637300] (px4_msgs) StdoutLine: {'line': b'-- Up-to-date: /home/pavel/ws_ros2/install/px4_msgs/include/px4_msgs/px4_msgs/msg/detail/tiltrotor_extra_controls__builder.hpp\n'}
[5.637355] (px4_msgs) StdoutLine: {'line': b'-- Up-to-date: /home/pavel/ws_ros2/install/px4_msgs/include/px4_msgs/px4_msgs/msg/detail/mavlink_log__struct.hpp\n'}
[5.637505] (px4_msgs) StdoutLine: {'line': b'-- Up-to-date: /home/pavel/ws_ros2/install/px4_msgs/include/px4_msgs/px4_msgs/msg/detail/register_ext_component_reply__builder.hpp\n'}
[5.637730] (px4_msgs) StdoutLine: {'line': b'-- Up-to-date: /home/pavel/ws_ros2/install/px4_msgs/include/px4_msgs/px4_msgs/msg/detail/fuel_tank_status__type_support.hpp\n'}
[5.637787] (px4_msgs) StdoutLine: {'line': b'-- Up-to-date: /home/pavel/ws_ros2/install/px4_msgs/include/px4_msgs/px4_msgs/msg/detail/actuator_motors__struct.hpp\n'}
[5.637844] (px4_msgs) StdoutLine: {'line': b'-- Up-to-date: /home/pavel/ws_ros2/install/px4_msgs/include/px4_msgs/px4_msgs/msg/detail/gimbal_manager_status__traits.hpp\n'}
[5.637899] (px4_msgs) StdoutLine: {'line': b'-- Up-to-date: /home/pavel/ws_ros2/install/px4_msgs/include/px4_msgs/px4_msgs/msg/detail/vehicle_local_position__traits.hpp\n'}
[5.637954] (px4_msgs) StdoutLine: {'line': b'-- Up-to-date: /home/pavel/ws_ros2/install/px4_msgs/include/px4_msgs/px4_msgs/msg/detail/pps_capture__struct.hpp\n'}
[5.638009] (px4_msgs) StdoutLine: {'line': b'-- Up-to-date: /home/pavel/ws_ros2/install/px4_msgs/include/px4_msgs/px4_msgs/msg/detail/arming_check_reply__builder.hpp\n'}
[5.638063] (px4_msgs) StdoutLine: {'line': b'-- Up-to-date: /home/pavel/ws_ros2/install/px4_msgs/include/px4_msgs/px4_msgs/msg/detail/generator_status__type_support.hpp\n'}
[5.638118] (px4_msgs) StdoutLine: {'line': b'-- Up-to-date: /home/pavel/ws_ros2/install/px4_msgs/include/px4_msgs/px4_msgs/msg/detail/actuator_armed__traits.hpp\n'}
[5.638173] (px4_msgs) StdoutLine: {'line': b'-- Up-to-date: /home/pavel/ws_ros2/install/px4_msgs/include/px4_msgs/px4_msgs/msg/detail/gripper__type_support.hpp\n'}
[5.638228] (px4_msgs) StdoutLine: {'line': b'-- Up-to-date: /home/pavel/ws_ros2/install/px4_msgs/include/px4_msgs/px4_msgs/msg/detail/pps_capture__builder.hpp\n'}
[5.638282] (px4_msgs) StdoutLine: {'line': b'-- Up-to-date: /home/pavel/ws_ros2/install/px4_msgs/include/px4_msgs/px4_msgs/msg/detail/sensors_status_imu__struct.hpp\n'}
[5.638336] (px4_msgs) StdoutLine: {'line': b'-- Up-to-date: /home/pavel/ws_ros2/install/px4_msgs/include/px4_msgs/px4_msgs/msg/detail/rtl_status__builder.hpp\n'}
[5.638419] (px4_msgs) StdoutLine: {'line': b'-- Up-to-date: /home/pavel/ws_ros2/install/px4_msgs/include/px4_msgs/px4_msgs/msg/detail/logger_status__struct.hpp\n'}
[5.638481] (px4_msgs) StdoutLine: {'line': b'-- Up-to-date: /home/pavel/ws_ros2/install/px4_msgs/include/px4_msgs/px4_msgs/msg/detail/irlock_report__builder.hpp\n'}
[5.638536] (px4_msgs) StdoutLine: {'line': b'-- Up-to-date: /home/pavel/ws_ros2/install/px4_msgs/include/px4_msgs/px4_msgs/msg/detail/vehicle_thrust_setpoint__traits.hpp\n'}
[5.638591] (px4_msgs) StdoutLine: {'line': b'-- Up-to-date: /home/pavel/ws_ros2/install/px4_msgs/include/px4_msgs/px4_msgs/msg/detail/parameter_set_value_response__traits.hpp\n'}
[5.638768] (px4_msgs) StdoutLine: {'line': b'-- Up-to-date: /home/pavel/ws_ros2/install/px4_msgs/include/px4_msgs/px4_msgs/msg/detail/message_format_response__type_support.hpp\n'}
[5.638825] (px4_msgs) StdoutLine: {'line': b'-- Up-to-date: /home/pavel/ws_ros2/install/px4_msgs/include/px4_msgs/px4_msgs/msg/detail/debug_key_value__struct.hpp\n'}
[5.638879] (px4_msgs) StdoutLine: {'line': b'-- Up-to-date: /home/pavel/ws_ros2/install/px4_msgs/include/px4_msgs/px4_msgs/msg/detail/airspeed_wind__type_support.hpp\n'}
[5.638942] (px4_msgs) StdoutLine: {'line': b'-- Up-to-date: /home/pavel/ws_ros2/install/px4_msgs/include/px4_msgs/px4_msgs/msg/detail/vehicle_angular_velocity__builder.hpp\n'}
[5.638995] (px4_msgs) StdoutLine: {'line': b'-- Up-to-date: /home/pavel/ws_ros2/install/px4_msgs/include/px4_msgs/px4_msgs/msg/detail/radio_status__builder.hpp\n'}
[5.639047] (px4_msgs) StdoutLine: {'line': b'-- Up-to-date: /home/pavel/ws_ros2/install/px4_msgs/include/px4_msgs/px4_msgs/msg/detail/position_setpoint_triplet__struct.hpp\n'}
[5.639105] (px4_msgs) StdoutLine: {'line': b'-- Up-to-date: /home/pavel/ws_ros2/install/px4_msgs/include/px4_msgs/px4_msgs/msg/detail/sensor_gnss_relative__builder.hpp\n'}
[5.639204] (px4_msgs) StdoutLine: {'line': b'-- Up-to-date: /home/pavel/ws_ros2/install/px4_msgs/include/px4_msgs/px4_msgs/msg/detail/ulog_stream__builder.hpp\n'}
[5.639320] (px4_msgs) StdoutLine: {'line': b'-- Up-to-date: /home/pavel/ws_ros2/install/px4_msgs/include/px4_msgs/px4_msgs/msg/detail/trajectory_bezier__struct.hpp\n'}
[5.639429] (px4_msgs) StdoutLine: {'line': b'-- Up-to-date: /home/pavel/ws_ros2/install/px4_msgs/include/px4_msgs/px4_msgs/msg/detail/gimbal_manager_status__struct.hpp\n'}
[5.639572] (px4_msgs) StdoutLine: {'line': b'-- Up-to-date: /home/pavel/ws_ros2/install/px4_msgs/include/px4_msgs/px4_msgs/msg/detail/register_ext_component_reply__type_support.hpp\n'}
[5.639631] (px4_msgs) StdoutLine: {'line': b'-- Up-to-date: /home/pavel/ws_ros2/install/px4_msgs/include/px4_msgs/px4_msgs/msg/detail/vehicle_local_position__struct.hpp\n'}
[5.639687] (px4_msgs) StdoutLine: {'line': b'-- Up-to-date: /home/pavel/ws_ros2/install/px4_msgs/include/px4_msgs/px4_msgs/msg/detail/tune_control__builder.hpp\n'}
[5.639743] (px4_msgs) StdoutLine: {'line': b'-- Up-to-date: /home/pavel/ws_ros2/install/px4_msgs/include/px4_msgs/px4_msgs/msg/detail/dataman_response__struct.hpp\n'}
[5.639799] (px4_msgs) StdoutLine: {'line': b'-- Up-to-date: /home/pavel/ws_ros2/install/px4_msgs/include/px4_msgs/px4_msgs/msg/detail/sensors_status__type_support.hpp\n'}
[5.639855] (px4_msgs) StdoutLine: {'line': b'-- Up-to-date: /home/pavel/ws_ros2/install/px4_msgs/include/px4_msgs/px4_msgs/msg/detail/rtl_status__struct.hpp\n'}
[5.639912] (px4_msgs) StdoutLine: {'line': b'-- Up-to-date: /home/pavel/ws_ros2/install/px4_msgs/include/px4_msgs/px4_msgs/msg/detail/gpio_request__struct.hpp\n'}
[5.639968] (px4_msgs) StdoutLine: {'line': b'-- Up-to-date: /home/pavel/ws_ros2/install/px4_msgs/include/px4_msgs/px4_msgs/msg/detail/unregister_ext_component__traits.hpp\n'}
[5.640166] (px4_msgs) StdoutLine: {'line': b'-- Up-to-date: /home/pavel/ws_ros2/install/px4_msgs/include/px4_msgs/px4_msgs/msg/detail/gps_dump__traits.hpp\n'}
[5.640224] (px4_msgs) StdoutLine: {'line': b'-- Up-to-date: /home/pavel/ws_ros2/install/px4_msgs/include/px4_msgs/px4_msgs/msg/detail/mavlink_tunnel__struct.hpp\n'}
[5.640280] (px4_msgs) StdoutLine: {'line': b'-- Up-to-date: /home/pavel/ws_ros2/install/px4_msgs/include/px4_msgs/px4_msgs/msg/detail/task_stack_info__builder.hpp\n'}
[5.640335] (px4_msgs) StdoutLine: {'line': b'-- Up-to-date: /home/pavel/ws_ros2/install/px4_msgs/include/px4_msgs/px4_msgs/msg/detail/system_power__traits.hpp\n'}
[5.640418] (px4_msgs) StdoutLine: {'line': b'-- Up-to-date: /home/pavel/ws_ros2/install/px4_msgs/include/px4_msgs/px4_msgs/msg/detail/trajectory_setpoint__builder.hpp\n'}
[5.640482] (px4_msgs) StdoutLine: {'line': b'-- Up-to-date: /home/pavel/ws_ros2/install/px4_msgs/include/px4_msgs/px4_msgs/msg/detail/sensor_gps__builder.hpp\n'}
[5.640660] (px4_msgs) StdoutLine: {'line': b'-- Up-to-date: /home/pavel/ws_ros2/install/px4_msgs/include/px4_msgs/px4_msgs/msg/detail/estimator_status__struct.hpp\n'}
[5.640719] (px4_msgs) StdoutLine: {'line': b'-- Up-to-date: /home/pavel/ws_ros2/install/px4_msgs/include/px4_msgs/px4_msgs/msg/detail/estimator_status_flags__traits.hpp\n'}
[5.640775] (px4_msgs) StdoutLine: {'line': b'-- Up-to-date: /home/pavel/ws_ros2/install/px4_msgs/include/px4_msgs/px4_msgs/msg/detail/estimator_innovations__struct.hpp\n'}
[5.640831] (px4_msgs) StdoutLine: {'line': b'-- Up-to-date: /home/pavel/ws_ros2/install/px4_msgs/include/px4_msgs/px4_msgs/msg/detail/parameter_update__builder.hpp\n'}
[5.640886] (px4_msgs) StdoutLine: {'line': b'-- Up-to-date: /home/pavel/ws_ros2/install/px4_msgs/include/px4_msgs/px4_msgs/msg/detail/gimbal_manager_information__builder.hpp\n'}
[5.640942] (px4_msgs) StdoutLine: {'line': b'-- Up-to-date: /home/pavel/ws_ros2/install/px4_msgs/include/px4_msgs/px4_msgs/msg/detail/estimator_innovations__traits.hpp\n'}
[5.640997] (px4_msgs) StdoutLine: {'line': b'-- Up-to-date: /home/pavel/ws_ros2/install/px4_msgs/include/px4_msgs/px4_msgs/msg/detail/esc_report__struct.hpp\n'}
[5.641051] (px4_msgs) StdoutLine: {'line': b'-- Up-to-date: /home/pavel/ws_ros2/install/px4_msgs/include/px4_msgs/px4_msgs/msg/detail/camera_trigger__builder.hpp\n'}
[5.641107] (px4_msgs) StdoutLine: {'line': b'-- Up-to-date: /home/pavel/ws_ros2/install/px4_msgs/include/px4_msgs/px4_msgs/msg/detail/estimator_bias__traits.hpp\n'}
[5.641162] (px4_msgs) StdoutLine: {'line': b'-- Up-to-date: /home/pavel/ws_ros2/install/px4_msgs/include/px4_msgs/px4_msgs/msg/detail/hover_thrust_estimate__type_support.hpp\n'}
[5.641218] (px4_msgs) StdoutLine: {'line': b'-- Up-to-date: /home/pavel/ws_ros2/install/px4_msgs/include/px4_msgs/px4_msgs/msg/detail/collision_report__builder.hpp\n'}
[5.641272] (px4_msgs) StdoutLine: {'line': b'-- Up-to-date: /home/pavel/ws_ros2/install/px4_msgs/include/px4_msgs/px4_msgs/msg/detail/gpio_out__struct.hpp\n'}
[5.641327] (px4_msgs) StdoutLine: {'line': b'-- Up-to-date: /home/pavel/ws_ros2/install/px4_msgs/include/px4_msgs/px4_msgs/msg/detail/gpio_config__type_support.hpp\n'}
[5.641409] (px4_msgs) StdoutLine: {'line': b'-- Up-to-date: /home/pavel/ws_ros2/install/px4_msgs/include/px4_msgs/px4_msgs/msg/detail/estimator_status_flags__type_support.hpp\n'}
[5.641607] (px4_msgs) StdoutLine: {'line': b'-- Up-to-date: /home/pavel/ws_ros2/install/px4_msgs/include/px4_msgs/px4_msgs/msg/detail/vehicle_local_position_setpoint__type_support.hpp\n'}
[5.641663] (px4_msgs) StdoutLine: {'line': b'-- Up-to-date: /home/pavel/ws_ros2/install/px4_msgs/include/px4_msgs/px4_msgs/msg/detail/vehicle_thrust_setpoint__struct.hpp\n'}
[5.641719] (px4_msgs) StdoutLine: {'line': b'-- Up-to-date: /home/pavel/ws_ros2/install/px4_msgs/include/px4_msgs/px4_msgs/msg/detail/rpm__builder.hpp\n'}
[5.641774] (px4_msgs) StdoutLine: {'line': b'-- Up-to-date: /home/pavel/ws_ros2/install/px4_msgs/include/px4_msgs/px4_msgs/msg/detail/landing_target_innovations__type_support.hpp\n'}
[5.641828] (px4_msgs) StdoutLine: {'line': b'-- Up-to-date: /home/pavel/ws_ros2/install/px4_msgs/include/px4_msgs/px4_msgs/msg/detail/position_setpoint__traits.hpp\n'}
[5.641883] (px4_msgs) StdoutLine: {'line': b'-- Up-to-date: /home/pavel/ws_ros2/install/px4_msgs/include/px4_msgs/px4_msgs/msg/detail/wheel_encoders__builder.hpp\n'}
[5.641937] (px4_msgs) StdoutLine: {'line': b'-- Up-to-date: /home/pavel/ws_ros2/install/px4_msgs/include/px4_msgs/px4_msgs/msg/detail/differential_pressure__builder.hpp\n'}
[5.641991] (px4_msgs) StdoutLine: {'line': b'-- Up-to-date: /home/pavel/ws_ros2/install/px4_msgs/include/px4_msgs/px4_msgs/msg/detail/sensor_hygrometer__struct.hpp\n'}
[5.642045] (px4_msgs) StdoutLine: {'line': b'-- Up-to-date: /home/pavel/ws_ros2/install/px4_msgs/include/px4_msgs/px4_msgs/msg/detail/sensor_hygrometer__builder.hpp\n'}
[5.642099] (px4_msgs) StdoutLine: {'line': b'-- Up-to-date: /home/pavel/ws_ros2/install/px4_msgs/include/px4_msgs/px4_msgs/msg/detail/estimator_bias3d__traits.hpp\n'}
[5.642199] (px4_msgs) StdoutLine: {'line': b'-- Up-to-date: /home/pavel/ws_ros2/install/px4_msgs/include/px4_msgs/px4_msgs/msg/detail/ulog_stream_ack__struct.hpp\n'}
[5.642254] (px4_msgs) StdoutLine: {'line': b'-- Up-to-date: /home/pavel/ws_ros2/install/px4_msgs/include/px4_msgs/px4_msgs/msg/detail/actuator_servos__builder.hpp\n'}
[5.642308] (px4_msgs) StdoutLine: {'line': b'-- Up-to-date: /home/pavel/ws_ros2/install/px4_msgs/include/px4_msgs/px4_msgs/msg/detail/parameter_set_used_request__struct.hpp\n'}
[5.642362] (px4_msgs) StdoutLine: {'line': b'-- Up-to-date: /home/pavel/ws_ros2/install/px4_msgs/include/px4_msgs/px4_msgs/msg/detail/offboard_control_mode__type_support.hpp\n'}
[5.642646] (px4_msgs) StdoutLine: {'line': b'-- Up-to-date: /home/pavel/ws_ros2/install/px4_msgs/include/px4_msgs/px4_msgs/msg/detail/timesync_status__builder.hpp\n'}
[5.642759] (px4_msgs) StdoutLine: {'line': b'-- Up-to-date: /home/pavel/ws_ros2/install/px4_msgs/include/px4_msgs/px4_msgs/msg/detail/gimbal_device_set_attitude__type_support.hpp\n'}
[5.642837] (px4_msgs) StdoutLine: {'line': b'-- Up-to-date: /home/pavel/ws_ros2/install/px4_msgs/include/px4_msgs/px4_msgs/msg/detail/gimbal_device_set_attitude__builder.hpp\n'}
[5.642908] (px4_msgs) StdoutLine: {'line': b'-- Up-to-date: /home/pavel/ws_ros2/install/px4_msgs/include/px4_msgs/px4_msgs/msg/detail/battery_status__builder.hpp\n'}
[5.642983] (px4_msgs) StdoutLine: {'line': b'-- Up-to-date: /home/pavel/ws_ros2/install/px4_msgs/include/px4_msgs/px4_msgs/msg/detail/camera_status__struct.hpp\n'}
[5.643083] (px4_msgs) StdoutLine: {'line': b'-- Up-to-date: /home/pavel/ws_ros2/install/px4_msgs/include/px4_msgs/px4_msgs/msg/detail/orb_test_large__traits.hpp\n'}
[5.643178] (px4_msgs) StdoutLine: {'line': b'-- Up-to-date: /home/pavel/ws_ros2/install/px4_msgs/include/px4_msgs/px4_msgs/msg/detail/airspeed_validated__type_support.hpp\n'}
[5.643269] (px4_msgs) StdoutLine: {'line': b'-- Up-to-date: /home/pavel/ws_ros2/install/px4_msgs/include/px4_msgs/px4_msgs/msg/detail/sensor_uwb__struct.hpp\n'}
[5.643360] (px4_msgs) StdoutLine: {'line': b'-- Up-to-date: /home/pavel/ws_ros2/install/px4_msgs/include/px4_msgs/px4_msgs/msg/detail/vehicle_imu_status__builder.hpp\n'}
[5.643493] (px4_msgs) StdoutLine: {'line': b'-- Up-to-date: /home/pavel/ws_ros2/install/px4_msgs/include/px4_msgs/px4_msgs/msg/detail/actuator_controls_status__traits.hpp\n'}
[5.643587] (px4_msgs) StdoutLine: {'line': b'-- Up-to-date: /home/pavel/ws_ros2/install/px4_msgs/include/px4_msgs/px4_msgs/msg/detail/npfg_status__builder.hpp\n'}
[5.643678] (px4_msgs) StdoutLine: {'line': b'-- Up-to-date: /home/pavel/ws_ros2/install/px4_msgs/include/px4_msgs/px4_msgs/msg/detail/vehicle_imu__struct.hpp\n'}
[5.643909] (px4_msgs) StdoutLine: {'line': b'-- Up-to-date: /home/pavel/ws_ros2/install/px4_msgs/include/px4_msgs/px4_msgs/msg/detail/vehicle_imu_status__type_support.hpp\n'}
[5.644006] (px4_msgs) StdoutLine: {'line': b'-- Up-to-date: /home/pavel/ws_ros2/install/px4_msgs/include/px4_msgs/px4_msgs/msg/detail/control_allocator_status__builder.hpp\n'}
[5.644105] (px4_msgs) StdoutLine: {'line': b'-- Up-to-date: /home/pavel/ws_ros2/install/px4_msgs/include/px4_msgs/px4_msgs/msg/detail/offboard_control_mode__struct.hpp\n'}
[5.644196] (px4_msgs) StdoutLine: {'line': b'-- Up-to-date: /home/pavel/ws_ros2/install/px4_msgs/include/px4_msgs/px4_msgs/msg/detail/uavcan_parameter_request__struct.hpp\n'}
[5.644285] (px4_msgs) StdoutLine: {'line': b'-- Up-to-date: /home/pavel/ws_ros2/install/px4_msgs/include/px4_msgs/px4_msgs/msg/detail/failure_detector_status__traits.hpp\n'}
[5.644449] (px4_msgs) StdoutLine: {'line': b'-- Up-to-date: /home/pavel/ws_ros2/install/px4_msgs/include/px4_msgs/px4_msgs/msg/detail/camera_trigger__struct.hpp\n'}
[5.644578] (px4_msgs) StdoutLine: {'line': b'-- Up-to-date: /home/pavel/ws_ros2/install/px4_msgs/include/px4_msgs/px4_msgs/msg/detail/takeoff_status__type_support.hpp\n'}
[5.644630] (px4_msgs) StdoutLine: {'line': b'-- Up-to-date: /home/pavel/ws_ros2/install/px4_msgs/include/px4_msgs/px4_msgs/msg/detail/radio_status__traits.hpp\n'}
[5.644687] (px4_msgs) StdoutLine: {'line': b'-- Up-to-date: /home/pavel/ws_ros2/install/px4_msgs/include/px4_msgs/px4_msgs/msg/detail/dataman_request__builder.hpp\n'}
[5.644736] (px4_msgs) StdoutLine: {'line': b'-- Up-to-date: /home/pavel/ws_ros2/install/px4_msgs/include/px4_msgs/px4_msgs/msg/detail/mount_orientation__type_support.hpp\n'}
[5.644786] (px4_msgs) StdoutLine: {'line': b'-- Up-to-date: /home/pavel/ws_ros2/install/px4_msgs/include/px4_msgs/px4_msgs/msg/detail/satellite_info__type_support.hpp\n'}
[5.644834] (px4_msgs) StdoutLine: {'line': b'-- Up-to-date: /home/pavel/ws_ros2/install/px4_msgs/include/px4_msgs/px4_msgs/msg/detail/vehicle_trajectory_bezier__struct.hpp\n'}
[5.644883] (px4_msgs) StdoutLine: {'line': b'-- Up-to-date: /home/pavel/ws_ros2/install/px4_msgs/include/px4_msgs/px4_msgs/msg/detail/parameter_reset_request__type_support.hpp\n'}
[5.644932] (px4_msgs) StdoutLine: {'line': b'-- Up-to-date: /home/pavel/ws_ros2/install/px4_msgs/include/px4_msgs/px4_msgs/msg/detail/rover_ackermann_guidance_status__traits.hpp\n'}
[5.644981] (px4_msgs) StdoutLine: {'line': b'-- Up-to-date: /home/pavel/ws_ros2/install/px4_msgs/include/px4_msgs/px4_msgs/msg/detail/estimator_aid_source1d__struct.hpp\n'}
[5.645030] (px4_msgs) StdoutLine: {'line': b'-- Up-to-date: /home/pavel/ws_ros2/install/px4_msgs/include/px4_msgs/px4_msgs/msg/detail/ulog_stream__struct.hpp\n'}
[5.645081] (px4_msgs) StdoutLine: {'line': b'-- Up-to-date: /home/pavel/ws_ros2/install/px4_msgs/include/px4_msgs/px4_msgs/msg/detail/sensor_accel__builder.hpp\n'}
[5.645130] (px4_msgs) StdoutLine: {'line': b'-- Up-to-date: /home/pavel/ws_ros2/install/px4_msgs/include/px4_msgs/px4_msgs/msg/detail/logger_status__type_support.hpp\n'}
[5.645179] (px4_msgs) StdoutLine: {'line': b'-- Up-to-date: /home/pavel/ws_ros2/install/px4_msgs/include/px4_msgs/px4_msgs/msg/detail/estimator_states__traits.hpp\n'}
[5.645228] (px4_msgs) StdoutLine: {'line': b'-- Up-to-date: /home/pavel/ws_ros2/install/px4_msgs/include/px4_msgs/px4_msgs/msg/detail/figure_eight_status__struct.hpp\n'}
[5.645277] (px4_msgs) StdoutLine: {'line': b'-- Up-to-date: /home/pavel/ws_ros2/install/px4_msgs/include/px4_msgs/px4_msgs/msg/detail/vehicle_odometry__type_support.hpp\n'}
[5.645337] (px4_msgs) StdoutLine: {'line': b'-- Up-to-date: /home/pavel/ws_ros2/install/px4_msgs/include/px4_msgs/px4_msgs/msg/detail/vehicle_odometry__traits.hpp\n'}
[5.645396] (px4_msgs) StdoutLine: {'line': b'-- Up-to-date: /home/pavel/ws_ros2/install/px4_msgs/include/px4_msgs/px4_msgs/msg/detail/estimator_event_flags__struct.hpp\n'}
[5.645455] (px4_msgs) StdoutLine: {'line': b'-- Up-to-date: /home/pavel/ws_ros2/install/px4_msgs/include/px4_msgs/px4_msgs/msg/detail/manual_control_switches__struct.hpp\n'}
[5.645505] (px4_msgs) StdoutLine: {'line': b'-- Up-to-date: /home/pavel/ws_ros2/install/px4_msgs/include/px4_msgs/px4_msgs/msg/detail/ekf2_timestamps__traits.hpp\n'}
[5.645554] (px4_msgs) StdoutLine: {'line': b'-- Up-to-date: /home/pavel/ws_ros2/install/px4_msgs/include/px4_msgs/px4_msgs/msg/detail/sensor_selection__type_support.hpp\n'}
[5.645635] (px4_msgs) StdoutLine: {'line': b'-- Up-to-date: /home/pavel/ws_ros2/install/px4_msgs/include/px4_msgs/px4_msgs/msg/detail/register_ext_component_request__type_support.hpp\n'}
[5.645709] (px4_msgs) StdoutLine: {'line': b'-- Up-to-date: /home/pavel/ws_ros2/install/px4_msgs/include/px4_msgs/px4_msgs/msg/detail/npfg_status__type_support.hpp\n'}
[5.645760] (px4_msgs) StdoutLine: {'line': b'-- Up-to-date: /home/pavel/ws_ros2/install/px4_msgs/include/px4_msgs/px4_msgs/msg/detail/ekf2_timestamps__type_support.hpp\n'}
[5.645811] (px4_msgs) StdoutLine: {'line': b'-- Up-to-date: /home/pavel/ws_ros2/install/px4_msgs/include/px4_msgs/px4_msgs/msg/detail/onboard_computer_status__struct.hpp\n'}
[5.645862] (px4_msgs) StdoutLine: {'line': b'-- Up-to-date: /home/pavel/ws_ros2/install/px4_msgs/include/px4_msgs/px4_msgs/msg/detail/actuator_servos_trim__type_support.hpp\n'}
[5.645912] (px4_msgs) StdoutLine: {'line': b'-- Up-to-date: /home/pavel/ws_ros2/install/px4_msgs/include/px4_msgs/px4_msgs/msg/detail/geofence_status__traits.hpp\n'}
[5.645970] (px4_msgs) StdoutLine: {'line': b'-- Up-to-date: /home/pavel/ws_ros2/install/px4_msgs/include/px4_msgs/px4_msgs/msg/detail/orbit_status__struct.hpp\n'}
[5.646021] (px4_msgs) StdoutLine: {'line': b'-- Up-to-date: /home/pavel/ws_ros2/install/px4_msgs/include/px4_msgs/px4_msgs/msg/detail/vehicle_trajectory_waypoint__builder.hpp\n'}
[5.646071] (px4_msgs) StdoutLine: {'line': b'-- Up-to-date: /home/pavel/ws_ros2/install/px4_msgs/include/px4_msgs/px4_msgs/msg/detail/unregister_ext_component__struct.hpp\n'}
[5.646121] (px4_msgs) StdoutLine: {'line': b'-- Up-to-date: /home/pavel/ws_ros2/install/px4_msgs/include/px4_msgs/px4_msgs/msg/detail/cellular_status__builder.hpp\n'}
[5.646175] (px4_msgs) StdoutLine: {'line': b'-- Up-to-date: /home/pavel/ws_ros2/install/px4_msgs/include/px4_msgs/px4_msgs/msg/detail/log_message__traits.hpp\n'}
[5.646226] (px4_msgs) StdoutLine: {'line': b'-- Up-to-date: /home/pavel/ws_ros2/install/px4_msgs/include/px4_msgs/px4_msgs/msg/detail/gpio_request__builder.hpp\n'}
[5.646277] (px4_msgs) StdoutLine: {'line': b'-- Up-to-date: /home/pavel/ws_ros2/install/px4_msgs/include/px4_msgs/px4_msgs/msg/detail/position_setpoint_triplet__builder.hpp\n'}
[5.646327] (px4_msgs) StdoutLine: {'line': b'-- Up-to-date: /home/pavel/ws_ros2/install/px4_msgs/include/px4_msgs/px4_msgs/msg/detail/internal_combustion_engine_status__traits.hpp\n'}
[5.646385] (px4_msgs) StdoutLine: {'line': b'-- Up-to-date: /home/pavel/ws_ros2/install/px4_msgs/include/px4_msgs/px4_msgs/msg/detail/vehicle_command__traits.hpp\n'}
[5.646444] (px4_msgs) StdoutLine: {'line': b'-- Up-to-date: /home/pavel/ws_ros2/install/px4_msgs/include/px4_msgs/px4_msgs/msg/detail/onboard_computer_status__traits.hpp\n'}
[5.646496] (px4_msgs) StdoutLine: {'line': b'-- Up-to-date: /home/pavel/ws_ros2/install/px4_msgs/include/px4_msgs/px4_msgs/msg/detail/heater_status__type_support.hpp\n'}
[5.646545] (px4_msgs) StdoutLine: {'line': b'-- Up-to-date: /home/pavel/ws_ros2/install/px4_msgs/include/px4_msgs/px4_msgs/msg/detail/collision_constraints__type_support.hpp\n'}
[5.646594] (px4_msgs) StdoutLine: {'line': b'-- Up-to-date: /home/pavel/ws_ros2/install/px4_msgs/include/px4_msgs/px4_msgs/msg/detail/obstacle_distance__struct.hpp\n'}
[5.646643] (px4_msgs) StdoutLine: {'line': b'-- Up-to-date: /home/pavel/ws_ros2/install/px4_msgs/include/px4_msgs/px4_msgs/msg/detail/parameter_reset_request__traits.hpp\n'}
[5.646692] (px4_msgs) StdoutLine: {'line': b'-- Up-to-date: /home/pavel/ws_ros2/install/px4_msgs/include/px4_msgs/px4_msgs/msg/detail/landing_target_pose__type_support.hpp\n'}
[5.646742] (px4_msgs) StdoutLine: {'line': b'-- Up-to-date: /home/pavel/ws_ros2/install/px4_msgs/include/px4_msgs/px4_msgs/msg/detail/tune_control__type_support.hpp\n'}
[5.646792] (px4_msgs) StdoutLine: {'line': b'-- Up-to-date: /home/pavel/ws_ros2/install/px4_msgs/include/px4_msgs/px4_msgs/msg/detail/radio_status__struct.hpp\n'}
[5.646841] (px4_msgs) StdoutLine: {'line': b'-- Up-to-date: /home/pavel/ws_ros2/install/px4_msgs/include/px4_msgs/px4_msgs/msg/detail/gimbal_controls__builder.hpp\n'}
[5.646890] (px4_msgs) StdoutLine: {'line': b'-- Up-to-date: /home/pavel/ws_ros2/install/px4_msgs/include/px4_msgs/px4_msgs/msg/detail/estimator_bias3d__builder.hpp\n'}
[5.646938] (px4_msgs) StdoutLine: {'line': b'-- Up-to-date: /home/pavel/ws_ros2/install/px4_msgs/include/px4_msgs/px4_msgs/msg/detail/dataman_response__type_support.hpp\n'}
[5.646987] (px4_msgs) StdoutLine: {'line': b'-- Up-to-date: /home/pavel/ws_ros2/install/px4_msgs/include/px4_msgs/px4_msgs/msg/detail/estimator_bias__type_support.hpp\n'}
[5.647035] (px4_msgs) StdoutLine: {'line': b'-- Up-to-date: /home/pavel/ws_ros2/install/px4_msgs/include/px4_msgs/px4_msgs/msg/detail/orbit_status__type_support.hpp\n'}
[5.647084] (px4_msgs) StdoutLine: {'line': b'-- Up-to-date: /home/pavel/ws_ros2/install/px4_msgs/include/px4_msgs/px4_msgs/msg/detail/battery_status__type_support.hpp\n'}
[5.647141] (px4_msgs) StdoutLine: {'line': b'-- Up-to-date: /home/pavel/ws_ros2/install/px4_msgs/include/px4_msgs/px4_msgs/msg/detail/position_controller_status__builder.hpp\n'}
[5.647195] (px4_msgs) StdoutLine: {'line': b'-- Up-to-date: /home/pavel/ws_ros2/install/px4_msgs/include/px4_msgs/px4_msgs/msg/detail/home_position__type_support.hpp\n'}
[5.647244] (px4_msgs) StdoutLine: {'line': b'-- Up-to-date: /home/pavel/ws_ros2/install/px4_msgs/include/px4_msgs/px4_msgs/msg/detail/estimator_states__type_support.hpp\n'}
[5.647293] (px4_msgs) StdoutLine: {'line': b'-- Up-to-date: /home/pavel/ws_ros2/install/px4_msgs/include/px4_msgs/px4_msgs/msg/detail/ekf2_timestamps__struct.hpp\n'}
[5.647342] (px4_msgs) StdoutLine: {'line': b'-- Up-to-date: /home/pavel/ws_ros2/install/px4_msgs/include/px4_msgs/px4_msgs/msg/detail/pps_capture__type_support.hpp\n'}
[5.647399] (px4_msgs) StdoutLine: {'line': b'-- Up-to-date: /home/pavel/ws_ros2/install/px4_msgs/include/px4_msgs/px4_msgs/msg/detail/camera_trigger__type_support.hpp\n'}
[5.647455] (px4_msgs) StdoutLine: {'line': b'-- Up-to-date: /home/pavel/ws_ros2/install/px4_msgs/include/px4_msgs/px4_msgs/msg/detail/sensor_correction__struct.hpp\n'}
[5.647506] (px4_msgs) StdoutLine: {'line': b'-- Up-to-date: /home/pavel/ws_ros2/install/px4_msgs/include/px4_msgs/px4_msgs/msg/detail/power_monitor__builder.hpp\n'}
[5.647555] (px4_msgs) StdoutLine: {'line': b'-- Up-to-date: /home/pavel/ws_ros2/install/px4_msgs/include/px4_msgs/px4_msgs/msg/detail/airspeed_validated__traits.hpp\n'}
[5.647606] (px4_msgs) StdoutLine: {'line': b'-- Up-to-date: /home/pavel/ws_ros2/install/px4_msgs/include/px4_msgs/px4_msgs/msg/detail/rc_parameter_map__traits.hpp\n'}
[5.647655] (px4_msgs) StdoutLine: {'line': b'-- Up-to-date: /home/pavel/ws_ros2/install/px4_msgs/include/px4_msgs/px4_msgs/msg/detail/mission__builder.hpp\n'}
[5.647704] (px4_msgs) StdoutLine: {'line': b'-- Up-to-date: /home/pavel/ws_ros2/install/px4_msgs/include/px4_msgs/px4_msgs/msg/detail/mission__type_support.hpp\n'}
[5.647757] (px4_msgs) StdoutLine: {'line': b'-- Up-to-date: /home/pavel/ws_ros2/install/px4_msgs/include/px4_msgs/px4_msgs/msg/detail/gpio_config__struct.hpp\n'}
[5.647806] (px4_msgs) StdoutLine: {'line': b'-- Up-to-date: /home/pavel/ws_ros2/install/px4_msgs/include/px4_msgs/px4_msgs/msg/detail/fuel_tank_status__builder.hpp\n'}
[5.647855] (px4_msgs) StdoutLine: {'line': b'-- Up-to-date: /home/pavel/ws_ros2/install/px4_msgs/include/px4_msgs/px4_msgs/msg/detail/sensor_accel__struct.hpp\n'}
[5.647903] (px4_msgs) StdoutLine: {'line': b'-- Up-to-date: /home/pavel/ws_ros2/install/px4_msgs/include/px4_msgs/px4_msgs/msg/detail/takeoff_status__struct.hpp\n'}
[5.647951] (px4_msgs) StdoutLine: {'line': b'-- Up-to-date: /home/pavel/ws_ros2/install/px4_msgs/include/px4_msgs/px4_msgs/msg/detail/differential_pressure__struct.hpp\n'}
[5.647999] (px4_msgs) StdoutLine: {'line': b'-- Up-to-date: /home/pavel/ws_ros2/install/px4_msgs/include/px4_msgs/px4_msgs/msg/detail/launch_detection_status__struct.hpp\n'}
[5.648047] (px4_msgs) StdoutLine: {'line': b'-- Up-to-date: /home/pavel/ws_ros2/install/px4_msgs/include/px4_msgs/px4_msgs/msg/detail/collision_report__type_support.hpp\n'}
[5.648096] (px4_msgs) StdoutLine: {'line': b'-- Up-to-date: /home/pavel/ws_ros2/install/px4_msgs/include/px4_msgs/px4_msgs/msg/detail/vehicle_attitude_setpoint__type_support.hpp\n'}
[5.648145] (px4_msgs) StdoutLine: {'line': b'-- Up-to-date: /home/pavel/ws_ros2/install/px4_msgs/include/px4_msgs/px4_msgs/msg/detail/estimator_bias3d__type_support.hpp\n'}
[5.648194] (px4_msgs) StdoutLine: {'line': b'-- Up-to-date: /home/pavel/ws_ros2/install/px4_msgs/include/px4_msgs/px4_msgs/msg/detail/estimator_states__builder.hpp\n'}
[5.648242] (px4_msgs) StdoutLine: {'line': b'-- Up-to-date: /home/pavel/ws_ros2/install/px4_msgs/include/px4_msgs/px4_msgs/msg/detail/vehicle_magnetometer__traits.hpp\n'}
[5.648291] (px4_msgs) StdoutLine: {'line': b'-- Up-to-date: /home/pavel/ws_ros2/install/px4_msgs/include/px4_msgs/px4_msgs/msg/detail/power_monitor__type_support.hpp\n'}
[5.648340] (px4_msgs) StdoutLine: {'line': b'-- Up-to-date: /home/pavel/ws_ros2/install/px4_msgs/include/px4_msgs/px4_msgs/msg/detail/timesync_status__traits.hpp\n'}
[5.648409] (px4_msgs) StdoutLine: {'line': b'-- Up-to-date: /home/pavel/ws_ros2/install/px4_msgs/include/px4_msgs/px4_msgs/msg/detail/generator_status__traits.hpp\n'}
[5.648468] (px4_msgs) StdoutLine: {'line': b'-- Up-to-date: /home/pavel/ws_ros2/install/px4_msgs/include/px4_msgs/px4_msgs/msg/detail/sensor_gyro_fft__builder.hpp\n'}
[5.648518] (px4_msgs) StdoutLine: {'line': b'-- Up-to-date: /home/pavel/ws_ros2/install/px4_msgs/include/px4_msgs/px4_msgs/msg/detail/magnetometer_bias_estimate__type_support.hpp\n'}
[5.648568] (px4_msgs) StdoutLine: {'line': b'-- Up-to-date: /home/pavel/ws_ros2/install/px4_msgs/include/px4_msgs/px4_msgs/msg/detail/gimbal_manager_set_attitude__traits.hpp\n'}
[5.648617] (px4_msgs) StdoutLine: {'line': b'-- Up-to-date: /home/pavel/ws_ros2/install/px4_msgs/include/px4_msgs/px4_msgs/msg/detail/vehicle_land_detected__struct.hpp\n'}
[5.648666] (px4_msgs) StdoutLine: {'line': b'-- Up-to-date: /home/pavel/ws_ros2/install/px4_msgs/include/px4_msgs/px4_msgs/msg/detail/orb_test__builder.hpp\n'}
[5.648715] (px4_msgs) StdoutLine: {'line': b'-- Up-to-date: /home/pavel/ws_ros2/install/px4_msgs/include/px4_msgs/px4_msgs/msg/detail/dataman_request__traits.hpp\n'}
[5.648764] (px4_msgs) StdoutLine: {'line': b'-- Up-to-date: /home/pavel/ws_ros2/install/px4_msgs/include/px4_msgs/px4_msgs/msg/detail/sensor_selection__struct.hpp\n'}
[5.648812] (px4_msgs) StdoutLine: {'line': b'-- Up-to-date: /home/pavel/ws_ros2/install/px4_msgs/include/px4_msgs/px4_msgs/msg/detail/actuator_test__traits.hpp\n'}
[5.648869] (px4_msgs) StdoutLine: {'line': b'-- Up-to-date: /home/pavel/ws_ros2/install/px4_msgs/include/px4_msgs/px4_msgs/msg/detail/parameter_update__struct.hpp\n'}
[5.648918] (px4_msgs) StdoutLine: {'line': b'-- Up-to-date: /home/pavel/ws_ros2/install/px4_msgs/include/px4_msgs/px4_msgs/msg/detail/airspeed__builder.hpp\n'}
[5.648967] (px4_msgs) StdoutLine: {'line': b'-- Up-to-date: /home/pavel/ws_ros2/install/px4_msgs/include/px4_msgs/px4_msgs/msg/detail/position_controller_landing_status__builder.hpp\n'}
[5.649016] (px4_msgs) StdoutLine: {'line': b'-- Up-to-date: /home/pavel/ws_ros2/install/px4_msgs/include/px4_msgs/px4_msgs/msg/detail/mount_orientation__traits.hpp\n'}
[5.649065] (px4_msgs) StdoutLine: {'line': b'-- Up-to-date: /home/pavel/ws_ros2/install/px4_msgs/include/px4_msgs/px4_msgs/msg/detail/gimbal_device_set_attitude__struct.hpp\n'}
[5.649113] (px4_msgs) StdoutLine: {'line': b'-- Up-to-date: /home/pavel/ws_ros2/install/px4_msgs/include/px4_msgs/px4_msgs/msg/detail/collision_constraints__struct.hpp\n'}
[5.649162] (px4_msgs) StdoutLine: {'line': b'-- Up-to-date: /home/pavel/ws_ros2/install/px4_msgs/include/px4_msgs/px4_msgs/msg/detail/sensor_optical_flow__traits.hpp\n'}
[5.649213] (px4_msgs) StdoutLine: {'line': b'-- Up-to-date: /home/pavel/ws_ros2/install/px4_msgs/include/px4_msgs/px4_msgs/msg/detail/sensor_airflow__traits.hpp\n'}
[5.649261] (px4_msgs) StdoutLine: {'line': b'-- Up-to-date: /home/pavel/ws_ros2/install/px4_msgs/include/px4_msgs/px4_msgs/msg/detail/differential_drive_setpoint__struct.hpp\n'}
[5.649310] (px4_msgs) StdoutLine: {'line': b'-- Up-to-date: /home/pavel/ws_ros2/install/px4_msgs/include/px4_msgs/px4_msgs/msg/detail/estimator_status_flags__struct.hpp\n'}
[5.649362] (px4_msgs) StdoutLine: {'line': b'-- Up-to-date: /home/pavel/ws_ros2/install/px4_msgs/include/px4_msgs/px4_msgs/msg/detail/sensor_uwb__builder.hpp\n'}
[5.649427] (px4_msgs) StdoutLine: {'line': b'-- Up-to-date: /home/pavel/ws_ros2/install/px4_msgs/include/px4_msgs/px4_msgs/msg/detail/register_ext_component_reply__struct.hpp\n'}
[5.649483] (px4_msgs) StdoutLine: {'line': b'-- Up-to-date: /home/pavel/ws_ros2/install/px4_msgs/include/px4_msgs/px4_msgs/msg/detail/vehicle_angular_velocity__traits.hpp\n'}
[5.649533] (px4_msgs) StdoutLine: {'line': b'-- Up-to-date: /home/pavel/ws_ros2/install/px4_msgs/include/px4_msgs/px4_msgs/msg/detail/vehicle_rates_setpoint__traits.hpp\n'}
[5.649582] (px4_msgs) StdoutLine: {'line': b'-- Up-to-date: /home/pavel/ws_ros2/install/px4_msgs/include/px4_msgs/px4_msgs/msg/detail/vehicle_rates_setpoint__struct.hpp\n'}
[5.649637] (px4_msgs) StdoutLine: {'line': b'-- Up-to-date: /home/pavel/ws_ros2/install/px4_msgs/include/px4_msgs/px4_msgs/msg/detail/rtl_time_estimate__struct.hpp\n'}
[5.649686] (px4_msgs) StdoutLine: {'line': b'-- Up-to-date: /home/pavel/ws_ros2/install/px4_msgs/include/px4_msgs/px4_msgs/msg/detail/flight_phase_estimation__traits.hpp\n'}
[5.649736] (px4_msgs) StdoutLine: {'line': b'-- Up-to-date: /home/pavel/ws_ros2/install/px4_msgs/include/px4_msgs/px4_msgs/msg/detail/sensor_preflight_mag__traits.hpp\n'}
[5.649785] (px4_msgs) StdoutLine: {'line': b'-- Up-to-date: /home/pavel/ws_ros2/install/px4_msgs/include/px4_msgs/px4_msgs/msg/detail/dataman_response__traits.hpp\n'}
[5.649834] (px4_msgs) StdoutLine: {'line': b'-- Up-to-date: /home/pavel/ws_ros2/install/px4_msgs/include/px4_msgs/px4_msgs/msg/detail/wheel_encoders__struct.hpp\n'}
[5.649883] (px4_msgs) StdoutLine: {'line': b'-- Up-to-date: /home/pavel/ws_ros2/install/px4_msgs/include/px4_msgs/px4_msgs/msg/detail/estimator_aid_source1d__builder.hpp\n'}
[5.649933] (px4_msgs) StdoutLine: {'line': b'-- Up-to-date: /home/pavel/ws_ros2/install/px4_msgs/include/px4_msgs/px4_msgs/msg/detail/px4io_status__struct.hpp\n'}
[5.649982] (px4_msgs) StdoutLine: {'line': b'-- Up-to-date: /home/pavel/ws_ros2/install/px4_msgs/include/px4_msgs/px4_msgs/msg/detail/vehicle_trajectory_bezier__type_support.hpp\n'}
[5.650033] (px4_msgs) StdoutLine: {'line': b'-- Up-to-date: /home/pavel/ws_ros2/install/px4_msgs/include/px4_msgs/px4_msgs/msg/detail/power_button_state__struct.hpp\n'}
[5.650082] (px4_msgs) StdoutLine: {'line': b'-- Up-to-date: /home/pavel/ws_ros2/install/px4_msgs/include/px4_msgs/px4_msgs/msg/detail/transponder_report__builder.hpp\n'}
[5.650132] (px4_msgs) StdoutLine: {'line': b'-- Up-to-date: /home/pavel/ws_ros2/install/px4_msgs/include/px4_msgs/px4_msgs/msg/detail/config_overrides__traits.hpp\n'}
[5.650193] (px4_msgs) StdoutLine: {'line': b'-- Up-to-date: /home/pavel/ws_ros2/install/px4_msgs/include/px4_msgs/px4_msgs/msg/detail/task_stack_info__struct.hpp\n'}
[5.650283] (px4_msgs) StdoutLine: {'line': b'-- Up-to-date: /home/pavel/ws_ros2/install/px4_msgs/include/px4_msgs/px4_msgs/msg/detail/gimbal_device_attitude_status__type_support.hpp\n'}
[5.650367] (px4_msgs) StdoutLine: {'line': b'-- Up-to-date: /home/pavel/ws_ros2/install/px4_msgs/include/px4_msgs/px4_msgs/msg/detail/normalized_unsigned_setpoint__builder.hpp\n'}
[5.650438] (px4_msgs) StdoutLine: {'line': b'-- Up-to-date: /home/pavel/ws_ros2/install/px4_msgs/include/px4_msgs/px4_msgs/msg/detail/sensor_gyro_fft__struct.hpp\n'}
[5.650493] (px4_msgs) StdoutLine: {'line': b'-- Up-to-date: /home/pavel/ws_ros2/install/px4_msgs/include/px4_msgs/px4_msgs/msg/detail/camera_status__traits.hpp\n'}
[5.650544] (px4_msgs) StdoutLine: {'line': b'-- Up-to-date: /home/pavel/ws_ros2/install/px4_msgs/include/px4_msgs/px4_msgs/msg/detail/mode_completed__type_support.hpp\n'}
[5.650594] (px4_msgs) StdoutLine: {'line': b'-- Up-to-date: /home/pavel/ws_ros2/install/px4_msgs/include/px4_msgs/px4_msgs/msg/detail/airspeed__traits.hpp\n'}
[5.650643] (px4_msgs) StdoutLine: {'line': b'-- Up-to-date: /home/pavel/ws_ros2/install/px4_msgs/include/px4_msgs/px4_msgs/msg/detail/vehicle_local_position_setpoint__traits.hpp\n'}
[5.650701] (px4_msgs) StdoutLine: {'line': b'-- Up-to-date: /home/pavel/ws_ros2/install/px4_msgs/include/px4_msgs/px4_msgs/msg/detail/esc_status__builder.hpp\n'}
[5.650751] (px4_msgs) StdoutLine: {'line': b'-- Up-to-date: /home/pavel/ws_ros2/install/px4_msgs/include/px4_msgs/px4_msgs/msg/detail/trajectory_waypoint__struct.hpp\n'}
[5.650801] (px4_msgs) StdoutLine: {'line': b'-- Up-to-date: /home/pavel/ws_ros2/install/px4_msgs/include/px4_msgs/px4_msgs/msg/detail/actuator_test__type_support.hpp\n'}
[5.650850] (px4_msgs) StdoutLine: {'line': b'-- Up-to-date: /home/pavel/ws_ros2/install/px4_msgs/include/px4_msgs/px4_msgs/msg/detail/register_ext_component_request__builder.hpp\n'}
[5.650899] (px4_msgs) StdoutLine: {'line': b'-- Up-to-date: /home/pavel/ws_ros2/install/px4_msgs/include/px4_msgs/px4_msgs/msg/detail/mission__struct.hpp\n'}
[5.650956] (px4_msgs) StdoutLine: {'line': b'-- Up-to-date: /home/pavel/ws_ros2/install/px4_msgs/include/px4_msgs/px4_msgs/msg/detail/mavlink_tunnel__type_support.hpp\n'}
[5.651006] (px4_msgs) StdoutLine: {'line': b'-- Up-to-date: /home/pavel/ws_ros2/install/px4_msgs/include/px4_msgs/px4_msgs/msg/detail/led_control__traits.hpp\n'}
[5.651059] (px4_msgs) StdoutLine: {'line': b'-- Up-to-date: /home/pavel/ws_ros2/install/px4_msgs/include/px4_msgs/px4_msgs/msg/detail/follow_target_status__struct.hpp\n'}
[5.651108] (px4_msgs) StdoutLine: {'line': b'-- Up-to-date: /home/pavel/ws_ros2/install/px4_msgs/include/px4_msgs/px4_msgs/msg/detail/vehicle_roi__struct.hpp\n'}
[5.651158] (px4_msgs) StdoutLine: {'line': b'-- Up-to-date: /home/pavel/ws_ros2/install/px4_msgs/include/px4_msgs/px4_msgs/msg/detail/can_interface_status__type_support.hpp\n'}
[5.651207] (px4_msgs) StdoutLine: {'line': b'-- Up-to-date: /home/pavel/ws_ros2/install/px4_msgs/include/px4_msgs/px4_msgs/msg/detail/sensor_mag__type_support.hpp\n'}
[5.651257] (px4_msgs) StdoutLine: {'line': b'-- Up-to-date: /home/pavel/ws_ros2/install/px4_msgs/include/px4_msgs/px4_msgs/msg/detail/actuator_armed__builder.hpp\n'}
[5.651306] (px4_msgs) StdoutLine: {'line': b'-- Up-to-date: /home/pavel/ws_ros2/install/px4_msgs/include/px4_msgs/px4_msgs/msg/detail/rover_ackermann_guidance_status__type_support.hpp\n'}
[5.651356] (px4_msgs) StdoutLine: {'line': b'-- Up-to-date: /home/pavel/ws_ros2/install/px4_msgs/include/px4_msgs/px4_msgs/msg/detail/manual_control_setpoint__type_support.hpp\n'}
[5.651413] (px4_msgs) StdoutLine: {'line': b'-- Up-to-date: /home/pavel/ws_ros2/install/px4_msgs/include/px4_msgs/px4_msgs/msg/detail/led_control__struct.hpp\n'}
[5.651469] (px4_msgs) StdoutLine: {'line': b'-- Up-to-date: /home/pavel/ws_ros2/install/px4_msgs/include/px4_msgs/px4_msgs/msg/detail/estimator_aid_source2d__traits.hpp\n'}
[5.651518] (px4_msgs) StdoutLine: {'line': b'-- Up-to-date: /home/pavel/ws_ros2/install/px4_msgs/include/px4_msgs/px4_msgs/msg/detail/position_controller_status__traits.hpp\n'}
[5.651568] (px4_msgs) StdoutLine: {'line': b'-- Up-to-date: /home/pavel/ws_ros2/install/px4_msgs/include/px4_msgs/px4_msgs/msg/detail/tune_control__traits.hpp\n'}
[5.651617] (px4_msgs) StdoutLine: {'line': b'-- Up-to-date: /home/pavel/ws_ros2/install/px4_msgs/include/px4_msgs/px4_msgs/msg/detail/button_event__builder.hpp\n'}
[5.651666] (px4_msgs) StdoutLine: {'line': b'-- Up-to-date: /home/pavel/ws_ros2/install/px4_msgs/include/px4_msgs/px4_msgs/msg/detail/irlock_report__type_support.hpp\n'}
[5.651714] (px4_msgs) StdoutLine: {'line': b'-- Up-to-date: /home/pavel/ws_ros2/install/px4_msgs/include/px4_msgs/px4_msgs/msg/detail/gimbal_device_information__traits.hpp\n'}
[5.651765] (px4_msgs) StdoutLine: {'line': b'-- Up-to-date: /home/pavel/ws_ros2/install/px4_msgs/include/px4_msgs/px4_msgs/msg/detail/estimator_sensor_bias__traits.hpp\n'}
[5.651814] (px4_msgs) StdoutLine: {'line': b'-- Up-to-date: /home/pavel/ws_ros2/install/px4_msgs/include/px4_msgs/px4_msgs/msg/detail/airspeed__type_support.hpp\n'}
[5.651862] (px4_msgs) StdoutLine: {'line': b'-- Up-to-date: /home/pavel/ws_ros2/install/px4_msgs/include/px4_msgs/px4_msgs/msg/detail/navigator_mission_item__builder.hpp\n'}
[5.651911] (px4_msgs) StdoutLine: {'line': b'-- Up-to-date: /home/pavel/ws_ros2/install/px4_msgs/include/px4_msgs/px4_msgs/msg/detail/cpuload__builder.hpp\n'}
[5.651961] (px4_msgs) StdoutLine: {'line': b'-- Up-to-date: /home/pavel/ws_ros2/install/px4_msgs/include/px4_msgs/px4_msgs/msg/detail/npfg_status__traits.hpp\n'}
[5.652009] (px4_msgs) StdoutLine: {'line': b'-- Up-to-date: /home/pavel/ws_ros2/install/px4_msgs/include/px4_msgs/px4_msgs/msg/detail/mode_completed__struct.hpp\n'}
[5.652057] (px4_msgs) StdoutLine: {'line': b'-- Up-to-date: /home/pavel/ws_ros2/install/px4_msgs/include/px4_msgs/px4_msgs/msg/detail/input_rc__traits.hpp\n'}
[5.652106] (px4_msgs) StdoutLine: {'line': b'-- Up-to-date: /home/pavel/ws_ros2/install/px4_msgs/include/px4_msgs/px4_msgs/msg/detail/sensor_uwb__type_support.hpp\n'}
[5.652154] (px4_msgs) StdoutLine: {'line': b'-- Up-to-date: /home/pavel/ws_ros2/install/px4_msgs/include/px4_msgs/px4_msgs/msg/detail/sensor_gps__type_support.hpp\n'}
[5.652208] (px4_msgs) StdoutLine: {'line': b'-- Up-to-date: /home/pavel/ws_ros2/install/px4_msgs/include/px4_msgs/px4_msgs/msg/detail/position_controller_status__struct.hpp\n'}
[5.652256] (px4_msgs) StdoutLine: {'line': b'-- Up-to-date: /home/pavel/ws_ros2/install/px4_msgs/include/px4_msgs/px4_msgs/msg/detail/adc_report__type_support.hpp\n'}
[5.652305] (px4_msgs) StdoutLine: {'line': b'-- Up-to-date: /home/pavel/ws_ros2/install/px4_msgs/include/px4_msgs/px4_msgs/msg/detail/actuator_outputs__traits.hpp\n'}
[5.652353] (px4_msgs) StdoutLine: {'line': b'-- Up-to-date: /home/pavel/ws_ros2/install/px4_msgs/include/px4_msgs/px4_msgs/msg/detail/mode_completed__traits.hpp\n'}
[5.652420] (px4_msgs) StdoutLine: {'line': b'-- Up-to-date: /home/pavel/ws_ros2/install/px4_msgs/include/px4_msgs/px4_msgs/msg/detail/goto_setpoint__struct.hpp\n'}
[5.652476] (px4_msgs) StdoutLine: {'line': b'-- Up-to-date: /home/pavel/ws_ros2/install/px4_msgs/include/px4_msgs/px4_msgs/msg/detail/hover_thrust_estimate__struct.hpp\n'}
[5.652526] (px4_msgs) StdoutLine: {'line': b'-- Up-to-date: /home/pavel/ws_ros2/install/px4_msgs/include/px4_msgs/px4_msgs/msg/detail/qshell_retval__traits.hpp\n'}
[5.652576] (px4_msgs) StdoutLine: {'line': b'-- Up-to-date: /home/pavel/ws_ros2/install/px4_msgs/include/px4_msgs/px4_msgs/msg/detail/vehicle_angular_velocity__type_support.hpp\n'}
[5.652626] (px4_msgs) StdoutLine: {'line': b'-- Up-to-date: /home/pavel/ws_ros2/install/px4_msgs/include/px4_msgs/px4_msgs/msg/detail/geofence_status__builder.hpp\n'}
[5.652681] (px4_msgs) StdoutLine: {'line': b'-- Up-to-date: /home/pavel/ws_ros2/install/px4_msgs/include/px4_msgs/px4_msgs/msg/detail/can_interface_status__traits.hpp\n'}
[5.652731] (px4_msgs) StdoutLine: {'line': b'-- Up-to-date: /home/pavel/ws_ros2/install/px4_msgs/include/px4_msgs/px4_msgs/msg/detail/normalized_unsigned_setpoint__type_support.hpp\n'}
[5.652780] (px4_msgs) StdoutLine: {'line': b'-- Up-to-date: /home/pavel/ws_ros2/install/px4_msgs/include/px4_msgs/px4_msgs/msg/detail/actuator_controls_status__builder.hpp\n'}
[5.652829] (px4_msgs) StdoutLine: {'line': b'-- Up-to-date: /home/pavel/ws_ros2/install/px4_msgs/include/px4_msgs/px4_msgs/msg/detail/position_controller_landing_status__type_support.hpp\n'}
[5.652878] (px4_msgs) StdoutLine: {'line': b'-- Up-to-date: /home/pavel/ws_ros2/install/px4_msgs/include/px4_msgs/px4_msgs/msg/detail/estimator_status__builder.hpp\n'}
[5.652927] (px4_msgs) StdoutLine: {'line': b'-- Up-to-date: /home/pavel/ws_ros2/install/px4_msgs/include/px4_msgs/px4_msgs/msg/detail/launch_detection_status__type_support.hpp\n'}
[5.652976] (px4_msgs) StdoutLine: {'line': b'-- Up-to-date: /home/pavel/ws_ros2/install/px4_msgs/include/px4_msgs/px4_msgs/msg/detail/magnetometer_bias_estimate__struct.hpp\n'}
[5.653025] (px4_msgs) StdoutLine: {'line': b'-- Up-to-date: /home/pavel/ws_ros2/install/px4_msgs/include/px4_msgs/px4_msgs/msg/detail/magnetometer_bias_estimate__builder.hpp\n'}
[5.653074] (px4_msgs) StdoutLine: {'line': b'-- Up-to-date: /home/pavel/ws_ros2/install/px4_msgs/include/px4_msgs/px4_msgs/msg/detail/autotune_attitude_control_status__struct.hpp\n'}
[5.653123] (px4_msgs) StdoutLine: {'line': b'-- Up-to-date: /home/pavel/ws_ros2/install/px4_msgs/include/px4_msgs/px4_msgs/msg/detail/landing_target_innovations__traits.hpp\n'}
[5.653171] (px4_msgs) StdoutLine: {'line': b'-- Up-to-date: /home/pavel/ws_ros2/install/px4_msgs/include/px4_msgs/px4_msgs/msg/detail/mode_completed__builder.hpp\n'}
[5.653220] (px4_msgs) StdoutLine: {'line': b'-- Up-to-date: /home/pavel/ws_ros2/install/px4_msgs/include/px4_msgs/px4_msgs/msg/detail/vehicle_attitude__traits.hpp\n'}
[5.653268] (px4_msgs) StdoutLine: {'line': b'-- Up-to-date: /home/pavel/ws_ros2/install/px4_msgs/include/px4_msgs/px4_msgs/msg/detail/differential_pressure__type_support.hpp\n'}
[5.653317] (px4_msgs) StdoutLine: {'line': b'-- Up-to-date: /home/pavel/ws_ros2/install/px4_msgs/include/px4_msgs/px4_msgs/msg/detail/airspeed_wind__struct.hpp\n'}
[5.653371] (px4_msgs) StdoutLine: {'line': b'-- Up-to-date: /home/pavel/ws_ros2/install/px4_msgs/include/px4_msgs/px4_msgs/msg/detail/collision_constraints__builder.hpp\n'}
[5.653433] (px4_msgs) StdoutLine: {'line': b'-- Up-to-date: /home/pavel/ws_ros2/install/px4_msgs/include/px4_msgs/px4_msgs/msg/detail/log_message__builder.hpp\n'}
[5.653486] (px4_msgs) StdoutLine: {'line': b'-- Up-to-date: /home/pavel/ws_ros2/install/px4_msgs/include/px4_msgs/px4_msgs/msg/detail/goto_setpoint__traits.hpp\n'}
[5.653535] (px4_msgs) StdoutLine: {'line': b'-- Up-to-date: /home/pavel/ws_ros2/install/px4_msgs/include/px4_msgs/px4_msgs/msg/detail/sensors_status__builder.hpp\n'}
[5.653584] (px4_msgs) StdoutLine: {'line': b'-- Up-to-date: /home/pavel/ws_ros2/install/px4_msgs/include/px4_msgs/px4_msgs/msg/detail/arming_check_request__struct.hpp\n'}
[5.653632] (px4_msgs) StdoutLine: {'line': b'-- Up-to-date: /home/pavel/ws_ros2/install/px4_msgs/include/px4_msgs/px4_msgs/msg/detail/uavcan_parameter_request__traits.hpp\n'}
[5.653681] (px4_msgs) StdoutLine: {'line': b'-- Up-to-date: /home/pavel/ws_ros2/install/px4_msgs/include/px4_msgs/px4_msgs/msg/detail/vehicle_optical_flow_vel__type_support.hpp\n'}
[5.653730] (px4_msgs) StdoutLine: {'line': b'-- Up-to-date: /home/pavel/ws_ros2/install/px4_msgs/include/px4_msgs/px4_msgs/msg/detail/manual_control_setpoint__traits.hpp\n'}
[5.653778] (px4_msgs) StdoutLine: {'line': b'-- Up-to-date: /home/pavel/ws_ros2/install/px4_msgs/include/px4_msgs/px4_msgs/msg/detail/debug_key_value__traits.hpp\n'}
[5.653827] (px4_msgs) StdoutLine: {'line': b'-- Up-to-date: /home/pavel/ws_ros2/install/px4_msgs/include/px4_msgs/px4_msgs/msg/detail/geofence_status__type_support.hpp\n'}
[5.653876] (px4_msgs) StdoutLine: {'line': b'-- Up-to-date: /home/pavel/ws_ros2/install/px4_msgs/include/px4_msgs/px4_msgs/msg/detail/button_event__type_support.hpp\n'}
[5.653925] (px4_msgs) StdoutLine: {'line': b'-- Up-to-date: /home/pavel/ws_ros2/install/px4_msgs/include/px4_msgs/px4_msgs/msg/detail/differential_pressure__traits.hpp\n'}
[5.653974] (px4_msgs) StdoutLine: {'line': b'-- Up-to-date: /home/pavel/ws_ros2/install/px4_msgs/include/px4_msgs/px4_msgs/msg/detail/system_power__struct.hpp\n'}
[5.654023] (px4_msgs) StdoutLine: {'line': b'-- Up-to-date: /home/pavel/ws_ros2/install/px4_msgs/include/px4_msgs/px4_msgs/msg/detail/orb_test_medium__struct.hpp\n'}
[5.654081] (px4_msgs) StdoutLine: {'line': b'-- Up-to-date: /home/pavel/ws_ros2/install/px4_msgs/include/px4_msgs/px4_msgs/msg/detail/health_report__struct.hpp\n'}
[5.654131] (px4_msgs) StdoutLine: {'line': b'-- Up-to-date: /home/pavel/ws_ros2/install/px4_msgs/include/px4_msgs/px4_msgs/msg/detail/logger_status__traits.hpp\n'}
[5.654181] (px4_msgs) StdoutLine: {'line': b'-- Up-to-date: /home/pavel/ws_ros2/install/px4_msgs/include/px4_msgs/px4_msgs/msg/detail/dataman_request__struct.hpp\n'}
[5.654233] (px4_msgs) StdoutLine: {'line': b'-- Up-to-date: /home/pavel/ws_ros2/install/px4_msgs/include/px4_msgs/px4_msgs/msg/detail/gimbal_manager_information__struct.hpp\n'}
[5.654283] (px4_msgs) StdoutLine: {'line': b'-- Up-to-date: /home/pavel/ws_ros2/install/px4_msgs/include/px4_msgs/px4_msgs/msg/detail/sensor_gyro__struct.hpp\n'}
[5.654331] (px4_msgs) StdoutLine: {'line': b'-- Up-to-date: /home/pavel/ws_ros2/install/px4_msgs/include/px4_msgs/px4_msgs/msg/detail/airspeed_validated__builder.hpp\n'}
[5.654386] (px4_msgs) StdoutLine: {'line': b'-- Up-to-date: /home/pavel/ws_ros2/install/px4_msgs/include/px4_msgs/px4_msgs/msg/detail/rate_ctrl_status__traits.hpp\n'}
[5.654442] (px4_msgs) StdoutLine: {'line': b'-- Up-to-date: /home/pavel/ws_ros2/install/px4_msgs/include/px4_msgs/px4_msgs/msg/detail/collision_constraints__traits.hpp\n'}
[5.654492] (px4_msgs) StdoutLine: {'line': b'-- Up-to-date: /home/pavel/ws_ros2/install/px4_msgs/include/px4_msgs/px4_msgs/msg/detail/sensor_optical_flow__builder.hpp\n'}
[5.654540] (px4_msgs) StdoutLine: {'line': b'-- Up-to-date: /home/pavel/ws_ros2/install/px4_msgs/include/px4_msgs/px4_msgs/msg/detail/distance_sensor__builder.hpp\n'}
[5.654594] (px4_msgs) StdoutLine: {'line': b'-- Up-to-date: /home/pavel/ws_ros2/install/px4_msgs/include/px4_msgs/px4_msgs/msg/detail/debug_array__builder.hpp\n'}
[5.654642] (px4_msgs) StdoutLine: {'line': b'-- Up-to-date: /home/pavel/ws_ros2/install/px4_msgs/include/px4_msgs/px4_msgs/msg/detail/vehicle_global_position__builder.hpp\n'}
[5.654691] (px4_msgs) StdoutLine: {'line': b'-- Up-to-date: /home/pavel/ws_ros2/install/px4_msgs/include/px4_msgs/px4_msgs/msg/detail/rtl_time_estimate__builder.hpp\n'}
[5.654739] (px4_msgs) StdoutLine: {'line': b'-- Up-to-date: /home/pavel/ws_ros2/install/px4_msgs/include/px4_msgs/px4_msgs/msg/detail/offboard_control_mode__traits.hpp\n'}
[5.654787] (px4_msgs) StdoutLine: {'line': b'-- Up-to-date: /home/pavel/ws_ros2/install/px4_msgs/include/px4_msgs/px4_msgs/msg/detail/telemetry_status__struct.hpp\n'}
[5.654836] (px4_msgs) StdoutLine: {'line': b'-- Up-to-date: /home/pavel/ws_ros2/install/px4_msgs/include/px4_msgs/px4_msgs/msg/detail/action_request__type_support.hpp\n'}
[5.654884] (px4_msgs) StdoutLine: {'line': b'-- Up-to-date: /home/pavel/ws_ros2/install/px4_msgs/include/px4_msgs/px4_msgs/msg/detail/estimator_aid_source3d__traits.hpp\n'}
[5.654933] (px4_msgs) StdoutLine: {'line': b'-- Up-to-date: /home/pavel/ws_ros2/install/px4_msgs/include/px4_msgs/px4_msgs/msg/detail/cellular_status__type_support.hpp\n'}
[5.654983] (px4_msgs) StdoutLine: {'line': b'-- Up-to-date: /home/pavel/ws_ros2/install/px4_msgs/include/px4_msgs/px4_msgs/msg/detail/vehicle_local_position_setpoint__struct.hpp\n'}
[5.655032] (px4_msgs) StdoutLine: {'line': b'-- Up-to-date: /home/pavel/ws_ros2/install/px4_msgs/include/px4_msgs/px4_msgs/msg/detail/vehicle_attitude_setpoint__traits.hpp\n'}
[5.655080] (px4_msgs) StdoutLine: {'line': b'-- Up-to-date: /home/pavel/ws_ros2/install/px4_msgs/include/px4_msgs/px4_msgs/msg/detail/rate_ctrl_status__builder.hpp\n'}
[5.655129] (px4_msgs) StdoutLine: {'line': b'-- Up-to-date: /home/pavel/ws_ros2/install/px4_msgs/include/px4_msgs/px4_msgs/msg/detail/vehicle_attitude_setpoint__builder.hpp\n'}
[5.655178] (px4_msgs) StdoutLine: {'line': b'-- Up-to-date: /home/pavel/ws_ros2/install/px4_msgs/include/px4_msgs/px4_msgs/msg/detail/obstacle_distance__traits.hpp\n'}
[5.655227] (px4_msgs) StdoutLine: {'line': b'-- Up-to-date: /home/pavel/ws_ros2/install/px4_msgs/include/px4_msgs/px4_msgs/msg/detail/action_request__builder.hpp\n'}
[5.655276] (px4_msgs) StdoutLine: {'line': b'-- Up-to-date: /home/pavel/ws_ros2/install/px4_msgs/include/px4_msgs/px4_msgs/msg/detail/ping__struct.hpp\n'}
[5.655324] (px4_msgs) StdoutLine: {'line': b'-- Up-to-date: /home/pavel/ws_ros2/install/px4_msgs/include/px4_msgs/px4_msgs/msg/detail/gimbal_manager_information__traits.hpp\n'}
[5.655373] (px4_msgs) StdoutLine: {'line': b'-- Up-to-date: /home/pavel/ws_ros2/install/px4_msgs/include/px4_msgs/px4_msgs/msg/detail/estimator_selector_status__builder.hpp\n'}
[5.655431] (px4_msgs) StdoutLine: {'line': b'-- Up-to-date: /home/pavel/ws_ros2/install/px4_msgs/include/px4_msgs/px4_msgs/msg/detail/sensor_mag__struct.hpp\n'}
[5.655485] (px4_msgs) StdoutLine: {'line': b'-- Up-to-date: /home/pavel/ws_ros2/install/px4_msgs/include/px4_msgs/px4_msgs/msg/detail/debug_value__struct.hpp\n'}
[5.655533] (px4_msgs) StdoutLine: {'line': b'-- Up-to-date: /home/pavel/ws_ros2/install/px4_msgs/include/px4_msgs/px4_msgs/msg/detail/tecs_status__struct.hpp\n'}
[5.655582] (px4_msgs) StdoutLine: {'line': b'-- Up-to-date: /home/pavel/ws_ros2/install/px4_msgs/include/px4_msgs/px4_msgs/msg/detail/sensor_gyro_fft__traits.hpp\n'}
[5.655630] (px4_msgs) StdoutLine: {'line': b'-- Up-to-date: /home/pavel/ws_ros2/install/px4_msgs/include/px4_msgs/px4_msgs/msg/detail/follow_target_estimator__builder.hpp\n'}
[5.655677] (px4_msgs) StdoutLine: {'line': b'-- Up-to-date: /home/pavel/ws_ros2/install/px4_msgs/include/px4_msgs/px4_msgs/msg/detail/airspeed__struct.hpp\n'}
[5.655725] (px4_msgs) StdoutLine: {'line': b'-- Up-to-date: /home/pavel/ws_ros2/install/px4_msgs/include/px4_msgs/px4_msgs/msg/detail/gpio_in__traits.hpp\n'}
[5.655783] (px4_msgs) StdoutLine: {'line': b'-- Up-to-date: /home/pavel/ws_ros2/install/px4_msgs/include/px4_msgs/px4_msgs/msg/detail/landing_gear__traits.hpp\n'}
[5.655839] (px4_msgs) StdoutLine: {'line': b'-- Up-to-date: /home/pavel/ws_ros2/install/px4_msgs/include/px4_msgs/px4_msgs/msg/detail/vehicle_attitude__builder.hpp\n'}
[5.655889] (px4_msgs) StdoutLine: {'line': b'-- Up-to-date: /home/pavel/ws_ros2/install/px4_msgs/include/px4_msgs/px4_msgs/msg/detail/failsafe_flags__type_support.hpp\n'}
[5.655937] (px4_msgs) StdoutLine: {'line': b'-- Up-to-date: /home/pavel/ws_ros2/install/px4_msgs/include/px4_msgs/px4_msgs/msg/detail/manual_control_setpoint__builder.hpp\n'}
[5.655986] (px4_msgs) StdoutLine: {'line': b'-- Up-to-date: /home/pavel/ws_ros2/install/px4_msgs/include/px4_msgs/px4_msgs/msg/detail/sensor_gyro__builder.hpp\n'}
[5.656035] (px4_msgs) StdoutLine: {'line': b'-- Up-to-date: /home/pavel/ws_ros2/install/px4_msgs/include/px4_msgs/px4_msgs/msg/detail/ulog_stream_ack__type_support.hpp\n'}
[5.656083] (px4_msgs) StdoutLine: {'line': b'-- Up-to-date: /home/pavel/ws_ros2/install/px4_msgs/include/px4_msgs/px4_msgs/msg/detail/vehicle_air_data__type_support.hpp\n'}
[5.656132] (px4_msgs) StdoutLine: {'line': b'-- Up-to-date: /home/pavel/ws_ros2/install/px4_msgs/include/px4_msgs/px4_msgs/msg/detail/sensor_combined__struct.hpp\n'}
[5.656180] (px4_msgs) StdoutLine: {'line': b'-- Up-to-date: /home/pavel/ws_ros2/install/px4_msgs/include/px4_msgs/px4_msgs/msg/detail/actuator_controls_status__type_support.hpp\n'}
[5.656228] (px4_msgs) StdoutLine: {'line': b'-- Up-to-date: /home/pavel/ws_ros2/install/px4_msgs/include/px4_msgs/px4_msgs/msg/detail/mavlink_tunnel__traits.hpp\n'}
[5.656300] (px4_msgs) StdoutLine: {'line': b'-- Up-to-date: /home/pavel/ws_ros2/install/px4_msgs/include/px4_msgs/px4_msgs/msg/detail/vehicle_trajectory_waypoint__type_support.hpp\n'}
[5.656351] (px4_msgs) StdoutLine: {'line': b'-- Up-to-date: /home/pavel/ws_ros2/install/px4_msgs/include/px4_msgs/px4_msgs/msg/detail/actuator_servos_trim__struct.hpp\n'}
[5.656410] (px4_msgs) StdoutLine: {'line': b'-- Up-to-date: /home/pavel/ws_ros2/install/px4_msgs/include/px4_msgs/px4_msgs/msg/detail/launch_detection_status__traits.hpp\n'}
[5.656463] (px4_msgs) StdoutLine: {'line': b'-- Up-to-date: /home/pavel/ws_ros2/install/px4_msgs/include/px4_msgs/px4_msgs/msg/detail/gpio_config__builder.hpp\n'}
[5.656513] (px4_msgs) StdoutLine: {'line': b'-- Up-to-date: /home/pavel/ws_ros2/install/px4_msgs/include/px4_msgs/px4_msgs/msg/detail/gripper__traits.hpp\n'}
[5.656562] (px4_msgs) StdoutLine: {'line': b'-- Up-to-date: /home/pavel/ws_ros2/install/px4_msgs/include/px4_msgs/px4_msgs/msg/detail/gpio_out__builder.hpp\n'}
[5.656613] (px4_msgs) StdoutLine: {'line': b'-- Up-to-date: /home/pavel/ws_ros2/install/px4_msgs/include/px4_msgs/px4_msgs/msg/detail/onboard_computer_status__type_support.hpp\n'}
[5.656662] (px4_msgs) StdoutLine: {'line': b'-- Up-to-date: /home/pavel/ws_ros2/install/px4_msgs/include/px4_msgs/px4_msgs/msg/detail/wind__struct.hpp\n'}
[5.656711] (px4_msgs) StdoutLine: {'line': b'-- Up-to-date: /home/pavel/ws_ros2/install/px4_msgs/include/px4_msgs/px4_msgs/msg/detail/orb_test__struct.hpp\n'}
[5.656760] (px4_msgs) StdoutLine: {'line': b'-- Up-to-date: /home/pavel/ws_ros2/install/px4_msgs/include/px4_msgs/px4_msgs/msg/detail/position_setpoint__builder.hpp\n'}
[5.656809] (px4_msgs) StdoutLine: {'line': b'-- Up-to-date: /home/pavel/ws_ros2/install/px4_msgs/include/px4_msgs/px4_msgs/msg/detail/actuator_test__struct.hpp\n'}
[5.656857] (px4_msgs) StdoutLine: {'line': b'-- Up-to-date: /home/pavel/ws_ros2/install/px4_msgs/include/px4_msgs/px4_msgs/msg/detail/geofence_result__builder.hpp\n'}
[5.656907] (px4_msgs) StdoutLine: {'line': b'-- Up-to-date: /home/pavel/ws_ros2/install/px4_msgs/include/px4_msgs/px4_msgs/msg/detail/gimbal_manager_set_manual_control__builder.hpp\n'}
[5.656956] (px4_msgs) StdoutLine: {'line': b'-- Up-to-date: /home/pavel/ws_ros2/install/px4_msgs/include/px4_msgs/px4_msgs/msg/detail/debug_value__builder.hpp\n'}
[5.657004] (px4_msgs) StdoutLine: {'line': b'-- Up-to-date: /home/pavel/ws_ros2/install/px4_msgs/include/px4_msgs/px4_msgs/msg/detail/gimbal_manager_set_attitude__builder.hpp\n'}
[5.657061] (px4_msgs) StdoutLine: {'line': b'-- Up-to-date: /home/pavel/ws_ros2/install/px4_msgs/include/px4_msgs/px4_msgs/msg/detail/config_overrides__struct.hpp\n'}
[5.657109] (px4_msgs) StdoutLine: {'line': b'-- Up-to-date: /home/pavel/ws_ros2/install/px4_msgs/include/px4_msgs/px4_msgs/msg/detail/irlock_report__traits.hpp\n'}
[5.657158] (px4_msgs) StdoutLine: {'line': b'-- Up-to-date: /home/pavel/ws_ros2/install/px4_msgs/include/px4_msgs/px4_msgs/msg/detail/gimbal_manager_set_manual_control__traits.hpp\n'}
[5.657207] (px4_msgs) StdoutLine: {'line': b'-- Up-to-date: /home/pavel/ws_ros2/install/px4_msgs/include/px4_msgs/px4_msgs/msg/detail/message_format_response__builder.hpp\n'}
[5.657256] (px4_msgs) StdoutLine: {'line': b'-- Up-to-date: /home/pavel/ws_ros2/install/px4_msgs/include/px4_msgs/px4_msgs/msg/detail/sensors_status_imu__type_support.hpp\n'}
[5.657305] (px4_msgs) StdoutLine: {'line': b'-- Up-to-date: /home/pavel/ws_ros2/install/px4_msgs/include/px4_msgs/px4_msgs/msg/detail/flight_phase_estimation__struct.hpp\n'}
[5.657353] (px4_msgs) StdoutLine: {'line': b'-- Up-to-date: /home/pavel/ws_ros2/install/px4_msgs/include/px4_msgs/px4_msgs/msg/detail/sensor_correction__builder.hpp\n'}
[5.657419] (px4_msgs) StdoutLine: {'line': b'-- Up-to-date: /home/pavel/ws_ros2/install/px4_msgs/include/px4_msgs/px4_msgs/msg/detail/debug_array__traits.hpp\n'}
[5.657471] (px4_msgs) StdoutLine: {'line': b'-- Up-to-date: /home/pavel/ws_ros2/install/px4_msgs/include/px4_msgs/px4_msgs/msg/detail/task_stack_info__traits.hpp\n'}
[5.657527] (px4_msgs) StdoutLine: {'line': b'-- Up-to-date: /home/pavel/ws_ros2/install/px4_msgs/include/px4_msgs/px4_msgs/msg/detail/mavlink_log__type_support.hpp\n'}
[5.657576] (px4_msgs) StdoutLine: {'line': b'-- Up-to-date: /home/pavel/ws_ros2/install/px4_msgs/include/px4_msgs/px4_msgs/msg/detail/unregister_ext_component__builder.hpp\n'}
[5.657626] (px4_msgs) StdoutLine: {'line': b'-- Up-to-date: /home/pavel/ws_ros2/install/px4_msgs/include/px4_msgs/px4_msgs/msg/detail/event__struct.hpp\n'}
[5.657675] (px4_msgs) StdoutLine: {'line': b'-- Up-to-date: /home/pavel/ws_ros2/install/px4_msgs/include/px4_msgs/px4_msgs/msg/detail/gpio_out__traits.hpp\n'}
[5.657723] (px4_msgs) StdoutLine: {'line': b'-- Up-to-date: /home/pavel/ws_ros2/install/px4_msgs/include/px4_msgs/px4_msgs/msg/detail/manual_control_switches__type_support.hpp\n'}
[5.657772] (px4_msgs) StdoutLine: {'line': b'-- Up-to-date: /home/pavel/ws_ros2/install/px4_msgs/include/px4_msgs/px4_msgs/msg/detail/landing_target_innovations__builder.hpp\n'}
[5.657821] (px4_msgs) StdoutLine: {'line': b'-- Up-to-date: /home/pavel/ws_ros2/install/px4_msgs/include/px4_msgs/px4_msgs/msg/detail/gimbal_device_attitude_status__traits.hpp\n'}
[5.657870] (px4_msgs) StdoutLine: {'line': b'-- Up-to-date: /home/pavel/ws_ros2/install/px4_msgs/include/px4_msgs/px4_msgs/msg/detail/gimbal_manager_set_manual_control__struct.hpp\n'}
[5.657919] (px4_msgs) StdoutLine: {'line': b'-- Up-to-date: /home/pavel/ws_ros2/install/px4_msgs/include/px4_msgs/px4_msgs/msg/detail/vehicle_optical_flow__struct.hpp\n'}
[5.657968] (px4_msgs) StdoutLine: {'line': b'-- Up-to-date: /home/pavel/ws_ros2/install/px4_msgs/include/px4_msgs/px4_msgs/msg/detail/failure_detector_status__builder.hpp\n'}
[5.658016] (px4_msgs) StdoutLine: {'line': b'-- Up-to-date: /home/pavel/ws_ros2/install/px4_msgs/include/px4_msgs/px4_msgs/msg/detail/launch_detection_status__builder.hpp\n'}
[5.658065] (px4_msgs) StdoutLine: {'line': b'-- Up-to-date: /home/pavel/ws_ros2/install/px4_msgs/include/px4_msgs/px4_msgs/msg/detail/vehicle_local_position_setpoint__builder.hpp\n'}
[5.658114] (px4_msgs) StdoutLine: {'line': b'-- Up-to-date: /home/pavel/ws_ros2/install/px4_msgs/include/px4_msgs/px4_msgs/msg/detail/uavcan_parameter_value__traits.hpp\n'}
[5.658162] (px4_msgs) StdoutLine: {'line': b'-- Up-to-date: /home/pavel/ws_ros2/install/px4_msgs/include/px4_msgs/px4_msgs/msg/detail/gpio_in__builder.hpp\n'}
[5.658211] (px4_msgs) StdoutLine: {'line': b'-- Up-to-date: /home/pavel/ws_ros2/install/px4_msgs/include/px4_msgs/px4_msgs/msg/detail/button_event__struct.hpp\n'}
[5.658265] (px4_msgs) StdoutLine: {'line': b'-- Up-to-date: /home/pavel/ws_ros2/install/px4_msgs/include/px4_msgs/px4_msgs/msg/detail/rc_parameter_map__builder.hpp\n'}
[5.658313] (px4_msgs) StdoutLine: {'line': b'-- Up-to-date: /home/pavel/ws_ros2/install/px4_msgs/include/px4_msgs/px4_msgs/msg/detail/takeoff_status__builder.hpp\n'}
[5.658362] (px4_msgs) StdoutLine: {'line': b'-- Up-to-date: /home/pavel/ws_ros2/install/px4_msgs/include/px4_msgs/px4_msgs/msg/detail/gimbal_manager_set_attitude__type_support.hpp\n'}
[5.658420] (px4_msgs) StdoutLine: {'line': b'-- Up-to-date: /home/pavel/ws_ros2/install/px4_msgs/include/px4_msgs/px4_msgs/msg/detail/parameter_set_used_request__type_support.hpp\n'}
[5.658471] (px4_msgs) StdoutLine: {'line': b'-- Up-to-date: /home/pavel/ws_ros2/install/px4_msgs/include/px4_msgs/px4_msgs/msg/detail/estimator_bias__builder.hpp\n'}
[5.658520] (px4_msgs) StdoutLine: {'line': b'-- Up-to-date: /home/pavel/ws_ros2/install/px4_msgs/include/px4_msgs/px4_msgs/msg/detail/sensor_airflow__builder.hpp\n'}
[5.658568] (px4_msgs) StdoutLine: {'line': b'-- Up-to-date: /home/pavel/ws_ros2/install/px4_msgs/include/px4_msgs/px4_msgs/msg/detail/sensor_gyro_fifo__type_support.hpp\n'}
[5.658616] (px4_msgs) StdoutLine: {'line': b'-- Up-to-date: /home/pavel/ws_ros2/install/px4_msgs/include/px4_msgs/px4_msgs/msg/detail/gimbal_controls__traits.hpp\n'}
[5.658665] (px4_msgs) StdoutLine: {'line': b'-- Up-to-date: /home/pavel/ws_ros2/install/px4_msgs/include/px4_msgs/px4_msgs/msg/detail/parameter_update__traits.hpp\n'}
[5.658713] (px4_msgs) StdoutLine: {'line': b'-- Up-to-date: /home/pavel/ws_ros2/install/px4_msgs/include/px4_msgs/px4_msgs/msg/detail/vtol_vehicle_status__type_support.hpp\n'}
[5.658763] (px4_msgs) StdoutLine: {'line': b'-- Up-to-date: /home/pavel/ws_ros2/install/px4_msgs/include/px4_msgs/px4_msgs/msg/detail/tiltrotor_extra_controls__type_support.hpp\n'}
[5.658813] (px4_msgs) StdoutLine: {'line': b'-- Up-to-date: /home/pavel/ws_ros2/install/px4_msgs/include/px4_msgs/px4_msgs/msg/detail/vehicle_control_mode__struct.hpp\n'}
[5.658862] (px4_msgs) StdoutLine: {'line': b'-- Up-to-date: /home/pavel/ws_ros2/install/px4_msgs/include/px4_msgs/px4_msgs/msg/detail/rtl_time_estimate__traits.hpp\n'}
[5.658911] (px4_msgs) StdoutLine: {'line': b'-- Up-to-date: /home/pavel/ws_ros2/install/px4_msgs/include/px4_msgs/px4_msgs/msg/detail/orb_test_medium__type_support.hpp\n'}
[5.658960] (px4_msgs) StdoutLine: {'line': b'-- Up-to-date: /home/pavel/ws_ros2/install/px4_msgs/include/px4_msgs/px4_msgs/msg/detail/estimator_sensor_bias__builder.hpp\n'}
[5.659015] (px4_msgs) StdoutLine: {'line': b'-- Up-to-date: /home/pavel/ws_ros2/install/px4_msgs/include/px4_msgs/px4_msgs/msg/detail/npfg_status__struct.hpp\n'}
[5.659065] (px4_msgs) StdoutLine: {'line': b'-- Up-to-date: /home/pavel/ws_ros2/install/px4_msgs/include/px4_msgs/px4_msgs/msg/detail/estimator_event_flags__builder.hpp\n'}
[5.659114] (px4_msgs) StdoutLine: {'line': b'-- Up-to-date: /home/pavel/ws_ros2/install/px4_msgs/include/px4_msgs/px4_msgs/msg/detail/cellular_status__traits.hpp\n'}
[5.659162] (px4_msgs) StdoutLine: {'line': b'-- Up-to-date: /home/pavel/ws_ros2/install/px4_msgs/include/px4_msgs/px4_msgs/msg/detail/velocity_limits__type_support.hpp\n'}
[5.659219] (px4_msgs) StdoutLine: {'line': b'-- Up-to-date: /home/pavel/ws_ros2/install/px4_msgs/include/px4_msgs/px4_msgs/msg/detail/uavcan_parameter_value__struct.hpp\n'}
[5.659268] (px4_msgs) StdoutLine: {'line': b'-- Up-to-date: /home/pavel/ws_ros2/install/px4_msgs/include/px4_msgs/px4_msgs/msg/detail/orb_test_large__struct.hpp\n'}
[5.659316] (px4_msgs) StdoutLine: {'line': b'-- Up-to-date: /home/pavel/ws_ros2/install/px4_msgs/include/px4_msgs/px4_msgs/msg/detail/esc_report__type_support.hpp\n'}
[5.659365] (px4_msgs) StdoutLine: {'line': b'-- Up-to-date: /home/pavel/ws_ros2/install/px4_msgs/include/px4_msgs/px4_msgs/msg/detail/sensor_accel_fifo__struct.hpp\n'}
[5.659423] (px4_msgs) StdoutLine: {'line': b'-- Up-to-date: /home/pavel/ws_ros2/install/px4_msgs/include/px4_msgs/px4_msgs/msg/detail/debug_vect__type_support.hpp\n'}
[5.659479] (px4_msgs) StdoutLine: {'line': b'-- Up-to-date: /home/pavel/ws_ros2/install/px4_msgs/include/px4_msgs/px4_msgs/msg/detail/gimbal_device_information__type_support.hpp\n'}
[5.659529] (px4_msgs) StdoutLine: {'line': b'-- Up-to-date: /home/pavel/ws_ros2/install/px4_msgs/include/px4_msgs/px4_msgs/msg/detail/estimator_innovations__builder.hpp\n'}
[5.659578] (px4_msgs) StdoutLine: {'line': b'-- Up-to-date: /home/pavel/ws_ros2/install/px4_msgs/include/px4_msgs/px4_msgs/msg/detail/esc_report__traits.hpp\n'}
[5.659626] (px4_msgs) StdoutLine: {'line': b'-- Up-to-date: /home/pavel/ws_ros2/install/px4_msgs/include/px4_msgs/px4_msgs/msg/detail/goto_setpoint__builder.hpp\n'}
[5.659675] (px4_msgs) StdoutLine: {'line': b'-- Up-to-date: /home/pavel/ws_ros2/install/px4_msgs/include/px4_msgs/px4_msgs/msg/detail/qshell_retval__struct.hpp\n'}
[5.659723] (px4_msgs) StdoutLine: {'line': b'-- Up-to-date: /home/pavel/ws_ros2/install/px4_msgs/include/px4_msgs/px4_msgs/msg/detail/landing_target_pose__builder.hpp\n'}
[5.659772] (px4_msgs) StdoutLine: {'line': b'-- Up-to-date: /home/pavel/ws_ros2/install/px4_msgs/include/px4_msgs/px4_msgs/msg/detail/button_event__traits.hpp\n'}
[5.659822] (px4_msgs) StdoutLine: {'line': b'-- Up-to-date: /home/pavel/ws_ros2/install/px4_msgs/include/px4_msgs/px4_msgs/msg/detail/vehicle_angular_acceleration_setpoint__traits.hpp\n'}
[5.659870] (px4_msgs) StdoutLine: {'line': b'-- Up-to-date: /home/pavel/ws_ros2/install/px4_msgs/include/px4_msgs/px4_msgs/msg/detail/sensor_baro__struct.hpp\n'}
[5.659918] (px4_msgs) StdoutLine: {'line': b'-- Up-to-date: /home/pavel/ws_ros2/install/px4_msgs/include/px4_msgs/px4_msgs/msg/detail/vehicle_torque_setpoint__type_support.hpp\n'}
[5.659967] (px4_msgs) StdoutLine: {'line': b'-- Up-to-date: /home/pavel/ws_ros2/install/px4_msgs/include/px4_msgs/px4_msgs/msg/detail/orb_test__traits.hpp\n'}
[5.660015] (px4_msgs) StdoutLine: {'line': b'-- Up-to-date: /home/pavel/ws_ros2/install/px4_msgs/include/px4_msgs/px4_msgs/msg/detail/gpio_in__type_support.hpp\n'}
[5.660064] (px4_msgs) StdoutLine: {'line': b'-- Up-to-date: /home/pavel/ws_ros2/install/px4_msgs/include/px4_msgs/px4_msgs/msg/detail/rpm__type_support.hpp\n'}
[5.660113] (px4_msgs) StdoutLine: {'line': b'-- Up-to-date: /home/pavel/ws_ros2/install/px4_msgs/include/px4_msgs/px4_msgs/msg/detail/vehicle_acceleration__traits.hpp\n'}
[5.660162] (px4_msgs) StdoutLine: {'line': b'-- Up-to-date: /home/pavel/ws_ros2/install/px4_msgs/include/px4_msgs/px4_msgs/msg/detail/satellite_info__struct.hpp\n'}
[5.660210] (px4_msgs) StdoutLine: {'line': b'-- Up-to-date: /home/pavel/ws_ros2/install/px4_msgs/include/px4_msgs/px4_msgs/msg/detail/wind__traits.hpp\n'}
[5.660260] (px4_msgs) StdoutLine: {'line': b'-- Up-to-date: /home/pavel/ws_ros2/install/px4_msgs/include/px4_msgs/px4_msgs/msg/detail/battery_status__traits.hpp\n'}
[5.660309] (px4_msgs) StdoutLine: {'line': b'-- Up-to-date: /home/pavel/ws_ros2/install/px4_msgs/include/px4_msgs/px4_msgs/msg/detail/trajectory_bezier__type_support.hpp\n'}
[5.660358] (px4_msgs) StdoutLine: {'line': b'-- Up-to-date: /home/pavel/ws_ros2/install/px4_msgs/include/px4_msgs/px4_msgs/msg/detail/tecs_status__traits.hpp\n'}
[5.660432] (px4_msgs) StdoutLine: {'line': b'-- Up-to-date: /home/pavel/ws_ros2/install/px4_msgs/include/px4_msgs/px4_msgs/msg/detail/gimbal_device_information__struct.hpp\n'}
[5.660486] (px4_msgs) StdoutLine: {'line': b'-- Up-to-date: /home/pavel/ws_ros2/install/px4_msgs/include/px4_msgs/px4_msgs/msg/detail/failure_detector_status__struct.hpp\n'}
[5.660536] (px4_msgs) StdoutLine: {'line': b'-- Up-to-date: /home/pavel/ws_ros2/install/px4_msgs/include/px4_msgs/px4_msgs/msg/detail/vehicle_status__builder.hpp\n'}
[5.660585] (px4_msgs) StdoutLine: {'line': b'-- Up-to-date: /home/pavel/ws_ros2/install/px4_msgs/include/px4_msgs/px4_msgs/msg/detail/parameter_set_used_request__builder.hpp\n'}
[5.660641] (px4_msgs) StdoutLine: {'line': b'-- Up-to-date: /home/pavel/ws_ros2/install/px4_msgs/include/px4_msgs/px4_msgs/msg/detail/gpio_request__type_support.hpp\n'}
[5.660695] (px4_msgs) StdoutLine: {'line': b'-- Up-to-date: /home/pavel/ws_ros2/install/px4_msgs/include/px4_msgs/px4_msgs/msg/detail/landing_gear_wheel__type_support.hpp\n'}
[5.660744] (px4_msgs) StdoutLine: {'line': b'-- Up-to-date: /home/pavel/ws_ros2/install/px4_msgs/include/px4_msgs/px4_msgs/msg/detail/trajectory_waypoint__type_support.hpp\n'}
[5.660792] (px4_msgs) StdoutLine: {'line': b'-- Up-to-date: /home/pavel/ws_ros2/install/px4_msgs/include/px4_msgs/px4_msgs/msg/detail/manual_control_switches__builder.hpp\n'}
[5.660842] (px4_msgs) StdoutLine: {'line': b'-- Up-to-date: /home/pavel/ws_ros2/install/px4_msgs/include/px4_msgs/px4_msgs/msg/detail/fuel_tank_status__struct.hpp\n'}
[5.660921] (px4_msgs) StdoutLine: {'line': b'-- Up-to-date: /home/pavel/ws_ros2/install/px4_msgs/include/px4_msgs/px4_msgs/msg/detail/sensor_optical_flow__type_support.hpp\n'}
[5.661014] (px4_msgs) StdoutLine: {'line': b'-- Up-to-date: /home/pavel/ws_ros2/install/px4_msgs/include/px4_msgs/px4_msgs/msg/detail/vehicle_air_data__builder.hpp\n'}
[5.661117] (px4_msgs) StdoutLine: {'line': b'-- Up-to-date: /home/pavel/ws_ros2/install/px4_msgs/include/px4_msgs/px4_msgs/msg/detail/mavlink_tunnel__builder.hpp\n'}
[5.661219] (px4_msgs) StdoutLine: {'line': b'-- Up-to-date: /home/pavel/ws_ros2/install/px4_msgs/include/px4_msgs/px4_msgs/msg/detail/tune_control__struct.hpp\n'}
[5.661326] (px4_msgs) StdoutLine: {'line': b'-- Up-to-date: /home/pavel/ws_ros2/install/px4_msgs/include/px4_msgs/px4_msgs/msg/detail/vehicle_acceleration__type_support.hpp\n'}
[5.661451] (px4_msgs) StdoutLine: {'line': b'-- Up-to-date: /home/pavel/ws_ros2/install/px4_msgs/include/px4_msgs/px4_msgs/msg/detail/wind__type_support.hpp\n'}
[5.661573] (px4_msgs) StdoutLine: {'line': b'-- Up-to-date: /home/pavel/ws_ros2/install/px4_msgs/include/px4_msgs/px4_msgs/msg/detail/airspeed_wind__builder.hpp\n'}
[5.661690] (px4_msgs) StdoutLine: {'line': b'-- Up-to-date: /home/pavel/ws_ros2/install/px4_msgs/include/px4_msgs/px4_msgs/msg/detail/transponder_report__traits.hpp\n'}
[5.661807] (px4_msgs) StdoutLine: {'line': b'-- Up-to-date: /home/pavel/ws_ros2/install/px4_msgs/include/px4_msgs/px4_msgs/msg/detail/led_control__builder.hpp\n'}
[5.661918] (px4_msgs) StdoutLine: {'line': b'-- Up-to-date: /home/pavel/ws_ros2/install/px4_msgs/include/px4_msgs/px4_msgs/msg/detail/actuator_controls_status__struct.hpp\n'}
[5.662020] (px4_msgs) StdoutLine: {'line': b'-- Up-to-date: /home/pavel/ws_ros2/install/px4_msgs/include/px4_msgs/px4_msgs/msg/detail/actuator_servos__struct.hpp\n'}
[5.662124] (px4_msgs) StdoutLine: {'line': b'-- Up-to-date: /home/pavel/ws_ros2/install/px4_msgs/include/px4_msgs/px4_msgs/msg/detail/sensor_accel__type_support.hpp\n'}
[5.662230] (px4_msgs) StdoutLine: {'line': b'-- Up-to-date: /home/pavel/ws_ros2/install/px4_msgs/include/px4_msgs/px4_msgs/msg/detail/debug_array__type_support.hpp\n'}
[5.662344] (px4_msgs) StdoutLine: {'line': b'-- Up-to-date: /home/pavel/ws_ros2/install/px4_msgs/include/px4_msgs/px4_msgs/msg/detail/px4io_status__traits.hpp\n'}
[5.662471] (px4_msgs) StdoutLine: {'line': b'-- Up-to-date: /home/pavel/ws_ros2/install/px4_msgs/include/px4_msgs/px4_msgs/msg/detail/vehicle_acceleration__builder.hpp\n'}
[5.662587] (px4_msgs) StdoutLine: {'line': b'-- Up-to-date: /home/pavel/ws_ros2/install/px4_msgs/include/px4_msgs/px4_msgs/msg/detail/gps_inject_data__builder.hpp\n'}
[5.662684] (px4_msgs) StdoutLine: {'line': b'-- Up-to-date: /home/pavel/ws_ros2/install/px4_msgs/include/px4_msgs/px4_msgs/msg/detail/mavlink_log__traits.hpp\n'}
[5.662796] (px4_msgs) StdoutLine: {'line': b'-- Up-to-date: /home/pavel/ws_ros2/install/px4_msgs/include/px4_msgs/px4_msgs/msg/detail/differential_drive_setpoint__type_support.hpp\n'}
[5.662908] (px4_msgs) StdoutLine: {'line': b'-- Up-to-date: /home/pavel/ws_ros2/install/px4_msgs/include/px4_msgs/px4_msgs/msg/detail/vehicle_command__builder.hpp\n'}
[5.663017] (px4_msgs) StdoutLine: {'line': b'-- Up-to-date: /home/pavel/ws_ros2/install/px4_msgs/include/px4_msgs/px4_msgs/msg/detail/orbit_status__traits.hpp\n'}
[5.663147] (px4_msgs) StdoutLine: {'line': b'-- Up-to-date: /home/pavel/ws_ros2/install/px4_msgs/include/px4_msgs/px4_msgs/msg/detail/adc_report__builder.hpp\n'}
[5.663262] (px4_msgs) StdoutLine: {'line': b'-- Up-to-date: /home/pavel/ws_ros2/install/px4_msgs/include/px4_msgs/px4_msgs/msg/detail/gripper__builder.hpp\n'}
[5.663382] (px4_msgs) StdoutLine: {'line': b'-- Up-to-date: /home/pavel/ws_ros2/install/px4_msgs/include/px4_msgs/px4_msgs/msg/detail/vehicle_thrust_setpoint__type_support.hpp\n'}
[5.663508] (px4_msgs) StdoutLine: {'line': b'-- Up-to-date: /home/pavel/ws_ros2/install/px4_msgs/include/px4_msgs/px4_msgs/msg/detail/position_controller_landing_status__struct.hpp\n'}
[5.663621] (px4_msgs) StdoutLine: {'line': b'-- Up-to-date: /home/pavel/ws_ros2/install/px4_msgs/include/px4_msgs/px4_msgs/msg/detail/gimbal_controls__type_support.hpp\n'}
[5.663729] (px4_msgs) StdoutLine: {'line': b'-- Up-to-date: /home/pavel/ws_ros2/install/px4_msgs/include/px4_msgs/px4_msgs/msg/detail/actuator_test__builder.hpp\n'}
[5.663848] (px4_msgs) StdoutLine: {'line': b'-- Up-to-date: /home/pavel/ws_ros2/install/px4_msgs/include/px4_msgs/px4_msgs/msg/detail/follow_target_estimator__traits.hpp\n'}
[5.663968] (px4_msgs) StdoutLine: {'line': b'-- Up-to-date: /home/pavel/ws_ros2/install/px4_msgs/include/px4_msgs/px4_msgs/msg/detail/cpuload__type_support.hpp\n'}
[5.664081] (px4_msgs) StdoutLine: {'line': b'-- Up-to-date: /home/pavel/ws_ros2/install/px4_msgs/include/px4_msgs/px4_msgs/msg/detail/landing_gear_wheel__traits.hpp\n'}
[5.664197] (px4_msgs) StdoutLine: {'line': b'-- Up-to-date: /home/pavel/ws_ros2/install/px4_msgs/include/px4_msgs/px4_msgs/msg/detail/vehicle_angular_acceleration_setpoint__builder.hpp\n'}
[5.664315] (px4_msgs) StdoutLine: {'line': b'-- Up-to-date: /home/pavel/ws_ros2/install/px4_msgs/include/px4_msgs/px4_msgs/msg/detail/generator_status__struct.hpp\n'}
[5.664420] (px4_msgs) StdoutLine: {'line': b'-- Up-to-date: /home/pavel/ws_ros2/install/px4_msgs/include/px4_msgs/px4_msgs/msg/detail/follow_target__traits.hpp\n'}
[5.664510] (px4_msgs) StdoutLine: {'line': b'-- Up-to-date: /home/pavel/ws_ros2/install/px4_msgs/include/px4_msgs/px4_msgs/msg/detail/buffer128__struct.hpp\n'}
[5.664596] (px4_msgs) StdoutLine: {'line': b'-- Up-to-date: /home/pavel/ws_ros2/install/px4_msgs/include/px4_msgs/px4_msgs/msg/detail/actuator_servos_trim__builder.hpp\n'}
[5.664681] (px4_msgs) StdoutLine: {'line': b'-- Up-to-date: /home/pavel/ws_ros2/install/px4_msgs/include/px4_msgs/px4_msgs/msg/detail/message_format_response__struct.hpp\n'}
[5.664778] (px4_msgs) StdoutLine: {'line': b'-- Up-to-date: /home/pavel/ws_ros2/install/px4_msgs/include/px4_msgs/px4_msgs/msg/detail/vehicle_air_data__struct.hpp\n'}
[5.664863] (px4_msgs) StdoutLine: {'line': b'-- Up-to-date: /home/pavel/ws_ros2/install/px4_msgs/include/px4_msgs/px4_msgs/msg/detail/autotune_attitude_control_status__type_support.hpp\n'}
[5.664948] (px4_msgs) StdoutLine: {'line': b'-- Up-to-date: /home/pavel/ws_ros2/install/px4_msgs/include/px4_msgs/px4_msgs/msg/detail/vehicle_local_position__type_support.hpp\n'}
[5.665033] (px4_msgs) StdoutLine: {'line': b'-- Up-to-date: /home/pavel/ws_ros2/install/px4_msgs/include/px4_msgs/px4_msgs/msg/detail/vehicle_rates_setpoint__type_support.hpp\n'}
[5.665117] (px4_msgs) StdoutLine: {'line': b'-- Up-to-date: /home/pavel/ws_ros2/install/px4_msgs/include/px4_msgs/px4_msgs/msg/detail/home_position__traits.hpp\n'}
[5.665201] (px4_msgs) StdoutLine: {'line': b'-- Up-to-date: /home/pavel/ws_ros2/install/px4_msgs/include/px4_msgs/px4_msgs/msg/detail/normalized_unsigned_setpoint__struct.hpp\n'}
[5.665285] (px4_msgs) StdoutLine: {'line': b'-- Up-to-date: /home/pavel/ws_ros2/install/px4_msgs/include/px4_msgs/px4_msgs/msg/detail/gps_dump__type_support.hpp\n'}
[5.665370] (px4_msgs) StdoutLine: {'line': b'-- Up-to-date: /home/pavel/ws_ros2/install/px4_msgs/include/px4_msgs/px4_msgs/msg/detail/estimator_aid_source2d__type_support.hpp\n'}
[5.665468] (px4_msgs) StdoutLine: {'line': b'-- Up-to-date: /home/pavel/ws_ros2/install/px4_msgs/include/px4_msgs/px4_msgs/msg/detail/estimator_aid_source2d__builder.hpp\n'}
[5.665559] (px4_msgs) StdoutLine: {'line': b'-- Up-to-date: /home/pavel/ws_ros2/install/px4_msgs/include/px4_msgs/px4_msgs/msg/detail/rc_parameter_map__struct.hpp\n'}
[5.665643] (px4_msgs) StdoutLine: {'line': b'-- Up-to-date: /home/pavel/ws_ros2/install/px4_msgs/include/px4_msgs/px4_msgs/msg/detail/estimator_gps_status__struct.hpp\n'}
[5.665728] (px4_msgs) StdoutLine: {'line': b'-- Up-to-date: /home/pavel/ws_ros2/install/px4_msgs/include/px4_msgs/px4_msgs/msg/detail/vehicle_odometry__struct.hpp\n'}
[5.665812] (px4_msgs) StdoutLine: {'line': b'-- Up-to-date: /home/pavel/ws_ros2/install/px4_msgs/include/px4_msgs/px4_msgs/msg/detail/sensors_status_imu__builder.hpp\n'}
[5.665896] (px4_msgs) StdoutLine: {'line': b'-- Up-to-date: /home/pavel/ws_ros2/install/px4_msgs/include/px4_msgs/px4_msgs/msg/detail/event__traits.hpp\n'}
[5.665980] (px4_msgs) StdoutLine: {'line': b'-- Up-to-date: /home/pavel/ws_ros2/install/px4_msgs/include/px4_msgs/px4_msgs/msg/detail/ulog_stream_ack__builder.hpp\n'}
[5.666065] (px4_msgs) StdoutLine: {'line': b'-- Up-to-date: /home/pavel/ws_ros2/install/px4_msgs/include/px4_msgs/px4_msgs/msg/detail/distance_sensor__traits.hpp\n'}
[5.666149] (px4_msgs) StdoutLine: {'line': b'-- Up-to-date: /home/pavel/ws_ros2/install/px4_msgs/include/px4_msgs/px4_msgs/msg/detail/sensor_baro__traits.hpp\n'}
[5.666233] (px4_msgs) StdoutLine: {'line': b'-- Up-to-date: /home/pavel/ws_ros2/install/px4_msgs/include/px4_msgs/px4_msgs/msg/detail/flight_phase_estimation__type_support.hpp\n'}
[5.666318] (px4_msgs) StdoutLine: {'line': b'-- Up-to-date: /home/pavel/ws_ros2/install/px4_msgs/include/px4_msgs/px4_msgs/msg/detail/follow_target__struct.hpp\n'}
[5.666411] (px4_msgs) StdoutLine: {'line': b'-- Up-to-date: /home/pavel/ws_ros2/install/px4_msgs/include/px4_msgs/px4_msgs/msg/detail/arming_check_reply__traits.hpp\n'}
[5.666501] (px4_msgs) StdoutLine: {'line': b'-- Up-to-date: /home/pavel/ws_ros2/install/px4_msgs/include/px4_msgs/px4_msgs/msg/detail/vehicle_imu__builder.hpp\n'}
[5.666585] (px4_msgs) StdoutLine: {'line': b'-- Up-to-date: /home/pavel/ws_ros2/install/px4_msgs/include/px4_msgs/px4_msgs/msg/detail/can_interface_status__builder.hpp\n'}
[5.666670] (px4_msgs) StdoutLine: {'line': b'-- Up-to-date: /home/pavel/ws_ros2/install/px4_msgs/include/px4_msgs/px4_msgs/msg/detail/message_format_request__type_support.hpp\n'}
[5.666760] (px4_msgs) StdoutLine: {'line': b'-- Up-to-date: /home/pavel/ws_ros2/install/px4_msgs/include/px4_msgs/px4_msgs/msg/detail/message_format_request__builder.hpp\n'}
[5.666847] (px4_msgs) StdoutLine: {'line': b'-- Up-to-date: /home/pavel/ws_ros2/install/px4_msgs/include/px4_msgs/px4_msgs/msg/detail/yaw_estimator_status__builder.hpp\n'}
[5.666932] (px4_msgs) StdoutLine: {'line': b'-- Up-to-date: /home/pavel/ws_ros2/install/px4_msgs/include/px4_msgs/px4_msgs/msg/detail/mag_worker_data__builder.hpp\n'}
[5.667017] (px4_msgs) StdoutLine: {'line': b'-- Up-to-date: /home/pavel/ws_ros2/install/px4_msgs/include/px4_msgs/px4_msgs/msg/detail/qshell_req__type_support.hpp\n'}
[5.667101] (px4_msgs) StdoutLine: {'line': b'-- Up-to-date: /home/pavel/ws_ros2/install/px4_msgs/include/px4_msgs/px4_msgs/msg/detail/vehicle_optical_flow__builder.hpp\n'}
[5.667186] (px4_msgs) StdoutLine: {'line': b'-- Up-to-date: /home/pavel/ws_ros2/install/px4_msgs/include/px4_msgs/px4_msgs/msg/detail/estimator_status_flags__builder.hpp\n'}
[5.667270] (px4_msgs) StdoutLine: {'line': b'-- Up-to-date: /home/pavel/ws_ros2/install/px4_msgs/include/px4_msgs/px4_msgs/msg/detail/parameter_reset_request__builder.hpp\n'}
[5.667355] (px4_msgs) StdoutLine: {'line': b'-- Up-to-date: /home/pavel/ws_ros2/install/px4_msgs/include/px4_msgs/px4_msgs/msg/detail/rpm__traits.hpp\n'}
[5.667451] (px4_msgs) StdoutLine: {'line': b'-- Up-to-date: /home/pavel/ws_ros2/install/px4_msgs/include/px4_msgs/px4_msgs/msg/detail/estimator_selector_status__traits.hpp\n'}
[5.667538] (px4_msgs) StdoutLine: {'line': b'-- Up-to-date: /home/pavel/ws_ros2/install/px4_msgs/include/px4_msgs/px4_msgs/msg/detail/orb_test__type_support.hpp\n'}
[5.667636] (px4_msgs) StdoutLine: {'line': b'-- Up-to-date: /home/pavel/ws_ros2/install/px4_msgs/include/px4_msgs/px4_msgs/msg/detail/differential_drive_setpoint__builder.hpp\n'}
[5.667720] (px4_msgs) StdoutLine: {'line': b'-- Up-to-date: /home/pavel/ws_ros2/install/px4_msgs/include/px4_msgs/px4_msgs/msg/detail/can_interface_status__struct.hpp\n'}
[5.667805] (px4_msgs) StdoutLine: {'line': b'-- Up-to-date: /home/pavel/ws_ros2/install/px4_msgs/include/px4_msgs/px4_msgs/msg/detail/gps_dump__builder.hpp\n'}
[5.667889] (px4_msgs) StdoutLine: {'line': b'-- Up-to-date: /home/pavel/ws_ros2/install/px4_msgs/include/px4_msgs/px4_msgs/msg/detail/estimator_aid_source3d__type_support.hpp\n'}
[5.667974] (px4_msgs) StdoutLine: {'line': b'-- Up-to-date: /home/pavel/ws_ros2/install/px4_msgs/include/px4_msgs/px4_msgs/msg/detail/telemetry_status__type_support.hpp\n'}
[5.668058] (px4_msgs) StdoutLine: {'line': b'-- Up-to-date: /home/pavel/ws_ros2/install/px4_msgs/include/px4_msgs/px4_msgs/msg/detail/yaw_estimator_status__traits.hpp\n'}
[5.668143] (px4_msgs) StdoutLine: {'line': b'-- Up-to-date: /home/pavel/ws_ros2/install/px4_msgs/include/px4_msgs/px4_msgs/msg/detail/vehicle_roi__type_support.hpp\n'}
[5.668229] (px4_msgs) StdoutLine: {'line': b'-- Up-to-date: /home/pavel/ws_ros2/install/px4_msgs/include/px4_msgs/px4_msgs/msg/detail/trajectory_setpoint__struct.hpp\n'}
[5.668312] (px4_msgs) StdoutLine: {'line': b'-- Up-to-date: /home/pavel/ws_ros2/install/px4_msgs/include/px4_msgs/px4_msgs/msg/detail/sensor_correction__traits.hpp\n'}
[5.668405] (px4_msgs) StdoutLine: {'line': b'-- Up-to-date: /home/pavel/ws_ros2/install/px4_msgs/include/px4_msgs/px4_msgs/msg/detail/collision_report__traits.hpp\n'}
[5.668496] (px4_msgs) StdoutLine: {'line': b'-- Up-to-date: /home/pavel/ws_ros2/install/px4_msgs/include/px4_msgs/px4_msgs/msg/detail/hover_thrust_estimate__traits.hpp\n'}
[5.668580] (px4_msgs) StdoutLine: {'line': b'-- Up-to-date: /home/pavel/ws_ros2/install/px4_msgs/include/px4_msgs/px4_msgs/msg/detail/telemetry_status__traits.hpp\n'}
[5.668664] (px4_msgs) StdoutLine: {'line': b'-- Up-to-date: /home/pavel/ws_ros2/install/px4_msgs/include/px4_msgs/px4_msgs/msg/detail/rc_channels__struct.hpp\n'}
[5.668749] (px4_msgs) StdoutLine: {'line': b'-- Up-to-date: /home/pavel/ws_ros2/install/px4_msgs/include/px4_msgs/px4_msgs/msg/detail/message_format_response__traits.hpp\n'}
[5.668835] (px4_msgs) StdoutLine: {'line': b'-- Up-to-date: /home/pavel/ws_ros2/install/px4_msgs/include/px4_msgs/px4_msgs/msg/detail/estimator_selector_status__type_support.hpp\n'}
[5.668920] (px4_msgs) StdoutLine: {'line': b'-- Up-to-date: /home/pavel/ws_ros2/install/px4_msgs/include/px4_msgs/px4_msgs/msg/detail/config_overrides__type_support.hpp\n'}
[5.669004] (px4_msgs) StdoutLine: {'line': b'-- Up-to-date: /home/pavel/ws_ros2/install/px4_msgs/include/px4_msgs/px4_msgs/msg/detail/action_request__struct.hpp\n'}
[5.669089] (px4_msgs) StdoutLine: {'line': b'-- Up-to-date: /home/pavel/ws_ros2/install/px4_msgs/include/px4_msgs/px4_msgs/msg/detail/sensor_baro__type_support.hpp\n'}
[5.669173] (px4_msgs) StdoutLine: {'line': b'-- Up-to-date: /home/pavel/ws_ros2/install/px4_msgs/include/px4_msgs/px4_msgs/msg/detail/follow_target_estimator__struct.hpp\n'}
[5.669257] (px4_msgs) StdoutLine: {'line': b'-- Up-to-date: /home/pavel/ws_ros2/install/px4_msgs/include/px4_msgs/px4_msgs/msg/detail/pwm_input__builder.hpp\n'}
[5.669341] (px4_msgs) StdoutLine: {'line': b'-- Up-to-date: /home/pavel/ws_ros2/install/px4_msgs/include/px4_msgs/px4_msgs/msg/detail/actuator_servos_trim__traits.hpp\n'}
[5.669442] (px4_msgs) StdoutLine: {'line': b'-- Up-to-date: /home/pavel/ws_ros2/install/px4_msgs/include/px4_msgs/px4_msgs/msg/detail/gimbal_device_attitude_status__builder.hpp\n'}
[5.669529] (px4_msgs) StdoutLine: {'line': b'-- Up-to-date: /home/pavel/ws_ros2/install/px4_msgs/include/px4_msgs/px4_msgs/msg/detail/sensor_gyro_fifo__traits.hpp\n'}
[5.669614] (px4_msgs) StdoutLine: {'line': b'-- Up-to-date: /home/pavel/ws_ros2/install/px4_msgs/include/px4_msgs/px4_msgs/msg/detail/vtol_vehicle_status__traits.hpp\n'}
[5.669704] (px4_msgs) StdoutLine: {'line': b'-- Up-to-date: /home/pavel/ws_ros2/install/px4_msgs/include/px4_msgs/px4_msgs/msg/detail/vehicle_control_mode__traits.hpp\n'}
[5.669788] (px4_msgs) StdoutLine: {'line': b'-- Up-to-date: /home/pavel/ws_ros2/install/px4_msgs/include/px4_msgs/px4_msgs/msg/detail/orb_test_medium__traits.hpp\n'}
[5.669873] (px4_msgs) StdoutLine: {'line': b'-- Up-to-date: /home/pavel/ws_ros2/install/px4_msgs/include/px4_msgs/px4_msgs/msg/detail/gimbal_manager_status__type_support.hpp\n'}
[5.669958] (px4_msgs) StdoutLine: {'line': b'-- Up-to-date: /home/pavel/ws_ros2/install/px4_msgs/include/px4_msgs/px4_msgs/msg/detail/uavcan_parameter_value__type_support.hpp\n'}
[5.670042] (px4_msgs) StdoutLine: {'line': b'-- Up-to-date: /home/pavel/ws_ros2/install/px4_msgs/include/px4_msgs/px4_msgs/msg/detail/landing_gear__type_support.hpp\n'}
[5.670126] (px4_msgs) StdoutLine: {'line': b'-- Up-to-date: /home/pavel/ws_ros2/install/px4_msgs/include/px4_msgs/px4_msgs/msg/detail/magnetometer_bias_estimate__traits.hpp\n'}
[5.670210] (px4_msgs) StdoutLine: {'line': b'-- Up-to-date: /home/pavel/ws_ros2/install/px4_msgs/include/px4_msgs/px4_msgs/msg/detail/pwm_input__type_support.hpp\n'}
[5.670294] (px4_msgs) StdoutLine: {'line': b'-- Up-to-date: /home/pavel/ws_ros2/install/px4_msgs/include/px4_msgs/px4_msgs/msg/detail/heater_status__builder.hpp\n'}
[5.670386] (px4_msgs) StdoutLine: {'line': b'-- Up-to-date: /home/pavel/ws_ros2/install/px4_msgs/include/px4_msgs/px4_msgs/msg/detail/sensor_mag__builder.hpp\n'}
[5.670471] (px4_msgs) StdoutLine: {'line': b'-- Up-to-date: /home/pavel/ws_ros2/install/px4_msgs/include/px4_msgs/px4_msgs/msg/detail/config_overrides__builder.hpp\n'}
[5.670533] (px4_msgs) StdoutLine: {'line': b'-- Up-to-date: /home/pavel/ws_ros2/install/px4_msgs/include/px4_msgs/px4_msgs/msg/detail/led_control__type_support.hpp\n'}
[5.670584] (px4_msgs) StdoutLine: {'line': b'-- Up-to-date: /home/pavel/ws_ros2/install/px4_msgs/include/px4_msgs/px4_msgs/msg/detail/geofence_result__type_support.hpp\n'}
[5.670634] (px4_msgs) StdoutLine: {'line': b'-- Up-to-date: /home/pavel/ws_ros2/install/px4_msgs/include/px4_msgs/px4_msgs/msg/detail/gps_inject_data__traits.hpp\n'}
[5.670684] (px4_msgs) StdoutLine: {'line': b'-- Up-to-date: /home/pavel/ws_ros2/install/px4_msgs/include/px4_msgs/px4_msgs/msg/detail/arming_check_request__builder.hpp\n'}
[5.670733] (px4_msgs) StdoutLine: {'line': b'-- Up-to-date: /home/pavel/ws_ros2/install/px4_msgs/include/px4_msgs/px4_msgs/msg/detail/buffer128__type_support.hpp\n'}
[5.670783] (px4_msgs) StdoutLine: {'line': b'-- Up-to-date: /home/pavel/ws_ros2/install/px4_msgs/include/px4_msgs/px4_msgs/msg/detail/qshell_req__builder.hpp\n'}
[5.670831] (px4_msgs) StdoutLine: {'line': b'-- Up-to-date: /home/pavel/ws_ros2/install/px4_msgs/include/px4_msgs/px4_msgs/msg/detail/vehicle_status__traits.hpp\n'}
[5.670880] (px4_msgs) StdoutLine: {'line': b'-- Up-to-date: /home/pavel/ws_ros2/install/px4_msgs/include/px4_msgs/px4_msgs/msg/detail/actuator_outputs__builder.hpp\n'}
[5.670929] (px4_msgs) StdoutLine: {'line': b'-- Up-to-date: /home/pavel/ws_ros2/install/px4_msgs/include/px4_msgs/px4_msgs/msg/detail/rover_ackermann_guidance_status__struct.hpp\n'}
[5.670978] (px4_msgs) StdoutLine: {'line': b'-- Up-to-date: /home/pavel/ws_ros2/install/px4_msgs/include/px4_msgs/px4_msgs/msg/detail/vehicle_imu__type_support.hpp\n'}
[5.671027] (px4_msgs) StdoutLine: {'line': b'-- Up-to-date: /home/pavel/ws_ros2/install/px4_msgs/include/px4_msgs/px4_msgs/msg/detail/collision_report__struct.hpp\n'}
[5.671076] (px4_msgs) StdoutLine: {'line': b'-- Up-to-date: /home/pavel/ws_ros2/install/px4_msgs/include/px4_msgs/px4_msgs/msg/detail/vehicle_imu__traits.hpp\n'}
[5.671126] (px4_msgs) StdoutLine: {'line': b'-- Up-to-date: /home/pavel/ws_ros2/install/px4_msgs/include/px4_msgs/px4_msgs/msg/detail/parameter_set_used_request__traits.hpp\n'}
[5.671175] (px4_msgs) StdoutLine: {'line': b'-- Up-to-date: /home/pavel/ws_ros2/install/px4_msgs/include/px4_msgs/px4_msgs/msg/detail/vehicle_global_position__traits.hpp\n'}
[5.671225] (px4_msgs) StdoutLine: {'line': b'-- Up-to-date: /home/pavel/ws_ros2/install/px4_msgs/include/px4_msgs/px4_msgs/msg/detail/mag_worker_data__struct.hpp\n'}
[5.671280] (px4_msgs) StdoutLine: {'line': b'-- Up-to-date: /home/pavel/ws_ros2/install/px4_msgs/include/px4_msgs/px4_msgs/msg/detail/estimator_event_flags__traits.hpp\n'}
[5.671329] (px4_msgs) StdoutLine: {'line': b'-- Up-to-date: /home/pavel/ws_ros2/install/px4_msgs/include/px4_msgs/px4_msgs/msg/detail/mission__traits.hpp\n'}
[5.671386] (px4_msgs) StdoutLine: {'line': b'-- Up-to-date: /home/pavel/ws_ros2/install/px4_msgs/include/px4_msgs/px4_msgs/msg/detail/task_stack_info__type_support.hpp\n'}
[5.671454] (px4_msgs) StdoutLine: {'line': b'-- Up-to-date: /home/pavel/ws_ros2/install/px4_msgs/include/px4_msgs/px4_msgs/msg/detail/register_ext_component_reply__traits.hpp\n'}
[5.671513] (px4_msgs) StdoutLine: {'line': b'-- Up-to-date: /home/pavel/ws_ros2/install/px4_msgs/include/px4_msgs/px4_msgs/msg/detail/gimbal_device_information__builder.hpp\n'}
[5.671572] (px4_msgs) StdoutLine: {'line': b'-- Up-to-date: /home/pavel/ws_ros2/install/px4_msgs/include/px4_msgs/px4_msgs/msg/detail/debug_array__struct.hpp\n'}
[5.671626] (px4_msgs) StdoutLine: {'line': b'-- Up-to-date: /home/pavel/ws_ros2/install/px4_msgs/include/px4_msgs/px4_msgs/msg/detail/rover_ackermann_guidance_status__builder.hpp\n'}
[5.671692] (px4_msgs) StdoutLine: {'line': b'-- Up-to-date: /home/pavel/ws_ros2/install/px4_msgs/include/px4_msgs/px4_msgs/msg/detail/pps_capture__traits.hpp\n'}
[5.671744] (px4_msgs) StdoutLine: {'line': b'-- Up-to-date: /home/pavel/ws_ros2/install/px4_msgs/include/px4_msgs/px4_msgs/msg/detail/camera_capture__type_support.hpp\n'}
[5.671803] (px4_msgs) StdoutLine: {'line': b'-- Up-to-date: /home/pavel/ws_ros2/install/px4_msgs/include/px4_msgs/px4_msgs/msg/detail/sensor_hygrometer__traits.hpp\n'}
[5.671857] (px4_msgs) StdoutLine: {'line': b'-- Up-to-date: /home/pavel/ws_ros2/install/px4_msgs/include/px4_msgs/px4_msgs/msg/detail/actuator_servos__traits.hpp\n'}
[5.671906] (px4_msgs) StdoutLine: {'line': b'-- Up-to-date: /home/pavel/ws_ros2/install/px4_msgs/include/px4_msgs/px4_msgs/msg/detail/estimator_event_flags__type_support.hpp\n'}
[5.671972] (px4_msgs) StdoutLine: {'line': b'-- Up-to-date: /home/pavel/ws_ros2/install/px4_msgs/include/px4_msgs/px4_msgs/msg/detail/action_request__traits.hpp\n'}
[5.672023] (px4_msgs) StdoutLine: {'line': b'-- Up-to-date: /home/pavel/ws_ros2/install/px4_msgs/include/px4_msgs/px4_msgs/msg/detail/vehicle_land_detected__builder.hpp\n'}
[5.672074] (px4_msgs) StdoutLine: {'line': b'-- Up-to-date: /home/pavel/ws_ros2/install/px4_msgs/include/px4_msgs/px4_msgs/msg/detail/sensor_hygrometer__type_support.hpp\n'}
[5.672164] (px4_msgs) StdoutLine: {'line': b'-- Up-to-date: /home/pavel/ws_ros2/install/px4_msgs/include/px4_msgs/px4_msgs/msg/detail/gps_inject_data__type_support.hpp\n'}
[5.672256] (px4_msgs) StdoutLine: {'line': b'-- Up-to-date: /home/pavel/ws_ros2/install/px4_msgs/include/px4_msgs/px4_msgs/msg/detail/gpio_out__type_support.hpp\n'}
[5.672341] (px4_msgs) StdoutLine: {'line': b'-- Up-to-date: /home/pavel/ws_ros2/install/px4_msgs/include/px4_msgs/px4_msgs/msg/detail/message_format_request__struct.hpp\n'}
[5.672446] (px4_msgs) StdoutLine: {'line': b'-- Up-to-date: /home/pavel/ws_ros2/install/px4_msgs/include/px4_msgs/px4_msgs/msg/detail/sensor_combined__builder.hpp\n'}
[5.672543] (px4_msgs) StdoutLine: {'line': b'-- Up-to-date: /home/pavel/ws_ros2/install/px4_msgs/include/px4_msgs/px4_msgs/msg/detail/orb_test_large__builder.hpp\n'}
[5.672621] (px4_msgs) StdoutLine: {'line': b'-- Up-to-date: /home/pavel/ws_ros2/install/px4_msgs/include/px4_msgs/px4_msgs/msg/detail/vehicle_control_mode__builder.hpp\n'}
[5.672673] (px4_msgs) StdoutLine: {'line': b'-- Up-to-date: /home/pavel/ws_ros2/install/px4_msgs/include/px4_msgs/px4_msgs/msg/detail/autotune_attitude_control_status__traits.hpp\n'}
[5.672724] (px4_msgs) StdoutLine: {'line': b'-- Up-to-date: /home/pavel/ws_ros2/install/px4_msgs/include/px4_msgs/px4_msgs/msg/detail/home_position__struct.hpp\n'}
[5.672788] (px4_msgs) StdoutLine: {'line': b'-- Up-to-date: /home/pavel/ws_ros2/install/px4_msgs/include/px4_msgs/px4_msgs/msg/detail/estimator_states__struct.hpp\n'}
[5.672847] (px4_msgs) StdoutLine: {'line': b'-- Up-to-date: /home/pavel/ws_ros2/install/px4_msgs/include/px4_msgs/px4_msgs/msg/detail/cpuload__traits.hpp\n'}
[5.672902] (px4_msgs) StdoutLine: {'line': b'-- Up-to-date: /home/pavel/ws_ros2/install/px4_msgs/include/px4_msgs/px4_msgs/msg/detail/adc_report__traits.hpp\n'}
[5.672958] (px4_msgs) StdoutLine: {'line': b'-- Up-to-date: /home/pavel/ws_ros2/install/px4_msgs/include/px4_msgs/px4_msgs/msg/detail/estimator_gps_status__traits.hpp\n'}
[5.673008] (px4_msgs) StdoutLine: {'line': b'-- Up-to-date: /home/pavel/ws_ros2/install/px4_msgs/include/px4_msgs/px4_msgs/msg/detail/sensor_preflight_mag__builder.hpp\n'}
[5.673058] (px4_msgs) StdoutLine: {'line': b'-- Up-to-date: /home/pavel/ws_ros2/install/px4_msgs/include/px4_msgs/px4_msgs/msg/detail/actuator_motors__traits.hpp\n'}
[5.673121] (px4_msgs) StdoutLine: {'line': b'-- Up-to-date: /home/pavel/ws_ros2/install/px4_msgs/include/px4_msgs/px4_msgs/msg/detail/sensor_accel__traits.hpp\n'}
[5.673172] (px4_msgs) StdoutLine: {'line': b'-- Up-to-date: /home/pavel/ws_ros2/install/px4_msgs/include/px4_msgs/px4_msgs/msg/detail/geofence_status__struct.hpp\n'}
[5.673221] (px4_msgs) StdoutLine: {'line': b'-- Up-to-date: /home/pavel/ws_ros2/install/px4_msgs/include/px4_msgs/px4_msgs/msg/detail/trajectory_waypoint__builder.hpp\n'}
[5.673281] (px4_msgs) StdoutLine: {'line': b'-- Up-to-date: /home/pavel/ws_ros2/install/px4_msgs/include/px4_msgs/px4_msgs/msg/detail/gimbal_device_set_attitude__traits.hpp\n'}
[5.673367] (px4_msgs) StdoutLine: {'line': b'-- Up-to-date: /home/pavel/ws_ros2/install/px4_msgs/include/px4_msgs/px4_msgs/msg/detail/estimator_status__traits.hpp\n'}
[5.673435] (px4_msgs) StdoutLine: {'line': b'-- Up-to-date: /home/pavel/ws_ros2/install/px4_msgs/include/px4_msgs/px4_msgs/msg/detail/obstacle_distance__builder.hpp\n'}
[5.673507] (px4_msgs) StdoutLine: {'line': b'-- Up-to-date: /home/pavel/ws_ros2/install/px4_msgs/include/px4_msgs/px4_msgs/msg/detail/uavcan_parameter_request__builder.hpp\n'}
[5.673559] (px4_msgs) StdoutLine: {'line': b'-- Up-to-date: /home/pavel/ws_ros2/install/px4_msgs/include/px4_msgs/px4_msgs/msg/detail/vehicle_control_mode__type_support.hpp\n'}
[5.673625] (px4_msgs) StdoutLine: {'line': b'-- Up-to-date: /home/pavel/ws_ros2/install/px4_msgs/include/px4_msgs/px4_msgs/msg/detail/vehicle_command_ack__builder.hpp\n'}
[5.673714] (px4_msgs) StdoutLine: {'line': b'-- Up-to-date: /home/pavel/ws_ros2/install/px4_msgs/include/px4_msgs/px4_msgs/msg/detail/mission_result__builder.hpp\n'}
[5.673804] (px4_msgs) StdoutLine: {'line': b'-- Up-to-date: /home/pavel/ws_ros2/install/px4_msgs/include/px4_msgs/px4_msgs/msg/detail/goto_setpoint__type_support.hpp\n'}
[5.673892] (px4_msgs) StdoutLine: {'line': b'-- Up-to-date: /home/pavel/ws_ros2/install/px4_msgs/include/px4_msgs/px4_msgs/msg/detail/debug_key_value__builder.hpp\n'}
[5.673949] (px4_msgs) StdoutLine: {'line': b'-- Up-to-date: /home/pavel/ws_ros2/install/px4_msgs/include/px4_msgs/px4_msgs/msg/detail/vehicle_command_ack__type_support.hpp\n'}
[5.674012] (px4_msgs) StdoutLine: {'line': b'-- Up-to-date: /home/pavel/ws_ros2/install/px4_msgs/include/px4_msgs/px4_msgs/msg/detail/health_report__type_support.hpp\n'}
[5.674064] (px4_msgs) StdoutLine: {'line': b'-- Up-to-date: /home/pavel/ws_ros2/install/px4_msgs/include/px4_msgs/px4_msgs/msg/detail/vehicle_torque_setpoint__struct.hpp\n'}
[5.674114] (px4_msgs) StdoutLine: {'line': b'-- Up-to-date: /home/pavel/ws_ros2/install/px4_msgs/include/px4_msgs/px4_msgs/msg/detail/sensor_gyro__traits.hpp\n'}
[5.674177] (px4_msgs) StdoutLine: {'line': b'-- Up-to-date: /home/pavel/ws_ros2/install/px4_msgs/include/px4_msgs/px4_msgs/msg/detail/landing_gear__builder.hpp\n'}
[5.674229] (px4_msgs) StdoutLine: {'line': b'-- Up-to-date: /home/pavel/ws_ros2/install/px4_msgs/include/px4_msgs/px4_msgs/msg/detail/esc_status__type_support.hpp\n'}
[5.674278] (px4_msgs) StdoutLine: {'line': b'-- Up-to-date: /home/pavel/ws_ros2/install/px4_msgs/include/px4_msgs/px4_msgs/msg/detail/parameter_reset_request__struct.hpp\n'}
[5.674359] (px4_msgs) StdoutLine: {'line': b'-- Up-to-date: /home/pavel/ws_ros2/install/px4_msgs/include/px4_msgs/px4_msgs/msg/detail/mavlink_log__builder.hpp\n'}
[5.674429] (px4_msgs) StdoutLine: {'line': b'-- Up-to-date: /home/pavel/ws_ros2/install/px4_msgs/include/px4_msgs/px4_msgs/msg/detail/power_button_state__type_support.hpp\n'}
[5.674482] (px4_msgs) StdoutLine: {'line': b'-- Up-to-date: /home/pavel/ws_ros2/install/px4_msgs/include/px4_msgs/px4_msgs/msg/detail/qshell_req__struct.hpp\n'}
[5.674545] (px4_msgs) StdoutLine: {'line': b'-- Up-to-date: /home/pavel/ws_ros2/install/px4_msgs/include/px4_msgs/px4_msgs/msg/detail/esc_status__traits.hpp\n'}
[5.674598] (px4_msgs) StdoutLine: {'line': b'-- Up-to-date: /home/pavel/ws_ros2/install/px4_msgs/include/px4_msgs/px4_msgs/msg/detail/vehicle_imu_status__traits.hpp\n'}
[5.674658] (px4_msgs) StdoutLine: {'line': b'-- Up-to-date: /home/pavel/ws_ros2/install/px4_msgs/include/px4_msgs/px4_msgs/msg/detail/home_position__builder.hpp\n'}
[5.674725] (px4_msgs) StdoutLine: {'line': b'-- Up-to-date: /home/pavel/ws_ros2/install/px4_msgs/include/px4_msgs/px4_msgs/msg/detail/airspeed_wind__traits.hpp\n'}
[5.674778] (px4_msgs) StdoutLine: {'line': b'-- Up-to-date: /home/pavel/ws_ros2/install/px4_msgs/include/px4_msgs/px4_msgs/msg/detail/sensor_airflow__type_support.hpp\n'}
[5.674828] (px4_msgs) StdoutLine: {'line': b'-- Up-to-date: /home/pavel/ws_ros2/install/px4_msgs/include/px4_msgs/px4_msgs/msg/detail/satellite_info__builder.hpp\n'}
[5.674919] (px4_msgs) StdoutLine: {'line': b'-- Up-to-date: /home/pavel/ws_ros2/install/px4_msgs/include/px4_msgs/px4_msgs/msg/detail/ping__type_support.hpp\n'}
[5.675010] (px4_msgs) StdoutLine: {'line': b'-- Up-to-date: /home/pavel/ws_ros2/install/px4_msgs/include/px4_msgs/px4_msgs/msg/detail/gps_inject_data__struct.hpp\n'}
[5.675095] (px4_msgs) StdoutLine: {'line': b'-- Up-to-date: /home/pavel/ws_ros2/install/px4_msgs/include/px4_msgs/px4_msgs/msg/detail/follow_target_status__type_support.hpp\n'}
[5.675186] (px4_msgs) StdoutLine: {'line': b'-- Up-to-date: /home/pavel/ws_ros2/install/px4_msgs/include/px4_msgs/px4_msgs/msg/detail/vehicle_land_detected__traits.hpp\n'}
[5.675276] (px4_msgs) StdoutLine: {'line': b'-- Up-to-date: /home/pavel/ws_ros2/install/px4_msgs/include/px4_msgs/px4_msgs/msg/detail/sensor_gnss_relative__traits.hpp\n'}
[5.675362] (px4_msgs) StdoutLine: {'line': b'-- Up-to-date: /home/pavel/ws_ros2/install/px4_msgs/include/px4_msgs/px4_msgs/msg/detail/actuator_motors__builder.hpp\n'}
[5.675432] (px4_msgs) StdoutLine: {'line': b'-- Up-to-date: /home/pavel/ws_ros2/install/px4_msgs/include/px4_msgs/px4_msgs/msg/detail/geofence_result__struct.hpp\n'}
[5.675495] (px4_msgs) StdoutLine: {'line': b'-- Up-to-date: /home/pavel/ws_ros2/install/px4_msgs/include/px4_msgs/px4_msgs/msg/detail/failsafe_flags__struct.hpp\n'}
[5.675546] (px4_msgs) StdoutLine: {'line': b'-- Up-to-date: /home/pavel/ws_ros2/install/px4_msgs/include/px4_msgs/px4_msgs/msg/detail/dataman_request__type_support.hpp\n'}
[5.675608] (px4_msgs) StdoutLine: {'line': b'-- Up-to-date: /home/pavel/ws_ros2/install/px4_msgs/include/px4_msgs/px4_msgs/msg/detail/landing_target_pose__struct.hpp\n'}
[5.675668] (px4_msgs) StdoutLine: {'line': b'-- Up-to-date: /home/pavel/ws_ros2/install/px4_msgs/include/px4_msgs/px4_msgs/msg/detail/camera_trigger__traits.hpp\n'}
[5.675723] (px4_msgs) StdoutLine: {'line': b'-- Up-to-date: /home/pavel/ws_ros2/install/px4_msgs/include/px4_msgs/px4_msgs/msg/detail/camera_status__type_support.hpp\n'}
[5.675783] (px4_msgs) StdoutLine: {'line': b'-- Up-to-date: /home/pavel/ws_ros2/install/px4_msgs/include/px4_msgs/px4_msgs/msg/detail/sensor_combined__type_support.hpp\n'}
[5.675835] (px4_msgs) StdoutLine: {'line': b'-- Up-to-date: /home/pavel/ws_ros2/install/px4_msgs/include/px4_msgs/px4_msgs/msg/detail/mag_worker_data__type_support.hpp\n'}
[5.675898] (px4_msgs) StdoutLine: {'line': b'-- Up-to-date: /home/pavel/ws_ros2/install/px4_msgs/include/px4_msgs/px4_msgs/msg/detail/sensor_uwb__traits.hpp\n'}
[5.675957] (px4_msgs) StdoutLine: {'line': b'-- Up-to-date: /home/pavel/ws_ros2/install/px4_msgs/include/px4_msgs/px4_msgs/msg/detail/rate_ctrl_status__struct.hpp\n'}
[5.676008] (px4_msgs) StdoutLine: {'line': b'-- Up-to-date: /home/pavel/ws_ros2/install/px4_msgs/include/px4_msgs/px4_msgs/msg/detail/sensor_selection__builder.hpp\n'}
[5.676059] (px4_msgs) StdoutLine: {'line': b'-- Up-to-date: /home/pavel/ws_ros2/install/px4_msgs/include/px4_msgs/px4_msgs/msg/detail/wind__builder.hpp\n'}
[5.676109] (px4_msgs) StdoutLine: {'line': b'-- Up-to-date: /home/pavel/ws_ros2/install/px4_msgs/include/px4_msgs/px4_msgs/msg/detail/message_format_request__traits.hpp\n'}
[5.676159] (px4_msgs) StdoutLine: {'line': b'-- Up-to-date: /home/pavel/ws_ros2/install/px4_msgs/include/px4_msgs/px4_msgs/msg/detail/vehicle_optical_flow__type_support.hpp\n'}
[5.676209] (px4_msgs) StdoutLine: {'line': b'-- Up-to-date: /home/pavel/ws_ros2/install/px4_msgs/include/px4_msgs/px4_msgs/msg/detail/event__builder.hpp\n'}
[5.676259] (px4_msgs) StdoutLine: {'line': b'-- Up-to-date: /home/pavel/ws_ros2/install/px4_msgs/include/px4_msgs/px4_msgs/msg/detail/tiltrotor_extra_controls__traits.hpp\n'}
[5.676308] (px4_msgs) StdoutLine: {'line': b'-- Up-to-date: /home/pavel/ws_ros2/install/px4_msgs/include/px4_msgs/px4_msgs/msg/detail/vehicle_attitude__struct.hpp\n'}
[5.676358] (px4_msgs) StdoutLine: {'line': b'-- Up-to-date: /home/pavel/ws_ros2/install/px4_msgs/include/px4_msgs/px4_msgs/msg/detail/esc_status__struct.hpp\n'}
[5.676423] (px4_msgs) StdoutLine: {'line': b'-- Up-to-date: /home/pavel/ws_ros2/install/px4_msgs/include/px4_msgs/px4_msgs/msg/detail/iridiumsbd_status__traits.hpp\n'}
[5.676476] (px4_msgs) StdoutLine: {'line': b'-- Up-to-date: /home/pavel/ws_ros2/install/px4_msgs/include/px4_msgs/px4_msgs/msg/detail/figure_eight_status__type_support.hpp\n'}
[5.676527] (px4_msgs) StdoutLine: {'line': b'-- Up-to-date: /home/pavel/ws_ros2/install/px4_msgs/include/px4_msgs/px4_msgs/msg/detail/vehicle_optical_flow_vel__traits.hpp\n'}
[5.676576] (px4_msgs) StdoutLine: {'line': b'-- Up-to-date: /home/pavel/ws_ros2/install/px4_msgs/include/px4_msgs/px4_msgs/msg/detail/wheel_encoders__traits.hpp\n'}
[5.676626] (px4_msgs) StdoutLine: {'line': b'-- Up-to-date: /home/pavel/ws_ros2/install/px4_msgs/include/px4_msgs/px4_msgs/msg/detail/vehicle_command__type_support.hpp\n'}
[5.676678] (px4_msgs) StdoutLine: {'line': b'-- Up-to-date: /home/pavel/ws_ros2/install/px4_msgs/include/px4_msgs/px4_msgs/msg/detail/internal_combustion_engine_status__type_support.hpp\n'}
[5.676727] (px4_msgs) StdoutLine: {'line': b'-- Up-to-date: /home/pavel/ws_ros2/install/px4_msgs/include/px4_msgs/px4_msgs/msg/detail/mission_result__type_support.hpp\n'}
[5.676785] (px4_msgs) StdoutLine: {'line': b'-- Up-to-date: /home/pavel/ws_ros2/install/px4_msgs/include/px4_msgs/px4_msgs/msg/detail/health_report__traits.hpp\n'}
[5.676835] (px4_msgs) StdoutLine: {'line': b'-- Up-to-date: /home/pavel/ws_ros2/install/px4_msgs/include/px4_msgs/px4_msgs/msg/detail/actuator_outputs__type_support.hpp\n'}
[5.676884] (px4_msgs) StdoutLine: {'line': b'-- Up-to-date: /home/pavel/ws_ros2/install/px4_msgs/include/px4_msgs/px4_msgs/msg/detail/failure_detector_status__type_support.hpp\n'}
[5.676934] (px4_msgs) StdoutLine: {'line': b'-- Up-to-date: /home/pavel/ws_ros2/install/px4_msgs/include/px4_msgs/px4_msgs/msg/detail/tiltrotor_extra_controls__struct.hpp\n'}
[5.676983] (px4_msgs) StdoutLine: {'line': b'-- Up-to-date: /home/pavel/ws_ros2/install/px4_msgs/include/px4_msgs/px4_msgs/msg/detail/sensor_accel_fifo__traits.hpp\n'}
[5.677033] (px4_msgs) StdoutLine: {'line': b'-- Up-to-date: /home/pavel/ws_ros2/install/px4_msgs/include/px4_msgs/px4_msgs/msg/detail/airspeed_validated__struct.hpp\n'}
[5.677082] (px4_msgs) StdoutLine: {'line': b'-- Up-to-date: /home/pavel/ws_ros2/install/px4_msgs/include/px4_msgs/px4_msgs/msg/detail/onboard_computer_status__builder.hpp\n'}
[5.677132] (px4_msgs) StdoutLine: {'line': b'-- Up-to-date: /home/pavel/ws_ros2/install/px4_msgs/include/px4_msgs/px4_msgs/msg/detail/qshell_retval__builder.hpp\n'}
[5.677188] (px4_msgs) StdoutLine: {'line': b'-- Up-to-date: /home/pavel/ws_ros2/install/px4_msgs/include/px4_msgs/px4_msgs/msg/detail/uavcan_parameter_request__type_support.hpp\n'}
[5.677239] (px4_msgs) StdoutLine: {'line': b'-- Up-to-date: /home/pavel/ws_ros2/install/px4_msgs/include/px4_msgs/px4_msgs/msg/detail/vehicle_acceleration__struct.hpp\n'}
[5.677294] (px4_msgs) StdoutLine: {'line': b'-- Up-to-date: /home/pavel/ws_ros2/install/px4_msgs/include/px4_msgs/px4_msgs/msg/detail/control_allocator_status__traits.hpp\n'}
[5.677344] (px4_msgs) StdoutLine: {'line': b'-- Up-to-date: /home/pavel/ws_ros2/install/px4_msgs/include/px4_msgs/px4_msgs/msg/detail/orb_test_large__type_support.hpp\n'}
[5.677417] (px4_msgs) StdoutLine: {'line': b'-- Up-to-date: /home/pavel/ws_ros2/install/px4_msgs/include/px4_msgs/px4_msgs/msg/detail/health_report__builder.hpp\n'}
[5.677508] (px4_msgs) StdoutLine: {'line': b'-- Up-to-date: /home/pavel/ws_ros2/install/px4_msgs/include/px4_msgs/px4_msgs/msg/detail/vehicle_status__struct.hpp\n'}
[5.677565] (px4_msgs) StdoutLine: {'line': b'-- Up-to-date: /home/pavel/ws_ros2/install/px4_msgs/include/px4_msgs/px4_msgs/msg/detail/failsafe_flags__traits.hpp\n'}
[5.677617] (px4_msgs) StdoutLine: {'line': b'-- Up-to-date: /home/pavel/ws_ros2/install/px4_msgs/include/px4_msgs/px4_msgs/msg/detail/sensor_combined__traits.hpp\n'}
[5.677668] (px4_msgs) StdoutLine: {'line': b'-- Up-to-date: /home/pavel/ws_ros2/install/px4_msgs/include/px4_msgs/px4_msgs/msg/detail/vehicle_constraints__builder.hpp\n'}
[5.677719] (px4_msgs) StdoutLine: {'line': b'-- Up-to-date: /home/pavel/ws_ros2/install/px4_msgs/include/px4_msgs/px4_msgs/msg/detail/input_rc__builder.hpp\n'}
[5.677770] (px4_msgs) StdoutLine: {'line': b'-- Up-to-date: /home/pavel/ws_ros2/install/px4_msgs/include/px4_msgs/px4_msgs/msg/detail/debug_key_value__type_support.hpp\n'}
[5.677821] (px4_msgs) StdoutLine: {'line': b'-- Up-to-date: /home/pavel/ws_ros2/install/px4_msgs/include/px4_msgs/px4_msgs/msg/detail/event__type_support.hpp\n'}
[5.677871] (px4_msgs) StdoutLine: {'line': b'-- Up-to-date: /home/pavel/ws_ros2/install/px4_msgs/include/px4_msgs/px4_msgs/msg/detail/system_power__builder.hpp\n'}
[5.677921] (px4_msgs) StdoutLine: {'line': b'-- Up-to-date: /home/pavel/ws_ros2/install/px4_msgs/include/px4_msgs/px4_msgs/msg/detail/mount_orientation__builder.hpp\n'}
[5.677971] (px4_msgs) StdoutLine: {'line': b'-- Up-to-date: /home/pavel/ws_ros2/install/px4_msgs/include/px4_msgs/px4_msgs/msg/detail/sensor_correction__type_support.hpp\n'}
[5.678021] (px4_msgs) StdoutLine: {'line': b'-- Up-to-date: /home/pavel/ws_ros2/install/px4_msgs/include/px4_msgs/px4_msgs/msg/detail/vehicle_trajectory_waypoint__struct.hpp\n'}
[5.678071] (px4_msgs) StdoutLine: {'line': b'-- Up-to-date: /home/pavel/ws_ros2/install/px4_msgs/include/px4_msgs/px4_msgs/msg/detail/parameter_set_value_request__builder.hpp\n'}
[5.678121] (px4_msgs) StdoutLine: {'line': b'-- Up-to-date: /home/pavel/ws_ros2/install/px4_msgs/include/px4_msgs/px4_msgs/msg/detail/vehicle_trajectory_bezier__builder.hpp\n'}
[5.678170] (px4_msgs) StdoutLine: {'line': b'-- Up-to-date: /home/pavel/ws_ros2/install/px4_msgs/include/px4_msgs/px4_msgs/msg/detail/landing_gear__struct.hpp\n'}
[5.678220] (px4_msgs) StdoutLine: {'line': b'-- Up-to-date: /home/pavel/ws_ros2/install/px4_msgs/include/px4_msgs/px4_msgs/msg/detail/timesync_status__type_support.hpp\n'}
[5.678270] (px4_msgs) StdoutLine: {'line': b'-- Up-to-date: /home/pavel/ws_ros2/install/px4_msgs/include/px4_msgs/px4_msgs/msg/detail/distance_sensor__type_support.hpp\n'}
[5.678319] (px4_msgs) StdoutLine: {'line': b'-- Up-to-date: /home/pavel/ws_ros2/install/px4_msgs/include/px4_msgs/px4_msgs/msg/detail/estimator_bias__struct.hpp\n'}
[5.678371] (px4_msgs) StdoutLine: {'line': b'-- Up-to-date: /home/pavel/ws_ros2/install/px4_msgs/include/px4_msgs/px4_msgs/msg/detail/ulog_stream__type_support.hpp\n'}
[5.678434] (px4_msgs) StdoutLine: {'line': b'-- Up-to-date: /home/pavel/ws_ros2/install/px4_msgs/include/px4_msgs/px4_msgs/msg/detail/sensor_selection__traits.hpp\n'}
[5.678485] (px4_msgs) StdoutLine: {'line': b'-- Up-to-date: /home/pavel/ws_ros2/install/px4_msgs/include/px4_msgs/px4_msgs/msg/detail/iridiumsbd_status__builder.hpp\n'}
[5.678550] (px4_msgs) StdoutLine: {'line': b'-- Up-to-date: /home/pavel/ws_ros2/install/px4_msgs/include/px4_msgs/px4_msgs/msg/detail/gimbal_device_attitude_status__struct.hpp\n'}
[5.678601] (px4_msgs) StdoutLine: {'line': b'-- Up-to-date: /home/pavel/ws_ros2/install/px4_msgs/include/px4_msgs/px4_msgs/msg/detail/vehicle_air_data__traits.hpp\n'}
[5.678651] (px4_msgs) StdoutLine: {'line': b'-- Up-to-date: /home/pavel/ws_ros2/install/px4_msgs/include/px4_msgs/px4_msgs/msg/detail/gripper__struct.hpp\n'}
[5.678701] (px4_msgs) StdoutLine: {'line': b'-- Up-to-date: /home/pavel/ws_ros2/install/px4_msgs/include/px4_msgs/px4_msgs/msg/detail/position_controller_status__type_support.hpp\n'}
[5.678751] (px4_msgs) StdoutLine: {'line': b'-- Up-to-date: /home/pavel/ws_ros2/install/px4_msgs/include/px4_msgs/px4_msgs/msg/detail/gpio_request__traits.hpp\n'}
[5.678801] (px4_msgs) StdoutLine: {'line': b'-- Up-to-date: /home/pavel/ws_ros2/install/px4_msgs/include/px4_msgs/px4_msgs/msg/detail/unregister_ext_component__type_support.hpp\n'}
[5.678851] (px4_msgs) StdoutLine: {'line': b'-- Up-to-date: /home/pavel/ws_ros2/install/px4_msgs/include/px4_msgs/px4_msgs/msg/detail/rtl_status__traits.hpp\n'}
[5.678901] (px4_msgs) StdoutLine: {'line': b'-- Up-to-date: /home/pavel/ws_ros2/install/px4_msgs/include/px4_msgs/px4_msgs/msg/detail/vehicle_command_ack__traits.hpp\n'}
[5.678951] (px4_msgs) StdoutLine: {'line': b'-- Up-to-date: /home/pavel/ws_ros2/install/px4_msgs/include/px4_msgs/px4_msgs/msg/detail/adc_report__struct.hpp\n'}
[5.679005] (px4_msgs) StdoutLine: {'line': b'-- Up-to-date: /home/pavel/ws_ros2/install/px4_msgs/include/px4_msgs/px4_msgs/msg/detail/rtl_status__type_support.hpp\n'}
[5.679057] (px4_msgs) StdoutLine: {'line': b'-- Up-to-date: /home/pavel/ws_ros2/install/px4_msgs/include/px4_msgs/px4_msgs/msg/detail/vtol_vehicle_status__builder.hpp\n'}
[5.679107] (px4_msgs) StdoutLine: {'line': b'-- Up-to-date: /home/pavel/ws_ros2/install/px4_msgs/include/px4_msgs/px4_msgs/msg/detail/fuel_tank_status__traits.hpp\n'}
[5.679157] (px4_msgs) StdoutLine: {'line': b'-- Up-to-date: /home/pavel/ws_ros2/install/px4_msgs/include/px4_msgs/px4_msgs/msg/detail/sensor_mag__traits.hpp\n'}
[5.679209] (px4_msgs) StdoutLine: {'line': b'-- Up-to-date: /home/pavel/ws_ros2/install/px4_msgs/include/px4_msgs/px4_msgs/msg/detail/actuator_armed__type_support.hpp\n'}
[5.679258] (px4_msgs) StdoutLine: {'line': b'-- Up-to-date: /home/pavel/ws_ros2/install/px4_msgs/include/px4_msgs/px4_msgs/msg/detail/parameter_update__type_support.hpp\n'}
[5.679307] (px4_msgs) StdoutLine: {'line': b'-- Up-to-date: /home/pavel/ws_ros2/install/px4_msgs/include/px4_msgs/px4_msgs/msg/detail/follow_target__type_support.hpp\n'}
[5.679356] (px4_msgs) StdoutLine: {'line': b'-- Up-to-date: /home/pavel/ws_ros2/install/px4_msgs/include/px4_msgs/px4_msgs/msg/detail/rate_ctrl_status__type_support.hpp\n'}
[5.679419] (px4_msgs) StdoutLine: {'line': b'-- Up-to-date: /home/pavel/ws_ros2/install/px4_msgs/include/px4_msgs/px4_msgs/msg/detail/parameter_set_value_request__traits.hpp\n'}
[5.679471] (px4_msgs) StdoutLine: {'line': b'-- Up-to-date: /home/pavel/ws_ros2/install/px4_msgs/include/px4_msgs/px4_msgs/msg/detail/vehicle_odometry__builder.hpp\n'}
[5.679520] (px4_msgs) StdoutLine: {'line': b'-- Up-to-date: /home/pavel/ws_ros2/install/px4_msgs/include/px4_msgs/px4_msgs/msg/detail/follow_target_status__builder.hpp\n'}
[5.679570] (px4_msgs) StdoutLine: {'line': b'-- Up-to-date: /home/pavel/ws_ros2/install/px4_msgs/include/px4_msgs/px4_msgs/msg/detail/landing_gear_wheel__struct.hpp\n'}
[5.679620] (px4_msgs) StdoutLine: {'line': b'-- Up-to-date: /home/pavel/ws_ros2/install/px4_msgs/include/px4_msgs/px4_msgs/msg/detail/tecs_status__builder.hpp\n'}
[5.679669] (px4_msgs) StdoutLine: {'line': b'-- Up-to-date: /home/pavel/ws_ros2/install/px4_msgs/include/px4_msgs/px4_msgs/msg/detail/buffer128__traits.hpp\n'}
[5.679719] (px4_msgs) StdoutLine: {'line': b'-- Up-to-date: /home/pavel/ws_ros2/install/px4_msgs/include/px4_msgs/px4_msgs/msg/detail/mag_worker_data__traits.hpp\n'}
[5.679776] (px4_msgs) StdoutLine: {'line': b'-- Up-to-date: /home/pavel/ws_ros2/install/px4_msgs/include/px4_msgs/px4_msgs/msg/detail/position_setpoint__struct.hpp\n'}
[5.679825] (px4_msgs) StdoutLine: {'line': b'-- Up-to-date: /home/pavel/ws_ros2/install/px4_msgs/include/px4_msgs/px4_msgs/msg/detail/vehicle_magnetometer__type_support.hpp\n'}
[5.679875] (px4_msgs) StdoutLine: {'line': b'-- Up-to-date: /home/pavel/ws_ros2/install/px4_msgs/include/px4_msgs/px4_msgs/msg/detail/input_rc__type_support.hpp\n'}
[5.679924] (px4_msgs) StdoutLine: {'line': b'-- Up-to-date: /home/pavel/ws_ros2/install/px4_msgs/include/px4_msgs/px4_msgs/msg/detail/rtl_time_estimate__type_support.hpp\n'}
[5.679974] (px4_msgs) StdoutLine: {'line': b'-- Up-to-date: /home/pavel/ws_ros2/install/px4_msgs/include/px4_msgs/px4_msgs/msg/detail/sensor_gyro_fifo__builder.hpp\n'}
[5.680024] (px4_msgs) StdoutLine: {'line': b'-- Up-to-date: /home/pavel/ws_ros2/install/px4_msgs/include/px4_msgs/px4_msgs/msg/detail/vehicle_global_position__struct.hpp\n'}
[5.680074] (px4_msgs) StdoutLine: {'line': b'-- Up-to-date: /home/pavel/ws_ros2/install/px4_msgs/include/px4_msgs/px4_msgs/msg/detail/figure_eight_status__traits.hpp\n'}
[5.680123] (px4_msgs) StdoutLine: {'line': b'-- Up-to-date: /home/pavel/ws_ros2/install/px4_msgs/include/px4_msgs/px4_msgs/msg/detail/position_setpoint__type_support.hpp\n'}
[5.680172] (px4_msgs) StdoutLine: {'line': b'-- Up-to-date: /home/pavel/ws_ros2/install/px4_msgs/include/px4_msgs/px4_msgs/msg/detail/ping__builder.hpp\n'}
[5.680221] (px4_msgs) StdoutLine: {'line': b'-- Up-to-date: /home/pavel/ws_ros2/install/px4_msgs/include/px4_msgs/px4_msgs/msg/detail/parameter_set_value_response__struct.hpp\n'}
[5.680305] (px4_msgs) StdoutLine: {'line': b'-- Up-to-date: /home/pavel/ws_ros2/install/px4_msgs/include/px4_msgs/px4_msgs/msg/detail/internal_combustion_engine_status__builder.hpp\n'}
[5.680394] (px4_msgs) StdoutLine: {'line': b'-- Up-to-date: /home/pavel/ws_ros2/install/px4_msgs/include/px4_msgs/px4_msgs/msg/detail/vehicle_imu_status__struct.hpp\n'}
[5.680473] (px4_msgs) StdoutLine: {'line': b'-- Up-to-date: /home/pavel/ws_ros2/install/px4_msgs/include/px4_msgs/px4_msgs/msg/detail/vehicle_command__struct.hpp\n'}
[5.680526] (px4_msgs) StdoutLine: {'line': b'-- Up-to-date: /home/pavel/ws_ros2/install/px4_msgs/include/px4_msgs/px4_msgs/msg/detail/px4io_status__builder.hpp\n'}
[5.680583] (px4_msgs) StdoutLine: {'line': b'-- Up-to-date: /home/pavel/ws_ros2/install/px4_msgs/include/px4_msgs/px4_msgs/msg/detail/power_button_state__builder.hpp\n'}
[5.680637] (px4_msgs) StdoutLine: {'line': b'-- Up-to-date: /home/pavel/ws_ros2/install/px4_msgs/include/px4_msgs/px4_msgs/msg/detail/px4io_status__type_support.hpp\n'}
[5.680687] (px4_msgs) StdoutLine: {'line': b'-- Up-to-date: /home/pavel/ws_ros2/install/px4_msgs/include/px4_msgs/px4_msgs/msg/detail/landing_target_innovations__struct.hpp\n'}
[5.680743] (px4_msgs) StdoutLine: {'line': b'-- Up-to-date: /home/pavel/ws_ros2/install/px4_msgs/include/px4_msgs/px4_msgs/msg/detail/battery_status__struct.hpp\n'}
[5.680801] (px4_msgs) StdoutLine: {'line': b'-- Up-to-date: /home/pavel/ws_ros2/install/px4_msgs/include/px4_msgs/px4_msgs/msg/detail/estimator_status__type_support.hpp\n'}
[5.680851] (px4_msgs) StdoutLine: {'line': b'-- Up-to-date: /home/pavel/ws_ros2/install/px4_msgs/include/px4_msgs/px4_msgs/msg/detail/vehicle_constraints__struct.hpp\n'}
[5.680902] (px4_msgs) StdoutLine: {'line': b'-- Up-to-date: /home/pavel/ws_ros2/install/px4_msgs/include/px4_msgs/px4_msgs/msg/detail/vehicle_angular_acceleration_setpoint__struct.hpp\n'}
[5.680968] (px4_msgs) StdoutLine: {'line': b'-- Up-to-date: /home/pavel/ws_ros2/install/px4_msgs/include/px4_msgs/px4_msgs/msg/detail/orbit_status__builder.hpp\n'}
[5.681019] (px4_msgs) StdoutLine: {'line': b'-- Up-to-date: /home/pavel/ws_ros2/install/px4_msgs/include/px4_msgs/px4_msgs/msg/detail/vehicle_thrust_setpoint__builder.hpp\n'}
[5.681073] (px4_msgs) StdoutLine: {'line': b'-- Up-to-date: /home/pavel/ws_ros2/install/px4_msgs/include/px4_msgs/px4_msgs/msg/detail/trajectory_setpoint__traits.hpp\n'}
[5.681132] (px4_msgs) StdoutLine: {'line': b'-- Up-to-date: /home/pavel/ws_ros2/install/px4_msgs/include/px4_msgs/px4_msgs/msg/detail/trajectory_bezier__builder.hpp\n'}
[5.681181] (px4_msgs) StdoutLine: {'line': b'-- Up-to-date: /home/pavel/ws_ros2/install/px4_msgs/include/px4_msgs/px4_msgs/msg/detail/rc_channels__type_support.hpp\n'}
[5.681232] (px4_msgs) StdoutLine: {'line': b'-- Up-to-date: /home/pavel/ws_ros2/install/px4_msgs/include/px4_msgs/px4_msgs/msg/detail/pwm_input__struct.hpp\n'}
[5.681320] (px4_msgs) StdoutLine: {'line': b'-- Up-to-date: /home/pavel/ws_ros2/install/px4_msgs/include/px4_msgs/px4_msgs/msg/detail/debug_vect__traits.hpp\n'}
[5.681406] (px4_msgs) StdoutLine: {'line': b'-- Up-to-date: /home/pavel/ws_ros2/install/px4_msgs/include/px4_msgs/px4_msgs/msg/detail/position_setpoint_triplet__traits.hpp\n'}
[5.681480] (px4_msgs) StdoutLine: {'line': b'-- Up-to-date: /home/pavel/ws_ros2/install/px4_msgs/include/px4_msgs/px4_msgs/msg/detail/qshell_retval__type_support.hpp\n'}
[5.681533] (px4_msgs) StdoutLine: {'line': b'-- Up-to-date: /home/pavel/ws_ros2/install/px4_msgs/include/px4_msgs/px4_msgs/msg/detail/autotune_attitude_control_status__builder.hpp\n'}
[5.681598] (px4_msgs) StdoutLine: {'line': b'-- Up-to-date: /home/pavel/ws_ros2/install/px4_msgs/include/px4_msgs/px4_msgs/msg/detail/vehicle_angular_acceleration_setpoint__type_support.hpp\n'}
[5.681651] (px4_msgs) StdoutLine: {'line': b'-- Up-to-date: /home/pavel/ws_ros2/install/px4_msgs/include/px4_msgs/px4_msgs/msg/detail/register_ext_component_request__traits.hpp\n'}
[5.681712] (px4_msgs) StdoutLine: {'line': b'-- Up-to-date: /home/pavel/ws_ros2/install/px4_msgs/include/px4_msgs/px4_msgs/msg/detail/estimator_selector_status__struct.hpp\n'}
[5.681766] (px4_msgs) StdoutLine: {'line': b'-- Up-to-date: /home/pavel/ws_ros2/install/px4_msgs/include/px4_msgs/px4_msgs/msg/detail/ulog_stream__traits.hpp\n'}
[5.681816] (px4_msgs) StdoutLine: {'line': b'-- Up-to-date: /home/pavel/ws_ros2/install/px4_msgs/include/px4_msgs/px4_msgs/msg/detail/differential_drive_setpoint__traits.hpp\n'}
[5.681882] (px4_msgs) StdoutLine: {'line': b'-- Up-to-date: /home/pavel/ws_ros2/install/px4_msgs/include/px4_msgs/px4_msgs/msg/detail/cellular_status__struct.hpp\n'}
[5.681970] (px4_msgs) StdoutLine: {'line': b'-- Up-to-date: /home/pavel/ws_ros2/install/px4_msgs/include/px4_msgs/px4_msgs/msg/detail/control_allocator_status__struct.hpp\n'}
[5.682060] (px4_msgs) StdoutLine: {'line': b'-- Up-to-date: /home/pavel/ws_ros2/install/px4_msgs/include/px4_msgs/px4_msgs/msg/detail/estimator_bias3d__struct.hpp\n'}
[5.682146] (px4_msgs) StdoutLine: {'line': b'-- Up-to-date: /home/pavel/ws_ros2/install/px4_msgs/include/px4_msgs/px4_msgs/msg/detail/camera_status__builder.hpp\n'}
[5.682237] (px4_msgs) StdoutLine: {'line': b'-- Up-to-date: /home/pavel/ws_ros2/install/px4_msgs/include/px4_msgs/px4_msgs/msg/detail/vehicle_trajectory_waypoint__traits.hpp\n'}
[5.682322] (px4_msgs) StdoutLine: {'line': b'-- Up-to-date: /home/pavel/ws_ros2/install/px4_msgs/include/px4_msgs/px4_msgs/msg/detail/normalized_unsigned_setpoint__traits.hpp\n'}
[5.682412] (px4_msgs) StdoutLine: {'line': b'-- Up-to-date: /home/pavel/ws_ros2/install/px4_msgs/include/px4_msgs/px4_msgs/msg/detail/trajectory_bezier__traits.hpp\n'}
[5.682471] (px4_msgs) StdoutLine: {'line': b'-- Up-to-date: /home/pavel/ws_ros2/install/px4_msgs/include/px4_msgs/px4_msgs/msg/detail/timesync_status__struct.hpp\n'}
[5.682533] (px4_msgs) StdoutLine: {'line': b'-- Up-to-date: /home/pavel/ws_ros2/install/px4_msgs/include/px4_msgs/px4_msgs/msg/detail/internal_combustion_engine_status__struct.hpp\n'}
[5.682584] (px4_msgs) StdoutLine: {'line': b'-- Up-to-date: /home/pavel/ws_ros2/install/px4_msgs/include/px4_msgs/px4_msgs/msg/detail/iridiumsbd_status__struct.hpp\n'}
[5.682635] (px4_msgs) StdoutLine: {'line': b'-- Up-to-date: /home/pavel/ws_ros2/install/px4_msgs/include/px4_msgs/px4_msgs/msg/detail/generator_status__builder.hpp\n'}
[5.682685] (px4_msgs) StdoutLine: {'line': b'-- Up-to-date: /home/pavel/ws_ros2/install/px4_msgs/include/px4_msgs/px4_msgs/msg/detail/sensor_accel_fifo__type_support.hpp\n'}
[5.682743] (px4_msgs) StdoutLine: {'line': b'-- Up-to-date: /home/pavel/ws_ros2/install/px4_msgs/include/px4_msgs/px4_msgs/msg/detail/estimator_aid_source3d__struct.hpp\n'}
[5.682794] (px4_msgs) StdoutLine: {'line': b'-- Up-to-date: /home/pavel/ws_ros2/install/px4_msgs/include/px4_msgs/px4_msgs/msg/detail/power_button_state__traits.hpp\n'}
[5.682843] (px4_msgs) StdoutLine: {'line': b'-- Up-to-date: /home/pavel/ws_ros2/install/px4_msgs/include/px4_msgs/px4_msgs/msg/detail/gimbal_controls__struct.hpp\n'}
[5.682893] (px4_msgs) StdoutLine: {'line': b'-- Up-to-date: /home/pavel/ws_ros2/install/px4_msgs/include/px4_msgs/px4_msgs/msg/detail/sensor_gyro_fft__type_support.hpp\n'}
[5.682943] (px4_msgs) StdoutLine: {'line': b'-- Up-to-date: /home/pavel/ws_ros2/install/px4_msgs/include/px4_msgs/px4_msgs/msg/detail/gimbal_manager_information__type_support.hpp\n'}
[5.682997] (px4_msgs) StdoutLine: {'line': b'-- Up-to-date: /home/pavel/ws_ros2/install/px4_msgs/include/px4_msgs/px4_msgs/msg/detail/vehicle_rates_setpoint__builder.hpp\n'}
[5.683046] (px4_msgs) StdoutLine: {'line': b'-- Up-to-date: /home/pavel/ws_ros2/install/px4_msgs/include/px4_msgs/px4_msgs/msg/detail/actuator_armed__struct.hpp\n'}
[5.683096] (px4_msgs) StdoutLine: {'line': b'-- Up-to-date: /home/pavel/ws_ros2/install/px4_msgs/include/px4_msgs/px4_msgs/msg/detail/takeoff_status__traits.hpp\n'}
[5.683146] (px4_msgs) StdoutLine: {'line': b'-- Up-to-date: /home/pavel/ws_ros2/install/px4_msgs/include/px4_msgs/px4_msgs/msg/detail/vehicle_optical_flow_vel__builder.hpp\n'}
[5.683197] (px4_msgs) StdoutLine: {'line': b'-- Up-to-date: /home/pavel/ws_ros2/install/px4_msgs/include/px4_msgs/px4_msgs/msg/detail/vtol_vehicle_status__struct.hpp\n'}
[5.683246] (px4_msgs) StdoutLine: {'line': b'-- Up-to-date: /home/pavel/ws_ros2/install/px4_msgs/include/px4_msgs/px4_msgs/msg/detail/heater_status__traits.hpp\n'}
[5.683295] (px4_msgs) StdoutLine: {'line': b'-- Up-to-date: /home/pavel/ws_ros2/install/px4_msgs/include/px4_msgs/px4_msgs/msg/detail/arming_check_request__type_support.hpp\n'}
[5.683345] (px4_msgs) StdoutLine: {'line': b'-- Up-to-date: /home/pavel/ws_ros2/install/px4_msgs/include/px4_msgs/px4_msgs/msg/detail/gps_dump__struct.hpp\n'}
[5.683405] (px4_msgs) StdoutLine: {'line': b'-- Up-to-date: /home/pavel/ws_ros2/install/px4_msgs/include/px4_msgs/px4_msgs/msg/detail/navigator_mission_item__type_support.hpp\n'}
[5.683460] (px4_msgs) StdoutLine: {'line': b'-- Up-to-date: /home/pavel/ws_ros2/install/px4_msgs/include/px4_msgs/px4_msgs/msg/detail/vehicle_constraints__traits.hpp\n'}
[5.683522] (px4_msgs) StdoutLine: {'line': b'-- Up-to-date: /home/pavel/ws_ros2/install/px4_msgs/include/px4_msgs/px4_msgs/msg/detail/distance_sensor__struct.hpp\n'}
[5.683576] (px4_msgs) StdoutLine: {'line': b'-- Up-to-date: /home/pavel/ws_ros2/install/px4_msgs/include/px4_msgs/px4_msgs/msg/detail/transponder_report__type_support.hpp\n'}
[5.683625] (px4_msgs) StdoutLine: {'line': b'-- Up-to-date: /home/pavel/ws_ros2/install/px4_msgs/include/px4_msgs/px4_msgs/msg/detail/vehicle_command_ack__struct.hpp\n'}
[5.683684] (px4_msgs) StdoutLine: {'line': b'-- Up-to-date: /home/pavel/ws_ros2/install/px4_msgs/include/px4_msgs/px4_msgs/msg/detail/follow_target_status__traits.hpp\n'}
[5.683739] (px4_msgs) StdoutLine: {'line': b'-- Up-to-date: /home/pavel/ws_ros2/install/px4_msgs/include/px4_msgs/px4_msgs/msg/detail/log_message__type_support.hpp\n'}
[5.683799] (px4_msgs) StdoutLine: {'line': b'-- Up-to-date: /home/pavel/ws_ros2/install/px4_msgs/include/px4_msgs/px4_msgs/msg/detail/power_monitor__traits.hpp\n'}
[5.683853] (px4_msgs) StdoutLine: {'line': b'-- Up-to-date: /home/pavel/ws_ros2/install/px4_msgs/include/px4_msgs/px4_msgs/msg/detail/ulog_stream_ack__traits.hpp\n'}
[5.683903] (px4_msgs) StdoutLine: {'line': b'-- Up-to-date: /home/pavel/ws_ros2/install/px4_msgs/include/px4_msgs/px4_msgs/msg/detail/sensor_preflight_mag__type_support.hpp\n'}
[5.683968] (px4_msgs) StdoutLine: {'line': b'-- Up-to-date: /home/pavel/ws_ros2/install/px4_msgs/include/px4_msgs/px4_msgs/msg/detail/vehicle_constraints__type_support.hpp\n'}
[5.684026] (px4_msgs) StdoutLine: {'line': b'-- Up-to-date: /home/pavel/ws_ros2/install/px4_msgs/include/px4_msgs/px4_msgs/msg/detail/control_allocator_status__type_support.hpp\n'}
[5.684099] (px4_msgs) StdoutLine: {'line': b'-- Up-to-date: /home/pavel/ws_ros2/install/px4_msgs/include/px4_msgs/px4_msgs/msg/detail/mission_result__struct.hpp\n'}
[5.684185] (px4_msgs) StdoutLine: {'line': b'-- Up-to-date: /home/pavel/ws_ros2/install/px4_msgs/include/px4_msgs/px4_msgs/msg/detail/obstacle_distance__type_support.hpp\n'}
[5.684276] (px4_msgs) StdoutLine: {'line': b'-- Up-to-date: /home/pavel/ws_ros2/install/px4_msgs/include/px4_msgs/px4_msgs/msg/detail/sensors_status_imu__traits.hpp\n'}
[5.684368] (px4_msgs) StdoutLine: {'line': b'-- Up-to-date: /home/pavel/ws_ros2/install/px4_msgs/include/px4_msgs/px4_msgs/msg/detail/landing_target_pose__traits.hpp\n'}
[5.684479] (px4_msgs) StdoutLine: {'line': b'-- Up-to-date: /home/pavel/ws_ros2/install/px4_msgs/include/px4_msgs/px4_msgs/msg/detail/log_message__struct.hpp\n'}
[5.684573] (px4_msgs) StdoutLine: {'line': b'-- Up-to-date: /home/pavel/ws_ros2/install/px4_msgs/include/px4_msgs/px4_msgs/msg/detail/sensor_baro__builder.hpp\n'}
[5.684663] (px4_msgs) StdoutLine: {'line': b'-- Up-to-date: /home/pavel/ws_ros2/install/px4_msgs/include/px4_msgs/px4_msgs/msg/detail/vehicle_magnetometer__builder.hpp\n'}
[5.684729] (px4_msgs) StdoutLine: {'line': b'-- Up-to-date: /home/pavel/ws_ros2/install/px4_msgs/include/px4_msgs/px4_msgs/msg/detail/rc_parameter_map__type_support.hpp\n'}
[5.684781] (px4_msgs) StdoutLine: {'line': b'-- Up-to-date: /home/pavel/ws_ros2/install/px4_msgs/include/px4_msgs/px4_msgs/msg/detail/mount_orientation__struct.hpp\n'}
[5.684832] (px4_msgs) StdoutLine: {'line': b'-- Up-to-date: /home/pavel/ws_ros2/install/px4_msgs/include/px4_msgs/px4_msgs/msg/detail/debug_vect__builder.hpp\n'}
[5.684897] (px4_msgs) StdoutLine: {'line': b'-- Up-to-date: /home/pavel/ws_ros2/install/px4_msgs/include/px4_msgs/px4_msgs/msg/detail/cpuload__struct.hpp\n'}
[5.684949] (px4_msgs) StdoutLine: {'line': b'-- Up-to-date: /home/pavel/ws_ros2/install/px4_msgs/include/px4_msgs/px4_msgs/msg/detail/sensors_status__traits.hpp\n'}
[5.685001] (px4_msgs) StdoutLine: {'line': b'-- Up-to-date: /home/pavel/ws_ros2/install/px4_msgs/include/px4_msgs/px4_msgs/msg/detail/actuator_servos__type_support.hpp\n'}
[5.685066] (px4_msgs) StdoutLine: {'line': b'-- Up-to-date: /home/pavel/ws_ros2/install/px4_msgs/include/px4_msgs/px4_msgs/msg/detail/estimator_sensor_bias__struct.hpp\n'}
[5.685117] (px4_msgs) StdoutLine: {'line': b'-- Up-to-date: /home/pavel/ws_ros2/install/px4_msgs/include/px4_msgs/px4_msgs/msg/detail/telemetry_status__builder.hpp\n'}
[5.685168] (px4_msgs) StdoutLine: {'line': b'-- Up-to-date: /home/pavel/ws_ros2/install/px4_msgs/include/px4_msgs/px4_msgs/msg/detail/yaw_estimator_status__type_support.hpp\n'}
[5.685232] (px4_msgs) StdoutLine: {'line': b'-- Up-to-date: /home/pavel/ws_ros2/install/px4_msgs/include/px4_msgs/px4_msgs/msg/detail/velocity_limits__traits.hpp\n'}
[5.685318] (px4_msgs) StdoutLine: {'line': b'-- Up-to-date: /home/pavel/ws_ros2/install/px4_msgs/include/px4_msgs/px4_msgs/msg/detail/follow_target__builder.hpp\n'}
[5.685418] (px4_msgs) StdoutLine: {'line': b'-- Up-to-date: /home/pavel/ws_ros2/install/px4_msgs/include/px4_msgs/px4_msgs/msg/detail/debug_value__traits.hpp\n'}
[5.685509] (px4_msgs) StdoutLine: {'line': b'-- Up-to-date: /home/pavel/ws_ros2/install/px4_msgs/include/px4_msgs/px4_msgs/msg/detail/sensor_gyro_fifo__struct.hpp\n'}
[5.685602] (px4_msgs) StdoutLine: {'line': b'-- Up-to-date: /home/pavel/ws_ros2/install/px4_msgs/include/px4_msgs/px4_msgs/msg/detail/satellite_info__traits.hpp\n'}
[5.685691] (px4_msgs) StdoutLine: {'line': b'-- Up-to-date: /home/pavel/ws_ros2/install/px4_msgs/include/px4_msgs/px4_msgs/msg/detail/estimator_innovations__type_support.hpp\n'}
[5.685780] (px4_msgs) StdoutLine: {'line': b'-- Up-to-date: /home/pavel/ws_ros2/install/px4_msgs/include/px4_msgs/px4_msgs/msg/detail/vehicle_angular_velocity__struct.hpp\n'}
[5.685878] (px4_msgs) StdoutLine: {'line': b'-- Up-to-date: /home/pavel/ws_ros2/install/px4_msgs/include/px4_msgs/px4_msgs/msg/detail/estimator_aid_source1d__traits.hpp\n'}
[5.685966] (px4_msgs) StdoutLine: {'line': b'-- Up-to-date: /home/pavel/ws_ros2/install/px4_msgs/include/px4_msgs/px4_msgs/msg/detail/manual_control_switches__traits.hpp\n'}
[5.686056] (px4_msgs) StdoutLine: {'line': b'-- Up-to-date: /home/pavel/ws_ros2/install/px4_msgs/include/px4_msgs/px4_msgs/msg/detail/trajectory_setpoint__type_support.hpp\n'}
[5.686146] (px4_msgs) StdoutLine: {'line': b'-- Up-to-date: /home/pavel/ws_ros2/install/px4_msgs/include/px4_msgs/px4_msgs/msg/detail/vehicle_status__type_support.hpp\n'}
[5.686233] (px4_msgs) StdoutLine: {'line': b'-- Up-to-date: /home/pavel/ws_ros2/install/px4_msgs/include/px4_msgs/px4_msgs/msg/detail/landing_gear_wheel__builder.hpp\n'}
[5.686325] (px4_msgs) StdoutLine: {'line': b'-- Up-to-date: /home/pavel/ws_ros2/install/px4_msgs/include/px4_msgs/px4_msgs/msg/detail/transponder_report__struct.hpp\n'}
[5.686421] (px4_msgs) StdoutLine: {'line': b'-- Up-to-date: /home/pavel/ws_ros2/install/px4_msgs/include/px4_msgs/px4_msgs/msg/detail/parameter_set_value_response__type_support.hpp\n'}
[5.686510] (px4_msgs) StdoutLine: {'line': b'-- Up-to-date: /home/pavel/ws_ros2/install/px4_msgs/include/px4_msgs/px4_msgs/msg/detail/pwm_input__traits.hpp\n'}
[5.686595] (px4_msgs) StdoutLine: {'line': b'-- Up-to-date: /home/pavel/ws_ros2/install/px4_msgs/include/px4_msgs/px4_msgs/msg/detail/vehicle_optical_flow__traits.hpp\n'}
[5.686679] (px4_msgs) StdoutLine: {'line': b'-- Up-to-date: /home/pavel/ws_ros2/install/px4_msgs/include/px4_msgs/px4_msgs/msg/detail/rpm__struct.hpp\n'}
[5.686764] (px4_msgs) StdoutLine: {'line': b'-- Up-to-date: /home/pavel/ws_ros2/install/px4_msgs/include/px4_msgs/px4_msgs/msg/detail/rc_channels__traits.hpp\n'}
[5.686849] (px4_msgs) StdoutLine: {'line': b'-- Up-to-date: /home/pavel/ws_ros2/install/px4_msgs/include/px4_msgs/px4_msgs/msg/detail/camera_capture__struct.hpp\n'}
[5.686934] (px4_msgs) StdoutLine: {'line': b'-- Up-to-date: /home/pavel/ws_ros2/install/px4_msgs/include/px4_msgs/px4_msgs/msg/detail/hover_thrust_estimate__builder.hpp\n'}
[5.687019] (px4_msgs) StdoutLine: {'line': b'-- Up-to-date: /home/pavel/ws_ros2/install/px4_msgs/include/px4_msgs/px4_msgs/msg/detail/vehicle_local_position__builder.hpp\n'}
[5.687104] (px4_msgs) StdoutLine: {'line': b'-- Up-to-date: /home/pavel/ws_ros2/install/px4_msgs/include/px4_msgs/px4_msgs/msg/detail/heater_status__struct.hpp\n'}
[5.687194] (px4_msgs) StdoutLine: {'line': b'-- Up-to-date: /home/pavel/ws_ros2/install/px4_msgs/include/px4_msgs/px4_msgs/msg/detail/figure_eight_status__builder.hpp\n'}
[5.687288] (px4_msgs) StdoutLine: {'line': b'-- Up-to-date: /home/pavel/ws_ros2/install/px4_msgs/include/px4_msgs/px4_msgs/msg/detail/vehicle_roi__traits.hpp\n'}
[5.687373] (px4_msgs) StdoutLine: {'line': b'-- Up-to-date: /home/pavel/ws_ros2/install/px4_msgs/include/px4_msgs/px4_msgs/msg/detail/rc_channels__builder.hpp\n'}
[5.687470] (px4_msgs) StdoutLine: {'line': b'-- Up-to-date: /home/pavel/ws_ros2/install/px4_msgs/include/px4_msgs/px4_msgs/msg/detail/vehicle_attitude__type_support.hpp\n'}
[5.687556] (px4_msgs) StdoutLine: {'line': b'-- Up-to-date: /home/pavel/ws_ros2/install/px4_msgs/include/px4_msgs/px4_msgs/msg/gpio_out.hpp\n'}
[5.687640] (px4_msgs) StdoutLine: {'line': b'-- Up-to-date: /home/pavel/ws_ros2/install/px4_msgs/include/px4_msgs/px4_msgs/msg/dataman_response.hpp\n'}
[5.687727] (px4_msgs) StdoutLine: {'line': b'-- Up-to-date: /home/pavel/ws_ros2/install/px4_msgs/include/px4_msgs/px4_msgs/msg/vehicle_imu.hpp\n'}
[5.687811] (px4_msgs) StdoutLine: {'line': b'-- Up-to-date: /home/pavel/ws_ros2/install/px4_msgs/include/px4_msgs/px4_msgs/msg/arming_check_reply.hpp\n'}
[5.687896] (px4_msgs) StdoutLine: {'line': b'-- Up-to-date: /home/pavel/ws_ros2/install/px4_msgs/include/px4_msgs/px4_msgs/msg/power_button_state.hpp\n'}
[5.687980] (px4_msgs) StdoutLine: {'line': b'-- Up-to-date: /home/pavel/ws_ros2/install/px4_msgs/include/px4_msgs/px4_msgs/msg/vehicle_acceleration.hpp\n'}
[5.688070] (px4_msgs) StdoutLine: {'line': b'-- Up-to-date: /home/pavel/ws_ros2/install/px4_msgs/include/px4_msgs/px4_msgs/msg/px4io_status.hpp\n'}
[5.688154] (px4_msgs) StdoutLine: {'line': b'-- Up-to-date: /home/pavel/ws_ros2/install/px4_msgs/include/px4_msgs/px4_msgs/msg/mag_worker_data.hpp\n'}
[5.688239] (px4_msgs) StdoutLine: {'line': b'-- Up-to-date: /home/pavel/ws_ros2/install/px4_msgs/include/px4_msgs/px4_msgs/msg/vehicle_attitude.hpp\n'}
[5.688324] (px4_msgs) StdoutLine: {'line': b'-- Up-to-date: /home/pavel/ws_ros2/install/px4_msgs/include/px4_msgs/px4_msgs/msg/orb_test_medium.hpp\n'}
[5.688420] (px4_msgs) StdoutLine: {'line': b'-- Up-to-date: /home/pavel/ws_ros2/install/px4_msgs/include/px4_msgs/px4_msgs/msg/flight_phase_estimation.hpp\n'}
[5.688497] (px4_msgs) StdoutLine: {'line': b'-- Up-to-date: /home/pavel/ws_ros2/install/px4_msgs/include/px4_msgs/px4_msgs/msg/collision_constraints.hpp\n'}
[5.688550] (px4_msgs) StdoutLine: {'line': b'-- Up-to-date: /home/pavel/ws_ros2/install/px4_msgs/include/px4_msgs/px4_msgs/msg/distance_sensor.hpp\n'}
[5.688604] (px4_msgs) StdoutLine: {'line': b'-- Up-to-date: /home/pavel/ws_ros2/install/px4_msgs/include/px4_msgs/px4_msgs/msg/logger_status.hpp\n'}
[5.688665] (px4_msgs) StdoutLine: {'line': b'-- Up-to-date: /home/pavel/ws_ros2/install/px4_msgs/include/px4_msgs/px4_msgs/msg/sensor_correction.hpp\n'}
[5.688716] (px4_msgs) StdoutLine: {'line': b'-- Up-to-date: /home/pavel/ws_ros2/install/px4_msgs/include/px4_msgs/px4_msgs/msg/vehicle_roi.hpp\n'}
[5.688781] (px4_msgs) StdoutLine: {'line': b'-- Up-to-date: /home/pavel/ws_ros2/install/px4_msgs/include/px4_msgs/px4_msgs/msg/yaw_estimator_status.hpp\n'}
[5.688833] (px4_msgs) StdoutLine: {'line': b'-- Up-to-date: /home/pavel/ws_ros2/install/px4_msgs/include/px4_msgs/px4_msgs/msg/estimator_bias3d.hpp\n'}
[5.688888] (px4_msgs) StdoutLine: {'line': b'-- Up-to-date: /home/pavel/ws_ros2/install/px4_msgs/include/px4_msgs/px4_msgs/msg/vtol_vehicle_status.hpp\n'}
[5.688946] (px4_msgs) StdoutLine: {'line': b'-- Up-to-date: /home/pavel/ws_ros2/install/px4_msgs/include/px4_msgs/px4_msgs/msg/sensor_accel.hpp\n'}
[5.688996] (px4_msgs) StdoutLine: {'line': b'-- Up-to-date: /home/pavel/ws_ros2/install/px4_msgs/include/px4_msgs/px4_msgs/msg/sensors_status.hpp\n'}
[5.689046] (px4_msgs) StdoutLine: {'line': b'-- Up-to-date: /home/pavel/ws_ros2/install/px4_msgs/include/px4_msgs/px4_msgs/msg/pwm_input.hpp\n'}
[5.689109] (px4_msgs) StdoutLine: {'line': b'-- Up-to-date: /home/pavel/ws_ros2/install/px4_msgs/include/px4_msgs/px4_msgs/msg/vehicle_command.hpp\n'}
[5.689160] (px4_msgs) StdoutLine: {'line': b'-- Up-to-date: /home/pavel/ws_ros2/install/px4_msgs/include/px4_msgs/px4_msgs/msg/battery_status.hpp\n'}
[5.689210] (px4_msgs) StdoutLine: {'line': b'-- Up-to-date: /home/pavel/ws_ros2/install/px4_msgs/include/px4_msgs/px4_msgs/msg/failsafe_flags.hpp\n'}
[5.689274] (px4_msgs) StdoutLine: {'line': b'-- Up-to-date: /home/pavel/ws_ros2/install/px4_msgs/include/px4_msgs/px4_msgs/msg/sensor_preflight_mag.hpp\n'}
[5.689325] (px4_msgs) StdoutLine: {'line': b'-- Up-to-date: /home/pavel/ws_ros2/install/px4_msgs/include/px4_msgs/px4_msgs/msg/buffer128.hpp\n'}
[5.689374] (px4_msgs) StdoutLine: {'line': b'-- Up-to-date: /home/pavel/ws_ros2/install/px4_msgs/include/px4_msgs/px4_msgs/msg/ping.hpp\n'}
[5.689455] (px4_msgs) StdoutLine: {'line': b'-- Up-to-date: /home/pavel/ws_ros2/install/px4_msgs/include/px4_msgs/px4_msgs/msg/collision_report.hpp\n'}
[5.689507] (px4_msgs) StdoutLine: {'line': b'-- Up-to-date: /home/pavel/ws_ros2/install/px4_msgs/include/px4_msgs/px4_msgs/msg/landing_target_innovations.hpp\n'}
[5.689572] (px4_msgs) StdoutLine: {'line': b'-- Up-to-date: /home/pavel/ws_ros2/install/px4_msgs/include/px4_msgs/px4_msgs/msg/rc_parameter_map.hpp\n'}
[5.689625] (px4_msgs) StdoutLine: {'line': b'-- Up-to-date: /home/pavel/ws_ros2/install/px4_msgs/include/px4_msgs/px4_msgs/msg/generator_status.hpp\n'}
[5.689680] (px4_msgs) StdoutLine: {'line': b'-- Up-to-date: /home/pavel/ws_ros2/install/px4_msgs/include/px4_msgs/px4_msgs/msg/actuator_servos.hpp\n'}
[5.689747] (px4_msgs) StdoutLine: {'line': b'-- Up-to-date: /home/pavel/ws_ros2/install/px4_msgs/include/px4_msgs/px4_msgs/msg/actuator_outputs.hpp\n'}
[5.689799] (px4_msgs) StdoutLine: {'line': b'-- Up-to-date: /home/pavel/ws_ros2/install/px4_msgs/include/px4_msgs/px4_msgs/msg/hover_thrust_estimate.hpp\n'}
[5.689852] (px4_msgs) StdoutLine: {'line': b'-- Up-to-date: /home/pavel/ws_ros2/install/px4_msgs/include/px4_msgs/px4_msgs/msg/log_message.hpp\n'}
[5.689918] (px4_msgs) StdoutLine: {'line': b'-- Up-to-date: /home/pavel/ws_ros2/install/px4_msgs/include/px4_msgs/px4_msgs/msg/task_stack_info.hpp\n'}
[5.689969] (px4_msgs) StdoutLine: {'line': b'-- Up-to-date: /home/pavel/ws_ros2/install/px4_msgs/include/px4_msgs/px4_msgs/msg/parameter_set_used_request.hpp\n'}
[5.690033] (px4_msgs) StdoutLine: {'line': b'-- Up-to-date: /home/pavel/ws_ros2/install/px4_msgs/include/px4_msgs/px4_msgs/msg/mavlink_log.hpp\n'}
[5.690084] (px4_msgs) StdoutLine: {'line': b'-- Up-to-date: /home/pavel/ws_ros2/install/px4_msgs/include/px4_msgs/px4_msgs/msg/gimbal_manager_set_manual_control.hpp\n'}
[5.690134] (px4_msgs) StdoutLine: {'line': b'-- Up-to-date: /home/pavel/ws_ros2/install/px4_msgs/include/px4_msgs/px4_msgs/msg/sensor_gyro_fft.hpp\n'}
[5.690183] (px4_msgs) StdoutLine: {'line': b'-- Up-to-date: /home/pavel/ws_ros2/install/px4_msgs/include/px4_msgs/px4_msgs/msg/actuator_servos_trim.hpp\n'}
[5.690233] (px4_msgs) StdoutLine: {'line': b'-- Up-to-date: /home/pavel/ws_ros2/install/px4_msgs/include/px4_msgs/px4_msgs/msg/sensor_combined.hpp\n'}
[5.690282] (px4_msgs) StdoutLine: {'line': b'-- Up-to-date: /home/pavel/ws_ros2/install/px4_msgs/include/px4_msgs/px4_msgs/msg/rtl_status.hpp\n'}
[5.690332] (px4_msgs) StdoutLine: {'line': b'-- Up-to-date: /home/pavel/ws_ros2/install/px4_msgs/include/px4_msgs/px4_msgs/msg/position_setpoint_triplet.hpp\n'}
[5.690389] (px4_msgs) StdoutLine: {'line': b'-- Up-to-date: /home/pavel/ws_ros2/install/px4_msgs/include/px4_msgs/px4_msgs/msg/action_request.hpp\n'}
[5.690447] (px4_msgs) StdoutLine: {'line': b'-- Up-to-date: /home/pavel/ws_ros2/install/px4_msgs/include/px4_msgs/px4_msgs/msg/orb_test.hpp\n'}
[5.690497] (px4_msgs) StdoutLine: {'line': b'-- Up-to-date: /home/pavel/ws_ros2/install/px4_msgs/include/px4_msgs/px4_msgs/msg/onboard_computer_status.hpp\n'}
[5.690546] (px4_msgs) StdoutLine: {'line': b'-- Up-to-date: /home/pavel/ws_ros2/install/px4_msgs/include/px4_msgs/px4_msgs/msg/velocity_limits.hpp\n'}
[5.690595] (px4_msgs) StdoutLine: {'line': b'-- Up-to-date: /home/pavel/ws_ros2/install/px4_msgs/include/px4_msgs/px4_msgs/msg/vehicle_optical_flow_vel.hpp\n'}
[5.690646] (px4_msgs) StdoutLine: {'line': b'-- Up-to-date: /home/pavel/ws_ros2/install/px4_msgs/include/px4_msgs/px4_msgs/msg/estimator_sensor_bias.hpp\n'}
[5.690695] (px4_msgs) StdoutLine: {'line': b'-- Up-to-date: /home/pavel/ws_ros2/install/px4_msgs/include/px4_msgs/px4_msgs/msg/gimbal_controls.hpp\n'}
[5.690743] (px4_msgs) StdoutLine: {'line': b'-- Up-to-date: /home/pavel/ws_ros2/install/px4_msgs/include/px4_msgs/px4_msgs/msg/follow_target_estimator.hpp\n'}
[5.690791] (px4_msgs) StdoutLine: {'line': b'-- Up-to-date: /home/pavel/ws_ros2/install/px4_msgs/include/px4_msgs/px4_msgs/msg/mode_completed.hpp\n'}
[5.690848] (px4_msgs) StdoutLine: {'line': b'-- Up-to-date: /home/pavel/ws_ros2/install/px4_msgs/include/px4_msgs/px4_msgs/msg/pps_capture.hpp\n'}
[5.690920] (px4_msgs) StdoutLine: {'line': b'-- Up-to-date: /home/pavel/ws_ros2/install/px4_msgs/include/px4_msgs/px4_msgs/msg/gps_dump.hpp\n'}
[5.690974] (px4_msgs) StdoutLine: {'line': b'-- Up-to-date: /home/pavel/ws_ros2/install/px4_msgs/include/px4_msgs/px4_msgs/msg/goto_setpoint.hpp\n'}
[5.691024] (px4_msgs) StdoutLine: {'line': b'-- Up-to-date: /home/pavel/ws_ros2/install/px4_msgs/include/px4_msgs/px4_msgs/msg/mount_orientation.hpp\n'}
[5.691073] (px4_msgs) StdoutLine: {'line': b'-- Up-to-date: /home/pavel/ws_ros2/install/px4_msgs/include/px4_msgs/px4_msgs/msg/register_ext_component_reply.hpp\n'}
[5.691128] (px4_msgs) StdoutLine: {'line': b'-- Up-to-date: /home/pavel/ws_ros2/install/px4_msgs/include/px4_msgs/px4_msgs/msg/rpm.hpp\n'}
[5.691177] (px4_msgs) StdoutLine: {'line': b'-- Up-to-date: /home/pavel/ws_ros2/install/px4_msgs/include/px4_msgs/px4_msgs/msg/uavcan_parameter_value.hpp\n'}
[5.691225] (px4_msgs) StdoutLine: {'line': b'-- Up-to-date: /home/pavel/ws_ros2/install/px4_msgs/include/px4_msgs/px4_msgs/msg/adc_report.hpp\n'}
[5.691274] (px4_msgs) StdoutLine: {'line': b'-- Up-to-date: /home/pavel/ws_ros2/install/px4_msgs/include/px4_msgs/px4_msgs/msg/esc_status.hpp\n'}
[5.691322] (px4_msgs) StdoutLine: {'line': b'-- Up-to-date: /home/pavel/ws_ros2/install/px4_msgs/include/px4_msgs/px4_msgs/msg/internal_combustion_engine_status.hpp\n'}
[5.691371] (px4_msgs) StdoutLine: {'line': b'-- Up-to-date: /home/pavel/ws_ros2/install/px4_msgs/include/px4_msgs/px4_msgs/msg/follow_target_status.hpp\n'}
[5.691431] (px4_msgs) StdoutLine: {'line': b'-- Up-to-date: /home/pavel/ws_ros2/install/px4_msgs/include/px4_msgs/px4_msgs/msg/qshell_retval.hpp\n'}
[5.691482] (px4_msgs) StdoutLine: {'line': b'-- Up-to-date: /home/pavel/ws_ros2/install/px4_msgs/include/px4_msgs/px4_msgs/msg/launch_detection_status.hpp\n'}
[5.691531] (px4_msgs) StdoutLine: {'line': b'-- Up-to-date: /home/pavel/ws_ros2/install/px4_msgs/include/px4_msgs/px4_msgs/msg/camera_status.hpp\n'}
[5.691584] (px4_msgs) StdoutLine: {'line': b'-- Up-to-date: /home/pavel/ws_ros2/install/px4_msgs/include/px4_msgs/px4_msgs/msg/estimator_aid_source3d.hpp\n'}
[5.691635] (px4_msgs) StdoutLine: {'line': b'-- Up-to-date: /home/pavel/ws_ros2/install/px4_msgs/include/px4_msgs/px4_msgs/msg/gimbal_manager_status.hpp\n'}
[5.691684] (px4_msgs) StdoutLine: {'line': b'-- Up-to-date: /home/pavel/ws_ros2/install/px4_msgs/include/px4_msgs/px4_msgs/msg/radio_status.hpp\n'}
[5.691732] (px4_msgs) StdoutLine: {'line': b'-- Up-to-date: /home/pavel/ws_ros2/install/px4_msgs/include/px4_msgs/px4_msgs/msg/esc_report.hpp\n'}
[5.691781] (px4_msgs) StdoutLine: {'line': b'-- Up-to-date: /home/pavel/ws_ros2/install/px4_msgs/include/px4_msgs/px4_msgs/msg/vehicle_torque_setpoint.hpp\n'}
[5.691830] (px4_msgs) StdoutLine: {'line': b'-- Up-to-date: /home/pavel/ws_ros2/install/px4_msgs/include/px4_msgs/px4_msgs/msg/sensor_gnss_relative.hpp\n'}
[5.691879] (px4_msgs) StdoutLine: {'line': b'-- Up-to-date: /home/pavel/ws_ros2/install/px4_msgs/include/px4_msgs/px4_msgs/msg/rate_ctrl_status.hpp\n'}
[5.691937] (px4_msgs) StdoutLine: {'line': b'-- Up-to-date: /home/pavel/ws_ros2/install/px4_msgs/include/px4_msgs/px4_msgs/msg/camera_trigger.hpp\n'}
[5.691986] (px4_msgs) StdoutLine: {'line': b'-- Up-to-date: /home/pavel/ws_ros2/install/px4_msgs/include/px4_msgs/px4_msgs/msg/obstacle_distance.hpp\n'}
[5.692035] (px4_msgs) StdoutLine: {'line': b'-- Up-to-date: /home/pavel/ws_ros2/install/px4_msgs/include/px4_msgs/px4_msgs/msg/input_rc.hpp\n'}
[5.692083] (px4_msgs) StdoutLine: {'line': b'-- Up-to-date: /home/pavel/ws_ros2/install/px4_msgs/include/px4_msgs/px4_msgs/msg/estimator_event_flags.hpp\n'}
[5.692131] (px4_msgs) StdoutLine: {'line': b'-- Up-to-date: /home/pavel/ws_ros2/install/px4_msgs/include/px4_msgs/px4_msgs/msg/register_ext_component_request.hpp\n'}
[5.692179] (px4_msgs) StdoutLine: {'line': b'-- Up-to-date: /home/pavel/ws_ros2/install/px4_msgs/include/px4_msgs/px4_msgs/msg/home_position.hpp\n'}
[5.692228] (px4_msgs) StdoutLine: {'line': b'-- Up-to-date: /home/pavel/ws_ros2/install/px4_msgs/include/px4_msgs/px4_msgs/msg/gpio_config.hpp\n'}
[5.692277] (px4_msgs) StdoutLine: {'line': b'-- Up-to-date: /home/pavel/ws_ros2/install/px4_msgs/include/px4_msgs/px4_msgs/msg/tiltrotor_extra_controls.hpp\n'}
[5.692325] (px4_msgs) StdoutLine: {'line': b'-- Up-to-date: /home/pavel/ws_ros2/install/px4_msgs/include/px4_msgs/px4_msgs/msg/gimbal_device_information.hpp\n'}
[5.692374] (px4_msgs) StdoutLine: {'line': b'-- Up-to-date: /home/pavel/ws_ros2/install/px4_msgs/include/px4_msgs/px4_msgs/msg/vehicle_thrust_setpoint.hpp\n'}
[5.692432] (px4_msgs) StdoutLine: {'line': b'-- Up-to-date: /home/pavel/ws_ros2/install/px4_msgs/include/px4_msgs/px4_msgs/msg/qshell_req.hpp\n'}
[5.692486] (px4_msgs) StdoutLine: {'line': b'-- Up-to-date: /home/pavel/ws_ros2/install/px4_msgs/include/px4_msgs/px4_msgs/msg/vehicle_imu_status.hpp\n'}
[5.692535] (px4_msgs) StdoutLine: {'line': b'-- Up-to-date: /home/pavel/ws_ros2/install/px4_msgs/include/px4_msgs/px4_msgs/msg/sensor_gyro_fifo.hpp\n'}
[5.692585] (px4_msgs) StdoutLine: {'line': b'-- Up-to-date: /home/pavel/ws_ros2/install/px4_msgs/include/px4_msgs/px4_msgs/msg/gimbal_device_attitude_status.hpp\n'}
[5.692634] (px4_msgs) StdoutLine: {'line': b'-- Up-to-date: /home/pavel/ws_ros2/install/px4_msgs/include/px4_msgs/px4_msgs/msg/message_format_response.hpp\n'}
[5.692683] (px4_msgs) StdoutLine: {'line': b'-- Up-to-date: /home/pavel/ws_ros2/install/px4_msgs/include/px4_msgs/px4_msgs/msg/estimator_status_flags.hpp\n'}
[5.692732] (px4_msgs) StdoutLine: {'line': b'-- Up-to-date: /home/pavel/ws_ros2/install/px4_msgs/include/px4_msgs/px4_msgs/msg/landing_target_pose.hpp\n'}
[5.692781] (px4_msgs) StdoutLine: {'line': b'-- Up-to-date: /home/pavel/ws_ros2/install/px4_msgs/include/px4_msgs/px4_msgs/msg/sensor_gps.hpp\n'}
[5.692830] (px4_msgs) StdoutLine: {'line': b'-- Up-to-date: /home/pavel/ws_ros2/install/px4_msgs/include/px4_msgs/px4_msgs/msg/autotune_attitude_control_status.hpp\n'}
[5.692880] (px4_msgs) StdoutLine: {'line': b'-- Up-to-date: /home/pavel/ws_ros2/install/px4_msgs/include/px4_msgs/px4_msgs/msg/normalized_unsigned_setpoint.hpp\n'}
[5.692929] (px4_msgs) StdoutLine: {'line': b'-- Up-to-date: /home/pavel/ws_ros2/install/px4_msgs/include/px4_msgs/px4_msgs/msg/vehicle_constraints.hpp\n'}
[5.692978] (px4_msgs) StdoutLine: {'line': b'-- Up-to-date: /home/pavel/ws_ros2/install/px4_msgs/include/px4_msgs/px4_msgs/msg/manual_control_switches.hpp\n'}
[5.693027] (px4_msgs) StdoutLine: {'line': b'-- Up-to-date: /home/pavel/ws_ros2/install/px4_msgs/include/px4_msgs/px4_msgs/msg/sensor_gyro.hpp\n'}
[5.693077] (px4_msgs) StdoutLine: {'line': b'-- Up-to-date: /home/pavel/ws_ros2/install/px4_msgs/include/px4_msgs/px4_msgs/msg/wind.hpp\n'}
[5.693127] (px4_msgs) StdoutLine: {'line': b'-- Up-to-date: /home/pavel/ws_ros2/install/px4_msgs/include/px4_msgs/px4_msgs/msg/trajectory_waypoint.hpp\n'}
[5.693176] (px4_msgs) StdoutLine: {'line': b'-- Up-to-date: /home/pavel/ws_ros2/install/px4_msgs/include/px4_msgs/px4_msgs/msg/irlock_report.hpp\n'}
[5.693224] (px4_msgs) StdoutLine: {'line': b'-- Up-to-date: /home/pavel/ws_ros2/install/px4_msgs/include/px4_msgs/px4_msgs/msg/sensor_mag.hpp\n'}
[5.693273] (px4_msgs) StdoutLine: {'line': b'-- Up-to-date: /home/pavel/ws_ros2/install/px4_msgs/include/px4_msgs/px4_msgs/msg/vehicle_land_detected.hpp\n'}
[5.693321] (px4_msgs) StdoutLine: {'line': b'-- Up-to-date: /home/pavel/ws_ros2/install/px4_msgs/include/px4_msgs/px4_msgs/msg/airspeed_validated.hpp\n'}
[5.693374] (px4_msgs) StdoutLine: {'line': b'-- Up-to-date: /home/pavel/ws_ros2/install/px4_msgs/include/px4_msgs/px4_msgs/msg/estimator_innovations.hpp\n'}
[5.693434] (px4_msgs) StdoutLine: {'line': b'-- Up-to-date: /home/pavel/ws_ros2/install/px4_msgs/include/px4_msgs/px4_msgs/msg/power_monitor.hpp\n'}
[5.693482] (px4_msgs) StdoutLine: {'line': b'-- Up-to-date: /home/pavel/ws_ros2/install/px4_msgs/include/px4_msgs/px4_msgs/msg/cpuload.hpp\n'}
[5.693530] (px4_msgs) StdoutLine: {'line': b'-- Up-to-date: /home/pavel/ws_ros2/install/px4_msgs/include/px4_msgs/px4_msgs/msg/uavcan_parameter_request.hpp\n'}
[5.693579] (px4_msgs) StdoutLine: {'line': b'-- Up-to-date: /home/pavel/ws_ros2/install/px4_msgs/include/px4_msgs/px4_msgs/msg/actuator_armed.hpp\n'}
[5.693627] (px4_msgs) StdoutLine: {'line': b'-- Up-to-date: /home/pavel/ws_ros2/install/px4_msgs/include/px4_msgs/px4_msgs/msg/failure_detector_status.hpp\n'}
[5.693676] (px4_msgs) StdoutLine: {'line': b'-- Up-to-date: /home/pavel/ws_ros2/install/px4_msgs/include/px4_msgs/px4_msgs/msg/actuator_controls_status.hpp\n'}
[5.693724] (px4_msgs) StdoutLine: {'line': b'-- Up-to-date: /home/pavel/ws_ros2/install/px4_msgs/include/px4_msgs/px4_msgs/msg/rover_ackermann_guidance_status.hpp\n'}
[5.693778] (px4_msgs) StdoutLine: {'line': b'-- Up-to-date: /home/pavel/ws_ros2/install/px4_msgs/include/px4_msgs/px4_msgs/msg/debug_key_value.hpp\n'}
[5.693827] (px4_msgs) StdoutLine: {'line': b'-- Up-to-date: /home/pavel/ws_ros2/install/px4_msgs/include/px4_msgs/px4_msgs/msg/estimator_aid_source1d.hpp\n'}
[5.693886] (px4_msgs) StdoutLine: {'line': b'-- Up-to-date: /home/pavel/ws_ros2/install/px4_msgs/include/px4_msgs/px4_msgs/msg/gimbal_device_set_attitude.hpp\n'}
[5.693935] (px4_msgs) StdoutLine: {'line': b'-- Up-to-date: /home/pavel/ws_ros2/install/px4_msgs/include/px4_msgs/px4_msgs/msg/telemetry_status.hpp\n'}
[5.693984] (px4_msgs) StdoutLine: {'line': b'-- Up-to-date: /home/pavel/ws_ros2/install/px4_msgs/include/px4_msgs/px4_msgs/msg/vehicle_command_ack.hpp\n'}
[5.694033] (px4_msgs) StdoutLine: {'line': b'-- Up-to-date: /home/pavel/ws_ros2/install/px4_msgs/include/px4_msgs/px4_msgs/msg/estimator_gps_status.hpp\n'}
[5.694082] (px4_msgs) StdoutLine: {'line': b'-- Up-to-date: /home/pavel/ws_ros2/install/px4_msgs/include/px4_msgs/px4_msgs/msg/trajectory_setpoint.hpp\n'}
[5.694130] (px4_msgs) StdoutLine: {'line': b'-- Up-to-date: /home/pavel/ws_ros2/install/px4_msgs/include/px4_msgs/px4_msgs/msg/airspeed.hpp\n'}
[5.694179] (px4_msgs) StdoutLine: {'line': b'-- Up-to-date: /home/pavel/ws_ros2/install/px4_msgs/include/px4_msgs/px4_msgs/msg/geofence_result.hpp\n'}
[5.694227] (px4_msgs) StdoutLine: {'line': b'-- Up-to-date: /home/pavel/ws_ros2/install/px4_msgs/include/px4_msgs/px4_msgs/msg/mission.hpp\n'}
[5.694277] (px4_msgs) StdoutLine: {'line': b'-- Up-to-date: /home/pavel/ws_ros2/install/px4_msgs/include/px4_msgs/px4_msgs/msg/gimbal_manager_information.hpp\n'}
[5.694325] (px4_msgs) StdoutLine: {'line': b'-- Up-to-date: /home/pavel/ws_ros2/install/px4_msgs/include/px4_msgs/px4_msgs/msg/actuator_test.hpp\n'}
[5.694378] (px4_msgs) StdoutLine: {'line': b'-- Up-to-date: /home/pavel/ws_ros2/install/px4_msgs/include/px4_msgs/px4_msgs/msg/sensor_accel_fifo.hpp\n'}
[5.694434] (px4_msgs) StdoutLine: {'line': b'-- Up-to-date: /home/pavel/ws_ros2/install/px4_msgs/include/px4_msgs/px4_msgs/msg/follow_target.hpp\n'}
[5.694483] (px4_msgs) StdoutLine: {'line': b'-- Up-to-date: /home/pavel/ws_ros2/install/px4_msgs/include/px4_msgs/px4_msgs/msg/position_setpoint.hpp\n'}
[5.694533] (px4_msgs) StdoutLine: {'line': b'-- Up-to-date: /home/pavel/ws_ros2/install/px4_msgs/include/px4_msgs/px4_msgs/msg/landing_gear.hpp\n'}
[5.694582] (px4_msgs) StdoutLine: {'line': b'-- Up-to-date: /home/pavel/ws_ros2/install/px4_msgs/include/px4_msgs/px4_msgs/msg/differential_pressure.hpp\n'}
[5.694630] (px4_msgs) StdoutLine: {'line': b'-- Up-to-date: /home/pavel/ws_ros2/install/px4_msgs/include/px4_msgs/px4_msgs/msg/sensor_hygrometer.hpp\n'}
[5.694679] (px4_msgs) StdoutLine: {'line': b'-- Up-to-date: /home/pavel/ws_ros2/install/px4_msgs/include/px4_msgs/px4_msgs/msg/takeoff_status.hpp\n'}
[5.694727] (px4_msgs) StdoutLine: {'line': b'-- Up-to-date: /home/pavel/ws_ros2/install/px4_msgs/include/px4_msgs/px4_msgs/msg/offboard_control_mode.hpp\n'}
[5.694775] (px4_msgs) StdoutLine: {'line': b'-- Up-to-date: /home/pavel/ws_ros2/install/px4_msgs/include/px4_msgs/px4_msgs/msg/estimator_selector_status.hpp\n'}
[5.694823] (px4_msgs) StdoutLine: {'line': b'-- Up-to-date: /home/pavel/ws_ros2/install/px4_msgs/include/px4_msgs/px4_msgs/msg/sensor_optical_flow.hpp\n'}
[5.694870] (px4_msgs) StdoutLine: {'line': b'-- Up-to-date: /home/pavel/ws_ros2/install/px4_msgs/include/px4_msgs/px4_msgs/msg/position_controller_landing_status.hpp\n'}
[5.694918] (px4_msgs) StdoutLine: {'line': b'-- Up-to-date: /home/pavel/ws_ros2/install/px4_msgs/include/px4_msgs/px4_msgs/msg/geofence_status.hpp\n'}
[5.694966] (px4_msgs) StdoutLine: {'line': b'-- Up-to-date: /home/pavel/ws_ros2/install/px4_msgs/include/px4_msgs/px4_msgs/msg/airspeed_wind.hpp\n'}
[5.695014] (px4_msgs) StdoutLine: {'line': b'-- Up-to-date: /home/pavel/ws_ros2/install/px4_msgs/include/px4_msgs/px4_msgs/msg/sensor_airflow.hpp\n'}
[5.695061] (px4_msgs) StdoutLine: {'line': b'-- Up-to-date: /home/pavel/ws_ros2/install/px4_msgs/include/px4_msgs/px4_msgs/msg/orbit_status.hpp\n'}
[5.695114] (px4_msgs) StdoutLine: {'line': b'-- Up-to-date: /home/pavel/ws_ros2/install/px4_msgs/include/px4_msgs/px4_msgs/msg/fuel_tank_status.hpp\n'}
[5.695187] (px4_msgs) StdoutLine: {'line': b'-- Up-to-date: /home/pavel/ws_ros2/install/px4_msgs/include/px4_msgs/px4_msgs/msg/config_overrides.hpp\n'}
[5.695236] (px4_msgs) StdoutLine: {'line': b'-- Up-to-date: /home/pavel/ws_ros2/install/px4_msgs/include/px4_msgs/px4_msgs/msg/camera_capture.hpp\n'}
[5.695286] (px4_msgs) StdoutLine: {'line': b'-- Up-to-date: /home/pavel/ws_ros2/install/px4_msgs/include/px4_msgs/px4_msgs/msg/parameter_set_value_response.hpp\n'}
[5.695335] (px4_msgs) StdoutLine: {'line': b'-- Up-to-date: /home/pavel/ws_ros2/install/px4_msgs/include/px4_msgs/px4_msgs/msg/differential_drive_setpoint.hpp\n'}
[5.695388] (px4_msgs) StdoutLine: {'line': b'-- Up-to-date: /home/pavel/ws_ros2/install/px4_msgs/include/px4_msgs/px4_msgs/msg/button_event.hpp\n'}
[5.695444] (px4_msgs) StdoutLine: {'line': b'-- Up-to-date: /home/pavel/ws_ros2/install/px4_msgs/include/px4_msgs/px4_msgs/msg/control_allocator_status.hpp\n'}
[5.695495] (px4_msgs) StdoutLine: {'line': b'-- Up-to-date: /home/pavel/ws_ros2/install/px4_msgs/include/px4_msgs/px4_msgs/msg/debug_vect.hpp\n'}
[5.695543] (px4_msgs) StdoutLine: {'line': b'-- Up-to-date: /home/pavel/ws_ros2/install/px4_msgs/include/px4_msgs/px4_msgs/msg/ulog_stream.hpp\n'}
[5.695592] (px4_msgs) StdoutLine: {'line': b'-- Up-to-date: /home/pavel/ws_ros2/install/px4_msgs/include/px4_msgs/px4_msgs/msg/gps_inject_data.hpp\n'}
[5.695640] (px4_msgs) StdoutLine: {'line': b'-- Up-to-date: /home/pavel/ws_ros2/install/px4_msgs/include/px4_msgs/px4_msgs/msg/health_report.hpp\n'}
[5.695688] (px4_msgs) StdoutLine: {'line': b'-- Up-to-date: /home/pavel/ws_ros2/install/px4_msgs/include/px4_msgs/px4_msgs/msg/parameter_reset_request.hpp\n'}
[5.695736] (px4_msgs) StdoutLine: {'line': b'-- Up-to-date: /home/pavel/ws_ros2/install/px4_msgs/include/px4_msgs/px4_msgs/msg/vehicle_trajectory_waypoint.hpp\n'}
[5.695784] (px4_msgs) StdoutLine: {'line': b'-- Up-to-date: /home/pavel/ws_ros2/install/px4_msgs/include/px4_msgs/px4_msgs/msg/satellite_info.hpp\n'}
[5.695840] (px4_msgs) StdoutLine: {'line': b'-- Up-to-date: /home/pavel/ws_ros2/install/px4_msgs/include/px4_msgs/px4_msgs/msg/vehicle_local_position_setpoint.hpp\n'}
[5.695889] (px4_msgs) StdoutLine: {'line': b'-- Up-to-date: /home/pavel/ws_ros2/install/px4_msgs/include/px4_msgs/px4_msgs/msg/estimator_status.hpp\n'}
[5.695937] (px4_msgs) StdoutLine: {'line': b'-- Up-to-date: /home/pavel/ws_ros2/install/px4_msgs/include/px4_msgs/px4_msgs/msg/sensor_uwb.hpp\n'}
[5.695985] (px4_msgs) StdoutLine: {'line': b'-- Up-to-date: /home/pavel/ws_ros2/install/px4_msgs/include/px4_msgs/px4_msgs/msg/rc_channels.hpp\n'}
[5.696033] (px4_msgs) StdoutLine: {'line': b'-- Up-to-date: /home/pavel/ws_ros2/install/px4_msgs/include/px4_msgs/px4_msgs/msg/rosidl_generator_cpp__visibility_control.hpp\n'}
[5.696081] (px4_msgs) StdoutLine: {'line': b'-- Up-to-date: /home/pavel/ws_ros2/install/px4_msgs/include/px4_msgs/px4_msgs/msg/figure_eight_status.hpp\n'}
[5.696129] (px4_msgs) StdoutLine: {'line': b'-- Up-to-date: /home/pavel/ws_ros2/install/px4_msgs/include/px4_msgs/px4_msgs/msg/trajectory_bezier.hpp\n'}
[5.696177] (px4_msgs) StdoutLine: {'line': b'-- Up-to-date: /home/pavel/ws_ros2/install/px4_msgs/include/px4_msgs/px4_msgs/msg/system_power.hpp\n'}
[5.696225] (px4_msgs) StdoutLine: {'line': b'-- Up-to-date: /home/pavel/ws_ros2/install/px4_msgs/include/px4_msgs/px4_msgs/msg/vehicle_angular_acceleration_setpoint.hpp\n'}
[5.696275] (px4_msgs) StdoutLine: {'line': b'-- Up-to-date: /home/pavel/ws_ros2/install/px4_msgs/include/px4_msgs/px4_msgs/msg/tune_control.hpp\n'}
[5.696324] (px4_msgs) StdoutLine: {'line': b'-- Up-to-date: /home/pavel/ws_ros2/install/px4_msgs/include/px4_msgs/px4_msgs/msg/vehicle_air_data.hpp\n'}
[5.696373] (px4_msgs) StdoutLine: {'line': b'-- Up-to-date: /home/pavel/ws_ros2/install/px4_msgs/include/px4_msgs/px4_msgs/msg/rtl_time_estimate.hpp\n'}
[5.696432] (px4_msgs) StdoutLine: {'line': b'-- Up-to-date: /home/pavel/ws_ros2/install/px4_msgs/include/px4_msgs/px4_msgs/msg/heater_status.hpp\n'}
[5.696486] (px4_msgs) StdoutLine: {'line': b'-- Up-to-date: /home/pavel/ws_ros2/install/px4_msgs/include/px4_msgs/px4_msgs/msg/estimator_aid_source2d.hpp\n'}
[5.696536] (px4_msgs) StdoutLine: {'line': b'-- Up-to-date: /home/pavel/ws_ros2/install/px4_msgs/include/px4_msgs/px4_msgs/msg/parameter_update.hpp\n'}
[5.696584] (px4_msgs) StdoutLine: {'line': b'-- Up-to-date: /home/pavel/ws_ros2/install/px4_msgs/include/px4_msgs/px4_msgs/msg/vehicle_optical_flow.hpp\n'}
[5.696633] (px4_msgs) StdoutLine: {'line': b'-- Up-to-date: /home/pavel/ws_ros2/install/px4_msgs/include/px4_msgs/px4_msgs/msg/unregister_ext_component.hpp\n'}
[5.696681] (px4_msgs) StdoutLine: {'line': b'-- Up-to-date: /home/pavel/ws_ros2/install/px4_msgs/include/px4_msgs/px4_msgs/msg/arming_check_request.hpp\n'}
[5.696729] (px4_msgs) StdoutLine: {'line': b'-- Up-to-date: /home/pavel/ws_ros2/install/px4_msgs/include/px4_msgs/px4_msgs/msg/can_interface_status.hpp\n'}
[5.696777] (px4_msgs) StdoutLine: {'line': b'-- Up-to-date: /home/pavel/ws_ros2/install/px4_msgs/include/px4_msgs/px4_msgs/msg/vehicle_odometry.hpp\n'}
[5.696826] (px4_msgs) StdoutLine: {'line': b'-- Up-to-date: /home/pavel/ws_ros2/install/px4_msgs/include/px4_msgs/px4_msgs/msg/orb_test_large.hpp\n'}
[5.696874] (px4_msgs) StdoutLine: {'line': b'-- Up-to-date: /home/pavel/ws_ros2/install/px4_msgs/include/px4_msgs/px4_msgs/msg/cellular_status.hpp\n'}
[5.696921] (px4_msgs) StdoutLine: {'line': b'-- Up-to-date: /home/pavel/ws_ros2/install/px4_msgs/include/px4_msgs/px4_msgs/msg/manual_control_setpoint.hpp\n'}
[5.696974] (px4_msgs) StdoutLine: {'line': b'-- Up-to-date: /home/pavel/ws_ros2/install/px4_msgs/include/px4_msgs/px4_msgs/msg/vehicle_magnetometer.hpp\n'}
[5.697022] (px4_msgs) StdoutLine: {'line': b'-- Up-to-date: /home/pavel/ws_ros2/install/px4_msgs/include/px4_msgs/px4_msgs/msg/dataman_request.hpp\n'}
[5.697072] (px4_msgs) StdoutLine: {'line': b'-- Up-to-date: /home/pavel/ws_ros2/install/px4_msgs/include/px4_msgs/px4_msgs/msg/tecs_status.hpp\n'}
[5.697120] (px4_msgs) StdoutLine: {'line': b'-- Up-to-date: /home/pavel/ws_ros2/install/px4_msgs/include/px4_msgs/px4_msgs/msg/sensor_selection.hpp\n'}
[5.697167] (px4_msgs) StdoutLine: {'line': b'-- Up-to-date: /home/pavel/ws_ros2/install/px4_msgs/include/px4_msgs/px4_msgs/msg/timesync_status.hpp\n'}
[5.697215] (px4_msgs) StdoutLine: {'line': b'-- Up-to-date: /home/pavel/ws_ros2/install/px4_msgs/include/px4_msgs/px4_msgs/msg/ekf2_timestamps.hpp\n'}
[5.697262] (px4_msgs) StdoutLine: {'line': b'-- Up-to-date: /home/pavel/ws_ros2/install/px4_msgs/include/px4_msgs/px4_msgs/msg/vehicle_local_position.hpp\n'}
[5.697310] (px4_msgs) StdoutLine: {'line': b'-- Up-to-date: /home/pavel/ws_ros2/install/px4_msgs/include/px4_msgs/px4_msgs/msg/vehicle_status.hpp\n'}
[5.697358] (px4_msgs) StdoutLine: {'line': b'-- Up-to-date: /home/pavel/ws_ros2/install/px4_msgs/include/px4_msgs/px4_msgs/msg/magnetometer_bias_estimate.hpp\n'}
[5.697415] (px4_msgs) StdoutLine: {'line': b'-- Up-to-date: /home/pavel/ws_ros2/install/px4_msgs/include/px4_msgs/px4_msgs/msg/vehicle_trajectory_bezier.hpp\n'}
[5.697465] (px4_msgs) StdoutLine: {'line': b'-- Up-to-date: /home/pavel/ws_ros2/install/px4_msgs/include/px4_msgs/px4_msgs/msg/event.hpp\n'}
[5.697513] (px4_msgs) StdoutLine: {'line': b'-- Up-to-date: /home/pavel/ws_ros2/install/px4_msgs/include/px4_msgs/px4_msgs/msg/estimator_bias.hpp\n'}
[5.697561] (px4_msgs) StdoutLine: {'line': b'-- Up-to-date: /home/pavel/ws_ros2/install/px4_msgs/include/px4_msgs/px4_msgs/msg/mission_result.hpp\n'}
[5.697609] (px4_msgs) StdoutLine: {'line': b'-- Up-to-date: /home/pavel/ws_ros2/install/px4_msgs/include/px4_msgs/px4_msgs/msg/vehicle_control_mode.hpp\n'}
[5.697658] (px4_msgs) StdoutLine: {'line': b'-- Up-to-date: /home/pavel/ws_ros2/install/px4_msgs/include/px4_msgs/px4_msgs/msg/gimbal_manager_set_attitude.hpp\n'}
[5.697707] (px4_msgs) StdoutLine: {'line': b'-- Up-to-date: /home/pavel/ws_ros2/install/px4_msgs/include/px4_msgs/px4_msgs\n'}
[5.697768] (px4_msgs) StdoutLine: {'line': b'-- Up-to-date: /home/pavel/ws_ros2/install/px4_msgs/include/px4_msgs/px4_msgs/srv\n'}
[5.697816] (px4_msgs) StdoutLine: {'line': b'-- Up-to-date: /home/pavel/ws_ros2/install/px4_msgs/include/px4_msgs/px4_msgs/srv/detail\n'}
[5.697866] (px4_msgs) StdoutLine: {'line': b'-- Up-to-date: /home/pavel/ws_ros2/install/px4_msgs/include/px4_msgs/px4_msgs/srv/detail/vehicle_command__rosidl_typesupport_fastrtps_cpp.hpp\n'}
[5.697916] (px4_msgs) StdoutLine: {'line': b'-- Up-to-date: /home/pavel/ws_ros2/install/px4_msgs/include/px4_msgs/px4_msgs/srv/detail/dds_fastrtps\n'}
[5.697965] (px4_msgs) StdoutLine: {'line': b'-- Up-to-date: /home/pavel/ws_ros2/install/px4_msgs/include/px4_msgs/px4_msgs/msg\n'}
[5.698013] (px4_msgs) StdoutLine: {'line': b'-- Up-to-date: /home/pavel/ws_ros2/install/px4_msgs/include/px4_msgs/px4_msgs/msg/detail\n'}
[5.698062] (px4_msgs) StdoutLine: {'line': b'-- Up-to-date: /home/pavel/ws_ros2/install/px4_msgs/include/px4_msgs/px4_msgs/msg/detail/sensor_selection__rosidl_typesupport_fastrtps_cpp.hpp\n'}
[5.698111] (px4_msgs) StdoutLine: {'line': b'-- Up-to-date: /home/pavel/ws_ros2/install/px4_msgs/include/px4_msgs/px4_msgs/msg/detail/message_format_response__rosidl_typesupport_fastrtps_cpp.hpp\n'}
[5.698159] (px4_msgs) StdoutLine: {'line': b'-- Up-to-date: /home/pavel/ws_ros2/install/px4_msgs/include/px4_msgs/px4_msgs/msg/detail/camera_trigger__rosidl_typesupport_fastrtps_cpp.hpp\n'}
[5.698207] (px4_msgs) StdoutLine: {'line': b'-- Up-to-date: /home/pavel/ws_ros2/install/px4_msgs/include/px4_msgs/px4_msgs/msg/detail/vehicle_command__rosidl_typesupport_fastrtps_cpp.hpp\n'}
[5.698255] (px4_msgs) StdoutLine: {'line': b'-- Up-to-date: /home/pavel/ws_ros2/install/px4_msgs/include/px4_msgs/px4_msgs/msg/detail/register_ext_component_request__rosidl_typesupport_fastrtps_cpp.hpp\n'}
[5.698304] (px4_msgs) StdoutLine: {'line': b'-- Up-to-date: /home/pavel/ws_ros2/install/px4_msgs/include/px4_msgs/px4_msgs/msg/detail/arming_check_request__rosidl_typesupport_fastrtps_cpp.hpp\n'}
[5.698351] (px4_msgs) StdoutLine: {'line': b'-- Up-to-date: /home/pavel/ws_ros2/install/px4_msgs/include/px4_msgs/px4_msgs/msg/detail/logger_status__rosidl_typesupport_fastrtps_cpp.hpp\n'}
[5.698408] (px4_msgs) StdoutLine: {'line': b'-- Up-to-date: /home/pavel/ws_ros2/install/px4_msgs/include/px4_msgs/px4_msgs/msg/detail/unregister_ext_component__rosidl_typesupport_fastrtps_cpp.hpp\n'}
[5.698460] (px4_msgs) StdoutLine: {'line': b'-- Up-to-date: /home/pavel/ws_ros2/install/px4_msgs/include/px4_msgs/px4_msgs/msg/detail/gimbal_controls__rosidl_typesupport_fastrtps_cpp.hpp\n'}
[5.698508] (px4_msgs) StdoutLine: {'line': b'-- Up-to-date: /home/pavel/ws_ros2/install/px4_msgs/include/px4_msgs/px4_msgs/msg/detail/landing_target_pose__rosidl_typesupport_fastrtps_cpp.hpp\n'}
[5.698556] (px4_msgs) StdoutLine: {'line': b'-- Up-to-date: /home/pavel/ws_ros2/install/px4_msgs/include/px4_msgs/px4_msgs/msg/detail/ulog_stream__rosidl_typesupport_fastrtps_cpp.hpp\n'}
[5.698609] (px4_msgs) StdoutLine: {'line': b'-- Up-to-date: /home/pavel/ws_ros2/install/px4_msgs/include/px4_msgs/px4_msgs/msg/detail/vehicle_magnetometer__rosidl_typesupport_fastrtps_cpp.hpp\n'}
[5.698660] (px4_msgs) StdoutLine: {'line': b'-- Up-to-date: /home/pavel/ws_ros2/install/px4_msgs/include/px4_msgs/px4_msgs/msg/detail/can_interface_status__rosidl_typesupport_fastrtps_cpp.hpp\n'}
[5.698708] (px4_msgs) StdoutLine: {'line': b'-- Up-to-date: /home/pavel/ws_ros2/install/px4_msgs/include/px4_msgs/px4_msgs/msg/detail/estimator_aid_source2d__rosidl_typesupport_fastrtps_cpp.hpp\n'}
[5.698756] (px4_msgs) StdoutLine: {'line': b'-- Up-to-date: /home/pavel/ws_ros2/install/px4_msgs/include/px4_msgs/px4_msgs/msg/detail/sensors_status_imu__rosidl_typesupport_fastrtps_cpp.hpp\n'}
[5.698805] (px4_msgs) StdoutLine: {'line': b'-- Up-to-date: /home/pavel/ws_ros2/install/px4_msgs/include/px4_msgs/px4_msgs/msg/detail/vehicle_attitude_setpoint__rosidl_typesupport_fastrtps_cpp.hpp\n'}
[5.698854] (px4_msgs) StdoutLine: {'line': b'-- Up-to-date: /home/pavel/ws_ros2/install/px4_msgs/include/px4_msgs/px4_msgs/msg/detail/log_message__rosidl_typesupport_fastrtps_cpp.hpp\n'}
[5.698907] (px4_msgs) StdoutLine: {'line': b'-- Up-to-date: /home/pavel/ws_ros2/install/px4_msgs/include/px4_msgs/px4_msgs/msg/detail/vehicle_angular_acceleration_setpoint__rosidl_typesupport_fastrtps_cpp.hpp\n'}
[5.698957] (px4_msgs) StdoutLine: {'line': b'-- Up-to-date: /home/pavel/ws_ros2/install/px4_msgs/include/px4_msgs/px4_msgs/msg/detail/obstacle_distance__rosidl_typesupport_fastrtps_cpp.hpp\n'}
[5.699006] (px4_msgs) StdoutLine: {'line': b'-- Up-to-date: /home/pavel/ws_ros2/install/px4_msgs/include/px4_msgs/px4_msgs/msg/detail/sensor_uwb__rosidl_typesupport_fastrtps_cpp.hpp\n'}
[5.699055] (px4_msgs) StdoutLine: {'line': b'-- Up-to-date: /home/pavel/ws_ros2/install/px4_msgs/include/px4_msgs/px4_msgs/msg/detail/estimator_aid_source1d__rosidl_typesupport_fastrtps_cpp.hpp\n'}
[5.699103] (px4_msgs) StdoutLine: {'line': b'-- Up-to-date: /home/pavel/ws_ros2/install/px4_msgs/include/px4_msgs/px4_msgs/msg/detail/debug_vect__rosidl_typesupport_fastrtps_cpp.hpp\n'}
[5.699152] (px4_msgs) StdoutLine: {'line': b'-- Up-to-date: /home/pavel/ws_ros2/install/px4_msgs/include/px4_msgs/px4_msgs/msg/detail/vehicle_attitude__rosidl_typesupport_fastrtps_cpp.hpp\n'}
[5.699201] (px4_msgs) StdoutLine: {'line': b'-- Up-to-date: /home/pavel/ws_ros2/install/px4_msgs/include/px4_msgs/px4_msgs/msg/detail/parameter_update__rosidl_typesupport_fastrtps_cpp.hpp\n'}
[5.699258] (px4_msgs) StdoutLine: {'line': b'-- Up-to-date: /home/pavel/ws_ros2/install/px4_msgs/include/px4_msgs/px4_msgs/msg/detail/vehicle_trajectory_waypoint__rosidl_typesupport_fastrtps_cpp.hpp\n'}
[5.699306] (px4_msgs) StdoutLine: {'line': b'-- Up-to-date: /home/pavel/ws_ros2/install/px4_msgs/include/px4_msgs/px4_msgs/msg/detail/flight_phase_estimation__rosidl_typesupport_fastrtps_cpp.hpp\n'}
[5.699354] (px4_msgs) StdoutLine: {'line': b'-- Up-to-date: /home/pavel/ws_ros2/install/px4_msgs/include/px4_msgs/px4_msgs/msg/detail/gps_dump__rosidl_typesupport_fastrtps_cpp.hpp\n'}
[5.699412] (px4_msgs) StdoutLine: {'line': b'-- Up-to-date: /home/pavel/ws_ros2/install/px4_msgs/include/px4_msgs/px4_msgs/msg/detail/estimator_selector_status__rosidl_typesupport_fastrtps_cpp.hpp\n'}
[5.699463] (px4_msgs) StdoutLine: {'line': b'-- Up-to-date: /home/pavel/ws_ros2/install/px4_msgs/include/px4_msgs/px4_msgs/msg/detail/sensors_status__rosidl_typesupport_fastrtps_cpp.hpp\n'}
[5.699512] (px4_msgs) StdoutLine: {'line': b'-- Up-to-date: /home/pavel/ws_ros2/install/px4_msgs/include/px4_msgs/px4_msgs/msg/detail/px4io_status__rosidl_typesupport_fastrtps_cpp.hpp\n'}
[5.699560] (px4_msgs) StdoutLine: {'line': b'-- Up-to-date: /home/pavel/ws_ros2/install/px4_msgs/include/px4_msgs/px4_msgs/msg/detail/gimbal_device_attitude_status__rosidl_typesupport_fastrtps_cpp.hpp\n'}
[5.699608] (px4_msgs) StdoutLine: {'line': b'-- Up-to-date: /home/pavel/ws_ros2/install/px4_msgs/include/px4_msgs/px4_msgs/msg/detail/magnetometer_bias_estimate__rosidl_typesupport_fastrtps_cpp.hpp\n'}
[5.699656] (px4_msgs) StdoutLine: {'line': b'-- Up-to-date: /home/pavel/ws_ros2/install/px4_msgs/include/px4_msgs/px4_msgs/msg/detail/vehicle_angular_velocity__rosidl_typesupport_fastrtps_cpp.hpp\n'}
[5.699704] (px4_msgs) StdoutLine: {'line': b'-- Up-to-date: /home/pavel/ws_ros2/install/px4_msgs/include/px4_msgs/px4_msgs/msg/detail/trajectory_bezier__rosidl_typesupport_fastrtps_cpp.hpp\n'}
[5.699752] (px4_msgs) StdoutLine: {'line': b'-- Up-to-date: /home/pavel/ws_ros2/install/px4_msgs/include/px4_msgs/px4_msgs/msg/detail/failsafe_flags__rosidl_typesupport_fastrtps_cpp.hpp\n'}
[5.699817] (px4_msgs) StdoutLine: {'line': b'-- Up-to-date: /home/pavel/ws_ros2/install/px4_msgs/include/px4_msgs/px4_msgs/msg/detail/system_power__rosidl_typesupport_fastrtps_cpp.hpp\n'}
[5.699867] (px4_msgs) StdoutLine: {'line': b'-- Up-to-date: /home/pavel/ws_ros2/install/px4_msgs/include/px4_msgs/px4_msgs/msg/detail/vehicle_odometry__rosidl_typesupport_fastrtps_cpp.hpp\n'}
[5.699921] (px4_msgs) StdoutLine: {'line': b'-- Up-to-date: /home/pavel/ws_ros2/install/px4_msgs/include/px4_msgs/px4_msgs/msg/detail/irlock_report__rosidl_typesupport_fastrtps_cpp.hpp\n'}
[5.699977] (px4_msgs) StdoutLine: {'line': b'-- Up-to-date: /home/pavel/ws_ros2/install/px4_msgs/include/px4_msgs/px4_msgs/msg/detail/tune_control__rosidl_typesupport_fastrtps_cpp.hpp\n'}
[5.700026] (px4_msgs) StdoutLine: {'line': b'-- Up-to-date: /home/pavel/ws_ros2/install/px4_msgs/include/px4_msgs/px4_msgs/msg/detail/iridiumsbd_status__rosidl_typesupport_fastrtps_cpp.hpp\n'}
[5.700074] (px4_msgs) StdoutLine: {'line': b'-- Up-to-date: /home/pavel/ws_ros2/install/px4_msgs/include/px4_msgs/px4_msgs/msg/detail/register_ext_component_reply__rosidl_typesupport_fastrtps_cpp.hpp\n'}
[5.700123] (px4_msgs) StdoutLine: {'line': b'-- Up-to-date: /home/pavel/ws_ros2/install/px4_msgs/include/px4_msgs/px4_msgs/msg/detail/actuator_servos_trim__rosidl_typesupport_fastrtps_cpp.hpp\n'}
[5.700172] (px4_msgs) StdoutLine: {'line': b'-- Up-to-date: /home/pavel/ws_ros2/install/px4_msgs/include/px4_msgs/px4_msgs/msg/detail/estimator_states__rosidl_typesupport_fastrtps_cpp.hpp\n'}
[5.700221] (px4_msgs) StdoutLine: {'line': b'-- Up-to-date: /home/pavel/ws_ros2/install/px4_msgs/include/px4_msgs/px4_msgs/msg/detail/rover_ackermann_guidance_status__rosidl_typesupport_fastrtps_cpp.hpp\n'}
[5.700271] (px4_msgs) StdoutLine: {'line': b'-- Up-to-date: /home/pavel/ws_ros2/install/px4_msgs/include/px4_msgs/px4_msgs/msg/detail/trajectory_setpoint__rosidl_typesupport_fastrtps_cpp.hpp\n'}
[5.700320] (px4_msgs) StdoutLine: {'line': b'-- Up-to-date: /home/pavel/ws_ros2/install/px4_msgs/include/px4_msgs/px4_msgs/msg/detail/follow_target_estimator__rosidl_typesupport_fastrtps_cpp.hpp\n'}
[5.700369] (px4_msgs) StdoutLine: {'line': b'-- Up-to-date: /home/pavel/ws_ros2/install/px4_msgs/include/px4_msgs/px4_msgs/msg/detail/offboard_control_mode__rosidl_typesupport_fastrtps_cpp.hpp\n'}
[5.700427] (px4_msgs) StdoutLine: {'line': b'-- Up-to-date: /home/pavel/ws_ros2/install/px4_msgs/include/px4_msgs/px4_msgs/msg/detail/camera_status__rosidl_typesupport_fastrtps_cpp.hpp\n'}
[5.700477] (px4_msgs) StdoutLine: {'line': b'-- Up-to-date: /home/pavel/ws_ros2/install/px4_msgs/include/px4_msgs/px4_msgs/msg/detail/timesync_status__rosidl_typesupport_fastrtps_cpp.hpp\n'}
[5.700525] (px4_msgs) StdoutLine: {'line': b'-- Up-to-date: /home/pavel/ws_ros2/install/px4_msgs/include/px4_msgs/px4_msgs/msg/detail/transponder_report__rosidl_typesupport_fastrtps_cpp.hpp\n'}
[5.700573] (px4_msgs) StdoutLine: {'line': b'-- Up-to-date: /home/pavel/ws_ros2/install/px4_msgs/include/px4_msgs/px4_msgs/msg/detail/task_stack_info__rosidl_typesupport_fastrtps_cpp.hpp\n'}
[5.700621] (px4_msgs) StdoutLine: {'line': b'-- Up-to-date: /home/pavel/ws_ros2/install/px4_msgs/include/px4_msgs/px4_msgs/msg/detail/cellular_status__rosidl_typesupport_fastrtps_cpp.hpp\n'}
[5.700669] (px4_msgs) StdoutLine: {'line': b'-- Up-to-date: /home/pavel/ws_ros2/install/px4_msgs/include/px4_msgs/px4_msgs/msg/detail/gimbal_manager_information__rosidl_typesupport_fastrtps_cpp.hpp\n'}
[5.700735] (px4_msgs) StdoutLine: {'line': b'-- Up-to-date: /home/pavel/ws_ros2/install/px4_msgs/include/px4_msgs/px4_msgs/msg/detail/sensor_accel_fifo__rosidl_typesupport_fastrtps_cpp.hpp\n'}
[5.700782] (px4_msgs) StdoutLine: {'line': b'-- Up-to-date: /home/pavel/ws_ros2/install/px4_msgs/include/px4_msgs/px4_msgs/msg/detail/estimator_status_flags__rosidl_typesupport_fastrtps_cpp.hpp\n'}
[5.700830] (px4_msgs) StdoutLine: {'line': b'-- Up-to-date: /home/pavel/ws_ros2/install/px4_msgs/include/px4_msgs/px4_msgs/msg/detail/satellite_info__rosidl_typesupport_fastrtps_cpp.hpp\n'}
[5.700877] (px4_msgs) StdoutLine: {'line': b'-- Up-to-date: /home/pavel/ws_ros2/install/px4_msgs/include/px4_msgs/px4_msgs/msg/detail/parameter_set_value_response__rosidl_typesupport_fastrtps_cpp.hpp\n'}
[5.700925] (px4_msgs) StdoutLine: {'line': b'-- Up-to-date: /home/pavel/ws_ros2/install/px4_msgs/include/px4_msgs/px4_msgs/msg/detail/estimator_bias__rosidl_typesupport_fastrtps_cpp.hpp\n'}
[5.700973] (px4_msgs) StdoutLine: {'line': b'-- Up-to-date: /home/pavel/ws_ros2/install/px4_msgs/include/px4_msgs/px4_msgs/msg/detail/rc_channels__rosidl_typesupport_fastrtps_cpp.hpp\n'}
[5.701026] (px4_msgs) StdoutLine: {'line': b'-- Up-to-date: /home/pavel/ws_ros2/install/px4_msgs/include/px4_msgs/px4_msgs/msg/detail/position_controller_landing_status__rosidl_typesupport_fastrtps_cpp.hpp\n'}
[5.701076] (px4_msgs) StdoutLine: {'line': b'-- Up-to-date: /home/pavel/ws_ros2/install/px4_msgs/include/px4_msgs/px4_msgs/msg/detail/gimbal_manager_status__rosidl_typesupport_fastrtps_cpp.hpp\n'}
[5.701124] (px4_msgs) StdoutLine: {'line': b'-- Up-to-date: /home/pavel/ws_ros2/install/px4_msgs/include/px4_msgs/px4_msgs/msg/detail/differential_pressure__rosidl_typesupport_fastrtps_cpp.hpp\n'}
[5.701173] (px4_msgs) StdoutLine: {'line': b'-- Up-to-date: /home/pavel/ws_ros2/install/px4_msgs/include/px4_msgs/px4_msgs/msg/detail/collision_report__rosidl_typesupport_fastrtps_cpp.hpp\n'}
[5.701221] (px4_msgs) StdoutLine: {'line': b'-- Up-to-date: /home/pavel/ws_ros2/install/px4_msgs/include/px4_msgs/px4_msgs/msg/detail/tiltrotor_extra_controls__rosidl_typesupport_fastrtps_cpp.hpp\n'}
[5.701273] (px4_msgs) StdoutLine: {'line': b'-- Up-to-date: /home/pavel/ws_ros2/install/px4_msgs/include/px4_msgs/px4_msgs/msg/detail/autotune_attitude_control_status__rosidl_typesupport_fastrtps_cpp.hpp\n'}
[5.701323] (px4_msgs) StdoutLine: {'line': b'-- Up-to-date: /home/pavel/ws_ros2/install/px4_msgs/include/px4_msgs/px4_msgs/msg/detail/vtol_vehicle_status__rosidl_typesupport_fastrtps_cpp.hpp\n'}
[5.701372] (px4_msgs) StdoutLine: {'line': b'-- Up-to-date: /home/pavel/ws_ros2/install/px4_msgs/include/px4_msgs/px4_msgs/msg/detail/qshell_retval__rosidl_typesupport_fastrtps_cpp.hpp\n'}
[5.701431] (px4_msgs) StdoutLine: {'line': b'-- Up-to-date: /home/pavel/ws_ros2/install/px4_msgs/include/px4_msgs/px4_msgs/msg/detail/vehicle_imu_status__rosidl_typesupport_fastrtps_cpp.hpp\n'}
[5.701480] (px4_msgs) StdoutLine: {'line': b'-- Up-to-date: /home/pavel/ws_ros2/install/px4_msgs/include/px4_msgs/px4_msgs/msg/detail/npfg_status__rosidl_typesupport_fastrtps_cpp.hpp\n'}
[5.701529] (px4_msgs) StdoutLine: {'line': b'-- Up-to-date: /home/pavel/ws_ros2/install/px4_msgs/include/px4_msgs/px4_msgs/msg/detail/sensor_preflight_mag__rosidl_typesupport_fastrtps_cpp.hpp\n'}
[5.701578] (px4_msgs) StdoutLine: {'line': b'-- Up-to-date: /home/pavel/ws_ros2/install/px4_msgs/include/px4_msgs/px4_msgs/msg/detail/esc_status__rosidl_typesupport_fastrtps_cpp.hpp\n'}
[5.701626] (px4_msgs) StdoutLine: {'line': b'-- Up-to-date: /home/pavel/ws_ros2/install/px4_msgs/include/px4_msgs/px4_msgs/msg/detail/debug_key_value__rosidl_typesupport_fastrtps_cpp.hpp\n'}
[5.701675] (px4_msgs) StdoutLine: {'line': b'-- Up-to-date: /home/pavel/ws_ros2/install/px4_msgs/include/px4_msgs/px4_msgs/msg/detail/gimbal_device_information__rosidl_typesupport_fastrtps_cpp.hpp\n'}
[5.701723] (px4_msgs) StdoutLine: {'line': b'-- Up-to-date: /home/pavel/ws_ros2/install/px4_msgs/include/px4_msgs/px4_msgs/msg/detail/failure_detector_status__rosidl_typesupport_fastrtps_cpp.hpp\n'}
[5.701771] (px4_msgs) StdoutLine: {'line': b'-- Up-to-date: /home/pavel/ws_ros2/install/px4_msgs/include/px4_msgs/px4_msgs/msg/detail/follow_target_status__rosidl_typesupport_fastrtps_cpp.hpp\n'}
[5.701819] (px4_msgs) StdoutLine: {'line': b'-- Up-to-date: /home/pavel/ws_ros2/install/px4_msgs/include/px4_msgs/px4_msgs/msg/detail/estimator_status__rosidl_typesupport_fastrtps_cpp.hpp\n'}
[5.701869] (px4_msgs) StdoutLine: {'line': b'-- Up-to-date: /home/pavel/ws_ros2/install/px4_msgs/include/px4_msgs/px4_msgs/msg/detail/pps_capture__rosidl_typesupport_fastrtps_cpp.hpp\n'}
[5.701917] (px4_msgs) StdoutLine: {'line': b'-- Up-to-date: /home/pavel/ws_ros2/install/px4_msgs/include/px4_msgs/px4_msgs/msg/detail/trajectory_waypoint__rosidl_typesupport_fastrtps_cpp.hpp\n'}
[5.701965] (px4_msgs) StdoutLine: {'line': b'-- Up-to-date: /home/pavel/ws_ros2/install/px4_msgs/include/px4_msgs/px4_msgs/msg/detail/gpio_in__rosidl_typesupport_fastrtps_cpp.hpp\n'}
[5.702013] (px4_msgs) StdoutLine: {'line': b'-- Up-to-date: /home/pavel/ws_ros2/install/px4_msgs/include/px4_msgs/px4_msgs/msg/detail/wheel_encoders__rosidl_typesupport_fastrtps_cpp.hpp\n'}
[5.702066] (px4_msgs) StdoutLine: {'line': b'-- Up-to-date: /home/pavel/ws_ros2/install/px4_msgs/include/px4_msgs/px4_msgs/msg/detail/manual_control_setpoint__rosidl_typesupport_fastrtps_cpp.hpp\n'}
[5.702121] (px4_msgs) StdoutLine: {'line': b'-- Up-to-date: /home/pavel/ws_ros2/install/px4_msgs/include/px4_msgs/px4_msgs/msg/detail/config_overrides__rosidl_typesupport_fastrtps_cpp.hpp\n'}
[5.702170] (px4_msgs) StdoutLine: {'line': b'-- Up-to-date: /home/pavel/ws_ros2/install/px4_msgs/include/px4_msgs/px4_msgs/msg/detail/ulog_stream_ack__rosidl_typesupport_fastrtps_cpp.hpp\n'}
[5.702218] (px4_msgs) StdoutLine: {'line': b'-- Up-to-date: /home/pavel/ws_ros2/install/px4_msgs/include/px4_msgs/px4_msgs/msg/detail/battery_status__rosidl_typesupport_fastrtps_cpp.hpp\n'}
[5.702266] (px4_msgs) StdoutLine: {'line': b'-- Up-to-date: /home/pavel/ws_ros2/install/px4_msgs/include/px4_msgs/px4_msgs/msg/detail/vehicle_thrust_setpoint__rosidl_typesupport_fastrtps_cpp.hpp\n'}
[5.702315] (px4_msgs) StdoutLine: {'line': b'-- Up-to-date: /home/pavel/ws_ros2/install/px4_msgs/include/px4_msgs/px4_msgs/msg/detail/mission_result__rosidl_typesupport_fastrtps_cpp.hpp\n'}
[5.702364] (px4_msgs) StdoutLine: {'line': b'-- Up-to-date: /home/pavel/ws_ros2/install/px4_msgs/include/px4_msgs/px4_msgs/msg/detail/sensor_gyro__rosidl_typesupport_fastrtps_cpp.hpp\n'}
[5.702422] (px4_msgs) StdoutLine: {'line': b'-- Up-to-date: /home/pavel/ws_ros2/install/px4_msgs/include/px4_msgs/px4_msgs/msg/detail/mag_worker_data__rosidl_typesupport_fastrtps_cpp.hpp\n'}
[5.702472] (px4_msgs) StdoutLine: {'line': b'-- Up-to-date: /home/pavel/ws_ros2/install/px4_msgs/include/px4_msgs/px4_msgs/msg/detail/parameter_reset_request__rosidl_typesupport_fastrtps_cpp.hpp\n'}
[5.702522] (px4_msgs) StdoutLine: {'line': b'-- Up-to-date: /home/pavel/ws_ros2/install/px4_msgs/include/px4_msgs/px4_msgs/msg/detail/debug_value__rosidl_typesupport_fastrtps_cpp.hpp\n'}
[5.702574] (px4_msgs) StdoutLine: {'line': b'-- Up-to-date: /home/pavel/ws_ros2/install/px4_msgs/include/px4_msgs/px4_msgs/msg/detail/vehicle_air_data__rosidl_typesupport_fastrtps_cpp.hpp\n'}
[5.702624] (px4_msgs) StdoutLine: {'line': b'-- Up-to-date: /home/pavel/ws_ros2/install/px4_msgs/include/px4_msgs/px4_msgs/msg/detail/vehicle_trajectory_bezier__rosidl_typesupport_fastrtps_cpp.hpp\n'}
[5.702673] (px4_msgs) StdoutLine: {'line': b'-- Up-to-date: /home/pavel/ws_ros2/install/px4_msgs/include/px4_msgs/px4_msgs/msg/detail/message_format_request__rosidl_typesupport_fastrtps_cpp.hpp\n'}
[5.702722] (px4_msgs) StdoutLine: {'line': b'-- Up-to-date: /home/pavel/ws_ros2/install/px4_msgs/include/px4_msgs/px4_msgs/msg/detail/vehicle_optical_flow_vel__rosidl_typesupport_fastrtps_cpp.hpp\n'}
[5.702771] (px4_msgs) StdoutLine: {'line': b'-- Up-to-date: /home/pavel/ws_ros2/install/px4_msgs/include/px4_msgs/px4_msgs/msg/detail/takeoff_status__rosidl_typesupport_fastrtps_cpp.hpp\n'}
[5.702820] (px4_msgs) StdoutLine: {'line': b'-- Up-to-date: /home/pavel/ws_ros2/install/px4_msgs/include/px4_msgs/px4_msgs/msg/detail/input_rc__rosidl_typesupport_fastrtps_cpp.hpp\n'}
[5.702868] (px4_msgs) StdoutLine: {'line': b'-- Up-to-date: /home/pavel/ws_ros2/install/px4_msgs/include/px4_msgs/px4_msgs/msg/detail/gimbal_manager_set_manual_control__rosidl_typesupport_fastrtps_cpp.hpp\n'}
[5.702916] (px4_msgs) StdoutLine: {'line': b'-- Up-to-date: /home/pavel/ws_ros2/install/px4_msgs/include/px4_msgs/px4_msgs/msg/detail/vehicle_command_ack__rosidl_typesupport_fastrtps_cpp.hpp\n'}
[5.702964] (px4_msgs) StdoutLine: {'line': b'-- Up-to-date: /home/pavel/ws_ros2/install/px4_msgs/include/px4_msgs/px4_msgs/msg/detail/sensor_hygrometer__rosidl_typesupport_fastrtps_cpp.hpp\n'}
[5.703012] (px4_msgs) StdoutLine: {'line': b'-- Up-to-date: /home/pavel/ws_ros2/install/px4_msgs/include/px4_msgs/px4_msgs/msg/detail/gimbal_manager_set_attitude__rosidl_typesupport_fastrtps_cpp.hpp\n'}
[5.703060] (px4_msgs) StdoutLine: {'line': b'-- Up-to-date: /home/pavel/ws_ros2/install/px4_msgs/include/px4_msgs/px4_msgs/msg/detail/actuator_test__rosidl_typesupport_fastrtps_cpp.hpp\n'}
[5.703113] (px4_msgs) StdoutLine: {'line': b'-- Up-to-date: /home/pavel/ws_ros2/install/px4_msgs/include/px4_msgs/px4_msgs/msg/detail/mode_completed__rosidl_typesupport_fastrtps_cpp.hpp\n'}
[5.703160] (px4_msgs) StdoutLine: {'line': b'-- Up-to-date: /home/pavel/ws_ros2/install/px4_msgs/include/px4_msgs/px4_msgs/msg/detail/goto_setpoint__rosidl_typesupport_fastrtps_cpp.hpp\n'}
[5.703208] (px4_msgs) StdoutLine: {'line': b'-- Up-to-date: /home/pavel/ws_ros2/install/px4_msgs/include/px4_msgs/px4_msgs/msg/detail/vehicle_local_position__rosidl_typesupport_fastrtps_cpp.hpp\n'}
[5.703256] (px4_msgs) StdoutLine: {'line': b'-- Up-to-date: /home/pavel/ws_ros2/install/px4_msgs/include/px4_msgs/px4_msgs/msg/detail/mavlink_tunnel__rosidl_typesupport_fastrtps_cpp.hpp\n'}
[5.703304] (px4_msgs) StdoutLine: {'line': b'-- Up-to-date: /home/pavel/ws_ros2/install/px4_msgs/include/px4_msgs/px4_msgs/msg/detail/power_monitor__rosidl_typesupport_fastrtps_cpp.hpp\n'}
[5.703352] (px4_msgs) StdoutLine: {'line': b'-- Up-to-date: /home/pavel/ws_ros2/install/px4_msgs/include/px4_msgs/px4_msgs/msg/detail/actuator_motors__rosidl_typesupport_fastrtps_cpp.hpp\n'}
[5.703408] (px4_msgs) StdoutLine: {'line': b'-- Up-to-date: /home/pavel/ws_ros2/install/px4_msgs/include/px4_msgs/px4_msgs/msg/detail/collision_constraints__rosidl_typesupport_fastrtps_cpp.hpp\n'}
[5.703461] (px4_msgs) StdoutLine: {'line': b'-- Up-to-date: /home/pavel/ws_ros2/install/px4_msgs/include/px4_msgs/px4_msgs/msg/detail/landing_gear__rosidl_typesupport_fastrtps_cpp.hpp\n'}
[5.703518] (px4_msgs) StdoutLine: {'line': b'-- Up-to-date: /home/pavel/ws_ros2/install/px4_msgs/include/px4_msgs/px4_msgs/msg/detail/arming_check_reply__rosidl_typesupport_fastrtps_cpp.hpp\n'}
[5.703567] (px4_msgs) StdoutLine: {'line': b'-- Up-to-date: /home/pavel/ws_ros2/install/px4_msgs/include/px4_msgs/px4_msgs/msg/detail/position_setpoint_triplet__rosidl_typesupport_fastrtps_cpp.hpp\n'}
[5.703615] (px4_msgs) StdoutLine: {'line': b'-- Up-to-date: /home/pavel/ws_ros2/install/px4_msgs/include/px4_msgs/px4_msgs/msg/detail/sensor_accel__rosidl_typesupport_fastrtps_cpp.hpp\n'}
[5.703664] (px4_msgs) StdoutLine: {'line': b'-- Up-to-date: /home/pavel/ws_ros2/install/px4_msgs/include/px4_msgs/px4_msgs/msg/detail/event__rosidl_typesupport_fastrtps_cpp.hpp\n'}
[5.703712] (px4_msgs) StdoutLine: {'line': b'-- Up-to-date: /home/pavel/ws_ros2/install/px4_msgs/include/px4_msgs/px4_msgs/msg/detail/orb_test_large__rosidl_typesupport_fastrtps_cpp.hpp\n'}
[5.703760] (px4_msgs) StdoutLine: {'line': b'-- Up-to-date: /home/pavel/ws_ros2/install/px4_msgs/include/px4_msgs/px4_msgs/msg/detail/uavcan_parameter_request__rosidl_typesupport_fastrtps_cpp.hpp\n'}
[5.703808] (px4_msgs) StdoutLine: {'line': b'-- Up-to-date: /home/pavel/ws_ros2/install/px4_msgs/include/px4_msgs/px4_msgs/msg/detail/actuator_servos__rosidl_typesupport_fastrtps_cpp.hpp\n'}
[5.703856] (px4_msgs) StdoutLine: {'line': b'-- Up-to-date: /home/pavel/ws_ros2/install/px4_msgs/include/px4_msgs/px4_msgs/msg/detail/gripper__rosidl_typesupport_fastrtps_cpp.hpp\n'}
[5.703909] (px4_msgs) StdoutLine: {'line': b'-- Up-to-date: /home/pavel/ws_ros2/install/px4_msgs/include/px4_msgs/px4_msgs/msg/detail/power_button_state__rosidl_typesupport_fastrtps_cpp.hpp\n'}
[5.703958] (px4_msgs) StdoutLine: {'line': b'-- Up-to-date: /home/pavel/ws_ros2/install/px4_msgs/include/px4_msgs/px4_msgs/msg/detail/generator_status__rosidl_typesupport_fastrtps_cpp.hpp\n'}
[5.704006] (px4_msgs) StdoutLine: {'line': b'-- Up-to-date: /home/pavel/ws_ros2/install/px4_msgs/include/px4_msgs/px4_msgs/msg/detail/onboard_computer_status__rosidl_typesupport_fastrtps_cpp.hpp\n'}
[5.704054] (px4_msgs) StdoutLine: {'line': b'-- Up-to-date: /home/pavel/ws_ros2/install/px4_msgs/include/px4_msgs/px4_msgs/msg/detail/hover_thrust_estimate__rosidl_typesupport_fastrtps_cpp.hpp\n'}
[5.704102] (px4_msgs) StdoutLine: {'line': b'-- Up-to-date: /home/pavel/ws_ros2/install/px4_msgs/include/px4_msgs/px4_msgs/msg/detail/action_request__rosidl_typesupport_fastrtps_cpp.hpp\n'}
[5.704149] (px4_msgs) StdoutLine: {'line': b'-- Up-to-date: /home/pavel/ws_ros2/install/px4_msgs/include/px4_msgs/px4_msgs/msg/detail/mavlink_log__rosidl_typesupport_fastrtps_cpp.hpp\n'}
[5.704202] (px4_msgs) StdoutLine: {'line': b'-- Up-to-date: /home/pavel/ws_ros2/install/px4_msgs/include/px4_msgs/px4_msgs/msg/detail/geofence_result__rosidl_typesupport_fastrtps_cpp.hpp\n'}
[5.704250] (px4_msgs) StdoutLine: {'line': b'-- Up-to-date: /home/pavel/ws_ros2/install/px4_msgs/include/px4_msgs/px4_msgs/msg/detail/dds_fastrtps\n'}
[5.704298] (px4_msgs) StdoutLine: {'line': b'-- Up-to-date: /home/pavel/ws_ros2/install/px4_msgs/include/px4_msgs/px4_msgs/msg/detail/vehicle_imu__rosidl_typesupport_fastrtps_cpp.hpp\n'}
[5.704346] (px4_msgs) StdoutLine: {'line': b'-- Up-to-date: /home/pavel/ws_ros2/install/px4_msgs/include/px4_msgs/px4_msgs/msg/detail/vehicle_optical_flow__rosidl_typesupport_fastrtps_cpp.hpp\n'}
[5.704400] (px4_msgs) StdoutLine: {'line': b'-- Up-to-date: /home/pavel/ws_ros2/install/px4_msgs/include/px4_msgs/px4_msgs/msg/detail/vehicle_land_detected__rosidl_typesupport_fastrtps_cpp.hpp\n'}
[5.704452] (px4_msgs) StdoutLine: {'line': b'-- Up-to-date: /home/pavel/ws_ros2/install/px4_msgs/include/px4_msgs/px4_msgs/msg/detail/normalized_unsigned_setpoint__rosidl_typesupport_fastrtps_cpp.hpp\n'}
[5.704502] (px4_msgs) StdoutLine: {'line': b'-- Up-to-date: /home/pavel/ws_ros2/install/px4_msgs/include/px4_msgs/px4_msgs/msg/detail/sensor_combined__rosidl_typesupport_fastrtps_cpp.hpp\n'}
[5.704550] (px4_msgs) StdoutLine: {'line': b'-- Up-to-date: /home/pavel/ws_ros2/install/px4_msgs/include/px4_msgs/px4_msgs/msg/detail/mount_orientation__rosidl_typesupport_fastrtps_cpp.hpp\n'}
[5.704599] (px4_msgs) StdoutLine: {'line': b'-- Up-to-date: /home/pavel/ws_ros2/install/px4_msgs/include/px4_msgs/px4_msgs/msg/detail/sensor_gyro_fifo__rosidl_typesupport_fastrtps_cpp.hpp\n'}
[5.704647] (px4_msgs) StdoutLine: {'line': b'-- Up-to-date: /home/pavel/ws_ros2/install/px4_msgs/include/px4_msgs/px4_msgs/msg/detail/differential_drive_setpoint__rosidl_typesupport_fastrtps_cpp.hpp\n'}
[5.704695] (px4_msgs) StdoutLine: {'line': b'-- Up-to-date: /home/pavel/ws_ros2/install/px4_msgs/include/px4_msgs/px4_msgs/msg/detail/navigator_mission_item__rosidl_typesupport_fastrtps_cpp.hpp\n'}
[5.704743] (px4_msgs) StdoutLine: {'line': b'-- Up-to-date: /home/pavel/ws_ros2/install/px4_msgs/include/px4_msgs/px4_msgs/msg/detail/landing_target_innovations__rosidl_typesupport_fastrtps_cpp.hpp\n'}
[5.704792] (px4_msgs) StdoutLine: {'line': b'-- Up-to-date: /home/pavel/ws_ros2/install/px4_msgs/include/px4_msgs/px4_msgs/msg/detail/airspeed_validated__rosidl_typesupport_fastrtps_cpp.hpp\n'}
[5.704840] (px4_msgs) StdoutLine: {'line': b'-- Up-to-date: /home/pavel/ws_ros2/install/px4_msgs/include/px4_msgs/px4_msgs/msg/detail/estimator_gps_status__rosidl_typesupport_fastrtps_cpp.hpp\n'}
[5.704888] (px4_msgs) StdoutLine: {'line': b'-- Up-to-date: /home/pavel/ws_ros2/install/px4_msgs/include/px4_msgs/px4_msgs/msg/detail/gpio_config__rosidl_typesupport_fastrtps_cpp.hpp\n'}
[5.704947] (px4_msgs) StdoutLine: {'line': b'-- Up-to-date: /home/pavel/ws_ros2/install/px4_msgs/include/px4_msgs/px4_msgs/msg/detail/sensor_gyro_fft__rosidl_typesupport_fastrtps_cpp.hpp\n'}
[5.704995] (px4_msgs) StdoutLine: {'line': b'-- Up-to-date: /home/pavel/ws_ros2/install/px4_msgs/include/px4_msgs/px4_msgs/msg/detail/dataman_request__rosidl_typesupport_fastrtps_cpp.hpp\n'}
[5.705044] (px4_msgs) StdoutLine: {'line': b'-- Up-to-date: /home/pavel/ws_ros2/install/px4_msgs/include/px4_msgs/px4_msgs/msg/detail/wind__rosidl_typesupport_fastrtps_cpp.hpp\n'}
[5.705092] (px4_msgs) StdoutLine: {'line': b'-- Up-to-date: /home/pavel/ws_ros2/install/px4_msgs/include/px4_msgs/px4_msgs/msg/detail/rate_ctrl_status__rosidl_typesupport_fastrtps_cpp.hpp\n'}
[5.705140] (px4_msgs) StdoutLine: {'line': b'-- Up-to-date: /home/pavel/ws_ros2/install/px4_msgs/include/px4_msgs/px4_msgs/msg/detail/rc_parameter_map__rosidl_typesupport_fastrtps_cpp.hpp\n'}
[5.705188] (px4_msgs) StdoutLine: {'line': b'-- Up-to-date: /home/pavel/ws_ros2/install/px4_msgs/include/px4_msgs/px4_msgs/msg/detail/orb_test__rosidl_typesupport_fastrtps_cpp.hpp\n'}
[5.705261] (px4_msgs) StdoutLine: {'line': b'-- Up-to-date: /home/pavel/ws_ros2/install/px4_msgs/include/px4_msgs/px4_msgs/msg/detail/tecs_status__rosidl_typesupport_fastrtps_cpp.hpp\n'}
[5.705309] (px4_msgs) StdoutLine: {'line': b'-- Up-to-date: /home/pavel/ws_ros2/install/px4_msgs/include/px4_msgs/px4_msgs/msg/detail/parameter_set_used_request__rosidl_typesupport_fastrtps_cpp.hpp\n'}
[5.705357] (px4_msgs) StdoutLine: {'line': b'-- Up-to-date: /home/pavel/ws_ros2/install/px4_msgs/include/px4_msgs/px4_msgs/msg/detail/ping__rosidl_typesupport_fastrtps_cpp.hpp\n'}
[5.705414] (px4_msgs) StdoutLine: {'line': b'-- Up-to-date: /home/pavel/ws_ros2/install/px4_msgs/include/px4_msgs/px4_msgs/msg/detail/radio_status__rosidl_typesupport_fastrtps_cpp.hpp\n'}
[5.705464] (px4_msgs) StdoutLine: {'line': b'-- Up-to-date: /home/pavel/ws_ros2/install/px4_msgs/include/px4_msgs/px4_msgs/msg/detail/geofence_status__rosidl_typesupport_fastrtps_cpp.hpp\n'}
[5.705512] (px4_msgs) StdoutLine: {'line': b'-- Up-to-date: /home/pavel/ws_ros2/install/px4_msgs/include/px4_msgs/px4_msgs/msg/detail/dataman_response__rosidl_typesupport_fastrtps_cpp.hpp\n'}
[5.705559] (px4_msgs) StdoutLine: {'line': b'-- Up-to-date: /home/pavel/ws_ros2/install/px4_msgs/include/px4_msgs/px4_msgs/msg/detail/debug_array__rosidl_typesupport_fastrtps_cpp.hpp\n'}
[5.705607] (px4_msgs) StdoutLine: {'line': b'-- Up-to-date: /home/pavel/ws_ros2/install/px4_msgs/include/px4_msgs/px4_msgs/msg/detail/gpio_out__rosidl_typesupport_fastrtps_cpp.hpp\n'}
[5.705654] (px4_msgs) StdoutLine: {'line': b'-- Up-to-date: /home/pavel/ws_ros2/install/px4_msgs/include/px4_msgs/px4_msgs/msg/detail/qshell_req__rosidl_typesupport_fastrtps_cpp.hpp\n'}
[5.705702] (px4_msgs) StdoutLine: {'line': b'-- Up-to-date: /home/pavel/ws_ros2/install/px4_msgs/include/px4_msgs/px4_msgs/msg/detail/parameter_set_value_request__rosidl_typesupport_fastrtps_cpp.hpp\n'}
[5.705750] (px4_msgs) StdoutLine: {'line': b'-- Up-to-date: /home/pavel/ws_ros2/install/px4_msgs/include/px4_msgs/px4_msgs/msg/detail/adc_report__rosidl_typesupport_fastrtps_cpp.hpp\n'}
[5.705798] (px4_msgs) StdoutLine: {'line': b'-- Up-to-date: /home/pavel/ws_ros2/install/px4_msgs/include/px4_msgs/px4_msgs/msg/detail/velocity_limits__rosidl_typesupport_fastrtps_cpp.hpp\n'}
[5.705847] (px4_msgs) StdoutLine: {'line': b'-- Up-to-date: /home/pavel/ws_ros2/install/px4_msgs/include/px4_msgs/px4_msgs/msg/detail/estimator_sensor_bias__rosidl_typesupport_fastrtps_cpp.hpp\n'}
[5.705895] (px4_msgs) StdoutLine: {'line': b'-- Up-to-date: /home/pavel/ws_ros2/install/px4_msgs/include/px4_msgs/px4_msgs/msg/detail/internal_combustion_engine_status__rosidl_typesupport_fastrtps_cpp.hpp\n'}
[5.705944] (px4_msgs) StdoutLine: {'line': b'-- Up-to-date: /home/pavel/ws_ros2/install/px4_msgs/include/px4_msgs/px4_msgs/msg/detail/rtl_status__rosidl_typesupport_fastrtps_cpp.hpp\n'}
[5.705993] (px4_msgs) StdoutLine: {'line': b'-- Up-to-date: /home/pavel/ws_ros2/install/px4_msgs/include/px4_msgs/px4_msgs/msg/detail/sensor_baro__rosidl_typesupport_fastrtps_cpp.hpp\n'}
[5.706042] (px4_msgs) StdoutLine: {'line': b'-- Up-to-date: /home/pavel/ws_ros2/install/px4_msgs/include/px4_msgs/px4_msgs/msg/detail/vehicle_constraints__rosidl_typesupport_fastrtps_cpp.hpp\n'}
[5.706091] (px4_msgs) StdoutLine: {'line': b'-- Up-to-date: /home/pavel/ws_ros2/install/px4_msgs/include/px4_msgs/px4_msgs/msg/detail/telemetry_status__rosidl_typesupport_fastrtps_cpp.hpp\n'}
[5.706139] (px4_msgs) StdoutLine: {'line': b'-- Up-to-date: /home/pavel/ws_ros2/install/px4_msgs/include/px4_msgs/px4_msgs/msg/detail/home_position__rosidl_typesupport_fastrtps_cpp.hpp\n'}
[5.706187] (px4_msgs) StdoutLine: {'line': b'-- Up-to-date: /home/pavel/ws_ros2/install/px4_msgs/include/px4_msgs/px4_msgs/msg/detail/gimbal_device_set_attitude__rosidl_typesupport_fastrtps_cpp.hpp\n'}
[5.706235] (px4_msgs) StdoutLine: {'line': b'-- Up-to-date: /home/pavel/ws_ros2/install/px4_msgs/include/px4_msgs/px4_msgs/msg/detail/yaw_estimator_status__rosidl_typesupport_fastrtps_cpp.hpp\n'}
[5.706288] (px4_msgs) StdoutLine: {'line': b'-- Up-to-date: /home/pavel/ws_ros2/install/px4_msgs/include/px4_msgs/px4_msgs/msg/detail/distance_sensor__rosidl_typesupport_fastrtps_cpp.hpp\n'}
[5.706336] (px4_msgs) StdoutLine: {'line': b'-- Up-to-date: /home/pavel/ws_ros2/install/px4_msgs/include/px4_msgs/px4_msgs/msg/detail/estimator_aid_source3d__rosidl_typesupport_fastrtps_cpp.hpp\n'}
[5.706404] (px4_msgs) StdoutLine: {'line': b'-- Up-to-date: /home/pavel/ws_ros2/install/px4_msgs/include/px4_msgs/px4_msgs/msg/detail/sensor_airflow__rosidl_typesupport_fastrtps_cpp.hpp\n'}
[5.706457] (px4_msgs) StdoutLine: {'line': b'-- Up-to-date: /home/pavel/ws_ros2/install/px4_msgs/include/px4_msgs/px4_msgs/msg/detail/sensor_gps__rosidl_typesupport_fastrtps_cpp.hpp\n'}
[5.706506] (px4_msgs) StdoutLine: {'line': b'-- Up-to-date: /home/pavel/ws_ros2/install/px4_msgs/include/px4_msgs/px4_msgs/msg/detail/buffer128__rosidl_typesupport_fastrtps_cpp.hpp\n'}
[5.706554] (px4_msgs) StdoutLine: {'line': b'-- Up-to-date: /home/pavel/ws_ros2/install/px4_msgs/include/px4_msgs/px4_msgs/msg/detail/landing_gear_wheel__rosidl_typesupport_fastrtps_cpp.hpp\n'}
[5.706607] (px4_msgs) StdoutLine: {'line': b'-- Up-to-date: /home/pavel/ws_ros2/install/px4_msgs/include/px4_msgs/px4_msgs/msg/detail/cpuload__rosidl_typesupport_fastrtps_cpp.hpp\n'}
[5.706656] (px4_msgs) StdoutLine: {'line': b'-- Up-to-date: /home/pavel/ws_ros2/install/px4_msgs/include/px4_msgs/px4_msgs/msg/detail/button_event__rosidl_typesupport_fastrtps_cpp.hpp\n'}
[5.706704] (px4_msgs) StdoutLine: {'line': b'-- Up-to-date: /home/pavel/ws_ros2/install/px4_msgs/include/px4_msgs/px4_msgs/msg/detail/camera_capture__rosidl_typesupport_fastrtps_cpp.hpp\n'}
[5.706752] (px4_msgs) StdoutLine: {'line': b'-- Up-to-date: /home/pavel/ws_ros2/install/px4_msgs/include/px4_msgs/px4_msgs/msg/detail/vehicle_torque_setpoint__rosidl_typesupport_fastrtps_cpp.hpp\n'}
[5.706800] (px4_msgs) StdoutLine: {'line': b'-- Up-to-date: /home/pavel/ws_ros2/install/px4_msgs/include/px4_msgs/px4_msgs/msg/detail/estimator_event_flags__rosidl_typesupport_fastrtps_cpp.hpp\n'}
[5.706849] (px4_msgs) StdoutLine: {'line': b'-- Up-to-date: /home/pavel/ws_ros2/install/px4_msgs/include/px4_msgs/px4_msgs/msg/detail/manual_control_switches__rosidl_typesupport_fastrtps_cpp.hpp\n'}
[5.706898] (px4_msgs) StdoutLine: {'line': b'-- Up-to-date: /home/pavel/ws_ros2/install/px4_msgs/include/px4_msgs/px4_msgs/msg/detail/launch_detection_status__rosidl_typesupport_fastrtps_cpp.hpp\n'}
[5.706946] (px4_msgs) StdoutLine: {'line': b'-- Up-to-date: /home/pavel/ws_ros2/install/px4_msgs/include/px4_msgs/px4_msgs/msg/detail/pwm_input__rosidl_typesupport_fastrtps_cpp.hpp\n'}
[5.706994] (px4_msgs) StdoutLine: {'line': b'-- Up-to-date: /home/pavel/ws_ros2/install/px4_msgs/include/px4_msgs/px4_msgs/msg/detail/uavcan_parameter_value__rosidl_typesupport_fastrtps_cpp.hpp\n'}
[5.707043] (px4_msgs) StdoutLine: {'line': b'-- Up-to-date: /home/pavel/ws_ros2/install/px4_msgs/include/px4_msgs/px4_msgs/msg/detail/led_control__rosidl_typesupport_fastrtps_cpp.hpp\n'}
[5.707091] (px4_msgs) StdoutLine: {'line': b'-- Up-to-date: /home/pavel/ws_ros2/install/px4_msgs/include/px4_msgs/px4_msgs/msg/detail/vehicle_acceleration__rosidl_typesupport_fastrtps_cpp.hpp\n'}
[5.707140] (px4_msgs) StdoutLine: {'line': b'-- Up-to-date: /home/pavel/ws_ros2/install/px4_msgs/include/px4_msgs/px4_msgs/msg/detail/sensor_correction__rosidl_typesupport_fastrtps_cpp.hpp\n'}
[5.707199] (px4_msgs) StdoutLine: {'line': b'-- Up-to-date: /home/pavel/ws_ros2/install/px4_msgs/include/px4_msgs/px4_msgs/msg/detail/sensor_optical_flow__rosidl_typesupport_fastrtps_cpp.hpp\n'}
[5.707290] (px4_msgs) StdoutLine: {'line': b'-- Up-to-date: /home/pavel/ws_ros2/install/px4_msgs/include/px4_msgs/px4_msgs/msg/detail/fuel_tank_status__rosidl_typesupport_fastrtps_cpp.hpp\n'}
[5.707472] (px4_msgs) StdoutLine: {'line': b'-- Up-to-date: /home/pavel/ws_ros2/install/px4_msgs/include/px4_msgs/px4_msgs/msg/detail/vehicle_roi__rosidl_typesupport_fastrtps_cpp.hpp\n'}
[5.707556] (px4_msgs) StdoutLine: {'line': b'-- Up-to-date: /home/pavel/ws_ros2/install/px4_msgs/include/px4_msgs/px4_msgs/msg/detail/rpm__rosidl_typesupport_fastrtps_cpp.hpp\n'}
[5.707619] (px4_msgs) StdoutLine: {'line': b'-- Up-to-date: /home/pavel/ws_ros2/install/px4_msgs/include/px4_msgs/px4_msgs/msg/detail/position_setpoint__rosidl_typesupport_fastrtps_cpp.hpp\n'}
[5.707672] (px4_msgs) StdoutLine: {'line': b'-- Up-to-date: /home/pavel/ws_ros2/install/px4_msgs/include/px4_msgs/px4_msgs/msg/detail/actuator_armed__rosidl_typesupport_fastrtps_cpp.hpp\n'}
[5.707723] (px4_msgs) StdoutLine: {'line': b'-- Up-to-date: /home/pavel/ws_ros2/install/px4_msgs/include/px4_msgs/px4_msgs/msg/detail/health_report__rosidl_typesupport_fastrtps_cpp.hpp\n'}
[5.707773] (px4_msgs) StdoutLine: {'line': b'-- Up-to-date: /home/pavel/ws_ros2/install/px4_msgs/include/px4_msgs/px4_msgs/msg/detail/estimator_bias3d__rosidl_typesupport_fastrtps_cpp.hpp\n'}
[5.707823] (px4_msgs) StdoutLine: {'line': b'-- Up-to-date: /home/pavel/ws_ros2/install/px4_msgs/include/px4_msgs/px4_msgs/msg/detail/orbit_status__rosidl_typesupport_fastrtps_cpp.hpp\n'}
[5.707872] (px4_msgs) StdoutLine: {'line': b'-- Up-to-date: /home/pavel/ws_ros2/install/px4_msgs/include/px4_msgs/px4_msgs/msg/detail/vehicle_control_mode__rosidl_typesupport_fastrtps_cpp.hpp\n'}
[5.707921] (px4_msgs) StdoutLine: {'line': b'-- Up-to-date: /home/pavel/ws_ros2/install/px4_msgs/include/px4_msgs/px4_msgs/msg/detail/actuator_controls_status__rosidl_typesupport_fastrtps_cpp.hpp\n'}
[5.707970] (px4_msgs) StdoutLine: {'line': b'-- Up-to-date: /home/pavel/ws_ros2/install/px4_msgs/include/px4_msgs/px4_msgs/msg/detail/vehicle_status__rosidl_typesupport_fastrtps_cpp.hpp\n'}
[5.708028] (px4_msgs) StdoutLine: {'line': b'-- Up-to-date: /home/pavel/ws_ros2/install/px4_msgs/include/px4_msgs/px4_msgs/msg/detail/vehicle_local_position_setpoint__rosidl_typesupport_fastrtps_cpp.hpp\n'}
[5.708076] (px4_msgs) StdoutLine: {'line': b'-- Up-to-date: /home/pavel/ws_ros2/install/px4_msgs/include/px4_msgs/px4_msgs/msg/detail/control_allocator_status__rosidl_typesupport_fastrtps_cpp.hpp\n'}
[5.708124] (px4_msgs) StdoutLine: {'line': b'-- Up-to-date: /home/pavel/ws_ros2/install/px4_msgs/include/px4_msgs/px4_msgs/msg/detail/airspeed_wind__rosidl_typesupport_fastrtps_cpp.hpp\n'}
[5.708176] (px4_msgs) StdoutLine: {'line': b'-- Up-to-date: /home/pavel/ws_ros2/install/px4_msgs/include/px4_msgs/px4_msgs/msg/detail/estimator_innovations__rosidl_typesupport_fastrtps_cpp.hpp\n'}
[5.708225] (px4_msgs) StdoutLine: {'line': b'-- Up-to-date: /home/pavel/ws_ros2/install/px4_msgs/include/px4_msgs/px4_msgs/msg/detail/vehicle_rates_setpoint__rosidl_typesupport_fastrtps_cpp.hpp\n'}
[5.708276] (px4_msgs) StdoutLine: {'line': b'-- Up-to-date: /home/pavel/ws_ros2/install/px4_msgs/include/px4_msgs/px4_msgs/msg/detail/gpio_request__rosidl_typesupport_fastrtps_cpp.hpp\n'}
[5.708324] (px4_msgs) StdoutLine: {'line': b'-- Up-to-date: /home/pavel/ws_ros2/install/px4_msgs/include/px4_msgs/px4_msgs/msg/detail/airspeed__rosidl_typesupport_fastrtps_cpp.hpp\n'}
[5.708372] (px4_msgs) StdoutLine: {'line': b'-- Up-to-date: /home/pavel/ws_ros2/install/px4_msgs/include/px4_msgs/px4_msgs/msg/detail/vehicle_global_position__rosidl_typesupport_fastrtps_cpp.hpp\n'}
[5.708432] (px4_msgs) StdoutLine: {'line': b'-- Up-to-date: /home/pavel/ws_ros2/install/px4_msgs/include/px4_msgs/px4_msgs/msg/detail/ekf2_timestamps__rosidl_typesupport_fastrtps_cpp.hpp\n'}
[5.708481] (px4_msgs) StdoutLine: {'line': b'-- Up-to-date: /home/pavel/ws_ros2/install/px4_msgs/include/px4_msgs/px4_msgs/msg/detail/position_controller_status__rosidl_typesupport_fastrtps_cpp.hpp\n'}
[5.708530] (px4_msgs) StdoutLine: {'line': b'-- Up-to-date: /home/pavel/ws_ros2/install/px4_msgs/include/px4_msgs/px4_msgs/msg/detail/mission__rosidl_typesupport_fastrtps_cpp.hpp\n'}
[5.708578] (px4_msgs) StdoutLine: {'line': b'-- Up-to-date: /home/pavel/ws_ros2/install/px4_msgs/include/px4_msgs/px4_msgs/msg/detail/orb_test_medium__rosidl_typesupport_fastrtps_cpp.hpp\n'}
[5.708628] (px4_msgs) StdoutLine: {'line': b'-- Up-to-date: /home/pavel/ws_ros2/install/px4_msgs/include/px4_msgs/px4_msgs/msg/detail/figure_eight_status__rosidl_typesupport_fastrtps_cpp.hpp\n'}
[5.708684] (px4_msgs) StdoutLine: {'line': b'-- Up-to-date: /home/pavel/ws_ros2/install/px4_msgs/include/px4_msgs/px4_msgs/msg/detail/rtl_time_estimate__rosidl_typesupport_fastrtps_cpp.hpp\n'}
[5.708733] (px4_msgs) StdoutLine: {'line': b'-- Up-to-date: /home/pavel/ws_ros2/install/px4_msgs/include/px4_msgs/px4_msgs/msg/detail/actuator_outputs__rosidl_typesupport_fastrtps_cpp.hpp\n'}
[5.708782] (px4_msgs) StdoutLine: {'line': b'-- Up-to-date: /home/pavel/ws_ros2/install/px4_msgs/include/px4_msgs/px4_msgs/msg/detail/sensor_gnss_relative__rosidl_typesupport_fastrtps_cpp.hpp\n'}
[5.708831] (px4_msgs) StdoutLine: {'line': b'-- Up-to-date: /home/pavel/ws_ros2/install/px4_msgs/include/px4_msgs/px4_msgs/msg/detail/esc_report__rosidl_typesupport_fastrtps_cpp.hpp\n'}
[5.708880] (px4_msgs) StdoutLine: {'line': b'-- Up-to-date: /home/pavel/ws_ros2/install/px4_msgs/include/px4_msgs/px4_msgs/msg/detail/follow_target__rosidl_typesupport_fastrtps_cpp.hpp\n'}
[5.708929] (px4_msgs) StdoutLine: {'line': b'-- Up-to-date: /home/pavel/ws_ros2/install/px4_msgs/include/px4_msgs/px4_msgs/msg/detail/heater_status__rosidl_typesupport_fastrtps_cpp.hpp\n'}
[5.708979] (px4_msgs) StdoutLine: {'line': b'-- Up-to-date: /home/pavel/ws_ros2/install/px4_msgs/include/px4_msgs/px4_msgs/msg/detail/gps_inject_data__rosidl_typesupport_fastrtps_cpp.hpp\n'}
[5.709028] (px4_msgs) StdoutLine: {'line': b'-- Up-to-date: /home/pavel/ws_ros2/install/px4_msgs/include/px4_msgs/px4_msgs/msg/detail/sensor_mag__rosidl_typesupport_fastrtps_cpp.hpp\n'}
[5.709078] (px4_msgs) StdoutLine: {'line': b'-- Up-to-date: /home/pavel/ws_ros2/install/px4_msgs/include/px4_msgs/px4_msgs/msg/rosidl_typesupport_fastrtps_cpp__visibility_control.h\n'}
[5.709128] (px4_msgs) StdoutLine: {'line': b'-- Up-to-date: /home/pavel/ws_ros2/install/px4_msgs/lib/libpx4_msgs__rosidl_typesupport_fastrtps_cpp.so\n'}
[5.709177] (px4_msgs) StdoutLine: {'line': b'-- Up-to-date: /home/pavel/ws_ros2/install/px4_msgs/include/px4_msgs/px4_msgs\n'}
[5.709226] (px4_msgs) StdoutLine: {'line': b'-- Up-to-date: /home/pavel/ws_ros2/install/px4_msgs/include/px4_msgs/px4_msgs/srv\n'}
[5.709274] (px4_msgs) StdoutLine: {'line': b'-- Up-to-date: /home/pavel/ws_ros2/install/px4_msgs/include/px4_msgs/px4_msgs/srv/detail\n'}
[5.709322] (px4_msgs) StdoutLine: {'line': b'-- Up-to-date: /home/pavel/ws_ros2/install/px4_msgs/include/px4_msgs/px4_msgs/srv/detail/vehicle_command__rosidl_typesupport_introspection_c.h\n'}
[5.709371] (px4_msgs) StdoutLine: {'line': b'-- Up-to-date: /home/pavel/ws_ros2/install/px4_msgs/include/px4_msgs/px4_msgs/srv/detail/vehicle_command__type_support.c\n'}
[5.709430] (px4_msgs) StdoutLine: {'line': b'-- Up-to-date: /home/pavel/ws_ros2/install/px4_msgs/include/px4_msgs/px4_msgs/msg\n'}
[5.709479] (px4_msgs) StdoutLine: {'line': b'-- Up-to-date: /home/pavel/ws_ros2/install/px4_msgs/include/px4_msgs/px4_msgs/msg/detail\n'}
[5.709527] (px4_msgs) StdoutLine: {'line': b'-- Up-to-date: /home/pavel/ws_ros2/install/px4_msgs/include/px4_msgs/px4_msgs/msg/detail/gimbal_controls__type_support.c\n'}
[5.709583] (px4_msgs) StdoutLine: {'line': b'-- Up-to-date: /home/pavel/ws_ros2/install/px4_msgs/include/px4_msgs/px4_msgs/msg/detail/vehicle_attitude_setpoint__rosidl_typesupport_introspection_c.h\n'}
[5.709636] (px4_msgs) StdoutLine: {'line': b'-- Up-to-date: /home/pavel/ws_ros2/install/px4_msgs/include/px4_msgs/px4_msgs/msg/detail/gimbal_manager_information__rosidl_typesupport_introspection_c.h\n'}
[5.709686] (px4_msgs) StdoutLine: {'line': b'-- Up-to-date: /home/pavel/ws_ros2/install/px4_msgs/include/px4_msgs/px4_msgs/msg/detail/failsafe_flags__rosidl_typesupport_introspection_c.h\n'}
[5.709735] (px4_msgs) StdoutLine: {'line': b'-- Up-to-date: /home/pavel/ws_ros2/install/px4_msgs/include/px4_msgs/px4_msgs/msg/detail/actuator_test__rosidl_typesupport_introspection_c.h\n'}
[5.709783] (px4_msgs) StdoutLine: {'line': b'-- Up-to-date: /home/pavel/ws_ros2/install/px4_msgs/include/px4_msgs/px4_msgs/msg/detail/landing_gear__type_support.c\n'}
[5.709839] (px4_msgs) StdoutLine: {'line': b'-- Up-to-date: /home/pavel/ws_ros2/install/px4_msgs/include/px4_msgs/px4_msgs/msg/detail/trajectory_bezier__rosidl_typesupport_introspection_c.h\n'}
[5.709947] (px4_msgs) StdoutLine: {'line': b'-- Up-to-date: /home/pavel/ws_ros2/install/px4_msgs/include/px4_msgs/px4_msgs/msg/detail/goto_setpoint__type_support.c\n'}
[5.709996] (px4_msgs) StdoutLine: {'line': b'-- Up-to-date: /home/pavel/ws_ros2/install/px4_msgs/include/px4_msgs/px4_msgs/msg/detail/sensor_accel_fifo__type_support.c\n'}
[5.710044] (px4_msgs) StdoutLine: {'line': b'-- Up-to-date: /home/pavel/ws_ros2/install/px4_msgs/include/px4_msgs/px4_msgs/msg/detail/qshell_retval__type_support.c\n'}
[5.710092] (px4_msgs) StdoutLine: {'line': b'-- Up-to-date: /home/pavel/ws_ros2/install/px4_msgs/include/px4_msgs/px4_msgs/msg/detail/estimator_bias3d__type_support.c\n'}
[5.710141] (px4_msgs) StdoutLine: {'line': b'-- Up-to-date: /home/pavel/ws_ros2/install/px4_msgs/include/px4_msgs/px4_msgs/msg/detail/generator_status__rosidl_typesupport_introspection_c.h\n'}
[5.710189] (px4_msgs) StdoutLine: {'line': b'-- Up-to-date: /home/pavel/ws_ros2/install/px4_msgs/include/px4_msgs/px4_msgs/msg/detail/sensor_preflight_mag__type_support.c\n'}
[5.710238] (px4_msgs) StdoutLine: {'line': b'-- Up-to-date: /home/pavel/ws_ros2/install/px4_msgs/include/px4_msgs/px4_msgs/msg/detail/geofence_result__rosidl_typesupport_introspection_c.h\n'}
[5.710288] (px4_msgs) StdoutLine: {'line': b'-- Up-to-date: /home/pavel/ws_ros2/install/px4_msgs/include/px4_msgs/px4_msgs/msg/detail/sensor_gps__type_support.c\n'}
[5.710336] (px4_msgs) StdoutLine: {'line': b'-- Up-to-date: /home/pavel/ws_ros2/install/px4_msgs/include/px4_msgs/px4_msgs/msg/detail/vehicle_roi__rosidl_typesupport_introspection_c.h\n'}
[5.710389] (px4_msgs) StdoutLine: {'line': b'-- Up-to-date: /home/pavel/ws_ros2/install/px4_msgs/include/px4_msgs/px4_msgs/msg/detail/vehicle_global_position__type_support.c\n'}
[5.710444] (px4_msgs) StdoutLine: {'line': b'-- Up-to-date: /home/pavel/ws_ros2/install/px4_msgs/include/px4_msgs/px4_msgs/msg/detail/orb_test__type_support.c\n'}
[5.710494] (px4_msgs) StdoutLine: {'line': b'-- Up-to-date: /home/pavel/ws_ros2/install/px4_msgs/include/px4_msgs/px4_msgs/msg/detail/gimbal_controls__rosidl_typesupport_introspection_c.h\n'}
[5.710542] (px4_msgs) StdoutLine: {'line': b'-- Up-to-date: /home/pavel/ws_ros2/install/px4_msgs/include/px4_msgs/px4_msgs/msg/detail/sensors_status__rosidl_typesupport_introspection_c.h\n'}
[5.710591] (px4_msgs) StdoutLine: {'line': b'-- Up-to-date: /home/pavel/ws_ros2/install/px4_msgs/include/px4_msgs/px4_msgs/msg/detail/takeoff_status__rosidl_typesupport_introspection_c.h\n'}
[5.710640] (px4_msgs) StdoutLine: {'line': b'-- Up-to-date: /home/pavel/ws_ros2/install/px4_msgs/include/px4_msgs/px4_msgs/msg/detail/magnetometer_bias_estimate__type_support.c\n'}
[5.710688] (px4_msgs) StdoutLine: {'line': b'-- Up-to-date: /home/pavel/ws_ros2/install/px4_msgs/include/px4_msgs/px4_msgs/msg/detail/logger_status__rosidl_typesupport_introspection_c.h\n'}
[5.710738] (px4_msgs) StdoutLine: {'line': b'-- Up-to-date: /home/pavel/ws_ros2/install/px4_msgs/include/px4_msgs/px4_msgs/msg/detail/register_ext_component_request__type_support.c\n'}
[5.710786] (px4_msgs) StdoutLine: {'line': b'-- Up-to-date: /home/pavel/ws_ros2/install/px4_msgs/include/px4_msgs/px4_msgs/msg/detail/satellite_info__type_support.c\n'}
[5.710833] (px4_msgs) StdoutLine: {'line': b'-- Up-to-date: /home/pavel/ws_ros2/install/px4_msgs/include/px4_msgs/px4_msgs/msg/detail/input_rc__type_support.c\n'}
[5.710881] (px4_msgs) StdoutLine: {'line': b'-- Up-to-date: /home/pavel/ws_ros2/install/px4_msgs/include/px4_msgs/px4_msgs/msg/detail/estimator_event_flags__rosidl_typesupport_introspection_c.h\n'}
[5.710929] (px4_msgs) StdoutLine: {'line': b'-- Up-to-date: /home/pavel/ws_ros2/install/px4_msgs/include/px4_msgs/px4_msgs/msg/detail/qshell_req__rosidl_typesupport_introspection_c.h\n'}
[5.710976] (px4_msgs) StdoutLine: {'line': b'-- Up-to-date: /home/pavel/ws_ros2/install/px4_msgs/include/px4_msgs/px4_msgs/msg/detail/arming_check_reply__rosidl_typesupport_introspection_c.h\n'}
[5.711030] (px4_msgs) StdoutLine: {'line': b'-- Up-to-date: /home/pavel/ws_ros2/install/px4_msgs/include/px4_msgs/px4_msgs/msg/detail/can_interface_status__type_support.c\n'}
[5.711078] (px4_msgs) StdoutLine: {'line': b'-- Up-to-date: /home/pavel/ws_ros2/install/px4_msgs/include/px4_msgs/px4_msgs/msg/detail/manual_control_setpoint__rosidl_typesupport_introspection_c.h\n'}
[5.711130] (px4_msgs) StdoutLine: {'line': b'-- Up-to-date: /home/pavel/ws_ros2/install/px4_msgs/include/px4_msgs/px4_msgs/msg/detail/gpio_out__rosidl_typesupport_introspection_c.h\n'}
[5.711186] (px4_msgs) StdoutLine: {'line': b'-- Up-to-date: /home/pavel/ws_ros2/install/px4_msgs/include/px4_msgs/px4_msgs/msg/detail/dataman_response__type_support.c\n'}
[5.711234] (px4_msgs) StdoutLine: {'line': b'-- Up-to-date: /home/pavel/ws_ros2/install/px4_msgs/include/px4_msgs/px4_msgs/msg/detail/vehicle_thrust_setpoint__rosidl_typesupport_introspection_c.h\n'}
[5.711283] (px4_msgs) StdoutLine: {'line': b'-- Up-to-date: /home/pavel/ws_ros2/install/px4_msgs/include/px4_msgs/px4_msgs/msg/detail/tecs_status__type_support.c\n'}
[5.711332] (px4_msgs) StdoutLine: {'line': b'-- Up-to-date: /home/pavel/ws_ros2/install/px4_msgs/include/px4_msgs/px4_msgs/msg/detail/estimator_sensor_bias__type_support.c\n'}
[5.711385] (px4_msgs) StdoutLine: {'line': b'-- Up-to-date: /home/pavel/ws_ros2/install/px4_msgs/include/px4_msgs/px4_msgs/msg/detail/dataman_response__rosidl_typesupport_introspection_c.h\n'}
[5.711441] (px4_msgs) StdoutLine: {'line': b'-- Up-to-date: /home/pavel/ws_ros2/install/px4_msgs/include/px4_msgs/px4_msgs/msg/detail/vehicle_imu__type_support.c\n'}
[5.711490] (px4_msgs) StdoutLine: {'line': b'-- Up-to-date: /home/pavel/ws_ros2/install/px4_msgs/include/px4_msgs/px4_msgs/msg/detail/camera_status__type_support.c\n'}
[5.711540] (px4_msgs) StdoutLine: {'line': b'-- Up-to-date: /home/pavel/ws_ros2/install/px4_msgs/include/px4_msgs/px4_msgs/msg/detail/position_setpoint_triplet__rosidl_typesupport_introspection_c.h\n'}
[5.711588] (px4_msgs) StdoutLine: {'line': b'-- Up-to-date: /home/pavel/ws_ros2/install/px4_msgs/include/px4_msgs/px4_msgs/msg/detail/config_overrides__type_support.c\n'}
[5.711636] (px4_msgs) StdoutLine: {'line': b'-- Up-to-date: /home/pavel/ws_ros2/install/px4_msgs/include/px4_msgs/px4_msgs/msg/detail/sensor_baro__rosidl_typesupport_introspection_c.h\n'}
[5.711684] (px4_msgs) StdoutLine: {'line': b'-- Up-to-date: /home/pavel/ws_ros2/install/px4_msgs/include/px4_msgs/px4_msgs/msg/detail/parameter_update__type_support.c\n'}
[5.711750] (px4_msgs) StdoutLine: {'line': b'-- Up-to-date: /home/pavel/ws_ros2/install/px4_msgs/include/px4_msgs/px4_msgs/msg/detail/mount_orientation__rosidl_typesupport_introspection_c.h\n'}
[5.711803] (px4_msgs) StdoutLine: {'line': b'-- Up-to-date: /home/pavel/ws_ros2/install/px4_msgs/include/px4_msgs/px4_msgs/msg/detail/wheel_encoders__type_support.c\n'}
[5.711854] (px4_msgs) StdoutLine: {'line': b'-- Up-to-date: /home/pavel/ws_ros2/install/px4_msgs/include/px4_msgs/px4_msgs/msg/detail/mavlink_log__type_support.c\n'}
[5.711998] (-) TimerEvent: {}
[5.712083] (px4_msgs) StdoutLine: {'line': b'-- Up-to-date: /home/pavel/ws_ros2/install/px4_msgs/include/px4_msgs/px4_msgs/msg/detail/vehicle_local_position_setpoint__type_support.c\n'}
[5.712151] (px4_msgs) StdoutLine: {'line': b'-- Up-to-date: /home/pavel/ws_ros2/install/px4_msgs/include/px4_msgs/px4_msgs/msg/detail/estimator_states__type_support.c\n'}
[5.712205] (px4_msgs) StdoutLine: {'line': b'-- Up-to-date: /home/pavel/ws_ros2/install/px4_msgs/include/px4_msgs/px4_msgs/msg/detail/pwm_input__rosidl_typesupport_introspection_c.h\n'}
[5.712257] (px4_msgs) StdoutLine: {'line': b'-- Up-to-date: /home/pavel/ws_ros2/install/px4_msgs/include/px4_msgs/px4_msgs/msg/detail/trajectory_bezier__type_support.c\n'}
[5.712308] (px4_msgs) StdoutLine: {'line': b'-- Up-to-date: /home/pavel/ws_ros2/install/px4_msgs/include/px4_msgs/px4_msgs/msg/detail/rate_ctrl_status__type_support.c\n'}
[5.712359] (px4_msgs) StdoutLine: {'line': b'-- Up-to-date: /home/pavel/ws_ros2/install/px4_msgs/include/px4_msgs/px4_msgs/msg/detail/sensor_uwb__rosidl_typesupport_introspection_c.h\n'}
[5.712429] (px4_msgs) StdoutLine: {'line': b'-- Up-to-date: /home/pavel/ws_ros2/install/px4_msgs/include/px4_msgs/px4_msgs/msg/detail/sensor_gyro_fifo__rosidl_typesupport_introspection_c.h\n'}
[5.712481] (px4_msgs) StdoutLine: {'line': b'-- Up-to-date: /home/pavel/ws_ros2/install/px4_msgs/include/px4_msgs/px4_msgs/msg/detail/gimbal_manager_status__type_support.c\n'}
[5.712531] (px4_msgs) StdoutLine: {'line': b'-- Up-to-date: /home/pavel/ws_ros2/install/px4_msgs/include/px4_msgs/px4_msgs/msg/detail/control_allocator_status__type_support.c\n'}
[5.712676] (px4_msgs) StdoutLine: {'line': b'-- Up-to-date: /home/pavel/ws_ros2/install/px4_msgs/include/px4_msgs/px4_msgs/msg/detail/sensor_optical_flow__type_support.c\n'}
[5.712741] (px4_msgs) StdoutLine: {'line': b'-- Up-to-date: /home/pavel/ws_ros2/install/px4_msgs/include/px4_msgs/px4_msgs/msg/detail/input_rc__rosidl_typesupport_introspection_c.h\n'}
[5.712797] (px4_msgs) StdoutLine: {'line': b'-- Up-to-date: /home/pavel/ws_ros2/install/px4_msgs/include/px4_msgs/px4_msgs/msg/detail/register_ext_component_reply__rosidl_typesupport_introspection_c.h\n'}
[5.712848] (px4_msgs) StdoutLine: {'line': b'-- Up-to-date: /home/pavel/ws_ros2/install/px4_msgs/include/px4_msgs/px4_msgs/msg/detail/vehicle_trajectory_waypoint__rosidl_typesupport_introspection_c.h\n'}
[5.712898] (px4_msgs) StdoutLine: {'line': b'-- Up-to-date: /home/pavel/ws_ros2/install/px4_msgs/include/px4_msgs/px4_msgs/msg/detail/power_button_state__rosidl_typesupport_introspection_c.h\n'}
[5.712954] (px4_msgs) StdoutLine: {'line': b'-- Up-to-date: /home/pavel/ws_ros2/install/px4_msgs/include/px4_msgs/px4_msgs/msg/detail/vehicle_control_mode__type_support.c\n'}
[5.713004] (px4_msgs) StdoutLine: {'line': b'-- Up-to-date: /home/pavel/ws_ros2/install/px4_msgs/include/px4_msgs/px4_msgs/msg/detail/vehicle_air_data__type_support.c\n'}
[5.713053] (px4_msgs) StdoutLine: {'line': b'-- Up-to-date: /home/pavel/ws_ros2/install/px4_msgs/include/px4_msgs/px4_msgs/msg/detail/rtl_time_estimate__rosidl_typesupport_introspection_c.h\n'}
[5.713186] (px4_msgs) StdoutLine: {'line': b'-- Up-to-date: /home/pavel/ws_ros2/install/px4_msgs/include/px4_msgs/px4_msgs/msg/detail/vehicle_angular_velocity__type_support.c\n'}
[5.713260] (px4_msgs) StdoutLine: {'line': b'-- Up-to-date: /home/pavel/ws_ros2/install/px4_msgs/include/px4_msgs/px4_msgs/msg/detail/gpio_in__type_support.c\n'}
[5.713316] (px4_msgs) StdoutLine: {'line': b'-- Up-to-date: /home/pavel/ws_ros2/install/px4_msgs/include/px4_msgs/px4_msgs/msg/detail/airspeed_validated__type_support.c\n'}
[5.713368] (px4_msgs) StdoutLine: {'line': b'-- Up-to-date: /home/pavel/ws_ros2/install/px4_msgs/include/px4_msgs/px4_msgs/msg/detail/failsafe_flags__type_support.c\n'}
[5.713431] (px4_msgs) StdoutLine: {'line': b'-- Up-to-date: /home/pavel/ws_ros2/install/px4_msgs/include/px4_msgs/px4_msgs/msg/detail/actuator_outputs__rosidl_typesupport_introspection_c.h\n'}
[5.713484] (px4_msgs) StdoutLine: {'line': b'-- Up-to-date: /home/pavel/ws_ros2/install/px4_msgs/include/px4_msgs/px4_msgs/msg/detail/actuator_servos_trim__rosidl_typesupport_introspection_c.h\n'}
[5.713534] (px4_msgs) StdoutLine: {'line': b'-- Up-to-date: /home/pavel/ws_ros2/install/px4_msgs/include/px4_msgs/px4_msgs/msg/detail/collision_report__type_support.c\n'}
[5.713583] (px4_msgs) StdoutLine: {'line': b'-- Up-to-date: /home/pavel/ws_ros2/install/px4_msgs/include/px4_msgs/px4_msgs/msg/detail/vehicle_trajectory_waypoint__type_support.c\n'}
[5.713634] (px4_msgs) StdoutLine: {'line': b'-- Up-to-date: /home/pavel/ws_ros2/install/px4_msgs/include/px4_msgs/px4_msgs/msg/detail/airspeed__type_support.c\n'}
[5.713685] (px4_msgs) StdoutLine: {'line': b'-- Up-to-date: /home/pavel/ws_ros2/install/px4_msgs/include/px4_msgs/px4_msgs/msg/detail/hover_thrust_estimate__type_support.c\n'}
[5.713737] (px4_msgs) StdoutLine: {'line': b'-- Up-to-date: /home/pavel/ws_ros2/install/px4_msgs/include/px4_msgs/px4_msgs/msg/detail/qshell_req__type_support.c\n'}
[5.713794] (px4_msgs) StdoutLine: {'line': b'-- Up-to-date: /home/pavel/ws_ros2/install/px4_msgs/include/px4_msgs/px4_msgs/msg/detail/message_format_request__rosidl_typesupport_introspection_c.h\n'}
[5.713847] (px4_msgs) StdoutLine: {'line': b'-- Up-to-date: /home/pavel/ws_ros2/install/px4_msgs/include/px4_msgs/px4_msgs/msg/detail/ulog_stream_ack__rosidl_typesupport_introspection_c.h\n'}
[5.713901] (px4_msgs) StdoutLine: {'line': b'-- Up-to-date: /home/pavel/ws_ros2/install/px4_msgs/include/px4_msgs/px4_msgs/msg/detail/actuator_motors__rosidl_typesupport_introspection_c.h\n'}
[5.713956] (px4_msgs) StdoutLine: {'line': b'-- Up-to-date: /home/pavel/ws_ros2/install/px4_msgs/include/px4_msgs/px4_msgs/msg/detail/geofence_result__type_support.c\n'}
[5.714009] (px4_msgs) StdoutLine: {'line': b'-- Up-to-date: /home/pavel/ws_ros2/install/px4_msgs/include/px4_msgs/px4_msgs/msg/detail/obstacle_distance__rosidl_typesupport_introspection_c.h\n'}
[5.714063] (px4_msgs) StdoutLine: {'line': b'-- Up-to-date: /home/pavel/ws_ros2/install/px4_msgs/include/px4_msgs/px4_msgs/msg/detail/debug_value__type_support.c\n'}
[5.714116] (px4_msgs) StdoutLine: {'line': b'-- Up-to-date: /home/pavel/ws_ros2/install/px4_msgs/include/px4_msgs/px4_msgs/msg/detail/actuator_outputs__type_support.c\n'}
[5.714170] (px4_msgs) StdoutLine: {'line': b'-- Up-to-date: /home/pavel/ws_ros2/install/px4_msgs/include/px4_msgs/px4_msgs/msg/detail/estimator_bias__type_support.c\n'}
[5.714224] (px4_msgs) StdoutLine: {'line': b'-- Up-to-date: /home/pavel/ws_ros2/install/px4_msgs/include/px4_msgs/px4_msgs/msg/detail/task_stack_info__rosidl_typesupport_introspection_c.h\n'}
[5.714278] (px4_msgs) StdoutLine: {'line': b'-- Up-to-date: /home/pavel/ws_ros2/install/px4_msgs/include/px4_msgs/px4_msgs/msg/detail/log_message__type_support.c\n'}
[5.714333] (px4_msgs) StdoutLine: {'line': b'-- Up-to-date: /home/pavel/ws_ros2/install/px4_msgs/include/px4_msgs/px4_msgs/msg/detail/pps_capture__type_support.c\n'}
[5.714391] (px4_msgs) StdoutLine: {'line': b'-- Up-to-date: /home/pavel/ws_ros2/install/px4_msgs/include/px4_msgs/px4_msgs/msg/detail/sensors_status_imu__rosidl_typesupport_introspection_c.h\n'}
[5.714481] (px4_msgs) StdoutLine: {'line': b'-- Up-to-date: /home/pavel/ws_ros2/install/px4_msgs/include/px4_msgs/px4_msgs/msg/detail/vehicle_torque_setpoint__rosidl_typesupport_introspection_c.h\n'}
[5.714532] (px4_msgs) StdoutLine: {'line': b'-- Up-to-date: /home/pavel/ws_ros2/install/px4_msgs/include/px4_msgs/px4_msgs/msg/detail/vehicle_status__rosidl_typesupport_introspection_c.h\n'}
[5.714595] (px4_msgs) StdoutLine: {'line': b'-- Up-to-date: /home/pavel/ws_ros2/install/px4_msgs/include/px4_msgs/px4_msgs/msg/detail/estimator_event_flags__type_support.c\n'}
[5.714650] (px4_msgs) StdoutLine: {'line': b'-- Up-to-date: /home/pavel/ws_ros2/install/px4_msgs/include/px4_msgs/px4_msgs/msg/detail/vehicle_command_ack__rosidl_typesupport_introspection_c.h\n'}
[5.714700] (px4_msgs) StdoutLine: {'line': b'-- Up-to-date: /home/pavel/ws_ros2/install/px4_msgs/include/px4_msgs/px4_msgs/msg/detail/transponder_report__type_support.c\n'}
[5.714748] (px4_msgs) StdoutLine: {'line': b'-- Up-to-date: /home/pavel/ws_ros2/install/px4_msgs/include/px4_msgs/px4_msgs/msg/detail/follow_target_status__type_support.c\n'}
[5.714797] (px4_msgs) StdoutLine: {'line': b'-- Up-to-date: /home/pavel/ws_ros2/install/px4_msgs/include/px4_msgs/px4_msgs/msg/detail/actuator_test__type_support.c\n'}
[5.714845] (px4_msgs) StdoutLine: {'line': b'-- Up-to-date: /home/pavel/ws_ros2/install/px4_msgs/include/px4_msgs/px4_msgs/msg/detail/npfg_status__rosidl_typesupport_introspection_c.h\n'}
[5.714903] (px4_msgs) StdoutLine: {'line': b'-- Up-to-date: /home/pavel/ws_ros2/install/px4_msgs/include/px4_msgs/px4_msgs/msg/detail/landing_target_innovations__rosidl_typesupport_introspection_c.h\n'}
[5.714953] (px4_msgs) StdoutLine: {'line': b'-- Up-to-date: /home/pavel/ws_ros2/install/px4_msgs/include/px4_msgs/px4_msgs/msg/detail/position_setpoint_triplet__type_support.c\n'}
[5.715002] (px4_msgs) StdoutLine: {'line': b'-- Up-to-date: /home/pavel/ws_ros2/install/px4_msgs/include/px4_msgs/px4_msgs/msg/detail/landing_target_innovations__type_support.c\n'}
[5.715061] (px4_msgs) StdoutLine: {'line': b'-- Up-to-date: /home/pavel/ws_ros2/install/px4_msgs/include/px4_msgs/px4_msgs/msg/detail/sensor_accel__rosidl_typesupport_introspection_c.h\n'}
[5.715115] (px4_msgs) StdoutLine: {'line': b'-- Up-to-date: /home/pavel/ws_ros2/install/px4_msgs/include/px4_msgs/px4_msgs/msg/detail/buffer128__rosidl_typesupport_introspection_c.h\n'}
[5.715170] (px4_msgs) StdoutLine: {'line': b'-- Up-to-date: /home/pavel/ws_ros2/install/px4_msgs/include/px4_msgs/px4_msgs/msg/detail/actuator_servos_trim__type_support.c\n'}
[5.715224] (px4_msgs) StdoutLine: {'line': b'-- Up-to-date: /home/pavel/ws_ros2/install/px4_msgs/include/px4_msgs/px4_msgs/msg/detail/trajectory_waypoint__rosidl_typesupport_introspection_c.h\n'}
[5.715278] (px4_msgs) StdoutLine: {'line': b'-- Up-to-date: /home/pavel/ws_ros2/install/px4_msgs/include/px4_msgs/px4_msgs/msg/detail/follow_target_status__rosidl_typesupport_introspection_c.h\n'}
[5.715333] (px4_msgs) StdoutLine: {'line': b'-- Up-to-date: /home/pavel/ws_ros2/install/px4_msgs/include/px4_msgs/px4_msgs/msg/detail/launch_detection_status__type_support.c\n'}
[5.715409] (px4_msgs) StdoutLine: {'line': b'-- Up-to-date: /home/pavel/ws_ros2/install/px4_msgs/include/px4_msgs/px4_msgs/msg/detail/position_controller_status__type_support.c\n'}
[5.715478] (px4_msgs) StdoutLine: {'line': b'-- Up-to-date: /home/pavel/ws_ros2/install/px4_msgs/include/px4_msgs/px4_msgs/msg/detail/geofence_status__type_support.c\n'}
[5.715527] (px4_msgs) StdoutLine: {'line': b'-- Up-to-date: /home/pavel/ws_ros2/install/px4_msgs/include/px4_msgs/px4_msgs/msg/detail/sensor_gyro_fft__type_support.c\n'}
[5.715582] (px4_msgs) StdoutLine: {'line': b'-- Up-to-date: /home/pavel/ws_ros2/install/px4_msgs/include/px4_msgs/px4_msgs/msg/detail/differential_pressure__type_support.c\n'}
[5.715636] (px4_msgs) StdoutLine: {'line': b'-- Up-to-date: /home/pavel/ws_ros2/install/px4_msgs/include/px4_msgs/px4_msgs/msg/detail/vehicle_attitude__rosidl_typesupport_introspection_c.h\n'}
[5.715691] (px4_msgs) StdoutLine: {'line': b'-- Up-to-date: /home/pavel/ws_ros2/install/px4_msgs/include/px4_msgs/px4_msgs/msg/detail/camera_status__rosidl_typesupport_introspection_c.h\n'}
[5.715745] (px4_msgs) StdoutLine: {'line': b'-- Up-to-date: /home/pavel/ws_ros2/install/px4_msgs/include/px4_msgs/px4_msgs/msg/detail/gps_dump__rosidl_typesupport_introspection_c.h\n'}
[5.715812] (px4_msgs) StdoutLine: {'line': b'-- Up-to-date: /home/pavel/ws_ros2/install/px4_msgs/include/px4_msgs/px4_msgs/msg/detail/sensor_selection__rosidl_typesupport_introspection_c.h\n'}
[5.715863] (px4_msgs) StdoutLine: {'line': b'-- Up-to-date: /home/pavel/ws_ros2/install/px4_msgs/include/px4_msgs/px4_msgs/msg/detail/gripper__rosidl_typesupport_introspection_c.h\n'}
[5.715912] (px4_msgs) StdoutLine: {'line': b'-- Up-to-date: /home/pavel/ws_ros2/install/px4_msgs/include/px4_msgs/px4_msgs/msg/detail/gimbal_manager_set_attitude__type_support.c\n'}
[5.715961] (px4_msgs) StdoutLine: {'line': b'-- Up-to-date: /home/pavel/ws_ros2/install/px4_msgs/include/px4_msgs/px4_msgs/msg/detail/estimator_aid_source1d__rosidl_typesupport_introspection_c.h\n'}
[5.716012] (px4_msgs) StdoutLine: {'line': b'-- Up-to-date: /home/pavel/ws_ros2/install/px4_msgs/include/px4_msgs/px4_msgs/msg/detail/sensor_correction__type_support.c\n'}
[5.716066] (px4_msgs) StdoutLine: {'line': b'-- Up-to-date: /home/pavel/ws_ros2/install/px4_msgs/include/px4_msgs/px4_msgs/msg/detail/esc_report__rosidl_typesupport_introspection_c.h\n'}
[5.716121] (px4_msgs) StdoutLine: {'line': b'-- Up-to-date: /home/pavel/ws_ros2/install/px4_msgs/include/px4_msgs/px4_msgs/msg/detail/rtl_time_estimate__type_support.c\n'}
[5.716175] (px4_msgs) StdoutLine: {'line': b'-- Up-to-date: /home/pavel/ws_ros2/install/px4_msgs/include/px4_msgs/px4_msgs/msg/detail/sensor_gyro_fft__rosidl_typesupport_introspection_c.h\n'}
[5.716244] (px4_msgs) StdoutLine: {'line': b'-- Up-to-date: /home/pavel/ws_ros2/install/px4_msgs/include/px4_msgs/px4_msgs/msg/detail/differential_drive_setpoint__rosidl_typesupport_introspection_c.h\n'}
[5.716303] (px4_msgs) StdoutLine: {'line': b'-- Up-to-date: /home/pavel/ws_ros2/install/px4_msgs/include/px4_msgs/px4_msgs/msg/detail/manual_control_setpoint__type_support.c\n'}
[5.716352] (px4_msgs) StdoutLine: {'line': b'-- Up-to-date: /home/pavel/ws_ros2/install/px4_msgs/include/px4_msgs/px4_msgs/msg/detail/flight_phase_estimation__type_support.c\n'}
[5.716410] (px4_msgs) StdoutLine: {'line': b'-- Up-to-date: /home/pavel/ws_ros2/install/px4_msgs/include/px4_msgs/px4_msgs/msg/detail/timesync_status__rosidl_typesupport_introspection_c.h\n'}
[5.716477] (px4_msgs) StdoutLine: {'line': b'-- Up-to-date: /home/pavel/ws_ros2/install/px4_msgs/include/px4_msgs/px4_msgs/msg/detail/differential_pressure__rosidl_typesupport_introspection_c.h\n'}
[5.716527] (px4_msgs) StdoutLine: {'line': b'-- Up-to-date: /home/pavel/ws_ros2/install/px4_msgs/include/px4_msgs/px4_msgs/msg/detail/parameter_set_value_response__type_support.c\n'}
[5.716584] (px4_msgs) StdoutLine: {'line': b'-- Up-to-date: /home/pavel/ws_ros2/install/px4_msgs/include/px4_msgs/px4_msgs/msg/detail/ulog_stream__rosidl_typesupport_introspection_c.h\n'}
[5.716634] (px4_msgs) StdoutLine: {'line': b'-- Up-to-date: /home/pavel/ws_ros2/install/px4_msgs/include/px4_msgs/px4_msgs/msg/detail/led_control__rosidl_typesupport_introspection_c.h\n'}
[5.716694] (px4_msgs) StdoutLine: {'line': b'-- Up-to-date: /home/pavel/ws_ros2/install/px4_msgs/include/px4_msgs/px4_msgs/msg/detail/heater_status__rosidl_typesupport_introspection_c.h\n'}
[5.716744] (px4_msgs) StdoutLine: {'line': b'-- Up-to-date: /home/pavel/ws_ros2/install/px4_msgs/include/px4_msgs/px4_msgs/msg/detail/gimbal_manager_set_manual_control__type_support.c\n'}
[5.716792] (px4_msgs) StdoutLine: {'line': b'-- Up-to-date: /home/pavel/ws_ros2/install/px4_msgs/include/px4_msgs/px4_msgs/msg/detail/ping__type_support.c\n'}
[5.716841] (px4_msgs) StdoutLine: {'line': b'-- Up-to-date: /home/pavel/ws_ros2/install/px4_msgs/include/px4_msgs/px4_msgs/msg/detail/rate_ctrl_status__rosidl_typesupport_introspection_c.h\n'}
[5.716890] (px4_msgs) StdoutLine: {'line': b'-- Up-to-date: /home/pavel/ws_ros2/install/px4_msgs/include/px4_msgs/px4_msgs/msg/detail/parameter_update__rosidl_typesupport_introspection_c.h\n'}
[5.716952] (px4_msgs) StdoutLine: {'line': b'-- Up-to-date: /home/pavel/ws_ros2/install/px4_msgs/include/px4_msgs/px4_msgs/msg/detail/vehicle_land_detected__rosidl_typesupport_introspection_c.h\n'}
[5.717001] (px4_msgs) StdoutLine: {'line': b'-- Up-to-date: /home/pavel/ws_ros2/install/px4_msgs/include/px4_msgs/px4_msgs/msg/detail/health_report__type_support.c\n'}
[5.717049] (px4_msgs) StdoutLine: {'line': b'-- Up-to-date: /home/pavel/ws_ros2/install/px4_msgs/include/px4_msgs/px4_msgs/msg/detail/rpm__type_support.c\n'}
[5.717098] (px4_msgs) StdoutLine: {'line': b'-- Up-to-date: /home/pavel/ws_ros2/install/px4_msgs/include/px4_msgs/px4_msgs/msg/detail/vehicle_optical_flow_vel__type_support.c\n'}
[5.717146] (px4_msgs) StdoutLine: {'line': b'-- Up-to-date: /home/pavel/ws_ros2/install/px4_msgs/include/px4_msgs/px4_msgs/msg/detail/vehicle_constraints__rosidl_typesupport_introspection_c.h\n'}
[5.717194] (px4_msgs) StdoutLine: {'line': b'-- Up-to-date: /home/pavel/ws_ros2/install/px4_msgs/include/px4_msgs/px4_msgs/msg/detail/event__type_support.c\n'}
[5.717242] (px4_msgs) StdoutLine: {'line': b'-- Up-to-date: /home/pavel/ws_ros2/install/px4_msgs/include/px4_msgs/px4_msgs/msg/detail/px4io_status__rosidl_typesupport_introspection_c.h\n'}
[5.717296] (px4_msgs) StdoutLine: {'line': b'-- Up-to-date: /home/pavel/ws_ros2/install/px4_msgs/include/px4_msgs/px4_msgs/msg/detail/landing_gear_wheel__type_support.c\n'}
[5.717370] (px4_msgs) StdoutLine: {'line': b'-- Up-to-date: /home/pavel/ws_ros2/install/px4_msgs/include/px4_msgs/px4_msgs/msg/detail/led_control__type_support.c\n'}
[5.717434] (px4_msgs) StdoutLine: {'line': b'-- Up-to-date: /home/pavel/ws_ros2/install/px4_msgs/include/px4_msgs/px4_msgs/msg/detail/gimbal_device_attitude_status__type_support.c\n'}
[5.717490] (px4_msgs) StdoutLine: {'line': b'-- Up-to-date: /home/pavel/ws_ros2/install/px4_msgs/include/px4_msgs/px4_msgs/msg/detail/sensor_selection__type_support.c\n'}
[5.717538] (px4_msgs) StdoutLine: {'line': b'-- Up-to-date: /home/pavel/ws_ros2/install/px4_msgs/include/px4_msgs/px4_msgs/msg/detail/vehicle_attitude__type_support.c\n'}
[5.717586] (px4_msgs) StdoutLine: {'line': b'-- Up-to-date: /home/pavel/ws_ros2/install/px4_msgs/include/px4_msgs/px4_msgs/msg/detail/battery_status__type_support.c\n'}
[5.717634] (px4_msgs) StdoutLine: {'line': b'-- Up-to-date: /home/pavel/ws_ros2/install/px4_msgs/include/px4_msgs/px4_msgs/msg/detail/sensors_status_imu__type_support.c\n'}
[5.717683] (px4_msgs) StdoutLine: {'line': b'-- Up-to-date: /home/pavel/ws_ros2/install/px4_msgs/include/px4_msgs/px4_msgs/msg/detail/mode_completed__type_support.c\n'}
[5.717733] (px4_msgs) StdoutLine: {'line': b'-- Up-to-date: /home/pavel/ws_ros2/install/px4_msgs/include/px4_msgs/px4_msgs/msg/detail/debug_vect__type_support.c\n'}
[5.717809] (px4_msgs) StdoutLine: {'line': b'-- Up-to-date: /home/pavel/ws_ros2/install/px4_msgs/include/px4_msgs/px4_msgs/msg/detail/gpio_config__type_support.c\n'}
[5.717860] (px4_msgs) StdoutLine: {'line': b'-- Up-to-date: /home/pavel/ws_ros2/install/px4_msgs/include/px4_msgs/px4_msgs/msg/detail/landing_gear_wheel__rosidl_typesupport_introspection_c.h\n'}
[5.717909] (px4_msgs) StdoutLine: {'line': b'-- Up-to-date: /home/pavel/ws_ros2/install/px4_msgs/include/px4_msgs/px4_msgs/msg/detail/landing_target_pose__type_support.c\n'}
[5.717961] (px4_msgs) StdoutLine: {'line': b'-- Up-to-date: /home/pavel/ws_ros2/install/px4_msgs/include/px4_msgs/px4_msgs/msg/detail/gimbal_manager_set_attitude__rosidl_typesupport_introspection_c.h\n'}
[5.718016] (px4_msgs) StdoutLine: {'line': b'-- Up-to-date: /home/pavel/ws_ros2/install/px4_msgs/include/px4_msgs/px4_msgs/msg/detail/unregister_ext_component__rosidl_typesupport_introspection_c.h\n'}
[5.718070] (px4_msgs) StdoutLine: {'line': b'-- Up-to-date: /home/pavel/ws_ros2/install/px4_msgs/include/px4_msgs/px4_msgs/msg/detail/estimator_sensor_bias__rosidl_typesupport_introspection_c.h\n'}
[5.718125] (px4_msgs) StdoutLine: {'line': b'-- Up-to-date: /home/pavel/ws_ros2/install/px4_msgs/include/px4_msgs/px4_msgs/msg/detail/mavlink_tunnel__rosidl_typesupport_introspection_c.h\n'}
[5.718179] (px4_msgs) StdoutLine: {'line': b'-- Up-to-date: /home/pavel/ws_ros2/install/px4_msgs/include/px4_msgs/px4_msgs/msg/detail/telemetry_status__type_support.c\n'}
[5.718257] (px4_msgs) StdoutLine: {'line': b'-- Up-to-date: /home/pavel/ws_ros2/install/px4_msgs/include/px4_msgs/px4_msgs/msg/detail/debug_key_value__rosidl_typesupport_introspection_c.h\n'}
[5.718307] (px4_msgs) StdoutLine: {'line': b'-- Up-to-date: /home/pavel/ws_ros2/install/px4_msgs/include/px4_msgs/px4_msgs/msg/detail/cpuload__rosidl_typesupport_introspection_c.h\n'}
[5.718355] (px4_msgs) StdoutLine: {'line': b'-- Up-to-date: /home/pavel/ws_ros2/install/px4_msgs/include/px4_msgs/px4_msgs/msg/detail/sensor_accel_fifo__rosidl_typesupport_introspection_c.h\n'}
[5.718413] (px4_msgs) StdoutLine: {'line': b'-- Up-to-date: /home/pavel/ws_ros2/install/px4_msgs/include/px4_msgs/px4_msgs/msg/detail/vehicle_optical_flow__type_support.c\n'}
[5.718477] (px4_msgs) StdoutLine: {'line': b'-- Up-to-date: /home/pavel/ws_ros2/install/px4_msgs/include/px4_msgs/px4_msgs/msg/detail/collision_constraints__type_support.c\n'}
[5.718528] (px4_msgs) StdoutLine: {'line': b'-- Up-to-date: /home/pavel/ws_ros2/install/px4_msgs/include/px4_msgs/px4_msgs/msg/detail/gimbal_device_information__rosidl_typesupport_introspection_c.h\n'}
[5.718577] (px4_msgs) StdoutLine: {'line': b'-- Up-to-date: /home/pavel/ws_ros2/install/px4_msgs/include/px4_msgs/px4_msgs/msg/detail/sensor_mag__rosidl_typesupport_introspection_c.h\n'}
[5.718625] (px4_msgs) StdoutLine: {'line': b'-- Up-to-date: /home/pavel/ws_ros2/install/px4_msgs/include/px4_msgs/px4_msgs/msg/detail/mavlink_tunnel__type_support.c\n'}
[5.718673] (px4_msgs) StdoutLine: {'line': b'-- Up-to-date: /home/pavel/ws_ros2/install/px4_msgs/include/px4_msgs/px4_msgs/msg/detail/estimator_aid_source3d__rosidl_typesupport_introspection_c.h\n'}
[5.718727] (px4_msgs) StdoutLine: {'line': b'-- Up-to-date: /home/pavel/ws_ros2/install/px4_msgs/include/px4_msgs/px4_msgs/msg/detail/vehicle_magnetometer__rosidl_typesupport_introspection_c.h\n'}
[5.718776] (px4_msgs) StdoutLine: {'line': b'-- Up-to-date: /home/pavel/ws_ros2/install/px4_msgs/include/px4_msgs/px4_msgs/msg/detail/actuator_controls_status__type_support.c\n'}
[5.718825] (px4_msgs) StdoutLine: {'line': b'-- Up-to-date: /home/pavel/ws_ros2/install/px4_msgs/include/px4_msgs/px4_msgs/msg/detail/vehicle_local_position__rosidl_typesupport_introspection_c.h\n'}
[5.718877] (px4_msgs) StdoutLine: {'line': b'-- Up-to-date: /home/pavel/ws_ros2/install/px4_msgs/include/px4_msgs/px4_msgs/msg/detail/orb_test_large__rosidl_typesupport_introspection_c.h\n'}
[5.718931] (px4_msgs) StdoutLine: {'line': b'-- Up-to-date: /home/pavel/ws_ros2/install/px4_msgs/include/px4_msgs/px4_msgs/msg/detail/gps_inject_data__type_support.c\n'}
[5.718985] (px4_msgs) StdoutLine: {'line': b'-- Up-to-date: /home/pavel/ws_ros2/install/px4_msgs/include/px4_msgs/px4_msgs/msg/detail/estimator_status_flags__rosidl_typesupport_introspection_c.h\n'}
[5.719038] (px4_msgs) StdoutLine: {'line': b'-- Up-to-date: /home/pavel/ws_ros2/install/px4_msgs/include/px4_msgs/px4_msgs/msg/detail/sensor_mag__type_support.c\n'}
[5.719090] (px4_msgs) StdoutLine: {'line': b'-- Up-to-date: /home/pavel/ws_ros2/install/px4_msgs/include/px4_msgs/px4_msgs/msg/detail/actuator_motors__type_support.c\n'}
[5.719141] (px4_msgs) StdoutLine: {'line': b'-- Up-to-date: /home/pavel/ws_ros2/install/px4_msgs/include/px4_msgs/px4_msgs/msg/detail/orb_test_medium__rosidl_typesupport_introspection_c.h\n'}
[5.719195] (px4_msgs) StdoutLine: {'line': b'-- Up-to-date: /home/pavel/ws_ros2/install/px4_msgs/include/px4_msgs/px4_msgs/msg/detail/debug_key_value__type_support.c\n'}
[5.719249] (px4_msgs) StdoutLine: {'line': b'-- Up-to-date: /home/pavel/ws_ros2/install/px4_msgs/include/px4_msgs/px4_msgs/msg/detail/gpio_in__rosidl_typesupport_introspection_c.h\n'}
[5.719337] (px4_msgs) StdoutLine: {'line': b'-- Up-to-date: /home/pavel/ws_ros2/install/px4_msgs/include/px4_msgs/px4_msgs/msg/detail/trajectory_setpoint__type_support.c\n'}
[5.719418] (px4_msgs) StdoutLine: {'line': b'-- Up-to-date: /home/pavel/ws_ros2/install/px4_msgs/include/px4_msgs/px4_msgs/msg/detail/satellite_info__rosidl_typesupport_introspection_c.h\n'}
[5.719469] (px4_msgs) StdoutLine: {'line': b'-- Up-to-date: /home/pavel/ws_ros2/install/px4_msgs/include/px4_msgs/px4_msgs/msg/detail/estimator_selector_status__type_support.c\n'}
[5.719519] (px4_msgs) StdoutLine: {'line': b'-- Up-to-date: /home/pavel/ws_ros2/install/px4_msgs/include/px4_msgs/px4_msgs/msg/detail/figure_eight_status__type_support.c\n'}
[5.719567] (px4_msgs) StdoutLine: {'line': b'-- Up-to-date: /home/pavel/ws_ros2/install/px4_msgs/include/px4_msgs/px4_msgs/msg/detail/obstacle_distance__type_support.c\n'}
[5.719616] (px4_msgs) StdoutLine: {'line': b'-- Up-to-date: /home/pavel/ws_ros2/install/px4_msgs/include/px4_msgs/px4_msgs/msg/detail/orbit_status__type_support.c\n'}
[5.719683] (px4_msgs) StdoutLine: {'line': b'-- Up-to-date: /home/pavel/ws_ros2/install/px4_msgs/include/px4_msgs/px4_msgs/msg/detail/actuator_armed__type_support.c\n'}
[5.719731] (px4_msgs) StdoutLine: {'line': b'-- Up-to-date: /home/pavel/ws_ros2/install/px4_msgs/include/px4_msgs/px4_msgs/msg/detail/rover_ackermann_guidance_status__type_support.c\n'}
[5.719779] (px4_msgs) StdoutLine: {'line': b'-- Up-to-date: /home/pavel/ws_ros2/install/px4_msgs/include/px4_msgs/px4_msgs/msg/detail/rc_parameter_map__type_support.c\n'}
[5.719827] (px4_msgs) StdoutLine: {'line': b'-- Up-to-date: /home/pavel/ws_ros2/install/px4_msgs/include/px4_msgs/px4_msgs/msg/detail/vehicle_imu__rosidl_typesupport_introspection_c.h\n'}
[5.719875] (px4_msgs) StdoutLine: {'line': b'-- Up-to-date: /home/pavel/ws_ros2/install/px4_msgs/include/px4_msgs/px4_msgs/msg/detail/sensor_hygrometer__rosidl_typesupport_introspection_c.h\n'}
[5.719936] (px4_msgs) StdoutLine: {'line': b'-- Up-to-date: /home/pavel/ws_ros2/install/px4_msgs/include/px4_msgs/px4_msgs/msg/detail/airspeed_wind__rosidl_typesupport_introspection_c.h\n'}
[5.719984] (px4_msgs) StdoutLine: {'line': b'-- Up-to-date: /home/pavel/ws_ros2/install/px4_msgs/include/px4_msgs/px4_msgs/msg/detail/distance_sensor__rosidl_typesupport_introspection_c.h\n'}
[5.720032] (px4_msgs) StdoutLine: {'line': b'-- Up-to-date: /home/pavel/ws_ros2/install/px4_msgs/include/px4_msgs/px4_msgs/msg/detail/autotune_attitude_control_status__type_support.c\n'}
[5.720083] (px4_msgs) StdoutLine: {'line': b'-- Up-to-date: /home/pavel/ws_ros2/install/px4_msgs/include/px4_msgs/px4_msgs/msg/detail/generator_status__type_support.c\n'}
[5.720135] (px4_msgs) StdoutLine: {'line': b'-- Up-to-date: /home/pavel/ws_ros2/install/px4_msgs/include/px4_msgs/px4_msgs/msg/detail/onboard_computer_status__rosidl_typesupport_introspection_c.h\n'}
[5.720185] (px4_msgs) StdoutLine: {'line': b'-- Up-to-date: /home/pavel/ws_ros2/install/px4_msgs/include/px4_msgs/px4_msgs/msg/detail/vehicle_control_mode__rosidl_typesupport_introspection_c.h\n'}
[5.720238] (px4_msgs) StdoutLine: {'line': b'-- Up-to-date: /home/pavel/ws_ros2/install/px4_msgs/include/px4_msgs/px4_msgs/msg/detail/camera_capture__type_support.c\n'}
[5.720293] (px4_msgs) StdoutLine: {'line': b'-- Up-to-date: /home/pavel/ws_ros2/install/px4_msgs/include/px4_msgs/px4_msgs/msg/detail/sensor_combined__type_support.c\n'}
[5.720346] (px4_msgs) StdoutLine: {'line': b'-- Up-to-date: /home/pavel/ws_ros2/install/px4_msgs/include/px4_msgs/px4_msgs/msg/detail/actuator_servos__type_support.c\n'}
[5.720437] (px4_msgs) StdoutLine: {'line': b'-- Up-to-date: /home/pavel/ws_ros2/install/px4_msgs/include/px4_msgs/px4_msgs/msg/detail/vehicle_rates_setpoint__rosidl_typesupport_introspection_c.h\n'}
[5.720490] (px4_msgs) StdoutLine: {'line': b'-- Up-to-date: /home/pavel/ws_ros2/install/px4_msgs/include/px4_msgs/px4_msgs/msg/detail/camera_trigger__type_support.c\n'}
[5.720539] (px4_msgs) StdoutLine: {'line': b'-- Up-to-date: /home/pavel/ws_ros2/install/px4_msgs/include/px4_msgs/px4_msgs/msg/detail/gpio_out__type_support.c\n'}
[5.720592] (px4_msgs) StdoutLine: {'line': b'-- Up-to-date: /home/pavel/ws_ros2/install/px4_msgs/include/px4_msgs/px4_msgs/msg/detail/airspeed_wind__type_support.c\n'}
[5.720647] (px4_msgs) StdoutLine: {'line': b'-- Up-to-date: /home/pavel/ws_ros2/install/px4_msgs/include/px4_msgs/px4_msgs/msg/detail/mission_result__rosidl_typesupport_introspection_c.h\n'}
[5.720701] (px4_msgs) StdoutLine: {'line': b'-- Up-to-date: /home/pavel/ws_ros2/install/px4_msgs/include/px4_msgs/px4_msgs/msg/detail/debug_vect__rosidl_typesupport_introspection_c.h\n'}
[5.720756] (px4_msgs) StdoutLine: {'line': b'-- Up-to-date: /home/pavel/ws_ros2/install/px4_msgs/include/px4_msgs/px4_msgs/msg/detail/rover_ackermann_guidance_status__rosidl_typesupport_introspection_c.h\n'}
[5.720810] (px4_msgs) StdoutLine: {'line': b'-- Up-to-date: /home/pavel/ws_ros2/install/px4_msgs/include/px4_msgs/px4_msgs/msg/detail/cellular_status__type_support.c\n'}
[5.720865] (px4_msgs) StdoutLine: {'line': b'-- Up-to-date: /home/pavel/ws_ros2/install/px4_msgs/include/px4_msgs/px4_msgs/msg/detail/vehicle_acceleration__rosidl_typesupport_introspection_c.h\n'}
[5.720944] (px4_msgs) StdoutLine: {'line': b'-- Up-to-date: /home/pavel/ws_ros2/install/px4_msgs/include/px4_msgs/px4_msgs/msg/detail/telemetry_status__rosidl_typesupport_introspection_c.h\n'}
[5.720996] (px4_msgs) StdoutLine: {'line': b'-- Up-to-date: /home/pavel/ws_ros2/install/px4_msgs/include/px4_msgs/px4_msgs/msg/detail/figure_eight_status__rosidl_typesupport_introspection_c.h\n'}
[5.721045] (px4_msgs) StdoutLine: {'line': b'-- Up-to-date: /home/pavel/ws_ros2/install/px4_msgs/include/px4_msgs/px4_msgs/msg/detail/launch_detection_status__rosidl_typesupport_introspection_c.h\n'}
[5.721094] (px4_msgs) StdoutLine: {'line': b'-- Up-to-date: /home/pavel/ws_ros2/install/px4_msgs/include/px4_msgs/px4_msgs/msg/detail/vehicle_odometry__type_support.c\n'}
[5.721144] (px4_msgs) StdoutLine: {'line': b'-- Up-to-date: /home/pavel/ws_ros2/install/px4_msgs/include/px4_msgs/px4_msgs/msg/detail/offboard_control_mode__rosidl_typesupport_introspection_c.h\n'}
[5.721198] (px4_msgs) StdoutLine: {'line': b'-- Up-to-date: /home/pavel/ws_ros2/install/px4_msgs/include/px4_msgs/px4_msgs/msg/detail/register_ext_component_request__rosidl_typesupport_introspection_c.h\n'}
[5.721246] (px4_msgs) StdoutLine: {'line': b'-- Up-to-date: /home/pavel/ws_ros2/install/px4_msgs/include/px4_msgs/px4_msgs/msg/detail/actuator_armed__rosidl_typesupport_introspection_c.h\n'}
[5.721296] (px4_msgs) StdoutLine: {'line': b'-- Up-to-date: /home/pavel/ws_ros2/install/px4_msgs/include/px4_msgs/px4_msgs/msg/detail/camera_trigger__rosidl_typesupport_introspection_c.h\n'}
[5.721350] (px4_msgs) StdoutLine: {'line': b'-- Up-to-date: /home/pavel/ws_ros2/install/px4_msgs/include/px4_msgs/px4_msgs/msg/detail/uavcan_parameter_value__type_support.c\n'}
[5.721425] (px4_msgs) StdoutLine: {'line': b'-- Up-to-date: /home/pavel/ws_ros2/install/px4_msgs/include/px4_msgs/px4_msgs/msg/detail/irlock_report__type_support.c\n'}
[5.721477] (px4_msgs) StdoutLine: {'line': b'-- Up-to-date: /home/pavel/ws_ros2/install/px4_msgs/include/px4_msgs/px4_msgs/msg/detail/tune_control__rosidl_typesupport_introspection_c.h\n'}
[5.721526] (px4_msgs) StdoutLine: {'line': b'-- Up-to-date: /home/pavel/ws_ros2/install/px4_msgs/include/px4_msgs/px4_msgs/msg/detail/normalized_unsigned_setpoint__type_support.c\n'}
[5.721598] (px4_msgs) StdoutLine: {'line': b'-- Up-to-date: /home/pavel/ws_ros2/install/px4_msgs/include/px4_msgs/px4_msgs/msg/detail/magnetometer_bias_estimate__rosidl_typesupport_introspection_c.h\n'}
[5.721647] (px4_msgs) StdoutLine: {'line': b'-- Up-to-date: /home/pavel/ws_ros2/install/px4_msgs/include/px4_msgs/px4_msgs/msg/detail/mount_orientation__type_support.c\n'}
[5.721695] (px4_msgs) StdoutLine: {'line': b'-- Up-to-date: /home/pavel/ws_ros2/install/px4_msgs/include/px4_msgs/px4_msgs/msg/detail/vehicle_command__rosidl_typesupport_introspection_c.h\n'}
[5.721744] (px4_msgs) StdoutLine: {'line': b'-- Up-to-date: /home/pavel/ws_ros2/install/px4_msgs/include/px4_msgs/px4_msgs/msg/detail/debug_array__rosidl_typesupport_introspection_c.h\n'}
[5.721792] (px4_msgs) StdoutLine: {'line': b'-- Up-to-date: /home/pavel/ws_ros2/install/px4_msgs/include/px4_msgs/px4_msgs/msg/detail/esc_status__rosidl_typesupport_introspection_c.h\n'}
[5.721847] (px4_msgs) StdoutLine: {'line': b'-- Up-to-date: /home/pavel/ws_ros2/install/px4_msgs/include/px4_msgs/px4_msgs/msg/detail/sensor_optical_flow__rosidl_typesupport_introspection_c.h\n'}
[5.721901] (px4_msgs) StdoutLine: {'line': b'-- Up-to-date: /home/pavel/ws_ros2/install/px4_msgs/include/px4_msgs/px4_msgs/msg/detail/can_interface_status__rosidl_typesupport_introspection_c.h\n'}
[5.721955] (px4_msgs) StdoutLine: {'line': b'-- Up-to-date: /home/pavel/ws_ros2/install/px4_msgs/include/px4_msgs/px4_msgs/msg/detail/vehicle_attitude_setpoint__type_support.c\n'}
[5.722024] (px4_msgs) StdoutLine: {'line': b'-- Up-to-date: /home/pavel/ws_ros2/install/px4_msgs/include/px4_msgs/px4_msgs/msg/detail/estimator_innovations__rosidl_typesupport_introspection_c.h\n'}
[5.722073] (px4_msgs) StdoutLine: {'line': b'-- Up-to-date: /home/pavel/ws_ros2/install/px4_msgs/include/px4_msgs/px4_msgs/msg/detail/sensor_uwb__type_support.c\n'}
[5.722127] (px4_msgs) StdoutLine: {'line': b'-- Up-to-date: /home/pavel/ws_ros2/install/px4_msgs/include/px4_msgs/px4_msgs/msg/detail/vehicle_land_detected__type_support.c\n'}
[5.722181] (px4_msgs) StdoutLine: {'line': b'-- Up-to-date: /home/pavel/ws_ros2/install/px4_msgs/include/px4_msgs/px4_msgs/msg/detail/vehicle_optical_flow__rosidl_typesupport_introspection_c.h\n'}
[5.722235] (px4_msgs) StdoutLine: {'line': b'-- Up-to-date: /home/pavel/ws_ros2/install/px4_msgs/include/px4_msgs/px4_msgs/msg/detail/mission_result__type_support.c\n'}
[5.722289] (px4_msgs) StdoutLine: {'line': b'-- Up-to-date: /home/pavel/ws_ros2/install/px4_msgs/include/px4_msgs/px4_msgs/msg/detail/radio_status__rosidl_typesupport_introspection_c.h\n'}
[5.722344] (px4_msgs) StdoutLine: {'line': b'-- Up-to-date: /home/pavel/ws_ros2/install/px4_msgs/include/px4_msgs/px4_msgs/msg/detail/vehicle_trajectory_bezier__type_support.c\n'}
[5.722419] (px4_msgs) StdoutLine: {'line': b'-- Up-to-date: /home/pavel/ws_ros2/install/px4_msgs/include/px4_msgs/px4_msgs/msg/detail/estimator_status__type_support.c\n'}
[5.722475] (px4_msgs) StdoutLine: {'line': b'-- Up-to-date: /home/pavel/ws_ros2/install/px4_msgs/include/px4_msgs/px4_msgs/msg/detail/goto_setpoint__rosidl_typesupport_introspection_c.h\n'}
[5.722525] (px4_msgs) StdoutLine: {'line': b'-- Up-to-date: /home/pavel/ws_ros2/install/px4_msgs/include/px4_msgs/px4_msgs/msg/detail/health_report__rosidl_typesupport_introspection_c.h\n'}
[5.722578] (px4_msgs) StdoutLine: {'line': b'-- Up-to-date: /home/pavel/ws_ros2/install/px4_msgs/include/px4_msgs/px4_msgs/msg/detail/adc_report__type_support.c\n'}
[5.722633] (px4_msgs) StdoutLine: {'line': b'-- Up-to-date: /home/pavel/ws_ros2/install/px4_msgs/include/px4_msgs/px4_msgs/msg/detail/sensor_preflight_mag__rosidl_typesupport_introspection_c.h\n'}
[5.722688] (px4_msgs) StdoutLine: {'line': b'-- Up-to-date: /home/pavel/ws_ros2/install/px4_msgs/include/px4_msgs/px4_msgs/msg/detail/onboard_computer_status__type_support.c\n'}
[5.722742] (px4_msgs) StdoutLine: {'line': b'-- Up-to-date: /home/pavel/ws_ros2/install/px4_msgs/include/px4_msgs/px4_msgs/msg/detail/follow_target_estimator__rosidl_typesupport_introspection_c.h\n'}
[5.722796] (px4_msgs) StdoutLine: {'line': b'-- Up-to-date: /home/pavel/ws_ros2/install/px4_msgs/include/px4_msgs/px4_msgs/msg/detail/arming_check_request__type_support.c\n'}
[5.722850] (px4_msgs) StdoutLine: {'line': b'-- Up-to-date: /home/pavel/ws_ros2/install/px4_msgs/include/px4_msgs/px4_msgs/msg/detail/system_power__rosidl_typesupport_introspection_c.h\n'}
[5.722918] (px4_msgs) StdoutLine: {'line': b'-- Up-to-date: /home/pavel/ws_ros2/install/px4_msgs/include/px4_msgs/px4_msgs/msg/detail/sensor_gnss_relative__rosidl_typesupport_introspection_c.h\n'}
[5.722968] (px4_msgs) StdoutLine: {'line': b'-- Up-to-date: /home/pavel/ws_ros2/install/px4_msgs/include/px4_msgs/px4_msgs/msg/detail/rc_channels__type_support.c\n'}
[5.723023] (px4_msgs) StdoutLine: {'line': b'-- Up-to-date: /home/pavel/ws_ros2/install/px4_msgs/include/px4_msgs/px4_msgs/msg/detail/sensors_status__type_support.c\n'}
[5.723076] (px4_msgs) StdoutLine: {'line': b'-- Up-to-date: /home/pavel/ws_ros2/install/px4_msgs/include/px4_msgs/px4_msgs/msg/detail/pwm_input__type_support.c\n'}
[5.723130] (px4_msgs) StdoutLine: {'line': b'-- Up-to-date: /home/pavel/ws_ros2/install/px4_msgs/include/px4_msgs/px4_msgs/msg/detail/vehicle_angular_velocity__rosidl_typesupport_introspection_c.h\n'}
[5.723184] (px4_msgs) StdoutLine: {'line': b'-- Up-to-date: /home/pavel/ws_ros2/install/px4_msgs/include/px4_msgs/px4_msgs/msg/detail/velocity_limits__rosidl_typesupport_introspection_c.h\n'}
[5.723261] (px4_msgs) StdoutLine: {'line': b'-- Up-to-date: /home/pavel/ws_ros2/install/px4_msgs/include/px4_msgs/px4_msgs/msg/detail/power_monitor__rosidl_typesupport_introspection_c.h\n'}
[5.723311] (px4_msgs) StdoutLine: {'line': b'-- Up-to-date: /home/pavel/ws_ros2/install/px4_msgs/include/px4_msgs/px4_msgs/msg/detail/gimbal_manager_information__type_support.c\n'}
[5.723359] (px4_msgs) StdoutLine: {'line': b'-- Up-to-date: /home/pavel/ws_ros2/install/px4_msgs/include/px4_msgs/px4_msgs/msg/detail/gpio_config__rosidl_typesupport_introspection_c.h\n'}
[5.723418] (px4_msgs) StdoutLine: {'line': b'-- Up-to-date: /home/pavel/ws_ros2/install/px4_msgs/include/px4_msgs/px4_msgs/msg/detail/sensor_gyro_fifo__type_support.c\n'}
[5.723468] (px4_msgs) StdoutLine: {'line': b'-- Up-to-date: /home/pavel/ws_ros2/install/px4_msgs/include/px4_msgs/px4_msgs/msg/detail/rc_parameter_map__rosidl_typesupport_introspection_c.h\n'}
[5.723517] (px4_msgs) StdoutLine: {'line': b'-- Up-to-date: /home/pavel/ws_ros2/install/px4_msgs/include/px4_msgs/px4_msgs/msg/detail/mission__type_support.c\n'}
[5.723572] (px4_msgs) StdoutLine: {'line': b'-- Up-to-date: /home/pavel/ws_ros2/install/px4_msgs/include/px4_msgs/px4_msgs/msg/detail/failure_detector_status__rosidl_typesupport_introspection_c.h\n'}
[5.723638] (px4_msgs) StdoutLine: {'line': b'-- Up-to-date: /home/pavel/ws_ros2/install/px4_msgs/include/px4_msgs/px4_msgs/msg/detail/button_event__rosidl_typesupport_introspection_c.h\n'}
[5.723687] (px4_msgs) StdoutLine: {'line': b'-- Up-to-date: /home/pavel/ws_ros2/install/px4_msgs/include/px4_msgs/px4_msgs/msg/detail/uavcan_parameter_value__rosidl_typesupport_introspection_c.h\n'}
[5.723736] (px4_msgs) StdoutLine: {'line': b'-- Up-to-date: /home/pavel/ws_ros2/install/px4_msgs/include/px4_msgs/px4_msgs/msg/detail/tecs_status__rosidl_typesupport_introspection_c.h\n'}
[5.723786] (px4_msgs) StdoutLine: {'line': b'-- Up-to-date: /home/pavel/ws_ros2/install/px4_msgs/include/px4_msgs/px4_msgs/msg/detail/parameter_reset_request__type_support.c\n'}
[5.723834] (px4_msgs) StdoutLine: {'line': b'-- Up-to-date: /home/pavel/ws_ros2/install/px4_msgs/include/px4_msgs/px4_msgs/msg/detail/estimator_states__rosidl_typesupport_introspection_c.h\n'}
[5.723882] (px4_msgs) StdoutLine: {'line': b'-- Up-to-date: /home/pavel/ws_ros2/install/px4_msgs/include/px4_msgs/px4_msgs/msg/detail/home_position__type_support.c\n'}
[5.723930] (px4_msgs) StdoutLine: {'line': b'-- Up-to-date: /home/pavel/ws_ros2/install/px4_msgs/include/px4_msgs/px4_msgs/msg/detail/vehicle_imu_status__type_support.c\n'}
[5.723983] (px4_msgs) StdoutLine: {'line': b'-- Up-to-date: /home/pavel/ws_ros2/install/px4_msgs/include/px4_msgs/px4_msgs/msg/detail/rtl_status__type_support.c\n'}
[5.724059] (px4_msgs) StdoutLine: {'line': b'-- Up-to-date: /home/pavel/ws_ros2/install/px4_msgs/include/px4_msgs/px4_msgs/msg/detail/gripper__type_support.c\n'}
[5.724111] (px4_msgs) StdoutLine: {'line': b'-- Up-to-date: /home/pavel/ws_ros2/install/px4_msgs/include/px4_msgs/px4_msgs/msg/detail/vehicle_odometry__rosidl_typesupport_introspection_c.h\n'}
[5.724160] (px4_msgs) StdoutLine: {'line': b'-- Up-to-date: /home/pavel/ws_ros2/install/px4_msgs/include/px4_msgs/px4_msgs/msg/detail/vehicle_local_position__type_support.c\n'}
[5.724212] (px4_msgs) StdoutLine: {'line': b'-- Up-to-date: /home/pavel/ws_ros2/install/px4_msgs/include/px4_msgs/px4_msgs/msg/detail/airspeed_validated__rosidl_typesupport_introspection_c.h\n'}
[5.724266] (px4_msgs) StdoutLine: {'line': b'-- Up-to-date: /home/pavel/ws_ros2/install/px4_msgs/include/px4_msgs/px4_msgs/msg/detail/estimator_gps_status__type_support.c\n'}
[5.724320] (px4_msgs) StdoutLine: {'line': b'-- Up-to-date: /home/pavel/ws_ros2/install/px4_msgs/include/px4_msgs/px4_msgs/msg/detail/estimator_bias__rosidl_typesupport_introspection_c.h\n'}
[5.724374] (px4_msgs) StdoutLine: {'line': b'-- Up-to-date: /home/pavel/ws_ros2/install/px4_msgs/include/px4_msgs/px4_msgs/msg/detail/navigator_mission_item__rosidl_typesupport_introspection_c.h\n'}
[5.724459] (px4_msgs) StdoutLine: {'line': b'-- Up-to-date: /home/pavel/ws_ros2/install/px4_msgs/include/px4_msgs/px4_msgs/msg/detail/ekf2_timestamps__type_support.c\n'}
[5.724510] (px4_msgs) StdoutLine: {'line': b'-- Up-to-date: /home/pavel/ws_ros2/install/px4_msgs/include/px4_msgs/px4_msgs/msg/detail/landing_target_pose__rosidl_typesupport_introspection_c.h\n'}
[5.724559] (px4_msgs) StdoutLine: {'line': b'-- Up-to-date: /home/pavel/ws_ros2/install/px4_msgs/include/px4_msgs/px4_msgs/msg/detail/failure_detector_status__type_support.c\n'}
[5.724608] (px4_msgs) StdoutLine: {'line': b'-- Up-to-date: /home/pavel/ws_ros2/install/px4_msgs/include/px4_msgs/px4_msgs/msg/detail/dataman_request__type_support.c\n'}
[5.724658] (px4_msgs) StdoutLine: {'line': b'-- Up-to-date: /home/pavel/ws_ros2/install/px4_msgs/include/px4_msgs/px4_msgs/msg/detail/estimator_selector_status__rosidl_typesupport_introspection_c.h\n'}
[5.724706] (px4_msgs) StdoutLine: {'line': b'-- Up-to-date: /home/pavel/ws_ros2/install/px4_msgs/include/px4_msgs/px4_msgs/msg/detail/home_position__rosidl_typesupport_introspection_c.h\n'}
[5.724756] (px4_msgs) StdoutLine: {'line': b'-- Up-to-date: /home/pavel/ws_ros2/install/px4_msgs/include/px4_msgs/px4_msgs/msg/detail/vehicle_rates_setpoint__type_support.c\n'}
[5.724822] (px4_msgs) StdoutLine: {'line': b'-- Up-to-date: /home/pavel/ws_ros2/install/px4_msgs/include/px4_msgs/px4_msgs/msg/detail/navigator_mission_item__type_support.c\n'}
[5.724871] (px4_msgs) StdoutLine: {'line': b'-- Up-to-date: /home/pavel/ws_ros2/install/px4_msgs/include/px4_msgs/px4_msgs/msg/detail/mavlink_log__rosidl_typesupport_introspection_c.h\n'}
[5.724928] (px4_msgs) StdoutLine: {'line': b'-- Up-to-date: /home/pavel/ws_ros2/install/px4_msgs/include/px4_msgs/px4_msgs/msg/detail/autotune_attitude_control_status__rosidl_typesupport_introspection_c.h\n'}
[5.724976] (px4_msgs) StdoutLine: {'line': b'-- Up-to-date: /home/pavel/ws_ros2/install/px4_msgs/include/px4_msgs/px4_msgs/msg/detail/position_setpoint__rosidl_typesupport_introspection_c.h\n'}
[5.725024] (px4_msgs) StdoutLine: {'line': b'-- Up-to-date: /home/pavel/ws_ros2/install/px4_msgs/include/px4_msgs/px4_msgs/msg/detail/vehicle_angular_acceleration_setpoint__rosidl_typesupport_introspection_c.h\n'}
[5.725073] (px4_msgs) StdoutLine: {'line': b'-- Up-to-date: /home/pavel/ws_ros2/install/px4_msgs/include/px4_msgs/px4_msgs/msg/detail/sensor_airflow__rosidl_typesupport_introspection_c.h\n'}
[5.725121] (px4_msgs) StdoutLine: {'line': b'-- Up-to-date: /home/pavel/ws_ros2/install/px4_msgs/include/px4_msgs/px4_msgs/msg/detail/uavcan_parameter_request__rosidl_typesupport_introspection_c.h\n'}
[5.725171] (px4_msgs) StdoutLine: {'line': b'-- Up-to-date: /home/pavel/ws_ros2/install/px4_msgs/include/px4_msgs/px4_msgs/msg/detail/gimbal_device_set_attitude__rosidl_typesupport_introspection_c.h\n'}
[5.725222] (px4_msgs) StdoutLine: {'line': b'-- Up-to-date: /home/pavel/ws_ros2/install/px4_msgs/include/px4_msgs/px4_msgs/msg/detail/sensor_correction__rosidl_typesupport_introspection_c.h\n'}
[5.725276] (px4_msgs) StdoutLine: {'line': b'-- Up-to-date: /home/pavel/ws_ros2/install/px4_msgs/include/px4_msgs/px4_msgs/msg/detail/vtol_vehicle_status__rosidl_typesupport_introspection_c.h\n'}
[5.725331] (px4_msgs) StdoutLine: {'line': b'-- Up-to-date: /home/pavel/ws_ros2/install/px4_msgs/include/px4_msgs/px4_msgs/msg/detail/position_controller_landing_status__rosidl_typesupport_introspection_c.h\n'}
[5.725391] (px4_msgs) StdoutLine: {'line': b'-- Up-to-date: /home/pavel/ws_ros2/install/px4_msgs/include/px4_msgs/px4_msgs/msg/detail/tiltrotor_extra_controls__rosidl_typesupport_introspection_c.h\n'}
[5.725481] (px4_msgs) StdoutLine: {'line': b'-- Up-to-date: /home/pavel/ws_ros2/install/px4_msgs/include/px4_msgs/px4_msgs/msg/detail/trajectory_setpoint__rosidl_typesupport_introspection_c.h\n'}
[5.725537] (px4_msgs) StdoutLine: {'line': b'-- Up-to-date: /home/pavel/ws_ros2/install/px4_msgs/include/px4_msgs/px4_msgs/msg/detail/mission__rosidl_typesupport_introspection_c.h\n'}
[5.725586] (px4_msgs) StdoutLine: {'line': b'-- Up-to-date: /home/pavel/ws_ros2/install/px4_msgs/include/px4_msgs/px4_msgs/msg/detail/position_controller_landing_status__type_support.c\n'}
[5.725635] (px4_msgs) StdoutLine: {'line': b'-- Up-to-date: /home/pavel/ws_ros2/install/px4_msgs/include/px4_msgs/px4_msgs/msg/detail/rc_channels__rosidl_typesupport_introspection_c.h\n'}
[5.725697] (px4_msgs) StdoutLine: {'line': b'-- Up-to-date: /home/pavel/ws_ros2/install/px4_msgs/include/px4_msgs/px4_msgs/msg/detail/gimbal_device_set_attitude__type_support.c\n'}
[5.725745] (px4_msgs) StdoutLine: {'line': b'-- Up-to-date: /home/pavel/ws_ros2/install/px4_msgs/include/px4_msgs/px4_msgs/msg/detail/cellular_status__rosidl_typesupport_introspection_c.h\n'}
[5.725793] (px4_msgs) StdoutLine: {'line': b'-- Up-to-date: /home/pavel/ws_ros2/install/px4_msgs/include/px4_msgs/px4_msgs/msg/detail/rtl_status__rosidl_typesupport_introspection_c.h\n'}
[5.725841] (px4_msgs) StdoutLine: {'line': b'-- Up-to-date: /home/pavel/ws_ros2/install/px4_msgs/include/px4_msgs/px4_msgs/msg/detail/task_stack_info__type_support.c\n'}
[5.725889] (px4_msgs) StdoutLine: {'line': b'-- Up-to-date: /home/pavel/ws_ros2/install/px4_msgs/include/px4_msgs/px4_msgs/msg/detail/position_setpoint__type_support.c\n'}
[5.725936] (px4_msgs) StdoutLine: {'line': b'-- Up-to-date: /home/pavel/ws_ros2/install/px4_msgs/include/px4_msgs/px4_msgs/msg/detail/actuator_controls_status__rosidl_typesupport_introspection_c.h\n'}
[5.725994] (px4_msgs) StdoutLine: {'line': b'-- Up-to-date: /home/pavel/ws_ros2/install/px4_msgs/include/px4_msgs/px4_msgs/msg/detail/gps_dump__type_support.c\n'}
[5.726048] (px4_msgs) StdoutLine: {'line': b'-- Up-to-date: /home/pavel/ws_ros2/install/px4_msgs/include/px4_msgs/px4_msgs/msg/detail/ulog_stream__type_support.c\n'}
[5.726102] (px4_msgs) StdoutLine: {'line': b'-- Up-to-date: /home/pavel/ws_ros2/install/px4_msgs/include/px4_msgs/px4_msgs/msg/detail/follow_target__type_support.c\n'}
[5.726156] (px4_msgs) StdoutLine: {'line': b'-- Up-to-date: /home/pavel/ws_ros2/install/px4_msgs/include/px4_msgs/px4_msgs/msg/detail/follow_target_estimator__type_support.c\n'}
[5.726221] (px4_msgs) StdoutLine: {'line': b'-- Up-to-date: /home/pavel/ws_ros2/install/px4_msgs/include/px4_msgs/px4_msgs/msg/detail/estimator_aid_source1d__type_support.c\n'}
[5.726270] (px4_msgs) StdoutLine: {'line': b'-- Up-to-date: /home/pavel/ws_ros2/install/px4_msgs/include/px4_msgs/px4_msgs/msg/detail/iridiumsbd_status__rosidl_typesupport_introspection_c.h\n'}
[5.726318] (px4_msgs) StdoutLine: {'line': b'-- Up-to-date: /home/pavel/ws_ros2/install/px4_msgs/include/px4_msgs/px4_msgs/msg/detail/flight_phase_estimation__rosidl_typesupport_introspection_c.h\n'}
[5.726368] (px4_msgs) StdoutLine: {'line': b'-- Up-to-date: /home/pavel/ws_ros2/install/px4_msgs/include/px4_msgs/px4_msgs/msg/detail/control_allocator_status__rosidl_typesupport_introspection_c.h\n'}
[5.726444] (px4_msgs) StdoutLine: {'line': b'-- Up-to-date: /home/pavel/ws_ros2/install/px4_msgs/include/px4_msgs/px4_msgs/msg/detail/estimator_status_flags__type_support.c\n'}
[5.726503] (px4_msgs) StdoutLine: {'line': b'-- Up-to-date: /home/pavel/ws_ros2/install/px4_msgs/include/px4_msgs/px4_msgs/msg/detail/qshell_retval__rosidl_typesupport_introspection_c.h\n'}
[5.726552] (px4_msgs) StdoutLine: {'line': b'-- Up-to-date: /home/pavel/ws_ros2/install/px4_msgs/include/px4_msgs/px4_msgs/msg/detail/estimator_bias3d__rosidl_typesupport_introspection_c.h\n'}
[5.726601] (px4_msgs) StdoutLine: {'line': b'-- Up-to-date: /home/pavel/ws_ros2/install/px4_msgs/include/px4_msgs/px4_msgs/msg/detail/estimator_aid_source2d__rosidl_typesupport_introspection_c.h\n'}
[5.726651] (px4_msgs) StdoutLine: {'line': b'-- Up-to-date: /home/pavel/ws_ros2/install/px4_msgs/include/px4_msgs/px4_msgs/msg/detail/vehicle_acceleration__type_support.c\n'}
[5.726704] (px4_msgs) StdoutLine: {'line': b'-- Up-to-date: /home/pavel/ws_ros2/install/px4_msgs/include/px4_msgs/px4_msgs/msg/detail/airspeed__rosidl_typesupport_introspection_c.h\n'}
[5.726758] (px4_msgs) StdoutLine: {'line': b'-- Up-to-date: /home/pavel/ws_ros2/install/px4_msgs/include/px4_msgs/px4_msgs/msg/detail/vehicle_torque_setpoint__type_support.c\n'}
[5.726812] (px4_msgs) StdoutLine: {'line': b'-- Up-to-date: /home/pavel/ws_ros2/install/px4_msgs/include/px4_msgs/px4_msgs/msg/detail/collision_constraints__rosidl_typesupport_introspection_c.h\n'}
[5.726866] (px4_msgs) StdoutLine: {'line': b'-- Up-to-date: /home/pavel/ws_ros2/install/px4_msgs/include/px4_msgs/px4_msgs/msg/detail/debug_value__rosidl_typesupport_introspection_c.h\n'}
[5.726920] (px4_msgs) StdoutLine: {'line': b'-- Up-to-date: /home/pavel/ws_ros2/install/px4_msgs/include/px4_msgs/px4_msgs/msg/detail/wheel_encoders__rosidl_typesupport_introspection_c.h\n'}
[5.726976] (px4_msgs) StdoutLine: {'line': b'-- Up-to-date: /home/pavel/ws_ros2/install/px4_msgs/include/px4_msgs/px4_msgs/msg/detail/gimbal_manager_status__rosidl_typesupport_introspection_c.h\n'}
[5.727051] (px4_msgs) StdoutLine: {'line': b'-- Up-to-date: /home/pavel/ws_ros2/install/px4_msgs/include/px4_msgs/px4_msgs/msg/detail/vehicle_roi__type_support.c\n'}
[5.727102] (px4_msgs) StdoutLine: {'line': b'-- Up-to-date: /home/pavel/ws_ros2/install/px4_msgs/include/px4_msgs/px4_msgs/msg/detail/velocity_limits__type_support.c\n'}
[5.727151] (px4_msgs) StdoutLine: {'line': b'-- Up-to-date: /home/pavel/ws_ros2/install/px4_msgs/include/px4_msgs/px4_msgs/msg/detail/vehicle_thrust_setpoint__type_support.c\n'}
[5.727210] (px4_msgs) StdoutLine: {'line': b'-- Up-to-date: /home/pavel/ws_ros2/install/px4_msgs/include/px4_msgs/px4_msgs/msg/detail/estimator_gps_status__rosidl_typesupport_introspection_c.h\n'}
[5.727277] (px4_msgs) StdoutLine: {'line': b'-- Up-to-date: /home/pavel/ws_ros2/install/px4_msgs/include/px4_msgs/px4_msgs/msg/detail/distance_sensor__type_support.c\n'}
[5.727326] (px4_msgs) StdoutLine: {'line': b'-- Up-to-date: /home/pavel/ws_ros2/install/px4_msgs/include/px4_msgs/px4_msgs/msg/detail/orb_test_medium__type_support.c\n'}
[5.727374] (px4_msgs) StdoutLine: {'line': b'-- Up-to-date: /home/pavel/ws_ros2/install/px4_msgs/include/px4_msgs/px4_msgs/msg/detail/orb_test_large__type_support.c\n'}
[5.727433] (px4_msgs) StdoutLine: {'line': b'-- Up-to-date: /home/pavel/ws_ros2/install/px4_msgs/include/px4_msgs/px4_msgs/msg/detail/follow_target__rosidl_typesupport_introspection_c.h\n'}
[5.727481] (px4_msgs) StdoutLine: {'line': b'-- Up-to-date: /home/pavel/ws_ros2/install/px4_msgs/include/px4_msgs/px4_msgs/msg/detail/mag_worker_data__type_support.c\n'}
[5.727529] (px4_msgs) StdoutLine: {'line': b'-- Up-to-date: /home/pavel/ws_ros2/install/px4_msgs/include/px4_msgs/px4_msgs/msg/detail/position_controller_status__rosidl_typesupport_introspection_c.h\n'}
[5.727578] (px4_msgs) StdoutLine: {'line': b'-- Up-to-date: /home/pavel/ws_ros2/install/px4_msgs/include/px4_msgs/px4_msgs/msg/detail/register_ext_component_reply__type_support.c\n'}
[5.727630] (px4_msgs) StdoutLine: {'line': b'-- Up-to-date: /home/pavel/ws_ros2/install/px4_msgs/include/px4_msgs/px4_msgs/msg/detail/parameter_set_value_request__type_support.c\n'}
[5.727685] (px4_msgs) StdoutLine: {'line': b'-- Up-to-date: /home/pavel/ws_ros2/install/px4_msgs/include/px4_msgs/px4_msgs/msg/detail/log_message__rosidl_typesupport_introspection_c.h\n'}
[5.727740] (px4_msgs) StdoutLine: {'line': b'-- Up-to-date: /home/pavel/ws_ros2/install/px4_msgs/include/px4_msgs/px4_msgs/msg/detail/differential_drive_setpoint__type_support.c\n'}
[5.727794] (px4_msgs) StdoutLine: {'line': b'-- Up-to-date: /home/pavel/ws_ros2/install/px4_msgs/include/px4_msgs/px4_msgs/msg/detail/tune_control__type_support.c\n'}
[5.727848] (px4_msgs) StdoutLine: {'line': b'-- Up-to-date: /home/pavel/ws_ros2/install/px4_msgs/include/px4_msgs/px4_msgs/msg/detail/message_format_request__type_support.c\n'}
[5.727902] (px4_msgs) StdoutLine: {'line': b'-- Up-to-date: /home/pavel/ws_ros2/install/px4_msgs/include/px4_msgs/px4_msgs/msg/detail/yaw_estimator_status__type_support.c\n'}
[5.727957] (px4_msgs) StdoutLine: {'line': b'-- Up-to-date: /home/pavel/ws_ros2/install/px4_msgs/include/px4_msgs/px4_msgs/msg/detail/adc_report__rosidl_typesupport_introspection_c.h\n'}
[5.728011] (px4_msgs) StdoutLine: {'line': b'-- Up-to-date: /home/pavel/ws_ros2/install/px4_msgs/include/px4_msgs/px4_msgs/msg/detail/sensor_gnss_relative__type_support.c\n'}
[5.728066] (px4_msgs) StdoutLine: {'line': b'-- Up-to-date: /home/pavel/ws_ros2/install/px4_msgs/include/px4_msgs/px4_msgs/msg/detail/gpio_request__rosidl_typesupport_introspection_c.h\n'}
[5.728122] (px4_msgs) StdoutLine: {'line': b'-- Up-to-date: /home/pavel/ws_ros2/install/px4_msgs/include/px4_msgs/px4_msgs/msg/detail/wind__type_support.c\n'}
[5.728204] (px4_msgs) StdoutLine: {'line': b'-- Up-to-date: /home/pavel/ws_ros2/install/px4_msgs/include/px4_msgs/px4_msgs/msg/detail/cpuload__type_support.c\n'}
[5.728254] (px4_msgs) StdoutLine: {'line': b'-- Up-to-date: /home/pavel/ws_ros2/install/px4_msgs/include/px4_msgs/px4_msgs/msg/detail/sensor_hygrometer__type_support.c\n'}
[5.728303] (px4_msgs) StdoutLine: {'line': b'-- Up-to-date: /home/pavel/ws_ros2/install/px4_msgs/include/px4_msgs/px4_msgs/msg/detail/arming_check_request__rosidl_typesupport_introspection_c.h\n'}
[5.728351] (px4_msgs) StdoutLine: {'line': b'-- Up-to-date: /home/pavel/ws_ros2/install/px4_msgs/include/px4_msgs/px4_msgs/msg/detail/estimator_aid_source2d__type_support.c\n'}
[5.728411] (px4_msgs) StdoutLine: {'line': b'-- Up-to-date: /home/pavel/ws_ros2/install/px4_msgs/include/px4_msgs/px4_msgs/msg/detail/action_request__rosidl_typesupport_introspection_c.h\n'}
[5.728483] (px4_msgs) StdoutLine: {'line': b'-- Up-to-date: /home/pavel/ws_ros2/install/px4_msgs/include/px4_msgs/px4_msgs/msg/detail/estimator_status__rosidl_typesupport_introspection_c.h\n'}
[5.728533] (px4_msgs) StdoutLine: {'line': b'-- Up-to-date: /home/pavel/ws_ros2/install/px4_msgs/include/px4_msgs/px4_msgs/msg/detail/gps_inject_data__rosidl_typesupport_introspection_c.h\n'}
[5.728583] (px4_msgs) StdoutLine: {'line': b'-- Up-to-date: /home/pavel/ws_ros2/install/px4_msgs/include/px4_msgs/px4_msgs/msg/detail/tiltrotor_extra_controls__type_support.c\n'}
[5.728631] (px4_msgs) StdoutLine: {'line': b'-- Up-to-date: /home/pavel/ws_ros2/install/px4_msgs/include/px4_msgs/px4_msgs/msg/detail/parameter_set_used_request__rosidl_typesupport_introspection_c.h\n'}
[5.728684] (px4_msgs) StdoutLine: {'line': b'-- Up-to-date: /home/pavel/ws_ros2/install/px4_msgs/include/px4_msgs/px4_msgs/msg/detail/vehicle_command_ack__type_support.c\n'}
[5.728733] (px4_msgs) StdoutLine: {'line': b'-- Up-to-date: /home/pavel/ws_ros2/install/px4_msgs/include/px4_msgs/px4_msgs/msg/detail/trajectory_waypoint__type_support.c\n'}
[5.728781] (px4_msgs) StdoutLine: {'line': b'-- Up-to-date: /home/pavel/ws_ros2/install/px4_msgs/include/px4_msgs/px4_msgs/msg/detail/logger_status__type_support.c\n'}
[5.728829] (px4_msgs) StdoutLine: {'line': b'-- Up-to-date: /home/pavel/ws_ros2/install/px4_msgs/include/px4_msgs/px4_msgs/msg/detail/takeoff_status__type_support.c\n'}
[5.728883] (px4_msgs) StdoutLine: {'line': b'-- Up-to-date: /home/pavel/ws_ros2/install/px4_msgs/include/px4_msgs/px4_msgs/msg/detail/iridiumsbd_status__type_support.c\n'}
[5.728937] (px4_msgs) StdoutLine: {'line': b'-- Up-to-date: /home/pavel/ws_ros2/install/px4_msgs/include/px4_msgs/px4_msgs/msg/detail/rpm__rosidl_typesupport_introspection_c.h\n'}
[5.729005] (px4_msgs) StdoutLine: {'line': b'-- Up-to-date: /home/pavel/ws_ros2/install/px4_msgs/include/px4_msgs/px4_msgs/msg/detail/sensor_gyro__rosidl_typesupport_introspection_c.h\n'}
[5.729055] (px4_msgs) StdoutLine: {'line': b'-- Up-to-date: /home/pavel/ws_ros2/install/px4_msgs/include/px4_msgs/px4_msgs/msg/detail/yaw_estimator_status__rosidl_typesupport_introspection_c.h\n'}
[5.729107] (px4_msgs) StdoutLine: {'line': b'-- Up-to-date: /home/pavel/ws_ros2/install/px4_msgs/include/px4_msgs/px4_msgs/msg/detail/ekf2_timestamps__rosidl_typesupport_introspection_c.h\n'}
[5.729161] (px4_msgs) StdoutLine: {'line': b'-- Up-to-date: /home/pavel/ws_ros2/install/px4_msgs/include/px4_msgs/px4_msgs/msg/detail/message_format_response__type_support.c\n'}
[5.729224] (px4_msgs) StdoutLine: {'line': b'-- Up-to-date: /home/pavel/ws_ros2/install/px4_msgs/include/px4_msgs/px4_msgs/msg/detail/battery_status__rosidl_typesupport_introspection_c.h\n'}
[5.729273] (px4_msgs) StdoutLine: {'line': b'-- Up-to-date: /home/pavel/ws_ros2/install/px4_msgs/include/px4_msgs/px4_msgs/msg/detail/npfg_status__type_support.c\n'}
[5.729322] (px4_msgs) StdoutLine: {'line': b'-- Up-to-date: /home/pavel/ws_ros2/install/px4_msgs/include/px4_msgs/px4_msgs/msg/detail/arming_check_reply__type_support.c\n'}
[5.729391] (px4_msgs) StdoutLine: {'line': b'-- Up-to-date: /home/pavel/ws_ros2/install/px4_msgs/include/px4_msgs/px4_msgs/msg/detail/fuel_tank_status__rosidl_typesupport_introspection_c.h\n'}
[5.729448] (px4_msgs) StdoutLine: {'line': b'-- Up-to-date: /home/pavel/ws_ros2/install/px4_msgs/include/px4_msgs/px4_msgs/msg/detail/vtol_vehicle_status__type_support.c\n'}
[5.729496] (px4_msgs) StdoutLine: {'line': b'-- Up-to-date: /home/pavel/ws_ros2/install/px4_msgs/include/px4_msgs/px4_msgs/msg/detail/buffer128__type_support.c\n'}
[5.729545] (px4_msgs) StdoutLine: {'line': b'-- Up-to-date: /home/pavel/ws_ros2/install/px4_msgs/include/px4_msgs/px4_msgs/msg/detail/vehicle_imu_status__rosidl_typesupport_introspection_c.h\n'}
[5.729593] (px4_msgs) StdoutLine: {'line': b'-- Up-to-date: /home/pavel/ws_ros2/install/px4_msgs/include/px4_msgs/px4_msgs/msg/detail/internal_combustion_engine_status__rosidl_typesupport_introspection_c.h\n'}
[5.729649] (px4_msgs) StdoutLine: {'line': b'-- Up-to-date: /home/pavel/ws_ros2/install/px4_msgs/include/px4_msgs/px4_msgs/msg/detail/geofence_status__rosidl_typesupport_introspection_c.h\n'}
[5.729720] (px4_msgs) StdoutLine: {'line': b'-- Up-to-date: /home/pavel/ws_ros2/install/px4_msgs/include/px4_msgs/px4_msgs/msg/detail/timesync_status__type_support.c\n'}
[5.729770] (px4_msgs) StdoutLine: {'line': b'-- Up-to-date: /home/pavel/ws_ros2/install/px4_msgs/include/px4_msgs/px4_msgs/msg/detail/vehicle_command__type_support.c\n'}
[5.729819] (px4_msgs) StdoutLine: {'line': b'-- Up-to-date: /home/pavel/ws_ros2/install/px4_msgs/include/px4_msgs/px4_msgs/msg/detail/esc_report__type_support.c\n'}
[5.729878] (px4_msgs) StdoutLine: {'line': b'-- Up-to-date: /home/pavel/ws_ros2/install/px4_msgs/include/px4_msgs/px4_msgs/msg/detail/internal_combustion_engine_status__type_support.c\n'}
[5.729927] (px4_msgs) StdoutLine: {'line': b'-- Up-to-date: /home/pavel/ws_ros2/install/px4_msgs/include/px4_msgs/px4_msgs/msg/detail/mag_worker_data__rosidl_typesupport_introspection_c.h\n'}
[5.729976] (px4_msgs) StdoutLine: {'line': b'-- Up-to-date: /home/pavel/ws_ros2/install/px4_msgs/include/px4_msgs/px4_msgs/msg/detail/button_event__type_support.c\n'}
[5.730024] (px4_msgs) StdoutLine: {'line': b'-- Up-to-date: /home/pavel/ws_ros2/install/px4_msgs/include/px4_msgs/px4_msgs/msg/detail/gpio_request__type_support.c\n'}
[5.730072] (px4_msgs) StdoutLine: {'line': b'-- Up-to-date: /home/pavel/ws_ros2/install/px4_msgs/include/px4_msgs/px4_msgs/msg/detail/landing_gear__rosidl_typesupport_introspection_c.h\n'}
[5.730120] (px4_msgs) StdoutLine: {'line': b'-- Up-to-date: /home/pavel/ws_ros2/install/px4_msgs/include/px4_msgs/px4_msgs/msg/detail/vehicle_trajectory_bezier__rosidl_typesupport_introspection_c.h\n'}
[5.730172] (px4_msgs) StdoutLine: {'line': b'-- Up-to-date: /home/pavel/ws_ros2/install/px4_msgs/include/px4_msgs/px4_msgs/msg/detail/vehicle_constraints__type_support.c\n'}
[5.730242] (px4_msgs) StdoutLine: {'line': b'-- Up-to-date: /home/pavel/ws_ros2/install/px4_msgs/include/px4_msgs/px4_msgs/msg/detail/config_overrides__rosidl_typesupport_introspection_c.h\n'}
[5.730293] (px4_msgs) StdoutLine: {'line': b'-- Up-to-date: /home/pavel/ws_ros2/install/px4_msgs/include/px4_msgs/px4_msgs/msg/detail/gimbal_manager_set_manual_control__rosidl_typesupport_introspection_c.h\n'}
[5.730342] (px4_msgs) StdoutLine: {'line': b'-- Up-to-date: /home/pavel/ws_ros2/install/px4_msgs/include/px4_msgs/px4_msgs/msg/detail/vehicle_local_position_setpoint__rosidl_typesupport_introspection_c.h\n'}
[5.730397] (px4_msgs) StdoutLine: {'line': b'-- Up-to-date: /home/pavel/ws_ros2/install/px4_msgs/include/px4_msgs/px4_msgs/msg/detail/parameter_reset_request__rosidl_typesupport_introspection_c.h\n'}
[5.730449] (px4_msgs) StdoutLine: {'line': b'-- Up-to-date: /home/pavel/ws_ros2/install/px4_msgs/include/px4_msgs/px4_msgs/msg/detail/ulog_stream_ack__type_support.c\n'}
[5.730498] (px4_msgs) StdoutLine: {'line': b'-- Up-to-date: /home/pavel/ws_ros2/install/px4_msgs/include/px4_msgs/px4_msgs/msg/detail/vehicle_global_position__rosidl_typesupport_introspection_c.h\n'}
[5.730559] (px4_msgs) StdoutLine: {'line': b'-- Up-to-date: /home/pavel/ws_ros2/install/px4_msgs/include/px4_msgs/px4_msgs/msg/detail/vehicle_air_data__rosidl_typesupport_introspection_c.h\n'}
[5.730609] (px4_msgs) StdoutLine: {'line': b'-- Up-to-date: /home/pavel/ws_ros2/install/px4_msgs/include/px4_msgs/px4_msgs/msg/detail/parameter_set_value_request__rosidl_typesupport_introspection_c.h\n'}
[5.730675] (px4_msgs) StdoutLine: {'line': b'-- Up-to-date: /home/pavel/ws_ros2/install/px4_msgs/include/px4_msgs/px4_msgs/msg/detail/unregister_ext_component__type_support.c\n'}
[5.730726] (px4_msgs) StdoutLine: {'line': b'-- Up-to-date: /home/pavel/ws_ros2/install/px4_msgs/include/px4_msgs/px4_msgs/msg/detail/orb_test__rosidl_typesupport_introspection_c.h\n'}
[5.730775] (px4_msgs) StdoutLine: {'line': b'-- Up-to-date: /home/pavel/ws_ros2/install/px4_msgs/include/px4_msgs/px4_msgs/msg/detail/estimator_aid_source3d__type_support.c\n'}
[5.730830] (px4_msgs) StdoutLine: {'line': b'-- Up-to-date: /home/pavel/ws_ros2/install/px4_msgs/include/px4_msgs/px4_msgs/msg/detail/ping__rosidl_typesupport_introspection_c.h\n'}
[5.730884] (px4_msgs) StdoutLine: {'line': b'-- Up-to-date: /home/pavel/ws_ros2/install/px4_msgs/include/px4_msgs/px4_msgs/msg/detail/sensor_gps__rosidl_typesupport_introspection_c.h\n'}
[5.730940] (px4_msgs) StdoutLine: {'line': b'-- Up-to-date: /home/pavel/ws_ros2/install/px4_msgs/include/px4_msgs/px4_msgs/msg/detail/power_monitor__type_support.c\n'}
[5.730995] (px4_msgs) StdoutLine: {'line': b'-- Up-to-date: /home/pavel/ws_ros2/install/px4_msgs/include/px4_msgs/px4_msgs/msg/detail/event__rosidl_typesupport_introspection_c.h\n'}
[5.731049] (px4_msgs) StdoutLine: {'line': b'-- Up-to-date: /home/pavel/ws_ros2/install/px4_msgs/include/px4_msgs/px4_msgs/msg/detail/px4io_status__type_support.c\n'}
[5.731117] (px4_msgs) StdoutLine: {'line': b'-- Up-to-date: /home/pavel/ws_ros2/install/px4_msgs/include/px4_msgs/px4_msgs/msg/detail/esc_status__type_support.c\n'}
[5.731168] (px4_msgs) StdoutLine: {'line': b'-- Up-to-date: /home/pavel/ws_ros2/install/px4_msgs/include/px4_msgs/px4_msgs/msg/detail/debug_array__type_support.c\n'}
[5.731220] (px4_msgs) StdoutLine: {'line': b'-- Up-to-date: /home/pavel/ws_ros2/install/px4_msgs/include/px4_msgs/px4_msgs/msg/detail/pps_capture__rosidl_typesupport_introspection_c.h\n'}
[5.731273] (px4_msgs) StdoutLine: {'line': b'-- Up-to-date: /home/pavel/ws_ros2/install/px4_msgs/include/px4_msgs/px4_msgs/msg/detail/actuator_servos__rosidl_typesupport_introspection_c.h\n'}
[5.731327] (px4_msgs) StdoutLine: {'line': b'-- Up-to-date: /home/pavel/ws_ros2/install/px4_msgs/include/px4_msgs/px4_msgs/msg/detail/collision_report__rosidl_typesupport_introspection_c.h\n'}
[5.731384] (px4_msgs) StdoutLine: {'line': b'-- Up-to-date: /home/pavel/ws_ros2/install/px4_msgs/include/px4_msgs/px4_msgs/msg/detail/system_power__type_support.c\n'}
[5.731445] (px4_msgs) StdoutLine: {'line': b'-- Up-to-date: /home/pavel/ws_ros2/install/px4_msgs/include/px4_msgs/px4_msgs/msg/detail/vehicle_status__type_support.c\n'}
[5.731507] (px4_msgs) StdoutLine: {'line': b'-- Up-to-date: /home/pavel/ws_ros2/install/px4_msgs/include/px4_msgs/px4_msgs/msg/detail/radio_status__type_support.c\n'}
[5.731584] (px4_msgs) StdoutLine: {'line': b'-- Up-to-date: /home/pavel/ws_ros2/install/px4_msgs/include/px4_msgs/px4_msgs/msg/detail/heater_status__type_support.c\n'}
[5.731637] (px4_msgs) StdoutLine: {'line': b'-- Up-to-date: /home/pavel/ws_ros2/install/px4_msgs/include/px4_msgs/px4_msgs/msg/detail/sensor_accel__type_support.c\n'}
[5.731685] (px4_msgs) StdoutLine: {'line': b'-- Up-to-date: /home/pavel/ws_ros2/install/px4_msgs/include/px4_msgs/px4_msgs/msg/detail/uavcan_parameter_request__type_support.c\n'}
[5.731734] (px4_msgs) StdoutLine: {'line': b'-- Up-to-date: /home/pavel/ws_ros2/install/px4_msgs/include/px4_msgs/px4_msgs/msg/detail/mode_completed__rosidl_typesupport_introspection_c.h\n'}
[5.731788] (px4_msgs) StdoutLine: {'line': b'-- Up-to-date: /home/pavel/ws_ros2/install/px4_msgs/include/px4_msgs/px4_msgs/msg/detail/action_request__type_support.c\n'}
[5.731841] (px4_msgs) StdoutLine: {'line': b'-- Up-to-date: /home/pavel/ws_ros2/install/px4_msgs/include/px4_msgs/px4_msgs/msg/detail/transponder_report__rosidl_typesupport_introspection_c.h\n'}
[5.731892] (px4_msgs) StdoutLine: {'line': b'-- Up-to-date: /home/pavel/ws_ros2/install/px4_msgs/include/px4_msgs/px4_msgs/msg/detail/gimbal_device_information__type_support.c\n'}
[5.731943] (px4_msgs) StdoutLine: {'line': b'-- Up-to-date: /home/pavel/ws_ros2/install/px4_msgs/include/px4_msgs/px4_msgs/msg/detail/power_button_state__type_support.c\n'}
[5.732017] (px4_msgs) StdoutLine: {'line': b'-- Up-to-date: /home/pavel/ws_ros2/install/px4_msgs/include/px4_msgs/px4_msgs/msg/detail/hover_thrust_estimate__rosidl_typesupport_introspection_c.h\n'}
[5.732072] (px4_msgs) StdoutLine: {'line': b'-- Up-to-date: /home/pavel/ws_ros2/install/px4_msgs/include/px4_msgs/px4_msgs/msg/detail/sensor_airflow__type_support.c\n'}
[5.732139] (px4_msgs) StdoutLine: {'line': b'-- Up-to-date: /home/pavel/ws_ros2/install/px4_msgs/include/px4_msgs/px4_msgs/msg/detail/camera_capture__rosidl_typesupport_introspection_c.h\n'}
[5.732188] (px4_msgs) StdoutLine: {'line': b'-- Up-to-date: /home/pavel/ws_ros2/install/px4_msgs/include/px4_msgs/px4_msgs/msg/detail/manual_control_switches__type_support.c\n'}
[5.732236] (px4_msgs) StdoutLine: {'line': b'-- Up-to-date: /home/pavel/ws_ros2/install/px4_msgs/include/px4_msgs/px4_msgs/msg/detail/parameter_set_value_response__rosidl_typesupport_introspection_c.h\n'}
[5.732285] (px4_msgs) StdoutLine: {'line': b'-- Up-to-date: /home/pavel/ws_ros2/install/px4_msgs/include/px4_msgs/px4_msgs/msg/detail/message_format_response__rosidl_typesupport_introspection_c.h\n'}
[5.732339] (px4_msgs) StdoutLine: {'line': b'-- Up-to-date: /home/pavel/ws_ros2/install/px4_msgs/include/px4_msgs/px4_msgs/msg/detail/vehicle_optical_flow_vel__rosidl_typesupport_introspection_c.h\n'}
[5.732413] (px4_msgs) StdoutLine: {'line': b'-- Up-to-date: /home/pavel/ws_ros2/install/px4_msgs/include/px4_msgs/px4_msgs/msg/detail/vehicle_magnetometer__type_support.c\n'}
[5.732469] (px4_msgs) StdoutLine: {'line': b'-- Up-to-date: /home/pavel/ws_ros2/install/px4_msgs/include/px4_msgs/px4_msgs/msg/detail/estimator_innovations__type_support.c\n'}
[5.732520] (px4_msgs) StdoutLine: {'line': b'-- Up-to-date: /home/pavel/ws_ros2/install/px4_msgs/include/px4_msgs/px4_msgs/msg/detail/irlock_report__rosidl_typesupport_introspection_c.h\n'}
[5.732568] (px4_msgs) StdoutLine: {'line': b'-- Up-to-date: /home/pavel/ws_ros2/install/px4_msgs/include/px4_msgs/px4_msgs/msg/detail/offboard_control_mode__type_support.c\n'}
[5.732617] (px4_msgs) StdoutLine: {'line': b'-- Up-to-date: /home/pavel/ws_ros2/install/px4_msgs/include/px4_msgs/px4_msgs/msg/detail/fuel_tank_status__type_support.c\n'}
[5.732666] (px4_msgs) StdoutLine: {'line': b'-- Up-to-date: /home/pavel/ws_ros2/install/px4_msgs/include/px4_msgs/px4_msgs/msg/detail/sensor_combined__rosidl_typesupport_introspection_c.h\n'}
[5.732714] (px4_msgs) StdoutLine: {'line': b'-- Up-to-date: /home/pavel/ws_ros2/install/px4_msgs/include/px4_msgs/px4_msgs/msg/detail/manual_control_switches__rosidl_typesupport_introspection_c.h\n'}
[5.732767] (px4_msgs) StdoutLine: {'line': b'-- Up-to-date: /home/pavel/ws_ros2/install/px4_msgs/include/px4_msgs/px4_msgs/msg/detail/gimbal_device_attitude_status__rosidl_typesupport_introspection_c.h\n'}
[5.732821] (px4_msgs) StdoutLine: {'line': b'-- Up-to-date: /home/pavel/ws_ros2/install/px4_msgs/include/px4_msgs/px4_msgs/msg/detail/normalized_unsigned_setpoint__rosidl_typesupport_introspection_c.h\n'}
[5.732888] (px4_msgs) StdoutLine: {'line': b'-- Up-to-date: /home/pavel/ws_ros2/install/px4_msgs/include/px4_msgs/px4_msgs/msg/detail/sensor_baro__type_support.c\n'}
[5.732937] (px4_msgs) StdoutLine: {'line': b'-- Up-to-date: /home/pavel/ws_ros2/install/px4_msgs/include/px4_msgs/px4_msgs/msg/detail/wind__rosidl_typesupport_introspection_c.h\n'}
[5.732985] (px4_msgs) StdoutLine: {'line': b'-- Up-to-date: /home/pavel/ws_ros2/install/px4_msgs/include/px4_msgs/px4_msgs/msg/detail/dataman_request__rosidl_typesupport_introspection_c.h\n'}
[5.733039] (px4_msgs) StdoutLine: {'line': b'-- Up-to-date: /home/pavel/ws_ros2/install/px4_msgs/include/px4_msgs/px4_msgs/msg/detail/parameter_set_used_request__type_support.c\n'}
[5.733092] (px4_msgs) StdoutLine: {'line': b'-- Up-to-date: /home/pavel/ws_ros2/install/px4_msgs/include/px4_msgs/px4_msgs/msg/detail/sensor_gyro__type_support.c\n'}
[5.733146] (px4_msgs) StdoutLine: {'line': b'-- Up-to-date: /home/pavel/ws_ros2/install/px4_msgs/include/px4_msgs/px4_msgs/msg/detail/vehicle_angular_acceleration_setpoint__type_support.c\n'}
[5.733218] (px4_msgs) StdoutLine: {'line': b'-- Up-to-date: /home/pavel/ws_ros2/install/px4_msgs/include/px4_msgs/px4_msgs/msg/detail/orbit_status__rosidl_typesupport_introspection_c.h\n'}
[5.733283] (px4_msgs) StdoutLine: {'line': b'-- Up-to-date: /home/pavel/ws_ros2/install/px4_msgs/include/px4_msgs/px4_msgs/msg/rosidl_typesupport_introspection_c__visibility_control.h\n'}
[5.733340] (px4_msgs) StdoutLine: {'line': b'-- Up-to-date: /home/pavel/ws_ros2/install/px4_msgs/lib/libpx4_msgs__rosidl_typesupport_introspection_c.so\n'}
[5.733399] (px4_msgs) StdoutLine: {'line': b'-- Up-to-date: /home/pavel/ws_ros2/install/px4_msgs/lib/libpx4_msgs__rosidl_typesupport_c.so\n'}
[5.733452] (px4_msgs) StdoutLine: {'line': b'-- Up-to-date: /home/pavel/ws_ros2/install/px4_msgs/include/px4_msgs/px4_msgs\n'}
[5.733500] (px4_msgs) StdoutLine: {'line': b'-- Up-to-date: /home/pavel/ws_ros2/install/px4_msgs/include/px4_msgs/px4_msgs/srv\n'}
[5.733550] (px4_msgs) StdoutLine: {'line': b'-- Up-to-date: /home/pavel/ws_ros2/install/px4_msgs/include/px4_msgs/px4_msgs/srv/detail\n'}
[5.733604] (px4_msgs) StdoutLine: {'line': b'-- Up-to-date: /home/pavel/ws_ros2/install/px4_msgs/include/px4_msgs/px4_msgs/srv/detail/vehicle_command__rosidl_typesupport_introspection_cpp.hpp\n'}
[5.733674] (px4_msgs) StdoutLine: {'line': b'-- Up-to-date: /home/pavel/ws_ros2/install/px4_msgs/include/px4_msgs/px4_msgs/srv/detail/vehicle_command__type_support.cpp\n'}
[5.733722] (px4_msgs) StdoutLine: {'line': b'-- Up-to-date: /home/pavel/ws_ros2/install/px4_msgs/include/px4_msgs/px4_msgs/msg\n'}
[5.733771] (px4_msgs) StdoutLine: {'line': b'-- Up-to-date: /home/pavel/ws_ros2/install/px4_msgs/include/px4_msgs/px4_msgs/msg/detail\n'}
[5.733819] (px4_msgs) StdoutLine: {'line': b'-- Up-to-date: /home/pavel/ws_ros2/install/px4_msgs/include/px4_msgs/px4_msgs/msg/detail/estimator_event_flags__type_support.cpp\n'}
[5.733868] (px4_msgs) StdoutLine: {'line': b'-- Up-to-date: /home/pavel/ws_ros2/install/px4_msgs/include/px4_msgs/px4_msgs/msg/detail/vehicle_global_position__rosidl_typesupport_introspection_cpp.hpp\n'}
[5.733916] (px4_msgs) StdoutLine: {'line': b'-- Up-to-date: /home/pavel/ws_ros2/install/px4_msgs/include/px4_msgs/px4_msgs/msg/detail/figure_eight_status__rosidl_typesupport_introspection_cpp.hpp\n'}
[5.733964] (px4_msgs) StdoutLine: {'line': b'-- Up-to-date: /home/pavel/ws_ros2/install/px4_msgs/include/px4_msgs/px4_msgs/msg/detail/collision_report__type_support.cpp\n'}
[5.734019] (px4_msgs) StdoutLine: {'line': b'-- Up-to-date: /home/pavel/ws_ros2/install/px4_msgs/include/px4_msgs/px4_msgs/msg/detail/gpio_config__rosidl_typesupport_introspection_cpp.hpp\n'}
[5.734073] (px4_msgs) StdoutLine: {'line': b'-- Up-to-date: /home/pavel/ws_ros2/install/px4_msgs/include/px4_msgs/px4_msgs/msg/detail/sensor_airflow__rosidl_typesupport_introspection_cpp.hpp\n'}
[5.734128] (px4_msgs) StdoutLine: {'line': b'-- Up-to-date: /home/pavel/ws_ros2/install/px4_msgs/include/px4_msgs/px4_msgs/msg/detail/estimator_aid_source3d__rosidl_typesupport_introspection_cpp.hpp\n'}
[5.734183] (px4_msgs) StdoutLine: {'line': b'-- Up-to-date: /home/pavel/ws_ros2/install/px4_msgs/include/px4_msgs/px4_msgs/msg/detail/mag_worker_data__type_support.cpp\n'}
[5.734257] (px4_msgs) StdoutLine: {'line': b'-- Up-to-date: /home/pavel/ws_ros2/install/px4_msgs/include/px4_msgs/px4_msgs/msg/detail/offboard_control_mode__type_support.cpp\n'}
[5.734307] (px4_msgs) StdoutLine: {'line': b'-- Up-to-date: /home/pavel/ws_ros2/install/px4_msgs/include/px4_msgs/px4_msgs/msg/detail/follow_target_status__rosidl_typesupport_introspection_cpp.hpp\n'}
[5.734355] (px4_msgs) StdoutLine: {'line': b'-- Up-to-date: /home/pavel/ws_ros2/install/px4_msgs/include/px4_msgs/px4_msgs/msg/detail/camera_status__type_support.cpp\n'}
[5.734415] (px4_msgs) StdoutLine: {'line': b'-- Up-to-date: /home/pavel/ws_ros2/install/px4_msgs/include/px4_msgs/px4_msgs/msg/detail/debug_array__type_support.cpp\n'}
[5.734466] (px4_msgs) StdoutLine: {'line': b'-- Up-to-date: /home/pavel/ws_ros2/install/px4_msgs/include/px4_msgs/px4_msgs/msg/detail/rpm__type_support.cpp\n'}
[5.734521] (px4_msgs) StdoutLine: {'line': b'-- Up-to-date: /home/pavel/ws_ros2/install/px4_msgs/include/px4_msgs/px4_msgs/msg/detail/cellular_status__rosidl_typesupport_introspection_cpp.hpp\n'}
[5.734574] (px4_msgs) StdoutLine: {'line': b'-- Up-to-date: /home/pavel/ws_ros2/install/px4_msgs/include/px4_msgs/px4_msgs/msg/detail/arming_check_request__type_support.cpp\n'}
[5.734640] (px4_msgs) StdoutLine: {'line': b'-- Up-to-date: /home/pavel/ws_ros2/install/px4_msgs/include/px4_msgs/px4_msgs/msg/detail/ulog_stream_ack__rosidl_typesupport_introspection_cpp.hpp\n'}
[5.734689] (px4_msgs) StdoutLine: {'line': b'-- Up-to-date: /home/pavel/ws_ros2/install/px4_msgs/include/px4_msgs/px4_msgs/msg/detail/mode_completed__rosidl_typesupport_introspection_cpp.hpp\n'}
[5.734737] (px4_msgs) StdoutLine: {'line': b'-- Up-to-date: /home/pavel/ws_ros2/install/px4_msgs/include/px4_msgs/px4_msgs/msg/detail/manual_control_setpoint__rosidl_typesupport_introspection_cpp.hpp\n'}
[5.734790] (px4_msgs) StdoutLine: {'line': b'-- Up-to-date: /home/pavel/ws_ros2/install/px4_msgs/include/px4_msgs/px4_msgs/msg/detail/sensor_gps__rosidl_typesupport_introspection_cpp.hpp\n'}
[5.734843] (px4_msgs) StdoutLine: {'line': b'-- Up-to-date: /home/pavel/ws_ros2/install/px4_msgs/include/px4_msgs/px4_msgs/msg/detail/power_button_state__rosidl_typesupport_introspection_cpp.hpp\n'}
[5.734897] (px4_msgs) StdoutLine: {'line': b'-- Up-to-date: /home/pavel/ws_ros2/install/px4_msgs/include/px4_msgs/px4_msgs/msg/detail/gimbal_manager_set_manual_control__type_support.cpp\n'}
[5.734968] (px4_msgs) StdoutLine: {'line': b'-- Up-to-date: /home/pavel/ws_ros2/install/px4_msgs/include/px4_msgs/px4_msgs/msg/detail/estimator_gps_status__type_support.cpp\n'}
[5.735021] (px4_msgs) StdoutLine: {'line': b'-- Up-to-date: /home/pavel/ws_ros2/install/px4_msgs/include/px4_msgs/px4_msgs/msg/detail/rover_ackermann_guidance_status__type_support.cpp\n'}
[5.735071] (px4_msgs) StdoutLine: {'line': b'-- Up-to-date: /home/pavel/ws_ros2/install/px4_msgs/include/px4_msgs/px4_msgs/msg/detail/arming_check_reply__type_support.cpp\n'}
[5.735121] (px4_msgs) StdoutLine: {'line': b'-- Up-to-date: /home/pavel/ws_ros2/install/px4_msgs/include/px4_msgs/px4_msgs/msg/detail/vehicle_trajectory_bezier__rosidl_typesupport_introspection_cpp.hpp\n'}
[5.735170] (px4_msgs) StdoutLine: {'line': b'-- Up-to-date: /home/pavel/ws_ros2/install/px4_msgs/include/px4_msgs/px4_msgs/msg/detail/distance_sensor__type_support.cpp\n'}
[5.735233] (px4_msgs) StdoutLine: {'line': b'-- Up-to-date: /home/pavel/ws_ros2/install/px4_msgs/include/px4_msgs/px4_msgs/msg/detail/estimator_aid_source2d__type_support.cpp\n'}
[5.735282] (px4_msgs) StdoutLine: {'line': b'-- Up-to-date: /home/pavel/ws_ros2/install/px4_msgs/include/px4_msgs/px4_msgs/msg/detail/log_message__type_support.cpp\n'}
[5.735331] (px4_msgs) StdoutLine: {'line': b'-- Up-to-date: /home/pavel/ws_ros2/install/px4_msgs/include/px4_msgs/px4_msgs/msg/detail/wheel_encoders__rosidl_typesupport_introspection_cpp.hpp\n'}
[5.735385] (px4_msgs) StdoutLine: {'line': b'-- Up-to-date: /home/pavel/ws_ros2/install/px4_msgs/include/px4_msgs/px4_msgs/msg/detail/system_power__rosidl_typesupport_introspection_cpp.hpp\n'}
[5.735441] (px4_msgs) StdoutLine: {'line': b'-- Up-to-date: /home/pavel/ws_ros2/install/px4_msgs/include/px4_msgs/px4_msgs/msg/detail/onboard_computer_status__type_support.cpp\n'}
[5.735498] (px4_msgs) StdoutLine: {'line': b'-- Up-to-date: /home/pavel/ws_ros2/install/px4_msgs/include/px4_msgs/px4_msgs/msg/detail/gimbal_manager_set_attitude__type_support.cpp\n'}
[5.735552] (px4_msgs) StdoutLine: {'line': b'-- Up-to-date: /home/pavel/ws_ros2/install/px4_msgs/include/px4_msgs/px4_msgs/msg/detail/orb_test__type_support.cpp\n'}
[5.735607] (px4_msgs) StdoutLine: {'line': b'-- Up-to-date: /home/pavel/ws_ros2/install/px4_msgs/include/px4_msgs/px4_msgs/msg/detail/vehicle_acceleration__rosidl_typesupport_introspection_cpp.hpp\n'}
[5.735662] (px4_msgs) StdoutLine: {'line': b'-- Up-to-date: /home/pavel/ws_ros2/install/px4_msgs/include/px4_msgs/px4_msgs/msg/detail/yaw_estimator_status__rosidl_typesupport_introspection_cpp.hpp\n'}
[5.735718] (px4_msgs) StdoutLine: {'line': b'-- Up-to-date: /home/pavel/ws_ros2/install/px4_msgs/include/px4_msgs/px4_msgs/msg/detail/onboard_computer_status__rosidl_typesupport_introspection_cpp.hpp\n'}
[5.735773] (px4_msgs) StdoutLine: {'line': b'-- Up-to-date: /home/pavel/ws_ros2/install/px4_msgs/include/px4_msgs/px4_msgs/msg/detail/position_setpoint_triplet__rosidl_typesupport_introspection_cpp.hpp\n'}
[5.735846] (px4_msgs) StdoutLine: {'line': b'-- Up-to-date: /home/pavel/ws_ros2/install/px4_msgs/include/px4_msgs/px4_msgs/msg/detail/timesync_status__rosidl_typesupport_introspection_cpp.hpp\n'}
[5.735896] (px4_msgs) StdoutLine: {'line': b'-- Up-to-date: /home/pavel/ws_ros2/install/px4_msgs/include/px4_msgs/px4_msgs/msg/detail/follow_target_estimator__rosidl_typesupport_introspection_cpp.hpp\n'}
[5.735945] (px4_msgs) StdoutLine: {'line': b'-- Up-to-date: /home/pavel/ws_ros2/install/px4_msgs/include/px4_msgs/px4_msgs/msg/detail/mavlink_tunnel__type_support.cpp\n'}
[5.735997] (px4_msgs) StdoutLine: {'line': b'-- Up-to-date: /home/pavel/ws_ros2/install/px4_msgs/include/px4_msgs/px4_msgs/msg/detail/vehicle_magnetometer__type_support.cpp\n'}
[5.736051] (px4_msgs) StdoutLine: {'line': b'-- Up-to-date: /home/pavel/ws_ros2/install/px4_msgs/include/px4_msgs/px4_msgs/msg/detail/parameter_set_value_request__rosidl_typesupport_introspection_cpp.hpp\n'}
[5.736105] (px4_msgs) StdoutLine: {'line': b'-- Up-to-date: /home/pavel/ws_ros2/install/px4_msgs/include/px4_msgs/px4_msgs/msg/detail/uavcan_parameter_value__type_support.cpp\n'}
[5.736159] (px4_msgs) StdoutLine: {'line': b'-- Up-to-date: /home/pavel/ws_ros2/install/px4_msgs/include/px4_msgs/px4_msgs/msg/detail/estimator_aid_source3d__type_support.cpp\n'}
[5.736213] (px4_msgs) StdoutLine: {'line': b'-- Up-to-date: /home/pavel/ws_ros2/install/px4_msgs/include/px4_msgs/px4_msgs/msg/detail/manual_control_switches__rosidl_typesupport_introspection_cpp.hpp\n'}
[5.736267] (px4_msgs) StdoutLine: {'line': b'-- Up-to-date: /home/pavel/ws_ros2/install/px4_msgs/include/px4_msgs/px4_msgs/msg/detail/logger_status__type_support.cpp\n'}
[5.736321] (px4_msgs) StdoutLine: {'line': b'-- Up-to-date: /home/pavel/ws_ros2/install/px4_msgs/include/px4_msgs/px4_msgs/msg/detail/register_ext_component_request__rosidl_typesupport_introspection_cpp.hpp\n'}
[5.736381] (px4_msgs) StdoutLine: {'line': b'-- Up-to-date: /home/pavel/ws_ros2/install/px4_msgs/include/px4_msgs/px4_msgs/msg/detail/qshell_retval__type_support.cpp\n'}
[5.736463] (px4_msgs) StdoutLine: {'line': b'-- Up-to-date: /home/pavel/ws_ros2/install/px4_msgs/include/px4_msgs/px4_msgs/msg/detail/gpio_out__rosidl_typesupport_introspection_cpp.hpp\n'}
[5.736518] (px4_msgs) StdoutLine: {'line': b'-- Up-to-date: /home/pavel/ws_ros2/install/px4_msgs/include/px4_msgs/px4_msgs/msg/detail/normalized_unsigned_setpoint__rosidl_typesupport_introspection_cpp.hpp\n'}
[5.736574] (px4_msgs) StdoutLine: {'line': b'-- Up-to-date: /home/pavel/ws_ros2/install/px4_msgs/include/px4_msgs/px4_msgs/msg/detail/landing_gear__type_support.cpp\n'}
[5.736623] (px4_msgs) StdoutLine: {'line': b'-- Up-to-date: /home/pavel/ws_ros2/install/px4_msgs/include/px4_msgs/px4_msgs/msg/detail/actuator_servos_trim__type_support.cpp\n'}
[5.736671] (px4_msgs) StdoutLine: {'line': b'-- Up-to-date: /home/pavel/ws_ros2/install/px4_msgs/include/px4_msgs/px4_msgs/msg/detail/esc_report__rosidl_typesupport_introspection_cpp.hpp\n'}
[5.736725] (px4_msgs) StdoutLine: {'line': b'-- Up-to-date: /home/pavel/ws_ros2/install/px4_msgs/include/px4_msgs/px4_msgs/msg/detail/health_report__rosidl_typesupport_introspection_cpp.hpp\n'}
[5.736780] (px4_msgs) StdoutLine: {'line': b'-- Up-to-date: /home/pavel/ws_ros2/install/px4_msgs/include/px4_msgs/px4_msgs/msg/detail/gpio_config__type_support.cpp\n'}
[5.736834] (px4_msgs) StdoutLine: {'line': b'-- Up-to-date: /home/pavel/ws_ros2/install/px4_msgs/include/px4_msgs/px4_msgs/msg/detail/gripper__type_support.cpp\n'}
[5.736901] (px4_msgs) StdoutLine: {'line': b'-- Up-to-date: /home/pavel/ws_ros2/install/px4_msgs/include/px4_msgs/px4_msgs/msg/detail/px4io_status__type_support.cpp\n'}
[5.736955] (px4_msgs) StdoutLine: {'line': b'-- Up-to-date: /home/pavel/ws_ros2/install/px4_msgs/include/px4_msgs/px4_msgs/msg/detail/tune_control__type_support.cpp\n'}
[5.737009] (px4_msgs) StdoutLine: {'line': b'-- Up-to-date: /home/pavel/ws_ros2/install/px4_msgs/include/px4_msgs/px4_msgs/msg/detail/geofence_result__type_support.cpp\n'}
[5.737075] (px4_msgs) StdoutLine: {'line': b'-- Up-to-date: /home/pavel/ws_ros2/install/px4_msgs/include/px4_msgs/px4_msgs/msg/detail/estimator_gps_status__rosidl_typesupport_introspection_cpp.hpp\n'}
[5.737124] (px4_msgs) StdoutLine: {'line': b'-- Up-to-date: /home/pavel/ws_ros2/install/px4_msgs/include/px4_msgs/px4_msgs/msg/detail/rc_parameter_map__rosidl_typesupport_introspection_cpp.hpp\n'}
[5.737173] (px4_msgs) StdoutLine: {'line': b'-- Up-to-date: /home/pavel/ws_ros2/install/px4_msgs/include/px4_msgs/px4_msgs/msg/detail/led_control__type_support.cpp\n'}
[5.737224] (px4_msgs) StdoutLine: {'line': b'-- Up-to-date: /home/pavel/ws_ros2/install/px4_msgs/include/px4_msgs/px4_msgs/msg/detail/estimator_status_flags__type_support.cpp\n'}
[5.737278] (px4_msgs) StdoutLine: {'line': b'-- Up-to-date: /home/pavel/ws_ros2/install/px4_msgs/include/px4_msgs/px4_msgs/msg/detail/sensor_accel_fifo__rosidl_typesupport_introspection_cpp.hpp\n'}
[5.737333] (px4_msgs) StdoutLine: {'line': b'-- Up-to-date: /home/pavel/ws_ros2/install/px4_msgs/include/px4_msgs/px4_msgs/msg/detail/power_monitor__type_support.cpp\n'}
[5.737411] (px4_msgs) StdoutLine: {'line': b'-- Up-to-date: /home/pavel/ws_ros2/install/px4_msgs/include/px4_msgs/px4_msgs/msg/detail/actuator_outputs__rosidl_typesupport_introspection_cpp.hpp\n'}
[5.737465] (px4_msgs) StdoutLine: {'line': b'-- Up-to-date: /home/pavel/ws_ros2/install/px4_msgs/include/px4_msgs/px4_msgs/msg/detail/mavlink_log__rosidl_typesupport_introspection_cpp.hpp\n'}
[5.737515] (px4_msgs) StdoutLine: {'line': b'-- Up-to-date: /home/pavel/ws_ros2/install/px4_msgs/include/px4_msgs/px4_msgs/msg/detail/mission_result__rosidl_typesupport_introspection_cpp.hpp\n'}
[5.737564] (px4_msgs) StdoutLine: {'line': b'-- Up-to-date: /home/pavel/ws_ros2/install/px4_msgs/include/px4_msgs/px4_msgs/msg/detail/sensor_airflow__type_support.cpp\n'}
[5.737614] (px4_msgs) StdoutLine: {'line': b'-- Up-to-date: /home/pavel/ws_ros2/install/px4_msgs/include/px4_msgs/px4_msgs/msg/detail/actuator_servos_trim__rosidl_typesupport_introspection_cpp.hpp\n'}
[5.737665] (px4_msgs) StdoutLine: {'line': b'-- Up-to-date: /home/pavel/ws_ros2/install/px4_msgs/include/px4_msgs/px4_msgs/msg/detail/vehicle_optical_flow_vel__type_support.cpp\n'}
[5.737720] (px4_msgs) StdoutLine: {'line': b'-- Up-to-date: /home/pavel/ws_ros2/install/px4_msgs/include/px4_msgs/px4_msgs/msg/detail/can_interface_status__type_support.cpp\n'}
[5.737789] (px4_msgs) StdoutLine: {'line': b'-- Up-to-date: /home/pavel/ws_ros2/install/px4_msgs/include/px4_msgs/px4_msgs/msg/detail/airspeed__type_support.cpp\n'}
[5.737839] (px4_msgs) StdoutLine: {'line': b'-- Up-to-date: /home/pavel/ws_ros2/install/px4_msgs/include/px4_msgs/px4_msgs/msg/detail/geofence_status__rosidl_typesupport_introspection_cpp.hpp\n'}
[5.737888] (px4_msgs) StdoutLine: {'line': b'-- Up-to-date: /home/pavel/ws_ros2/install/px4_msgs/include/px4_msgs/px4_msgs/msg/detail/collision_constraints__type_support.cpp\n'}
[5.737940] (px4_msgs) StdoutLine: {'line': b'-- Up-to-date: /home/pavel/ws_ros2/install/px4_msgs/include/px4_msgs/px4_msgs/msg/detail/actuator_motors__type_support.cpp\n'}
[5.737994] (px4_msgs) StdoutLine: {'line': b'-- Up-to-date: /home/pavel/ws_ros2/install/px4_msgs/include/px4_msgs/px4_msgs/msg/detail/offboard_control_mode__rosidl_typesupport_introspection_cpp.hpp\n'}
[5.738048] (px4_msgs) StdoutLine: {'line': b'-- Up-to-date: /home/pavel/ws_ros2/install/px4_msgs/include/px4_msgs/px4_msgs/msg/detail/vehicle_status__rosidl_typesupport_introspection_cpp.hpp\n'}
[5.738117] (px4_msgs) StdoutLine: {'line': b'-- Up-to-date: /home/pavel/ws_ros2/install/px4_msgs/include/px4_msgs/px4_msgs/msg/detail/uavcan_parameter_request__type_support.cpp\n'}
[5.738170] (px4_msgs) StdoutLine: {'line': b'-- Up-to-date: /home/pavel/ws_ros2/install/px4_msgs/include/px4_msgs/px4_msgs/msg/detail/mission_result__type_support.cpp\n'}
[5.738225] (px4_msgs) StdoutLine: {'line': b'-- Up-to-date: /home/pavel/ws_ros2/install/px4_msgs/include/px4_msgs/px4_msgs/msg/detail/message_format_request__rosidl_typesupport_introspection_cpp.hpp\n'}
[5.738304] (px4_msgs) StdoutLine: {'line': b'-- Up-to-date: /home/pavel/ws_ros2/install/px4_msgs/include/px4_msgs/px4_msgs/msg/detail/sensor_gyro_fifo__type_support.cpp\n'}
[5.738353] (px4_msgs) StdoutLine: {'line': b'-- Up-to-date: /home/pavel/ws_ros2/install/px4_msgs/include/px4_msgs/px4_msgs/msg/detail/trajectory_setpoint__rosidl_typesupport_introspection_cpp.hpp\n'}
[5.738414] (px4_msgs) StdoutLine: {'line': b'-- Up-to-date: /home/pavel/ws_ros2/install/px4_msgs/include/px4_msgs/px4_msgs/msg/detail/mission__type_support.cpp\n'}
[5.738464] (px4_msgs) StdoutLine: {'line': b'-- Up-to-date: /home/pavel/ws_ros2/install/px4_msgs/include/px4_msgs/px4_msgs/msg/detail/parameter_reset_request__rosidl_typesupport_introspection_cpp.hpp\n'}
[5.738518] (px4_msgs) StdoutLine: {'line': b'-- Up-to-date: /home/pavel/ws_ros2/install/px4_msgs/include/px4_msgs/px4_msgs/msg/detail/collision_report__rosidl_typesupport_introspection_cpp.hpp\n'}
[5.738572] (px4_msgs) StdoutLine: {'line': b'-- Up-to-date: /home/pavel/ws_ros2/install/px4_msgs/include/px4_msgs/px4_msgs/msg/detail/landing_target_innovations__type_support.cpp\n'}
[5.738627] (px4_msgs) StdoutLine: {'line': b'-- Up-to-date: /home/pavel/ws_ros2/install/px4_msgs/include/px4_msgs/px4_msgs/msg/detail/vtol_vehicle_status__type_support.cpp\n'}
[5.738699] (px4_msgs) StdoutLine: {'line': b'-- Up-to-date: /home/pavel/ws_ros2/install/px4_msgs/include/px4_msgs/px4_msgs/msg/detail/pwm_input__type_support.cpp\n'}
[5.738749] (px4_msgs) StdoutLine: {'line': b'-- Up-to-date: /home/pavel/ws_ros2/install/px4_msgs/include/px4_msgs/px4_msgs/msg/detail/yaw_estimator_status__type_support.cpp\n'}
[5.738798] (px4_msgs) StdoutLine: {'line': b'-- Up-to-date: /home/pavel/ws_ros2/install/px4_msgs/include/px4_msgs/px4_msgs/msg/detail/timesync_status__type_support.cpp\n'}
[5.738846] (px4_msgs) StdoutLine: {'line': b'-- Up-to-date: /home/pavel/ws_ros2/install/px4_msgs/include/px4_msgs/px4_msgs/msg/detail/magnetometer_bias_estimate__rosidl_typesupport_introspection_cpp.hpp\n'}
[5.738896] (px4_msgs) StdoutLine: {'line': b'-- Up-to-date: /home/pavel/ws_ros2/install/px4_msgs/include/px4_msgs/px4_msgs/msg/detail/debug_value__rosidl_typesupport_introspection_cpp.hpp\n'}
[5.738947] (px4_msgs) StdoutLine: {'line': b'-- Up-to-date: /home/pavel/ws_ros2/install/px4_msgs/include/px4_msgs/px4_msgs/msg/detail/mavlink_tunnel__rosidl_typesupport_introspection_cpp.hpp\n'}
[5.739012] (px4_msgs) StdoutLine: {'line': b'-- Up-to-date: /home/pavel/ws_ros2/install/px4_msgs/include/px4_msgs/px4_msgs/msg/detail/vehicle_imu_status__rosidl_typesupport_introspection_cpp.hpp\n'}
[5.739062] (px4_msgs) StdoutLine: {'line': b'-- Up-to-date: /home/pavel/ws_ros2/install/px4_msgs/include/px4_msgs/px4_msgs/msg/detail/autotune_attitude_control_status__rosidl_typesupport_introspection_cpp.hpp\n'}
[5.739111] (px4_msgs) StdoutLine: {'line': b'-- Up-to-date: /home/pavel/ws_ros2/install/px4_msgs/include/px4_msgs/px4_msgs/msg/detail/parameter_set_used_request__type_support.cpp\n'}
[5.739160] (px4_msgs) StdoutLine: {'line': b'-- Up-to-date: /home/pavel/ws_ros2/install/px4_msgs/include/px4_msgs/px4_msgs/msg/detail/rc_parameter_map__type_support.cpp\n'}
[5.739209] (px4_msgs) StdoutLine: {'line': b'-- Up-to-date: /home/pavel/ws_ros2/install/px4_msgs/include/px4_msgs/px4_msgs/msg/detail/geofence_status__type_support.cpp\n'}
[5.739258] (px4_msgs) StdoutLine: {'line': b'-- Up-to-date: /home/pavel/ws_ros2/install/px4_msgs/include/px4_msgs/px4_msgs/msg/detail/actuator_armed__rosidl_typesupport_introspection_cpp.hpp\n'}
[5.739307] (px4_msgs) StdoutLine: {'line': b'-- Up-to-date: /home/pavel/ws_ros2/install/px4_msgs/include/px4_msgs/px4_msgs/msg/detail/trajectory_waypoint__rosidl_typesupport_introspection_cpp.hpp\n'}
[5.739356] (px4_msgs) StdoutLine: {'line': b'-- Up-to-date: /home/pavel/ws_ros2/install/px4_msgs/include/px4_msgs/px4_msgs/msg/detail/figure_eight_status__type_support.cpp\n'}
[5.739436] (px4_msgs) StdoutLine: {'line': b'-- Up-to-date: /home/pavel/ws_ros2/install/px4_msgs/include/px4_msgs/px4_msgs/msg/detail/health_report__type_support.cpp\n'}
[5.739496] (px4_msgs) StdoutLine: {'line': b'-- Up-to-date: /home/pavel/ws_ros2/install/px4_msgs/include/px4_msgs/px4_msgs/msg/detail/sensor_gnss_relative__type_support.cpp\n'}
[5.739573] (px4_msgs) StdoutLine: {'line': b'-- Up-to-date: /home/pavel/ws_ros2/install/px4_msgs/include/px4_msgs/px4_msgs/msg/detail/flight_phase_estimation__rosidl_typesupport_introspection_cpp.hpp\n'}
[5.739623] (px4_msgs) StdoutLine: {'line': b'-- Up-to-date: /home/pavel/ws_ros2/install/px4_msgs/include/px4_msgs/px4_msgs/msg/detail/position_controller_landing_status__type_support.cpp\n'}
[5.739676] (px4_msgs) StdoutLine: {'line': b'-- Up-to-date: /home/pavel/ws_ros2/install/px4_msgs/include/px4_msgs/px4_msgs/msg/detail/gpio_out__type_support.cpp\n'}
[5.739726] (px4_msgs) StdoutLine: {'line': b'-- Up-to-date: /home/pavel/ws_ros2/install/px4_msgs/include/px4_msgs/px4_msgs/msg/detail/parameter_update__rosidl_typesupport_introspection_cpp.hpp\n'}
[5.739775] (px4_msgs) StdoutLine: {'line': b'-- Up-to-date: /home/pavel/ws_ros2/install/px4_msgs/include/px4_msgs/px4_msgs/msg/detail/distance_sensor__rosidl_typesupport_introspection_cpp.hpp\n'}
[5.739824] (px4_msgs) StdoutLine: {'line': b'-- Up-to-date: /home/pavel/ws_ros2/install/px4_msgs/include/px4_msgs/px4_msgs/msg/detail/vehicle_acceleration__type_support.cpp\n'}
[5.739873] (px4_msgs) StdoutLine: {'line': b'-- Up-to-date: /home/pavel/ws_ros2/install/px4_msgs/include/px4_msgs/px4_msgs/msg/detail/vehicle_roi__type_support.cpp\n'}
[5.739932] (px4_msgs) StdoutLine: {'line': b'-- Up-to-date: /home/pavel/ws_ros2/install/px4_msgs/include/px4_msgs/px4_msgs/msg/detail/vehicle_optical_flow__type_support.cpp\n'}
[5.739987] (px4_msgs) StdoutLine: {'line': b'-- Up-to-date: /home/pavel/ws_ros2/install/px4_msgs/include/px4_msgs/px4_msgs/msg/detail/adc_report__type_support.cpp\n'}
[5.740042] (px4_msgs) StdoutLine: {'line': b'-- Up-to-date: /home/pavel/ws_ros2/install/px4_msgs/include/px4_msgs/px4_msgs/msg/detail/gimbal_device_attitude_status__rosidl_typesupport_introspection_cpp.hpp\n'}
[5.740097] (px4_msgs) StdoutLine: {'line': b'-- Up-to-date: /home/pavel/ws_ros2/install/px4_msgs/include/px4_msgs/px4_msgs/msg/detail/sensor_gyro_fft__rosidl_typesupport_introspection_cpp.hpp\n'}
[5.740152] (px4_msgs) StdoutLine: {'line': b'-- Up-to-date: /home/pavel/ws_ros2/install/px4_msgs/include/px4_msgs/px4_msgs/msg/detail/failsafe_flags__rosidl_typesupport_introspection_cpp.hpp\n'}
[5.740206] (px4_msgs) StdoutLine: {'line': b'-- Up-to-date: /home/pavel/ws_ros2/install/px4_msgs/include/px4_msgs/px4_msgs/msg/detail/trajectory_bezier__rosidl_typesupport_introspection_cpp.hpp\n'}
[5.740262] (px4_msgs) StdoutLine: {'line': b'-- Up-to-date: /home/pavel/ws_ros2/install/px4_msgs/include/px4_msgs/px4_msgs/msg/detail/vehicle_local_position_setpoint__rosidl_typesupport_introspection_cpp.hpp\n'}
[5.740317] (px4_msgs) StdoutLine: {'line': b'-- Up-to-date: /home/pavel/ws_ros2/install/px4_msgs/include/px4_msgs/px4_msgs/msg/detail/parameter_update__type_support.cpp\n'}
[5.740372] (px4_msgs) StdoutLine: {'line': b'-- Up-to-date: /home/pavel/ws_ros2/install/px4_msgs/include/px4_msgs/px4_msgs/msg/detail/gripper__rosidl_typesupport_introspection_cpp.hpp\n'}
[5.740457] (px4_msgs) StdoutLine: {'line': b'-- Up-to-date: /home/pavel/ws_ros2/install/px4_msgs/include/px4_msgs/px4_msgs/msg/detail/rtl_status__type_support.cpp\n'}
[5.740508] (px4_msgs) StdoutLine: {'line': b'-- Up-to-date: /home/pavel/ws_ros2/install/px4_msgs/include/px4_msgs/px4_msgs/msg/detail/ping__rosidl_typesupport_introspection_cpp.hpp\n'}
[5.740557] (px4_msgs) StdoutLine: {'line': b'-- Up-to-date: /home/pavel/ws_ros2/install/px4_msgs/include/px4_msgs/px4_msgs/msg/detail/power_monitor__rosidl_typesupport_introspection_cpp.hpp\n'}
[5.740619] (px4_msgs) StdoutLine: {'line': b'-- Up-to-date: /home/pavel/ws_ros2/install/px4_msgs/include/px4_msgs/px4_msgs/msg/detail/dataman_response__rosidl_typesupport_introspection_cpp.hpp\n'}
[5.740669] (px4_msgs) StdoutLine: {'line': b'-- Up-to-date: /home/pavel/ws_ros2/install/px4_msgs/include/px4_msgs/px4_msgs/msg/detail/tiltrotor_extra_controls__type_support.cpp\n'}
[5.740724] (px4_msgs) StdoutLine: {'line': b'-- Up-to-date: /home/pavel/ws_ros2/install/px4_msgs/include/px4_msgs/px4_msgs/msg/detail/camera_trigger__rosidl_typesupport_introspection_cpp.hpp\n'}
[5.740773] (px4_msgs) StdoutLine: {'line': b'-- Up-to-date: /home/pavel/ws_ros2/install/px4_msgs/include/px4_msgs/px4_msgs/msg/detail/position_setpoint__rosidl_typesupport_introspection_cpp.hpp\n'}
[5.740822] (px4_msgs) StdoutLine: {'line': b'-- Up-to-date: /home/pavel/ws_ros2/install/px4_msgs/include/px4_msgs/px4_msgs/msg/detail/wheel_encoders__type_support.cpp\n'}
[5.740873] (px4_msgs) StdoutLine: {'line': b'-- Up-to-date: /home/pavel/ws_ros2/install/px4_msgs/include/px4_msgs/px4_msgs/msg/detail/airspeed_validated__rosidl_typesupport_introspection_cpp.hpp\n'}
[5.740945] (px4_msgs) StdoutLine: {'line': b'-- Up-to-date: /home/pavel/ws_ros2/install/px4_msgs/include/px4_msgs/px4_msgs/msg/detail/parameter_set_value_request__type_support.cpp\n'}
[5.740994] (px4_msgs) StdoutLine: {'line': b'-- Up-to-date: /home/pavel/ws_ros2/install/px4_msgs/include/px4_msgs/px4_msgs/msg/detail/tecs_status__type_support.cpp\n'}
[5.741042] (px4_msgs) StdoutLine: {'line': b'-- Up-to-date: /home/pavel/ws_ros2/install/px4_msgs/include/px4_msgs/px4_msgs/msg/detail/action_request__type_support.cpp\n'}
[5.741091] (px4_msgs) StdoutLine: {'line': b'-- Up-to-date: /home/pavel/ws_ros2/install/px4_msgs/include/px4_msgs/px4_msgs/msg/detail/sensors_status__rosidl_typesupport_introspection_cpp.hpp\n'}
[5.741139] (px4_msgs) StdoutLine: {'line': b'-- Up-to-date: /home/pavel/ws_ros2/install/px4_msgs/include/px4_msgs/px4_msgs/msg/detail/launch_detection_status__type_support.cpp\n'}
[5.741213] (px4_msgs) StdoutLine: {'line': b'-- Up-to-date: /home/pavel/ws_ros2/install/px4_msgs/include/px4_msgs/px4_msgs/msg/detail/rtl_status__rosidl_typesupport_introspection_cpp.hpp\n'}
[5.741263] (px4_msgs) StdoutLine: {'line': b'-- Up-to-date: /home/pavel/ws_ros2/install/px4_msgs/include/px4_msgs/px4_msgs/msg/detail/arming_check_request__rosidl_typesupport_introspection_cpp.hpp\n'}
[5.741316] (px4_msgs) StdoutLine: {'line': b'-- Up-to-date: /home/pavel/ws_ros2/install/px4_msgs/include/px4_msgs/px4_msgs/msg/detail/vehicle_local_position__rosidl_typesupport_introspection_cpp.hpp\n'}
[5.741364] (px4_msgs) StdoutLine: {'line': b'-- Up-to-date: /home/pavel/ws_ros2/install/px4_msgs/include/px4_msgs/px4_msgs/msg/detail/rc_channels__type_support.cpp\n'}
[5.741423] (px4_msgs) StdoutLine: {'line': b'-- Up-to-date: /home/pavel/ws_ros2/install/px4_msgs/include/px4_msgs/px4_msgs/msg/detail/control_allocator_status__type_support.cpp\n'}
[5.741473] (px4_msgs) StdoutLine: {'line': b'-- Up-to-date: /home/pavel/ws_ros2/install/px4_msgs/include/px4_msgs/px4_msgs/msg/detail/gpio_in__type_support.cpp\n'}
[5.741522] (px4_msgs) StdoutLine: {'line': b'-- Up-to-date: /home/pavel/ws_ros2/install/px4_msgs/include/px4_msgs/px4_msgs/msg/detail/vehicle_thrust_setpoint__rosidl_typesupport_introspection_cpp.hpp\n'}
[5.741579] (px4_msgs) StdoutLine: {'line': b'-- Up-to-date: /home/pavel/ws_ros2/install/px4_msgs/include/px4_msgs/px4_msgs/msg/detail/sensor_uwb__rosidl_typesupport_introspection_cpp.hpp\n'}
[5.741632] (px4_msgs) StdoutLine: {'line': b'-- Up-to-date: /home/pavel/ws_ros2/install/px4_msgs/include/px4_msgs/px4_msgs/msg/detail/gps_dump__rosidl_typesupport_introspection_cpp.hpp\n'}
[5.741684] (px4_msgs) StdoutLine: {'line': b'-- Up-to-date: /home/pavel/ws_ros2/install/px4_msgs/include/px4_msgs/px4_msgs/msg/detail/estimator_sensor_bias__rosidl_typesupport_introspection_cpp.hpp\n'}
[5.741736] (px4_msgs) StdoutLine: {'line': b'-- Up-to-date: /home/pavel/ws_ros2/install/px4_msgs/include/px4_msgs/px4_msgs/msg/detail/register_ext_component_reply__type_support.cpp\n'}
[5.741791] (px4_msgs) StdoutLine: {'line': b'-- Up-to-date: /home/pavel/ws_ros2/install/px4_msgs/include/px4_msgs/px4_msgs/msg/detail/gps_inject_data__rosidl_typesupport_introspection_cpp.hpp\n'}
[5.741846] (px4_msgs) StdoutLine: {'line': b'-- Up-to-date: /home/pavel/ws_ros2/install/px4_msgs/include/px4_msgs/px4_msgs/msg/detail/config_overrides__type_support.cpp\n'}
[5.741928] (px4_msgs) StdoutLine: {'line': b'-- Up-to-date: /home/pavel/ws_ros2/install/px4_msgs/include/px4_msgs/px4_msgs/msg/detail/sensor_gnss_relative__rosidl_typesupport_introspection_cpp.hpp\n'}
[5.741977] (px4_msgs) StdoutLine: {'line': b'-- Up-to-date: /home/pavel/ws_ros2/install/px4_msgs/include/px4_msgs/px4_msgs/msg/detail/vehicle_global_position__type_support.cpp\n'}
[5.742026] (px4_msgs) StdoutLine: {'line': b'-- Up-to-date: /home/pavel/ws_ros2/install/px4_msgs/include/px4_msgs/px4_msgs/msg/detail/estimator_innovations__rosidl_typesupport_introspection_cpp.hpp\n'}
[5.742076] (px4_msgs) StdoutLine: {'line': b'-- Up-to-date: /home/pavel/ws_ros2/install/px4_msgs/include/px4_msgs/px4_msgs/msg/detail/estimator_bias3d__rosidl_typesupport_introspection_cpp.hpp\n'}
[5.742131] (px4_msgs) StdoutLine: {'line': b'-- Up-to-date: /home/pavel/ws_ros2/install/px4_msgs/include/px4_msgs/px4_msgs/msg/detail/gimbal_device_attitude_status__type_support.cpp\n'}
[5.742200] (px4_msgs) StdoutLine: {'line': b'-- Up-to-date: /home/pavel/ws_ros2/install/px4_msgs/include/px4_msgs/px4_msgs/msg/detail/estimator_aid_source1d__type_support.cpp\n'}
[5.742250] (px4_msgs) StdoutLine: {'line': b'-- Up-to-date: /home/pavel/ws_ros2/install/px4_msgs/include/px4_msgs/px4_msgs/msg/detail/goto_setpoint__type_support.cpp\n'}
[5.742300] (px4_msgs) StdoutLine: {'line': b'-- Up-to-date: /home/pavel/ws_ros2/install/px4_msgs/include/px4_msgs/px4_msgs/msg/detail/velocity_limits__rosidl_typesupport_introspection_cpp.hpp\n'}
[5.742349] (px4_msgs) StdoutLine: {'line': b'-- Up-to-date: /home/pavel/ws_ros2/install/px4_msgs/include/px4_msgs/px4_msgs/msg/detail/position_setpoint_triplet__type_support.cpp\n'}
[5.742423] (px4_msgs) StdoutLine: {'line': b'-- Up-to-date: /home/pavel/ws_ros2/install/px4_msgs/include/px4_msgs/px4_msgs/msg/detail/event__rosidl_typesupport_introspection_cpp.hpp\n'}
[5.742476] (px4_msgs) StdoutLine: {'line': b'-- Up-to-date: /home/pavel/ws_ros2/install/px4_msgs/include/px4_msgs/px4_msgs/msg/detail/failure_detector_status__type_support.cpp\n'}
[5.742524] (px4_msgs) StdoutLine: {'line': b'-- Up-to-date: /home/pavel/ws_ros2/install/px4_msgs/include/px4_msgs/px4_msgs/msg/detail/mission__rosidl_typesupport_introspection_cpp.hpp\n'}
[5.742573] (px4_msgs) StdoutLine: {'line': b'-- Up-to-date: /home/pavel/ws_ros2/install/px4_msgs/include/px4_msgs/px4_msgs/msg/detail/unregister_ext_component__rosidl_typesupport_introspection_cpp.hpp\n'}
[5.742622] (px4_msgs) StdoutLine: {'line': b'-- Up-to-date: /home/pavel/ws_ros2/install/px4_msgs/include/px4_msgs/px4_msgs/msg/detail/sensor_uwb__type_support.cpp\n'}
[5.742671] (px4_msgs) StdoutLine: {'line': b'-- Up-to-date: /home/pavel/ws_ros2/install/px4_msgs/include/px4_msgs/px4_msgs/msg/detail/rate_ctrl_status__type_support.cpp\n'}
[5.742724] (px4_msgs) StdoutLine: {'line': b'-- Up-to-date: /home/pavel/ws_ros2/install/px4_msgs/include/px4_msgs/px4_msgs/msg/detail/vehicle_angular_velocity__rosidl_typesupport_introspection_cpp.hpp\n'}
[5.742774] (px4_msgs) StdoutLine: {'line': b'-- Up-to-date: /home/pavel/ws_ros2/install/px4_msgs/include/px4_msgs/px4_msgs/msg/detail/vehicle_constraints__type_support.cpp\n'}
[5.742825] (px4_msgs) StdoutLine: {'line': b'-- Up-to-date: /home/pavel/ws_ros2/install/px4_msgs/include/px4_msgs/px4_msgs/msg/detail/vehicle_optical_flow__rosidl_typesupport_introspection_cpp.hpp\n'}
[5.742880] (px4_msgs) StdoutLine: {'line': b'-- Up-to-date: /home/pavel/ws_ros2/install/px4_msgs/include/px4_msgs/px4_msgs/msg/detail/vehicle_land_detected__rosidl_typesupport_introspection_cpp.hpp\n'}
[5.742935] (px4_msgs) StdoutLine: {'line': b'-- Up-to-date: /home/pavel/ws_ros2/install/px4_msgs/include/px4_msgs/px4_msgs/msg/detail/action_request__rosidl_typesupport_introspection_cpp.hpp\n'}
[5.742990] (px4_msgs) StdoutLine: {'line': b'-- Up-to-date: /home/pavel/ws_ros2/install/px4_msgs/include/px4_msgs/px4_msgs/msg/detail/gpio_request__type_support.cpp\n'}
[5.743046] (px4_msgs) StdoutLine: {'line': b'-- Up-to-date: /home/pavel/ws_ros2/install/px4_msgs/include/px4_msgs/px4_msgs/msg/detail/vehicle_command_ack__type_support.cpp\n'}
[5.743126] (px4_msgs) StdoutLine: {'line': b'-- Up-to-date: /home/pavel/ws_ros2/install/px4_msgs/include/px4_msgs/px4_msgs/msg/detail/power_button_state__type_support.cpp\n'}
[5.743184] (px4_msgs) StdoutLine: {'line': b'-- Up-to-date: /home/pavel/ws_ros2/install/px4_msgs/include/px4_msgs/px4_msgs/msg/detail/vehicle_land_detected__type_support.cpp\n'}
[5.743234] (px4_msgs) StdoutLine: {'line': b'-- Up-to-date: /home/pavel/ws_ros2/install/px4_msgs/include/px4_msgs/px4_msgs/msg/detail/rover_ackermann_guidance_status__rosidl_typesupport_introspection_cpp.hpp\n'}
[5.743284] (px4_msgs) StdoutLine: {'line': b'-- Up-to-date: /home/pavel/ws_ros2/install/px4_msgs/include/px4_msgs/px4_msgs/msg/detail/failsafe_flags__type_support.cpp\n'}
[5.743334] (px4_msgs) StdoutLine: {'line': b'-- Up-to-date: /home/pavel/ws_ros2/install/px4_msgs/include/px4_msgs/px4_msgs/msg/detail/debug_array__rosidl_typesupport_introspection_cpp.hpp\n'}
[5.743412] (px4_msgs) StdoutLine: {'line': b'-- Up-to-date: /home/pavel/ws_ros2/install/px4_msgs/include/px4_msgs/px4_msgs/msg/detail/obstacle_distance__type_support.cpp\n'}
[5.743469] (px4_msgs) StdoutLine: {'line': b'-- Up-to-date: /home/pavel/ws_ros2/install/px4_msgs/include/px4_msgs/px4_msgs/msg/detail/dataman_request__rosidl_typesupport_introspection_cpp.hpp\n'}
[5.743519] (px4_msgs) StdoutLine: {'line': b'-- Up-to-date: /home/pavel/ws_ros2/install/px4_msgs/include/px4_msgs/px4_msgs/msg/detail/vehicle_local_position_setpoint__type_support.cpp\n'}
[5.743569] (px4_msgs) StdoutLine: {'line': b'-- Up-to-date: /home/pavel/ws_ros2/install/px4_msgs/include/px4_msgs/px4_msgs/msg/detail/vehicle_trajectory_bezier__type_support.cpp\n'}
[5.743618] (px4_msgs) StdoutLine: {'line': b'-- Up-to-date: /home/pavel/ws_ros2/install/px4_msgs/include/px4_msgs/px4_msgs/msg/detail/airspeed_wind__rosidl_typesupport_introspection_cpp.hpp\n'}
[5.743672] (px4_msgs) StdoutLine: {'line': b'-- Up-to-date: /home/pavel/ws_ros2/install/px4_msgs/include/px4_msgs/px4_msgs/msg/detail/parameter_set_value_response__rosidl_typesupport_introspection_cpp.hpp\n'}
[5.743727] (px4_msgs) StdoutLine: {'line': b'-- Up-to-date: /home/pavel/ws_ros2/install/px4_msgs/include/px4_msgs/px4_msgs/msg/detail/battery_status__type_support.cpp\n'}
[5.743782] (px4_msgs) StdoutLine: {'line': b'-- Up-to-date: /home/pavel/ws_ros2/install/px4_msgs/include/px4_msgs/px4_msgs/msg/detail/actuator_test__rosidl_typesupport_introspection_cpp.hpp\n'}
[5.743836] (px4_msgs) StdoutLine: {'line': b'-- Up-to-date: /home/pavel/ws_ros2/install/px4_msgs/include/px4_msgs/px4_msgs/msg/detail/pps_capture__rosidl_typesupport_introspection_cpp.hpp\n'}
[5.743891] (px4_msgs) StdoutLine: {'line': b'-- Up-to-date: /home/pavel/ws_ros2/install/px4_msgs/include/px4_msgs/px4_msgs/msg/detail/vehicle_angular_acceleration_setpoint__type_support.cpp\n'}
[5.743946] (px4_msgs) StdoutLine: {'line': b'-- Up-to-date: /home/pavel/ws_ros2/install/px4_msgs/include/px4_msgs/px4_msgs/msg/detail/npfg_status__rosidl_typesupport_introspection_cpp.hpp\n'}
[5.744000] (px4_msgs) StdoutLine: {'line': b'-- Up-to-date: /home/pavel/ws_ros2/install/px4_msgs/include/px4_msgs/px4_msgs/msg/detail/actuator_servos__type_support.cpp\n'}
[5.744055] (px4_msgs) StdoutLine: {'line': b'-- Up-to-date: /home/pavel/ws_ros2/install/px4_msgs/include/px4_msgs/px4_msgs/msg/detail/actuator_motors__rosidl_typesupport_introspection_cpp.hpp\n'}
[5.744110] (px4_msgs) StdoutLine: {'line': b'-- Up-to-date: /home/pavel/ws_ros2/install/px4_msgs/include/px4_msgs/px4_msgs/msg/detail/gimbal_manager_set_manual_control__rosidl_typesupport_introspection_cpp.hpp\n'}
[5.744164] (px4_msgs) StdoutLine: {'line': b'-- Up-to-date: /home/pavel/ws_ros2/install/px4_msgs/include/px4_msgs/px4_msgs/msg/detail/takeoff_status__type_support.cpp\n'}
[5.744244] (px4_msgs) StdoutLine: {'line': b'-- Up-to-date: /home/pavel/ws_ros2/install/px4_msgs/include/px4_msgs/px4_msgs/msg/detail/fuel_tank_status__type_support.cpp\n'}
[5.744295] (px4_msgs) StdoutLine: {'line': b'-- Up-to-date: /home/pavel/ws_ros2/install/px4_msgs/include/px4_msgs/px4_msgs/msg/detail/airspeed_wind__type_support.cpp\n'}
[5.744355] (px4_msgs) StdoutLine: {'line': b'-- Up-to-date: /home/pavel/ws_ros2/install/px4_msgs/include/px4_msgs/px4_msgs/msg/detail/gps_inject_data__type_support.cpp\n'}
[5.744429] (px4_msgs) StdoutLine: {'line': b'-- Up-to-date: /home/pavel/ws_ros2/install/px4_msgs/include/px4_msgs/px4_msgs/msg/detail/manual_control_switches__type_support.cpp\n'}
[5.744481] (px4_msgs) StdoutLine: {'line': b'-- Up-to-date: /home/pavel/ws_ros2/install/px4_msgs/include/px4_msgs/px4_msgs/msg/detail/debug_vect__type_support.cpp\n'}
[5.744530] (px4_msgs) StdoutLine: {'line': b'-- Up-to-date: /home/pavel/ws_ros2/install/px4_msgs/include/px4_msgs/px4_msgs/msg/detail/flight_phase_estimation__type_support.cpp\n'}
[5.744579] (px4_msgs) StdoutLine: {'line': b'-- Up-to-date: /home/pavel/ws_ros2/install/px4_msgs/include/px4_msgs/px4_msgs/msg/detail/camera_capture__rosidl_typesupport_introspection_cpp.hpp\n'}
[5.744635] (px4_msgs) StdoutLine: {'line': b'-- Up-to-date: /home/pavel/ws_ros2/install/px4_msgs/include/px4_msgs/px4_msgs/msg/detail/vehicle_air_data__type_support.cpp\n'}
[5.744689] (px4_msgs) StdoutLine: {'line': b'-- Up-to-date: /home/pavel/ws_ros2/install/px4_msgs/include/px4_msgs/px4_msgs/msg/detail/input_rc__rosidl_typesupport_introspection_cpp.hpp\n'}
[5.744744] (px4_msgs) StdoutLine: {'line': b'-- Up-to-date: /home/pavel/ws_ros2/install/px4_msgs/include/px4_msgs/px4_msgs/msg/detail/esc_status__rosidl_typesupport_introspection_cpp.hpp\n'}
[5.744799] (px4_msgs) StdoutLine: {'line': b'-- Up-to-date: /home/pavel/ws_ros2/install/px4_msgs/include/px4_msgs/px4_msgs/msg/detail/unregister_ext_component__type_support.cpp\n'}
[5.744871] (px4_msgs) StdoutLine: {'line': b'-- Up-to-date: /home/pavel/ws_ros2/install/px4_msgs/include/px4_msgs/px4_msgs/msg/detail/ping__type_support.cpp\n'}
[5.744925] (px4_msgs) StdoutLine: {'line': b'-- Up-to-date: /home/pavel/ws_ros2/install/px4_msgs/include/px4_msgs/px4_msgs/msg/detail/qshell_req__rosidl_typesupport_introspection_cpp.hpp\n'}
[5.744980] (px4_msgs) StdoutLine: {'line': b'-- Up-to-date: /home/pavel/ws_ros2/install/px4_msgs/include/px4_msgs/px4_msgs/msg/detail/landing_gear_wheel__rosidl_typesupport_introspection_cpp.hpp\n'}
[5.745035] (px4_msgs) StdoutLine: {'line': b'-- Up-to-date: /home/pavel/ws_ros2/install/px4_msgs/include/px4_msgs/px4_msgs/msg/detail/trajectory_waypoint__type_support.cpp\n'}
[5.745090] (px4_msgs) StdoutLine: {'line': b'-- Up-to-date: /home/pavel/ws_ros2/install/px4_msgs/include/px4_msgs/px4_msgs/msg/detail/config_overrides__rosidl_typesupport_introspection_cpp.hpp\n'}
[5.745146] (px4_msgs) StdoutLine: {'line': b'-- Up-to-date: /home/pavel/ws_ros2/install/px4_msgs/include/px4_msgs/px4_msgs/msg/detail/position_controller_status__rosidl_typesupport_introspection_cpp.hpp\n'}
[5.745201] (px4_msgs) StdoutLine: {'line': b'-- Up-to-date: /home/pavel/ws_ros2/install/px4_msgs/include/px4_msgs/px4_msgs/msg/detail/airspeed_validated__type_support.cpp\n'}
[5.745256] (px4_msgs) StdoutLine: {'line': b'-- Up-to-date: /home/pavel/ws_ros2/install/px4_msgs/include/px4_msgs/px4_msgs/msg/detail/uavcan_parameter_value__rosidl_typesupport_introspection_cpp.hpp\n'}
[5.745311] (px4_msgs) StdoutLine: {'line': b'-- Up-to-date: /home/pavel/ws_ros2/install/px4_msgs/include/px4_msgs/px4_msgs/msg/detail/orb_test_medium__rosidl_typesupport_introspection_cpp.hpp\n'}
[5.745366] (px4_msgs) StdoutLine: {'line': b'-- Up-to-date: /home/pavel/ws_ros2/install/px4_msgs/include/px4_msgs/px4_msgs/msg/detail/can_interface_status__rosidl_typesupport_introspection_cpp.hpp\n'}
[5.745445] (px4_msgs) StdoutLine: {'line': b'-- Up-to-date: /home/pavel/ws_ros2/install/px4_msgs/include/px4_msgs/px4_msgs/msg/detail/sensor_mag__rosidl_typesupport_introspection_cpp.hpp\n'}
[5.745497] (px4_msgs) StdoutLine: {'line': b'-- Up-to-date: /home/pavel/ws_ros2/install/px4_msgs/include/px4_msgs/px4_msgs/msg/detail/vehicle_rates_setpoint__type_support.cpp\n'}
[5.745546] (px4_msgs) StdoutLine: {'line': b'-- Up-to-date: /home/pavel/ws_ros2/install/px4_msgs/include/px4_msgs/px4_msgs/msg/detail/gimbal_device_set_attitude__type_support.cpp\n'}
[5.745605] (px4_msgs) StdoutLine: {'line': b'-- Up-to-date: /home/pavel/ws_ros2/install/px4_msgs/include/px4_msgs/px4_msgs/msg/detail/sensor_mag__type_support.cpp\n'}
[5.745660] (px4_msgs) StdoutLine: {'line': b'-- Up-to-date: /home/pavel/ws_ros2/install/px4_msgs/include/px4_msgs/px4_msgs/msg/detail/log_message__rosidl_typesupport_introspection_cpp.hpp\n'}
[5.745714] (px4_msgs) StdoutLine: {'line': b'-- Up-to-date: /home/pavel/ws_ros2/install/px4_msgs/include/px4_msgs/px4_msgs/msg/detail/ulog_stream__rosidl_typesupport_introspection_cpp.hpp\n'}
[5.745768] (px4_msgs) StdoutLine: {'line': b'-- Up-to-date: /home/pavel/ws_ros2/install/px4_msgs/include/px4_msgs/px4_msgs/msg/detail/landing_target_pose__rosidl_typesupport_introspection_cpp.hpp\n'}
[5.745846] (px4_msgs) StdoutLine: {'line': b'-- Up-to-date: /home/pavel/ws_ros2/install/px4_msgs/include/px4_msgs/px4_msgs/msg/detail/vehicle_trajectory_waypoint__type_support.cpp\n'}
[5.745901] (px4_msgs) StdoutLine: {'line': b'-- Up-to-date: /home/pavel/ws_ros2/install/px4_msgs/include/px4_msgs/px4_msgs/msg/detail/estimator_bias3d__type_support.cpp\n'}
[5.745950] (px4_msgs) StdoutLine: {'line': b'-- Up-to-date: /home/pavel/ws_ros2/install/px4_msgs/include/px4_msgs/px4_msgs/msg/detail/home_position__type_support.cpp\n'}
[5.745999] (px4_msgs) StdoutLine: {'line': b'-- Up-to-date: /home/pavel/ws_ros2/install/px4_msgs/include/px4_msgs/px4_msgs/msg/detail/internal_combustion_engine_status__rosidl_typesupport_introspection_cpp.hpp\n'}
[5.746047] (px4_msgs) StdoutLine: {'line': b'-- Up-to-date: /home/pavel/ws_ros2/install/px4_msgs/include/px4_msgs/px4_msgs/msg/detail/vehicle_control_mode__type_support.cpp\n'}
[5.746096] (px4_msgs) StdoutLine: {'line': b'-- Up-to-date: /home/pavel/ws_ros2/install/px4_msgs/include/px4_msgs/px4_msgs/msg/detail/satellite_info__rosidl_typesupport_introspection_cpp.hpp\n'}
[5.746148] (px4_msgs) StdoutLine: {'line': b'-- Up-to-date: /home/pavel/ws_ros2/install/px4_msgs/include/px4_msgs/px4_msgs/msg/detail/sensor_baro__rosidl_typesupport_introspection_cpp.hpp\n'}
[5.746203] (px4_msgs) StdoutLine: {'line': b'-- Up-to-date: /home/pavel/ws_ros2/install/px4_msgs/include/px4_msgs/px4_msgs/msg/detail/tecs_status__rosidl_typesupport_introspection_cpp.hpp\n'}
[5.746257] (px4_msgs) StdoutLine: {'line': b'-- Up-to-date: /home/pavel/ws_ros2/install/px4_msgs/include/px4_msgs/px4_msgs/msg/detail/satellite_info__type_support.cpp\n'}
[5.746324] (px4_msgs) StdoutLine: {'line': b'-- Up-to-date: /home/pavel/ws_ros2/install/px4_msgs/include/px4_msgs/px4_msgs/msg/detail/wind__type_support.cpp\n'}
[5.746379] (px4_msgs) StdoutLine: {'line': b'-- Up-to-date: /home/pavel/ws_ros2/install/px4_msgs/include/px4_msgs/px4_msgs/msg/detail/vehicle_command__rosidl_typesupport_introspection_cpp.hpp\n'}
[5.746435] (px4_msgs) StdoutLine: {'line': b'-- Up-to-date: /home/pavel/ws_ros2/install/px4_msgs/include/px4_msgs/px4_msgs/msg/detail/battery_status__rosidl_typesupport_introspection_cpp.hpp\n'}
[5.746485] (px4_msgs) StdoutLine: {'line': b'-- Up-to-date: /home/pavel/ws_ros2/install/px4_msgs/include/px4_msgs/px4_msgs/msg/detail/hover_thrust_estimate__type_support.cpp\n'}
[5.746543] (px4_msgs) StdoutLine: {'line': b'-- Up-to-date: /home/pavel/ws_ros2/install/px4_msgs/include/px4_msgs/px4_msgs/msg/detail/normalized_unsigned_setpoint__type_support.cpp\n'}
[5.746597] (px4_msgs) StdoutLine: {'line': b'-- Up-to-date: /home/pavel/ws_ros2/install/px4_msgs/include/px4_msgs/px4_msgs/msg/detail/uavcan_parameter_request__rosidl_typesupport_introspection_cpp.hpp\n'}
[5.746652] (px4_msgs) StdoutLine: {'line': b'-- Up-to-date: /home/pavel/ws_ros2/install/px4_msgs/include/px4_msgs/px4_msgs/msg/detail/gimbal_device_set_attitude__rosidl_typesupport_introspection_cpp.hpp\n'}
[5.746707] (px4_msgs) StdoutLine: {'line': b'-- Up-to-date: /home/pavel/ws_ros2/install/px4_msgs/include/px4_msgs/px4_msgs/msg/detail/task_stack_info__rosidl_typesupport_introspection_cpp.hpp\n'}
[5.746775] (px4_msgs) StdoutLine: {'line': b'-- Up-to-date: /home/pavel/ws_ros2/install/px4_msgs/include/px4_msgs/px4_msgs/msg/detail/vehicle_angular_acceleration_setpoint__rosidl_typesupport_introspection_cpp.hpp\n'}
[5.746826] (px4_msgs) StdoutLine: {'line': b'-- Up-to-date: /home/pavel/ws_ros2/install/px4_msgs/include/px4_msgs/px4_msgs/msg/detail/irlock_report__rosidl_typesupport_introspection_cpp.hpp\n'}
[5.746882] (px4_msgs) StdoutLine: {'line': b'-- Up-to-date: /home/pavel/ws_ros2/install/px4_msgs/include/px4_msgs/px4_msgs/msg/detail/manual_control_setpoint__type_support.cpp\n'}
[5.746937] (px4_msgs) StdoutLine: {'line': b'-- Up-to-date: /home/pavel/ws_ros2/install/px4_msgs/include/px4_msgs/px4_msgs/msg/detail/heater_status__rosidl_typesupport_introspection_cpp.hpp\n'}
[5.747001] (px4_msgs) StdoutLine: {'line': b'-- Up-to-date: /home/pavel/ws_ros2/install/px4_msgs/include/px4_msgs/px4_msgs/msg/detail/vehicle_command_ack__rosidl_typesupport_introspection_cpp.hpp\n'}
[5.747138] (px4_msgs) StdoutLine: {'line': b'-- Up-to-date: /home/pavel/ws_ros2/install/px4_msgs/include/px4_msgs/px4_msgs/msg/detail/rate_ctrl_status__rosidl_typesupport_introspection_cpp.hpp\n'}
[5.747205] (px4_msgs) StdoutLine: {'line': b'-- Up-to-date: /home/pavel/ws_ros2/install/px4_msgs/include/px4_msgs/px4_msgs/msg/detail/estimator_status__rosidl_typesupport_introspection_cpp.hpp\n'}
[5.747257] (px4_msgs) StdoutLine: {'line': b'-- Up-to-date: /home/pavel/ws_ros2/install/px4_msgs/include/px4_msgs/px4_msgs/msg/detail/message_format_response__type_support.cpp\n'}
[5.747309] (px4_msgs) StdoutLine: {'line': b'-- Up-to-date: /home/pavel/ws_ros2/install/px4_msgs/include/px4_msgs/px4_msgs/msg/detail/magnetometer_bias_estimate__type_support.cpp\n'}
[5.747360] (px4_msgs) StdoutLine: {'line': b'-- Up-to-date: /home/pavel/ws_ros2/install/px4_msgs/include/px4_msgs/px4_msgs/msg/detail/actuator_test__type_support.cpp\n'}
[5.747437] (px4_msgs) StdoutLine: {'line': b'-- Up-to-date: /home/pavel/ws_ros2/install/px4_msgs/include/px4_msgs/px4_msgs/msg/detail/mount_orientation__rosidl_typesupport_introspection_cpp.hpp\n'}
[5.747495] (px4_msgs) StdoutLine: {'line': b'-- Up-to-date: /home/pavel/ws_ros2/install/px4_msgs/include/px4_msgs/px4_msgs/msg/detail/mavlink_log__type_support.cpp\n'}
[5.747546] (px4_msgs) StdoutLine: {'line': b'-- Up-to-date: /home/pavel/ws_ros2/install/px4_msgs/include/px4_msgs/px4_msgs/msg/detail/pps_capture__type_support.cpp\n'}
[5.747596] (px4_msgs) StdoutLine: {'line': b'-- Up-to-date: /home/pavel/ws_ros2/install/px4_msgs/include/px4_msgs/px4_msgs/msg/detail/vehicle_command__type_support.cpp\n'}
[5.747645] (px4_msgs) StdoutLine: {'line': b'-- Up-to-date: /home/pavel/ws_ros2/install/px4_msgs/include/px4_msgs/px4_msgs/msg/detail/estimator_bias__type_support.cpp\n'}
[5.747693] (px4_msgs) StdoutLine: {'line': b'-- Up-to-date: /home/pavel/ws_ros2/install/px4_msgs/include/px4_msgs/px4_msgs/msg/detail/sensor_correction__rosidl_typesupport_introspection_cpp.hpp\n'}
[5.747742] (px4_msgs) StdoutLine: {'line': b'-- Up-to-date: /home/pavel/ws_ros2/install/px4_msgs/include/px4_msgs/px4_msgs/msg/detail/estimator_innovations__type_support.cpp\n'}
[5.747791] (px4_msgs) StdoutLine: {'line': b'-- Up-to-date: /home/pavel/ws_ros2/install/px4_msgs/include/px4_msgs/px4_msgs/msg/detail/landing_target_innovations__rosidl_typesupport_introspection_cpp.hpp\n'}
[5.747840] (px4_msgs) StdoutLine: {'line': b'-- Up-to-date: /home/pavel/ws_ros2/install/px4_msgs/include/px4_msgs/px4_msgs/msg/detail/sensor_accel__rosidl_typesupport_introspection_cpp.hpp\n'}
[5.747895] (px4_msgs) StdoutLine: {'line': b'-- Up-to-date: /home/pavel/ws_ros2/install/px4_msgs/include/px4_msgs/px4_msgs/msg/detail/differential_pressure__type_support.cpp\n'}
[5.747950] (px4_msgs) StdoutLine: {'line': b'-- Up-to-date: /home/pavel/ws_ros2/install/px4_msgs/include/px4_msgs/px4_msgs/msg/detail/actuator_outputs__type_support.cpp\n'}
[5.748004] (px4_msgs) StdoutLine: {'line': b'-- Up-to-date: /home/pavel/ws_ros2/install/px4_msgs/include/px4_msgs/px4_msgs/msg/detail/gimbal_controls__type_support.cpp\n'}
[5.748059] (px4_msgs) StdoutLine: {'line': b'-- Up-to-date: /home/pavel/ws_ros2/install/px4_msgs/include/px4_msgs/px4_msgs/msg/detail/vtol_vehicle_status__rosidl_typesupport_introspection_cpp.hpp\n'}
[5.748125] (px4_msgs) StdoutLine: {'line': b'-- Up-to-date: /home/pavel/ws_ros2/install/px4_msgs/include/px4_msgs/px4_msgs/msg/detail/button_event__rosidl_typesupport_introspection_cpp.hpp\n'}
[5.748176] (px4_msgs) StdoutLine: {'line': b'-- Up-to-date: /home/pavel/ws_ros2/install/px4_msgs/include/px4_msgs/px4_msgs/msg/detail/transponder_report__rosidl_typesupport_introspection_cpp.hpp\n'}
[5.748233] (px4_msgs) StdoutLine: {'line': b'-- Up-to-date: /home/pavel/ws_ros2/install/px4_msgs/include/px4_msgs/px4_msgs/msg/detail/esc_report__type_support.cpp\n'}
[5.748285] (px4_msgs) StdoutLine: {'line': b'-- Up-to-date: /home/pavel/ws_ros2/install/px4_msgs/include/px4_msgs/px4_msgs/msg/detail/vehicle_torque_setpoint__rosidl_typesupport_introspection_cpp.hpp\n'}
[5.748340] (px4_msgs) StdoutLine: {'line': b'-- Up-to-date: /home/pavel/ws_ros2/install/px4_msgs/include/px4_msgs/px4_msgs/msg/detail/trajectory_setpoint__type_support.cpp\n'}
[5.748419] (px4_msgs) StdoutLine: {'line': b'-- Up-to-date: /home/pavel/ws_ros2/install/px4_msgs/include/px4_msgs/px4_msgs/msg/detail/estimator_status_flags__rosidl_typesupport_introspection_cpp.hpp\n'}
[5.748476] (px4_msgs) StdoutLine: {'line': b'-- Up-to-date: /home/pavel/ws_ros2/install/px4_msgs/include/px4_msgs/px4_msgs/msg/detail/collision_constraints__rosidl_typesupport_introspection_cpp.hpp\n'}
[5.748526] (px4_msgs) StdoutLine: {'line': b'-- Up-to-date: /home/pavel/ws_ros2/install/px4_msgs/include/px4_msgs/px4_msgs/msg/detail/goto_setpoint__rosidl_typesupport_introspection_cpp.hpp\n'}
[5.748576] (px4_msgs) StdoutLine: {'line': b'-- Up-to-date: /home/pavel/ws_ros2/install/px4_msgs/include/px4_msgs/px4_msgs/msg/detail/sensor_correction__type_support.cpp\n'}
[5.748626] (px4_msgs) StdoutLine: {'line': b'-- Up-to-date: /home/pavel/ws_ros2/install/px4_msgs/include/px4_msgs/px4_msgs/msg/detail/estimator_states__type_support.cpp\n'}
[5.748676] (px4_msgs) StdoutLine: {'line': b'-- Up-to-date: /home/pavel/ws_ros2/install/px4_msgs/include/px4_msgs/px4_msgs/msg/detail/sensor_gyro__rosidl_typesupport_introspection_cpp.hpp\n'}
[5.748725] (px4_msgs) StdoutLine: {'line': b'-- Up-to-date: /home/pavel/ws_ros2/install/px4_msgs/include/px4_msgs/px4_msgs/msg/detail/actuator_controls_status__type_support.cpp\n'}
[5.748774] (px4_msgs) StdoutLine: {'line': b'-- Up-to-date: /home/pavel/ws_ros2/install/px4_msgs/include/px4_msgs/px4_msgs/msg/detail/sensor_optical_flow__rosidl_typesupport_introspection_cpp.hpp\n'}
[5.748824] (px4_msgs) StdoutLine: {'line': b'-- Up-to-date: /home/pavel/ws_ros2/install/px4_msgs/include/px4_msgs/px4_msgs/msg/detail/position_setpoint__type_support.cpp\n'}
[5.748879] (px4_msgs) StdoutLine: {'line': b'-- Up-to-date: /home/pavel/ws_ros2/install/px4_msgs/include/px4_msgs/px4_msgs/msg/detail/gimbal_device_information__type_support.cpp\n'}
[5.748934] (px4_msgs) StdoutLine: {'line': b'-- Up-to-date: /home/pavel/ws_ros2/install/px4_msgs/include/px4_msgs/px4_msgs/msg/detail/telemetry_status__rosidl_typesupport_introspection_cpp.hpp\n'}
[5.749003] (px4_msgs) StdoutLine: {'line': b'-- Up-to-date: /home/pavel/ws_ros2/install/px4_msgs/include/px4_msgs/px4_msgs/msg/detail/ekf2_timestamps__rosidl_typesupport_introspection_cpp.hpp\n'}
[5.749056] (px4_msgs) StdoutLine: {'line': b'-- Up-to-date: /home/pavel/ws_ros2/install/px4_msgs/include/px4_msgs/px4_msgs/msg/detail/rc_channels__rosidl_typesupport_introspection_cpp.hpp\n'}
[5.749105] (px4_msgs) StdoutLine: {'line': b'-- Up-to-date: /home/pavel/ws_ros2/install/px4_msgs/include/px4_msgs/px4_msgs/msg/detail/vehicle_attitude__type_support.cpp\n'}
[5.749154] (px4_msgs) StdoutLine: {'line': b'-- Up-to-date: /home/pavel/ws_ros2/install/px4_msgs/include/px4_msgs/px4_msgs/msg/detail/sensor_gyro__type_support.cpp\n'}
[5.749203] (px4_msgs) StdoutLine: {'line': b'-- Up-to-date: /home/pavel/ws_ros2/install/px4_msgs/include/px4_msgs/px4_msgs/msg/detail/vehicle_odometry__rosidl_typesupport_introspection_cpp.hpp\n'}
[5.749256] (px4_msgs) StdoutLine: {'line': b'-- Up-to-date: /home/pavel/ws_ros2/install/px4_msgs/include/px4_msgs/px4_msgs/msg/detail/mode_completed__type_support.cpp\n'}
[5.749311] (px4_msgs) StdoutLine: {'line': b'-- Up-to-date: /home/pavel/ws_ros2/install/px4_msgs/include/px4_msgs/px4_msgs/msg/detail/sensor_accel_fifo__type_support.cpp\n'}
[5.749366] (px4_msgs) StdoutLine: {'line': b'-- Up-to-date: /home/pavel/ws_ros2/install/px4_msgs/include/px4_msgs/px4_msgs/msg/detail/estimator_selector_status__rosidl_typesupport_introspection_cpp.hpp\n'}
[5.749440] (px4_msgs) StdoutLine: {'line': b'-- Up-to-date: /home/pavel/ws_ros2/install/px4_msgs/include/px4_msgs/px4_msgs/msg/detail/heater_status__type_support.cpp\n'}
[5.749492] (px4_msgs) StdoutLine: {'line': b'-- Up-to-date: /home/pavel/ws_ros2/install/px4_msgs/include/px4_msgs/px4_msgs/msg/detail/vehicle_magnetometer__rosidl_typesupport_introspection_cpp.hpp\n'}
[5.749545] (px4_msgs) StdoutLine: {'line': b'-- Up-to-date: /home/pavel/ws_ros2/install/px4_msgs/include/px4_msgs/px4_msgs/msg/detail/sensor_gyro_fifo__rosidl_typesupport_introspection_cpp.hpp\n'}
[5.749600] (px4_msgs) StdoutLine: {'line': b'-- Up-to-date: /home/pavel/ws_ros2/install/px4_msgs/include/px4_msgs/px4_msgs/msg/detail/vehicle_air_data__rosidl_typesupport_introspection_cpp.hpp\n'}
[5.749665] (px4_msgs) StdoutLine: {'line': b'-- Up-to-date: /home/pavel/ws_ros2/install/px4_msgs/include/px4_msgs/px4_msgs/msg/detail/iridiumsbd_status__type_support.cpp\n'}
[5.749714] (px4_msgs) StdoutLine: {'line': b'-- Up-to-date: /home/pavel/ws_ros2/install/px4_msgs/include/px4_msgs/px4_msgs/msg/detail/vehicle_angular_velocity__type_support.cpp\n'}
[5.749763] (px4_msgs) StdoutLine: {'line': b'-- Up-to-date: /home/pavel/ws_ros2/install/px4_msgs/include/px4_msgs/px4_msgs/msg/detail/cpuload__rosidl_typesupport_introspection_cpp.hpp\n'}
[5.749818] (px4_msgs) StdoutLine: {'line': b'-- Up-to-date: /home/pavel/ws_ros2/install/px4_msgs/include/px4_msgs/px4_msgs/msg/detail/parameter_reset_request__type_support.cpp\n'}
[5.749891] (px4_msgs) StdoutLine: {'line': b'-- Up-to-date: /home/pavel/ws_ros2/install/px4_msgs/include/px4_msgs/px4_msgs/msg/detail/landing_target_pose__type_support.cpp\n'}
[5.749942] (px4_msgs) StdoutLine: {'line': b'-- Up-to-date: /home/pavel/ws_ros2/install/px4_msgs/include/px4_msgs/px4_msgs/msg/detail/estimator_aid_source1d__rosidl_typesupport_introspection_cpp.hpp\n'}
[5.749992] (px4_msgs) StdoutLine: {'line': b'-- Up-to-date: /home/pavel/ws_ros2/install/px4_msgs/include/px4_msgs/px4_msgs/msg/detail/estimator_bias__rosidl_typesupport_introspection_cpp.hpp\n'}
[5.750041] (px4_msgs) StdoutLine: {'line': b'-- Up-to-date: /home/pavel/ws_ros2/install/px4_msgs/include/px4_msgs/px4_msgs/msg/detail/wind__rosidl_typesupport_introspection_cpp.hpp\n'}
[5.750095] (px4_msgs) StdoutLine: {'line': b'-- Up-to-date: /home/pavel/ws_ros2/install/px4_msgs/include/px4_msgs/px4_msgs/msg/detail/adc_report__rosidl_typesupport_introspection_cpp.hpp\n'}
[5.750150] (px4_msgs) StdoutLine: {'line': b'-- Up-to-date: /home/pavel/ws_ros2/install/px4_msgs/include/px4_msgs/px4_msgs/msg/detail/follow_target_status__type_support.cpp\n'}
[5.750205] (px4_msgs) StdoutLine: {'line': b'-- Up-to-date: /home/pavel/ws_ros2/install/px4_msgs/include/px4_msgs/px4_msgs/msg/detail/orbit_status__rosidl_typesupport_introspection_cpp.hpp\n'}
[5.750261] (px4_msgs) StdoutLine: {'line': b'-- Up-to-date: /home/pavel/ws_ros2/install/px4_msgs/include/px4_msgs/px4_msgs/msg/detail/sensor_combined__type_support.cpp\n'}
[5.750316] (px4_msgs) StdoutLine: {'line': b'-- Up-to-date: /home/pavel/ws_ros2/install/px4_msgs/include/px4_msgs/px4_msgs/msg/detail/register_ext_component_reply__rosidl_typesupport_introspection_cpp.hpp\n'}
[5.750386] (px4_msgs) StdoutLine: {'line': b'-- Up-to-date: /home/pavel/ws_ros2/install/px4_msgs/include/px4_msgs/px4_msgs/msg/detail/cellular_status__type_support.cpp\n'}
[5.750443] (px4_msgs) StdoutLine: {'line': b'-- Up-to-date: /home/pavel/ws_ros2/install/px4_msgs/include/px4_msgs/px4_msgs/msg/detail/rtl_time_estimate__type_support.cpp\n'}
[5.750500] (px4_msgs) StdoutLine: {'line': b'-- Up-to-date: /home/pavel/ws_ros2/install/px4_msgs/include/px4_msgs/px4_msgs/msg/detail/ulog_stream__type_support.cpp\n'}
[5.750569] (px4_msgs) StdoutLine: {'line': b'-- Up-to-date: /home/pavel/ws_ros2/install/px4_msgs/include/px4_msgs/px4_msgs/msg/detail/parameter_set_value_response__type_support.cpp\n'}
[5.750619] (px4_msgs) StdoutLine: {'line': b'-- Up-to-date: /home/pavel/ws_ros2/install/px4_msgs/include/px4_msgs/px4_msgs/msg/detail/tiltrotor_extra_controls__rosidl_typesupport_introspection_cpp.hpp\n'}
[5.750668] (px4_msgs) StdoutLine: {'line': b'-- Up-to-date: /home/pavel/ws_ros2/install/px4_msgs/include/px4_msgs/px4_msgs/msg/detail/gimbal_controls__rosidl_typesupport_introspection_cpp.hpp\n'}
[5.750717] (px4_msgs) StdoutLine: {'line': b'-- Up-to-date: /home/pavel/ws_ros2/install/px4_msgs/include/px4_msgs/px4_msgs/msg/detail/debug_vect__rosidl_typesupport_introspection_cpp.hpp\n'}
[5.750777] (px4_msgs) StdoutLine: {'line': b'-- Up-to-date: /home/pavel/ws_ros2/install/px4_msgs/include/px4_msgs/px4_msgs/msg/detail/message_format_request__type_support.cpp\n'}
[5.750828] (px4_msgs) StdoutLine: {'line': b'-- Up-to-date: /home/pavel/ws_ros2/install/px4_msgs/include/px4_msgs/px4_msgs/msg/detail/buffer128__type_support.cpp\n'}
[5.750878] (px4_msgs) StdoutLine: {'line': b'-- Up-to-date: /home/pavel/ws_ros2/install/px4_msgs/include/px4_msgs/px4_msgs/msg/detail/position_controller_status__type_support.cpp\n'}
[5.750926] (px4_msgs) StdoutLine: {'line': b'-- Up-to-date: /home/pavel/ws_ros2/install/px4_msgs/include/px4_msgs/px4_msgs/msg/detail/camera_trigger__type_support.cpp\n'}
[5.750975] (px4_msgs) StdoutLine: {'line': b'-- Up-to-date: /home/pavel/ws_ros2/install/px4_msgs/include/px4_msgs/px4_msgs/msg/detail/sensor_preflight_mag__rosidl_typesupport_introspection_cpp.hpp\n'}
[5.751024] (px4_msgs) StdoutLine: {'line': b'-- Up-to-date: /home/pavel/ws_ros2/install/px4_msgs/include/px4_msgs/px4_msgs/msg/detail/vehicle_roi__rosidl_typesupport_introspection_cpp.hpp\n'}
[5.751079] (px4_msgs) StdoutLine: {'line': b'-- Up-to-date: /home/pavel/ws_ros2/install/px4_msgs/include/px4_msgs/px4_msgs/msg/detail/actuator_servos__rosidl_typesupport_introspection_cpp.hpp\n'}
[5.751134] (px4_msgs) StdoutLine: {'line': b'-- Up-to-date: /home/pavel/ws_ros2/install/px4_msgs/include/px4_msgs/px4_msgs/msg/detail/navigator_mission_item__rosidl_typesupport_introspection_cpp.hpp\n'}
[5.751189] (px4_msgs) StdoutLine: {'line': b'-- Up-to-date: /home/pavel/ws_ros2/install/px4_msgs/include/px4_msgs/px4_msgs/msg/detail/obstacle_distance__rosidl_typesupport_introspection_cpp.hpp\n'}
[5.751243] (px4_msgs) StdoutLine: {'line': b'-- Up-to-date: /home/pavel/ws_ros2/install/px4_msgs/include/px4_msgs/px4_msgs/msg/detail/vehicle_rates_setpoint__rosidl_typesupport_introspection_cpp.hpp\n'}
[5.751299] (px4_msgs) StdoutLine: {'line': b'-- Up-to-date: /home/pavel/ws_ros2/install/px4_msgs/include/px4_msgs/px4_msgs/msg/detail/sensor_selection__type_support.cpp\n'}
[5.751353] (px4_msgs) StdoutLine: {'line': b'-- Up-to-date: /home/pavel/ws_ros2/install/px4_msgs/include/px4_msgs/px4_msgs/msg/detail/sensor_selection__rosidl_typesupport_introspection_cpp.hpp\n'}
[5.751446] (px4_msgs) StdoutLine: {'line': b'-- Up-to-date: /home/pavel/ws_ros2/install/px4_msgs/include/px4_msgs/px4_msgs/msg/detail/irlock_report__type_support.cpp\n'}
[5.751499] (px4_msgs) StdoutLine: {'line': b'-- Up-to-date: /home/pavel/ws_ros2/install/px4_msgs/include/px4_msgs/px4_msgs/msg/detail/landing_gear_wheel__type_support.cpp\n'}
[5.751558] (px4_msgs) StdoutLine: {'line': b'-- Up-to-date: /home/pavel/ws_ros2/install/px4_msgs/include/px4_msgs/px4_msgs/msg/detail/hover_thrust_estimate__rosidl_typesupport_introspection_cpp.hpp\n'}
[5.751608] (px4_msgs) StdoutLine: {'line': b'-- Up-to-date: /home/pavel/ws_ros2/install/px4_msgs/include/px4_msgs/px4_msgs/msg/detail/rtl_time_estimate__rosidl_typesupport_introspection_cpp.hpp\n'}
[5.751657] (px4_msgs) StdoutLine: {'line': b'-- Up-to-date: /home/pavel/ws_ros2/install/px4_msgs/include/px4_msgs/px4_msgs/msg/detail/sensor_baro__type_support.cpp\n'}
[5.751713] (px4_msgs) StdoutLine: {'line': b'-- Up-to-date: /home/pavel/ws_ros2/install/px4_msgs/include/px4_msgs/px4_msgs/msg/detail/actuator_armed__type_support.cpp\n'}
[5.751777] (px4_msgs) StdoutLine: {'line': b'-- Up-to-date: /home/pavel/ws_ros2/install/px4_msgs/include/px4_msgs/px4_msgs/msg/detail/differential_pressure__rosidl_typesupport_introspection_cpp.hpp\n'}
[5.751827] (px4_msgs) StdoutLine: {'line': b'-- Up-to-date: /home/pavel/ws_ros2/install/px4_msgs/include/px4_msgs/px4_msgs/msg/detail/vehicle_attitude_setpoint__rosidl_typesupport_introspection_cpp.hpp\n'}
[5.751876] (px4_msgs) StdoutLine: {'line': b'-- Up-to-date: /home/pavel/ws_ros2/install/px4_msgs/include/px4_msgs/px4_msgs/msg/detail/gpio_request__rosidl_typesupport_introspection_cpp.hpp\n'}
[5.751926] (px4_msgs) StdoutLine: {'line': b'-- Up-to-date: /home/pavel/ws_ros2/install/px4_msgs/include/px4_msgs/px4_msgs/msg/detail/estimator_sensor_bias__type_support.cpp\n'}
[5.751976] (px4_msgs) StdoutLine: {'line': b'-- Up-to-date: /home/pavel/ws_ros2/install/px4_msgs/include/px4_msgs/px4_msgs/msg/detail/transponder_report__type_support.cpp\n'}
[5.752031] (px4_msgs) StdoutLine: {'line': b'-- Up-to-date: /home/pavel/ws_ros2/install/px4_msgs/include/px4_msgs/px4_msgs/msg/detail/gimbal_manager_information__type_support.cpp\n'}
[5.752102] (px4_msgs) StdoutLine: {'line': b'-- Up-to-date: /home/pavel/ws_ros2/install/px4_msgs/include/px4_msgs/px4_msgs/msg/detail/actuator_controls_status__rosidl_typesupport_introspection_cpp.hpp\n'}
[5.752154] (px4_msgs) StdoutLine: {'line': b'-- Up-to-date: /home/pavel/ws_ros2/install/px4_msgs/include/px4_msgs/px4_msgs/msg/detail/sensor_gps__type_support.cpp\n'}
[5.752203] (px4_msgs) StdoutLine: {'line': b'-- Up-to-date: /home/pavel/ws_ros2/install/px4_msgs/include/px4_msgs/px4_msgs/msg/detail/event__type_support.cpp\n'}
[5.752256] (px4_msgs) StdoutLine: {'line': b'-- Up-to-date: /home/pavel/ws_ros2/install/px4_msgs/include/px4_msgs/px4_msgs/msg/detail/sensor_accel__type_support.cpp\n'}
[5.752310] (px4_msgs) StdoutLine: {'line': b'-- Up-to-date: /home/pavel/ws_ros2/install/px4_msgs/include/px4_msgs/px4_msgs/msg/detail/cpuload__type_support.cpp\n'}
[5.752364] (px4_msgs) StdoutLine: {'line': b'-- Up-to-date: /home/pavel/ws_ros2/install/px4_msgs/include/px4_msgs/px4_msgs/msg/detail/geofence_result__rosidl_typesupport_introspection_cpp.hpp\n'}
[5.752443] (px4_msgs) StdoutLine: {'line': b'-- Up-to-date: /home/pavel/ws_ros2/install/px4_msgs/include/px4_msgs/px4_msgs/msg/detail/debug_key_value__type_support.cpp\n'}
[5.752495] (px4_msgs) StdoutLine: {'line': b'-- Up-to-date: /home/pavel/ws_ros2/install/px4_msgs/include/px4_msgs/px4_msgs/msg/detail/estimator_event_flags__rosidl_typesupport_introspection_cpp.hpp\n'}
[5.752546] (px4_msgs) StdoutLine: {'line': b'-- Up-to-date: /home/pavel/ws_ros2/install/px4_msgs/include/px4_msgs/px4_msgs/msg/detail/esc_status__type_support.cpp\n'}
[5.752614] (px4_msgs) StdoutLine: {'line': b'-- Up-to-date: /home/pavel/ws_ros2/install/px4_msgs/include/px4_msgs/px4_msgs/msg/detail/sensors_status_imu__rosidl_typesupport_introspection_cpp.hpp\n'}
[5.752665] (px4_msgs) StdoutLine: {'line': b'-- Up-to-date: /home/pavel/ws_ros2/install/px4_msgs/include/px4_msgs/px4_msgs/msg/detail/vehicle_imu__type_support.cpp\n'}
[5.752714] (px4_msgs) StdoutLine: {'line': b'-- Up-to-date: /home/pavel/ws_ros2/install/px4_msgs/include/px4_msgs/px4_msgs/msg/detail/vehicle_optical_flow_vel__rosidl_typesupport_introspection_cpp.hpp\n'}
[5.752764] (px4_msgs) StdoutLine: {'line': b'-- Up-to-date: /home/pavel/ws_ros2/install/px4_msgs/include/px4_msgs/px4_msgs/msg/detail/ulog_stream_ack__type_support.cpp\n'}
[5.752813] (px4_msgs) StdoutLine: {'line': b'-- Up-to-date: /home/pavel/ws_ros2/install/px4_msgs/include/px4_msgs/px4_msgs/msg/detail/input_rc__type_support.cpp\n'}
[5.752862] (px4_msgs) StdoutLine: {'line': b'-- Up-to-date: /home/pavel/ws_ros2/install/px4_msgs/include/px4_msgs/px4_msgs/msg/detail/message_format_response__rosidl_typesupport_introspection_cpp.hpp\n'}
[5.752912] (px4_msgs) StdoutLine: {'line': b'-- Up-to-date: /home/pavel/ws_ros2/install/px4_msgs/include/px4_msgs/px4_msgs/msg/detail/follow_target__rosidl_typesupport_introspection_cpp.hpp\n'}
[5.752979] (px4_msgs) StdoutLine: {'line': b'-- Up-to-date: /home/pavel/ws_ros2/install/px4_msgs/include/px4_msgs/px4_msgs/msg/detail/npfg_status__type_support.cpp\n'}
[5.753030] (px4_msgs) StdoutLine: {'line': b'-- Up-to-date: /home/pavel/ws_ros2/install/px4_msgs/include/px4_msgs/px4_msgs/msg/detail/orb_test_large__type_support.cpp\n'}
[5.753080] (px4_msgs) StdoutLine: {'line': b'-- Up-to-date: /home/pavel/ws_ros2/install/px4_msgs/include/px4_msgs/px4_msgs/msg/detail/autotune_attitude_control_status__type_support.cpp\n'}
[5.753130] (px4_msgs) StdoutLine: {'line': b'-- Up-to-date: /home/pavel/ws_ros2/install/px4_msgs/include/px4_msgs/px4_msgs/msg/detail/takeoff_status__rosidl_typesupport_introspection_cpp.hpp\n'}
[5.753189] (px4_msgs) StdoutLine: {'line': b'-- Up-to-date: /home/pavel/ws_ros2/install/px4_msgs/include/px4_msgs/px4_msgs/msg/detail/estimator_states__rosidl_typesupport_introspection_cpp.hpp\n'}
[5.753243] (px4_msgs) StdoutLine: {'line': b'-- Up-to-date: /home/pavel/ws_ros2/install/px4_msgs/include/px4_msgs/px4_msgs/msg/detail/differential_drive_setpoint__type_support.cpp\n'}
[5.753298] (px4_msgs) StdoutLine: {'line': b'-- Up-to-date: /home/pavel/ws_ros2/install/px4_msgs/include/px4_msgs/px4_msgs/msg/detail/generator_status__rosidl_typesupport_introspection_cpp.hpp\n'}
[5.753353] (px4_msgs) StdoutLine: {'line': b'-- Up-to-date: /home/pavel/ws_ros2/install/px4_msgs/include/px4_msgs/px4_msgs/msg/detail/sensor_preflight_mag__type_support.cpp\n'}
[5.753431] (px4_msgs) StdoutLine: {'line': b'-- Up-to-date: /home/pavel/ws_ros2/install/px4_msgs/include/px4_msgs/px4_msgs/msg/detail/gpio_in__rosidl_typesupport_introspection_cpp.hpp\n'}
[5.753499] (px4_msgs) StdoutLine: {'line': b'-- Up-to-date: /home/pavel/ws_ros2/install/px4_msgs/include/px4_msgs/px4_msgs/msg/detail/vehicle_imu__rosidl_typesupport_introspection_cpp.hpp\n'}
[5.753551] (px4_msgs) StdoutLine: {'line': b'-- Up-to-date: /home/pavel/ws_ros2/install/px4_msgs/include/px4_msgs/px4_msgs/msg/detail/orb_test__rosidl_typesupport_introspection_cpp.hpp\n'}
[5.753600] (px4_msgs) StdoutLine: {'line': b'-- Up-to-date: /home/pavel/ws_ros2/install/px4_msgs/include/px4_msgs/px4_msgs/msg/detail/qshell_req__type_support.cpp\n'}
[5.753649] (px4_msgs) StdoutLine: {'line': b'-- Up-to-date: /home/pavel/ws_ros2/install/px4_msgs/include/px4_msgs/px4_msgs/msg/detail/arming_check_reply__rosidl_typesupport_introspection_cpp.hpp\n'}
[5.753703] (px4_msgs) StdoutLine: {'line': b'-- Up-to-date: /home/pavel/ws_ros2/install/px4_msgs/include/px4_msgs/px4_msgs/msg/detail/airspeed__rosidl_typesupport_introspection_cpp.hpp\n'}
[5.753753] (px4_msgs) StdoutLine: {'line': b'-- Up-to-date: /home/pavel/ws_ros2/install/px4_msgs/include/px4_msgs/px4_msgs/msg/detail/orb_test_medium__type_support.cpp\n'}
[5.753807] (px4_msgs) StdoutLine: {'line': b'-- Up-to-date: /home/pavel/ws_ros2/install/px4_msgs/include/px4_msgs/px4_msgs/msg/detail/trajectory_bezier__type_support.cpp\n'}
[5.753862] (px4_msgs) StdoutLine: {'line': b'-- Up-to-date: /home/pavel/ws_ros2/install/px4_msgs/include/px4_msgs/px4_msgs/msg/detail/internal_combustion_engine_status__type_support.cpp\n'}
[5.753917] (px4_msgs) StdoutLine: {'line': b'-- Up-to-date: /home/pavel/ws_ros2/install/px4_msgs/include/px4_msgs/px4_msgs/msg/detail/button_event__type_support.cpp\n'}
[5.753971] (px4_msgs) StdoutLine: {'line': b'-- Up-to-date: /home/pavel/ws_ros2/install/px4_msgs/include/px4_msgs/px4_msgs/msg/detail/vehicle_torque_setpoint__type_support.cpp\n'}
[5.754026] (px4_msgs) StdoutLine: {'line': b'-- Up-to-date: /home/pavel/ws_ros2/install/px4_msgs/include/px4_msgs/px4_msgs/msg/detail/sensors_status_imu__type_support.cpp\n'}
[5.754080] (px4_msgs) StdoutLine: {'line': b'-- Up-to-date: /home/pavel/ws_ros2/install/px4_msgs/include/px4_msgs/px4_msgs/msg/detail/vehicle_status__type_support.cpp\n'}
[5.754146] (px4_msgs) StdoutLine: {'line': b'-- Up-to-date: /home/pavel/ws_ros2/install/px4_msgs/include/px4_msgs/px4_msgs/msg/detail/differential_drive_setpoint__rosidl_typesupport_introspection_cpp.hpp\n'}
[5.754201] (px4_msgs) StdoutLine: {'line': b'-- Up-to-date: /home/pavel/ws_ros2/install/px4_msgs/include/px4_msgs/px4_msgs/msg/detail/gimbal_manager_information__rosidl_typesupport_introspection_cpp.hpp\n'}
[5.754257] (px4_msgs) StdoutLine: {'line': b'-- Up-to-date: /home/pavel/ws_ros2/install/px4_msgs/include/px4_msgs/px4_msgs/msg/detail/control_allocator_status__rosidl_typesupport_introspection_cpp.hpp\n'}
[5.754312] (px4_msgs) StdoutLine: {'line': b'-- Up-to-date: /home/pavel/ws_ros2/install/px4_msgs/include/px4_msgs/px4_msgs/msg/detail/orb_test_large__rosidl_typesupport_introspection_cpp.hpp\n'}
[5.754388] (px4_msgs) StdoutLine: {'line': b'-- Up-to-date: /home/pavel/ws_ros2/install/px4_msgs/include/px4_msgs/px4_msgs/msg/detail/orbit_status__type_support.cpp\n'}
[5.754446] (px4_msgs) StdoutLine: {'line': b'-- Up-to-date: /home/pavel/ws_ros2/install/px4_msgs/include/px4_msgs/px4_msgs/msg/detail/gimbal_manager_status__rosidl_typesupport_introspection_cpp.hpp\n'}
[5.754501] (px4_msgs) StdoutLine: {'line': b'-- Up-to-date: /home/pavel/ws_ros2/install/px4_msgs/include/px4_msgs/px4_msgs/msg/detail/camera_capture__type_support.cpp\n'}
[5.754556] (px4_msgs) StdoutLine: {'line': b'-- Up-to-date: /home/pavel/ws_ros2/install/px4_msgs/include/px4_msgs/px4_msgs/msg/detail/vehicle_odometry__type_support.cpp\n'}
[5.754611] (px4_msgs) StdoutLine: {'line': b'-- Up-to-date: /home/pavel/ws_ros2/install/px4_msgs/include/px4_msgs/px4_msgs/msg/detail/sensor_combined__rosidl_typesupport_introspection_cpp.hpp\n'}
[5.754666] (px4_msgs) StdoutLine: {'line': b'-- Up-to-date: /home/pavel/ws_ros2/install/px4_msgs/include/px4_msgs/px4_msgs/msg/detail/estimator_aid_source2d__rosidl_typesupport_introspection_cpp.hpp\n'}
[5.754721] (px4_msgs) StdoutLine: {'line': b'-- Up-to-date: /home/pavel/ws_ros2/install/px4_msgs/include/px4_msgs/px4_msgs/msg/detail/gps_dump__type_support.cpp\n'}
[5.754776] (px4_msgs) StdoutLine: {'line': b'-- Up-to-date: /home/pavel/ws_ros2/install/px4_msgs/include/px4_msgs/px4_msgs/msg/detail/velocity_limits__type_support.cpp\n'}
[5.754831] (px4_msgs) StdoutLine: {'line': b'-- Up-to-date: /home/pavel/ws_ros2/install/px4_msgs/include/px4_msgs/px4_msgs/msg/detail/radio_status__type_support.cpp\n'}
[5.754907] (px4_msgs) StdoutLine: {'line': b'-- Up-to-date: /home/pavel/ws_ros2/install/px4_msgs/include/px4_msgs/px4_msgs/msg/detail/sensor_optical_flow__type_support.cpp\n'}
[5.754957] (px4_msgs) StdoutLine: {'line': b'-- Up-to-date: /home/pavel/ws_ros2/install/px4_msgs/include/px4_msgs/px4_msgs/msg/detail/parameter_set_used_request__rosidl_typesupport_introspection_cpp.hpp\n'}
[5.755007] (px4_msgs) StdoutLine: {'line': b'-- Up-to-date: /home/pavel/ws_ros2/install/px4_msgs/include/px4_msgs/px4_msgs/msg/detail/vehicle_constraints__rosidl_typesupport_introspection_cpp.hpp\n'}
[5.755061] (px4_msgs) StdoutLine: {'line': b'-- Up-to-date: /home/pavel/ws_ros2/install/px4_msgs/include/px4_msgs/px4_msgs/msg/detail/vehicle_attitude__rosidl_typesupport_introspection_cpp.hpp\n'}
[5.755116] (px4_msgs) StdoutLine: {'line': b'-- Up-to-date: /home/pavel/ws_ros2/install/px4_msgs/include/px4_msgs/px4_msgs/msg/detail/system_power__type_support.cpp\n'}
[5.755170] (px4_msgs) StdoutLine: {'line': b'-- Up-to-date: /home/pavel/ws_ros2/install/px4_msgs/include/px4_msgs/px4_msgs/msg/detail/navigator_mission_item__type_support.cpp\n'}
[5.755225] (px4_msgs) StdoutLine: {'line': b'-- Up-to-date: /home/pavel/ws_ros2/install/px4_msgs/include/px4_msgs/px4_msgs/msg/detail/vehicle_attitude_setpoint__type_support.cpp\n'}
[5.755293] (px4_msgs) StdoutLine: {'line': b'-- Up-to-date: /home/pavel/ws_ros2/install/px4_msgs/include/px4_msgs/px4_msgs/msg/detail/landing_gear__rosidl_typesupport_introspection_cpp.hpp\n'}
[5.755345] (px4_msgs) StdoutLine: {'line': b'-- Up-to-date: /home/pavel/ws_ros2/install/px4_msgs/include/px4_msgs/px4_msgs/msg/detail/rpm__rosidl_typesupport_introspection_cpp.hpp\n'}
[5.755402] (px4_msgs) StdoutLine: {'line': b'-- Up-to-date: /home/pavel/ws_ros2/install/px4_msgs/include/px4_msgs/px4_msgs/msg/detail/mount_orientation__type_support.cpp\n'}
[5.755462] (px4_msgs) StdoutLine: {'line': b'-- Up-to-date: /home/pavel/ws_ros2/install/px4_msgs/include/px4_msgs/px4_msgs/msg/detail/mag_worker_data__rosidl_typesupport_introspection_cpp.hpp\n'}
[5.755515] (px4_msgs) StdoutLine: {'line': b'-- Up-to-date: /home/pavel/ws_ros2/install/px4_msgs/include/px4_msgs/px4_msgs/msg/detail/radio_status__rosidl_typesupport_introspection_cpp.hpp\n'}
[5.755570] (px4_msgs) StdoutLine: {'line': b'-- Up-to-date: /home/pavel/ws_ros2/install/px4_msgs/include/px4_msgs/px4_msgs/msg/detail/ekf2_timestamps__type_support.cpp\n'}
[5.755624] (px4_msgs) StdoutLine: {'line': b'-- Up-to-date: /home/pavel/ws_ros2/install/px4_msgs/include/px4_msgs/px4_msgs/msg/detail/home_position__rosidl_typesupport_introspection_cpp.hpp\n'}
[5.755679] (px4_msgs) StdoutLine: {'line': b'-- Up-to-date: /home/pavel/ws_ros2/install/px4_msgs/include/px4_msgs/px4_msgs/msg/detail/iridiumsbd_status__rosidl_typesupport_introspection_cpp.hpp\n'}
[5.755734] (px4_msgs) StdoutLine: {'line': b'-- Up-to-date: /home/pavel/ws_ros2/install/px4_msgs/include/px4_msgs/px4_msgs/msg/detail/launch_detection_status__rosidl_typesupport_introspection_cpp.hpp\n'}
[5.755789] (px4_msgs) StdoutLine: {'line': b'-- Up-to-date: /home/pavel/ws_ros2/install/px4_msgs/include/px4_msgs/px4_msgs/msg/detail/vehicle_local_position__type_support.cpp\n'}
[5.755843] (px4_msgs) StdoutLine: {'line': b'-- Up-to-date: /home/pavel/ws_ros2/install/px4_msgs/include/px4_msgs/px4_msgs/msg/detail/gimbal_manager_set_attitude__rosidl_typesupport_introspection_cpp.hpp\n'}
[5.755899] (px4_msgs) StdoutLine: {'line': b'-- Up-to-date: /home/pavel/ws_ros2/install/px4_msgs/include/px4_msgs/px4_msgs/msg/detail/gimbal_manager_status__type_support.cpp\n'}
[5.755954] (px4_msgs) StdoutLine: {'line': b'-- Up-to-date: /home/pavel/ws_ros2/install/px4_msgs/include/px4_msgs/px4_msgs/msg/detail/dataman_response__type_support.cpp\n'}
[5.756009] (px4_msgs) StdoutLine: {'line': b'-- Up-to-date: /home/pavel/ws_ros2/install/px4_msgs/include/px4_msgs/px4_msgs/msg/detail/follow_target__type_support.cpp\n'}
[5.756064] (px4_msgs) StdoutLine: {'line': b'-- Up-to-date: /home/pavel/ws_ros2/install/px4_msgs/include/px4_msgs/px4_msgs/msg/detail/estimator_selector_status__type_support.cpp\n'}
[5.756119] (px4_msgs) StdoutLine: {'line': b'-- Up-to-date: /home/pavel/ws_ros2/install/px4_msgs/include/px4_msgs/px4_msgs/msg/detail/vehicle_control_mode__rosidl_typesupport_introspection_cpp.hpp\n'}
[5.756174] (px4_msgs) StdoutLine: {'line': b'-- Up-to-date: /home/pavel/ws_ros2/install/px4_msgs/include/px4_msgs/px4_msgs/msg/detail/sensor_hygrometer__type_support.cpp\n'}
[5.756251] (px4_msgs) StdoutLine: {'line': b'-- Up-to-date: /home/pavel/ws_ros2/install/px4_msgs/include/px4_msgs/px4_msgs/msg/detail/logger_status__rosidl_typesupport_introspection_cpp.hpp\n'}
[5.756301] (px4_msgs) StdoutLine: {'line': b'-- Up-to-date: /home/pavel/ws_ros2/install/px4_msgs/include/px4_msgs/px4_msgs/msg/detail/generator_status__type_support.cpp\n'}
[5.756351] (px4_msgs) StdoutLine: {'line': b'-- Up-to-date: /home/pavel/ws_ros2/install/px4_msgs/include/px4_msgs/px4_msgs/msg/detail/tune_control__rosidl_typesupport_introspection_cpp.hpp\n'}
[5.756410] (px4_msgs) StdoutLine: {'line': b'-- Up-to-date: /home/pavel/ws_ros2/install/px4_msgs/include/px4_msgs/px4_msgs/msg/detail/estimator_status__type_support.cpp\n'}
[5.756463] (px4_msgs) StdoutLine: {'line': b'-- Up-to-date: /home/pavel/ws_ros2/install/px4_msgs/include/px4_msgs/px4_msgs/msg/detail/task_stack_info__type_support.cpp\n'}
[5.756519] (px4_msgs) StdoutLine: {'line': b'-- Up-to-date: /home/pavel/ws_ros2/install/px4_msgs/include/px4_msgs/px4_msgs/msg/detail/qshell_retval__rosidl_typesupport_introspection_cpp.hpp\n'}
[5.756590] (px4_msgs) StdoutLine: {'line': b'-- Up-to-date: /home/pavel/ws_ros2/install/px4_msgs/include/px4_msgs/px4_msgs/msg/detail/telemetry_status__type_support.cpp\n'}
[5.756641] (px4_msgs) StdoutLine: {'line': b'-- Up-to-date: /home/pavel/ws_ros2/install/px4_msgs/include/px4_msgs/px4_msgs/msg/detail/led_control__rosidl_typesupport_introspection_cpp.hpp\n'}
[5.756695] (px4_msgs) StdoutLine: {'line': b'-- Up-to-date: /home/pavel/ws_ros2/install/px4_msgs/include/px4_msgs/px4_msgs/msg/detail/position_controller_landing_status__rosidl_typesupport_introspection_cpp.hpp\n'}
[5.756744] (px4_msgs) StdoutLine: {'line': b'-- Up-to-date: /home/pavel/ws_ros2/install/px4_msgs/include/px4_msgs/px4_msgs/msg/detail/follow_target_estimator__type_support.cpp\n'}
[5.756793] (px4_msgs) StdoutLine: {'line': b'-- Up-to-date: /home/pavel/ws_ros2/install/px4_msgs/include/px4_msgs/px4_msgs/msg/detail/sensors_status__type_support.cpp\n'}
[5.756847] (px4_msgs) StdoutLine: {'line': b'-- Up-to-date: /home/pavel/ws_ros2/install/px4_msgs/include/px4_msgs/px4_msgs/msg/detail/debug_value__type_support.cpp\n'}
[5.756910] (px4_msgs) StdoutLine: {'line': b'-- Up-to-date: /home/pavel/ws_ros2/install/px4_msgs/include/px4_msgs/px4_msgs/msg/detail/gimbal_device_information__rosidl_typesupport_introspection_cpp.hpp\n'}
[5.756961] (px4_msgs) StdoutLine: {'line': b'-- Up-to-date: /home/pavel/ws_ros2/install/px4_msgs/include/px4_msgs/px4_msgs/msg/detail/fuel_tank_status__rosidl_typesupport_introspection_cpp.hpp\n'}
[5.757010] (px4_msgs) StdoutLine: {'line': b'-- Up-to-date: /home/pavel/ws_ros2/install/px4_msgs/include/px4_msgs/px4_msgs/msg/detail/vehicle_imu_status__type_support.cpp\n'}
[5.757059] (px4_msgs) StdoutLine: {'line': b'-- Up-to-date: /home/pavel/ws_ros2/install/px4_msgs/include/px4_msgs/px4_msgs/msg/detail/vehicle_thrust_setpoint__type_support.cpp\n'}
[5.757108] (px4_msgs) StdoutLine: {'line': b'-- Up-to-date: /home/pavel/ws_ros2/install/px4_msgs/include/px4_msgs/px4_msgs/msg/detail/sensor_gyro_fft__type_support.cpp\n'}
[5.757168] (px4_msgs) StdoutLine: {'line': b'-- Up-to-date: /home/pavel/ws_ros2/install/px4_msgs/include/px4_msgs/px4_msgs/msg/detail/debug_key_value__rosidl_typesupport_introspection_cpp.hpp\n'}
[5.757218] (px4_msgs) StdoutLine: {'line': b'-- Up-to-date: /home/pavel/ws_ros2/install/px4_msgs/include/px4_msgs/px4_msgs/msg/detail/vehicle_trajectory_waypoint__rosidl_typesupport_introspection_cpp.hpp\n'}
[5.757268] (px4_msgs) StdoutLine: {'line': b'-- Up-to-date: /home/pavel/ws_ros2/install/px4_msgs/include/px4_msgs/px4_msgs/msg/detail/failure_detector_status__rosidl_typesupport_introspection_cpp.hpp\n'}
[5.757317] (px4_msgs) StdoutLine: {'line': b'-- Up-to-date: /home/pavel/ws_ros2/install/px4_msgs/include/px4_msgs/px4_msgs/msg/detail/dataman_request__type_support.cpp\n'}
[5.757365] (px4_msgs) StdoutLine: {'line': b'-- Up-to-date: /home/pavel/ws_ros2/install/px4_msgs/include/px4_msgs/px4_msgs/msg/detail/buffer128__rosidl_typesupport_introspection_cpp.hpp\n'}
[5.757443] (px4_msgs) StdoutLine: {'line': b'-- Up-to-date: /home/pavel/ws_ros2/install/px4_msgs/include/px4_msgs/px4_msgs/msg/detail/register_ext_component_request__type_support.cpp\n'}
[5.757495] (px4_msgs) StdoutLine: {'line': b'-- Up-to-date: /home/pavel/ws_ros2/install/px4_msgs/include/px4_msgs/px4_msgs/msg/detail/px4io_status__rosidl_typesupport_introspection_cpp.hpp\n'}
[5.757545] (px4_msgs) StdoutLine: {'line': b'-- Up-to-date: /home/pavel/ws_ros2/install/px4_msgs/include/px4_msgs/px4_msgs/msg/detail/camera_status__rosidl_typesupport_introspection_cpp.hpp\n'}
[5.757596] (px4_msgs) StdoutLine: {'line': b'-- Up-to-date: /home/pavel/ws_ros2/install/px4_msgs/include/px4_msgs/px4_msgs/msg/detail/sensor_hygrometer__rosidl_typesupport_introspection_cpp.hpp\n'}
[5.757646] (px4_msgs) StdoutLine: {'line': b'-- Up-to-date: /home/pavel/ws_ros2/install/px4_msgs/include/px4_msgs/px4_msgs/msg/detail/pwm_input__rosidl_typesupport_introspection_cpp.hpp\n'}
[5.757695] (px4_msgs) StdoutLine: {'line': b'-- Up-to-date: /home/pavel/ws_ros2/install/px4_msgs/lib/libpx4_msgs__rosidl_typesupport_introspection_cpp.so\n'}
[5.757746] (px4_msgs) StdoutLine: {'line': b'-- Up-to-date: /home/pavel/ws_ros2/install/px4_msgs/lib/libpx4_msgs__rosidl_typesupport_cpp.so\n'}
[5.757802] (px4_msgs) StdoutLine: {'line': b'-- Up-to-date: /home/pavel/ws_ros2/install/px4_msgs/share/px4_msgs/environment/pythonpath.sh\n'}
[5.757879] (px4_msgs) StdoutLine: {'line': b'-- Up-to-date: /home/pavel/ws_ros2/install/px4_msgs/share/px4_msgs/environment/pythonpath.dsv\n'}
[5.757930] (px4_msgs) StdoutLine: {'line': b'-- Up-to-date: /home/pavel/ws_ros2/install/px4_msgs/local/lib/python3.10/dist-packages/px4_msgs-2.0.1-py3.10.egg-info\n'}
[5.757980] (px4_msgs) StdoutLine: {'line': b'-- Installing: /home/pavel/ws_ros2/install/px4_msgs/local/lib/python3.10/dist-packages/px4_msgs-2.0.1-py3.10.egg-info/dependency_links.txt\n'}
[5.758031] (px4_msgs) StdoutLine: {'line': b'-- Installing: /home/pavel/ws_ros2/install/px4_msgs/local/lib/python3.10/dist-packages/px4_msgs-2.0.1-py3.10.egg-info/PKG-INFO\n'}
[5.758080] (px4_msgs) StdoutLine: {'line': b'-- Installing: /home/pavel/ws_ros2/install/px4_msgs/local/lib/python3.10/dist-packages/px4_msgs-2.0.1-py3.10.egg-info/top_level.txt\n'}
[5.758130] (px4_msgs) StdoutLine: {'line': b'-- Installing: /home/pavel/ws_ros2/install/px4_msgs/local/lib/python3.10/dist-packages/px4_msgs-2.0.1-py3.10.egg-info/SOURCES.txt\n'}
[5.758185] (px4_msgs) StdoutLine: {'line': b'-- Up-to-date: /home/pavel/ws_ros2/install/px4_msgs/local/lib/python3.10/dist-packages/px4_msgs\n'}
[5.758258] (px4_msgs) StdoutLine: {'line': b'-- Up-to-date: /home/pavel/ws_ros2/install/px4_msgs/local/lib/python3.10/dist-packages/px4_msgs/_px4_msgs_s.ep.rosidl_typesupport_introspection_c.c\n'}
[5.758308] (px4_msgs) StdoutLine: {'line': b'-- Up-to-date: /home/pavel/ws_ros2/install/px4_msgs/local/lib/python3.10/dist-packages/px4_msgs/__init__.py\n'}
[5.758357] (px4_msgs) StdoutLine: {'line': b'-- Up-to-date: /home/pavel/ws_ros2/install/px4_msgs/local/lib/python3.10/dist-packages/px4_msgs/px4_msgs_s__rosidl_typesupport_fastrtps_c.cpython-310-x86_64-linux-gnu.so\n'}
[5.758437] (px4_msgs) StdoutLine: {'line': b'-- Up-to-date: /home/pavel/ws_ros2/install/px4_msgs/local/lib/python3.10/dist-packages/px4_msgs/_px4_msgs_s.ep.rosidl_typesupport_fastrtps_c.c\n'}
[5.758490] (px4_msgs) StdoutLine: {'line': b'-- Up-to-date: /home/pavel/ws_ros2/install/px4_msgs/local/lib/python3.10/dist-packages/px4_msgs/libpx4_msgs__rosidl_generator_py.so\n'}
[5.758539] (px4_msgs) StdoutLine: {'line': b'-- Up-to-date: /home/pavel/ws_ros2/install/px4_msgs/local/lib/python3.10/dist-packages/px4_msgs/srv\n'}
[5.758587] (px4_msgs) StdoutLine: {'line': b'-- Up-to-date: /home/pavel/ws_ros2/install/px4_msgs/local/lib/python3.10/dist-packages/px4_msgs/srv/_vehicle_command_s.c\n'}
[5.758636] (px4_msgs) StdoutLine: {'line': b'-- Up-to-date: /home/pavel/ws_ros2/install/px4_msgs/local/lib/python3.10/dist-packages/px4_msgs/srv/__init__.py\n'}
[5.758691] (px4_msgs) StdoutLine: {'line': b'-- Up-to-date: /home/pavel/ws_ros2/install/px4_msgs/local/lib/python3.10/dist-packages/px4_msgs/srv/_vehicle_command.py\n'}
[5.758746] (px4_msgs) StdoutLine: {'line': b'-- Up-to-date: /home/pavel/ws_ros2/install/px4_msgs/local/lib/python3.10/dist-packages/px4_msgs/msg\n'}
[5.758813] (px4_msgs) StdoutLine: {'line': b'-- Up-to-date: /home/pavel/ws_ros2/install/px4_msgs/local/lib/python3.10/dist-packages/px4_msgs/msg/_vehicle_angular_acceleration_setpoint.py\n'}
[5.758865] (px4_msgs) StdoutLine: {'line': b'-- Up-to-date: /home/pavel/ws_ros2/install/px4_msgs/local/lib/python3.10/dist-packages/px4_msgs/msg/_control_allocator_status_s.c\n'}
[5.758914] (px4_msgs) StdoutLine: {'line': b'-- Up-to-date: /home/pavel/ws_ros2/install/px4_msgs/local/lib/python3.10/dist-packages/px4_msgs/msg/_rover_ackermann_guidance_status.py\n'}
[5.758967] (px4_msgs) StdoutLine: {'line': b'-- Up-to-date: /home/pavel/ws_ros2/install/px4_msgs/local/lib/python3.10/dist-packages/px4_msgs/msg/_offboard_control_mode.py\n'}
[5.759021] (px4_msgs) StdoutLine: {'line': b'-- Up-to-date: /home/pavel/ws_ros2/install/px4_msgs/local/lib/python3.10/dist-packages/px4_msgs/msg/_rtl_status_s.c\n'}
[5.759076] (px4_msgs) StdoutLine: {'line': b'-- Up-to-date: /home/pavel/ws_ros2/install/px4_msgs/local/lib/python3.10/dist-packages/px4_msgs/msg/_launch_detection_status_s.c\n'}
[5.759130] (px4_msgs) StdoutLine: {'line': b'-- Up-to-date: /home/pavel/ws_ros2/install/px4_msgs/local/lib/python3.10/dist-packages/px4_msgs/msg/_wind.py\n'}
[5.759197] (px4_msgs) StdoutLine: {'line': b'-- Up-to-date: /home/pavel/ws_ros2/install/px4_msgs/local/lib/python3.10/dist-packages/px4_msgs/msg/_npfg_status_s.c\n'}
[5.759247] (px4_msgs) StdoutLine: {'line': b'-- Up-to-date: /home/pavel/ws_ros2/install/px4_msgs/local/lib/python3.10/dist-packages/px4_msgs/msg/_action_request_s.c\n'}
[5.759296] (px4_msgs) StdoutLine: {'line': b'-- Up-to-date: /home/pavel/ws_ros2/install/px4_msgs/local/lib/python3.10/dist-packages/px4_msgs/msg/_logger_status_s.c\n'}
[5.759345] (px4_msgs) StdoutLine: {'line': b'-- Up-to-date: /home/pavel/ws_ros2/install/px4_msgs/local/lib/python3.10/dist-packages/px4_msgs/msg/_dataman_request.py\n'}
[5.759420] (px4_msgs) StdoutLine: {'line': b'-- Up-to-date: /home/pavel/ws_ros2/install/px4_msgs/local/lib/python3.10/dist-packages/px4_msgs/msg/_pwm_input_s.c\n'}
[5.759474] (px4_msgs) StdoutLine: {'line': b'-- Up-to-date: /home/pavel/ws_ros2/install/px4_msgs/local/lib/python3.10/dist-packages/px4_msgs/msg/_follow_target_s.c\n'}
[5.759523] (px4_msgs) StdoutLine: {'line': b'-- Up-to-date: /home/pavel/ws_ros2/install/px4_msgs/local/lib/python3.10/dist-packages/px4_msgs/msg/_rover_ackermann_guidance_status_s.c\n'}
[5.759573] (px4_msgs) StdoutLine: {'line': b'-- Up-to-date: /home/pavel/ws_ros2/install/px4_msgs/local/lib/python3.10/dist-packages/px4_msgs/msg/_tecs_status_s.c\n'}
[5.759622] (px4_msgs) StdoutLine: {'line': b'-- Up-to-date: /home/pavel/ws_ros2/install/px4_msgs/local/lib/python3.10/dist-packages/px4_msgs/msg/_power_monitor.py\n'}
[5.759686] (px4_msgs) StdoutLine: {'line': b'-- Up-to-date: /home/pavel/ws_ros2/install/px4_msgs/local/lib/python3.10/dist-packages/px4_msgs/msg/_differential_pressure_s.c\n'}
[5.759736] (px4_msgs) StdoutLine: {'line': b'-- Up-to-date: /home/pavel/ws_ros2/install/px4_msgs/local/lib/python3.10/dist-packages/px4_msgs/msg/_estimator_event_flags.py\n'}
[5.759785] (px4_msgs) StdoutLine: {'line': b'-- Up-to-date: /home/pavel/ws_ros2/install/px4_msgs/local/lib/python3.10/dist-packages/px4_msgs/msg/_estimator_bias.py\n'}
[5.759834] (px4_msgs) StdoutLine: {'line': b'-- Up-to-date: /home/pavel/ws_ros2/install/px4_msgs/local/lib/python3.10/dist-packages/px4_msgs/msg/_sensor_gyro_fifo.py\n'}
[5.759883] (px4_msgs) StdoutLine: {'line': b'-- Up-to-date: /home/pavel/ws_ros2/install/px4_msgs/local/lib/python3.10/dist-packages/px4_msgs/msg/_follow_target.py\n'}
[5.759938] (px4_msgs) StdoutLine: {'line': b'-- Up-to-date: /home/pavel/ws_ros2/install/px4_msgs/local/lib/python3.10/dist-packages/px4_msgs/msg/_vehicle_constraints_s.c\n'}
[5.759992] (px4_msgs) StdoutLine: {'line': b'-- Up-to-date: /home/pavel/ws_ros2/install/px4_msgs/local/lib/python3.10/dist-packages/px4_msgs/msg/_sensor_uwb.py\n'}
[5.760046] (px4_msgs) StdoutLine: {'line': b'-- Up-to-date: /home/pavel/ws_ros2/install/px4_msgs/local/lib/python3.10/dist-packages/px4_msgs/msg/_arming_check_reply_s.c\n'}
[5.760117] (px4_msgs) StdoutLine: {'line': b'-- Up-to-date: /home/pavel/ws_ros2/install/px4_msgs/local/lib/python3.10/dist-packages/px4_msgs/msg/_estimator_states_s.c\n'}
[5.760172] (px4_msgs) StdoutLine: {'line': b'-- Up-to-date: /home/pavel/ws_ros2/install/px4_msgs/local/lib/python3.10/dist-packages/px4_msgs/msg/_gripper.py\n'}
[5.760226] (px4_msgs) StdoutLine: {'line': b'-- Up-to-date: /home/pavel/ws_ros2/install/px4_msgs/local/lib/python3.10/dist-packages/px4_msgs/msg/_gimbal_device_information.py\n'}
[5.760281] (px4_msgs) StdoutLine: {'line': b'-- Up-to-date: /home/pavel/ws_ros2/install/px4_msgs/local/lib/python3.10/dist-packages/px4_msgs/msg/_orbit_status_s.c\n'}
[5.760335] (px4_msgs) StdoutLine: {'line': b'-- Up-to-date: /home/pavel/ws_ros2/install/px4_msgs/local/lib/python3.10/dist-packages/px4_msgs/msg/_trajectory_waypoint.py\n'}
[5.760406] (px4_msgs) StdoutLine: {'line': b'-- Up-to-date: /home/pavel/ws_ros2/install/px4_msgs/local/lib/python3.10/dist-packages/px4_msgs/msg/_estimator_status_flags.py\n'}
[5.760461] (px4_msgs) StdoutLine: {'line': b'-- Up-to-date: /home/pavel/ws_ros2/install/px4_msgs/local/lib/python3.10/dist-packages/px4_msgs/msg/_vehicle_global_position.py\n'}
[5.760515] (px4_msgs) StdoutLine: {'line': b'-- Up-to-date: /home/pavel/ws_ros2/install/px4_msgs/local/lib/python3.10/dist-packages/px4_msgs/msg/_can_interface_status_s.c\n'}
[5.760566] (px4_msgs) StdoutLine: {'line': b'-- Up-to-date: /home/pavel/ws_ros2/install/px4_msgs/local/lib/python3.10/dist-packages/px4_msgs/msg/_parameter_update_s.c\n'}
[5.760614] (px4_msgs) StdoutLine: {'line': b'-- Up-to-date: /home/pavel/ws_ros2/install/px4_msgs/local/lib/python3.10/dist-packages/px4_msgs/msg/_geofence_result_s.c\n'}
[5.760669] (px4_msgs) StdoutLine: {'line': b'-- Up-to-date: /home/pavel/ws_ros2/install/px4_msgs/local/lib/python3.10/dist-packages/px4_msgs/msg/_transponder_report.py\n'}
[5.760724] (px4_msgs) StdoutLine: {'line': b'-- Up-to-date: /home/pavel/ws_ros2/install/px4_msgs/local/lib/python3.10/dist-packages/px4_msgs/msg/_vehicle_optical_flow.py\n'}
[5.760778] (px4_msgs) StdoutLine: {'line': b'-- Up-to-date: /home/pavel/ws_ros2/install/px4_msgs/local/lib/python3.10/dist-packages/px4_msgs/msg/_navigator_mission_item_s.c\n'}
[5.760833] (px4_msgs) StdoutLine: {'line': b'-- Up-to-date: /home/pavel/ws_ros2/install/px4_msgs/local/lib/python3.10/dist-packages/px4_msgs/msg/_action_request.py\n'}
[5.760888] (px4_msgs) StdoutLine: {'line': b'-- Up-to-date: /home/pavel/ws_ros2/install/px4_msgs/local/lib/python3.10/dist-packages/px4_msgs/msg/_gimbal_manager_status.py\n'}
[5.760958] (px4_msgs) StdoutLine: {'line': b'-- Up-to-date: /home/pavel/ws_ros2/install/px4_msgs/local/lib/python3.10/dist-packages/px4_msgs/msg/_ekf2_timestamps.py\n'}
[5.761007] (px4_msgs) StdoutLine: {'line': b'-- Up-to-date: /home/pavel/ws_ros2/install/px4_msgs/local/lib/python3.10/dist-packages/px4_msgs/msg/_actuator_test.py\n'}
[5.761056] (px4_msgs) StdoutLine: {'line': b'-- Up-to-date: /home/pavel/ws_ros2/install/px4_msgs/local/lib/python3.10/dist-packages/px4_msgs/msg/_can_interface_status.py\n'}
[5.761105] (px4_msgs) StdoutLine: {'line': b'-- Up-to-date: /home/pavel/ws_ros2/install/px4_msgs/local/lib/python3.10/dist-packages/px4_msgs/msg/_generator_status.py\n'}
[5.761158] (px4_msgs) StdoutLine: {'line': b'-- Up-to-date: /home/pavel/ws_ros2/install/px4_msgs/local/lib/python3.10/dist-packages/px4_msgs/msg/_parameter_set_used_request.py\n'}
[5.761212] (px4_msgs) StdoutLine: {'line': b'-- Up-to-date: /home/pavel/ws_ros2/install/px4_msgs/local/lib/python3.10/dist-packages/px4_msgs/msg/_mag_worker_data_s.c\n'}
[5.761276] (px4_msgs) StdoutLine: {'line': b'-- Up-to-date: /home/pavel/ws_ros2/install/px4_msgs/local/lib/python3.10/dist-packages/px4_msgs/msg/_health_report.py\n'}
[5.761325] (px4_msgs) StdoutLine: {'line': b'-- Up-to-date: /home/pavel/ws_ros2/install/px4_msgs/local/lib/python3.10/dist-packages/px4_msgs/msg/_vehicle_command_s.c\n'}
[5.761374] (px4_msgs) StdoutLine: {'line': b'-- Up-to-date: /home/pavel/ws_ros2/install/px4_msgs/local/lib/python3.10/dist-packages/px4_msgs/msg/_vehicle_optical_flow_vel_s.c\n'}
[5.761435] (px4_msgs) StdoutLine: {'line': b'-- Up-to-date: /home/pavel/ws_ros2/install/px4_msgs/local/lib/python3.10/dist-packages/px4_msgs/msg/_estimator_event_flags_s.c\n'}
[5.761489] (px4_msgs) StdoutLine: {'line': b'-- Up-to-date: /home/pavel/ws_ros2/install/px4_msgs/local/lib/python3.10/dist-packages/px4_msgs/msg/_gpio_config_s.c\n'}
[5.761543] (px4_msgs) StdoutLine: {'line': b'-- Up-to-date: /home/pavel/ws_ros2/install/px4_msgs/local/lib/python3.10/dist-packages/px4_msgs/msg/_fuel_tank_status.py\n'}
[5.761597] (px4_msgs) StdoutLine: {'line': b'-- Up-to-date: /home/pavel/ws_ros2/install/px4_msgs/local/lib/python3.10/dist-packages/px4_msgs/msg/_parameter_set_value_response_s.c\n'}
[5.761651] (px4_msgs) StdoutLine: {'line': b'-- Up-to-date: /home/pavel/ws_ros2/install/px4_msgs/local/lib/python3.10/dist-packages/px4_msgs/msg/_parameter_set_used_request_s.c\n'}
[5.761717] (px4_msgs) StdoutLine: {'line': b'-- Up-to-date: /home/pavel/ws_ros2/install/px4_msgs/local/lib/python3.10/dist-packages/px4_msgs/msg/_sensor_gyro.py\n'}
[5.761766] (px4_msgs) StdoutLine: {'line': b'-- Up-to-date: /home/pavel/ws_ros2/install/px4_msgs/local/lib/python3.10/dist-packages/px4_msgs/msg/_actuator_motors_s.c\n'}
[5.761821] (px4_msgs) StdoutLine: {'line': b'-- Up-to-date: /home/pavel/ws_ros2/install/px4_msgs/local/lib/python3.10/dist-packages/px4_msgs/msg/_satellite_info_s.c\n'}
[5.761876] (px4_msgs) StdoutLine: {'line': b'-- Up-to-date: /home/pavel/ws_ros2/install/px4_msgs/local/lib/python3.10/dist-packages/px4_msgs/msg/_buffer128_s.c\n'}
[5.761947] (px4_msgs) StdoutLine: {'line': b'-- Up-to-date: /home/pavel/ws_ros2/install/px4_msgs/local/lib/python3.10/dist-packages/px4_msgs/msg/_vehicle_roi_s.c\n'}
[5.761997] (px4_msgs) StdoutLine: {'line': b'-- Up-to-date: /home/pavel/ws_ros2/install/px4_msgs/local/lib/python3.10/dist-packages/px4_msgs/msg/_vehicle_optical_flow_s.c\n'}
[5.762047] (px4_msgs) StdoutLine: {'line': b'-- Up-to-date: /home/pavel/ws_ros2/install/px4_msgs/local/lib/python3.10/dist-packages/px4_msgs/msg/_sensor_correction.py\n'}
[5.762096] (px4_msgs) StdoutLine: {'line': b'-- Up-to-date: /home/pavel/ws_ros2/install/px4_msgs/local/lib/python3.10/dist-packages/px4_msgs/msg/_gimbal_device_attitude_status.py\n'}
[5.762157] (px4_msgs) StdoutLine: {'line': b'-- Up-to-date: /home/pavel/ws_ros2/install/px4_msgs/local/lib/python3.10/dist-packages/px4_msgs/msg/_vehicle_angular_velocity.py\n'}
[5.762206] (px4_msgs) StdoutLine: {'line': b'-- Up-to-date: /home/pavel/ws_ros2/install/px4_msgs/local/lib/python3.10/dist-packages/px4_msgs/msg/_sensors_status_s.c\n'}
[5.762256] (px4_msgs) StdoutLine: {'line': b'-- Up-to-date: /home/pavel/ws_ros2/install/px4_msgs/local/lib/python3.10/dist-packages/px4_msgs/msg/_estimator_innovations.py\n'}
[5.762306] (px4_msgs) StdoutLine: {'line': b'-- Up-to-date: /home/pavel/ws_ros2/install/px4_msgs/local/lib/python3.10/dist-packages/px4_msgs/msg/_geofence_status_s.c\n'}
[5.762355] (px4_msgs) StdoutLine: {'line': b'-- Up-to-date: /home/pavel/ws_ros2/install/px4_msgs/local/lib/python3.10/dist-packages/px4_msgs/msg/_sensor_gyro_fft_s.c\n'}
[5.762431] (px4_msgs) StdoutLine: {'line': b'-- Up-to-date: /home/pavel/ws_ros2/install/px4_msgs/local/lib/python3.10/dist-packages/px4_msgs/msg/_debug_array_s.c\n'}
[5.762484] (px4_msgs) StdoutLine: {'line': b'-- Up-to-date: /home/pavel/ws_ros2/install/px4_msgs/local/lib/python3.10/dist-packages/px4_msgs/msg/_event_s.c\n'}
[5.762533] (px4_msgs) StdoutLine: {'line': b'-- Up-to-date: /home/pavel/ws_ros2/install/px4_msgs/local/lib/python3.10/dist-packages/px4_msgs/msg/_qshell_retval.py\n'}
[5.762582] (px4_msgs) StdoutLine: {'line': b'-- Up-to-date: /home/pavel/ws_ros2/install/px4_msgs/local/lib/python3.10/dist-packages/px4_msgs/msg/_cpuload.py\n'}
[5.762630] (px4_msgs) StdoutLine: {'line': b'-- Up-to-date: /home/pavel/ws_ros2/install/px4_msgs/local/lib/python3.10/dist-packages/px4_msgs/msg/_actuator_servos.py\n'}
[5.762679] (px4_msgs) StdoutLine: {'line': b'-- Up-to-date: /home/pavel/ws_ros2/install/px4_msgs/local/lib/python3.10/dist-packages/px4_msgs/msg/_vehicle_attitude.py\n'}
[5.762749] (px4_msgs) StdoutLine: {'line': b'-- Up-to-date: /home/pavel/ws_ros2/install/px4_msgs/local/lib/python3.10/dist-packages/px4_msgs/msg/_position_controller_landing_status.py\n'}
[5.762800] (px4_msgs) StdoutLine: {'line': b'-- Up-to-date: /home/pavel/ws_ros2/install/px4_msgs/local/lib/python3.10/dist-packages/px4_msgs/msg/_register_ext_component_reply_s.c\n'}
[5.762849] (px4_msgs) StdoutLine: {'line': b'-- Up-to-date: /home/pavel/ws_ros2/install/px4_msgs/local/lib/python3.10/dist-packages/px4_msgs/msg/__init__.py\n'}
[5.762897] (px4_msgs) StdoutLine: {'line': b'-- Up-to-date: /home/pavel/ws_ros2/install/px4_msgs/local/lib/python3.10/dist-packages/px4_msgs/msg/_landing_gear_wheel_s.c\n'}
[5.762945] (px4_msgs) StdoutLine: {'line': b'-- Up-to-date: /home/pavel/ws_ros2/install/px4_msgs/local/lib/python3.10/dist-packages/px4_msgs/msg/_mavlink_tunnel.py\n'}
[5.762994] (px4_msgs) StdoutLine: {'line': b'-- Up-to-date: /home/pavel/ws_ros2/install/px4_msgs/local/lib/python3.10/dist-packages/px4_msgs/msg/_position_setpoint_triplet.py\n'}
[5.763042] (px4_msgs) StdoutLine: {'line': b'-- Up-to-date: /home/pavel/ws_ros2/install/px4_msgs/local/lib/python3.10/dist-packages/px4_msgs/msg/_pps_capture.py\n'}
[5.763096] (px4_msgs) StdoutLine: {'line': b'-- Up-to-date: /home/pavel/ws_ros2/install/px4_msgs/local/lib/python3.10/dist-packages/px4_msgs/msg/_position_controller_status_s.c\n'}
[5.763146] (px4_msgs) StdoutLine: {'line': b'-- Up-to-date: /home/pavel/ws_ros2/install/px4_msgs/local/lib/python3.10/dist-packages/px4_msgs/msg/_vehicle_attitude_setpoint.py\n'}
[5.763197] (px4_msgs) StdoutLine: {'line': b'-- Up-to-date: /home/pavel/ws_ros2/install/px4_msgs/local/lib/python3.10/dist-packages/px4_msgs/msg/_actuator_test_s.c\n'}
[5.763251] (px4_msgs) StdoutLine: {'line': b'-- Up-to-date: /home/pavel/ws_ros2/install/px4_msgs/local/lib/python3.10/dist-packages/px4_msgs/msg/_cellular_status_s.c\n'}
[5.763306] (px4_msgs) StdoutLine: {'line': b'-- Up-to-date: /home/pavel/ws_ros2/install/px4_msgs/local/lib/python3.10/dist-packages/px4_msgs/msg/_led_control_s.c\n'}
[5.763360] (px4_msgs) StdoutLine: {'line': b'-- Up-to-date: /home/pavel/ws_ros2/install/px4_msgs/local/lib/python3.10/dist-packages/px4_msgs/msg/_vtol_vehicle_status.py\n'}
[5.763452] (px4_msgs) StdoutLine: {'line': b'-- Up-to-date: /home/pavel/ws_ros2/install/px4_msgs/local/lib/python3.10/dist-packages/px4_msgs/msg/_tiltrotor_extra_controls.py\n'}
[5.763504] (px4_msgs) StdoutLine: {'line': b'-- Up-to-date: /home/pavel/ws_ros2/install/px4_msgs/local/lib/python3.10/dist-packages/px4_msgs/msg/_vehicle_acceleration.py\n'}
[5.763558] (px4_msgs) StdoutLine: {'line': b'-- Up-to-date: /home/pavel/ws_ros2/install/px4_msgs/local/lib/python3.10/dist-packages/px4_msgs/msg/_onboard_computer_status_s.c\n'}
[5.763607] (px4_msgs) StdoutLine: {'line': b'-- Up-to-date: /home/pavel/ws_ros2/install/px4_msgs/local/lib/python3.10/dist-packages/px4_msgs/msg/_position_controller_landing_status_s.c\n'}
[5.763661] (px4_msgs) StdoutLine: {'line': b'-- Up-to-date: /home/pavel/ws_ros2/install/px4_msgs/local/lib/python3.10/dist-packages/px4_msgs/msg/_failure_detector_status.py\n'}
[5.763733] (px4_msgs) StdoutLine: {'line': b'-- Up-to-date: /home/pavel/ws_ros2/install/px4_msgs/local/lib/python3.10/dist-packages/px4_msgs/msg/_unregister_ext_component_s.c\n'}
[5.763784] (px4_msgs) StdoutLine: {'line': b'-- Up-to-date: /home/pavel/ws_ros2/install/px4_msgs/local/lib/python3.10/dist-packages/px4_msgs/msg/_message_format_response_s.c\n'}
[5.763833] (px4_msgs) StdoutLine: {'line': b'-- Up-to-date: /home/pavel/ws_ros2/install/px4_msgs/local/lib/python3.10/dist-packages/px4_msgs/msg/_control_allocator_status.py\n'}
[5.763883] (px4_msgs) StdoutLine: {'line': b'-- Up-to-date: /home/pavel/ws_ros2/install/px4_msgs/local/lib/python3.10/dist-packages/px4_msgs/msg/_airspeed_s.c\n'}
[5.763932] (px4_msgs) StdoutLine: {'line': b'-- Up-to-date: /home/pavel/ws_ros2/install/px4_msgs/local/lib/python3.10/dist-packages/px4_msgs/msg/_sensor_combined.py\n'}
[5.763987] (px4_msgs) StdoutLine: {'line': b'-- Up-to-date: /home/pavel/ws_ros2/install/px4_msgs/local/lib/python3.10/dist-packages/px4_msgs/msg/_camera_capture.py\n'}
[5.764058] (px4_msgs) StdoutLine: {'line': b'-- Up-to-date: /home/pavel/ws_ros2/install/px4_msgs/local/lib/python3.10/dist-packages/px4_msgs/msg/_manual_control_switches_s.c\n'}
[5.764109] (px4_msgs) StdoutLine: {'line': b'-- Up-to-date: /home/pavel/ws_ros2/install/px4_msgs/local/lib/python3.10/dist-packages/px4_msgs/msg/_obstacle_distance.py\n'}
[5.764158] (px4_msgs) StdoutLine: {'line': b'-- Up-to-date: /home/pavel/ws_ros2/install/px4_msgs/local/lib/python3.10/dist-packages/px4_msgs/msg/_orb_test_s.c\n'}
[5.764206] (px4_msgs) StdoutLine: {'line': b'-- Up-to-date: /home/pavel/ws_ros2/install/px4_msgs/local/lib/python3.10/dist-packages/px4_msgs/msg/_debug_value_s.c\n'}
[5.764254] (px4_msgs) StdoutLine: {'line': b'-- Up-to-date: /home/pavel/ws_ros2/install/px4_msgs/local/lib/python3.10/dist-packages/px4_msgs/msg/_debug_vect_s.c\n'}
[5.764303] (px4_msgs) StdoutLine: {'line': b'-- Up-to-date: /home/pavel/ws_ros2/install/px4_msgs/local/lib/python3.10/dist-packages/px4_msgs/msg/_differential_drive_setpoint_s.c\n'}
[5.764356] (px4_msgs) StdoutLine: {'line': b'-- Up-to-date: /home/pavel/ws_ros2/install/px4_msgs/local/lib/python3.10/dist-packages/px4_msgs/msg/_gimbal_device_attitude_status_s.c\n'}
[5.764430] (px4_msgs) StdoutLine: {'line': b'-- Up-to-date: /home/pavel/ws_ros2/install/px4_msgs/local/lib/python3.10/dist-packages/px4_msgs/msg/_gpio_in_s.c\n'}
[5.764483] (px4_msgs) StdoutLine: {'line': b'-- Up-to-date: /home/pavel/ws_ros2/install/px4_msgs/local/lib/python3.10/dist-packages/px4_msgs/msg/_actuator_controls_status_s.c\n'}
[5.764532] (px4_msgs) StdoutLine: {'line': b'-- Up-to-date: /home/pavel/ws_ros2/install/px4_msgs/local/lib/python3.10/dist-packages/px4_msgs/msg/_vehicle_thrust_setpoint_s.c\n'}
[5.764581] (px4_msgs) StdoutLine: {'line': b'-- Up-to-date: /home/pavel/ws_ros2/install/px4_msgs/local/lib/python3.10/dist-packages/px4_msgs/msg/_uavcan_parameter_request_s.c\n'}
[5.764631] (px4_msgs) StdoutLine: {'line': b'-- Up-to-date: /home/pavel/ws_ros2/install/px4_msgs/local/lib/python3.10/dist-packages/px4_msgs/msg/_gimbal_manager_status_s.c\n'}
[5.764680] (px4_msgs) StdoutLine: {'line': b'-- Up-to-date: /home/pavel/ws_ros2/install/px4_msgs/local/lib/python3.10/dist-packages/px4_msgs/msg/_landing_gear_wheel.py\n'}
[5.764729] (px4_msgs) StdoutLine: {'line': b'-- Up-to-date: /home/pavel/ws_ros2/install/px4_msgs/local/lib/python3.10/dist-packages/px4_msgs/msg/_qshell_req_s.c\n'}
[5.764778] (px4_msgs) StdoutLine: {'line': b'-- Up-to-date: /home/pavel/ws_ros2/install/px4_msgs/local/lib/python3.10/dist-packages/px4_msgs/msg/_mission_result.py\n'}
[5.764827] (px4_msgs) StdoutLine: {'line': b'-- Up-to-date: /home/pavel/ws_ros2/install/px4_msgs/local/lib/python3.10/dist-packages/px4_msgs/msg/_gimbal_device_set_attitude.py\n'}
[5.764894] (px4_msgs) StdoutLine: {'line': b'-- Up-to-date: /home/pavel/ws_ros2/install/px4_msgs/local/lib/python3.10/dist-packages/px4_msgs/msg/_vehicle_rates_setpoint.py\n'}
[5.764946] (px4_msgs) StdoutLine: {'line': b'-- Up-to-date: /home/pavel/ws_ros2/install/px4_msgs/local/lib/python3.10/dist-packages/px4_msgs/msg/_gimbal_manager_information.py\n'}
[5.765019] (px4_msgs) StdoutLine: {'line': b'-- Up-to-date: /home/pavel/ws_ros2/install/px4_msgs/local/lib/python3.10/dist-packages/px4_msgs/msg/_yaw_estimator_status.py\n'}
[5.765071] (px4_msgs) StdoutLine: {'line': b'-- Up-to-date: /home/pavel/ws_ros2/install/px4_msgs/local/lib/python3.10/dist-packages/px4_msgs/msg/_estimator_bias3d.py\n'}
[5.765121] (px4_msgs) StdoutLine: {'line': b'-- Up-to-date: /home/pavel/ws_ros2/install/px4_msgs/local/lib/python3.10/dist-packages/px4_msgs/msg/_register_ext_component_reply.py\n'}
[5.765175] (px4_msgs) StdoutLine: {'line': b'-- Up-to-date: /home/pavel/ws_ros2/install/px4_msgs/local/lib/python3.10/dist-packages/px4_msgs/msg/_failsafe_flags.py\n'}
[5.765226] (px4_msgs) StdoutLine: {'line': b'-- Up-to-date: /home/pavel/ws_ros2/install/px4_msgs/local/lib/python3.10/dist-packages/px4_msgs/msg/_vehicle_imu_s.c\n'}
[5.765274] (px4_msgs) StdoutLine: {'line': b'-- Up-to-date: /home/pavel/ws_ros2/install/px4_msgs/local/lib/python3.10/dist-packages/px4_msgs/msg/_estimator_status_s.c\n'}
[5.765324] (px4_msgs) StdoutLine: {'line': b'-- Up-to-date: /home/pavel/ws_ros2/install/px4_msgs/local/lib/python3.10/dist-packages/px4_msgs/msg/_iridiumsbd_status.py\n'}
[5.765374] (px4_msgs) StdoutLine: {'line': b'-- Up-to-date: /home/pavel/ws_ros2/install/px4_msgs/local/lib/python3.10/dist-packages/px4_msgs/msg/_vehicle_air_data_s.c\n'}
[5.765434] (px4_msgs) StdoutLine: {'line': b'-- Up-to-date: /home/pavel/ws_ros2/install/px4_msgs/local/lib/python3.10/dist-packages/px4_msgs/msg/_telemetry_status.py\n'}
[5.765494] (px4_msgs) StdoutLine: {'line': b'-- Up-to-date: /home/pavel/ws_ros2/install/px4_msgs/local/lib/python3.10/dist-packages/px4_msgs/msg/_unregister_ext_component.py\n'}
[5.765545] (px4_msgs) StdoutLine: {'line': b'-- Up-to-date: /home/pavel/ws_ros2/install/px4_msgs/local/lib/python3.10/dist-packages/px4_msgs/msg/_log_message_s.c\n'}
[5.765600] (px4_msgs) StdoutLine: {'line': b'-- Up-to-date: /home/pavel/ws_ros2/install/px4_msgs/local/lib/python3.10/dist-packages/px4_msgs/msg/_gps_inject_data_s.c\n'}
[5.765674] (px4_msgs) StdoutLine: {'line': b'-- Up-to-date: /home/pavel/ws_ros2/install/px4_msgs/local/lib/python3.10/dist-packages/px4_msgs/msg/_position_setpoint_triplet_s.c\n'}
[5.765723] (px4_msgs) StdoutLine: {'line': b'-- Up-to-date: /home/pavel/ws_ros2/install/px4_msgs/local/lib/python3.10/dist-packages/px4_msgs/msg/_sensors_status_imu_s.c\n'}
[5.765773] (px4_msgs) StdoutLine: {'line': b'-- Up-to-date: /home/pavel/ws_ros2/install/px4_msgs/local/lib/python3.10/dist-packages/px4_msgs/msg/_event.py\n'}
[5.765822] (px4_msgs) StdoutLine: {'line': b'-- Up-to-date: /home/pavel/ws_ros2/install/px4_msgs/local/lib/python3.10/dist-packages/px4_msgs/msg/_vehicle_odometry_s.c\n'}
[5.765876] (px4_msgs) StdoutLine: {'line': b'-- Up-to-date: /home/pavel/ws_ros2/install/px4_msgs/local/lib/python3.10/dist-packages/px4_msgs/msg/_sensor_accel_fifo.py\n'}
[5.765931] (px4_msgs) StdoutLine: {'line': b'-- Up-to-date: /home/pavel/ws_ros2/install/px4_msgs/local/lib/python3.10/dist-packages/px4_msgs/msg/_estimator_bias3d_s.c\n'}
[5.765986] (px4_msgs) StdoutLine: {'line': b'-- Up-to-date: /home/pavel/ws_ros2/install/px4_msgs/local/lib/python3.10/dist-packages/px4_msgs/msg/_velocity_limits_s.c\n'}
[5.766040] (px4_msgs) StdoutLine: {'line': b'-- Up-to-date: /home/pavel/ws_ros2/install/px4_msgs/local/lib/python3.10/dist-packages/px4_msgs/msg/_tiltrotor_extra_controls_s.c\n'}
[5.766095] (px4_msgs) StdoutLine: {'line': b'-- Up-to-date: /home/pavel/ws_ros2/install/px4_msgs/local/lib/python3.10/dist-packages/px4_msgs/msg/_fuel_tank_status_s.c\n'}
[5.766149] (px4_msgs) StdoutLine: {'line': b'-- Up-to-date: /home/pavel/ws_ros2/install/px4_msgs/local/lib/python3.10/dist-packages/px4_msgs/msg/_sensor_hygrometer.py\n'}
[5.766204] (px4_msgs) StdoutLine: {'line': b'-- Up-to-date: /home/pavel/ws_ros2/install/px4_msgs/local/lib/python3.10/dist-packages/px4_msgs/msg/_airspeed_wind_s.c\n'}
[5.766258] (px4_msgs) StdoutLine: {'line': b'-- Up-to-date: /home/pavel/ws_ros2/install/px4_msgs/local/lib/python3.10/dist-packages/px4_msgs/msg/_message_format_response.py\n'}
[5.766313] (px4_msgs) StdoutLine: {'line': b'-- Up-to-date: /home/pavel/ws_ros2/install/px4_msgs/local/lib/python3.10/dist-packages/px4_msgs/msg/_ulog_stream_ack.py\n'}
[5.766367] (px4_msgs) StdoutLine: {'line': b'-- Up-to-date: /home/pavel/ws_ros2/install/px4_msgs/local/lib/python3.10/dist-packages/px4_msgs/msg/_magnetometer_bias_estimate.py\n'}
[5.766453] (px4_msgs) StdoutLine: {'line': b'-- Up-to-date: /home/pavel/ws_ros2/install/px4_msgs/local/lib/python3.10/dist-packages/px4_msgs/msg/_button_event.py\n'}
[5.766505] (px4_msgs) StdoutLine: {'line': b'-- Up-to-date: /home/pavel/ws_ros2/install/px4_msgs/local/lib/python3.10/dist-packages/px4_msgs/msg/_heater_status_s.c\n'}
[5.766554] (px4_msgs) StdoutLine: {'line': b'-- Up-to-date: /home/pavel/ws_ros2/install/px4_msgs/local/lib/python3.10/dist-packages/px4_msgs/msg/_launch_detection_status.py\n'}
[5.766603] (px4_msgs) StdoutLine: {'line': b'-- Up-to-date: /home/pavel/ws_ros2/install/px4_msgs/local/lib/python3.10/dist-packages/px4_msgs/msg/_register_ext_component_request_s.c\n'}
[5.766669] (px4_msgs) StdoutLine: {'line': b'-- Up-to-date: /home/pavel/ws_ros2/install/px4_msgs/local/lib/python3.10/dist-packages/px4_msgs/msg/_vtol_vehicle_status_s.c\n'}
[5.766721] (px4_msgs) StdoutLine: {'line': b'-- Up-to-date: /home/pavel/ws_ros2/install/px4_msgs/local/lib/python3.10/dist-packages/px4_msgs/msg/_vehicle_angular_acceleration_setpoint_s.c\n'}
[5.766771] (px4_msgs) StdoutLine: {'line': b'-- Up-to-date: /home/pavel/ws_ros2/install/px4_msgs/local/lib/python3.10/dist-packages/px4_msgs/msg/_airspeed_validated.py\n'}
[5.766820] (px4_msgs) StdoutLine: {'line': b'-- Up-to-date: /home/pavel/ws_ros2/install/px4_msgs/local/lib/python3.10/dist-packages/px4_msgs/msg/_tecs_status.py\n'}
[5.766874] (px4_msgs) StdoutLine: {'line': b'-- Up-to-date: /home/pavel/ws_ros2/install/px4_msgs/local/lib/python3.10/dist-packages/px4_msgs/msg/_cellular_status.py\n'}
[5.766924] (px4_msgs) StdoutLine: {'line': b'-- Up-to-date: /home/pavel/ws_ros2/install/px4_msgs/local/lib/python3.10/dist-packages/px4_msgs/msg/_failsafe_flags_s.c\n'}
[5.766977] (px4_msgs) StdoutLine: {'line': b'-- Up-to-date: /home/pavel/ws_ros2/install/px4_msgs/local/lib/python3.10/dist-packages/px4_msgs/msg/_system_power_s.c\n'}
[5.767027] (px4_msgs) StdoutLine: {'line': b'-- Up-to-date: /home/pavel/ws_ros2/install/px4_msgs/local/lib/python3.10/dist-packages/px4_msgs/msg/_mode_completed.py\n'}
[5.767090] (px4_msgs) StdoutLine: {'line': b'-- Up-to-date: /home/pavel/ws_ros2/install/px4_msgs/local/lib/python3.10/dist-packages/px4_msgs/msg/_sensor_mag_s.c\n'}
[5.767140] (px4_msgs) StdoutLine: {'line': b'-- Up-to-date: /home/pavel/ws_ros2/install/px4_msgs/local/lib/python3.10/dist-packages/px4_msgs/msg/_actuator_servos_trim.py\n'}
[5.767189] (px4_msgs) StdoutLine: {'line': b'-- Up-to-date: /home/pavel/ws_ros2/install/px4_msgs/local/lib/python3.10/dist-packages/px4_msgs/msg/_iridiumsbd_status_s.c\n'}
[5.767237] (px4_msgs) StdoutLine: {'line': b'-- Up-to-date: /home/pavel/ws_ros2/install/px4_msgs/local/lib/python3.10/dist-packages/px4_msgs/msg/_camera_status.py\n'}
[5.767296] (px4_msgs) StdoutLine: {'line': b'-- Up-to-date: /home/pavel/ws_ros2/install/px4_msgs/local/lib/python3.10/dist-packages/px4_msgs/msg/_vehicle_land_detected_s.c\n'}
[5.767350] (px4_msgs) StdoutLine: {'line': b'-- Up-to-date: /home/pavel/ws_ros2/install/px4_msgs/local/lib/python3.10/dist-packages/px4_msgs/msg/_sensors_status.py\n'}
[5.767426] (px4_msgs) StdoutLine: {'line': b'-- Up-to-date: /home/pavel/ws_ros2/install/px4_msgs/local/lib/python3.10/dist-packages/px4_msgs/msg/_landing_gear_s.c\n'}
[5.767477] (px4_msgs) StdoutLine: {'line': b'-- Up-to-date: /home/pavel/ws_ros2/install/px4_msgs/local/lib/python3.10/dist-packages/px4_msgs/msg/_sensors_status_imu.py\n'}
[5.767528] (px4_msgs) StdoutLine: {'line': b'-- Up-to-date: /home/pavel/ws_ros2/install/px4_msgs/local/lib/python3.10/dist-packages/px4_msgs/msg/_sensor_gps.py\n'}
[5.767578] (px4_msgs) StdoutLine: {'line': b'-- Up-to-date: /home/pavel/ws_ros2/install/px4_msgs/local/lib/python3.10/dist-packages/px4_msgs/msg/_ekf2_timestamps_s.c\n'}
[5.767630] (px4_msgs) StdoutLine: {'line': b'-- Up-to-date: /home/pavel/ws_ros2/install/px4_msgs/local/lib/python3.10/dist-packages/px4_msgs/msg/_vehicle_trajectory_waypoint.py\n'}
[5.767686] (px4_msgs) StdoutLine: {'line': b'-- Up-to-date: /home/pavel/ws_ros2/install/px4_msgs/local/lib/python3.10/dist-packages/px4_msgs/msg/_cpuload_s.c\n'}
[5.767741] (px4_msgs) StdoutLine: {'line': b'-- Up-to-date: /home/pavel/ws_ros2/install/px4_msgs/local/lib/python3.10/dist-packages/px4_msgs/msg/_yaw_estimator_status_s.c\n'}
[5.767797] (px4_msgs) StdoutLine: {'line': b'-- Up-to-date: /home/pavel/ws_ros2/install/px4_msgs/local/lib/python3.10/dist-packages/px4_msgs/msg/_vehicle_global_position_s.c\n'}
[5.767852] (px4_msgs) StdoutLine: {'line': b'-- Up-to-date: /home/pavel/ws_ros2/install/px4_msgs/local/lib/python3.10/dist-packages/px4_msgs/msg/_vehicle_trajectory_bezier_s.c\n'}
[5.767908] (px4_msgs) StdoutLine: {'line': b'-- Up-to-date: /home/pavel/ws_ros2/install/px4_msgs/local/lib/python3.10/dist-packages/px4_msgs/msg/_adc_report.py\n'}
[5.767965] (px4_msgs) StdoutLine: {'line': b'-- Up-to-date: /home/pavel/ws_ros2/install/px4_msgs/local/lib/python3.10/dist-packages/px4_msgs/msg/_velocity_limits.py\n'}
[5.768021] (px4_msgs) StdoutLine: {'line': b'-- Up-to-date: /home/pavel/ws_ros2/install/px4_msgs/local/lib/python3.10/dist-packages/px4_msgs/msg/_timesync_status.py\n'}
[5.768076] (px4_msgs) StdoutLine: {'line': b'-- Up-to-date: /home/pavel/ws_ros2/install/px4_msgs/local/lib/python3.10/dist-packages/px4_msgs/msg/_arming_check_reply.py\n'}
[5.768132] (px4_msgs) StdoutLine: {'line': b'-- Up-to-date: /home/pavel/ws_ros2/install/px4_msgs/local/lib/python3.10/dist-packages/px4_msgs/msg/_sensor_preflight_mag.py\n'}
[5.768187] (px4_msgs) StdoutLine: {'line': b'-- Up-to-date: /home/pavel/ws_ros2/install/px4_msgs/local/lib/python3.10/dist-packages/px4_msgs/msg/_gimbal_manager_set_manual_control_s.c\n'}
[5.768274] (px4_msgs) StdoutLine: {'line': b'-- Up-to-date: /home/pavel/ws_ros2/install/px4_msgs/local/lib/python3.10/dist-packages/px4_msgs/msg/_telemetry_status_s.c\n'}
[5.768328] (px4_msgs) StdoutLine: {'line': b'-- Up-to-date: /home/pavel/ws_ros2/install/px4_msgs/local/lib/python3.10/dist-packages/px4_msgs/msg/_vehicle_constraints.py\n'}
[5.768388] (px4_msgs) StdoutLine: {'line': b'-- Up-to-date: /home/pavel/ws_ros2/install/px4_msgs/local/lib/python3.10/dist-packages/px4_msgs/msg/_led_control.py\n'}
[5.768460] (px4_msgs) StdoutLine: {'line': b'-- Up-to-date: /home/pavel/ws_ros2/install/px4_msgs/local/lib/python3.10/dist-packages/px4_msgs/msg/_vehicle_acceleration_s.c\n'}
[5.768511] (px4_msgs) StdoutLine: {'line': b'-- Up-to-date: /home/pavel/ws_ros2/install/px4_msgs/local/lib/python3.10/dist-packages/px4_msgs/msg/_timesync_status_s.c\n'}
[5.768560] (px4_msgs) StdoutLine: {'line': b'-- Up-to-date: /home/pavel/ws_ros2/install/px4_msgs/local/lib/python3.10/dist-packages/px4_msgs/msg/_arming_check_request_s.c\n'}
[5.768626] (px4_msgs) StdoutLine: {'line': b'-- Up-to-date: /home/pavel/ws_ros2/install/px4_msgs/local/lib/python3.10/dist-packages/px4_msgs/msg/_camera_capture_s.c\n'}
[5.768677] (px4_msgs) StdoutLine: {'line': b'-- Up-to-date: /home/pavel/ws_ros2/install/px4_msgs/local/lib/python3.10/dist-packages/px4_msgs/msg/_collision_report.py\n'}
[5.768725] (px4_msgs) StdoutLine: {'line': b'-- Up-to-date: /home/pavel/ws_ros2/install/px4_msgs/local/lib/python3.10/dist-packages/px4_msgs/msg/_rate_ctrl_status.py\n'}
[5.768774] (px4_msgs) StdoutLine: {'line': b'-- Up-to-date: /home/pavel/ws_ros2/install/px4_msgs/local/lib/python3.10/dist-packages/px4_msgs/msg/_vehicle_torque_setpoint_s.c\n'}
[5.768824] (px4_msgs) StdoutLine: {'line': b'-- Up-to-date: /home/pavel/ws_ros2/install/px4_msgs/local/lib/python3.10/dist-packages/px4_msgs/msg/_power_monitor_s.c\n'}
[5.768879] (px4_msgs) StdoutLine: {'line': b'-- Up-to-date: /home/pavel/ws_ros2/install/px4_msgs/local/lib/python3.10/dist-packages/px4_msgs/msg/_vehicle_status_s.c\n'}
[5.768935] (px4_msgs) StdoutLine: {'line': b'-- Up-to-date: /home/pavel/ws_ros2/install/px4_msgs/local/lib/python3.10/dist-packages/px4_msgs/msg/_landing_target_pose.py\n'}
[5.768991] (px4_msgs) StdoutLine: {'line': b'-- Up-to-date: /home/pavel/ws_ros2/install/px4_msgs/local/lib/python3.10/dist-packages/px4_msgs/msg/_autotune_attitude_control_status.py\n'}
[5.769046] (px4_msgs) StdoutLine: {'line': b'-- Up-to-date: /home/pavel/ws_ros2/install/px4_msgs/local/lib/python3.10/dist-packages/px4_msgs/msg/_heater_status.py\n'}
[5.769101] (px4_msgs) StdoutLine: {'line': b'-- Up-to-date: /home/pavel/ws_ros2/install/px4_msgs/local/lib/python3.10/dist-packages/px4_msgs/msg/_vehicle_command.py\n'}
[5.769157] (px4_msgs) StdoutLine: {'line': b'-- Up-to-date: /home/pavel/ws_ros2/install/px4_msgs/local/lib/python3.10/dist-packages/px4_msgs/msg/_follow_target_status.py\n'}
[5.769238] (px4_msgs) StdoutLine: {'line': b'-- Up-to-date: /home/pavel/ws_ros2/install/px4_msgs/local/lib/python3.10/dist-packages/px4_msgs/msg/_ulog_stream_ack_s.c\n'}
[5.769289] (px4_msgs) StdoutLine: {'line': b'-- Up-to-date: /home/pavel/ws_ros2/install/px4_msgs/local/lib/python3.10/dist-packages/px4_msgs/msg/_landing_target_pose_s.c\n'}
[5.769339] (px4_msgs) StdoutLine: {'line': b'-- Up-to-date: /home/pavel/ws_ros2/install/px4_msgs/local/lib/python3.10/dist-packages/px4_msgs/msg/_gimbal_manager_set_manual_control.py\n'}
[5.769396] (px4_msgs) StdoutLine: {'line': b'-- Up-to-date: /home/pavel/ws_ros2/install/px4_msgs/local/lib/python3.10/dist-packages/px4_msgs/msg/_estimator_status_flags_s.c\n'}
[5.769450] (px4_msgs) StdoutLine: {'line': b'-- Up-to-date: /home/pavel/ws_ros2/install/px4_msgs/local/lib/python3.10/dist-packages/px4_msgs/msg/_rate_ctrl_status_s.c\n'}
[5.769500] (px4_msgs) StdoutLine: {'line': b'-- Up-to-date: /home/pavel/ws_ros2/install/px4_msgs/local/lib/python3.10/dist-packages/px4_msgs/msg/_sensor_gps_s.c\n'}
[5.769549] (px4_msgs) StdoutLine: {'line': b'-- Up-to-date: /home/pavel/ws_ros2/install/px4_msgs/local/lib/python3.10/dist-packages/px4_msgs/msg/_takeoff_status_s.c\n'}
[5.769608] (px4_msgs) StdoutLine: {'line': b'-- Up-to-date: /home/pavel/ws_ros2/install/px4_msgs/local/lib/python3.10/dist-packages/px4_msgs/msg/_vehicle_land_detected.py\n'}
[5.769663] (px4_msgs) StdoutLine: {'line': b'-- Up-to-date: /home/pavel/ws_ros2/install/px4_msgs/local/lib/python3.10/dist-packages/px4_msgs/msg/_orb_test.py\n'}
[5.769718] (px4_msgs) StdoutLine: {'line': b'-- Up-to-date: /home/pavel/ws_ros2/install/px4_msgs/local/lib/python3.10/dist-packages/px4_msgs/msg/_task_stack_info.py\n'}
[5.769773] (px4_msgs) StdoutLine: {'line': b'-- Up-to-date: /home/pavel/ws_ros2/install/px4_msgs/local/lib/python3.10/dist-packages/px4_msgs/msg/_vehicle_trajectory_waypoint_s.c\n'}
[5.769827] (px4_msgs) StdoutLine: {'line': b'-- Up-to-date: /home/pavel/ws_ros2/install/px4_msgs/local/lib/python3.10/dist-packages/px4_msgs/msg/_rtl_time_estimate.py\n'}
[5.769903] (px4_msgs) StdoutLine: {'line': b'-- Up-to-date: /home/pavel/ws_ros2/install/px4_msgs/local/lib/python3.10/dist-packages/px4_msgs/msg/_sensor_optical_flow.py\n'}
[5.769952] (px4_msgs) StdoutLine: {'line': b'-- Up-to-date: /home/pavel/ws_ros2/install/px4_msgs/local/lib/python3.10/dist-packages/px4_msgs/msg/_vehicle_imu_status.py\n'}
[5.770001] (px4_msgs) StdoutLine: {'line': b'-- Up-to-date: /home/pavel/ws_ros2/install/px4_msgs/local/lib/python3.10/dist-packages/px4_msgs/msg/_dataman_response.py\n'}
[5.770050] (px4_msgs) StdoutLine: {'line': b'-- Up-to-date: /home/pavel/ws_ros2/install/px4_msgs/local/lib/python3.10/dist-packages/px4_msgs/msg/_trajectory_waypoint_s.c\n'}
[5.770103] (px4_msgs) StdoutLine: {'line': b'-- Up-to-date: /home/pavel/ws_ros2/install/px4_msgs/local/lib/python3.10/dist-packages/px4_msgs/msg/_uavcan_parameter_request.py\n'}
[5.770157] (px4_msgs) StdoutLine: {'line': b'-- Up-to-date: /home/pavel/ws_ros2/install/px4_msgs/local/lib/python3.10/dist-packages/px4_msgs/msg/_distance_sensor.py\n'}
[5.770224] (px4_msgs) StdoutLine: {'line': b'-- Up-to-date: /home/pavel/ws_ros2/install/px4_msgs/local/lib/python3.10/dist-packages/px4_msgs/msg/_distance_sensor_s.c\n'}
[5.770275] (px4_msgs) StdoutLine: {'line': b'-- Up-to-date: /home/pavel/ws_ros2/install/px4_msgs/local/lib/python3.10/dist-packages/px4_msgs/msg/_rtl_status.py\n'}
[5.770328] (px4_msgs) StdoutLine: {'line': b'-- Up-to-date: /home/pavel/ws_ros2/install/px4_msgs/local/lib/python3.10/dist-packages/px4_msgs/msg/_ulog_stream.py\n'}
[5.770382] (px4_msgs) StdoutLine: {'line': b'-- Up-to-date: /home/pavel/ws_ros2/install/px4_msgs/local/lib/python3.10/dist-packages/px4_msgs/msg/_airspeed_validated_s.c\n'}
[5.770456] (px4_msgs) StdoutLine: {'line': b'-- Up-to-date: /home/pavel/ws_ros2/install/px4_msgs/local/lib/python3.10/dist-packages/px4_msgs/msg/_input_rc_s.c\n'}
[5.770505] (px4_msgs) StdoutLine: {'line': b'-- Up-to-date: /home/pavel/ws_ros2/install/px4_msgs/local/lib/python3.10/dist-packages/px4_msgs/msg/_takeoff_status.py\n'}
[5.770554] (px4_msgs) StdoutLine: {'line': b'-- Up-to-date: /home/pavel/ws_ros2/install/px4_msgs/local/lib/python3.10/dist-packages/px4_msgs/msg/_sensor_gyro_fifo_s.c\n'}
[5.770603] (px4_msgs) StdoutLine: {'line': b'-- Up-to-date: /home/pavel/ws_ros2/install/px4_msgs/local/lib/python3.10/dist-packages/px4_msgs/msg/_actuator_outputs.py\n'}
[5.770653] (px4_msgs) StdoutLine: {'line': b'-- Up-to-date: /home/pavel/ws_ros2/install/px4_msgs/local/lib/python3.10/dist-packages/px4_msgs/msg/_debug_array.py\n'}
[5.770702] (px4_msgs) StdoutLine: {'line': b'-- Up-to-date: /home/pavel/ws_ros2/install/px4_msgs/local/lib/python3.10/dist-packages/px4_msgs/msg/_vehicle_thrust_setpoint.py\n'}
[5.770751] (px4_msgs) StdoutLine: {'line': b'-- Up-to-date: /home/pavel/ws_ros2/install/px4_msgs/local/lib/python3.10/dist-packages/px4_msgs/msg/_battery_status.py\n'}
[5.770800] (px4_msgs) StdoutLine: {'line': b'-- Up-to-date: /home/pavel/ws_ros2/install/px4_msgs/local/lib/python3.10/dist-packages/px4_msgs/msg/_sensor_mag.py\n'}
[5.770854] (px4_msgs) StdoutLine: {'line': b'-- Up-to-date: /home/pavel/ws_ros2/install/px4_msgs/local/lib/python3.10/dist-packages/px4_msgs/msg/_onboard_computer_status.py\n'}
[5.770921] (px4_msgs) StdoutLine: {'line': b'-- Up-to-date: /home/pavel/ws_ros2/install/px4_msgs/local/lib/python3.10/dist-packages/px4_msgs/msg/_gimbal_device_set_attitude_s.c\n'}
[5.770971] (px4_msgs) StdoutLine: {'line': b'-- Up-to-date: /home/pavel/ws_ros2/install/px4_msgs/local/lib/python3.10/dist-packages/px4_msgs/msg/_collision_constraints.py\n'}
[5.771029] (px4_msgs) StdoutLine: {'line': b'-- Up-to-date: /home/pavel/ws_ros2/install/px4_msgs/local/lib/python3.10/dist-packages/px4_msgs/msg/_orbit_status.py\n'}
[5.771080] (px4_msgs) StdoutLine: {'line': b'-- Up-to-date: /home/pavel/ws_ros2/install/px4_msgs/local/lib/python3.10/dist-packages/px4_msgs/msg/_ping.py\n'}
[5.771135] (px4_msgs) StdoutLine: {'line': b'-- Up-to-date: /home/pavel/ws_ros2/install/px4_msgs/local/lib/python3.10/dist-packages/px4_msgs/msg/_tune_control_s.c\n'}
[5.771190] (px4_msgs) StdoutLine: {'line': b'-- Up-to-date: /home/pavel/ws_ros2/install/px4_msgs/local/lib/python3.10/dist-packages/px4_msgs/msg/_vehicle_angular_velocity_s.c\n'}
[5.771245] (px4_msgs) StdoutLine: {'line': b'-- Up-to-date: /home/pavel/ws_ros2/install/px4_msgs/local/lib/python3.10/dist-packages/px4_msgs/msg/_orb_test_large_s.c\n'}
[5.771301] (px4_msgs) StdoutLine: {'line': b'-- Up-to-date: /home/pavel/ws_ros2/install/px4_msgs/local/lib/python3.10/dist-packages/px4_msgs/msg/_rc_channels.py\n'}
[5.771356] (px4_msgs) StdoutLine: {'line': b'-- Up-to-date: /home/pavel/ws_ros2/install/px4_msgs/local/lib/python3.10/dist-packages/px4_msgs/msg/_collision_report_s.c\n'}
[5.771440] (px4_msgs) StdoutLine: {'line': b'-- Up-to-date: /home/pavel/ws_ros2/install/px4_msgs/local/lib/python3.10/dist-packages/px4_msgs/msg/_mission_result_s.c\n'}
[5.771491] (px4_msgs) StdoutLine: {'line': b'-- Up-to-date: /home/pavel/ws_ros2/install/px4_msgs/local/lib/python3.10/dist-packages/px4_msgs/msg/_camera_status_s.c\n'}
[5.771540] (px4_msgs) StdoutLine: {'line': b'-- Up-to-date: /home/pavel/ws_ros2/install/px4_msgs/local/lib/python3.10/dist-packages/px4_msgs/msg/_wind_s.c\n'}
[5.771589] (px4_msgs) StdoutLine: {'line': b'-- Up-to-date: /home/pavel/ws_ros2/install/px4_msgs/local/lib/python3.10/dist-packages/px4_msgs/msg/_gpio_out.py\n'}
[5.771637] (px4_msgs) StdoutLine: {'line': b'-- Up-to-date: /home/pavel/ws_ros2/install/px4_msgs/local/lib/python3.10/dist-packages/px4_msgs/msg/_vehicle_magnetometer_s.c\n'}
[5.771692] (px4_msgs) StdoutLine: {'line': b'-- Up-to-date: /home/pavel/ws_ros2/install/px4_msgs/local/lib/python3.10/dist-packages/px4_msgs/msg/_uavcan_parameter_value.py\n'}
[5.771746] (px4_msgs) StdoutLine: {'line': b'-- Up-to-date: /home/pavel/ws_ros2/install/px4_msgs/local/lib/python3.10/dist-packages/px4_msgs/msg/_actuator_outputs_s.c\n'}
[5.771801] (px4_msgs) StdoutLine: {'line': b'-- Up-to-date: /home/pavel/ws_ros2/install/px4_msgs/local/lib/python3.10/dist-packages/px4_msgs/msg/_landing_gear.py\n'}
[5.771856] (px4_msgs) StdoutLine: {'line': b'-- Up-to-date: /home/pavel/ws_ros2/install/px4_msgs/local/lib/python3.10/dist-packages/px4_msgs/msg/_rc_parameter_map.py\n'}
[5.771910] (px4_msgs) StdoutLine: {'line': b'-- Up-to-date: /home/pavel/ws_ros2/install/px4_msgs/local/lib/python3.10/dist-packages/px4_msgs/msg/_vehicle_imu_status_s.c\n'}
[5.771978] (px4_msgs) StdoutLine: {'line': b'-- Up-to-date: /home/pavel/ws_ros2/install/px4_msgs/local/lib/python3.10/dist-packages/px4_msgs/msg/_estimator_aid_source2d_s.c\n'}
[5.772029] (px4_msgs) StdoutLine: {'line': b'-- Up-to-date: /home/pavel/ws_ros2/install/px4_msgs/local/lib/python3.10/dist-packages/px4_msgs/msg/_trajectory_bezier.py\n'}
[5.772093] (px4_msgs) StdoutLine: {'line': b'-- Up-to-date: /home/pavel/ws_ros2/install/px4_msgs/local/lib/python3.10/dist-packages/px4_msgs/msg/_airspeed.py\n'}
[5.772145] (px4_msgs) StdoutLine: {'line': b'-- Up-to-date: /home/pavel/ws_ros2/install/px4_msgs/local/lib/python3.10/dist-packages/px4_msgs/msg/_flight_phase_estimation.py\n'}
[5.772194] (px4_msgs) StdoutLine: {'line': b'-- Up-to-date: /home/pavel/ws_ros2/install/px4_msgs/local/lib/python3.10/dist-packages/px4_msgs/msg/_esc_status_s.c\n'}
[5.772249] (px4_msgs) StdoutLine: {'line': b'-- Up-to-date: /home/pavel/ws_ros2/install/px4_msgs/local/lib/python3.10/dist-packages/px4_msgs/msg/_power_button_state.py\n'}
[5.772299] (px4_msgs) StdoutLine: {'line': b'-- Up-to-date: /home/pavel/ws_ros2/install/px4_msgs/local/lib/python3.10/dist-packages/px4_msgs/msg/_sensor_accel_fifo_s.c\n'}
[5.772353] (px4_msgs) StdoutLine: {'line': b'-- Up-to-date: /home/pavel/ws_ros2/install/px4_msgs/local/lib/python3.10/dist-packages/px4_msgs/msg/_vehicle_attitude_setpoint_s.c\n'}
[5.772428] (px4_msgs) StdoutLine: {'line': b'-- Up-to-date: /home/pavel/ws_ros2/install/px4_msgs/local/lib/python3.10/dist-packages/px4_msgs/msg/_message_format_request.py\n'}
[5.772481] (px4_msgs) StdoutLine: {'line': b'-- Up-to-date: /home/pavel/ws_ros2/install/px4_msgs/local/lib/python3.10/dist-packages/px4_msgs/msg/_gimbal_device_information_s.c\n'}
[5.772531] (px4_msgs) StdoutLine: {'line': b'-- Up-to-date: /home/pavel/ws_ros2/install/px4_msgs/local/lib/python3.10/dist-packages/px4_msgs/msg/_sensor_gyro_s.c\n'}
[5.772581] (px4_msgs) StdoutLine: {'line': b'-- Up-to-date: /home/pavel/ws_ros2/install/px4_msgs/local/lib/python3.10/dist-packages/px4_msgs/msg/_orb_test_medium.py\n'}
[5.772633] (px4_msgs) StdoutLine: {'line': b'-- Up-to-date: /home/pavel/ws_ros2/install/px4_msgs/local/lib/python3.10/dist-packages/px4_msgs/msg/_manual_control_switches.py\n'}
[5.772688] (px4_msgs) StdoutLine: {'line': b'-- Up-to-date: /home/pavel/ws_ros2/install/px4_msgs/local/lib/python3.10/dist-packages/px4_msgs/msg/_ping_s.c\n'}
[5.772743] (px4_msgs) StdoutLine: {'line': b'-- Up-to-date: /home/pavel/ws_ros2/install/px4_msgs/local/lib/python3.10/dist-packages/px4_msgs/msg/_sensor_hygrometer_s.c\n'}
[5.772797] (px4_msgs) StdoutLine: {'line': b'-- Up-to-date: /home/pavel/ws_ros2/install/px4_msgs/local/lib/python3.10/dist-packages/px4_msgs/msg/_orb_test_medium_s.c\n'}
[5.772876] (px4_msgs) StdoutLine: {'line': b'-- Up-to-date: /home/pavel/ws_ros2/install/px4_msgs/local/lib/python3.10/dist-packages/px4_msgs/msg/_rc_parameter_map_s.c\n'}
[5.772950] (px4_msgs) StdoutLine: {'line': b'-- Up-to-date: /home/pavel/ws_ros2/install/px4_msgs/local/lib/python3.10/dist-packages/px4_msgs/msg/_system_power.py\n'}
[5.773001] (px4_msgs) StdoutLine: {'line': b'-- Up-to-date: /home/pavel/ws_ros2/install/px4_msgs/local/lib/python3.10/dist-packages/px4_msgs/msg/_dataman_response_s.c\n'}
[5.773050] (px4_msgs) StdoutLine: {'line': b'-- Up-to-date: /home/pavel/ws_ros2/install/px4_msgs/local/lib/python3.10/dist-packages/px4_msgs/msg/_estimator_selector_status.py\n'}
[5.773099] (px4_msgs) StdoutLine: {'line': b'-- Up-to-date: /home/pavel/ws_ros2/install/px4_msgs/local/lib/python3.10/dist-packages/px4_msgs/msg/_vehicle_trajectory_bezier.py\n'}
[5.773149] (px4_msgs) StdoutLine: {'line': b'-- Up-to-date: /home/pavel/ws_ros2/install/px4_msgs/local/lib/python3.10/dist-packages/px4_msgs/msg/_radio_status.py\n'}
[5.773197] (px4_msgs) StdoutLine: {'line': b'-- Up-to-date: /home/pavel/ws_ros2/install/px4_msgs/local/lib/python3.10/dist-packages/px4_msgs/msg/_satellite_info.py\n'}
[5.773246] (px4_msgs) StdoutLine: {'line': b'-- Up-to-date: /home/pavel/ws_ros2/install/px4_msgs/local/lib/python3.10/dist-packages/px4_msgs/msg/_generator_status_s.c\n'}
[5.773294] (px4_msgs) StdoutLine: {'line': b'-- Up-to-date: /home/pavel/ws_ros2/install/px4_msgs/local/lib/python3.10/dist-packages/px4_msgs/msg/_hover_thrust_estimate_s.c\n'}
[5.773343] (px4_msgs) StdoutLine: {'line': b'-- Up-to-date: /home/pavel/ws_ros2/install/px4_msgs/local/lib/python3.10/dist-packages/px4_msgs/msg/_mavlink_log_s.c\n'}
[5.773414] (px4_msgs) StdoutLine: {'line': b'-- Up-to-date: /home/pavel/ws_ros2/install/px4_msgs/local/lib/python3.10/dist-packages/px4_msgs/msg/_airspeed_wind.py\n'}
[5.773466] (px4_msgs) StdoutLine: {'line': b'-- Up-to-date: /home/pavel/ws_ros2/install/px4_msgs/local/lib/python3.10/dist-packages/px4_msgs/msg/_actuator_armed.py\n'}
[5.773515] (px4_msgs) StdoutLine: {'line': b'-- Up-to-date: /home/pavel/ws_ros2/install/px4_msgs/local/lib/python3.10/dist-packages/px4_msgs/msg/_parameter_set_value_response.py\n'}
[5.773569] (px4_msgs) StdoutLine: {'line': b'-- Up-to-date: /home/pavel/ws_ros2/install/px4_msgs/local/lib/python3.10/dist-packages/px4_msgs/msg/_obstacle_distance_s.c\n'}
[5.773619] (px4_msgs) StdoutLine: {'line': b'-- Up-to-date: /home/pavel/ws_ros2/install/px4_msgs/local/lib/python3.10/dist-packages/px4_msgs/msg/_navigator_mission_item.py\n'}
[5.773668] (px4_msgs) StdoutLine: {'line': b'-- Up-to-date: /home/pavel/ws_ros2/install/px4_msgs/local/lib/python3.10/dist-packages/px4_msgs/msg/_vehicle_air_data.py\n'}
[5.773719] (px4_msgs) StdoutLine: {'line': b'-- Up-to-date: /home/pavel/ws_ros2/install/px4_msgs/local/lib/python3.10/dist-packages/px4_msgs/msg/_figure_eight_status_s.c\n'}
[5.773774] (px4_msgs) StdoutLine: {'line': b'-- Up-to-date: /home/pavel/ws_ros2/install/px4_msgs/local/lib/python3.10/dist-packages/px4_msgs/msg/_gimbal_manager_set_attitude_s.c\n'}
[5.773829] (px4_msgs) StdoutLine: {'line': b'-- Up-to-date: /home/pavel/ws_ros2/install/px4_msgs/local/lib/python3.10/dist-packages/px4_msgs/msg/_vehicle_torque_setpoint.py\n'}
[5.773885] (px4_msgs) StdoutLine: {'line': b'-- Up-to-date: /home/pavel/ws_ros2/install/px4_msgs/local/lib/python3.10/dist-packages/px4_msgs/msg/_sensor_accel.py\n'}
[5.773941] (px4_msgs) StdoutLine: {'line': b'-- Up-to-date: /home/pavel/ws_ros2/install/px4_msgs/local/lib/python3.10/dist-packages/px4_msgs/msg/_mag_worker_data.py\n'}
[5.773996] (px4_msgs) StdoutLine: {'line': b'-- Up-to-date: /home/pavel/ws_ros2/install/px4_msgs/local/lib/python3.10/dist-packages/px4_msgs/msg/_autotune_attitude_control_status_s.c\n'}
[5.774051] (px4_msgs) StdoutLine: {'line': b'-- Up-to-date: /home/pavel/ws_ros2/install/px4_msgs/local/lib/python3.10/dist-packages/px4_msgs/msg/_offboard_control_mode_s.c\n'}
[5.774106] (px4_msgs) StdoutLine: {'line': b'-- Up-to-date: /home/pavel/ws_ros2/install/px4_msgs/local/lib/python3.10/dist-packages/px4_msgs/msg/_gps_inject_data.py\n'}
[5.774160] (px4_msgs) StdoutLine: {'line': b'-- Up-to-date: /home/pavel/ws_ros2/install/px4_msgs/local/lib/python3.10/dist-packages/px4_msgs/msg/_goto_setpoint.py\n'}
[5.774215] (px4_msgs) StdoutLine: {'line': b'-- Up-to-date: /home/pavel/ws_ros2/install/px4_msgs/local/lib/python3.10/dist-packages/px4_msgs/msg/_irlock_report_s.c\n'}
[5.774270] (px4_msgs) StdoutLine: {'line': b'-- Up-to-date: /home/pavel/ws_ros2/install/px4_msgs/local/lib/python3.10/dist-packages/px4_msgs/msg/_esc_report_s.c\n'}
[5.774325] (px4_msgs) StdoutLine: {'line': b'-- Up-to-date: /home/pavel/ws_ros2/install/px4_msgs/local/lib/python3.10/dist-packages/px4_msgs/msg/_flight_phase_estimation_s.c\n'}
[5.774384] (px4_msgs) StdoutLine: {'line': b'-- Up-to-date: /home/pavel/ws_ros2/install/px4_msgs/local/lib/python3.10/dist-packages/px4_msgs/msg/_config_overrides_s.c\n'}
[5.774465] (px4_msgs) StdoutLine: {'line': b'-- Up-to-date: /home/pavel/ws_ros2/install/px4_msgs/local/lib/python3.10/dist-packages/px4_msgs/msg/_vehicle_odometry.py\n'}
[5.774515] (px4_msgs) StdoutLine: {'line': b'-- Up-to-date: /home/pavel/ws_ros2/install/px4_msgs/local/lib/python3.10/dist-packages/px4_msgs/msg/_camera_trigger_s.c\n'}
[5.774564] (px4_msgs) StdoutLine: {'line': b'-- Up-to-date: /home/pavel/ws_ros2/install/px4_msgs/local/lib/python3.10/dist-packages/px4_msgs/msg/_px4io_status_s.c\n'}
[5.774617] (px4_msgs) StdoutLine: {'line': b'-- Up-to-date: /home/pavel/ws_ros2/install/px4_msgs/local/lib/python3.10/dist-packages/px4_msgs/msg/_mavlink_log.py\n'}
[5.774666] (px4_msgs) StdoutLine: {'line': b'-- Up-to-date: /home/pavel/ws_ros2/install/px4_msgs/local/lib/python3.10/dist-packages/px4_msgs/msg/_geofence_result.py\n'}
[5.774724] (px4_msgs) StdoutLine: {'line': b'-- Up-to-date: /home/pavel/ws_ros2/install/px4_msgs/local/lib/python3.10/dist-packages/px4_msgs/msg/_normalized_unsigned_setpoint.py\n'}
[5.774773] (px4_msgs) StdoutLine: {'line': b'-- Up-to-date: /home/pavel/ws_ros2/install/px4_msgs/local/lib/python3.10/dist-packages/px4_msgs/msg/_vehicle_local_position_setpoint_s.c\n'}
[5.774829] (px4_msgs) StdoutLine: {'line': b'-- Up-to-date: /home/pavel/ws_ros2/install/px4_msgs/local/lib/python3.10/dist-packages/px4_msgs/msg/_esc_status.py\n'}
[5.774896] (px4_msgs) StdoutLine: {'line': b'-- Up-to-date: /home/pavel/ws_ros2/install/px4_msgs/local/lib/python3.10/dist-packages/px4_msgs/msg/_actuator_armed_s.c\n'}
[5.774945] (px4_msgs) StdoutLine: {'line': b'-- Up-to-date: /home/pavel/ws_ros2/install/px4_msgs/local/lib/python3.10/dist-packages/px4_msgs/msg/_sensor_gnss_relative.py\n'}
[5.774995] (px4_msgs) StdoutLine: {'line': b'-- Up-to-date: /home/pavel/ws_ros2/install/px4_msgs/local/lib/python3.10/dist-packages/px4_msgs/msg/_battery_status_s.c\n'}
[5.775045] (px4_msgs) StdoutLine: {'line': b'-- Up-to-date: /home/pavel/ws_ros2/install/px4_msgs/local/lib/python3.10/dist-packages/px4_msgs/msg/_qshell_retval_s.c\n'}
[5.775100] (px4_msgs) StdoutLine: {'line': b'-- Up-to-date: /home/pavel/ws_ros2/install/px4_msgs/local/lib/python3.10/dist-packages/px4_msgs/msg/_debug_key_value.py\n'}
[5.775155] (px4_msgs) StdoutLine: {'line': b'-- Up-to-date: /home/pavel/ws_ros2/install/px4_msgs/local/lib/python3.10/dist-packages/px4_msgs/msg/_vehicle_control_mode_s.c\n'}
[5.775222] (px4_msgs) StdoutLine: {'line': b'-- Up-to-date: /home/pavel/ws_ros2/install/px4_msgs/local/lib/python3.10/dist-packages/px4_msgs/msg/_actuator_controls_status.py\n'}
[5.775273] (px4_msgs) StdoutLine: {'line': b'-- Up-to-date: /home/pavel/ws_ros2/install/px4_msgs/local/lib/python3.10/dist-packages/px4_msgs/msg/_sensor_gyro_fft.py\n'}
[5.775327] (px4_msgs) StdoutLine: {'line': b'-- Up-to-date: /home/pavel/ws_ros2/install/px4_msgs/local/lib/python3.10/dist-packages/px4_msgs/msg/_mode_completed_s.c\n'}
[5.775387] (px4_msgs) StdoutLine: {'line': b'-- Up-to-date: /home/pavel/ws_ros2/install/px4_msgs/local/lib/python3.10/dist-packages/px4_msgs/msg/_parameter_reset_request_s.c\n'}
[5.775457] (px4_msgs) StdoutLine: {'line': b'-- Up-to-date: /home/pavel/ws_ros2/install/px4_msgs/local/lib/python3.10/dist-packages/px4_msgs/msg/_adc_report_s.c\n'}
[5.775513] (px4_msgs) StdoutLine: {'line': b'-- Up-to-date: /home/pavel/ws_ros2/install/px4_msgs/local/lib/python3.10/dist-packages/px4_msgs/msg/_vehicle_local_position.py\n'}
[5.775563] (px4_msgs) StdoutLine: {'line': b'-- Up-to-date: /home/pavel/ws_ros2/install/px4_msgs/local/lib/python3.10/dist-packages/px4_msgs/msg/_gpio_config.py\n'}
[5.775616] (px4_msgs) StdoutLine: {'line': b'-- Up-to-date: /home/pavel/ws_ros2/install/px4_msgs/local/lib/python3.10/dist-packages/px4_msgs/msg/_mount_orientation_s.c\n'}
[5.775672] (px4_msgs) StdoutLine: {'line': b'-- Up-to-date: /home/pavel/ws_ros2/install/px4_msgs/local/lib/python3.10/dist-packages/px4_msgs/msg/_gpio_in.py\n'}
[5.775727] (px4_msgs) StdoutLine: {'line': b'-- Up-to-date: /home/pavel/ws_ros2/install/px4_msgs/local/lib/python3.10/dist-packages/px4_msgs/msg/_estimator_bias_s.c\n'}
[5.775782] (px4_msgs) StdoutLine: {'line': b'-- Up-to-date: /home/pavel/ws_ros2/install/px4_msgs/local/lib/python3.10/dist-packages/px4_msgs/msg/_arming_check_request.py\n'}
[5.775837] (px4_msgs) StdoutLine: {'line': b'-- Up-to-date: /home/pavel/ws_ros2/install/px4_msgs/local/lib/python3.10/dist-packages/px4_msgs/msg/_log_message.py\n'}
[5.775905] (px4_msgs) StdoutLine: {'line': b'-- Up-to-date: /home/pavel/ws_ros2/install/px4_msgs/local/lib/python3.10/dist-packages/px4_msgs/msg/_gps_dump_s.c\n'}
[5.775956] (px4_msgs) StdoutLine: {'line': b'-- Up-to-date: /home/pavel/ws_ros2/install/px4_msgs/local/lib/python3.10/dist-packages/px4_msgs/msg/_vehicle_rates_setpoint_s.c\n'}
[5.776005] (px4_msgs) StdoutLine: {'line': b'-- Up-to-date: /home/pavel/ws_ros2/install/px4_msgs/local/lib/python3.10/dist-packages/px4_msgs/msg/_parameter_set_value_request.py\n'}
[5.776059] (px4_msgs) StdoutLine: {'line': b'-- Up-to-date: /home/pavel/ws_ros2/install/px4_msgs/local/lib/python3.10/dist-packages/px4_msgs/msg/_estimator_aid_source1d.py\n'}
[5.776113] (px4_msgs) StdoutLine: {'line': b'-- Up-to-date: /home/pavel/ws_ros2/install/px4_msgs/local/lib/python3.10/dist-packages/px4_msgs/msg/_sensor_baro_s.c\n'}
[5.776168] (px4_msgs) StdoutLine: {'line': b'-- Up-to-date: /home/pavel/ws_ros2/install/px4_msgs/local/lib/python3.10/dist-packages/px4_msgs/msg/_gpio_request.py\n'}
[5.776236] (px4_msgs) StdoutLine: {'line': b'-- Up-to-date: /home/pavel/ws_ros2/install/px4_msgs/local/lib/python3.10/dist-packages/px4_msgs/msg/_gripper_s.c\n'}
[5.776287] (px4_msgs) StdoutLine: {'line': b'-- Up-to-date: /home/pavel/ws_ros2/install/px4_msgs/local/lib/python3.10/dist-packages/px4_msgs/msg/_trajectory_setpoint.py\n'}
[5.776343] (px4_msgs) StdoutLine: {'line': b'-- Up-to-date: /home/pavel/ws_ros2/install/px4_msgs/local/lib/python3.10/dist-packages/px4_msgs/msg/_sensor_optical_flow_s.c\n'}
[5.776420] (px4_msgs) StdoutLine: {'line': b'-- Up-to-date: /home/pavel/ws_ros2/install/px4_msgs/local/lib/python3.10/dist-packages/px4_msgs/msg/_position_controller_status.py\n'}
[5.776473] (px4_msgs) StdoutLine: {'line': b'-- Up-to-date: /home/pavel/ws_ros2/install/px4_msgs/local/lib/python3.10/dist-packages/px4_msgs/msg/_parameter_reset_request.py\n'}
[5.776523] (px4_msgs) StdoutLine: {'line': b'-- Up-to-date: /home/pavel/ws_ros2/install/px4_msgs/local/lib/python3.10/dist-packages/px4_msgs/msg/_sensor_airflow.py\n'}
[5.776576] (px4_msgs) StdoutLine: {'line': b'-- Up-to-date: /home/pavel/ws_ros2/install/px4_msgs/local/lib/python3.10/dist-packages/px4_msgs/msg/_vehicle_control_mode.py\n'}
[5.776647] (px4_msgs) StdoutLine: {'line': b'-- Up-to-date: /home/pavel/ws_ros2/install/px4_msgs/local/lib/python3.10/dist-packages/px4_msgs/msg/_debug_value.py\n'}
[5.776697] (px4_msgs) StdoutLine: {'line': b'-- Up-to-date: /home/pavel/ws_ros2/install/px4_msgs/local/lib/python3.10/dist-packages/px4_msgs/msg/_gps_dump.py\n'}
[5.776746] (px4_msgs) StdoutLine: {'line': b'-- Up-to-date: /home/pavel/ws_ros2/install/px4_msgs/local/lib/python3.10/dist-packages/px4_msgs/msg/_landing_target_innovations_s.c\n'}
[5.776795] (px4_msgs) StdoutLine: {'line': b'-- Up-to-date: /home/pavel/ws_ros2/install/px4_msgs/local/lib/python3.10/dist-packages/px4_msgs/msg/_differential_pressure.py\n'}
[5.776844] (px4_msgs) StdoutLine: {'line': b'-- Up-to-date: /home/pavel/ws_ros2/install/px4_msgs/local/lib/python3.10/dist-packages/px4_msgs/msg/_sensor_selection_s.c\n'}
[5.776899] (px4_msgs) StdoutLine: {'line': b'-- Up-to-date: /home/pavel/ws_ros2/install/px4_msgs/local/lib/python3.10/dist-packages/px4_msgs/msg/_sensor_accel_s.c\n'}
[5.776953] (px4_msgs) StdoutLine: {'line': b'-- Up-to-date: /home/pavel/ws_ros2/install/px4_msgs/local/lib/python3.10/dist-packages/px4_msgs/msg/_estimator_gps_status.py\n'}
[5.777008] (px4_msgs) StdoutLine: {'line': b'-- Up-to-date: /home/pavel/ws_ros2/install/px4_msgs/local/lib/python3.10/dist-packages/px4_msgs/msg/_vehicle_attitude_s.c\n'}
[5.777063] (px4_msgs) StdoutLine: {'line': b'-- Up-to-date: /home/pavel/ws_ros2/install/px4_msgs/local/lib/python3.10/dist-packages/px4_msgs/msg/_sensor_preflight_mag_s.c\n'}
[5.777117] (px4_msgs) StdoutLine: {'line': b'-- Up-to-date: /home/pavel/ws_ros2/install/px4_msgs/local/lib/python3.10/dist-packages/px4_msgs/msg/_vehicle_imu.py\n'}
[5.777172] (px4_msgs) StdoutLine: {'line': b'-- Up-to-date: /home/pavel/ws_ros2/install/px4_msgs/local/lib/python3.10/dist-packages/px4_msgs/msg/_config_overrides.py\n'}
[5.777241] (px4_msgs) StdoutLine: {'line': b'-- Up-to-date: /home/pavel/ws_ros2/install/px4_msgs/local/lib/python3.10/dist-packages/px4_msgs/msg/_failure_detector_status_s.c\n'}
[5.777309] (px4_msgs) StdoutLine: {'line': b'-- Up-to-date: /home/pavel/ws_ros2/install/px4_msgs/local/lib/python3.10/dist-packages/px4_msgs/msg/_estimator_selector_status_s.c\n'}
[5.777360] (px4_msgs) StdoutLine: {'line': b'-- Up-to-date: /home/pavel/ws_ros2/install/px4_msgs/local/lib/python3.10/dist-packages/px4_msgs/msg/_health_report_s.c\n'}
[5.777419] (px4_msgs) StdoutLine: {'line': b'-- Up-to-date: /home/pavel/ws_ros2/install/px4_msgs/local/lib/python3.10/dist-packages/px4_msgs/msg/_gimbal_controls_s.c\n'}
[5.777470] (px4_msgs) StdoutLine: {'line': b'-- Up-to-date: /home/pavel/ws_ros2/install/px4_msgs/local/lib/python3.10/dist-packages/px4_msgs/msg/_follow_target_status_s.c\n'}
[5.777519] (px4_msgs) StdoutLine: {'line': b'-- Up-to-date: /home/pavel/ws_ros2/install/px4_msgs/local/lib/python3.10/dist-packages/px4_msgs/msg/_hover_thrust_estimate.py\n'}
[5.777578] (px4_msgs) StdoutLine: {'line': b'-- Up-to-date: /home/pavel/ws_ros2/install/px4_msgs/local/lib/python3.10/dist-packages/px4_msgs/msg/_actuator_servos_s.c\n'}
[5.777633] (px4_msgs) StdoutLine: {'line': b'-- Up-to-date: /home/pavel/ws_ros2/install/px4_msgs/local/lib/python3.10/dist-packages/px4_msgs/msg/_button_event_s.c\n'}
[5.777688] (px4_msgs) StdoutLine: {'line': b'-- Up-to-date: /home/pavel/ws_ros2/install/px4_msgs/local/lib/python3.10/dist-packages/px4_msgs/msg/_buffer128.py\n'}
[5.777742] (px4_msgs) StdoutLine: {'line': b'-- Up-to-date: /home/pavel/ws_ros2/install/px4_msgs/local/lib/python3.10/dist-packages/px4_msgs/msg/_gpio_out_s.c\n'}
[5.777798] (px4_msgs) StdoutLine: {'line': b'-- Up-to-date: /home/pavel/ws_ros2/install/px4_msgs/local/lib/python3.10/dist-packages/px4_msgs/msg/_input_rc.py\n'}
[5.777854] (px4_msgs) StdoutLine: {'line': b'-- Up-to-date: /home/pavel/ws_ros2/install/px4_msgs/local/lib/python3.10/dist-packages/px4_msgs/msg/_vehicle_magnetometer.py\n'}
[5.777908] (px4_msgs) StdoutLine: {'line': b'-- Up-to-date: /home/pavel/ws_ros2/install/px4_msgs/local/lib/python3.10/dist-packages/px4_msgs/msg/_estimator_status.py\n'}
[5.777963] (px4_msgs) StdoutLine: {'line': b'-- Up-to-date: /home/pavel/ws_ros2/install/px4_msgs/local/lib/python3.10/dist-packages/px4_msgs/msg/_sensor_correction_s.c\n'}
[5.778016] (px4_msgs) StdoutLine: {'line': b'-- Up-to-date: /home/pavel/ws_ros2/install/px4_msgs/local/lib/python3.10/dist-packages/px4_msgs/msg/_gpio_request_s.c\n'}
[5.778071] (px4_msgs) StdoutLine: {'line': b'-- Up-to-date: /home/pavel/ws_ros2/install/px4_msgs/local/lib/python3.10/dist-packages/px4_msgs/msg/_mavlink_tunnel_s.c\n'}
[5.778125] (px4_msgs) StdoutLine: {'line': b'-- Up-to-date: /home/pavel/ws_ros2/install/px4_msgs/local/lib/python3.10/dist-packages/px4_msgs/msg/_normalized_unsigned_setpoint_s.c\n'}
[5.778202] (px4_msgs) StdoutLine: {'line': b'-- Up-to-date: /home/pavel/ws_ros2/install/px4_msgs/local/lib/python3.10/dist-packages/px4_msgs/msg/_debug_key_value_s.c\n'}
[5.778254] (px4_msgs) StdoutLine: {'line': b'-- Up-to-date: /home/pavel/ws_ros2/install/px4_msgs/local/lib/python3.10/dist-packages/px4_msgs/msg/_gimbal_manager_information_s.c\n'}
[5.778304] (px4_msgs) StdoutLine: {'line': b'-- Up-to-date: /home/pavel/ws_ros2/install/px4_msgs/local/lib/python3.10/dist-packages/px4_msgs/msg/_radio_status_s.c\n'}
[5.778353] (px4_msgs) StdoutLine: {'line': b'-- Up-to-date: /home/pavel/ws_ros2/install/px4_msgs/local/lib/python3.10/dist-packages/px4_msgs/msg/_camera_trigger.py\n'}
[5.778412] (px4_msgs) StdoutLine: {'line': b'-- Up-to-date: /home/pavel/ws_ros2/install/px4_msgs/local/lib/python3.10/dist-packages/px4_msgs/msg/_parameter_set_value_request_s.c\n'}
[5.778472] (px4_msgs) StdoutLine: {'line': b'-- Up-to-date: /home/pavel/ws_ros2/install/px4_msgs/local/lib/python3.10/dist-packages/px4_msgs/msg/_estimator_states.py\n'}
[5.778522] (px4_msgs) StdoutLine: {'line': b'-- Up-to-date: /home/pavel/ws_ros2/install/px4_msgs/local/lib/python3.10/dist-packages/px4_msgs/msg/_uavcan_parameter_value_s.c\n'}
[5.778576] (px4_msgs) StdoutLine: {'line': b'-- Up-to-date: /home/pavel/ws_ros2/install/px4_msgs/local/lib/python3.10/dist-packages/px4_msgs/msg/_estimator_aid_source3d.py\n'}
[5.778632] (px4_msgs) StdoutLine: {'line': b'-- Up-to-date: /home/pavel/ws_ros2/install/px4_msgs/local/lib/python3.10/dist-packages/px4_msgs/msg/_rpm.py\n'}
[5.778687] (px4_msgs) StdoutLine: {'line': b'-- Up-to-date: /home/pavel/ws_ros2/install/px4_msgs/local/lib/python3.10/dist-packages/px4_msgs/msg/_orb_test_large.py\n'}
[5.778743] (px4_msgs) StdoutLine: {'line': b'-- Up-to-date: /home/pavel/ws_ros2/install/px4_msgs/local/lib/python3.10/dist-packages/px4_msgs/msg/_rtl_time_estimate_s.c\n'}
[5.778810] (px4_msgs) StdoutLine: {'line': b'-- Up-to-date: /home/pavel/ws_ros2/install/px4_msgs/local/lib/python3.10/dist-packages/px4_msgs/msg/_trajectory_setpoint_s.c\n'}
[5.778865] (px4_msgs) StdoutLine: {'line': b'-- Up-to-date: /home/pavel/ws_ros2/install/px4_msgs/local/lib/python3.10/dist-packages/px4_msgs/msg/_vehicle_local_position_setpoint.py\n'}
[5.778931] (px4_msgs) StdoutLine: {'line': b'-- Up-to-date: /home/pavel/ws_ros2/install/px4_msgs/local/lib/python3.10/dist-packages/px4_msgs/msg/_home_position_s.c\n'}
[5.778981] (px4_msgs) StdoutLine: {'line': b'-- Up-to-date: /home/pavel/ws_ros2/install/px4_msgs/local/lib/python3.10/dist-packages/px4_msgs/msg/_register_ext_component_request.py\n'}
[5.779036] (px4_msgs) StdoutLine: {'line': b'-- Up-to-date: /home/pavel/ws_ros2/install/px4_msgs/local/lib/python3.10/dist-packages/px4_msgs/msg/_sensor_uwb_s.c\n'}
[5.779103] (px4_msgs) StdoutLine: {'line': b'-- Up-to-date: /home/pavel/ws_ros2/install/px4_msgs/local/lib/python3.10/dist-packages/px4_msgs/msg/_estimator_sensor_bias.py\n'}
[5.779155] (px4_msgs) StdoutLine: {'line': b'-- Up-to-date: /home/pavel/ws_ros2/install/px4_msgs/local/lib/python3.10/dist-packages/px4_msgs/msg/_vehicle_command_ack.py\n'}
[5.779205] (px4_msgs) StdoutLine: {'line': b'-- Up-to-date: /home/pavel/ws_ros2/install/px4_msgs/local/lib/python3.10/dist-packages/px4_msgs/msg/_vehicle_status.py\n'}
[5.779254] (px4_msgs) StdoutLine: {'line': b'-- Up-to-date: /home/pavel/ws_ros2/install/px4_msgs/local/lib/python3.10/dist-packages/px4_msgs/msg/_figure_eight_status.py\n'}
[5.779304] (px4_msgs) StdoutLine: {'line': b'-- Up-to-date: /home/pavel/ws_ros2/install/px4_msgs/local/lib/python3.10/dist-packages/px4_msgs/msg/_logger_status.py\n'}
[5.779353] (px4_msgs) StdoutLine: {'line': b'-- Up-to-date: /home/pavel/ws_ros2/install/px4_msgs/local/lib/python3.10/dist-packages/px4_msgs/msg/_manual_control_setpoint.py\n'}
[5.779427] (px4_msgs) StdoutLine: {'line': b'-- Up-to-date: /home/pavel/ws_ros2/install/px4_msgs/local/lib/python3.10/dist-packages/px4_msgs/msg/_manual_control_setpoint_s.c\n'}
[5.779479] (px4_msgs) StdoutLine: {'line': b'-- Up-to-date: /home/pavel/ws_ros2/install/px4_msgs/local/lib/python3.10/dist-packages/px4_msgs/msg/_estimator_aid_source3d_s.c\n'}
[5.779528] (px4_msgs) StdoutLine: {'line': b'-- Up-to-date: /home/pavel/ws_ros2/install/px4_msgs/local/lib/python3.10/dist-packages/px4_msgs/msg/_geofence_status.py\n'}
[5.779577] (px4_msgs) StdoutLine: {'line': b'-- Up-to-date: /home/pavel/ws_ros2/install/px4_msgs/local/lib/python3.10/dist-packages/px4_msgs/msg/_internal_combustion_engine_status.py\n'}
[5.779626] (px4_msgs) StdoutLine: {'line': b'-- Up-to-date: /home/pavel/ws_ros2/install/px4_msgs/local/lib/python3.10/dist-packages/px4_msgs/msg/_mission.py\n'}
[5.779675] (px4_msgs) StdoutLine: {'line': b'-- Up-to-date: /home/pavel/ws_ros2/install/px4_msgs/local/lib/python3.10/dist-packages/px4_msgs/msg/_vehicle_command_ack_s.c\n'}
[5.779724] (px4_msgs) StdoutLine: {'line': b'-- Up-to-date: /home/pavel/ws_ros2/install/px4_msgs/local/lib/python3.10/dist-packages/px4_msgs/msg/_position_setpoint_s.c\n'}
[5.779774] (px4_msgs) StdoutLine: {'line': b'-- Up-to-date: /home/pavel/ws_ros2/install/px4_msgs/local/lib/python3.10/dist-packages/px4_msgs/msg/_mount_orientation.py\n'}
[5.779824] (px4_msgs) StdoutLine: {'line': b'-- Up-to-date: /home/pavel/ws_ros2/install/px4_msgs/local/lib/python3.10/dist-packages/px4_msgs/msg/_goto_setpoint_s.c\n'}
[5.779879] (px4_msgs) StdoutLine: {'line': b'-- Up-to-date: /home/pavel/ws_ros2/install/px4_msgs/local/lib/python3.10/dist-packages/px4_msgs/msg/_px4io_status.py\n'}
[5.779956] (px4_msgs) StdoutLine: {'line': b'-- Up-to-date: /home/pavel/ws_ros2/install/px4_msgs/local/lib/python3.10/dist-packages/px4_msgs/msg/_gimbal_manager_set_attitude.py\n'}
[5.780009] (px4_msgs) StdoutLine: {'line': b'-- Up-to-date: /home/pavel/ws_ros2/install/px4_msgs/local/lib/python3.10/dist-packages/px4_msgs/msg/_pwm_input.py\n'}
[5.780069] (px4_msgs) StdoutLine: {'line': b'-- Up-to-date: /home/pavel/ws_ros2/install/px4_msgs/local/lib/python3.10/dist-packages/px4_msgs/msg/_sensor_combined_s.c\n'}
[5.780121] (px4_msgs) StdoutLine: {'line': b'-- Up-to-date: /home/pavel/ws_ros2/install/px4_msgs/local/lib/python3.10/dist-packages/px4_msgs/msg/_estimator_aid_source2d.py\n'}
[5.780170] (px4_msgs) StdoutLine: {'line': b'-- Up-to-date: /home/pavel/ws_ros2/install/px4_msgs/local/lib/python3.10/dist-packages/px4_msgs/msg/_landing_target_innovations.py\n'}
[5.780225] (px4_msgs) StdoutLine: {'line': b'-- Up-to-date: /home/pavel/ws_ros2/install/px4_msgs/local/lib/python3.10/dist-packages/px4_msgs/msg/_wheel_encoders.py\n'}
[5.780284] (px4_msgs) StdoutLine: {'line': b'-- Up-to-date: /home/pavel/ws_ros2/install/px4_msgs/local/lib/python3.10/dist-packages/px4_msgs/msg/_home_position.py\n'}
[5.780339] (px4_msgs) StdoutLine: {'line': b'-- Up-to-date: /home/pavel/ws_ros2/install/px4_msgs/local/lib/python3.10/dist-packages/px4_msgs/msg/_vehicle_roi.py\n'}
[5.780415] (px4_msgs) StdoutLine: {'line': b'-- Up-to-date: /home/pavel/ws_ros2/install/px4_msgs/local/lib/python3.10/dist-packages/px4_msgs/msg/_qshell_req.py\n'}
[5.780471] (px4_msgs) StdoutLine: {'line': b'-- Up-to-date: /home/pavel/ws_ros2/install/px4_msgs/local/lib/python3.10/dist-packages/px4_msgs/msg/_task_stack_info_s.c\n'}
[5.780521] (px4_msgs) StdoutLine: {'line': b'-- Up-to-date: /home/pavel/ws_ros2/install/px4_msgs/local/lib/python3.10/dist-packages/px4_msgs/msg/_position_setpoint.py\n'}
[5.780570] (px4_msgs) StdoutLine: {'line': b'-- Up-to-date: /home/pavel/ws_ros2/install/px4_msgs/local/lib/python3.10/dist-packages/px4_msgs/msg/_trajectory_bezier_s.c\n'}
[5.780619] (px4_msgs) StdoutLine: {'line': b'-- Up-to-date: /home/pavel/ws_ros2/install/px4_msgs/local/lib/python3.10/dist-packages/px4_msgs/msg/_follow_target_estimator.py\n'}
[5.780673] (px4_msgs) StdoutLine: {'line': b'-- Up-to-date: /home/pavel/ws_ros2/install/px4_msgs/local/lib/python3.10/dist-packages/px4_msgs/msg/_irlock_report.py\n'}
[5.780745] (px4_msgs) StdoutLine: {'line': b'-- Up-to-date: /home/pavel/ws_ros2/install/px4_msgs/local/lib/python3.10/dist-packages/px4_msgs/msg/_vehicle_optical_flow_vel.py\n'}
[5.780796] (px4_msgs) StdoutLine: {'line': b'-- Up-to-date: /home/pavel/ws_ros2/install/px4_msgs/local/lib/python3.10/dist-packages/px4_msgs/msg/_message_format_request_s.c\n'}
[5.780846] (px4_msgs) StdoutLine: {'line': b'-- Up-to-date: /home/pavel/ws_ros2/install/px4_msgs/local/lib/python3.10/dist-packages/px4_msgs/msg/_sensor_airflow_s.c\n'}
[5.780895] (px4_msgs) StdoutLine: {'line': b'-- Up-to-date: /home/pavel/ws_ros2/install/px4_msgs/local/lib/python3.10/dist-packages/px4_msgs/msg/_estimator_sensor_bias_s.c\n'}
[5.780944] (px4_msgs) StdoutLine: {'line': b'-- Up-to-date: /home/pavel/ws_ros2/install/px4_msgs/local/lib/python3.10/dist-packages/px4_msgs/msg/_estimator_gps_status_s.c\n'}
[5.780993] (px4_msgs) StdoutLine: {'line': b'-- Up-to-date: /home/pavel/ws_ros2/install/px4_msgs/local/lib/python3.10/dist-packages/px4_msgs/msg/_transponder_report_s.c\n'}
[5.781043] (px4_msgs) StdoutLine: {'line': b'-- Up-to-date: /home/pavel/ws_ros2/install/px4_msgs/local/lib/python3.10/dist-packages/px4_msgs/msg/_actuator_servos_trim_s.c\n'}
[5.781091] (px4_msgs) StdoutLine: {'line': b'-- Up-to-date: /home/pavel/ws_ros2/install/px4_msgs/local/lib/python3.10/dist-packages/px4_msgs/msg/_internal_combustion_engine_status_s.c\n'}
[5.781146] (px4_msgs) StdoutLine: {'line': b'-- Up-to-date: /home/pavel/ws_ros2/install/px4_msgs/local/lib/python3.10/dist-packages/px4_msgs/msg/_npfg_status.py\n'}
[5.781212] (px4_msgs) StdoutLine: {'line': b'-- Up-to-date: /home/pavel/ws_ros2/install/px4_msgs/local/lib/python3.10/dist-packages/px4_msgs/msg/_sensor_gnss_relative_s.c\n'}
[5.781262] (px4_msgs) StdoutLine: {'line': b'-- Up-to-date: /home/pavel/ws_ros2/install/px4_msgs/local/lib/python3.10/dist-packages/px4_msgs/msg/_power_button_state_s.c\n'}
[5.781312] (px4_msgs) StdoutLine: {'line': b'-- Up-to-date: /home/pavel/ws_ros2/install/px4_msgs/local/lib/python3.10/dist-packages/px4_msgs/msg/_debug_vect.py\n'}
[5.781361] (px4_msgs) StdoutLine: {'line': b'-- Up-to-date: /home/pavel/ws_ros2/install/px4_msgs/local/lib/python3.10/dist-packages/px4_msgs/msg/_magnetometer_bias_estimate_s.c\n'}
[5.781421] (px4_msgs) StdoutLine: {'line': b'-- Up-to-date: /home/pavel/ws_ros2/install/px4_msgs/local/lib/python3.10/dist-packages/px4_msgs/msg/_estimator_innovations_s.c\n'}
[5.781478] (px4_msgs) StdoutLine: {'line': b'-- Up-to-date: /home/pavel/ws_ros2/install/px4_msgs/local/lib/python3.10/dist-packages/px4_msgs/msg/_rc_channels_s.c\n'}
[5.781527] (px4_msgs) StdoutLine: {'line': b'-- Up-to-date: /home/pavel/ws_ros2/install/px4_msgs/local/lib/python3.10/dist-packages/px4_msgs/msg/_follow_target_estimator_s.c\n'}
[5.781582] (px4_msgs) StdoutLine: {'line': b'-- Up-to-date: /home/pavel/ws_ros2/install/px4_msgs/local/lib/python3.10/dist-packages/px4_msgs/msg/_collision_constraints_s.c\n'}
[5.781637] (px4_msgs) StdoutLine: {'line': b'-- Up-to-date: /home/pavel/ws_ros2/install/px4_msgs/local/lib/python3.10/dist-packages/px4_msgs/msg/_actuator_motors.py\n'}
[5.781710] (px4_msgs) StdoutLine: {'line': b'-- Up-to-date: /home/pavel/ws_ros2/install/px4_msgs/local/lib/python3.10/dist-packages/px4_msgs/msg/_esc_report.py\n'}
[5.781760] (px4_msgs) StdoutLine: {'line': b'-- Up-to-date: /home/pavel/ws_ros2/install/px4_msgs/local/lib/python3.10/dist-packages/px4_msgs/msg/_gimbal_controls.py\n'}
[5.781809] (px4_msgs) StdoutLine: {'line': b'-- Up-to-date: /home/pavel/ws_ros2/install/px4_msgs/local/lib/python3.10/dist-packages/px4_msgs/msg/_sensor_baro.py\n'}
[5.781858] (px4_msgs) StdoutLine: {'line': b'-- Up-to-date: /home/pavel/ws_ros2/install/px4_msgs/local/lib/python3.10/dist-packages/px4_msgs/msg/_wheel_encoders_s.c\n'}
[5.781907] (px4_msgs) StdoutLine: {'line': b'-- Up-to-date: /home/pavel/ws_ros2/install/px4_msgs/local/lib/python3.10/dist-packages/px4_msgs/msg/_parameter_update.py\n'}
[5.781955] (px4_msgs) StdoutLine: {'line': b'-- Up-to-date: /home/pavel/ws_ros2/install/px4_msgs/local/lib/python3.10/dist-packages/px4_msgs/msg/_tune_control.py\n'}
[5.782004] (px4_msgs) StdoutLine: {'line': b'-- Up-to-date: /home/pavel/ws_ros2/install/px4_msgs/local/lib/python3.10/dist-packages/px4_msgs/msg/_estimator_aid_source1d_s.c\n'}
[5.782052] (px4_msgs) StdoutLine: {'line': b'-- Up-to-date: /home/pavel/ws_ros2/install/px4_msgs/local/lib/python3.10/dist-packages/px4_msgs/msg/_mission_s.c\n'}
[5.782111] (px4_msgs) StdoutLine: {'line': b'-- Up-to-date: /home/pavel/ws_ros2/install/px4_msgs/local/lib/python3.10/dist-packages/px4_msgs/msg/_pps_capture_s.c\n'}
[5.782166] (px4_msgs) StdoutLine: {'line': b'-- Up-to-date: /home/pavel/ws_ros2/install/px4_msgs/local/lib/python3.10/dist-packages/px4_msgs/msg/_sensor_selection.py\n'}
[5.782220] (px4_msgs) StdoutLine: {'line': b'-- Up-to-date: /home/pavel/ws_ros2/install/px4_msgs/local/lib/python3.10/dist-packages/px4_msgs/msg/_rpm_s.c\n'}
[5.782275] (px4_msgs) StdoutLine: {'line': b'-- Up-to-date: /home/pavel/ws_ros2/install/px4_msgs/local/lib/python3.10/dist-packages/px4_msgs/msg/_vehicle_local_position_s.c\n'}
[5.782330] (px4_msgs) StdoutLine: {'line': b'-- Up-to-date: /home/pavel/ws_ros2/install/px4_msgs/local/lib/python3.10/dist-packages/px4_msgs/msg/_differential_drive_setpoint.py\n'}
[5.782404] (px4_msgs) StdoutLine: {'line': b'-- Up-to-date: /home/pavel/ws_ros2/install/px4_msgs/local/lib/python3.10/dist-packages/px4_msgs/msg/_ulog_stream_s.c\n'}
[5.782461] (px4_msgs) StdoutLine: {'line': b'-- Up-to-date: /home/pavel/ws_ros2/install/px4_msgs/local/lib/python3.10/dist-packages/px4_msgs/msg/_dataman_request_s.c\n'}
[5.782511] (px4_msgs) StdoutLine: {'line': b'-- Up-to-date: /home/pavel/ws_ros2/install/px4_msgs/local/lib/python3.10/dist-packages/px4_msgs/px4_msgs_s__rosidl_typesupport_introspection_c.cpython-310-x86_64-linux-gnu.so\n'}
[5.782566] (px4_msgs) StdoutLine: {'line': b'-- Up-to-date: /home/pavel/ws_ros2/install/px4_msgs/local/lib/python3.10/dist-packages/px4_msgs/_px4_msgs_s.ep.rosidl_typesupport_c.c\n'}
[5.782621] (px4_msgs) StdoutLine: {'line': b'-- Up-to-date: /home/pavel/ws_ros2/install/px4_msgs/local/lib/python3.10/dist-packages/px4_msgs/px4_msgs_s__rosidl_typesupport_c.cpython-310-x86_64-linux-gnu.so\n'}
[5.782691] (px4_msgs) StdoutLine: {'line': b"Listing '/home/pavel/ws_ros2/install/px4_msgs/local/lib/python3.10/dist-packages/px4_msgs'...\n"}
[5.782741] (px4_msgs) StdoutLine: {'line': b"Listing '/home/pavel/ws_ros2/install/px4_msgs/local/lib/python3.10/dist-packages/px4_msgs/msg'...\n"}
[5.782798] (px4_msgs) StdoutLine: {'line': b"Listing '/home/pavel/ws_ros2/install/px4_msgs/local/lib/python3.10/dist-packages/px4_msgs/srv'...\n"}
[5.782855] (px4_msgs) StdoutLine: {'line': b'-- Up-to-date: /home/pavel/ws_ros2/install/px4_msgs/local/lib/python3.10/dist-packages/px4_msgs/px4_msgs_s__rosidl_typesupport_fastrtps_c.cpython-310-x86_64-linux-gnu.so\n'}
[5.782912] (px4_msgs) StdoutLine: {'line': b'-- Up-to-date: /home/pavel/ws_ros2/install/px4_msgs/local/lib/python3.10/dist-packages/px4_msgs/px4_msgs_s__rosidl_typesupport_introspection_c.cpython-310-x86_64-linux-gnu.so\n'}
[5.782969] (px4_msgs) StdoutLine: {'line': b'-- Up-to-date: /home/pavel/ws_ros2/install/px4_msgs/local/lib/python3.10/dist-packages/px4_msgs/px4_msgs_s__rosidl_typesupport_c.cpython-310-x86_64-linux-gnu.so\n'}
[5.783024] (px4_msgs) StdoutLine: {'line': b'-- Up-to-date: /home/pavel/ws_ros2/install/px4_msgs/lib/libpx4_msgs__rosidl_generator_py.so\n'}
[5.783080] (px4_msgs) StdoutLine: {'line': b'-- Up-to-date: /home/pavel/ws_ros2/install/px4_msgs/share/px4_msgs/msg/ActionRequest.idl\n'}
[5.783136] (px4_msgs) StdoutLine: {'line': b'-- Up-to-date: /home/pavel/ws_ros2/install/px4_msgs/share/px4_msgs/msg/ActuatorArmed.idl\n'}
[5.783191] (px4_msgs) StdoutLine: {'line': b'-- Up-to-date: /home/pavel/ws_ros2/install/px4_msgs/share/px4_msgs/msg/ActuatorControlsStatus.idl\n'}
[5.783247] (px4_msgs) StdoutLine: {'line': b'-- Up-to-date: /home/pavel/ws_ros2/install/px4_msgs/share/px4_msgs/msg/ActuatorMotors.idl\n'}
[5.783302] (px4_msgs) StdoutLine: {'line': b'-- Up-to-date: /home/pavel/ws_ros2/install/px4_msgs/share/px4_msgs/msg/ActuatorOutputs.idl\n'}
[5.783356] (px4_msgs) StdoutLine: {'line': b'-- Up-to-date: /home/pavel/ws_ros2/install/px4_msgs/share/px4_msgs/msg/ActuatorServos.idl\n'}
[5.783439] (px4_msgs) StdoutLine: {'line': b'-- Up-to-date: /home/pavel/ws_ros2/install/px4_msgs/share/px4_msgs/msg/ActuatorServosTrim.idl\n'}
[5.783493] (px4_msgs) StdoutLine: {'line': b'-- Up-to-date: /home/pavel/ws_ros2/install/px4_msgs/share/px4_msgs/msg/ActuatorTest.idl\n'}
[5.783541] (px4_msgs) StdoutLine: {'line': b'-- Up-to-date: /home/pavel/ws_ros2/install/px4_msgs/share/px4_msgs/msg/AdcReport.idl\n'}
[5.783590] (px4_msgs) StdoutLine: {'line': b'-- Up-to-date: /home/pavel/ws_ros2/install/px4_msgs/share/px4_msgs/msg/Airspeed.idl\n'}
[5.783639] (px4_msgs) StdoutLine: {'line': b'-- Up-to-date: /home/pavel/ws_ros2/install/px4_msgs/share/px4_msgs/msg/AirspeedValidated.idl\n'}
[5.783687] (px4_msgs) StdoutLine: {'line': b'-- Up-to-date: /home/pavel/ws_ros2/install/px4_msgs/share/px4_msgs/msg/AirspeedWind.idl\n'}
[5.783736] (px4_msgs) StdoutLine: {'line': b'-- Up-to-date: /home/pavel/ws_ros2/install/px4_msgs/share/px4_msgs/msg/ArmingCheckReply.idl\n'}
[5.783785] (px4_msgs) StdoutLine: {'line': b'-- Up-to-date: /home/pavel/ws_ros2/install/px4_msgs/share/px4_msgs/msg/ArmingCheckRequest.idl\n'}
[5.783839] (px4_msgs) StdoutLine: {'line': b'-- Up-to-date: /home/pavel/ws_ros2/install/px4_msgs/share/px4_msgs/msg/AutotuneAttitudeControlStatus.idl\n'}
[5.783893] (px4_msgs) StdoutLine: {'line': b'-- Up-to-date: /home/pavel/ws_ros2/install/px4_msgs/share/px4_msgs/msg/BatteryStatus.idl\n'}
[5.783947] (px4_msgs) StdoutLine: {'line': b'-- Up-to-date: /home/pavel/ws_ros2/install/px4_msgs/share/px4_msgs/msg/Buffer128.idl\n'}
[5.784003] (px4_msgs) StdoutLine: {'line': b'-- Up-to-date: /home/pavel/ws_ros2/install/px4_msgs/share/px4_msgs/msg/ButtonEvent.idl\n'}
[5.784090] (px4_msgs) StdoutLine: {'line': b'-- Up-to-date: /home/pavel/ws_ros2/install/px4_msgs/share/px4_msgs/msg/CameraCapture.idl\n'}
[5.784163] (px4_msgs) StdoutLine: {'line': b'-- Up-to-date: /home/pavel/ws_ros2/install/px4_msgs/share/px4_msgs/msg/CameraStatus.idl\n'}
[5.784215] (px4_msgs) StdoutLine: {'line': b'-- Up-to-date: /home/pavel/ws_ros2/install/px4_msgs/share/px4_msgs/msg/CameraTrigger.idl\n'}
[5.784274] (px4_msgs) StdoutLine: {'line': b'-- Up-to-date: /home/pavel/ws_ros2/install/px4_msgs/share/px4_msgs/msg/CanInterfaceStatus.idl\n'}
[5.784329] (px4_msgs) StdoutLine: {'line': b'-- Up-to-date: /home/pavel/ws_ros2/install/px4_msgs/share/px4_msgs/msg/CellularStatus.idl\n'}
[5.784411] (px4_msgs) StdoutLine: {'line': b'-- Up-to-date: /home/pavel/ws_ros2/install/px4_msgs/share/px4_msgs/msg/CollisionConstraints.idl\n'}
[5.784470] (px4_msgs) StdoutLine: {'line': b'-- Up-to-date: /home/pavel/ws_ros2/install/px4_msgs/share/px4_msgs/msg/CollisionReport.idl\n'}
[5.784521] (px4_msgs) StdoutLine: {'line': b'-- Up-to-date: /home/pavel/ws_ros2/install/px4_msgs/share/px4_msgs/msg/ConfigOverrides.idl\n'}
[5.784570] (px4_msgs) StdoutLine: {'line': b'-- Up-to-date: /home/pavel/ws_ros2/install/px4_msgs/share/px4_msgs/msg/ControlAllocatorStatus.idl\n'}
[5.784634] (px4_msgs) StdoutLine: {'line': b'-- Up-to-date: /home/pavel/ws_ros2/install/px4_msgs/share/px4_msgs/msg/Cpuload.idl\n'}
[5.784685] (px4_msgs) StdoutLine: {'line': b'-- Up-to-date: /home/pavel/ws_ros2/install/px4_msgs/share/px4_msgs/msg/DatamanRequest.idl\n'}
[5.784736] (px4_msgs) StdoutLine: {'line': b'-- Up-to-date: /home/pavel/ws_ros2/install/px4_msgs/share/px4_msgs/msg/DatamanResponse.idl\n'}
[5.784785] (px4_msgs) StdoutLine: {'line': b'-- Up-to-date: /home/pavel/ws_ros2/install/px4_msgs/share/px4_msgs/msg/DebugArray.idl\n'}
[5.784835] (px4_msgs) StdoutLine: {'line': b'-- Up-to-date: /home/pavel/ws_ros2/install/px4_msgs/share/px4_msgs/msg/DebugKeyValue.idl\n'}
[5.784884] (px4_msgs) StdoutLine: {'line': b'-- Up-to-date: /home/pavel/ws_ros2/install/px4_msgs/share/px4_msgs/msg/DebugValue.idl\n'}
[5.784933] (px4_msgs) StdoutLine: {'line': b'-- Up-to-date: /home/pavel/ws_ros2/install/px4_msgs/share/px4_msgs/msg/DebugVect.idl\n'}
[5.784983] (px4_msgs) StdoutLine: {'line': b'-- Up-to-date: /home/pavel/ws_ros2/install/px4_msgs/share/px4_msgs/msg/DifferentialDriveSetpoint.idl\n'}
[5.785032] (px4_msgs) StdoutLine: {'line': b'-- Up-to-date: /home/pavel/ws_ros2/install/px4_msgs/share/px4_msgs/msg/DifferentialPressure.idl\n'}
[5.785097] (px4_msgs) StdoutLine: {'line': b'-- Up-to-date: /home/pavel/ws_ros2/install/px4_msgs/share/px4_msgs/msg/DistanceSensor.idl\n'}
[5.785148] (px4_msgs) StdoutLine: {'line': b'-- Up-to-date: /home/pavel/ws_ros2/install/px4_msgs/share/px4_msgs/msg/Ekf2Timestamps.idl\n'}
[5.785197] (px4_msgs) StdoutLine: {'line': b'-- Up-to-date: /home/pavel/ws_ros2/install/px4_msgs/share/px4_msgs/msg/EscReport.idl\n'}
[5.785249] (px4_msgs) StdoutLine: {'line': b'-- Up-to-date: /home/pavel/ws_ros2/install/px4_msgs/share/px4_msgs/msg/EscStatus.idl\n'}
[5.785300] (px4_msgs) StdoutLine: {'line': b'-- Up-to-date: /home/pavel/ws_ros2/install/px4_msgs/share/px4_msgs/msg/EstimatorAidSource1d.idl\n'}
[5.785371] (px4_msgs) StdoutLine: {'line': b'-- Up-to-date: /home/pavel/ws_ros2/install/px4_msgs/share/px4_msgs/msg/EstimatorAidSource2d.idl\n'}
[5.785438] (px4_msgs) StdoutLine: {'line': b'-- Up-to-date: /home/pavel/ws_ros2/install/px4_msgs/share/px4_msgs/msg/EstimatorAidSource3d.idl\n'}
[5.785489] (px4_msgs) StdoutLine: {'line': b'-- Up-to-date: /home/pavel/ws_ros2/install/px4_msgs/share/px4_msgs/msg/EstimatorBias.idl\n'}
[5.785539] (px4_msgs) StdoutLine: {'line': b'-- Up-to-date: /home/pavel/ws_ros2/install/px4_msgs/share/px4_msgs/msg/EstimatorBias3d.idl\n'}
[5.785589] (px4_msgs) StdoutLine: {'line': b'-- Up-to-date: /home/pavel/ws_ros2/install/px4_msgs/share/px4_msgs/msg/EstimatorEventFlags.idl\n'}
[5.785642] (px4_msgs) StdoutLine: {'line': b'-- Up-to-date: /home/pavel/ws_ros2/install/px4_msgs/share/px4_msgs/msg/EstimatorGpsStatus.idl\n'}
[5.785696] (px4_msgs) StdoutLine: {'line': b'-- Up-to-date: /home/pavel/ws_ros2/install/px4_msgs/share/px4_msgs/msg/EstimatorInnovations.idl\n'}
[5.785751] (px4_msgs) StdoutLine: {'line': b'-- Up-to-date: /home/pavel/ws_ros2/install/px4_msgs/share/px4_msgs/msg/EstimatorSelectorStatus.idl\n'}
[5.785805] (px4_msgs) StdoutLine: {'line': b'-- Up-to-date: /home/pavel/ws_ros2/install/px4_msgs/share/px4_msgs/msg/EstimatorSensorBias.idl\n'}
[5.785882] (px4_msgs) StdoutLine: {'line': b'-- Up-to-date: /home/pavel/ws_ros2/install/px4_msgs/share/px4_msgs/msg/EstimatorStates.idl\n'}
[5.785938] (px4_msgs) StdoutLine: {'line': b'-- Up-to-date: /home/pavel/ws_ros2/install/px4_msgs/share/px4_msgs/msg/EstimatorStatus.idl\n'}
[5.786021] (px4_msgs) StdoutLine: {'line': b'-- Up-to-date: /home/pavel/ws_ros2/install/px4_msgs/share/px4_msgs/msg/EstimatorStatusFlags.idl\n'}
[5.786071] (px4_msgs) StdoutLine: {'line': b'-- Up-to-date: /home/pavel/ws_ros2/install/px4_msgs/share/px4_msgs/msg/Event.idl\n'}
[5.786121] (px4_msgs) StdoutLine: {'line': b'-- Up-to-date: /home/pavel/ws_ros2/install/px4_msgs/share/px4_msgs/msg/FailsafeFlags.idl\n'}
[5.786170] (px4_msgs) StdoutLine: {'line': b'-- Up-to-date: /home/pavel/ws_ros2/install/px4_msgs/share/px4_msgs/msg/FailureDetectorStatus.idl\n'}
[5.786220] (px4_msgs) StdoutLine: {'line': b'-- Up-to-date: /home/pavel/ws_ros2/install/px4_msgs/share/px4_msgs/msg/FigureEightStatus.idl\n'}
[5.786269] (px4_msgs) StdoutLine: {'line': b'-- Up-to-date: /home/pavel/ws_ros2/install/px4_msgs/share/px4_msgs/msg/FlightPhaseEstimation.idl\n'}
[5.786318] (px4_msgs) StdoutLine: {'line': b'-- Up-to-date: /home/pavel/ws_ros2/install/px4_msgs/share/px4_msgs/msg/FollowTarget.idl\n'}
[5.786371] (px4_msgs) StdoutLine: {'line': b'-- Up-to-date: /home/pavel/ws_ros2/install/px4_msgs/share/px4_msgs/msg/FollowTargetEstimator.idl\n'}
[5.786453] (px4_msgs) StdoutLine: {'line': b'-- Up-to-date: /home/pavel/ws_ros2/install/px4_msgs/share/px4_msgs/msg/FollowTargetStatus.idl\n'}
[5.786504] (px4_msgs) StdoutLine: {'line': b'-- Up-to-date: /home/pavel/ws_ros2/install/px4_msgs/share/px4_msgs/msg/FuelTankStatus.idl\n'}
[5.786553] (px4_msgs) StdoutLine: {'line': b'-- Up-to-date: /home/pavel/ws_ros2/install/px4_msgs/share/px4_msgs/msg/GeneratorStatus.idl\n'}
[5.786605] (px4_msgs) StdoutLine: {'line': b'-- Up-to-date: /home/pavel/ws_ros2/install/px4_msgs/share/px4_msgs/msg/GeofenceResult.idl\n'}
[5.786683] (px4_msgs) StdoutLine: {'line': b'-- Up-to-date: /home/pavel/ws_ros2/install/px4_msgs/share/px4_msgs/msg/GeofenceStatus.idl\n'}
[5.786744] (px4_msgs) StdoutLine: {'line': b'-- Up-to-date: /home/pavel/ws_ros2/install/px4_msgs/share/px4_msgs/msg/GimbalControls.idl\n'}
[5.786793] (px4_msgs) StdoutLine: {'line': b'-- Up-to-date: /home/pavel/ws_ros2/install/px4_msgs/share/px4_msgs/msg/GimbalDeviceAttitudeStatus.idl\n'}
[5.786842] (px4_msgs) StdoutLine: {'line': b'-- Up-to-date: /home/pavel/ws_ros2/install/px4_msgs/share/px4_msgs/msg/GimbalDeviceInformation.idl\n'}
[5.786893] (px4_msgs) StdoutLine: {'line': b'-- Up-to-date: /home/pavel/ws_ros2/install/px4_msgs/share/px4_msgs/msg/GimbalDeviceSetAttitude.idl\n'}
[5.786946] (px4_msgs) StdoutLine: {'line': b'-- Up-to-date: /home/pavel/ws_ros2/install/px4_msgs/share/px4_msgs/msg/GimbalManagerInformation.idl\n'}
[5.787001] (px4_msgs) StdoutLine: {'line': b'-- Up-to-date: /home/pavel/ws_ros2/install/px4_msgs/share/px4_msgs/msg/GimbalManagerSetAttitude.idl\n'}
[5.787055] (px4_msgs) StdoutLine: {'line': b'-- Up-to-date: /home/pavel/ws_ros2/install/px4_msgs/share/px4_msgs/msg/GimbalManagerSetManualControl.idl\n'}
[5.787109] (px4_msgs) StdoutLine: {'line': b'-- Up-to-date: /home/pavel/ws_ros2/install/px4_msgs/share/px4_msgs/msg/GimbalManagerStatus.idl\n'}
[5.787163] (px4_msgs) StdoutLine: {'line': b'-- Up-to-date: /home/pavel/ws_ros2/install/px4_msgs/share/px4_msgs/msg/GotoSetpoint.idl\n'}
[5.787218] (px4_msgs) StdoutLine: {'line': b'-- Up-to-date: /home/pavel/ws_ros2/install/px4_msgs/share/px4_msgs/msg/GpioConfig.idl\n'}
[5.787273] (px4_msgs) StdoutLine: {'line': b'-- Up-to-date: /home/pavel/ws_ros2/install/px4_msgs/share/px4_msgs/msg/GpioIn.idl\n'}
[5.787327] (px4_msgs) StdoutLine: {'line': b'-- Up-to-date: /home/pavel/ws_ros2/install/px4_msgs/share/px4_msgs/msg/GpioOut.idl\n'}
[5.787387] (px4_msgs) StdoutLine: {'line': b'-- Up-to-date: /home/pavel/ws_ros2/install/px4_msgs/share/px4_msgs/msg/GpioRequest.idl\n'}
[5.787473] (px4_msgs) StdoutLine: {'line': b'-- Up-to-date: /home/pavel/ws_ros2/install/px4_msgs/share/px4_msgs/msg/GpsDump.idl\n'}
[5.787523] (px4_msgs) StdoutLine: {'line': b'-- Up-to-date: /home/pavel/ws_ros2/install/px4_msgs/share/px4_msgs/msg/GpsInjectData.idl\n'}
[5.787573] (px4_msgs) StdoutLine: {'line': b'-- Up-to-date: /home/pavel/ws_ros2/install/px4_msgs/share/px4_msgs/msg/Gripper.idl\n'}
[5.787640] (px4_msgs) StdoutLine: {'line': b'-- Up-to-date: /home/pavel/ws_ros2/install/px4_msgs/share/px4_msgs/msg/HealthReport.idl\n'}
[5.787690] (px4_msgs) StdoutLine: {'line': b'-- Up-to-date: /home/pavel/ws_ros2/install/px4_msgs/share/px4_msgs/msg/HeaterStatus.idl\n'}
[5.787740] (px4_msgs) StdoutLine: {'line': b'-- Up-to-date: /home/pavel/ws_ros2/install/px4_msgs/share/px4_msgs/msg/HomePosition.idl\n'}
[5.787789] (px4_msgs) StdoutLine: {'line': b'-- Up-to-date: /home/pavel/ws_ros2/install/px4_msgs/share/px4_msgs/msg/HoverThrustEstimate.idl\n'}
[5.787841] (px4_msgs) StdoutLine: {'line': b'-- Up-to-date: /home/pavel/ws_ros2/install/px4_msgs/share/px4_msgs/msg/InputRc.idl\n'}
[5.787908] (px4_msgs) StdoutLine: {'line': b'-- Up-to-date: /home/pavel/ws_ros2/install/px4_msgs/share/px4_msgs/msg/InternalCombustionEngineStatus.idl\n'}
[5.787959] (px4_msgs) StdoutLine: {'line': b'-- Up-to-date: /home/pavel/ws_ros2/install/px4_msgs/share/px4_msgs/msg/IridiumsbdStatus.idl\n'}
[5.788008] (px4_msgs) StdoutLine: {'line': b'-- Up-to-date: /home/pavel/ws_ros2/install/px4_msgs/share/px4_msgs/msg/IrlockReport.idl\n'}
[5.788058] (px4_msgs) StdoutLine: {'line': b'-- Up-to-date: /home/pavel/ws_ros2/install/px4_msgs/share/px4_msgs/msg/LandingGear.idl\n'}
[5.788107] (px4_msgs) StdoutLine: {'line': b'-- Up-to-date: /home/pavel/ws_ros2/install/px4_msgs/share/px4_msgs/msg/LandingGearWheel.idl\n'}
[5.788159] (px4_msgs) StdoutLine: {'line': b'-- Up-to-date: /home/pavel/ws_ros2/install/px4_msgs/share/px4_msgs/msg/LandingTargetInnovations.idl\n'}
[5.788211] (px4_msgs) StdoutLine: {'line': b'-- Up-to-date: /home/pavel/ws_ros2/install/px4_msgs/share/px4_msgs/msg/LandingTargetPose.idl\n'}
[5.788264] (px4_msgs) StdoutLine: {'line': b'-- Up-to-date: /home/pavel/ws_ros2/install/px4_msgs/share/px4_msgs/msg/LaunchDetectionStatus.idl\n'}
[5.788320] (px4_msgs) StdoutLine: {'line': b'-- Up-to-date: /home/pavel/ws_ros2/install/px4_msgs/share/px4_msgs/msg/LedControl.idl\n'}
[5.788374] (px4_msgs) StdoutLine: {'line': b'-- Up-to-date: /home/pavel/ws_ros2/install/px4_msgs/share/px4_msgs/msg/LogMessage.idl\n'}
[5.788464] (px4_msgs) StdoutLine: {'line': b'-- Up-to-date: /home/pavel/ws_ros2/install/px4_msgs/share/px4_msgs/msg/LoggerStatus.idl\n'}
[5.788513] (px4_msgs) StdoutLine: {'line': b'-- Up-to-date: /home/pavel/ws_ros2/install/px4_msgs/share/px4_msgs/msg/MagWorkerData.idl\n'}
[5.788562] (px4_msgs) StdoutLine: {'line': b'-- Up-to-date: /home/pavel/ws_ros2/install/px4_msgs/share/px4_msgs/msg/MagnetometerBiasEstimate.idl\n'}
[5.788610] (px4_msgs) StdoutLine: {'line': b'-- Up-to-date: /home/pavel/ws_ros2/install/px4_msgs/share/px4_msgs/msg/ManualControlSetpoint.idl\n'}
[5.788659] (px4_msgs) StdoutLine: {'line': b'-- Up-to-date: /home/pavel/ws_ros2/install/px4_msgs/share/px4_msgs/msg/ManualControlSwitches.idl\n'}
[5.788708] (px4_msgs) StdoutLine: {'line': b'-- Up-to-date: /home/pavel/ws_ros2/install/px4_msgs/share/px4_msgs/msg/MavlinkLog.idl\n'}
[5.788757] (px4_msgs) StdoutLine: {'line': b'-- Up-to-date: /home/pavel/ws_ros2/install/px4_msgs/share/px4_msgs/msg/MavlinkTunnel.idl\n'}
[5.788805] (px4_msgs) StdoutLine: {'line': b'-- Up-to-date: /home/pavel/ws_ros2/install/px4_msgs/share/px4_msgs/msg/MessageFormatRequest.idl\n'}
[5.788871] (px4_msgs) StdoutLine: {'line': b'-- Up-to-date: /home/pavel/ws_ros2/install/px4_msgs/share/px4_msgs/msg/MessageFormatResponse.idl\n'}
[5.788926] (px4_msgs) StdoutLine: {'line': b'-- Up-to-date: /home/pavel/ws_ros2/install/px4_msgs/share/px4_msgs/msg/Mission.idl\n'}
[5.788976] (px4_msgs) StdoutLine: {'line': b'-- Up-to-date: /home/pavel/ws_ros2/install/px4_msgs/share/px4_msgs/msg/MissionResult.idl\n'}
[5.789025] (px4_msgs) StdoutLine: {'line': b'-- Up-to-date: /home/pavel/ws_ros2/install/px4_msgs/share/px4_msgs/msg/ModeCompleted.idl\n'}
[5.789074] (px4_msgs) StdoutLine: {'line': b'-- Up-to-date: /home/pavel/ws_ros2/install/px4_msgs/share/px4_msgs/msg/MountOrientation.idl\n'}
[5.789125] (px4_msgs) StdoutLine: {'line': b'-- Up-to-date: /home/pavel/ws_ros2/install/px4_msgs/share/px4_msgs/msg/NavigatorMissionItem.idl\n'}
[5.789188] (px4_msgs) StdoutLine: {'line': b'-- Up-to-date: /home/pavel/ws_ros2/install/px4_msgs/share/px4_msgs/msg/NormalizedUnsignedSetpoint.idl\n'}
[5.789239] (px4_msgs) StdoutLine: {'line': b'-- Up-to-date: /home/pavel/ws_ros2/install/px4_msgs/share/px4_msgs/msg/NpfgStatus.idl\n'}
[5.789310] (px4_msgs) StdoutLine: {'line': b'-- Up-to-date: /home/pavel/ws_ros2/install/px4_msgs/share/px4_msgs/msg/ObstacleDistance.idl\n'}
[5.789363] (px4_msgs) StdoutLine: {'line': b'-- Up-to-date: /home/pavel/ws_ros2/install/px4_msgs/share/px4_msgs/msg/OffboardControlMode.idl\n'}
[5.789442] (px4_msgs) StdoutLine: {'line': b'-- Up-to-date: /home/pavel/ws_ros2/install/px4_msgs/share/px4_msgs/msg/OnboardComputerStatus.idl\n'}
[5.789495] (px4_msgs) StdoutLine: {'line': b'-- Up-to-date: /home/pavel/ws_ros2/install/px4_msgs/share/px4_msgs/msg/OrbTest.idl\n'}
[5.789545] (px4_msgs) StdoutLine: {'line': b'-- Up-to-date: /home/pavel/ws_ros2/install/px4_msgs/share/px4_msgs/msg/OrbTestLarge.idl\n'}
[5.789595] (px4_msgs) StdoutLine: {'line': b'-- Up-to-date: /home/pavel/ws_ros2/install/px4_msgs/share/px4_msgs/msg/OrbTestMedium.idl\n'}
[5.789644] (px4_msgs) StdoutLine: {'line': b'-- Up-to-date: /home/pavel/ws_ros2/install/px4_msgs/share/px4_msgs/msg/OrbitStatus.idl\n'}
[5.789699] (px4_msgs) StdoutLine: {'line': b'-- Up-to-date: /home/pavel/ws_ros2/install/px4_msgs/share/px4_msgs/msg/ParameterResetRequest.idl\n'}
[5.789755] (px4_msgs) StdoutLine: {'line': b'-- Up-to-date: /home/pavel/ws_ros2/install/px4_msgs/share/px4_msgs/msg/ParameterSetUsedRequest.idl\n'}
[5.789820] (px4_msgs) StdoutLine: {'line': b'-- Up-to-date: /home/pavel/ws_ros2/install/px4_msgs/share/px4_msgs/msg/ParameterSetValueRequest.idl\n'}
[5.789870] (px4_msgs) StdoutLine: {'line': b'-- Up-to-date: /home/pavel/ws_ros2/install/px4_msgs/share/px4_msgs/msg/ParameterSetValueResponse.idl\n'}
[5.789919] (px4_msgs) StdoutLine: {'line': b'-- Up-to-date: /home/pavel/ws_ros2/install/px4_msgs/share/px4_msgs/msg/ParameterUpdate.idl\n'}
[5.789968] (px4_msgs) StdoutLine: {'line': b'-- Up-to-date: /home/pavel/ws_ros2/install/px4_msgs/share/px4_msgs/msg/Ping.idl\n'}
[5.790016] (px4_msgs) StdoutLine: {'line': b'-- Up-to-date: /home/pavel/ws_ros2/install/px4_msgs/share/px4_msgs/msg/PositionControllerLandingStatus.idl\n'}
[5.790066] (px4_msgs) StdoutLine: {'line': b'-- Up-to-date: /home/pavel/ws_ros2/install/px4_msgs/share/px4_msgs/msg/PositionControllerStatus.idl\n'}
[5.790115] (px4_msgs) StdoutLine: {'line': b'-- Up-to-date: /home/pavel/ws_ros2/install/px4_msgs/share/px4_msgs/msg/PositionSetpoint.idl\n'}
[5.790169] (px4_msgs) StdoutLine: {'line': b'-- Up-to-date: /home/pavel/ws_ros2/install/px4_msgs/share/px4_msgs/msg/PositionSetpointTriplet.idl\n'}
[5.790223] (px4_msgs) StdoutLine: {'line': b'-- Up-to-date: /home/pavel/ws_ros2/install/px4_msgs/share/px4_msgs/msg/PowerButtonState.idl\n'}
[5.790289] (px4_msgs) StdoutLine: {'line': b'-- Up-to-date: /home/pavel/ws_ros2/install/px4_msgs/share/px4_msgs/msg/PowerMonitor.idl\n'}
[5.790338] (px4_msgs) StdoutLine: {'line': b'-- Up-to-date: /home/pavel/ws_ros2/install/px4_msgs/share/px4_msgs/msg/PpsCapture.idl\n'}
[5.790391] (px4_msgs) StdoutLine: {'line': b'-- Up-to-date: /home/pavel/ws_ros2/install/px4_msgs/share/px4_msgs/msg/PwmInput.idl\n'}
[5.790447] (px4_msgs) StdoutLine: {'line': b'-- Up-to-date: /home/pavel/ws_ros2/install/px4_msgs/share/px4_msgs/msg/Px4ioStatus.idl\n'}
[5.790496] (px4_msgs) StdoutLine: {'line': b'-- Up-to-date: /home/pavel/ws_ros2/install/px4_msgs/share/px4_msgs/msg/QshellReq.idl\n'}
[5.790545] (px4_msgs) StdoutLine: {'line': b'-- Up-to-date: /home/pavel/ws_ros2/install/px4_msgs/share/px4_msgs/msg/QshellRetval.idl\n'}
[5.790597] (px4_msgs) StdoutLine: {'line': b'-- Up-to-date: /home/pavel/ws_ros2/install/px4_msgs/share/px4_msgs/msg/RadioStatus.idl\n'}
[5.790653] (px4_msgs) StdoutLine: {'line': b'-- Up-to-date: /home/pavel/ws_ros2/install/px4_msgs/share/px4_msgs/msg/RateCtrlStatus.idl\n'}
[5.790708] (px4_msgs) StdoutLine: {'line': b'-- Up-to-date: /home/pavel/ws_ros2/install/px4_msgs/share/px4_msgs/msg/RcChannels.idl\n'}
[5.790781] (px4_msgs) StdoutLine: {'line': b'-- Up-to-date: /home/pavel/ws_ros2/install/px4_msgs/share/px4_msgs/msg/RcParameterMap.idl\n'}
[5.790831] (px4_msgs) StdoutLine: {'line': b'-- Up-to-date: /home/pavel/ws_ros2/install/px4_msgs/share/px4_msgs/msg/RegisterExtComponentReply.idl\n'}
[5.790881] (px4_msgs) StdoutLine: {'line': b'-- Up-to-date: /home/pavel/ws_ros2/install/px4_msgs/share/px4_msgs/msg/RegisterExtComponentRequest.idl\n'}
[5.790931] (px4_msgs) StdoutLine: {'line': b'-- Up-to-date: /home/pavel/ws_ros2/install/px4_msgs/share/px4_msgs/msg/RoverAckermannGuidanceStatus.idl\n'}
[5.790980] (px4_msgs) StdoutLine: {'line': b'-- Up-to-date: /home/pavel/ws_ros2/install/px4_msgs/share/px4_msgs/msg/Rpm.idl\n'}
[5.791029] (px4_msgs) StdoutLine: {'line': b'-- Up-to-date: /home/pavel/ws_ros2/install/px4_msgs/share/px4_msgs/msg/RtlStatus.idl\n'}
[5.791082] (px4_msgs) StdoutLine: {'line': b'-- Up-to-date: /home/pavel/ws_ros2/install/px4_msgs/share/px4_msgs/msg/RtlTimeEstimate.idl\n'}
[5.791134] (px4_msgs) StdoutLine: {'line': b'-- Up-to-date: /home/pavel/ws_ros2/install/px4_msgs/share/px4_msgs/msg/SatelliteInfo.idl\n'}
[5.791189] (px4_msgs) StdoutLine: {'line': b'-- Up-to-date: /home/pavel/ws_ros2/install/px4_msgs/share/px4_msgs/msg/SensorAccel.idl\n'}
[5.791255] (px4_msgs) StdoutLine: {'line': b'-- Up-to-date: /home/pavel/ws_ros2/install/px4_msgs/share/px4_msgs/msg/SensorAccelFifo.idl\n'}
[5.791304] (px4_msgs) StdoutLine: {'line': b'-- Up-to-date: /home/pavel/ws_ros2/install/px4_msgs/share/px4_msgs/msg/SensorAirflow.idl\n'}
[5.791353] (px4_msgs) StdoutLine: {'line': b'-- Up-to-date: /home/pavel/ws_ros2/install/px4_msgs/share/px4_msgs/msg/SensorBaro.idl\n'}
[5.791409] (px4_msgs) StdoutLine: {'line': b'-- Up-to-date: /home/pavel/ws_ros2/install/px4_msgs/share/px4_msgs/msg/SensorCombined.idl\n'}
[5.791462] (px4_msgs) StdoutLine: {'line': b'-- Up-to-date: /home/pavel/ws_ros2/install/px4_msgs/share/px4_msgs/msg/SensorCorrection.idl\n'}
[5.791511] (px4_msgs) StdoutLine: {'line': b'-- Up-to-date: /home/pavel/ws_ros2/install/px4_msgs/share/px4_msgs/msg/SensorGnssRelative.idl\n'}
[5.791560] (px4_msgs) StdoutLine: {'line': b'-- Up-to-date: /home/pavel/ws_ros2/install/px4_msgs/share/px4_msgs/msg/SensorGps.idl\n'}
[5.791635] (px4_msgs) StdoutLine: {'line': b'-- Up-to-date: /home/pavel/ws_ros2/install/px4_msgs/share/px4_msgs/msg/SensorGyro.idl\n'}
[5.791685] (px4_msgs) StdoutLine: {'line': b'-- Up-to-date: /home/pavel/ws_ros2/install/px4_msgs/share/px4_msgs/msg/SensorGyroFft.idl\n'}
[5.791734] (px4_msgs) StdoutLine: {'line': b'-- Up-to-date: /home/pavel/ws_ros2/install/px4_msgs/share/px4_msgs/msg/SensorGyroFifo.idl\n'}
[5.791783] (px4_msgs) StdoutLine: {'line': b'-- Up-to-date: /home/pavel/ws_ros2/install/px4_msgs/share/px4_msgs/msg/SensorHygrometer.idl\n'}
[5.791833] (px4_msgs) StdoutLine: {'line': b'-- Up-to-date: /home/pavel/ws_ros2/install/px4_msgs/share/px4_msgs/msg/SensorMag.idl\n'}
[5.791884] (px4_msgs) StdoutLine: {'line': b'-- Up-to-date: /home/pavel/ws_ros2/install/px4_msgs/share/px4_msgs/msg/SensorOpticalFlow.idl\n'}
[5.791938] (px4_msgs) StdoutLine: {'line': b'-- Up-to-date: /home/pavel/ws_ros2/install/px4_msgs/share/px4_msgs/msg/SensorPreflightMag.idl\n'}
[5.791994] (px4_msgs) StdoutLine: {'line': b'-- Up-to-date: /home/pavel/ws_ros2/install/px4_msgs/share/px4_msgs/msg/SensorSelection.idl\n'}
[5.792050] (px4_msgs) StdoutLine: {'line': b'-- Up-to-date: /home/pavel/ws_ros2/install/px4_msgs/share/px4_msgs/msg/SensorUwb.idl\n'}
[5.792105] (px4_msgs) StdoutLine: {'line': b'-- Up-to-date: /home/pavel/ws_ros2/install/px4_msgs/share/px4_msgs/msg/SensorsStatus.idl\n'}
[5.792179] (px4_msgs) StdoutLine: {'line': b'-- Up-to-date: /home/pavel/ws_ros2/install/px4_msgs/share/px4_msgs/msg/SensorsStatusImu.idl\n'}
[5.792229] (px4_msgs) StdoutLine: {'line': b'-- Up-to-date: /home/pavel/ws_ros2/install/px4_msgs/share/px4_msgs/msg/SystemPower.idl\n'}
[5.792278] (px4_msgs) StdoutLine: {'line': b'-- Up-to-date: /home/pavel/ws_ros2/install/px4_msgs/share/px4_msgs/msg/TakeoffStatus.idl\n'}
[5.792333] (px4_msgs) StdoutLine: {'line': b'-- Up-to-date: /home/pavel/ws_ros2/install/px4_msgs/share/px4_msgs/msg/TaskStackInfo.idl\n'}
[5.792387] (px4_msgs) StdoutLine: {'line': b'-- Up-to-date: /home/pavel/ws_ros2/install/px4_msgs/share/px4_msgs/msg/TecsStatus.idl\n'}
[5.792458] (px4_msgs) StdoutLine: {'line': b'-- Up-to-date: /home/pavel/ws_ros2/install/px4_msgs/share/px4_msgs/msg/TelemetryStatus.idl\n'}
[5.792509] (px4_msgs) StdoutLine: {'line': b'-- Up-to-date: /home/pavel/ws_ros2/install/px4_msgs/share/px4_msgs/msg/TiltrotorExtraControls.idl\n'}
[5.792558] (px4_msgs) StdoutLine: {'line': b'-- Up-to-date: /home/pavel/ws_ros2/install/px4_msgs/share/px4_msgs/msg/TimesyncStatus.idl\n'}
[5.792607] (px4_msgs) StdoutLine: {'line': b'-- Up-to-date: /home/pavel/ws_ros2/install/px4_msgs/share/px4_msgs/msg/TrajectoryBezier.idl\n'}
[5.792655] (px4_msgs) StdoutLine: {'line': b'-- Up-to-date: /home/pavel/ws_ros2/install/px4_msgs/share/px4_msgs/msg/TrajectorySetpoint.idl\n'}
[5.792704] (px4_msgs) StdoutLine: {'line': b'-- Up-to-date: /home/pavel/ws_ros2/install/px4_msgs/share/px4_msgs/msg/TrajectoryWaypoint.idl\n'}
[5.792752] (px4_msgs) StdoutLine: {'line': b'-- Up-to-date: /home/pavel/ws_ros2/install/px4_msgs/share/px4_msgs/msg/TransponderReport.idl\n'}
[5.792801] (px4_msgs) StdoutLine: {'line': b'-- Up-to-date: /home/pavel/ws_ros2/install/px4_msgs/share/px4_msgs/msg/TuneControl.idl\n'}
[5.792854] (px4_msgs) StdoutLine: {'line': b'-- Up-to-date: /home/pavel/ws_ros2/install/px4_msgs/share/px4_msgs/msg/UavcanParameterRequest.idl\n'}
[5.792908] (px4_msgs) StdoutLine: {'line': b'-- Up-to-date: /home/pavel/ws_ros2/install/px4_msgs/share/px4_msgs/msg/UavcanParameterValue.idl\n'}
[5.792975] (px4_msgs) StdoutLine: {'line': b'-- Up-to-date: /home/pavel/ws_ros2/install/px4_msgs/share/px4_msgs/msg/UlogStream.idl\n'}
[5.793025] (px4_msgs) StdoutLine: {'line': b'-- Up-to-date: /home/pavel/ws_ros2/install/px4_msgs/share/px4_msgs/msg/UlogStreamAck.idl\n'}
[5.793074] (px4_msgs) StdoutLine: {'line': b'-- Up-to-date: /home/pavel/ws_ros2/install/px4_msgs/share/px4_msgs/msg/UnregisterExtComponent.idl\n'}
[5.793129] (px4_msgs) StdoutLine: {'line': b'-- Up-to-date: /home/pavel/ws_ros2/install/px4_msgs/share/px4_msgs/msg/VehicleAcceleration.idl\n'}
[5.793183] (px4_msgs) StdoutLine: {'line': b'-- Up-to-date: /home/pavel/ws_ros2/install/px4_msgs/share/px4_msgs/msg/VehicleAirData.idl\n'}
[5.793237] (px4_msgs) StdoutLine: {'line': b'-- Up-to-date: /home/pavel/ws_ros2/install/px4_msgs/share/px4_msgs/msg/VehicleAngularAccelerationSetpoint.idl\n'}
[5.793305] (px4_msgs) StdoutLine: {'line': b'-- Up-to-date: /home/pavel/ws_ros2/install/px4_msgs/share/px4_msgs/msg/VehicleAngularVelocity.idl\n'}
[5.793367] (px4_msgs) StdoutLine: {'line': b'-- Up-to-date: /home/pavel/ws_ros2/install/px4_msgs/share/px4_msgs/msg/VehicleAttitude.idl\n'}
[5.793427] (px4_msgs) StdoutLine: {'line': b'-- Up-to-date: /home/pavel/ws_ros2/install/px4_msgs/share/px4_msgs/msg/VehicleAttitudeSetpoint.idl\n'}
[5.793478] (px4_msgs) StdoutLine: {'line': b'-- Up-to-date: /home/pavel/ws_ros2/install/px4_msgs/share/px4_msgs/msg/VehicleCommand.idl\n'}
[5.793526] (px4_msgs) StdoutLine: {'line': b'-- Up-to-date: /home/pavel/ws_ros2/install/px4_msgs/share/px4_msgs/msg/VehicleCommandAck.idl\n'}
[5.793575] (px4_msgs) StdoutLine: {'line': b'-- Up-to-date: /home/pavel/ws_ros2/install/px4_msgs/share/px4_msgs/msg/VehicleConstraints.idl\n'}
[5.793624] (px4_msgs) StdoutLine: {'line': b'-- Up-to-date: /home/pavel/ws_ros2/install/px4_msgs/share/px4_msgs/msg/VehicleControlMode.idl\n'}
[5.793673] (px4_msgs) StdoutLine: {'line': b'-- Up-to-date: /home/pavel/ws_ros2/install/px4_msgs/share/px4_msgs/msg/VehicleGlobalPosition.idl\n'}
[5.793733] (px4_msgs) StdoutLine: {'line': b'-- Up-to-date: /home/pavel/ws_ros2/install/px4_msgs/share/px4_msgs/msg/VehicleImu.idl\n'}
[5.793783] (px4_msgs) StdoutLine: {'line': b'-- Up-to-date: /home/pavel/ws_ros2/install/px4_msgs/share/px4_msgs/msg/VehicleImuStatus.idl\n'}
[5.793832] (px4_msgs) StdoutLine: {'line': b'-- Up-to-date: /home/pavel/ws_ros2/install/px4_msgs/share/px4_msgs/msg/VehicleLandDetected.idl\n'}
[5.793887] (px4_msgs) StdoutLine: {'line': b'-- Up-to-date: /home/pavel/ws_ros2/install/px4_msgs/share/px4_msgs/msg/VehicleLocalPosition.idl\n'}
[5.793936] (px4_msgs) StdoutLine: {'line': b'-- Up-to-date: /home/pavel/ws_ros2/install/px4_msgs/share/px4_msgs/msg/VehicleLocalPositionSetpoint.idl\n'}
[5.793993] (px4_msgs) StdoutLine: {'line': b'-- Up-to-date: /home/pavel/ws_ros2/install/px4_msgs/share/px4_msgs/msg/VehicleMagnetometer.idl\n'}
[5.794042] (px4_msgs) StdoutLine: {'line': b'-- Up-to-date: /home/pavel/ws_ros2/install/px4_msgs/share/px4_msgs/msg/VehicleOdometry.idl\n'}
[5.794091] (px4_msgs) StdoutLine: {'line': b'-- Up-to-date: /home/pavel/ws_ros2/install/px4_msgs/share/px4_msgs/msg/VehicleOpticalFlow.idl\n'}
[5.794153] (px4_msgs) StdoutLine: {'line': b'-- Up-to-date: /home/pavel/ws_ros2/install/px4_msgs/share/px4_msgs/msg/VehicleOpticalFlowVel.idl\n'}
[5.794202] (px4_msgs) StdoutLine: {'line': b'-- Up-to-date: /home/pavel/ws_ros2/install/px4_msgs/share/px4_msgs/msg/VehicleRatesSetpoint.idl\n'}
[5.794252] (px4_msgs) StdoutLine: {'line': b'-- Up-to-date: /home/pavel/ws_ros2/install/px4_msgs/share/px4_msgs/msg/VehicleRoi.idl\n'}
[5.794301] (px4_msgs) StdoutLine: {'line': b'-- Up-to-date: /home/pavel/ws_ros2/install/px4_msgs/share/px4_msgs/msg/VehicleStatus.idl\n'}
[5.794350] (px4_msgs) StdoutLine: {'line': b'-- Up-to-date: /home/pavel/ws_ros2/install/px4_msgs/share/px4_msgs/msg/VehicleThrustSetpoint.idl\n'}
[5.794423] (px4_msgs) StdoutLine: {'line': b'-- Up-to-date: /home/pavel/ws_ros2/install/px4_msgs/share/px4_msgs/msg/VehicleTorqueSetpoint.idl\n'}
[5.794477] (px4_msgs) StdoutLine: {'line': b'-- Up-to-date: /home/pavel/ws_ros2/install/px4_msgs/share/px4_msgs/msg/VehicleTrajectoryBezier.idl\n'}
[5.794525] (px4_msgs) StdoutLine: {'line': b'-- Up-to-date: /home/pavel/ws_ros2/install/px4_msgs/share/px4_msgs/msg/VehicleTrajectoryWaypoint.idl\n'}
[5.794574] (px4_msgs) StdoutLine: {'line': b'-- Up-to-date: /home/pavel/ws_ros2/install/px4_msgs/share/px4_msgs/msg/VelocityLimits.idl\n'}
[5.794624] (px4_msgs) StdoutLine: {'line': b'-- Up-to-date: /home/pavel/ws_ros2/install/px4_msgs/share/px4_msgs/msg/VtolVehicleStatus.idl\n'}
[5.794679] (px4_msgs) StdoutLine: {'line': b'-- Up-to-date: /home/pavel/ws_ros2/install/px4_msgs/share/px4_msgs/msg/WheelEncoders.idl\n'}
[5.794735] (px4_msgs) StdoutLine: {'line': b'-- Up-to-date: /home/pavel/ws_ros2/install/px4_msgs/share/px4_msgs/msg/Wind.idl\n'}
[5.794790] (px4_msgs) StdoutLine: {'line': b'-- Up-to-date: /home/pavel/ws_ros2/install/px4_msgs/share/px4_msgs/msg/YawEstimatorStatus.idl\n'}
[5.794847] (px4_msgs) StdoutLine: {'line': b'-- Up-to-date: /home/pavel/ws_ros2/install/px4_msgs/share/px4_msgs/srv/VehicleCommand.idl\n'}
[5.794912] (px4_msgs) StdoutLine: {'line': b'-- Up-to-date: /home/pavel/ws_ros2/install/px4_msgs/share/px4_msgs/msg/ActionRequest.msg\n'}
[5.794966] (px4_msgs) StdoutLine: {'line': b'-- Up-to-date: /home/pavel/ws_ros2/install/px4_msgs/share/px4_msgs/msg/ActuatorArmed.msg\n'}
[5.795021] (px4_msgs) StdoutLine: {'line': b'-- Up-to-date: /home/pavel/ws_ros2/install/px4_msgs/share/px4_msgs/msg/ActuatorControlsStatus.msg\n'}
[5.795075] (px4_msgs) StdoutLine: {'line': b'-- Up-to-date: /home/pavel/ws_ros2/install/px4_msgs/share/px4_msgs/msg/ActuatorMotors.msg\n'}
[5.795131] (px4_msgs) StdoutLine: {'line': b'-- Up-to-date: /home/pavel/ws_ros2/install/px4_msgs/share/px4_msgs/msg/ActuatorOutputs.msg\n'}
[5.795197] (px4_msgs) StdoutLine: {'line': b'-- Up-to-date: /home/pavel/ws_ros2/install/px4_msgs/share/px4_msgs/msg/ActuatorServos.msg\n'}
[5.795247] (px4_msgs) StdoutLine: {'line': b'-- Up-to-date: /home/pavel/ws_ros2/install/px4_msgs/share/px4_msgs/msg/ActuatorServosTrim.msg\n'}
[5.795296] (px4_msgs) StdoutLine: {'line': b'-- Up-to-date: /home/pavel/ws_ros2/install/px4_msgs/share/px4_msgs/msg/ActuatorTest.msg\n'}
[5.795345] (px4_msgs) StdoutLine: {'line': b'-- Up-to-date: /home/pavel/ws_ros2/install/px4_msgs/share/px4_msgs/msg/AdcReport.msg\n'}
[5.795415] (px4_msgs) StdoutLine: {'line': b'-- Up-to-date: /home/pavel/ws_ros2/install/px4_msgs/share/px4_msgs/msg/Airspeed.msg\n'}
[5.795477] (px4_msgs) StdoutLine: {'line': b'-- Up-to-date: /home/pavel/ws_ros2/install/px4_msgs/share/px4_msgs/msg/AirspeedValidated.msg\n'}
[5.795531] (px4_msgs) StdoutLine: {'line': b'-- Up-to-date: /home/pavel/ws_ros2/install/px4_msgs/share/px4_msgs/msg/AirspeedWind.msg\n'}
[5.795581] (px4_msgs) StdoutLine: {'line': b'-- Up-to-date: /home/pavel/ws_ros2/install/px4_msgs/share/px4_msgs/msg/ArmingCheckReply.msg\n'}
[5.795630] (px4_msgs) StdoutLine: {'line': b'-- Up-to-date: /home/pavel/ws_ros2/install/px4_msgs/share/px4_msgs/msg/ArmingCheckRequest.msg\n'}
[5.795685] (px4_msgs) StdoutLine: {'line': b'-- Up-to-date: /home/pavel/ws_ros2/install/px4_msgs/share/px4_msgs/msg/AutotuneAttitudeControlStatus.msg\n'}
[5.795739] (px4_msgs) StdoutLine: {'line': b'-- Up-to-date: /home/pavel/ws_ros2/install/px4_msgs/share/px4_msgs/msg/BatteryStatus.msg\n'}
[5.795805] (px4_msgs) StdoutLine: {'line': b'-- Up-to-date: /home/pavel/ws_ros2/install/px4_msgs/share/px4_msgs/msg/Buffer128.msg\n'}
[5.795855] (px4_msgs) StdoutLine: {'line': b'-- Up-to-date: /home/pavel/ws_ros2/install/px4_msgs/share/px4_msgs/msg/ButtonEvent.msg\n'}
[5.795906] (px4_msgs) StdoutLine: {'line': b'-- Up-to-date: /home/pavel/ws_ros2/install/px4_msgs/share/px4_msgs/msg/CameraCapture.msg\n'}
[5.795990] (px4_msgs) StdoutLine: {'line': b'-- Up-to-date: /home/pavel/ws_ros2/install/px4_msgs/share/px4_msgs/msg/CameraStatus.msg\n'}
[5.796042] (px4_msgs) StdoutLine: {'line': b'-- Up-to-date: /home/pavel/ws_ros2/install/px4_msgs/share/px4_msgs/msg/CameraTrigger.msg\n'}
[5.796092] (px4_msgs) StdoutLine: {'line': b'-- Up-to-date: /home/pavel/ws_ros2/install/px4_msgs/share/px4_msgs/msg/CanInterfaceStatus.msg\n'}
[5.796141] (px4_msgs) StdoutLine: {'line': b'-- Up-to-date: /home/pavel/ws_ros2/install/px4_msgs/share/px4_msgs/msg/CellularStatus.msg\n'}
[5.796191] (px4_msgs) StdoutLine: {'line': b'-- Up-to-date: /home/pavel/ws_ros2/install/px4_msgs/share/px4_msgs/msg/CollisionConstraints.msg\n'}
[5.796247] (px4_msgs) StdoutLine: {'line': b'-- Up-to-date: /home/pavel/ws_ros2/install/px4_msgs/share/px4_msgs/msg/CollisionReport.msg\n'}
[5.796301] (px4_msgs) StdoutLine: {'line': b'-- Up-to-date: /home/pavel/ws_ros2/install/px4_msgs/share/px4_msgs/msg/ConfigOverrides.msg\n'}
[5.796357] (px4_msgs) StdoutLine: {'line': b'-- Up-to-date: /home/pavel/ws_ros2/install/px4_msgs/share/px4_msgs/msg/ControlAllocatorStatus.msg\n'}
[5.796436] (px4_msgs) StdoutLine: {'line': b'-- Up-to-date: /home/pavel/ws_ros2/install/px4_msgs/share/px4_msgs/msg/Cpuload.msg\n'}
[5.796498] (px4_msgs) StdoutLine: {'line': b'-- Up-to-date: /home/pavel/ws_ros2/install/px4_msgs/share/px4_msgs/msg/DatamanRequest.msg\n'}
[5.796549] (px4_msgs) StdoutLine: {'line': b'-- Up-to-date: /home/pavel/ws_ros2/install/px4_msgs/share/px4_msgs/msg/DatamanResponse.msg\n'}
[5.796598] (px4_msgs) StdoutLine: {'line': b'-- Up-to-date: /home/pavel/ws_ros2/install/px4_msgs/share/px4_msgs/msg/DebugArray.msg\n'}
[5.796657] (px4_msgs) StdoutLine: {'line': b'-- Up-to-date: /home/pavel/ws_ros2/install/px4_msgs/share/px4_msgs/msg/DebugKeyValue.msg\n'}
[5.796709] (px4_msgs) StdoutLine: {'line': b'-- Up-to-date: /home/pavel/ws_ros2/install/px4_msgs/share/px4_msgs/msg/DebugValue.msg\n'}
[5.796759] (px4_msgs) StdoutLine: {'line': b'-- Up-to-date: /home/pavel/ws_ros2/install/px4_msgs/share/px4_msgs/msg/DebugVect.msg\n'}
[5.796809] (px4_msgs) StdoutLine: {'line': b'-- Up-to-date: /home/pavel/ws_ros2/install/px4_msgs/share/px4_msgs/msg/DifferentialDriveSetpoint.msg\n'}
[5.796858] (px4_msgs) StdoutLine: {'line': b'-- Up-to-date: /home/pavel/ws_ros2/install/px4_msgs/share/px4_msgs/msg/DifferentialPressure.msg\n'}
[5.796917] (px4_msgs) StdoutLine: {'line': b'-- Up-to-date: /home/pavel/ws_ros2/install/px4_msgs/share/px4_msgs/msg/DistanceSensor.msg\n'}
[5.796969] (px4_msgs) StdoutLine: {'line': b'-- Up-to-date: /home/pavel/ws_ros2/install/px4_msgs/share/px4_msgs/msg/Ekf2Timestamps.msg\n'}
[5.797018] (px4_msgs) StdoutLine: {'line': b'-- Up-to-date: /home/pavel/ws_ros2/install/px4_msgs/share/px4_msgs/msg/EscReport.msg\n'}
[5.797068] (px4_msgs) StdoutLine: {'line': b'-- Up-to-date: /home/pavel/ws_ros2/install/px4_msgs/share/px4_msgs/msg/EscStatus.msg\n'}
[5.797122] (px4_msgs) StdoutLine: {'line': b'-- Up-to-date: /home/pavel/ws_ros2/install/px4_msgs/share/px4_msgs/msg/EstimatorAidSource1d.msg\n'}
[5.797172] (px4_msgs) StdoutLine: {'line': b'-- Up-to-date: /home/pavel/ws_ros2/install/px4_msgs/share/px4_msgs/msg/EstimatorAidSource2d.msg\n'}
[5.797227] (px4_msgs) StdoutLine: {'line': b'-- Up-to-date: /home/pavel/ws_ros2/install/px4_msgs/share/px4_msgs/msg/EstimatorAidSource3d.msg\n'}
[5.797282] (px4_msgs) StdoutLine: {'line': b'-- Up-to-date: /home/pavel/ws_ros2/install/px4_msgs/share/px4_msgs/msg/EstimatorBias.msg\n'}
[5.797337] (px4_msgs) StdoutLine: {'line': b'-- Up-to-date: /home/pavel/ws_ros2/install/px4_msgs/share/px4_msgs/msg/EstimatorBias3d.msg\n'}
[5.797449] (px4_msgs) StdoutLine: {'line': b'-- Up-to-date: /home/pavel/ws_ros2/install/px4_msgs/share/px4_msgs/msg/EstimatorEventFlags.msg\n'}
[5.797526] (px4_msgs) StdoutLine: {'line': b'-- Up-to-date: /home/pavel/ws_ros2/install/px4_msgs/share/px4_msgs/msg/EstimatorGpsStatus.msg\n'}
[5.797942] (px4_msgs) StdoutLine: {'line': b'-- Up-to-date: /home/pavel/ws_ros2/install/px4_msgs/share/px4_msgs/msg/EstimatorInnovations.msg\n'}
[5.798207] (px4_msgs) StdoutLine: {'line': b'-- Up-to-date: /home/pavel/ws_ros2/install/px4_msgs/share/px4_msgs/msg/EstimatorSelectorStatus.msg\n'}
[5.798480] (px4_msgs) StdoutLine: {'line': b'-- Up-to-date: /home/pavel/ws_ros2/install/px4_msgs/share/px4_msgs/msg/EstimatorSensorBias.msg\n'}
[5.798809] (px4_msgs) StdoutLine: {'line': b'-- Up-to-date: /home/pavel/ws_ros2/install/px4_msgs/share/px4_msgs/msg/EstimatorStates.msg\n'}
[5.799285] (px4_msgs) StdoutLine: {'line': b'-- Up-to-date: /home/pavel/ws_ros2/install/px4_msgs/share/px4_msgs/msg/EstimatorStatus.msg\n'}
[5.799724] (px4_msgs) StdoutLine: {'line': b'-- Up-to-date: /home/pavel/ws_ros2/install/px4_msgs/share/px4_msgs/msg/EstimatorStatusFlags.msg\n'}
[5.799890] (px4_msgs) StdoutLine: {'line': b'-- Up-to-date: /home/pavel/ws_ros2/install/px4_msgs/share/px4_msgs/msg/Event.msg\n'}
[5.800284] (px4_msgs) StdoutLine: {'line': b'-- Up-to-date: /home/pavel/ws_ros2/install/px4_msgs/share/px4_msgs/msg/FailsafeFlags.msg\n'}
[5.800725] (px4_msgs) StdoutLine: {'line': b'-- Up-to-date: /home/pavel/ws_ros2/install/px4_msgs/share/px4_msgs/msg/FailureDetectorStatus.msg\n'}
[5.800980] (px4_msgs) StdoutLine: {'line': b'-- Up-to-date: /home/pavel/ws_ros2/install/px4_msgs/share/px4_msgs/msg/FigureEightStatus.msg\n'}
[5.801233] (px4_msgs) StdoutLine: {'line': b'-- Up-to-date: /home/pavel/ws_ros2/install/px4_msgs/share/px4_msgs/msg/FlightPhaseEstimation.msg\n'}
[5.801552] (px4_msgs) StdoutLine: {'line': b'-- Up-to-date: /home/pavel/ws_ros2/install/px4_msgs/share/px4_msgs/msg/FollowTarget.msg\n'}
[5.801985] (px4_msgs) StdoutLine: {'line': b'-- Up-to-date: /home/pavel/ws_ros2/install/px4_msgs/share/px4_msgs/msg/FollowTargetEstimator.msg\n'}
[5.802244] (px4_msgs) StdoutLine: {'line': b'-- Up-to-date: /home/pavel/ws_ros2/install/px4_msgs/share/px4_msgs/msg/FollowTargetStatus.msg\n'}
[5.802527] (px4_msgs) StdoutLine: {'line': b'-- Up-to-date: /home/pavel/ws_ros2/install/px4_msgs/share/px4_msgs/msg/FuelTankStatus.msg\n'}
[5.802814] (px4_msgs) StdoutLine: {'line': b'-- Up-to-date: /home/pavel/ws_ros2/install/px4_msgs/share/px4_msgs/msg/GeneratorStatus.msg\n'}
[5.803195] (px4_msgs) StdoutLine: {'line': b'-- Up-to-date: /home/pavel/ws_ros2/install/px4_msgs/share/px4_msgs/msg/GeofenceResult.msg\n'}
[5.803474] (px4_msgs) StdoutLine: {'line': b'-- Up-to-date: /home/pavel/ws_ros2/install/px4_msgs/share/px4_msgs/msg/GeofenceStatus.msg\n'}
[5.803754] (px4_msgs) StdoutLine: {'line': b'-- Up-to-date: /home/pavel/ws_ros2/install/px4_msgs/share/px4_msgs/msg/GimbalControls.msg\n'}
[5.804062] (px4_msgs) StdoutLine: {'line': b'-- Up-to-date: /home/pavel/ws_ros2/install/px4_msgs/share/px4_msgs/msg/GimbalDeviceAttitudeStatus.msg\n'}
[5.804472] (px4_msgs) StdoutLine: {'line': b'-- Up-to-date: /home/pavel/ws_ros2/install/px4_msgs/share/px4_msgs/msg/GimbalDeviceInformation.msg\n'}
[5.804762] (px4_msgs) StdoutLine: {'line': b'-- Up-to-date: /home/pavel/ws_ros2/install/px4_msgs/share/px4_msgs/msg/GimbalDeviceSetAttitude.msg\n'}
[5.805016] (px4_msgs) StdoutLine: {'line': b'-- Up-to-date: /home/pavel/ws_ros2/install/px4_msgs/share/px4_msgs/msg/GimbalManagerInformation.msg\n'}
[5.805331] (px4_msgs) StdoutLine: {'line': b'-- Up-to-date: /home/pavel/ws_ros2/install/px4_msgs/share/px4_msgs/msg/GimbalManagerSetAttitude.msg\n'}
[5.805775] (px4_msgs) StdoutLine: {'line': b'-- Up-to-date: /home/pavel/ws_ros2/install/px4_msgs/share/px4_msgs/msg/GimbalManagerSetManualControl.msg\n'}
[5.806033] (px4_msgs) StdoutLine: {'line': b'-- Up-to-date: /home/pavel/ws_ros2/install/px4_msgs/share/px4_msgs/msg/GimbalManagerStatus.msg\n'}
[5.806283] (px4_msgs) StdoutLine: {'line': b'-- Up-to-date: /home/pavel/ws_ros2/install/px4_msgs/share/px4_msgs/msg/GotoSetpoint.msg\n'}
[5.806601] (px4_msgs) StdoutLine: {'line': b'-- Up-to-date: /home/pavel/ws_ros2/install/px4_msgs/share/px4_msgs/msg/GpioConfig.msg\n'}
[5.807032] (px4_msgs) StdoutLine: {'line': b'-- Up-to-date: /home/pavel/ws_ros2/install/px4_msgs/share/px4_msgs/msg/GpioIn.msg\n'}
[5.807514] (px4_msgs) StdoutLine: {'line': b'-- Up-to-date: /home/pavel/ws_ros2/install/px4_msgs/share/px4_msgs/msg/GpioOut.msg\n'}
[5.807625] (px4_msgs) StdoutLine: {'line': b'-- Up-to-date: /home/pavel/ws_ros2/install/px4_msgs/share/px4_msgs/msg/GpioRequest.msg\n'}
[5.808086] (px4_msgs) StdoutLine: {'line': b'-- Up-to-date: /home/pavel/ws_ros2/install/px4_msgs/share/px4_msgs/msg/GpsDump.msg\n'}
[5.808530] (px4_msgs) StdoutLine: {'line': b'-- Up-to-date: /home/pavel/ws_ros2/install/px4_msgs/share/px4_msgs/msg/GpsInjectData.msg\n'}
[5.808794] (px4_msgs) StdoutLine: {'line': b'-- Up-to-date: /home/pavel/ws_ros2/install/px4_msgs/share/px4_msgs/msg/Gripper.msg\n'}
[5.809042] (px4_msgs) StdoutLine: {'line': b'-- Up-to-date: /home/pavel/ws_ros2/install/px4_msgs/share/px4_msgs/msg/HealthReport.msg\n'}
[5.809360] (px4_msgs) StdoutLine: {'line': b'-- Up-to-date: /home/pavel/ws_ros2/install/px4_msgs/share/px4_msgs/msg/HeaterStatus.msg\n'}
[5.809810] (px4_msgs) StdoutLine: {'line': b'-- Up-to-date: /home/pavel/ws_ros2/install/px4_msgs/share/px4_msgs/msg/HomePosition.msg\n'}
[5.810021] (px4_msgs) StdoutLine: {'line': b'-- Up-to-date: /home/pavel/ws_ros2/install/px4_msgs/share/px4_msgs/msg/HoverThrustEstimate.msg\n'}
[5.810312] (px4_msgs) StdoutLine: {'line': b'-- Up-to-date: /home/pavel/ws_ros2/install/px4_msgs/share/px4_msgs/msg/InputRc.msg\n'}
[5.810620] (px4_msgs) StdoutLine: {'line': b'-- Up-to-date: /home/pavel/ws_ros2/install/px4_msgs/share/px4_msgs/msg/InternalCombustionEngineStatus.msg\n'}
[5.811059] (px4_msgs) StdoutLine: {'line': b'-- Up-to-date: /home/pavel/ws_ros2/install/px4_msgs/share/px4_msgs/msg/IridiumsbdStatus.msg\n'}
[5.811336] (px4_msgs) StdoutLine: {'line': b'-- Up-to-date: /home/pavel/ws_ros2/install/px4_msgs/share/px4_msgs/msg/IrlockReport.msg\n'}
[5.811581] (px4_msgs) StdoutLine: {'line': b'-- Up-to-date: /home/pavel/ws_ros2/install/px4_msgs/share/px4_msgs/msg/LandingGear.msg\n'}
[5.811900] (px4_msgs) StdoutLine: {'line': b'-- Up-to-date: /home/pavel/ws_ros2/install/px4_msgs/share/px4_msgs/msg/LandingGearWheel.msg\n'}
[5.812059] (-) TimerEvent: {}
[5.812314] (px4_msgs) StdoutLine: {'line': b'-- Up-to-date: /home/pavel/ws_ros2/install/px4_msgs/share/px4_msgs/msg/LandingTargetInnovations.msg\n'}
[5.812616] (px4_msgs) StdoutLine: {'line': b'-- Up-to-date: /home/pavel/ws_ros2/install/px4_msgs/share/px4_msgs/msg/LandingTargetPose.msg\n'}
[5.812870] (px4_msgs) StdoutLine: {'line': b'-- Up-to-date: /home/pavel/ws_ros2/install/px4_msgs/share/px4_msgs/msg/LaunchDetectionStatus.msg\n'}
[5.813181] (px4_msgs) StdoutLine: {'line': b'-- Up-to-date: /home/pavel/ws_ros2/install/px4_msgs/share/px4_msgs/msg/LedControl.msg\n'}
[5.813634] (px4_msgs) StdoutLine: {'line': b'-- Up-to-date: /home/pavel/ws_ros2/install/px4_msgs/share/px4_msgs/msg/LogMessage.msg\n'}
[5.813882] (px4_msgs) StdoutLine: {'line': b'-- Up-to-date: /home/pavel/ws_ros2/install/px4_msgs/share/px4_msgs/msg/LoggerStatus.msg\n'}
[5.814112] (px4_msgs) StdoutLine: {'line': b'-- Up-to-date: /home/pavel/ws_ros2/install/px4_msgs/share/px4_msgs/msg/MagWorkerData.msg\n'}
[5.814460] (px4_msgs) StdoutLine: {'line': b'-- Up-to-date: /home/pavel/ws_ros2/install/px4_msgs/share/px4_msgs/msg/MagnetometerBiasEstimate.msg\n'}
[5.814895] (px4_msgs) StdoutLine: {'line': b'-- Up-to-date: /home/pavel/ws_ros2/install/px4_msgs/share/px4_msgs/msg/ManualControlSetpoint.msg\n'}
[5.815156] (px4_msgs) StdoutLine: {'line': b'-- Up-to-date: /home/pavel/ws_ros2/install/px4_msgs/share/px4_msgs/msg/ManualControlSwitches.msg\n'}
[5.815411] (px4_msgs) StdoutLine: {'line': b'-- Up-to-date: /home/pavel/ws_ros2/install/px4_msgs/share/px4_msgs/msg/MavlinkLog.msg\n'}
[5.815730] (px4_msgs) StdoutLine: {'line': b'-- Up-to-date: /home/pavel/ws_ros2/install/px4_msgs/share/px4_msgs/msg/MavlinkTunnel.msg\n'}
[5.816210] (px4_msgs) StdoutLine: {'line': b'-- Up-to-date: /home/pavel/ws_ros2/install/px4_msgs/share/px4_msgs/msg/MessageFormatRequest.msg\n'}
[5.816655] (px4_msgs) StdoutLine: {'line': b'-- Up-to-date: /home/pavel/ws_ros2/install/px4_msgs/share/px4_msgs/msg/MessageFormatResponse.msg\n'}
[5.816740] (px4_msgs) StdoutLine: {'line': b'-- Up-to-date: /home/pavel/ws_ros2/install/px4_msgs/share/px4_msgs/msg/Mission.msg\n'}
[5.817226] (px4_msgs) StdoutLine: {'line': b'-- Up-to-date: /home/pavel/ws_ros2/install/px4_msgs/share/px4_msgs/msg/MissionResult.msg\n'}
[5.817669] (px4_msgs) StdoutLine: {'line': b'-- Up-to-date: /home/pavel/ws_ros2/install/px4_msgs/share/px4_msgs/msg/ModeCompleted.msg\n'}
[5.817924] (px4_msgs) StdoutLine: {'line': b'-- Up-to-date: /home/pavel/ws_ros2/install/px4_msgs/share/px4_msgs/msg/MountOrientation.msg\n'}
[5.818183] (px4_msgs) StdoutLine: {'line': b'-- Up-to-date: /home/pavel/ws_ros2/install/px4_msgs/share/px4_msgs/msg/NavigatorMissionItem.msg\n'}
[5.818505] (px4_msgs) StdoutLine: {'line': b'-- Up-to-date: /home/pavel/ws_ros2/install/px4_msgs/share/px4_msgs/msg/NormalizedUnsignedSetpoint.msg\n'}
[5.818940] (px4_msgs) StdoutLine: {'line': b'-- Up-to-date: /home/pavel/ws_ros2/install/px4_msgs/share/px4_msgs/msg/NpfgStatus.msg\n'}
[5.819199] (px4_msgs) StdoutLine: {'line': b'-- Up-to-date: /home/pavel/ws_ros2/install/px4_msgs/share/px4_msgs/msg/ObstacleDistance.msg\n'}
[5.819466] (px4_msgs) StdoutLine: {'line': b'-- Up-to-date: /home/pavel/ws_ros2/install/px4_msgs/share/px4_msgs/msg/OffboardControlMode.msg\n'}
[5.819769] (px4_msgs) StdoutLine: {'line': b'-- Up-to-date: /home/pavel/ws_ros2/install/px4_msgs/share/px4_msgs/msg/OnboardComputerStatus.msg\n'}
[5.820219] (px4_msgs) StdoutLine: {'line': b'-- Up-to-date: /home/pavel/ws_ros2/install/px4_msgs/share/px4_msgs/msg/OrbTest.msg\n'}
[5.820464] (px4_msgs) StdoutLine: {'line': b'-- Up-to-date: /home/pavel/ws_ros2/install/px4_msgs/share/px4_msgs/msg/OrbTestLarge.msg\n'}
[5.820737] (px4_msgs) StdoutLine: {'line': b'-- Up-to-date: /home/pavel/ws_ros2/install/px4_msgs/share/px4_msgs/msg/OrbTestMedium.msg\n'}
[5.821050] (px4_msgs) StdoutLine: {'line': b'-- Up-to-date: /home/pavel/ws_ros2/install/px4_msgs/share/px4_msgs/msg/OrbitStatus.msg\n'}
[5.821489] (px4_msgs) StdoutLine: {'line': b'-- Up-to-date: /home/pavel/ws_ros2/install/px4_msgs/share/px4_msgs/msg/ParameterResetRequest.msg\n'}
[5.821757] (px4_msgs) StdoutLine: {'line': b'-- Up-to-date: /home/pavel/ws_ros2/install/px4_msgs/share/px4_msgs/msg/ParameterSetUsedRequest.msg\n'}
[5.822011] (px4_msgs) StdoutLine: {'line': b'-- Up-to-date: /home/pavel/ws_ros2/install/px4_msgs/share/px4_msgs/msg/ParameterSetValueRequest.msg\n'}
[5.822325] (px4_msgs) StdoutLine: {'line': b'-- Up-to-date: /home/pavel/ws_ros2/install/px4_msgs/share/px4_msgs/msg/ParameterSetValueResponse.msg\n'}
[5.822768] (px4_msgs) StdoutLine: {'line': b'-- Up-to-date: /home/pavel/ws_ros2/install/px4_msgs/share/px4_msgs/msg/ParameterUpdate.msg\n'}
[5.823035] (px4_msgs) StdoutLine: {'line': b'-- Up-to-date: /home/pavel/ws_ros2/install/px4_msgs/share/px4_msgs/msg/Ping.msg\n'}
[5.823291] (px4_msgs) StdoutLine: {'line': b'-- Up-to-date: /home/pavel/ws_ros2/install/px4_msgs/share/px4_msgs/msg/PositionControllerLandingStatus.msg\n'}
[5.823611] (px4_msgs) StdoutLine: {'line': b'-- Up-to-date: /home/pavel/ws_ros2/install/px4_msgs/share/px4_msgs/msg/PositionControllerStatus.msg\n'}
[5.824047] (px4_msgs) StdoutLine: {'line': b'-- Up-to-date: /home/pavel/ws_ros2/install/px4_msgs/share/px4_msgs/msg/PositionSetpoint.msg\n'}
[5.824311] (px4_msgs) StdoutLine: {'line': b'-- Up-to-date: /home/pavel/ws_ros2/install/px4_msgs/share/px4_msgs/msg/PositionSetpointTriplet.msg\n'}
[5.824579] (px4_msgs) StdoutLine: {'line': b'-- Up-to-date: /home/pavel/ws_ros2/install/px4_msgs/share/px4_msgs/msg/PowerButtonState.msg\n'}
[5.824894] (px4_msgs) StdoutLine: {'line': b'-- Up-to-date: /home/pavel/ws_ros2/install/px4_msgs/share/px4_msgs/msg/PowerMonitor.msg\n'}
[5.825369] (px4_msgs) StdoutLine: {'line': b'-- Up-to-date: /home/pavel/ws_ros2/install/px4_msgs/share/px4_msgs/msg/PpsCapture.msg\n'}
[5.825814] (px4_msgs) StdoutLine: {'line': b'-- Up-to-date: /home/pavel/ws_ros2/install/px4_msgs/share/px4_msgs/msg/PwmInput.msg\n'}
[5.825927] (px4_msgs) StdoutLine: {'line': b'-- Up-to-date: /home/pavel/ws_ros2/install/px4_msgs/share/px4_msgs/msg/Px4ioStatus.msg\n'}
[5.826401] (px4_msgs) StdoutLine: {'line': b'-- Up-to-date: /home/pavel/ws_ros2/install/px4_msgs/share/px4_msgs/msg/QshellReq.msg\n'}
[5.826833] (px4_msgs) StdoutLine: {'line': b'-- Up-to-date: /home/pavel/ws_ros2/install/px4_msgs/share/px4_msgs/msg/QshellRetval.msg\n'}
[5.827090] (px4_msgs) StdoutLine: {'line': b'-- Up-to-date: /home/pavel/ws_ros2/install/px4_msgs/share/px4_msgs/msg/RadioStatus.msg\n'}
[5.827351] (px4_msgs) StdoutLine: {'line': b'-- Up-to-date: /home/pavel/ws_ros2/install/px4_msgs/share/px4_msgs/msg/RateCtrlStatus.msg\n'}
[5.827667] (px4_msgs) StdoutLine: {'line': b'-- Up-to-date: /home/pavel/ws_ros2/install/px4_msgs/share/px4_msgs/msg/RcChannels.msg\n'}
[5.828113] (px4_msgs) StdoutLine: {'line': b'-- Up-to-date: /home/pavel/ws_ros2/install/px4_msgs/share/px4_msgs/msg/RcParameterMap.msg\n'}
[5.828369] (px4_msgs) StdoutLine: {'line': b'-- Up-to-date: /home/pavel/ws_ros2/install/px4_msgs/share/px4_msgs/msg/RegisterExtComponentReply.msg\n'}
[5.828629] (px4_msgs) StdoutLine: {'line': b'-- Up-to-date: /home/pavel/ws_ros2/install/px4_msgs/share/px4_msgs/msg/RegisterExtComponentRequest.msg\n'}
[5.828954] (px4_msgs) StdoutLine: {'line': b'-- Up-to-date: /home/pavel/ws_ros2/install/px4_msgs/share/px4_msgs/msg/RoverAckermannGuidanceStatus.msg\n'}
[5.829397] (px4_msgs) StdoutLine: {'line': b'-- Up-to-date: /home/pavel/ws_ros2/install/px4_msgs/share/px4_msgs/msg/Rpm.msg\n'}
[5.829658] (px4_msgs) StdoutLine: {'line': b'-- Up-to-date: /home/pavel/ws_ros2/install/px4_msgs/share/px4_msgs/msg/RtlStatus.msg\n'}
[5.829920] (px4_msgs) StdoutLine: {'line': b'-- Up-to-date: /home/pavel/ws_ros2/install/px4_msgs/share/px4_msgs/msg/RtlTimeEstimate.msg\n'}
[5.830238] (px4_msgs) StdoutLine: {'line': b'-- Up-to-date: /home/pavel/ws_ros2/install/px4_msgs/share/px4_msgs/msg/SatelliteInfo.msg\n'}
[5.830692] (px4_msgs) StdoutLine: {'line': b'-- Up-to-date: /home/pavel/ws_ros2/install/px4_msgs/share/px4_msgs/msg/SensorAccel.msg\n'}
[5.830942] (px4_msgs) StdoutLine: {'line': b'-- Up-to-date: /home/pavel/ws_ros2/install/px4_msgs/share/px4_msgs/msg/SensorAccelFifo.msg\n'}
[5.831200] (px4_msgs) StdoutLine: {'line': b'-- Up-to-date: /home/pavel/ws_ros2/install/px4_msgs/share/px4_msgs/msg/SensorAirflow.msg\n'}
[5.831526] (px4_msgs) StdoutLine: {'line': b'-- Up-to-date: /home/pavel/ws_ros2/install/px4_msgs/share/px4_msgs/msg/SensorBaro.msg\n'}
[5.831965] (px4_msgs) StdoutLine: {'line': b'-- Up-to-date: /home/pavel/ws_ros2/install/px4_msgs/share/px4_msgs/msg/SensorCombined.msg\n'}
[5.832230] (px4_msgs) StdoutLine: {'line': b'-- Up-to-date: /home/pavel/ws_ros2/install/px4_msgs/share/px4_msgs/msg/SensorCorrection.msg\n'}
[5.832497] (px4_msgs) StdoutLine: {'line': b'-- Up-to-date: /home/pavel/ws_ros2/install/px4_msgs/share/px4_msgs/msg/SensorGnssRelative.msg\n'}
[5.832809] (px4_msgs) StdoutLine: {'line': b'-- Up-to-date: /home/pavel/ws_ros2/install/px4_msgs/share/px4_msgs/msg/SensorGps.msg\n'}
[5.833250] (px4_msgs) StdoutLine: {'line': b'-- Up-to-date: /home/pavel/ws_ros2/install/px4_msgs/share/px4_msgs/msg/SensorGyro.msg\n'}
[5.833522] (px4_msgs) StdoutLine: {'line': b'-- Up-to-date: /home/pavel/ws_ros2/install/px4_msgs/share/px4_msgs/msg/SensorGyroFft.msg\n'}
[5.833788] (px4_msgs) StdoutLine: {'line': b'-- Up-to-date: /home/pavel/ws_ros2/install/px4_msgs/share/px4_msgs/msg/SensorGyroFifo.msg\n'}
[5.834100] (px4_msgs) StdoutLine: {'line': b'-- Up-to-date: /home/pavel/ws_ros2/install/px4_msgs/share/px4_msgs/msg/SensorHygrometer.msg\n'}
[5.834588] (px4_msgs) StdoutLine: {'line': b'-- Up-to-date: /home/pavel/ws_ros2/install/px4_msgs/share/px4_msgs/msg/SensorMag.msg\n'}
[5.835025] (px4_msgs) StdoutLine: {'line': b'-- Up-to-date: /home/pavel/ws_ros2/install/px4_msgs/share/px4_msgs/msg/SensorOpticalFlow.msg\n'}
[5.835138] (px4_msgs) StdoutLine: {'line': b'-- Up-to-date: /home/pavel/ws_ros2/install/px4_msgs/share/px4_msgs/msg/SensorPreflightMag.msg\n'}
[5.835607] (px4_msgs) StdoutLine: {'line': b'-- Up-to-date: /home/pavel/ws_ros2/install/px4_msgs/share/px4_msgs/msg/SensorSelection.msg\n'}
[5.836051] (px4_msgs) StdoutLine: {'line': b'-- Up-to-date: /home/pavel/ws_ros2/install/px4_msgs/share/px4_msgs/msg/SensorUwb.msg\n'}
[5.836308] (px4_msgs) StdoutLine: {'line': b'-- Up-to-date: /home/pavel/ws_ros2/install/px4_msgs/share/px4_msgs/msg/SensorsStatus.msg\n'}
[5.836574] (px4_msgs) StdoutLine: {'line': b'-- Up-to-date: /home/pavel/ws_ros2/install/px4_msgs/share/px4_msgs/msg/SensorsStatusImu.msg\n'}
[5.836891] (px4_msgs) StdoutLine: {'line': b'-- Up-to-date: /home/pavel/ws_ros2/install/px4_msgs/share/px4_msgs/msg/SystemPower.msg\n'}
[5.837339] (px4_msgs) StdoutLine: {'line': b'-- Up-to-date: /home/pavel/ws_ros2/install/px4_msgs/share/px4_msgs/msg/TakeoffStatus.msg\n'}
[5.837604] (px4_msgs) StdoutLine: {'line': b'-- Up-to-date: /home/pavel/ws_ros2/install/px4_msgs/share/px4_msgs/msg/TaskStackInfo.msg\n'}
[5.837864] (px4_msgs) StdoutLine: {'line': b'-- Up-to-date: /home/pavel/ws_ros2/install/px4_msgs/share/px4_msgs/msg/TecsStatus.msg\n'}
[5.838182] (px4_msgs) StdoutLine: {'line': b'-- Up-to-date: /home/pavel/ws_ros2/install/px4_msgs/share/px4_msgs/msg/TelemetryStatus.msg\n'}
[5.838643] (px4_msgs) StdoutLine: {'line': b'-- Up-to-date: /home/pavel/ws_ros2/install/px4_msgs/share/px4_msgs/msg/TiltrotorExtraControls.msg\n'}
[5.838909] (px4_msgs) StdoutLine: {'line': b'-- Up-to-date: /home/pavel/ws_ros2/install/px4_msgs/share/px4_msgs/msg/TimesyncStatus.msg\n'}
[5.839166] (px4_msgs) StdoutLine: {'line': b'-- Up-to-date: /home/pavel/ws_ros2/install/px4_msgs/share/px4_msgs/msg/TrajectoryBezier.msg\n'}
[5.839512] (px4_msgs) StdoutLine: {'line': b'-- Up-to-date: /home/pavel/ws_ros2/install/px4_msgs/share/px4_msgs/msg/TrajectorySetpoint.msg\n'}
[5.839943] (px4_msgs) StdoutLine: {'line': b'-- Up-to-date: /home/pavel/ws_ros2/install/px4_msgs/share/px4_msgs/msg/TrajectoryWaypoint.msg\n'}
[5.840220] (px4_msgs) StdoutLine: {'line': b'-- Up-to-date: /home/pavel/ws_ros2/install/px4_msgs/share/px4_msgs/msg/TransponderReport.msg\n'}
[5.840496] (px4_msgs) StdoutLine: {'line': b'-- Up-to-date: /home/pavel/ws_ros2/install/px4_msgs/share/px4_msgs/msg/TuneControl.msg\n'}
[5.840816] (px4_msgs) StdoutLine: {'line': b'-- Up-to-date: /home/pavel/ws_ros2/install/px4_msgs/share/px4_msgs/msg/UavcanParameterRequest.msg\n'}
[5.841279] (px4_msgs) StdoutLine: {'line': b'-- Up-to-date: /home/pavel/ws_ros2/install/px4_msgs/share/px4_msgs/msg/UavcanParameterValue.msg\n'}
[5.841545] (px4_msgs) StdoutLine: {'line': b'-- Up-to-date: /home/pavel/ws_ros2/install/px4_msgs/share/px4_msgs/msg/UlogStream.msg\n'}
[5.841793] (px4_msgs) StdoutLine: {'line': b'-- Up-to-date: /home/pavel/ws_ros2/install/px4_msgs/share/px4_msgs/msg/UlogStreamAck.msg\n'}
[5.842116] (px4_msgs) StdoutLine: {'line': b'-- Up-to-date: /home/pavel/ws_ros2/install/px4_msgs/share/px4_msgs/msg/UnregisterExtComponent.msg\n'}
[5.842609] (px4_msgs) StdoutLine: {'line': b'-- Up-to-date: /home/pavel/ws_ros2/install/px4_msgs/share/px4_msgs/msg/VehicleAcceleration.msg\n'}
[5.843053] (px4_msgs) StdoutLine: {'line': b'-- Up-to-date: /home/pavel/ws_ros2/install/px4_msgs/share/px4_msgs/msg/VehicleAirData.msg\n'}
[5.843169] (px4_msgs) StdoutLine: {'line': b'-- Up-to-date: /home/pavel/ws_ros2/install/px4_msgs/share/px4_msgs/msg/VehicleAngularAccelerationSetpoint.msg\n'}
[5.843645] (px4_msgs) StdoutLine: {'line': b'-- Up-to-date: /home/pavel/ws_ros2/install/px4_msgs/share/px4_msgs/msg/VehicleAngularVelocity.msg\n'}
[5.844081] (px4_msgs) StdoutLine: {'line': b'-- Up-to-date: /home/pavel/ws_ros2/install/px4_msgs/share/px4_msgs/msg/VehicleAttitude.msg\n'}
[5.844354] (px4_msgs) StdoutLine: {'line': b'-- Up-to-date: /home/pavel/ws_ros2/install/px4_msgs/share/px4_msgs/msg/VehicleAttitudeSetpoint.msg\n'}
[5.844616] (px4_msgs) StdoutLine: {'line': b'-- Up-to-date: /home/pavel/ws_ros2/install/px4_msgs/share/px4_msgs/msg/VehicleCommand.msg\n'}
[5.844933] (px4_msgs) StdoutLine: {'line': b'-- Up-to-date: /home/pavel/ws_ros2/install/px4_msgs/share/px4_msgs/msg/VehicleCommandAck.msg\n'}
[5.845388] (px4_msgs) StdoutLine: {'line': b'-- Up-to-date: /home/pavel/ws_ros2/install/px4_msgs/share/px4_msgs/msg/VehicleConstraints.msg\n'}
[5.845655] (px4_msgs) StdoutLine: {'line': b'-- Up-to-date: /home/pavel/ws_ros2/install/px4_msgs/share/px4_msgs/msg/VehicleControlMode.msg\n'}
[5.845912] (px4_msgs) StdoutLine: {'line': b'-- Up-to-date: /home/pavel/ws_ros2/install/px4_msgs/share/px4_msgs/msg/VehicleGlobalPosition.msg\n'}
[5.846237] (px4_msgs) StdoutLine: {'line': b'-- Up-to-date: /home/pavel/ws_ros2/install/px4_msgs/share/px4_msgs/msg/VehicleImu.msg\n'}
[5.846685] (px4_msgs) StdoutLine: {'line': b'-- Up-to-date: /home/pavel/ws_ros2/install/px4_msgs/share/px4_msgs/msg/VehicleImuStatus.msg\n'}
[5.846948] (px4_msgs) StdoutLine: {'line': b'-- Up-to-date: /home/pavel/ws_ros2/install/px4_msgs/share/px4_msgs/msg/VehicleLandDetected.msg\n'}
[5.847206] (px4_msgs) StdoutLine: {'line': b'-- Up-to-date: /home/pavel/ws_ros2/install/px4_msgs/share/px4_msgs/msg/VehicleLocalPosition.msg\n'}
[5.847529] (px4_msgs) StdoutLine: {'line': b'-- Up-to-date: /home/pavel/ws_ros2/install/px4_msgs/share/px4_msgs/msg/VehicleLocalPositionSetpoint.msg\n'}
[5.847973] (px4_msgs) StdoutLine: {'line': b'-- Up-to-date: /home/pavel/ws_ros2/install/px4_msgs/share/px4_msgs/msg/VehicleMagnetometer.msg\n'}
[5.848241] (px4_msgs) StdoutLine: {'line': b'-- Up-to-date: /home/pavel/ws_ros2/install/px4_msgs/share/px4_msgs/msg/VehicleOdometry.msg\n'}
[5.848498] (px4_msgs) StdoutLine: {'line': b'-- Up-to-date: /home/pavel/ws_ros2/install/px4_msgs/share/px4_msgs/msg/VehicleOpticalFlow.msg\n'}
[5.848821] (px4_msgs) StdoutLine: {'line': b'-- Up-to-date: /home/pavel/ws_ros2/install/px4_msgs/share/px4_msgs/msg/VehicleOpticalFlowVel.msg\n'}
[5.849277] (px4_msgs) StdoutLine: {'line': b'-- Up-to-date: /home/pavel/ws_ros2/install/px4_msgs/share/px4_msgs/msg/VehicleRatesSetpoint.msg\n'}
[5.849541] (px4_msgs) StdoutLine: {'line': b'-- Up-to-date: /home/pavel/ws_ros2/install/px4_msgs/share/px4_msgs/msg/VehicleRoi.msg\n'}
[5.849807] (px4_msgs) StdoutLine: {'line': b'-- Up-to-date: /home/pavel/ws_ros2/install/px4_msgs/share/px4_msgs/msg/VehicleStatus.msg\n'}
[5.850119] (px4_msgs) StdoutLine: {'line': b'-- Up-to-date: /home/pavel/ws_ros2/install/px4_msgs/share/px4_msgs/msg/VehicleThrustSetpoint.msg\n'}
[5.850572] (px4_msgs) StdoutLine: {'line': b'-- Up-to-date: /home/pavel/ws_ros2/install/px4_msgs/share/px4_msgs/msg/VehicleTorqueSetpoint.msg\n'}
[5.850838] (px4_msgs) StdoutLine: {'line': b'-- Up-to-date: /home/pavel/ws_ros2/install/px4_msgs/share/px4_msgs/msg/VehicleTrajectoryBezier.msg\n'}
[5.851100] (px4_msgs) StdoutLine: {'line': b'-- Up-to-date: /home/pavel/ws_ros2/install/px4_msgs/share/px4_msgs/msg/VehicleTrajectoryWaypoint.msg\n'}
[5.851423] (px4_msgs) StdoutLine: {'line': b'-- Up-to-date: /home/pavel/ws_ros2/install/px4_msgs/share/px4_msgs/msg/VelocityLimits.msg\n'}
[5.851912] (px4_msgs) StdoutLine: {'line': b'-- Up-to-date: /home/pavel/ws_ros2/install/px4_msgs/share/px4_msgs/msg/VtolVehicleStatus.msg\n'}
[5.852355] (px4_msgs) StdoutLine: {'line': b'-- Up-to-date: /home/pavel/ws_ros2/install/px4_msgs/share/px4_msgs/msg/WheelEncoders.msg\n'}
[5.852446] (px4_msgs) StdoutLine: {'line': b'-- Up-to-date: /home/pavel/ws_ros2/install/px4_msgs/share/px4_msgs/msg/Wind.msg\n'}
[5.852946] (px4_msgs) StdoutLine: {'line': b'-- Up-to-date: /home/pavel/ws_ros2/install/px4_msgs/share/px4_msgs/msg/YawEstimatorStatus.msg\n'}
[5.853388] (px4_msgs) StdoutLine: {'line': b'-- Up-to-date: /home/pavel/ws_ros2/install/px4_msgs/share/px4_msgs/srv/VehicleCommand.srv\n'}
[5.853661] (px4_msgs) StdoutLine: {'line': b'-- Up-to-date: /home/pavel/ws_ros2/install/px4_msgs/share/px4_msgs/srv/VehicleCommand_Request.msg\n'}
[5.853927] (px4_msgs) StdoutLine: {'line': b'-- Up-to-date: /home/pavel/ws_ros2/install/px4_msgs/share/px4_msgs/srv/VehicleCommand_Response.msg\n'}
[5.854261] (px4_msgs) StdoutLine: {'line': b'-- Up-to-date: /home/pavel/ws_ros2/install/px4_msgs/share/ament_index/resource_index/package_run_dependencies/px4_msgs\n'}
[5.854704] (px4_msgs) StdoutLine: {'line': b'-- Up-to-date: /home/pavel/ws_ros2/install/px4_msgs/share/ament_index/resource_index/parent_prefix_path/px4_msgs\n'}
[5.854978] (px4_msgs) StdoutLine: {'line': b'-- Up-to-date: /home/pavel/ws_ros2/install/px4_msgs/share/px4_msgs/environment/ament_prefix_path.sh\n'}
[5.855241] (px4_msgs) StdoutLine: {'line': b'-- Up-to-date: /home/pavel/ws_ros2/install/px4_msgs/share/px4_msgs/environment/ament_prefix_path.dsv\n'}
[5.855563] (px4_msgs) StdoutLine: {'line': b'-- Up-to-date: /home/pavel/ws_ros2/install/px4_msgs/share/px4_msgs/environment/path.sh\n'}
[5.856007] (px4_msgs) StdoutLine: {'line': b'-- Up-to-date: /home/pavel/ws_ros2/install/px4_msgs/share/px4_msgs/environment/path.dsv\n'}
[5.856276] (px4_msgs) StdoutLine: {'line': b'-- Up-to-date: /home/pavel/ws_ros2/install/px4_msgs/share/px4_msgs/local_setup.bash\n'}
[5.856547] (px4_msgs) StdoutLine: {'line': b'-- Up-to-date: /home/pavel/ws_ros2/install/px4_msgs/share/px4_msgs/local_setup.sh\n'}
[5.856870] (px4_msgs) StdoutLine: {'line': b'-- Up-to-date: /home/pavel/ws_ros2/install/px4_msgs/share/px4_msgs/local_setup.zsh\n'}
[5.857317] (px4_msgs) StdoutLine: {'line': b'-- Up-to-date: /home/pavel/ws_ros2/install/px4_msgs/share/px4_msgs/local_setup.dsv\n'}
[5.857588] (px4_msgs) StdoutLine: {'line': b'-- Installing: /home/pavel/ws_ros2/install/px4_msgs/share/px4_msgs/package.dsv\n'}
[5.860690] (px4_msgs) StdoutLine: {'line': b'-- Up-to-date: /home/pavel/ws_ros2/install/px4_msgs/share/ament_index/resource_index/packages/px4_msgs\n'}
[5.861193] (px4_msgs) StdoutLine: {'line': b'-- Up-to-date: /home/pavel/ws_ros2/install/px4_msgs/share/px4_msgs/cmake/export_px4_msgs__rosidl_generator_cExport.cmake\n'}
[5.861666] (px4_msgs) StdoutLine: {'line': b'-- Up-to-date: /home/pavel/ws_ros2/install/px4_msgs/share/px4_msgs/cmake/export_px4_msgs__rosidl_generator_cExport-noconfig.cmake\n'}
[5.862151] (px4_msgs) StdoutLine: {'line': b'-- Up-to-date: /home/pavel/ws_ros2/install/px4_msgs/share/px4_msgs/cmake/export_px4_msgs__rosidl_typesupport_fastrtps_cExport.cmake\n'}
[5.862452] (px4_msgs) StdoutLine: {'line': b'-- Up-to-date: /home/pavel/ws_ros2/install/px4_msgs/share/px4_msgs/cmake/export_px4_msgs__rosidl_typesupport_fastrtps_cExport-noconfig.cmake\n'}
[5.862941] (px4_msgs) StdoutLine: {'line': b'-- Up-to-date: /home/pavel/ws_ros2/install/px4_msgs/share/px4_msgs/cmake/export_px4_msgs__rosidl_generator_cppExport.cmake\n'}
[5.863646] (px4_msgs) StdoutLine: {'line': b'-- Up-to-date: /home/pavel/ws_ros2/install/px4_msgs/share/px4_msgs/cmake/export_px4_msgs__rosidl_typesupport_fastrtps_cppExport.cmake\n'}
[5.864104] (px4_msgs) StdoutLine: {'line': b'-- Up-to-date: /home/pavel/ws_ros2/install/px4_msgs/share/px4_msgs/cmake/export_px4_msgs__rosidl_typesupport_fastrtps_cppExport-noconfig.cmake\n'}
[5.864428] (px4_msgs) StdoutLine: {'line': b'-- Up-to-date: /home/pavel/ws_ros2/install/px4_msgs/share/px4_msgs/cmake/px4_msgs__rosidl_typesupport_introspection_cExport.cmake\n'}
[5.864963] (px4_msgs) StdoutLine: {'line': b'-- Up-to-date: /home/pavel/ws_ros2/install/px4_msgs/share/px4_msgs/cmake/px4_msgs__rosidl_typesupport_introspection_cExport-noconfig.cmake\n'}
[5.865623] (px4_msgs) StdoutLine: {'line': b'-- Up-to-date: /home/pavel/ws_ros2/install/px4_msgs/share/px4_msgs/cmake/px4_msgs__rosidl_typesupport_cExport.cmake\n'}
[5.865902] (px4_msgs) StdoutLine: {'line': b'-- Up-to-date: /home/pavel/ws_ros2/install/px4_msgs/share/px4_msgs/cmake/px4_msgs__rosidl_typesupport_cExport-noconfig.cmake\n'}
[5.866357] (px4_msgs) StdoutLine: {'line': b'-- Up-to-date: /home/pavel/ws_ros2/install/px4_msgs/share/px4_msgs/cmake/px4_msgs__rosidl_typesupport_introspection_cppExport.cmake\n'}
[5.866715] (px4_msgs) StdoutLine: {'line': b'-- Up-to-date: /home/pavel/ws_ros2/install/px4_msgs/share/px4_msgs/cmake/px4_msgs__rosidl_typesupport_introspection_cppExport-noconfig.cmake\n'}
[5.867384] (px4_msgs) StdoutLine: {'line': b'-- Up-to-date: /home/pavel/ws_ros2/install/px4_msgs/share/px4_msgs/cmake/px4_msgs__rosidl_typesupport_cppExport.cmake\n'}
[5.867655] (px4_msgs) StdoutLine: {'line': b'-- Up-to-date: /home/pavel/ws_ros2/install/px4_msgs/share/px4_msgs/cmake/px4_msgs__rosidl_typesupport_cppExport-noconfig.cmake\n'}
[5.868079] (px4_msgs) StdoutLine: {'line': b'-- Up-to-date: /home/pavel/ws_ros2/install/px4_msgs/share/px4_msgs/cmake/export_px4_msgs__rosidl_generator_pyExport.cmake\n'}
[5.868436] (px4_msgs) StdoutLine: {'line': b'-- Up-to-date: /home/pavel/ws_ros2/install/px4_msgs/share/px4_msgs/cmake/export_px4_msgs__rosidl_generator_pyExport-noconfig.cmake\n'}
[5.868873] (px4_msgs) StdoutLine: {'line': b'-- Up-to-date: /home/pavel/ws_ros2/install/px4_msgs/share/px4_msgs/cmake/rosidl_cmake-extras.cmake\n'}
[5.869143] (px4_msgs) StdoutLine: {'line': b'-- Up-to-date: /home/pavel/ws_ros2/install/px4_msgs/share/px4_msgs/cmake/ament_cmake_export_dependencies-extras.cmake\n'}
[5.869417] (px4_msgs) StdoutLine: {'line': b'-- Up-to-date: /home/pavel/ws_ros2/install/px4_msgs/share/px4_msgs/cmake/ament_cmake_export_include_directories-extras.cmake\n'}
[5.869748] (px4_msgs) StdoutLine: {'line': b'-- Up-to-date: /home/pavel/ws_ros2/install/px4_msgs/share/px4_msgs/cmake/ament_cmake_export_libraries-extras.cmake\n'}
[5.870204] (px4_msgs) StdoutLine: {'line': b'-- Up-to-date: /home/pavel/ws_ros2/install/px4_msgs/share/px4_msgs/cmake/ament_cmake_export_targets-extras.cmake\n'}
[5.870466] (px4_msgs) StdoutLine: {'line': b'-- Up-to-date: /home/pavel/ws_ros2/install/px4_msgs/share/px4_msgs/cmake/rosidl_cmake_export_typesupport_targets-extras.cmake\n'}
[5.870737] (px4_msgs) StdoutLine: {'line': b'-- Up-to-date: /home/pavel/ws_ros2/install/px4_msgs/share/px4_msgs/cmake/rosidl_cmake_export_typesupport_libraries-extras.cmake\n'}
[5.871068] (px4_msgs) StdoutLine: {'line': b'-- Up-to-date: /home/pavel/ws_ros2/install/px4_msgs/share/px4_msgs/cmake/px4_msgsConfig.cmake\n'}
[5.871295] (px4_msgs) StdoutLine: {'line': b'-- Up-to-date: /home/pavel/ws_ros2/install/px4_msgs/share/px4_msgs/cmake/px4_msgsConfig-version.cmake\n'}
[5.871583] (px4_msgs) StdoutLine: {'line': b'-- Up-to-date: /home/pavel/ws_ros2/install/px4_msgs/share/px4_msgs/package.xml\n'}
[5.875317] (px4_msgs) CommandEnded: {'returncode': 0}
[5.912192] (-) TimerEvent: {}
[6.012427] (-) TimerEvent: {}
[6.112709] (-) TimerEvent: {}
[6.212951] (-) TimerEvent: {}
[6.313177] (-) TimerEvent: {}
[6.413427] (-) TimerEvent: {}
[6.513644] (-) TimerEvent: {}
[6.613894] (-) TimerEvent: {}
[6.714120] (-) TimerEvent: {}
[6.814322] (-) TimerEvent: {}
[6.914571] (-) TimerEvent: {}
[7.014762] (-) TimerEvent: {}
[7.115025] (-) TimerEvent: {}
[7.215253] (-) TimerEvent: {}
[7.315453] (-) TimerEvent: {}
[7.415735] (-) TimerEvent: {}
[7.515965] (-) TimerEvent: {}
[7.616159] (-) TimerEvent: {}
[7.716401] (-) TimerEvent: {}
[7.816612] (-) TimerEvent: {}
[7.916835] (-) TimerEvent: {}
[8.017168] (-) TimerEvent: {}
[8.117483] (-) TimerEvent: {}
[8.217696] (-) TimerEvent: {}
[8.317952] (-) TimerEvent: {}
[8.418186] (-) TimerEvent: {}
[8.518436] (-) TimerEvent: {}
[8.618662] (-) TimerEvent: {}
[8.718886] (-) TimerEvent: {}
[8.819116] (-) TimerEvent: {}
[8.919327] (-) TimerEvent: {}
[9.019561] (-) TimerEvent: {}
[9.119842] (-) TimerEvent: {}
[9.220034] (-) TimerEvent: {}
[9.320238] (-) TimerEvent: {}
[9.420445] (-) TimerEvent: {}
[9.520680] (-) TimerEvent: {}
[9.620908] (-) TimerEvent: {}
[9.721146] (-) TimerEvent: {}
[9.821368] (-) TimerEvent: {}
[9.921566] (-) TimerEvent: {}
[10.021794] (-) TimerEvent: {}
[10.122021] (-) TimerEvent: {}
[10.222251] (-) TimerEvent: {}
[10.322457] (-) TimerEvent: {}
[10.384336] (px4_msgs) JobEnded: {'identifier': 'px4_msgs', 'rc': 0}
[10.385445] (px4_ros_com) JobStarted: {'identifier': 'px4_ros_com'}
[10.391133] (px4_ros_com) JobProgress: {'identifier': 'px4_ros_com', 'progress': 'cmake'}
[10.392712] (px4_ros_com) JobProgress: {'identifier': 'px4_ros_com', 'progress': 'build'}
[10.393010] (px4_ros_com) Command: {'cmd': ['/usr/bin/cmake', '--build', '/home/pavel/ws_ros2/build/px4_ros_com', '--', '-j12', '-l12'], 'cwd': '/home/pavel/ws_ros2/build/px4_ros_com', 'env': OrderedDict([('GJS_DEBUG_TOPICS', 'JS ERROR;JS LOG'), ('LESSOPEN', '| /usr/bin/lesspipe %s'), ('USER', 'pavel'), ('LC_TIME', 'ro_RO.UTF-8'), ('XDG_SESSION_TYPE', 'wayland'), ('SHLVL', '1'), ('LD_LIBRARY_PATH', '/home/pavel/ws_ros2/install/px4_msgs/lib:/usr/lib/x86_64-linux-gnu/gazebo-11/plugins:/opt/ros/humble/opt/rviz_ogre_vendor/lib:/opt/ros/humble/lib/x86_64-linux-gnu:/opt/ros/humble/lib'), ('HOME', '/home/pavel'), ('OLDPWD', '/home/pavel'), ('DESKTOP_SESSION', 'ubuntu'), ('NVM_BIN', '/home/pavel/.nvm/versions/node/v20.13.1/bin'), ('NVM_INC', '/home/pavel/.nvm/versions/node/v20.13.1/include/node'), ('GIO_LAUNCHED_DESKTOP_FILE', '/usr/share/applications/terminator.desktop'), ('ROS_PYTHON_VERSION', '3'), ('GNOME_SHELL_SESSION_MODE', 'ubuntu'), ('GTK_MODULES', 'gail:atk-bridge'), ('LC_MONETARY', 'ro_RO.UTF-8'), ('MANAGERPID', '2046'), ('SYSTEMD_EXEC_PID', '2236'), ('DBUS_SESSION_BUS_ADDRESS', 'unix:path=/run/user/1000/bus'), ('COLORTERM', 'truecolor'), ('TERMINATOR_DBUS_NAME', 'net.tenshu.Terminator25ef4b219e3b005583550f2b0f9f990c3'), ('GIO_LAUNCHED_DESKTOP_FILE_PID', '3665'), ('NVM_DIR', '/home/pavel/.nvm'), ('IM_CONFIG_PHASE', '1'), ('WAYLAND_DISPLAY', 'wayland-0'), ('ROS_DISTRO', 'humble'), ('LOGNAME', 'pavel'), ('JOURNAL_STREAM', '8:16091'), ('_', '/usr/bin/colcon'), ('ROS_VERSION', '2'), ('XDG_SESSION_CLASS', 'user'), ('USERNAME', 'pavel'), ('TERM', 'xterm-256color'), ('GNOME_DESKTOP_SESSION_ID', 'this-is-deprecated'), ('ROS_LOCALHOST_ONLY', '0'), ('PATH', '/opt/ros/humble/bin:/home/pavel/.nvm/versions/node/v20.13.1/bin:/opt/gcc-arm-none-eabi-9-2020-q2-update/bin:/home/pavel/.local/bin:/usr/local/sbin:/usr/local/bin:/usr/sbin:/usr/bin:/sbin:/bin:/usr/games:/usr/local/games:/snap/bin:/snap/bin'), ('SESSION_MANAGER', 'local/UbuntuLapBean:@/tmp/.ICE-unix/2197,unix/UbuntuLapBean:/tmp/.ICE-unix/2197'), ('INVOCATION_ID', '0da77a88d20b41cdaa7ec17107c7f7c6'), ('XDG_MENU_PREFIX', 'gnome-'), ('LC_ADDRESS', 'ro_RO.UTF-8'), ('GNOME_SETUP_DISPLAY', ':1'), ('XDG_RUNTIME_DIR', '/run/user/1000'), ('DISPLAY', ':0'), ('TERMINATOR_DBUS_PATH', '/net/tenshu/Terminator2'), ('LANG', 'en_US.UTF-8'), ('XDG_CURRENT_DESKTOP', 'ubuntu:GNOME'), ('IBUS_DISABLE_SNOOPER', '1'), ('LC_TELEPHONE', 'ro_RO.UTF-8'), ('XMODIFIERS', '@im=ibus'), ('XDG_SESSION_DESKTOP', 'ubuntu'), ('XAUTHORITY', '/run/user/1000/.mutter-Xwaylandauth.JII8J3'), ('LS_COLORS', 'rs=0:di=01;34:ln=01;36:mh=00:pi=40;33:so=01;35:do=01;35:bd=40;33;01:cd=40;33;01:or=40;31;01:mi=00:su=37;41:sg=30;43:ca=30;41:tw=30;42:ow=34;42:st=37;44:ex=01;32:*.tar=01;31:*.tgz=01;31:*.arc=01;31:*.arj=01;31:*.taz=01;31:*.lha=01;31:*.lz4=01;31:*.lzh=01;31:*.lzma=01;31:*.tlz=01;31:*.txz=01;31:*.tzo=01;31:*.t7z=01;31:*.zip=01;31:*.z=01;31:*.dz=01;31:*.gz=01;31:*.lrz=01;31:*.lz=01;31:*.lzo=01;31:*.xz=01;31:*.zst=01;31:*.tzst=01;31:*.bz2=01;31:*.bz=01;31:*.tbz=01;31:*.tbz2=01;31:*.tz=01;31:*.deb=01;31:*.rpm=01;31:*.jar=01;31:*.war=01;31:*.ear=01;31:*.sar=01;31:*.rar=01;31:*.alz=01;31:*.ace=01;31:*.zoo=01;31:*.cpio=01;31:*.7z=01;31:*.rz=01;31:*.cab=01;31:*.wim=01;31:*.swm=01;31:*.dwm=01;31:*.esd=01;31:*.jpg=01;35:*.jpeg=01;35:*.mjpg=01;35:*.mjpeg=01;35:*.gif=01;35:*.bmp=01;35:*.pbm=01;35:*.pgm=01;35:*.ppm=01;35:*.tga=01;35:*.xbm=01;35:*.xpm=01;35:*.tif=01;35:*.tiff=01;35:*.png=01;35:*.svg=01;35:*.svgz=01;35:*.mng=01;35:*.pcx=01;35:*.mov=01;35:*.mpg=01;35:*.mpeg=01;35:*.m2v=01;35:*.mkv=01;35:*.webm=01;35:*.webp=01;35:*.ogm=01;35:*.mp4=01;35:*.m4v=01;35:*.mp4v=01;35:*.vob=01;35:*.qt=01;35:*.nuv=01;35:*.wmv=01;35:*.asf=01;35:*.rm=01;35:*.rmvb=01;35:*.flc=01;35:*.avi=01;35:*.fli=01;35:*.flv=01;35:*.gl=01;35:*.dl=01;35:*.xcf=01;35:*.xwd=01;35:*.yuv=01;35:*.cgm=01;35:*.emf=01;35:*.ogv=01;35:*.ogx=01;35:*.aac=00;36:*.au=00;36:*.flac=00;36:*.m4a=00;36:*.mid=00;36:*.midi=00;36:*.mka=00;36:*.mp3=00;36:*.mpc=00;36:*.ogg=00;36:*.ra=00;36:*.wav=00;36:*.oga=00;36:*.opus=00;36:*.spx=00;36:*.xspf=00;36:'), ('SSH_AGENT_LAUNCHER', 'gnome-keyring'), ('SSH_AUTH_SOCK', '/run/user/1000/keyring/ssh'), ('AMENT_PREFIX_PATH', '/home/pavel/ws_ros2/install/px4_msgs:/opt/ros/humble'), ('SHELL', '/bin/bash'), ('LC_NAME', 'ro_RO.UTF-8'), ('TERMINATOR_UUID', 'urn:uuid:459284c5-8dab-4ed8-bdd5-5044d91946b6'), ('QT_ACCESSIBILITY', '1'), ('GDMSESSION', 'ubuntu'), ('LESSCLOSE', '/usr/bin/lesspipe %s %s'), ('LC_MEASUREMENT', 'ro_RO.UTF-8'), ('GJS_DEBUG_OUTPUT', 'stderr'), ('LC_IDENTIFICATION', 'ro_RO.UTF-8'), ('QT_IM_MODULE', 'ibus'), ('PWD', '/home/pavel/ws_ros2/build/px4_ros_com'), ('LC_ALL', 'en_US.UTF-8'), ('XDG_CONFIG_DIRS', '/etc/xdg/xdg-ubuntu:/etc/xdg'), ('NVM_CD_FLAGS', ''), ('XDG_DATA_DIRS', '/usr/share/ubuntu:/usr/local/share/:/usr/share/:/var/lib/snapd/desktop'), ('PYTHONPATH', '/home/pavel/ws_ros2/install/px4_msgs/local/lib/python3.10/dist-packages:/opt/ros/humble/lib/python3.10/site-packages:/opt/ros/humble/local/lib/python3.10/dist-packages'), ('LC_NUMERIC', 'ro_RO.UTF-8'), ('LC_PAPER', 'ro_RO.UTF-8'), ('COLCON', '1'), ('VTE_VERSION', '6800'), ('CMAKE_PREFIX_PATH', '/home/pavel/ws_ros2/install/px4_msgs:/opt/ros/humble')]), 'shell': False}
[10.422585] (-) TimerEvent: {}
[10.456385] (px4_ros_com) StdoutLine: {'line': b'[  0%] Built target ament_cmake_python_copy_px4_ros_com\n'}
[10.459083] (px4_ros_com) StdoutLine: {'line': b'[ 16%] Built target frame_transforms\n'}
[10.459780] (px4_ros_com) StdoutLine: {'line': b'[ 50%] Built target offboard_control\n'}
[10.459991] (px4_ros_com) StdoutLine: {'line': b'[ 50%] Built target vehicle_gps_position_listener\n'}
[10.460180] (px4_ros_com) StdoutLine: {'line': b'[ 66%] Built target sensor_combined_listener\n'}
[10.460734] (px4_ros_com) StdoutLine: {'line': b'[ 83%] Built target debug_vect_advertiser\n'}
[10.462461] (px4_ros_com) StdoutLine: {'line': b'[100%] Built target offboard_control_srv\n'}
[10.522701] (-) TimerEvent: {}
[10.622935] (-) TimerEvent: {}
[10.663831] (px4_ros_com) StdoutLine: {'line': b'running egg_info\n'}
[10.681769] (px4_ros_com) StdoutLine: {'line': b'writing px4_ros_com.egg-info/PKG-INFO\n'}
[10.684835] (px4_ros_com) StdoutLine: {'line': b'writing dependency_links to px4_ros_com.egg-info/dependency_links.txt\n'}
[10.685086] (px4_ros_com) StdoutLine: {'line': b'writing top-level names to px4_ros_com.egg-info/top_level.txt\n'}
[10.723039] (-) TimerEvent: {}
[10.736538] (px4_ros_com) StdoutLine: {'line': b"reading manifest file 'px4_ros_com.egg-info/SOURCES.txt'\n"}
[10.737492] (px4_ros_com) StdoutLine: {'line': b"writing manifest file 'px4_ros_com.egg-info/SOURCES.txt'\n"}
[10.761238] (px4_ros_com) StdoutLine: {'line': b'[100%] Built target ament_cmake_python_build_px4_ros_com_egg\n'}
[10.771422] (px4_ros_com) CommandEnded: {'returncode': 0}
[10.809986] (px4_ros_com) JobProgress: {'identifier': 'px4_ros_com', 'progress': 'install'}
[10.810365] (px4_ros_com) Command: {'cmd': ['/usr/bin/cmake', '--install', '/home/pavel/ws_ros2/build/px4_ros_com'], 'cwd': '/home/pavel/ws_ros2/build/px4_ros_com', 'env': OrderedDict([('GJS_DEBUG_TOPICS', 'JS ERROR;JS LOG'), ('LESSOPEN', '| /usr/bin/lesspipe %s'), ('USER', 'pavel'), ('LC_TIME', 'ro_RO.UTF-8'), ('XDG_SESSION_TYPE', 'wayland'), ('SHLVL', '1'), ('LD_LIBRARY_PATH', '/home/pavel/ws_ros2/install/px4_msgs/lib:/usr/lib/x86_64-linux-gnu/gazebo-11/plugins:/opt/ros/humble/opt/rviz_ogre_vendor/lib:/opt/ros/humble/lib/x86_64-linux-gnu:/opt/ros/humble/lib'), ('HOME', '/home/pavel'), ('OLDPWD', '/home/pavel'), ('DESKTOP_SESSION', 'ubuntu'), ('NVM_BIN', '/home/pavel/.nvm/versions/node/v20.13.1/bin'), ('NVM_INC', '/home/pavel/.nvm/versions/node/v20.13.1/include/node'), ('GIO_LAUNCHED_DESKTOP_FILE', '/usr/share/applications/terminator.desktop'), ('ROS_PYTHON_VERSION', '3'), ('GNOME_SHELL_SESSION_MODE', 'ubuntu'), ('GTK_MODULES', 'gail:atk-bridge'), ('LC_MONETARY', 'ro_RO.UTF-8'), ('MANAGERPID', '2046'), ('SYSTEMD_EXEC_PID', '2236'), ('DBUS_SESSION_BUS_ADDRESS', 'unix:path=/run/user/1000/bus'), ('COLORTERM', 'truecolor'), ('TERMINATOR_DBUS_NAME', 'net.tenshu.Terminator25ef4b219e3b005583550f2b0f9f990c3'), ('GIO_LAUNCHED_DESKTOP_FILE_PID', '3665'), ('NVM_DIR', '/home/pavel/.nvm'), ('IM_CONFIG_PHASE', '1'), ('WAYLAND_DISPLAY', 'wayland-0'), ('ROS_DISTRO', 'humble'), ('LOGNAME', 'pavel'), ('JOURNAL_STREAM', '8:16091'), ('_', '/usr/bin/colcon'), ('ROS_VERSION', '2'), ('XDG_SESSION_CLASS', 'user'), ('USERNAME', 'pavel'), ('TERM', 'xterm-256color'), ('GNOME_DESKTOP_SESSION_ID', 'this-is-deprecated'), ('ROS_LOCALHOST_ONLY', '0'), ('PATH', '/opt/ros/humble/bin:/home/pavel/.nvm/versions/node/v20.13.1/bin:/opt/gcc-arm-none-eabi-9-2020-q2-update/bin:/home/pavel/.local/bin:/usr/local/sbin:/usr/local/bin:/usr/sbin:/usr/bin:/sbin:/bin:/usr/games:/usr/local/games:/snap/bin:/snap/bin'), ('SESSION_MANAGER', 'local/UbuntuLapBean:@/tmp/.ICE-unix/2197,unix/UbuntuLapBean:/tmp/.ICE-unix/2197'), ('INVOCATION_ID', '0da77a88d20b41cdaa7ec17107c7f7c6'), ('XDG_MENU_PREFIX', 'gnome-'), ('LC_ADDRESS', 'ro_RO.UTF-8'), ('GNOME_SETUP_DISPLAY', ':1'), ('XDG_RUNTIME_DIR', '/run/user/1000'), ('DISPLAY', ':0'), ('TERMINATOR_DBUS_PATH', '/net/tenshu/Terminator2'), ('LANG', 'en_US.UTF-8'), ('XDG_CURRENT_DESKTOP', 'ubuntu:GNOME'), ('IBUS_DISABLE_SNOOPER', '1'), ('LC_TELEPHONE', 'ro_RO.UTF-8'), ('XMODIFIERS', '@im=ibus'), ('XDG_SESSION_DESKTOP', 'ubuntu'), ('XAUTHORITY', '/run/user/1000/.mutter-Xwaylandauth.JII8J3'), ('LS_COLORS', 'rs=0:di=01;34:ln=01;36:mh=00:pi=40;33:so=01;35:do=01;35:bd=40;33;01:cd=40;33;01:or=40;31;01:mi=00:su=37;41:sg=30;43:ca=30;41:tw=30;42:ow=34;42:st=37;44:ex=01;32:*.tar=01;31:*.tgz=01;31:*.arc=01;31:*.arj=01;31:*.taz=01;31:*.lha=01;31:*.lz4=01;31:*.lzh=01;31:*.lzma=01;31:*.tlz=01;31:*.txz=01;31:*.tzo=01;31:*.t7z=01;31:*.zip=01;31:*.z=01;31:*.dz=01;31:*.gz=01;31:*.lrz=01;31:*.lz=01;31:*.lzo=01;31:*.xz=01;31:*.zst=01;31:*.tzst=01;31:*.bz2=01;31:*.bz=01;31:*.tbz=01;31:*.tbz2=01;31:*.tz=01;31:*.deb=01;31:*.rpm=01;31:*.jar=01;31:*.war=01;31:*.ear=01;31:*.sar=01;31:*.rar=01;31:*.alz=01;31:*.ace=01;31:*.zoo=01;31:*.cpio=01;31:*.7z=01;31:*.rz=01;31:*.cab=01;31:*.wim=01;31:*.swm=01;31:*.dwm=01;31:*.esd=01;31:*.jpg=01;35:*.jpeg=01;35:*.mjpg=01;35:*.mjpeg=01;35:*.gif=01;35:*.bmp=01;35:*.pbm=01;35:*.pgm=01;35:*.ppm=01;35:*.tga=01;35:*.xbm=01;35:*.xpm=01;35:*.tif=01;35:*.tiff=01;35:*.png=01;35:*.svg=01;35:*.svgz=01;35:*.mng=01;35:*.pcx=01;35:*.mov=01;35:*.mpg=01;35:*.mpeg=01;35:*.m2v=01;35:*.mkv=01;35:*.webm=01;35:*.webp=01;35:*.ogm=01;35:*.mp4=01;35:*.m4v=01;35:*.mp4v=01;35:*.vob=01;35:*.qt=01;35:*.nuv=01;35:*.wmv=01;35:*.asf=01;35:*.rm=01;35:*.rmvb=01;35:*.flc=01;35:*.avi=01;35:*.fli=01;35:*.flv=01;35:*.gl=01;35:*.dl=01;35:*.xcf=01;35:*.xwd=01;35:*.yuv=01;35:*.cgm=01;35:*.emf=01;35:*.ogv=01;35:*.ogx=01;35:*.aac=00;36:*.au=00;36:*.flac=00;36:*.m4a=00;36:*.mid=00;36:*.midi=00;36:*.mka=00;36:*.mp3=00;36:*.mpc=00;36:*.ogg=00;36:*.ra=00;36:*.wav=00;36:*.oga=00;36:*.opus=00;36:*.spx=00;36:*.xspf=00;36:'), ('SSH_AGENT_LAUNCHER', 'gnome-keyring'), ('SSH_AUTH_SOCK', '/run/user/1000/keyring/ssh'), ('AMENT_PREFIX_PATH', '/home/pavel/ws_ros2/install/px4_msgs:/opt/ros/humble'), ('SHELL', '/bin/bash'), ('LC_NAME', 'ro_RO.UTF-8'), ('TERMINATOR_UUID', 'urn:uuid:459284c5-8dab-4ed8-bdd5-5044d91946b6'), ('QT_ACCESSIBILITY', '1'), ('GDMSESSION', 'ubuntu'), ('LESSCLOSE', '/usr/bin/lesspipe %s %s'), ('LC_MEASUREMENT', 'ro_RO.UTF-8'), ('GJS_DEBUG_OUTPUT', 'stderr'), ('LC_IDENTIFICATION', 'ro_RO.UTF-8'), ('QT_IM_MODULE', 'ibus'), ('PWD', '/home/pavel/ws_ros2/build/px4_ros_com'), ('LC_ALL', 'en_US.UTF-8'), ('XDG_CONFIG_DIRS', '/etc/xdg/xdg-ubuntu:/etc/xdg'), ('NVM_CD_FLAGS', ''), ('XDG_DATA_DIRS', '/usr/share/ubuntu:/usr/local/share/:/usr/share/:/var/lib/snapd/desktop'), ('PYTHONPATH', '/home/pavel/ws_ros2/install/px4_msgs/local/lib/python3.10/dist-packages:/opt/ros/humble/lib/python3.10/site-packages:/opt/ros/humble/local/lib/python3.10/dist-packages'), ('LC_NUMERIC', 'ro_RO.UTF-8'), ('LC_PAPER', 'ro_RO.UTF-8'), ('COLCON', '1'), ('VTE_VERSION', '6800'), ('CMAKE_PREFIX_PATH', '/home/pavel/ws_ros2/install/px4_msgs:/opt/ros/humble')]), 'shell': False}
[10.818164] (px4_ros_com) StdoutLine: {'line': b'-- Install configuration: ""\n'}
[10.818347] (px4_ros_com) StdoutLine: {'line': b'-- Up-to-date: /home/pavel/ws_ros2/install/px4_ros_com/lib/px4_ros_com/sensor_combined_listener\n'}
[10.818813] (px4_ros_com) StdoutLine: {'line': b'-- Up-to-date: /home/pavel/ws_ros2/install/px4_ros_com/lib/px4_ros_com/vehicle_gps_position_listener\n'}
[10.819159] (px4_ros_com) StdoutLine: {'line': b'-- Up-to-date: /home/pavel/ws_ros2/install/px4_ros_com/lib/px4_ros_com/debug_vect_advertiser\n'}
[10.819494] (px4_ros_com) StdoutLine: {'line': b'-- Up-to-date: /home/pavel/ws_ros2/install/px4_ros_com/lib/px4_ros_com/offboard_control\n'}
[10.819892] (px4_ros_com) StdoutLine: {'line': b'-- Up-to-date: /home/pavel/ws_ros2/install/px4_ros_com/lib/px4_ros_com/offboard_control_srv\n'}
[10.820122] (px4_ros_com) StdoutLine: {'line': b'-- Up-to-date: /home/pavel/ws_ros2/install/px4_ros_com/share/px4_ros_com/environment/library_path.sh\n'}
[10.820246] (px4_ros_com) StdoutLine: {'line': b'-- Up-to-date: /home/pavel/ws_ros2/install/px4_ros_com/share/px4_ros_com/environment/library_path.dsv\n'}
[10.820308] (px4_ros_com) StdoutLine: {'line': b'-- Up-to-date: /home/pavel/ws_ros2/install/px4_ros_com/include/px4_ros_com\n'}
[10.820392] (px4_ros_com) StdoutLine: {'line': b'-- Up-to-date: /home/pavel/ws_ros2/install/px4_ros_com/include/px4_ros_com/frame_transforms.h\n'}
[10.820482] (px4_ros_com) StdoutLine: {'line': b'-- Up-to-date: /home/pavel/ws_ros2/install/px4_ros_com/lib/libframe_transforms.so\n'}
[10.820670] (px4_ros_com) StdoutLine: {'line': b'-- Up-to-date: /home/pavel/ws_ros2/install/px4_ros_com/share/px4_ros_com//launch\n'}
[10.820818] (px4_ros_com) StdoutLine: {'line': b'-- Up-to-date: /home/pavel/ws_ros2/install/px4_ros_com/share/px4_ros_com//launch/offboard_control_launch.yaml\n'}
[10.820883] (px4_ros_com) StdoutLine: {'line': b'-- Up-to-date: /home/pavel/ws_ros2/install/px4_ros_com/share/px4_ros_com//launch/sensor_combined_listener.launch.py\n'}
[10.820960] (px4_ros_com) StdoutLine: {'line': b'-- Up-to-date: /home/pavel/ws_ros2/install/px4_ros_com/share/px4_ros_com//test\n'}
[10.821017] (px4_ros_com) StdoutLine: {'line': b'-- Up-to-date: /home/pavel/ws_ros2/install/px4_ros_com/share/px4_ros_com//test/pipeline_io_test.py\n'}
[10.821073] (px4_ros_com) StdoutLine: {'line': b'-- Up-to-date: /home/pavel/ws_ros2/install/px4_ros_com/share/px4_ros_com//test/__init__.py\n'}
[10.821128] (px4_ros_com) StdoutLine: {'line': b'-- Up-to-date: /home/pavel/ws_ros2/install/px4_ros_com/share/px4_ros_com//test/test_input.py\n'}
[10.821203] (px4_ros_com) StdoutLine: {'line': b'-- Up-to-date: /home/pavel/ws_ros2/install/px4_ros_com/share/px4_ros_com//test/test_output.py\n'}
[10.821256] (px4_ros_com) StdoutLine: {'line': b'-- Up-to-date: /home/pavel/ws_ros2/install/px4_ros_com/share/px4_ros_com/environment/pythonpath.sh\n'}
[10.821321] (px4_ros_com) StdoutLine: {'line': b'-- Up-to-date: /home/pavel/ws_ros2/install/px4_ros_com/share/px4_ros_com/environment/pythonpath.dsv\n'}
[10.821381] (px4_ros_com) StdoutLine: {'line': b'-- Up-to-date: /home/pavel/ws_ros2/install/px4_ros_com/local/lib/python3.10/dist-packages/px4_ros_com-0.1.0-py3.10.egg-info\n'}
[10.821470] (px4_ros_com) StdoutLine: {'line': b'-- Installing: /home/pavel/ws_ros2/install/px4_ros_com/local/lib/python3.10/dist-packages/px4_ros_com-0.1.0-py3.10.egg-info/dependency_links.txt\n'}
[10.821538] (px4_ros_com) StdoutLine: {'line': b'-- Installing: /home/pavel/ws_ros2/install/px4_ros_com/local/lib/python3.10/dist-packages/px4_ros_com-0.1.0-py3.10.egg-info/PKG-INFO\n'}
[10.821632] (px4_ros_com) StdoutLine: {'line': b'-- Installing: /home/pavel/ws_ros2/install/px4_ros_com/local/lib/python3.10/dist-packages/px4_ros_com-0.1.0-py3.10.egg-info/top_level.txt\n'}
[10.821724] (px4_ros_com) StdoutLine: {'line': b'-- Installing: /home/pavel/ws_ros2/install/px4_ros_com/local/lib/python3.10/dist-packages/px4_ros_com-0.1.0-py3.10.egg-info/SOURCES.txt\n'}
[10.821793] (px4_ros_com) StdoutLine: {'line': b'-- Up-to-date: /home/pavel/ws_ros2/install/px4_ros_com/local/lib/python3.10/dist-packages/px4_ros_com\n'}
[10.821843] (px4_ros_com) StdoutLine: {'line': b'-- Up-to-date: /home/pavel/ws_ros2/install/px4_ros_com/local/lib/python3.10/dist-packages/px4_ros_com/__init__.py\n'}
[10.821890] (px4_ros_com) StdoutLine: {'line': b'-- Up-to-date: /home/pavel/ws_ros2/install/px4_ros_com/local/lib/python3.10/dist-packages/px4_ros_com/module_to_import.py\n'}
[10.823141] (-) TimerEvent: {}
[10.851262] (px4_ros_com) StdoutLine: {'line': b"Listing '/home/pavel/ws_ros2/install/px4_ros_com/local/lib/python3.10/dist-packages/px4_ros_com'...\n"}
[10.855573] (px4_ros_com) StdoutLine: {'line': b'-- Up-to-date: /home/pavel/ws_ros2/install/px4_ros_com/lib/px4_ros_com/LidarDetection_Avoidance.py\n'}
[10.855887] (px4_ros_com) StdoutLine: {'line': b'-- Up-to-date: /home/pavel/ws_ros2/install/px4_ros_com/lib/px4_ros_com/YOLO_person_detector.py\n'}
[10.856022] (px4_ros_com) StdoutLine: {'line': b'-- Up-to-date: /home/pavel/ws_ros2/install/px4_ros_com/lib/px4_ros_com/Cartography.py\n'}
[10.856128] (px4_ros_com) StdoutLine: {'line': b'-- Up-to-date: /home/pavel/ws_ros2/install/px4_ros_com/lib/px4_ros_com/Main.py\n'}
[10.856302] (px4_ros_com) StdoutLine: {'line': b'-- Up-to-date: /home/pavel/ws_ros2/install/px4_ros_com/share/ament_index/resource_index/package_run_dependencies/px4_ros_com\n'}
[10.856418] (px4_ros_com) StdoutLine: {'line': b'-- Up-to-date: /home/pavel/ws_ros2/install/px4_ros_com/share/ament_index/resource_index/parent_prefix_path/px4_ros_com\n'}
[10.856509] (px4_ros_com) StdoutLine: {'line': b'-- Up-to-date: /home/pavel/ws_ros2/install/px4_ros_com/share/px4_ros_com/environment/ament_prefix_path.sh\n'}
[10.856599] (px4_ros_com) StdoutLine: {'line': b'-- Up-to-date: /home/pavel/ws_ros2/install/px4_ros_com/share/px4_ros_com/environment/ament_prefix_path.dsv\n'}
[10.856705] (px4_ros_com) StdoutLine: {'line': b'-- Up-to-date: /home/pavel/ws_ros2/install/px4_ros_com/share/px4_ros_com/environment/path.sh\n'}
[10.856810] (px4_ros_com) StdoutLine: {'line': b'-- Up-to-date: /home/pavel/ws_ros2/install/px4_ros_com/share/px4_ros_com/environment/path.dsv\n'}
[10.856947] (px4_ros_com) StdoutLine: {'line': b'-- Up-to-date: /home/pavel/ws_ros2/install/px4_ros_com/share/px4_ros_com/local_setup.bash\n'}
[10.857149] (px4_ros_com) StdoutLine: {'line': b'-- Up-to-date: /home/pavel/ws_ros2/install/px4_ros_com/share/px4_ros_com/local_setup.sh\n'}
[10.857286] (px4_ros_com) StdoutLine: {'line': b'-- Up-to-date: /home/pavel/ws_ros2/install/px4_ros_com/share/px4_ros_com/local_setup.zsh\n'}
[10.857397] (px4_ros_com) StdoutLine: {'line': b'-- Up-to-date: /home/pavel/ws_ros2/install/px4_ros_com/share/px4_ros_com/local_setup.dsv\n'}
[10.857564] (px4_ros_com) StdoutLine: {'line': b'-- Installing: /home/pavel/ws_ros2/install/px4_ros_com/share/px4_ros_com/package.dsv\n'}
[10.857649] (px4_ros_com) StdoutLine: {'line': b'-- Up-to-date: /home/pavel/ws_ros2/install/px4_ros_com/share/ament_index/resource_index/packages/px4_ros_com\n'}
[10.857733] (px4_ros_com) StdoutLine: {'line': b'-- Up-to-date: /home/pavel/ws_ros2/install/px4_ros_com/share/px4_ros_com/cmake/export_frame_transformsExport.cmake\n'}
[10.857818] (px4_ros_com) StdoutLine: {'line': b'-- Up-to-date: /home/pavel/ws_ros2/install/px4_ros_com/share/px4_ros_com/cmake/export_frame_transformsExport-noconfig.cmake\n'}
[10.857902] (px4_ros_com) StdoutLine: {'line': b'-- Up-to-date: /home/pavel/ws_ros2/install/px4_ros_com/share/px4_ros_com/cmake/ament_cmake_export_dependencies-extras.cmake\n'}
[10.857987] (px4_ros_com) StdoutLine: {'line': b'-- Up-to-date: /home/pavel/ws_ros2/install/px4_ros_com/share/px4_ros_com/cmake/ament_cmake_export_targets-extras.cmake\n'}
[10.858071] (px4_ros_com) StdoutLine: {'line': b'-- Up-to-date: /home/pavel/ws_ros2/install/px4_ros_com/share/px4_ros_com/cmake/ament_cmake_export_include_directories-extras.cmake\n'}
[10.858162] (px4_ros_com) StdoutLine: {'line': b'-- Up-to-date: /home/pavel/ws_ros2/install/px4_ros_com/share/px4_ros_com/cmake/ament_cmake_export_libraries-extras.cmake\n'}
[10.858246] (px4_ros_com) StdoutLine: {'line': b'-- Up-to-date: /home/pavel/ws_ros2/install/px4_ros_com/share/px4_ros_com/cmake/px4_ros_comConfig.cmake\n'}
[10.858329] (px4_ros_com) StdoutLine: {'line': b'-- Up-to-date: /home/pavel/ws_ros2/install/px4_ros_com/share/px4_ros_com/cmake/px4_ros_comConfig-version.cmake\n'}
[10.858431] (px4_ros_com) StdoutLine: {'line': b'-- Up-to-date: /home/pavel/ws_ros2/install/px4_ros_com/share/px4_ros_com/package.xml\n'}
[10.859555] (px4_ros_com) CommandEnded: {'returncode': 0}
[10.913477] (px4_ros_com) JobEnded: {'identifier': 'px4_ros_com', 'rc': 0}
[10.914126] (-) EventReactorShutdown: {}
