[0.011s] Invoking command in '/home/pavel/ws_ros2/build/px4_msgs': CMAKE_PREFIX_PATH=/opt/ros/humble /usr/bin/cmake --build /home/pavel/ws_ros2/build/px4_msgs -- -j12 -l12
[0.774s] [  0%] Built target px4_msgs__cpp
[0.819s] [  0%] [32mBuilding C object CMakeFiles/px4_msgs__rosidl_generator_c.dir/rosidl_generator_c/px4_msgs/msg/detail/action_request__functions.c.o[0m
[0.819s] [  0%] [32mBuilding C object CMakeFiles/px4_msgs__rosidl_generator_c.dir/rosidl_generator_c/px4_msgs/msg/detail/actuator_armed__functions.c.o[0m
[0.819s] [  0%] [32mBuilding C object CMakeFiles/px4_msgs__rosidl_generator_c.dir/rosidl_generator_c/px4_msgs/msg/detail/actuator_motors__functions.c.o[0m
[0.819s] [  0%] [32mBuilding C object CMakeFiles/px4_msgs__rosidl_generator_c.dir/rosidl_generator_c/px4_msgs/msg/detail/actuator_controls_status__functions.c.o[0m
[0.819s] [  0%] [32mBuilding C object CMakeFiles/px4_msgs__rosidl_generator_c.dir/rosidl_generator_c/px4_msgs/msg/detail/actuator_servos__functions.c.o[0m
[0.820s] [  0%] [32mBuilding C object CMakeFiles/px4_msgs__rosidl_generator_c.dir/rosidl_generator_c/px4_msgs/msg/detail/actuator_servos_trim__functions.c.o[0m
[0.820s] [  0%] [32mBuilding C object CMakeFiles/px4_msgs__rosidl_generator_c.dir/rosidl_generator_c/px4_msgs/msg/detail/actuator_outputs__functions.c.o[0m
[0.822s] [  0%] [32mBuilding C object CMakeFiles/px4_msgs__rosidl_generator_c.dir/rosidl_generator_c/px4_msgs/msg/detail/actuator_test__functions.c.o[0m
[0.930s] [  0%] [32mBuilding C object CMakeFiles/px4_msgs__rosidl_generator_c.dir/rosidl_generator_c/px4_msgs/msg/detail/adc_report__functions.c.o[0m
[0.933s] [  0%] [32mBuilding C object CMakeFiles/px4_msgs__rosidl_generator_c.dir/rosidl_generator_c/px4_msgs/msg/detail/airspeed__functions.c.o[0m
[0.933s] [  0%] [32mBuilding C object CMakeFiles/px4_msgs__rosidl_generator_c.dir/rosidl_generator_c/px4_msgs/msg/detail/airspeed_validated__functions.c.o[0m
[0.933s] [  0%] [32mBuilding C object CMakeFiles/px4_msgs__rosidl_generator_c.dir/rosidl_generator_c/px4_msgs/msg/detail/arming_check_reply__functions.c.o[0m
[0.934s] [  0%] [32mBuilding C object CMakeFiles/px4_msgs__rosidl_generator_c.dir/rosidl_generator_c/px4_msgs/msg/detail/arming_check_request__functions.c.o[0m
[0.934s] [  1%] Built target ament_cmake_python_copy_px4_msgs
[0.934s] [  1%] [32mBuilding C object CMakeFiles/px4_msgs__rosidl_generator_c.dir/rosidl_generator_c/px4_msgs/msg/detail/autotune_attitude_control_status__functions.c.o[0m
[0.936s] [  1%] [32mBuilding C object CMakeFiles/px4_msgs__rosidl_generator_c.dir/rosidl_generator_c/px4_msgs/msg/detail/airspeed_wind__functions.c.o[0m
[0.936s] [  1%] [32mBuilding C object CMakeFiles/px4_msgs__rosidl_generator_c.dir/rosidl_generator_c/px4_msgs/msg/detail/battery_status__functions.c.o[0m
[0.958s] [  1%] [32mBuilding CXX object CMakeFiles/px4_msgs__rosidl_typesupport_cpp.dir/rosidl_typesupport_cpp/px4_msgs/msg/action_request__type_support.cpp.o[0m
[0.976s] [  1%] [32mBuilding CXX object CMakeFiles/px4_msgs__rosidl_typesupport_introspection_cpp.dir/rosidl_typesupport_introspection_cpp/px4_msgs/msg/detail/action_request__type_support.cpp.o[0m
[0.993s] [  1%] [32mBuilding CXX object CMakeFiles/px4_msgs__rosidl_typesupport_fastrtps_cpp.dir/rosidl_typesupport_fastrtps_cpp/px4_msgs/msg/detail/dds_fastrtps/action_request__type_support.cpp.o[0m
[1.014s] [  1%] [32mBuilding CXX object CMakeFiles/px4_msgs__rosidl_typesupport_fastrtps_cpp.dir/rosidl_typesupport_fastrtps_cpp/px4_msgs/msg/detail/dds_fastrtps/actuator_controls_status__type_support.cpp.o[0m
[1.015s] [  1%] [32mBuilding CXX object CMakeFiles/px4_msgs__rosidl_typesupport_cpp.dir/rosidl_typesupport_cpp/px4_msgs/msg/actuator_armed__type_support.cpp.o[0m
[1.019s] [  1%] [32mBuilding CXX object CMakeFiles/px4_msgs__rosidl_typesupport_fastrtps_cpp.dir/rosidl_typesupport_fastrtps_cpp/px4_msgs/msg/detail/dds_fastrtps/actuator_armed__type_support.cpp.o[0m
[1.021s] [  1%] [32mBuilding CXX object CMakeFiles/px4_msgs__rosidl_typesupport_cpp.dir/rosidl_typesupport_cpp/px4_msgs/msg/actuator_controls_status__type_support.cpp.o[0m
[1.021s] [  1%] [32mBuilding CXX object CMakeFiles/px4_msgs__rosidl_typesupport_introspection_cpp.dir/rosidl_typesupport_introspection_cpp/px4_msgs/msg/detail/actuator_armed__type_support.cpp.o[0m
[1.025s] [  1%] [32mBuilding C object CMakeFiles/px4_msgs__rosidl_generator_c.dir/rosidl_generator_c/px4_msgs/msg/detail/buffer128__functions.c.o[0m
[1.029s] [  1%] [32mBuilding C object CMakeFiles/px4_msgs__rosidl_generator_c.dir/rosidl_generator_c/px4_msgs/msg/detail/button_event__functions.c.o[0m
[1.033s] [  1%] [32mBuilding CXX object CMakeFiles/px4_msgs__rosidl_typesupport_fastrtps_cpp.dir/rosidl_typesupport_fastrtps_cpp/px4_msgs/msg/detail/dds_fastrtps/actuator_motors__type_support.cpp.o[0m
[1.128s] [  1%] [32mBuilding C object CMakeFiles/px4_msgs__rosidl_generator_c.dir/rosidl_generator_c/px4_msgs/msg/detail/camera_capture__functions.c.o[0m
[1.129s] [  1%] [32mBuilding CXX object CMakeFiles/px4_msgs__rosidl_typesupport_fastrtps_cpp.dir/rosidl_typesupport_fastrtps_cpp/px4_msgs/msg/detail/dds_fastrtps/actuator_outputs__type_support.cpp.o[0m
[1.232s] [  1%] [32mBuilding C object CMakeFiles/px4_msgs__rosidl_generator_c.dir/rosidl_generator_c/px4_msgs/msg/detail/camera_status__functions.c.o[0m
[1.313s] [  1%] [32mBuilding C object CMakeFiles/px4_msgs__rosidl_generator_c.dir/rosidl_generator_c/px4_msgs/msg/detail/camera_trigger__functions.c.o[0m
[1.393s] [  1%] [32mBuilding C object CMakeFiles/px4_msgs__rosidl_generator_c.dir/rosidl_generator_c/px4_msgs/msg/detail/can_interface_status__functions.c.o[0m
[1.436s] running egg_info
[1.478s] [  1%] [32mBuilding C object CMakeFiles/px4_msgs__rosidl_generator_c.dir/rosidl_generator_c/px4_msgs/msg/detail/cellular_status__functions.c.o[0m
[1.494s] writing px4_msgs.egg-info/PKG-INFO
[1.498s] writing dependency_links to px4_msgs.egg-info/dependency_links.txt
[1.498s] writing top-level names to px4_msgs.egg-info/top_level.txt
[1.571s] [  1%] [32mBuilding CXX object CMakeFiles/px4_msgs__rosidl_typesupport_cpp.dir/rosidl_typesupport_cpp/px4_msgs/msg/actuator_motors__type_support.cpp.o[0m
[1.574s] [  1%] [32mBuilding C object CMakeFiles/px4_msgs__rosidl_generator_c.dir/rosidl_generator_c/px4_msgs/msg/detail/collision_constraints__functions.c.o[0m
[1.578s] [  1%] [32mBuilding C object CMakeFiles/px4_msgs__rosidl_generator_c.dir/rosidl_generator_c/px4_msgs/msg/detail/collision_report__functions.c.o[0m
[1.587s] [  1%] [32mBuilding CXX object CMakeFiles/px4_msgs__rosidl_typesupport_fastrtps_cpp.dir/rosidl_typesupport_fastrtps_cpp/px4_msgs/msg/detail/dds_fastrtps/actuator_servos__type_support.cpp.o[0m
[1.663s] reading manifest file 'px4_msgs.egg-info/SOURCES.txt'
[1.678s] writing manifest file 'px4_msgs.egg-info/SOURCES.txt'
[1.692s] [  1%] [32mBuilding CXX object CMakeFiles/px4_msgs__rosidl_typesupport_fastrtps_cpp.dir/rosidl_typesupport_fastrtps_cpp/px4_msgs/msg/detail/dds_fastrtps/actuator_servos_trim__type_support.cpp.o[0m
[1.717s] [  1%] [32mBuilding C object CMakeFiles/px4_msgs__rosidl_generator_c.dir/rosidl_generator_c/px4_msgs/msg/detail/config_overrides__functions.c.o[0m
[1.746s] [  1%] Built target ament_cmake_python_build_px4_msgs_egg
[1.761s] [  1%] [32mBuilding CXX object CMakeFiles/px4_msgs__rosidl_typesupport_cpp.dir/rosidl_typesupport_cpp/px4_msgs/msg/actuator_outputs__type_support.cpp.o[0m
[1.765s] [  2%] [32mBuilding CXX object CMakeFiles/px4_msgs__rosidl_typesupport_fastrtps_cpp.dir/rosidl_typesupport_fastrtps_cpp/px4_msgs/msg/detail/dds_fastrtps/actuator_test__type_support.cpp.o[0m
[1.785s] [  2%] [32mBuilding CXX object CMakeFiles/px4_msgs__rosidl_typesupport_introspection_cpp.dir/rosidl_typesupport_introspection_cpp/px4_msgs/msg/detail/actuator_controls_status__type_support.cpp.o[0m
[1.787s] [  2%] [32mBuilding CXX object CMakeFiles/px4_msgs__rosidl_typesupport_cpp.dir/rosidl_typesupport_cpp/px4_msgs/msg/actuator_servos__type_support.cpp.o[0m
[1.791s] [  2%] [32mBuilding C object CMakeFiles/px4_msgs__rosidl_generator_c.dir/rosidl_generator_c/px4_msgs/msg/detail/control_allocator_status__functions.c.o[0m
[1.800s] [  2%] [32mBuilding CXX object CMakeFiles/px4_msgs__rosidl_typesupport_introspection_cpp.dir/rosidl_typesupport_introspection_cpp/px4_msgs/msg/detail/actuator_motors__type_support.cpp.o[0m
[1.807s] [  2%] [32mBuilding CXX object CMakeFiles/px4_msgs__rosidl_typesupport_introspection_cpp.dir/rosidl_typesupport_introspection_cpp/px4_msgs/msg/detail/actuator_outputs__type_support.cpp.o[0m
[1.808s] [  2%] [32mBuilding C object CMakeFiles/px4_msgs__rosidl_generator_c.dir/rosidl_generator_c/px4_msgs/msg/detail/cpuload__functions.c.o[0m
[1.817s] [  2%] [32mBuilding CXX object CMakeFiles/px4_msgs__rosidl_typesupport_fastrtps_cpp.dir/rosidl_typesupport_fastrtps_cpp/px4_msgs/msg/detail/dds_fastrtps/adc_report__type_support.cpp.o[0m
[1.900s] [  2%] [32mBuilding CXX object CMakeFiles/px4_msgs__rosidl_typesupport_fastrtps_cpp.dir/rosidl_typesupport_fastrtps_cpp/px4_msgs/msg/detail/dds_fastrtps/airspeed__type_support.cpp.o[0m
[1.934s] [  2%] [32mBuilding C object CMakeFiles/px4_msgs__rosidl_generator_c.dir/rosidl_generator_c/px4_msgs/msg/detail/dataman_request__functions.c.o[0m
[2.066s] [  2%] [32mBuilding C object CMakeFiles/px4_msgs__rosidl_generator_c.dir/rosidl_generator_c/px4_msgs/msg/detail/dataman_response__functions.c.o[0m
[2.095s] [  2%] [32mBuilding C object CMakeFiles/px4_msgs__rosidl_generator_c.dir/rosidl_generator_c/px4_msgs/msg/detail/debug_array__functions.c.o[0m
[2.167s] [  2%] [32mBuilding CXX object CMakeFiles/px4_msgs__rosidl_typesupport_fastrtps_cpp.dir/rosidl_typesupport_fastrtps_cpp/px4_msgs/msg/detail/dds_fastrtps/airspeed_validated__type_support.cpp.o[0m
[2.226s] [  2%] [32mBuilding C object CMakeFiles/px4_msgs__rosidl_generator_c.dir/rosidl_generator_c/px4_msgs/msg/detail/debug_key_value__functions.c.o[0m
[2.262s] [  2%] [32mBuilding CXX object CMakeFiles/px4_msgs__rosidl_typesupport_introspection_cpp.dir/rosidl_typesupport_introspection_cpp/px4_msgs/msg/detail/actuator_servos__type_support.cpp.o[0m
[2.297s] [  2%] [32mBuilding CXX object CMakeFiles/px4_msgs__rosidl_typesupport_cpp.dir/rosidl_typesupport_cpp/px4_msgs/msg/actuator_servos_trim__type_support.cpp.o[0m
[2.374s] [  3%] [32mBuilding C object CMakeFiles/px4_msgs__rosidl_generator_c.dir/rosidl_generator_c/px4_msgs/msg/detail/debug_value__functions.c.o[0m
[2.408s] [  4%] [32mBuilding CXX object CMakeFiles/px4_msgs__rosidl_typesupport_cpp.dir/rosidl_typesupport_cpp/px4_msgs/msg/actuator_test__type_support.cpp.o[0m
[2.454s] [  4%] [32mBuilding CXX object CMakeFiles/px4_msgs__rosidl_typesupport_cpp.dir/rosidl_typesupport_cpp/px4_msgs/msg/adc_report__type_support.cpp.o[0m
[2.479s] [  4%] [32mBuilding C object CMakeFiles/px4_msgs__rosidl_generator_c.dir/rosidl_generator_c/px4_msgs/msg/detail/debug_vect__functions.c.o[0m
[2.595s] [  4%] [32mBuilding C object CMakeFiles/px4_msgs__rosidl_generator_c.dir/rosidl_generator_c/px4_msgs/msg/detail/differential_drive_setpoint__functions.c.o[0m
[2.615s] [  4%] [32mBuilding CXX object CMakeFiles/px4_msgs__rosidl_typesupport_cpp.dir/rosidl_typesupport_cpp/px4_msgs/msg/airspeed__type_support.cpp.o[0m
[2.635s] [  4%] [32mBuilding CXX object CMakeFiles/px4_msgs__rosidl_typesupport_cpp.dir/rosidl_typesupport_cpp/px4_msgs/msg/airspeed_validated__type_support.cpp.o[0m
[2.643s] [  5%] [32mBuilding CXX object CMakeFiles/px4_msgs__rosidl_typesupport_introspection_cpp.dir/rosidl_typesupport_introspection_cpp/px4_msgs/msg/detail/actuator_servos_trim__type_support.cpp.o[0m
[2.679s] [  5%] [32mBuilding CXX object CMakeFiles/px4_msgs__rosidl_typesupport_cpp.dir/rosidl_typesupport_cpp/px4_msgs/msg/airspeed_wind__type_support.cpp.o[0m
[2.682s] [  5%] [32mBuilding C object CMakeFiles/px4_msgs__rosidl_generator_c.dir/rosidl_generator_c/px4_msgs/msg/detail/differential_pressure__functions.c.o[0m
[2.713s] [  5%] [32mBuilding C object CMakeFiles/px4_msgs__rosidl_generator_c.dir/rosidl_generator_c/px4_msgs/msg/detail/distance_sensor__functions.c.o[0m
[2.778s] [  5%] [32mBuilding CXX object CMakeFiles/px4_msgs__rosidl_typesupport_introspection_cpp.dir/rosidl_typesupport_introspection_cpp/px4_msgs/msg/detail/actuator_test__type_support.cpp.o[0m
[2.783s] [  5%] [32mBuilding CXX object CMakeFiles/px4_msgs__rosidl_typesupport_fastrtps_cpp.dir/rosidl_typesupport_fastrtps_cpp/px4_msgs/msg/detail/dds_fastrtps/airspeed_wind__type_support.cpp.o[0m
[2.824s] [  5%] [32mBuilding C object CMakeFiles/px4_msgs__rosidl_generator_c.dir/rosidl_generator_c/px4_msgs/msg/detail/ekf2_timestamps__functions.c.o[0m
[2.834s] [  5%] [32mBuilding CXX object CMakeFiles/px4_msgs__rosidl_typesupport_introspection_cpp.dir/rosidl_typesupport_introspection_cpp/px4_msgs/msg/detail/adc_report__type_support.cpp.o[0m
[2.968s] [  5%] [32mBuilding CXX object CMakeFiles/px4_msgs__rosidl_typesupport_cpp.dir/rosidl_typesupport_cpp/px4_msgs/msg/arming_check_reply__type_support.cpp.o[0m
[3.001s] [  5%] [32mBuilding CXX object CMakeFiles/px4_msgs__rosidl_typesupport_fastrtps_cpp.dir/rosidl_typesupport_fastrtps_cpp/px4_msgs/msg/detail/dds_fastrtps/arming_check_reply__type_support.cpp.o[0m
[3.005s] [  5%] [32mBuilding C object CMakeFiles/px4_msgs__rosidl_generator_c.dir/rosidl_generator_c/px4_msgs/msg/detail/esc_report__functions.c.o[0m
[3.070s] [  5%] [32mBuilding C object CMakeFiles/px4_msgs__rosidl_generator_c.dir/rosidl_generator_c/px4_msgs/msg/detail/esc_status__functions.c.o[0m
[3.101s] [  5%] [32mBuilding CXX object CMakeFiles/px4_msgs__rosidl_typesupport_introspection_cpp.dir/rosidl_typesupport_introspection_cpp/px4_msgs/msg/detail/airspeed__type_support.cpp.o[0m
[3.104s] [  5%] [32mBuilding C object CMakeFiles/px4_msgs__rosidl_generator_c.dir/rosidl_generator_c/px4_msgs/msg/detail/estimator_aid_source1d__functions.c.o[0m
[3.162s] [  5%] [32mBuilding CXX object CMakeFiles/px4_msgs__rosidl_typesupport_cpp.dir/rosidl_typesupport_cpp/px4_msgs/msg/arming_check_request__type_support.cpp.o[0m
[3.162s] [  5%] [32mBuilding CXX object CMakeFiles/px4_msgs__rosidl_typesupport_cpp.dir/rosidl_typesupport_cpp/px4_msgs/msg/autotune_attitude_control_status__type_support.cpp.o[0m
[3.188s] [  5%] [32mBuilding CXX object CMakeFiles/px4_msgs__rosidl_typesupport_fastrtps_cpp.dir/rosidl_typesupport_fastrtps_cpp/px4_msgs/msg/detail/dds_fastrtps/arming_check_request__type_support.cpp.o[0m
[3.210s] [  5%] [32mBuilding C object CMakeFiles/px4_msgs__rosidl_generator_c.dir/rosidl_generator_c/px4_msgs/msg/detail/estimator_aid_source2d__functions.c.o[0m
[3.219s] [  5%] [32mBuilding CXX object CMakeFiles/px4_msgs__rosidl_typesupport_fastrtps_cpp.dir/rosidl_typesupport_fastrtps_cpp/px4_msgs/msg/detail/dds_fastrtps/autotune_attitude_control_status__type_support.cpp.o[0m
[3.321s] [  5%] [32mBuilding C object CMakeFiles/px4_msgs__rosidl_generator_c.dir/rosidl_generator_c/px4_msgs/msg/detail/estimator_aid_source3d__functions.c.o[0m
[3.428s] [  5%] [32mBuilding C object CMakeFiles/px4_msgs__rosidl_generator_c.dir/rosidl_generator_c/px4_msgs/msg/detail/estimator_bias__functions.c.o[0m
[3.533s] [  5%] [32mBuilding CXX object CMakeFiles/px4_msgs__rosidl_typesupport_fastrtps_cpp.dir/rosidl_typesupport_fastrtps_cpp/px4_msgs/msg/detail/dds_fastrtps/battery_status__type_support.cpp.o[0m
[3.534s] [  5%] [32mBuilding C object CMakeFiles/px4_msgs__rosidl_generator_c.dir/rosidl_generator_c/px4_msgs/msg/detail/estimator_bias3d__functions.c.o[0m
[3.538s] [  5%] [32mBuilding CXX object CMakeFiles/px4_msgs__rosidl_typesupport_cpp.dir/rosidl_typesupport_cpp/px4_msgs/msg/battery_status__type_support.cpp.o[0m
[3.562s] [  5%] [32mBuilding CXX object CMakeFiles/px4_msgs__rosidl_typesupport_cpp.dir/rosidl_typesupport_cpp/px4_msgs/msg/buffer128__type_support.cpp.o[0m
[3.646s] [  5%] [32mBuilding C object CMakeFiles/px4_msgs__rosidl_generator_c.dir/rosidl_generator_c/px4_msgs/msg/detail/estimator_event_flags__functions.c.o[0m
[3.652s] [  5%] [32mBuilding CXX object CMakeFiles/px4_msgs__rosidl_typesupport_introspection_cpp.dir/rosidl_typesupport_introspection_cpp/px4_msgs/msg/detail/airspeed_validated__type_support.cpp.o[0m
[3.747s] [  5%] [32mBuilding CXX object CMakeFiles/px4_msgs__rosidl_typesupport_cpp.dir/rosidl_typesupport_cpp/px4_msgs/msg/button_event__type_support.cpp.o[0m
[3.750s] [  5%] [32mBuilding CXX object CMakeFiles/px4_msgs__rosidl_typesupport_introspection_cpp.dir/rosidl_typesupport_introspection_cpp/px4_msgs/msg/detail/airspeed_wind__type_support.cpp.o[0m
[3.759s] [  5%] [32mBuilding CXX object CMakeFiles/px4_msgs__rosidl_typesupport_fastrtps_cpp.dir/rosidl_typesupport_fastrtps_cpp/px4_msgs/msg/detail/dds_fastrtps/buffer128__type_support.cpp.o[0m
[3.760s] [  5%] [32mBuilding C object CMakeFiles/px4_msgs__rosidl_generator_c.dir/rosidl_generator_c/px4_msgs/msg/detail/estimator_gps_status__functions.c.o[0m
[3.866s] [  5%] [32mBuilding C object CMakeFiles/px4_msgs__rosidl_generator_c.dir/rosidl_generator_c/px4_msgs/msg/detail/estimator_innovations__functions.c.o[0m
[3.871s] [  5%] [32mBuilding CXX object CMakeFiles/px4_msgs__rosidl_typesupport_introspection_cpp.dir/rosidl_typesupport_introspection_cpp/px4_msgs/msg/detail/arming_check_reply__type_support.cpp.o[0m
[3.899s] [  5%] [32mBuilding CXX object CMakeFiles/px4_msgs__rosidl_typesupport_cpp.dir/rosidl_typesupport_cpp/px4_msgs/msg/camera_capture__type_support.cpp.o[0m
[4.004s] [  5%] [32mBuilding C object CMakeFiles/px4_msgs__rosidl_generator_c.dir/rosidl_generator_c/px4_msgs/msg/detail/estimator_selector_status__functions.c.o[0m
[4.063s] [  5%] [32mBuilding CXX object CMakeFiles/px4_msgs__rosidl_typesupport_cpp.dir/rosidl_typesupport_cpp/px4_msgs/msg/camera_status__type_support.cpp.o[0m
[4.236s] [  6%] [32mBuilding C object CMakeFiles/px4_msgs__rosidl_generator_c.dir/rosidl_generator_c/px4_msgs/msg/detail/estimator_sensor_bias__functions.c.o[0m
[4.254s] [  6%] [32mBuilding C object CMakeFiles/px4_msgs__rosidl_generator_c.dir/rosidl_generator_c/px4_msgs/msg/detail/estimator_states__functions.c.o[0m
[4.303s] [  6%] [32mBuilding CXX object CMakeFiles/px4_msgs__rosidl_typesupport_introspection_cpp.dir/rosidl_typesupport_introspection_cpp/px4_msgs/msg/detail/arming_check_request__type_support.cpp.o[0m
[4.314s] [  6%] [32mBuilding C object CMakeFiles/px4_msgs__rosidl_generator_c.dir/rosidl_generator_c/px4_msgs/msg/detail/estimator_status__functions.c.o[0m
[4.379s] [  6%] [32mBuilding C object CMakeFiles/px4_msgs__rosidl_generator_c.dir/rosidl_generator_c/px4_msgs/msg/detail/estimator_status_flags__functions.c.o[0m
[4.385s] [  6%] [32mBuilding CXX object CMakeFiles/px4_msgs__rosidl_typesupport_cpp.dir/rosidl_typesupport_cpp/px4_msgs/msg/camera_trigger__type_support.cpp.o[0m
[4.446s] [  6%] [32mBuilding CXX object CMakeFiles/px4_msgs__rosidl_typesupport_introspection_cpp.dir/rosidl_typesupport_introspection_cpp/px4_msgs/msg/detail/autotune_attitude_control_status__type_support.cpp.o[0m
[4.491s] [  6%] [32mBuilding CXX object CMakeFiles/px4_msgs__rosidl_typesupport_introspection_cpp.dir/rosidl_typesupport_introspection_cpp/px4_msgs/msg/detail/battery_status__type_support.cpp.o[0m
[4.502s] [  6%] [32mBuilding C object CMakeFiles/px4_msgs__rosidl_generator_c.dir/rosidl_generator_c/px4_msgs/msg/detail/event__functions.c.o[0m
[4.601s] [  6%] [32mBuilding C object CMakeFiles/px4_msgs__rosidl_generator_c.dir/rosidl_generator_c/px4_msgs/msg/detail/failsafe_flags__functions.c.o[0m
[4.632s] [  6%] [32mBuilding C object CMakeFiles/px4_msgs__rosidl_generator_c.dir/rosidl_generator_c/px4_msgs/msg/detail/failure_detector_status__functions.c.o[0m
[4.659s] [  6%] [32mBuilding CXX object CMakeFiles/px4_msgs__rosidl_typesupport_cpp.dir/rosidl_typesupport_cpp/px4_msgs/msg/can_interface_status__type_support.cpp.o[0m
[4.682s] [  6%] [32mBuilding CXX object CMakeFiles/px4_msgs__rosidl_typesupport_fastrtps_cpp.dir/rosidl_typesupport_fastrtps_cpp/px4_msgs/msg/detail/dds_fastrtps/button_event__type_support.cpp.o[0m
[4.726s] [  6%] [32mBuilding CXX object CMakeFiles/px4_msgs__rosidl_typesupport_cpp.dir/rosidl_typesupport_cpp/px4_msgs/msg/cellular_status__type_support.cpp.o[0m
[4.732s] [  6%] [32mBuilding C object CMakeFiles/px4_msgs__rosidl_generator_c.dir/rosidl_generator_c/px4_msgs/msg/detail/figure_eight_status__functions.c.o[0m
[4.746s] [  6%] [32mBuilding CXX object CMakeFiles/px4_msgs__rosidl_typesupport_fastrtps_cpp.dir/rosidl_typesupport_fastrtps_cpp/px4_msgs/msg/detail/dds_fastrtps/camera_capture__type_support.cpp.o[0m
[4.798s] [  6%] [32mBuilding C object CMakeFiles/px4_msgs__rosidl_generator_c.dir/rosidl_generator_c/px4_msgs/msg/detail/flight_phase_estimation__functions.c.o[0m
[4.826s] [  6%] [32mBuilding CXX object CMakeFiles/px4_msgs__rosidl_typesupport_fastrtps_cpp.dir/rosidl_typesupport_fastrtps_cpp/px4_msgs/msg/detail/dds_fastrtps/camera_status__type_support.cpp.o[0m
[4.850s] [  6%] [32mBuilding CXX object CMakeFiles/px4_msgs__rosidl_typesupport_cpp.dir/rosidl_typesupport_cpp/px4_msgs/msg/collision_constraints__type_support.cpp.o[0m
[4.898s] [  6%] [32mBuilding C object CMakeFiles/px4_msgs__rosidl_generator_c.dir/rosidl_generator_c/px4_msgs/msg/detail/follow_target__functions.c.o[0m
[4.920s] [  7%] [32mBuilding CXX object CMakeFiles/px4_msgs__rosidl_typesupport_cpp.dir/rosidl_typesupport_cpp/px4_msgs/msg/collision_report__type_support.cpp.o[0m
[4.970s] [  7%] [32mBuilding C object CMakeFiles/px4_msgs__rosidl_generator_c.dir/rosidl_generator_c/px4_msgs/msg/detail/follow_target_estimator__functions.c.o[0m
[4.993s] [  7%] [32mBuilding C object CMakeFiles/px4_msgs__rosidl_generator_c.dir/rosidl_generator_c/px4_msgs/msg/detail/follow_target_status__functions.c.o[0m
[5.066s] [  7%] [32mBuilding CXX object CMakeFiles/px4_msgs__rosidl_typesupport_fastrtps_cpp.dir/rosidl_typesupport_fastrtps_cpp/px4_msgs/msg/detail/dds_fastrtps/camera_trigger__type_support.cpp.o[0m
[5.094s] [  7%] [32mBuilding C object CMakeFiles/px4_msgs__rosidl_generator_c.dir/rosidl_generator_c/px4_msgs/msg/detail/fuel_tank_status__functions.c.o[0m
[5.142s] [  7%] [32mBuilding C object CMakeFiles/px4_msgs__rosidl_generator_c.dir/rosidl_generator_c/px4_msgs/msg/detail/generator_status__functions.c.o[0m
[5.196s] [  7%] [32mBuilding C object CMakeFiles/px4_msgs__rosidl_generator_c.dir/rosidl_generator_c/px4_msgs/msg/detail/geofence_result__functions.c.o[0m
[5.225s] [  7%] [32mBuilding C object CMakeFiles/px4_msgs__rosidl_generator_c.dir/rosidl_generator_c/px4_msgs/msg/detail/geofence_status__functions.c.o[0m
[5.245s] [  7%] [32mBuilding CXX object CMakeFiles/px4_msgs__rosidl_typesupport_cpp.dir/rosidl_typesupport_cpp/px4_msgs/msg/config_overrides__type_support.cpp.o[0m
[5.291s] [  7%] [32mBuilding CXX object CMakeFiles/px4_msgs__rosidl_typesupport_fastrtps_cpp.dir/rosidl_typesupport_fastrtps_cpp/px4_msgs/msg/detail/dds_fastrtps/can_interface_status__type_support.cpp.o[0m
[5.296s] [  7%] [32mBuilding C object CMakeFiles/px4_msgs__rosidl_generator_c.dir/rosidl_generator_c/px4_msgs/msg/detail/gimbal_controls__functions.c.o[0m
[5.296s] [  7%] [32mBuilding CXX object CMakeFiles/px4_msgs__rosidl_typesupport_fastrtps_cpp.dir/rosidl_typesupport_fastrtps_cpp/px4_msgs/msg/detail/dds_fastrtps/cellular_status__type_support.cpp.o[0m
[5.318s] [  7%] [32mBuilding C object CMakeFiles/px4_msgs__rosidl_generator_c.dir/rosidl_generator_c/px4_msgs/msg/detail/gimbal_device_attitude_status__functions.c.o[0m
[5.333s] [  7%] [32mBuilding CXX object CMakeFiles/px4_msgs__rosidl_typesupport_introspection_cpp.dir/rosidl_typesupport_introspection_cpp/px4_msgs/msg/detail/buffer128__type_support.cpp.o[0m
[5.392s] [  7%] [32mBuilding CXX object CMakeFiles/px4_msgs__rosidl_typesupport_introspection_cpp.dir/rosidl_typesupport_introspection_cpp/px4_msgs/msg/detail/button_event__type_support.cpp.o[0m
[5.420s] [  8%] [32mBuilding C object CMakeFiles/px4_msgs__rosidl_generator_c.dir/rosidl_generator_c/px4_msgs/msg/detail/gimbal_device_information__functions.c.o[0m
[5.443s] [  8%] [32mBuilding CXX object CMakeFiles/px4_msgs__rosidl_typesupport_fastrtps_cpp.dir/rosidl_typesupport_fastrtps_cpp/px4_msgs/msg/detail/dds_fastrtps/collision_constraints__type_support.cpp.o[0m
[5.520s] [  8%] [32mBuilding CXX object CMakeFiles/px4_msgs__rosidl_typesupport_cpp.dir/rosidl_typesupport_cpp/px4_msgs/msg/control_allocator_status__type_support.cpp.o[0m
[5.524s] [  8%] [32mBuilding C object CMakeFiles/px4_msgs__rosidl_generator_c.dir/rosidl_generator_c/px4_msgs/msg/detail/gimbal_device_set_attitude__functions.c.o[0m
[5.536s] [  8%] [32mBuilding CXX object CMakeFiles/px4_msgs__rosidl_typesupport_cpp.dir/rosidl_typesupport_cpp/px4_msgs/msg/cpuload__type_support.cpp.o[0m
[5.605s] [  8%] [32mBuilding CXX object CMakeFiles/px4_msgs__rosidl_typesupport_introspection_cpp.dir/rosidl_typesupport_introspection_cpp/px4_msgs/msg/detail/camera_capture__type_support.cpp.o[0m
[5.621s] [  8%] [32mBuilding C object CMakeFiles/px4_msgs__rosidl_generator_c.dir/rosidl_generator_c/px4_msgs/msg/detail/gimbal_manager_information__functions.c.o[0m
[5.666s] [  8%] [32mBuilding CXX object CMakeFiles/px4_msgs__rosidl_typesupport_introspection_cpp.dir/rosidl_typesupport_introspection_cpp/px4_msgs/msg/detail/camera_status__type_support.cpp.o[0m
[5.716s] [  8%] [32mBuilding C object CMakeFiles/px4_msgs__rosidl_generator_c.dir/rosidl_generator_c/px4_msgs/msg/detail/gimbal_manager_set_attitude__functions.c.o[0m
[5.816s] [  8%] [32mBuilding C object CMakeFiles/px4_msgs__rosidl_generator_c.dir/rosidl_generator_c/px4_msgs/msg/detail/gimbal_manager_set_manual_control__functions.c.o[0m
[5.824s] [  9%] [32mBuilding CXX object CMakeFiles/px4_msgs__rosidl_typesupport_fastrtps_cpp.dir/rosidl_typesupport_fastrtps_cpp/px4_msgs/msg/detail/dds_fastrtps/collision_report__type_support.cpp.o[0m
[5.900s] [  9%] [32mBuilding CXX object CMakeFiles/px4_msgs__rosidl_typesupport_introspection_cpp.dir/rosidl_typesupport_introspection_cpp/px4_msgs/msg/detail/camera_trigger__type_support.cpp.o[0m
[5.911s] [  9%] [32mBuilding C object CMakeFiles/px4_msgs__rosidl_generator_c.dir/rosidl_generator_c/px4_msgs/msg/detail/gimbal_manager_status__functions.c.o[0m
[6.007s] [  9%] [32mBuilding C object CMakeFiles/px4_msgs__rosidl_generator_c.dir/rosidl_generator_c/px4_msgs/msg/detail/goto_setpoint__functions.c.o[0m
[6.094s] [  9%] [32mBuilding C object CMakeFiles/px4_msgs__rosidl_generator_c.dir/rosidl_generator_c/px4_msgs/msg/detail/gpio_config__functions.c.o[0m
[6.104s] [  9%] [32mBuilding CXX object CMakeFiles/px4_msgs__rosidl_typesupport_cpp.dir/rosidl_typesupport_cpp/px4_msgs/msg/dataman_request__type_support.cpp.o[0m
[6.122s] [  9%] [32mBuilding CXX object CMakeFiles/px4_msgs__rosidl_typesupport_introspection_cpp.dir/rosidl_typesupport_introspection_cpp/px4_msgs/msg/detail/can_interface_status__type_support.cpp.o[0m
[6.136s] [  9%] [32mBuilding CXX object CMakeFiles/px4_msgs__rosidl_typesupport_introspection_cpp.dir/rosidl_typesupport_introspection_cpp/px4_msgs/msg/detail/cellular_status__type_support.cpp.o[0m
[6.161s] [  9%] [32mBuilding CXX object CMakeFiles/px4_msgs__rosidl_typesupport_introspection_cpp.dir/rosidl_typesupport_introspection_cpp/px4_msgs/msg/detail/collision_constraints__type_support.cpp.o[0m
[6.168s] [  9%] [32mBuilding C object CMakeFiles/px4_msgs__rosidl_generator_c.dir/rosidl_generator_c/px4_msgs/msg/detail/gpio_in__functions.c.o[0m
[6.195s] [  9%] [32mBuilding C object CMakeFiles/px4_msgs__rosidl_generator_c.dir/rosidl_generator_c/px4_msgs/msg/detail/gpio_out__functions.c.o[0m
[6.267s] [  9%] [32mBuilding CXX object CMakeFiles/px4_msgs__rosidl_typesupport_cpp.dir/rosidl_typesupport_cpp/px4_msgs/msg/dataman_response__type_support.cpp.o[0m
[6.286s] [ 10%] [32mBuilding CXX object CMakeFiles/px4_msgs__rosidl_typesupport_introspection_cpp.dir/rosidl_typesupport_introspection_cpp/px4_msgs/msg/detail/collision_report__type_support.cpp.o[0m
[6.293s] [ 10%] [32mBuilding C object CMakeFiles/px4_msgs__rosidl_generator_c.dir/rosidl_generator_c/px4_msgs/msg/detail/gpio_request__functions.c.o[0m
[6.297s] [ 10%] [32mBuilding C object CMakeFiles/px4_msgs__rosidl_generator_c.dir/rosidl_generator_c/px4_msgs/msg/detail/gps_dump__functions.c.o[0m
[6.387s] [ 10%] [32mBuilding CXX object CMakeFiles/px4_msgs__rosidl_typesupport_introspection_cpp.dir/rosidl_typesupport_introspection_cpp/px4_msgs/msg/detail/config_overrides__type_support.cpp.o[0m
[6.393s] [ 10%] [32mBuilding C object CMakeFiles/px4_msgs__rosidl_generator_c.dir/rosidl_generator_c/px4_msgs/msg/detail/gps_inject_data__functions.c.o[0m
[6.447s] [ 10%] [32mBuilding CXX object CMakeFiles/px4_msgs__rosidl_typesupport_cpp.dir/rosidl_typesupport_cpp/px4_msgs/msg/debug_array__type_support.cpp.o[0m
[6.471s] [ 10%] [32mBuilding CXX object CMakeFiles/px4_msgs__rosidl_typesupport_cpp.dir/rosidl_typesupport_cpp/px4_msgs/msg/debug_key_value__type_support.cpp.o[0m
[6.559s] [ 10%] [32mBuilding C object CMakeFiles/px4_msgs__rosidl_generator_c.dir/rosidl_generator_c/px4_msgs/msg/detail/gripper__functions.c.o[0m
[6.667s] [ 10%] [32mBuilding C object CMakeFiles/px4_msgs__rosidl_generator_c.dir/rosidl_generator_c/px4_msgs/msg/detail/health_report__functions.c.o[0m
[6.689s] [ 10%] [32mBuilding CXX object CMakeFiles/px4_msgs__rosidl_typesupport_fastrtps_cpp.dir/rosidl_typesupport_fastrtps_cpp/px4_msgs/msg/detail/dds_fastrtps/config_overrides__type_support.cpp.o[0m
[6.691s] [ 10%] [32mBuilding CXX object CMakeFiles/px4_msgs__rosidl_typesupport_introspection_cpp.dir/rosidl_typesupport_introspection_cpp/px4_msgs/msg/detail/control_allocator_status__type_support.cpp.o[0m
[6.703s] [ 10%] [32mBuilding C object CMakeFiles/px4_msgs__rosidl_generator_c.dir/rosidl_generator_c/px4_msgs/msg/detail/heater_status__functions.c.o[0m
[6.762s] [ 10%] [32mBuilding CXX object CMakeFiles/px4_msgs__rosidl_typesupport_introspection_cpp.dir/rosidl_typesupport_introspection_cpp/px4_msgs/msg/detail/cpuload__type_support.cpp.o[0m
[6.809s] [ 10%] [32mBuilding C object CMakeFiles/px4_msgs__rosidl_generator_c.dir/rosidl_generator_c/px4_msgs/msg/detail/home_position__functions.c.o[0m
[6.833s] [ 10%] [32mBuilding CXX object CMakeFiles/px4_msgs__rosidl_typesupport_introspection_cpp.dir/rosidl_typesupport_introspection_cpp/px4_msgs/msg/detail/dataman_request__type_support.cpp.o[0m
[6.906s] [ 11%] [32mBuilding C object CMakeFiles/px4_msgs__rosidl_generator_c.dir/rosidl_generator_c/px4_msgs/msg/detail/hover_thrust_estimate__functions.c.o[0m
[6.927s] [ 11%] [32mBuilding CXX object CMakeFiles/px4_msgs__rosidl_typesupport_fastrtps_cpp.dir/rosidl_typesupport_fastrtps_cpp/px4_msgs/msg/detail/dds_fastrtps/control_allocator_status__type_support.cpp.o[0m
[6.949s] [ 11%] [32mBuilding C object CMakeFiles/px4_msgs__rosidl_generator_c.dir/rosidl_generator_c/px4_msgs/msg/detail/input_rc__functions.c.o[0m
[7.003s] [ 11%] [32mBuilding CXX object CMakeFiles/px4_msgs__rosidl_typesupport_fastrtps_cpp.dir/rosidl_typesupport_fastrtps_cpp/px4_msgs/msg/detail/dds_fastrtps/cpuload__type_support.cpp.o[0m
[7.008s] [ 11%] [32mBuilding CXX object CMakeFiles/px4_msgs__rosidl_typesupport_fastrtps_cpp.dir/rosidl_typesupport_fastrtps_cpp/px4_msgs/msg/detail/dds_fastrtps/dataman_request__type_support.cpp.o[0m
[7.019s] [ 11%] [32mBuilding CXX object CMakeFiles/px4_msgs__rosidl_typesupport_introspection_cpp.dir/rosidl_typesupport_introspection_cpp/px4_msgs/msg/detail/dataman_response__type_support.cpp.o[0m
[7.053s] [ 11%] [32mBuilding C object CMakeFiles/px4_msgs__rosidl_generator_c.dir/rosidl_generator_c/px4_msgs/msg/detail/internal_combustion_engine_status__functions.c.o[0m
[7.086s] [ 11%] [32mBuilding CXX object CMakeFiles/px4_msgs__rosidl_typesupport_cpp.dir/rosidl_typesupport_cpp/px4_msgs/msg/debug_value__type_support.cpp.o[0m
[7.103s] [ 11%] [32mBuilding C object CMakeFiles/px4_msgs__rosidl_generator_c.dir/rosidl_generator_c/px4_msgs/msg/detail/iridiumsbd_status__functions.c.o[0m
[7.161s] [ 11%] [32mBuilding CXX object CMakeFiles/px4_msgs__rosidl_typesupport_fastrtps_cpp.dir/rosidl_typesupport_fastrtps_cpp/px4_msgs/msg/detail/dds_fastrtps/dataman_response__type_support.cpp.o[0m
[7.189s] [ 11%] [32mBuilding CXX object CMakeFiles/px4_msgs__rosidl_typesupport_cpp.dir/rosidl_typesupport_cpp/px4_msgs/msg/debug_vect__type_support.cpp.o[0m
[7.204s] [ 11%] [32mBuilding C object CMakeFiles/px4_msgs__rosidl_generator_c.dir/rosidl_generator_c/px4_msgs/msg/detail/irlock_report__functions.c.o[0m
[7.301s] [ 11%] [32mBuilding C object CMakeFiles/px4_msgs__rosidl_generator_c.dir/rosidl_generator_c/px4_msgs/msg/detail/landing_gear__functions.c.o[0m
[7.394s] [ 11%] [32mBuilding C object CMakeFiles/px4_msgs__rosidl_generator_c.dir/rosidl_generator_c/px4_msgs/msg/detail/landing_gear_wheel__functions.c.o[0m
[7.492s] [ 11%] [32mBuilding C object CMakeFiles/px4_msgs__rosidl_generator_c.dir/rosidl_generator_c/px4_msgs/msg/detail/landing_target_innovations__functions.c.o[0m
[7.521s] [ 11%] [32mBuilding CXX object CMakeFiles/px4_msgs__rosidl_typesupport_cpp.dir/rosidl_typesupport_cpp/px4_msgs/msg/differential_drive_setpoint__type_support.cpp.o[0m
[7.524s] [ 11%] [32mBuilding CXX object CMakeFiles/px4_msgs__rosidl_typesupport_cpp.dir/rosidl_typesupport_cpp/px4_msgs/msg/differential_pressure__type_support.cpp.o[0m
[7.572s] [ 11%] [32mBuilding C object CMakeFiles/px4_msgs__rosidl_generator_c.dir/rosidl_generator_c/px4_msgs/msg/detail/landing_target_pose__functions.c.o[0m
[7.591s] [ 11%] [32mBuilding CXX object CMakeFiles/px4_msgs__rosidl_typesupport_fastrtps_cpp.dir/rosidl_typesupport_fastrtps_cpp/px4_msgs/msg/detail/dds_fastrtps/debug_array__type_support.cpp.o[0m
[7.648s] [ 11%] [32mBuilding CXX object CMakeFiles/px4_msgs__rosidl_typesupport_fastrtps_cpp.dir/rosidl_typesupport_fastrtps_cpp/px4_msgs/msg/detail/dds_fastrtps/debug_key_value__type_support.cpp.o[0m
[7.664s] [ 11%] [32mBuilding CXX object CMakeFiles/px4_msgs__rosidl_typesupport_fastrtps_cpp.dir/rosidl_typesupport_fastrtps_cpp/px4_msgs/msg/detail/dds_fastrtps/debug_value__type_support.cpp.o[0m
[7.675s] [ 11%] [32mBuilding C object CMakeFiles/px4_msgs__rosidl_generator_c.dir/rosidl_generator_c/px4_msgs/msg/detail/launch_detection_status__functions.c.o[0m
[7.747s] [ 11%] [32mBuilding CXX object CMakeFiles/px4_msgs__rosidl_typesupport_fastrtps_cpp.dir/rosidl_typesupport_fastrtps_cpp/px4_msgs/msg/detail/dds_fastrtps/debug_vect__type_support.cpp.o[0m
[7.772s] [ 11%] [32mBuilding C object CMakeFiles/px4_msgs__rosidl_generator_c.dir/rosidl_generator_c/px4_msgs/msg/detail/led_control__functions.c.o[0m
[7.785s] [ 11%] [32mBuilding C object CMakeFiles/px4_msgs__rosidl_generator_c.dir/rosidl_generator_c/px4_msgs/msg/detail/log_message__functions.c.o[0m
[7.831s] [ 11%] [32mBuilding CXX object CMakeFiles/px4_msgs__rosidl_typesupport_introspection_cpp.dir/rosidl_typesupport_introspection_cpp/px4_msgs/msg/detail/debug_array__type_support.cpp.o[0m
[7.864s] [ 11%] [32mBuilding CXX object CMakeFiles/px4_msgs__rosidl_typesupport_fastrtps_cpp.dir/rosidl_typesupport_fastrtps_cpp/px4_msgs/msg/detail/dds_fastrtps/differential_drive_setpoint__type_support.cpp.o[0m
[7.867s] [ 11%] [32mBuilding C object CMakeFiles/px4_msgs__rosidl_generator_c.dir/rosidl_generator_c/px4_msgs/msg/detail/logger_status__functions.c.o[0m
[7.879s] [ 11%] [32mBuilding CXX object CMakeFiles/px4_msgs__rosidl_typesupport_introspection_cpp.dir/rosidl_typesupport_introspection_cpp/px4_msgs/msg/detail/debug_key_value__type_support.cpp.o[0m
[7.880s] [ 11%] [32mBuilding CXX object CMakeFiles/px4_msgs__rosidl_typesupport_fastrtps_cpp.dir/rosidl_typesupport_fastrtps_cpp/px4_msgs/msg/detail/dds_fastrtps/differential_pressure__type_support.cpp.o[0m
[7.966s] [ 11%] [32mBuilding C object CMakeFiles/px4_msgs__rosidl_generator_c.dir/rosidl_generator_c/px4_msgs/msg/detail/mag_worker_data__functions.c.o[0m
[8.013s] [ 11%] [32mBuilding CXX object CMakeFiles/px4_msgs__rosidl_typesupport_introspection_cpp.dir/rosidl_typesupport_introspection_cpp/px4_msgs/msg/detail/debug_value__type_support.cpp.o[0m
[8.065s] [ 11%] [32mBuilding C object CMakeFiles/px4_msgs__rosidl_generator_c.dir/rosidl_generator_c/px4_msgs/msg/detail/magnetometer_bias_estimate__functions.c.o[0m
[8.080s] [ 11%] [32mBuilding CXX object CMakeFiles/px4_msgs__rosidl_typesupport_fastrtps_cpp.dir/rosidl_typesupport_fastrtps_cpp/px4_msgs/msg/detail/dds_fastrtps/distance_sensor__type_support.cpp.o[0m
[8.105s] [ 11%] [32mBuilding CXX object CMakeFiles/px4_msgs__rosidl_typesupport_cpp.dir/rosidl_typesupport_cpp/px4_msgs/msg/distance_sensor__type_support.cpp.o[0m
[8.165s] [ 11%] [32mBuilding C object CMakeFiles/px4_msgs__rosidl_generator_c.dir/rosidl_generator_c/px4_msgs/msg/detail/manual_control_setpoint__functions.c.o[0m
[8.265s] [ 11%] [32mBuilding C object CMakeFiles/px4_msgs__rosidl_generator_c.dir/rosidl_generator_c/px4_msgs/msg/detail/manual_control_switches__functions.c.o[0m
[8.367s] [ 11%] [32mBuilding C object CMakeFiles/px4_msgs__rosidl_generator_c.dir/rosidl_generator_c/px4_msgs/msg/detail/mavlink_log__functions.c.o[0m
[8.462s] [ 11%] [32mBuilding CXX object CMakeFiles/px4_msgs__rosidl_typesupport_introspection_cpp.dir/rosidl_typesupport_introspection_cpp/px4_msgs/msg/detail/debug_vect__type_support.cpp.o[0m
[8.468s] [ 12%] [32mBuilding C object CMakeFiles/px4_msgs__rosidl_generator_c.dir/rosidl_generator_c/px4_msgs/msg/detail/mavlink_tunnel__functions.c.o[0m
[8.493s] [ 12%] [32mBuilding CXX object CMakeFiles/px4_msgs__rosidl_typesupport_cpp.dir/rosidl_typesupport_cpp/px4_msgs/msg/ekf2_timestamps__type_support.cpp.o[0m
[8.493s] [ 12%] [32mBuilding CXX object CMakeFiles/px4_msgs__rosidl_typesupport_fastrtps_cpp.dir/rosidl_typesupport_fastrtps_cpp/px4_msgs/msg/detail/dds_fastrtps/ekf2_timestamps__type_support.cpp.o[0m
[8.568s] [ 12%] [32mBuilding C object CMakeFiles/px4_msgs__rosidl_generator_c.dir/rosidl_generator_c/px4_msgs/msg/detail/message_format_request__functions.c.o[0m
[8.586s] [ 12%] [32mBuilding CXX object CMakeFiles/px4_msgs__rosidl_typesupport_cpp.dir/rosidl_typesupport_cpp/px4_msgs/msg/esc_report__type_support.cpp.o[0m
[8.659s] [ 12%] [32mBuilding C object CMakeFiles/px4_msgs__rosidl_generator_c.dir/rosidl_generator_c/px4_msgs/msg/detail/message_format_response__functions.c.o[0m
[8.661s] [ 12%] [32mBuilding CXX object CMakeFiles/px4_msgs__rosidl_typesupport_fastrtps_cpp.dir/rosidl_typesupport_fastrtps_cpp/px4_msgs/msg/detail/dds_fastrtps/esc_report__type_support.cpp.o[0m
[8.671s] [ 12%] [32mBuilding C object CMakeFiles/px4_msgs__rosidl_generator_c.dir/rosidl_generator_c/px4_msgs/msg/detail/mission__functions.c.o[0m
[8.688s] [ 12%] [32mBuilding C object CMakeFiles/px4_msgs__rosidl_generator_c.dir/rosidl_generator_c/px4_msgs/msg/detail/mission_result__functions.c.o[0m
[8.705s] [ 12%] [32mBuilding CXX object CMakeFiles/px4_msgs__rosidl_typesupport_introspection_cpp.dir/rosidl_typesupport_introspection_cpp/px4_msgs/msg/detail/differential_drive_setpoint__type_support.cpp.o[0m
[8.713s] [ 12%] [32mBuilding C object CMakeFiles/px4_msgs__rosidl_generator_c.dir/rosidl_generator_c/px4_msgs/msg/detail/mode_completed__functions.c.o[0m
[8.756s] [ 12%] [32mBuilding CXX object CMakeFiles/px4_msgs__rosidl_typesupport_introspection_cpp.dir/rosidl_typesupport_introspection_cpp/px4_msgs/msg/detail/differential_pressure__type_support.cpp.o[0m
[8.773s] [ 12%] [32mBuilding C object CMakeFiles/px4_msgs__rosidl_generator_c.dir/rosidl_generator_c/px4_msgs/msg/detail/mount_orientation__functions.c.o[0m
[8.788s] [ 12%] [32mBuilding CXX object CMakeFiles/px4_msgs__rosidl_typesupport_introspection_cpp.dir/rosidl_typesupport_introspection_cpp/px4_msgs/msg/detail/distance_sensor__type_support.cpp.o[0m
[8.808s] [ 12%] [32mBuilding CXX object CMakeFiles/px4_msgs__rosidl_typesupport_cpp.dir/rosidl_typesupport_cpp/px4_msgs/msg/esc_status__type_support.cpp.o[0m
[8.818s] [ 12%] [32mBuilding CXX object CMakeFiles/px4_msgs__rosidl_typesupport_introspection_cpp.dir/rosidl_typesupport_introspection_cpp/px4_msgs/msg/detail/ekf2_timestamps__type_support.cpp.o[0m
[8.870s] [ 12%] [32mBuilding C object CMakeFiles/px4_msgs__rosidl_generator_c.dir/rosidl_generator_c/px4_msgs/msg/detail/navigator_mission_item__functions.c.o[0m
[8.955s] [ 12%] [32mBuilding CXX object CMakeFiles/px4_msgs__rosidl_typesupport_cpp.dir/rosidl_typesupport_cpp/px4_msgs/msg/estimator_aid_source1d__type_support.cpp.o[0m
[8.975s] [ 12%] [32mBuilding C object CMakeFiles/px4_msgs__rosidl_generator_c.dir/rosidl_generator_c/px4_msgs/msg/detail/normalized_unsigned_setpoint__functions.c.o[0m
[9.067s] [ 12%] [32mBuilding C object CMakeFiles/px4_msgs__rosidl_generator_c.dir/rosidl_generator_c/px4_msgs/msg/detail/npfg_status__functions.c.o[0m
[9.090s] [ 12%] [32mBuilding CXX object CMakeFiles/px4_msgs__rosidl_typesupport_fastrtps_cpp.dir/rosidl_typesupport_fastrtps_cpp/px4_msgs/msg/detail/dds_fastrtps/esc_status__type_support.cpp.o[0m
[9.157s] [ 12%] [32mBuilding CXX object CMakeFiles/px4_msgs__rosidl_typesupport_fastrtps_cpp.dir/rosidl_typesupport_fastrtps_cpp/px4_msgs/msg/detail/dds_fastrtps/estimator_aid_source1d__type_support.cpp.o[0m
[9.166s] [ 12%] [32mBuilding C object CMakeFiles/px4_msgs__rosidl_generator_c.dir/rosidl_generator_c/px4_msgs/msg/detail/obstacle_distance__functions.c.o[0m
[9.263s] [ 12%] [32mBuilding C object CMakeFiles/px4_msgs__rosidl_generator_c.dir/rosidl_generator_c/px4_msgs/msg/detail/offboard_control_mode__functions.c.o[0m
[9.299s] [ 12%] [32mBuilding CXX object CMakeFiles/px4_msgs__rosidl_typesupport_fastrtps_cpp.dir/rosidl_typesupport_fastrtps_cpp/px4_msgs/msg/detail/dds_fastrtps/estimator_aid_source2d__type_support.cpp.o[0m
[9.359s] [ 12%] [32mBuilding CXX object CMakeFiles/px4_msgs__rosidl_typesupport_introspection_cpp.dir/rosidl_typesupport_introspection_cpp/px4_msgs/msg/detail/esc_report__type_support.cpp.o[0m
[9.359s] [ 12%] [32mBuilding C object CMakeFiles/px4_msgs__rosidl_generator_c.dir/rosidl_generator_c/px4_msgs/msg/detail/onboard_computer_status__functions.c.o[0m
[9.395s] [ 12%] [32mBuilding C object CMakeFiles/px4_msgs__rosidl_generator_c.dir/rosidl_generator_c/px4_msgs/msg/detail/orb_test__functions.c.o[0m
[9.468s] [ 13%] [32mBuilding CXX object CMakeFiles/px4_msgs__rosidl_typesupport_fastrtps_cpp.dir/rosidl_typesupport_fastrtps_cpp/px4_msgs/msg/detail/dds_fastrtps/estimator_aid_source3d__type_support.cpp.o[0m
[9.491s] [ 13%] [32mBuilding C object CMakeFiles/px4_msgs__rosidl_generator_c.dir/rosidl_generator_c/px4_msgs/msg/detail/orb_test_large__functions.c.o[0m
[9.514s] [ 13%] [32mBuilding CXX object CMakeFiles/px4_msgs__rosidl_typesupport_fastrtps_cpp.dir/rosidl_typesupport_fastrtps_cpp/px4_msgs/msg/detail/dds_fastrtps/estimator_bias__type_support.cpp.o[0m
[9.522s] [ 13%] [32mBuilding CXX object CMakeFiles/px4_msgs__rosidl_typesupport_cpp.dir/rosidl_typesupport_cpp/px4_msgs/msg/estimator_aid_source2d__type_support.cpp.o[0m
[9.529s] [ 13%] [32mBuilding C object CMakeFiles/px4_msgs__rosidl_generator_c.dir/rosidl_generator_c/px4_msgs/msg/detail/orb_test_medium__functions.c.o[0m
[9.551s] [ 13%] [32mBuilding CXX object CMakeFiles/px4_msgs__rosidl_typesupport_fastrtps_cpp.dir/rosidl_typesupport_fastrtps_cpp/px4_msgs/msg/detail/dds_fastrtps/estimator_bias3d__type_support.cpp.o[0m
[9.587s] [ 14%] [32mBuilding CXX object CMakeFiles/px4_msgs__rosidl_typesupport_cpp.dir/rosidl_typesupport_cpp/px4_msgs/msg/estimator_aid_source3d__type_support.cpp.o[0m
[9.598s] [ 14%] [32mBuilding CXX object CMakeFiles/px4_msgs__rosidl_typesupport_cpp.dir/rosidl_typesupport_cpp/px4_msgs/msg/estimator_bias__type_support.cpp.o[0m
[9.626s] [ 14%] [32mBuilding C object CMakeFiles/px4_msgs__rosidl_generator_c.dir/rosidl_generator_c/px4_msgs/msg/detail/orbit_status__functions.c.o[0m
[9.640s] [ 14%] [32mBuilding CXX object CMakeFiles/px4_msgs__rosidl_typesupport_fastrtps_cpp.dir/rosidl_typesupport_fastrtps_cpp/px4_msgs/msg/detail/dds_fastrtps/estimator_event_flags__type_support.cpp.o[0m
[9.727s] [ 15%] [32mBuilding C object CMakeFiles/px4_msgs__rosidl_generator_c.dir/rosidl_generator_c/px4_msgs/msg/detail/parameter_reset_request__functions.c.o[0m
[9.817s] [ 15%] [32mBuilding C object CMakeFiles/px4_msgs__rosidl_generator_c.dir/rosidl_generator_c/px4_msgs/msg/detail/parameter_set_used_request__functions.c.o[0m
[9.912s] [ 15%] [32mBuilding C object CMakeFiles/px4_msgs__rosidl_generator_c.dir/rosidl_generator_c/px4_msgs/msg/detail/parameter_set_value_request__functions.c.o[0m
[9.939s] [ 15%] [32mBuilding C object CMakeFiles/px4_msgs__rosidl_generator_c.dir/rosidl_generator_c/px4_msgs/msg/detail/parameter_set_value_response__functions.c.o[0m
[10.006s] [ 15%] [32mBuilding CXX object CMakeFiles/px4_msgs__rosidl_typesupport_cpp.dir/rosidl_typesupport_cpp/px4_msgs/msg/estimator_bias3d__type_support.cpp.o[0m
[10.012s] [ 15%] [32mBuilding CXX object CMakeFiles/px4_msgs__rosidl_typesupport_introspection_cpp.dir/rosidl_typesupport_introspection_cpp/px4_msgs/msg/detail/esc_status__type_support.cpp.o[0m
[10.038s] [ 15%] [32mBuilding C object CMakeFiles/px4_msgs__rosidl_generator_c.dir/rosidl_generator_c/px4_msgs/msg/detail/parameter_update__functions.c.o[0m
[10.086s] [ 15%] [32mBuilding CXX object CMakeFiles/px4_msgs__rosidl_typesupport_introspection_cpp.dir/rosidl_typesupport_introspection_cpp/px4_msgs/msg/detail/estimator_aid_source1d__type_support.cpp.o[0m
[10.139s] [ 15%] [32mBuilding C object CMakeFiles/px4_msgs__rosidl_generator_c.dir/rosidl_generator_c/px4_msgs/msg/detail/ping__functions.c.o[0m
[10.156s] [ 16%] [32mBuilding CXX object CMakeFiles/px4_msgs__rosidl_typesupport_introspection_cpp.dir/rosidl_typesupport_introspection_cpp/px4_msgs/msg/detail/estimator_aid_source2d__type_support.cpp.o[0m
[10.158s] [ 16%] [32mBuilding CXX object CMakeFiles/px4_msgs__rosidl_typesupport_fastrtps_cpp.dir/rosidl_typesupport_fastrtps_cpp/px4_msgs/msg/detail/dds_fastrtps/estimator_gps_status__type_support.cpp.o[0m
[10.169s] [ 16%] [32mBuilding CXX object CMakeFiles/px4_msgs__rosidl_typesupport_cpp.dir/rosidl_typesupport_cpp/px4_msgs/msg/estimator_event_flags__type_support.cpp.o[0m
[10.176s] [ 16%] [32mBuilding C object CMakeFiles/px4_msgs__rosidl_generator_c.dir/rosidl_generator_c/px4_msgs/msg/detail/position_controller_landing_status__functions.c.o[0m
[10.244s] [ 16%] [32mBuilding CXX object CMakeFiles/px4_msgs__rosidl_typesupport_fastrtps_cpp.dir/rosidl_typesupport_fastrtps_cpp/px4_msgs/msg/detail/dds_fastrtps/estimator_innovations__type_support.cpp.o[0m
[10.267s] [ 16%] [32mBuilding C object CMakeFiles/px4_msgs__rosidl_generator_c.dir/rosidl_generator_c/px4_msgs/msg/detail/position_controller_status__functions.c.o[0m
[10.333s] [ 16%] [32mBuilding C object CMakeFiles/px4_msgs__rosidl_generator_c.dir/rosidl_generator_c/px4_msgs/msg/detail/position_setpoint__functions.c.o[0m
[10.352s] [ 16%] [32mBuilding C object CMakeFiles/px4_msgs__rosidl_generator_c.dir/rosidl_generator_c/px4_msgs/msg/detail/position_setpoint_triplet__functions.c.o[0m
[10.367s] [ 16%] [32mBuilding C object CMakeFiles/px4_msgs__rosidl_generator_c.dir/rosidl_generator_c/px4_msgs/msg/detail/power_button_state__functions.c.o[0m
[10.402s] [ 16%] [32mBuilding C object CMakeFiles/px4_msgs__rosidl_generator_c.dir/rosidl_generator_c/px4_msgs/msg/detail/power_monitor__functions.c.o[0m
[10.433s] [ 16%] [32mBuilding CXX object CMakeFiles/px4_msgs__rosidl_typesupport_introspection_cpp.dir/rosidl_typesupport_introspection_cpp/px4_msgs/msg/detail/estimator_aid_source3d__type_support.cpp.o[0m
[10.453s] [ 16%] [32mBuilding CXX object CMakeFiles/px4_msgs__rosidl_typesupport_introspection_cpp.dir/rosidl_typesupport_introspection_cpp/px4_msgs/msg/detail/estimator_bias__type_support.cpp.o[0m
[10.463s] [ 16%] [32mBuilding CXX object CMakeFiles/px4_msgs__rosidl_typesupport_cpp.dir/rosidl_typesupport_cpp/px4_msgs/msg/estimator_gps_status__type_support.cpp.o[0m
[10.500s] [ 16%] [32mBuilding C object CMakeFiles/px4_msgs__rosidl_generator_c.dir/rosidl_generator_c/px4_msgs/msg/detail/pps_capture__functions.c.o[0m
[10.508s] [ 16%] [32mBuilding CXX object CMakeFiles/px4_msgs__rosidl_typesupport_introspection_cpp.dir/rosidl_typesupport_introspection_cpp/px4_msgs/msg/detail/estimator_bias3d__type_support.cpp.o[0m
[10.586s] [ 16%] [32mBuilding CXX object CMakeFiles/px4_msgs__rosidl_typesupport_introspection_cpp.dir/rosidl_typesupport_introspection_cpp/px4_msgs/msg/detail/estimator_event_flags__type_support.cpp.o[0m
[10.593s] [ 16%] [32mBuilding C object CMakeFiles/px4_msgs__rosidl_generator_c.dir/rosidl_generator_c/px4_msgs/msg/detail/pwm_input__functions.c.o[0m
[10.687s] [ 16%] [32mBuilding C object CMakeFiles/px4_msgs__rosidl_generator_c.dir/rosidl_generator_c/px4_msgs/msg/detail/px4io_status__functions.c.o[0m
[10.746s] [ 16%] [32mBuilding CXX object CMakeFiles/px4_msgs__rosidl_typesupport_introspection_cpp.dir/rosidl_typesupport_introspection_cpp/px4_msgs/msg/detail/estimator_gps_status__type_support.cpp.o[0m
[10.795s] [ 16%] [32mBuilding C object CMakeFiles/px4_msgs__rosidl_generator_c.dir/rosidl_generator_c/px4_msgs/msg/detail/qshell_req__functions.c.o[0m
[10.842s] [ 16%] [32mBuilding C object CMakeFiles/px4_msgs__rosidl_generator_c.dir/rosidl_generator_c/px4_msgs/msg/detail/qshell_retval__functions.c.o[0m
[10.894s] [ 16%] [32mBuilding CXX object CMakeFiles/px4_msgs__rosidl_typesupport_fastrtps_cpp.dir/rosidl_typesupport_fastrtps_cpp/px4_msgs/msg/detail/dds_fastrtps/estimator_selector_status__type_support.cpp.o[0m
[10.900s] [ 16%] [32mBuilding CXX object CMakeFiles/px4_msgs__rosidl_typesupport_cpp.dir/rosidl_typesupport_cpp/px4_msgs/msg/estimator_innovations__type_support.cpp.o[0m
[10.940s] [ 16%] [32mBuilding C object CMakeFiles/px4_msgs__rosidl_generator_c.dir/rosidl_generator_c/px4_msgs/msg/detail/radio_status__functions.c.o[0m
[11.004s] [ 16%] [32mBuilding CXX object CMakeFiles/px4_msgs__rosidl_typesupport_cpp.dir/rosidl_typesupport_cpp/px4_msgs/msg/estimator_selector_status__type_support.cpp.o[0m
[11.019s] [ 16%] [32mBuilding CXX object CMakeFiles/px4_msgs__rosidl_typesupport_cpp.dir/rosidl_typesupport_cpp/px4_msgs/msg/estimator_sensor_bias__type_support.cpp.o[0m
[11.027s] [ 16%] [32mBuilding CXX object CMakeFiles/px4_msgs__rosidl_typesupport_cpp.dir/rosidl_typesupport_cpp/px4_msgs/msg/estimator_states__type_support.cpp.o[0m
[11.035s] [ 17%] [32mBuilding C object CMakeFiles/px4_msgs__rosidl_generator_c.dir/rosidl_generator_c/px4_msgs/msg/detail/rate_ctrl_status__functions.c.o[0m
[11.133s] [ 17%] [32mBuilding C object CMakeFiles/px4_msgs__rosidl_generator_c.dir/rosidl_generator_c/px4_msgs/msg/detail/rc_channels__functions.c.o[0m
[11.136s] [ 17%] [32mBuilding CXX object CMakeFiles/px4_msgs__rosidl_typesupport_cpp.dir/rosidl_typesupport_cpp/px4_msgs/msg/estimator_status__type_support.cpp.o[0m
[11.229s] [ 17%] [32mBuilding C object CMakeFiles/px4_msgs__rosidl_generator_c.dir/rosidl_generator_c/px4_msgs/msg/detail/rc_parameter_map__functions.c.o[0m
[11.248s] [ 17%] [32mBuilding CXX object CMakeFiles/px4_msgs__rosidl_typesupport_cpp.dir/rosidl_typesupport_cpp/px4_msgs/msg/estimator_status_flags__type_support.cpp.o[0m
[11.282s] [ 17%] [32mBuilding C object CMakeFiles/px4_msgs__rosidl_generator_c.dir/rosidl_generator_c/px4_msgs/msg/detail/register_ext_component_reply__functions.c.o[0m
[11.329s] [ 17%] [32mBuilding CXX object CMakeFiles/px4_msgs__rosidl_typesupport_fastrtps_cpp.dir/rosidl_typesupport_fastrtps_cpp/px4_msgs/msg/detail/dds_fastrtps/estimator_sensor_bias__type_support.cpp.o[0m
[11.350s] [ 17%] [32mBuilding CXX object CMakeFiles/px4_msgs__rosidl_typesupport_introspection_cpp.dir/rosidl_typesupport_introspection_cpp/px4_msgs/msg/detail/estimator_innovations__type_support.cpp.o[0m
[11.382s] [ 17%] [32mBuilding C object CMakeFiles/px4_msgs__rosidl_generator_c.dir/rosidl_generator_c/px4_msgs/msg/detail/register_ext_component_request__functions.c.o[0m
[11.398s] [ 17%] [32mBuilding CXX object CMakeFiles/px4_msgs__rosidl_typesupport_cpp.dir/rosidl_typesupport_cpp/px4_msgs/msg/event__type_support.cpp.o[0m
[11.471s] [ 17%] [32mBuilding C object CMakeFiles/px4_msgs__rosidl_generator_c.dir/rosidl_generator_c/px4_msgs/msg/detail/rover_ackermann_guidance_status__functions.c.o[0m
[11.484s] [ 17%] [32mBuilding CXX object CMakeFiles/px4_msgs__rosidl_typesupport_fastrtps_cpp.dir/rosidl_typesupport_fastrtps_cpp/px4_msgs/msg/detail/dds_fastrtps/estimator_states__type_support.cpp.o[0m
[11.562s] [ 17%] [32mBuilding CXX object CMakeFiles/px4_msgs__rosidl_typesupport_cpp.dir/rosidl_typesupport_cpp/px4_msgs/msg/failsafe_flags__type_support.cpp.o[0m
[11.571s] [ 17%] [32mBuilding C object CMakeFiles/px4_msgs__rosidl_generator_c.dir/rosidl_generator_c/px4_msgs/msg/detail/rpm__functions.c.o[0m
[11.571s] [ 17%] [32mBuilding CXX object CMakeFiles/px4_msgs__rosidl_typesupport_cpp.dir/rosidl_typesupport_cpp/px4_msgs/msg/failure_detector_status__type_support.cpp.o[0m
[11.576s] [ 17%] [32mBuilding C object CMakeFiles/px4_msgs__rosidl_generator_c.dir/rosidl_generator_c/px4_msgs/msg/detail/rtl_status__functions.c.o[0m
[11.594s] [ 17%] [32mBuilding CXX object CMakeFiles/px4_msgs__rosidl_typesupport_fastrtps_cpp.dir/rosidl_typesupport_fastrtps_cpp/px4_msgs/msg/detail/dds_fastrtps/estimator_status__type_support.cpp.o[0m
[11.667s] [ 17%] [32mBuilding CXX object CMakeFiles/px4_msgs__rosidl_typesupport_introspection_cpp.dir/rosidl_typesupport_introspection_cpp/px4_msgs/msg/detail/estimator_selector_status__type_support.cpp.o[0m
[11.672s] [ 17%] [32mBuilding C object CMakeFiles/px4_msgs__rosidl_generator_c.dir/rosidl_generator_c/px4_msgs/msg/detail/rtl_time_estimate__functions.c.o[0m
[11.705s] [ 17%] [32mBuilding CXX object CMakeFiles/px4_msgs__rosidl_typesupport_introspection_cpp.dir/rosidl_typesupport_introspection_cpp/px4_msgs/msg/detail/estimator_sensor_bias__type_support.cpp.o[0m
[11.770s] [ 17%] [32mBuilding C object CMakeFiles/px4_msgs__rosidl_generator_c.dir/rosidl_generator_c/px4_msgs/msg/detail/satellite_info__functions.c.o[0m
[11.779s] [ 17%] [32mBuilding CXX object CMakeFiles/px4_msgs__rosidl_typesupport_cpp.dir/rosidl_typesupport_cpp/px4_msgs/msg/figure_eight_status__type_support.cpp.o[0m
[11.819s] [ 17%] [32mBuilding CXX object CMakeFiles/px4_msgs__rosidl_typesupport_cpp.dir/rosidl_typesupport_cpp/px4_msgs/msg/flight_phase_estimation__type_support.cpp.o[0m
[11.872s] [ 17%] [32mBuilding C object CMakeFiles/px4_msgs__rosidl_generator_c.dir/rosidl_generator_c/px4_msgs/msg/detail/sensor_accel__functions.c.o[0m
[11.963s] [ 17%] [32mBuilding CXX object CMakeFiles/px4_msgs__rosidl_typesupport_introspection_cpp.dir/rosidl_typesupport_introspection_cpp/px4_msgs/msg/detail/estimator_states__type_support.cpp.o[0m
[11.968s] [ 17%] [32mBuilding C object CMakeFiles/px4_msgs__rosidl_generator_c.dir/rosidl_generator_c/px4_msgs/msg/detail/sensor_accel_fifo__functions.c.o[0m
[12.066s] [ 17%] [32mBuilding C object CMakeFiles/px4_msgs__rosidl_generator_c.dir/rosidl_generator_c/px4_msgs/msg/detail/sensor_airflow__functions.c.o[0m
[12.133s] [ 17%] [32mBuilding CXX object CMakeFiles/px4_msgs__rosidl_typesupport_fastrtps_cpp.dir/rosidl_typesupport_fastrtps_cpp/px4_msgs/msg/detail/dds_fastrtps/estimator_status_flags__type_support.cpp.o[0m
[12.136s] [ 17%] [32mBuilding CXX object CMakeFiles/px4_msgs__rosidl_typesupport_introspection_cpp.dir/rosidl_typesupport_introspection_cpp/px4_msgs/msg/detail/estimator_status__type_support.cpp.o[0m
[12.163s] [ 17%] [32mBuilding C object CMakeFiles/px4_msgs__rosidl_generator_c.dir/rosidl_generator_c/px4_msgs/msg/detail/sensor_baro__functions.c.o[0m
[12.203s] [ 17%] [32mBuilding CXX object CMakeFiles/px4_msgs__rosidl_typesupport_cpp.dir/rosidl_typesupport_cpp/px4_msgs/msg/follow_target__type_support.cpp.o[0m
[12.214s] [ 17%] [32mBuilding C object CMakeFiles/px4_msgs__rosidl_generator_c.dir/rosidl_generator_c/px4_msgs/msg/detail/sensor_combined__functions.c.o[0m
[12.257s] [ 17%] [32mBuilding C object CMakeFiles/px4_msgs__rosidl_generator_c.dir/rosidl_generator_c/px4_msgs/msg/detail/sensor_correction__functions.c.o[0m
[12.316s] [ 17%] [32mBuilding C object CMakeFiles/px4_msgs__rosidl_generator_c.dir/rosidl_generator_c/px4_msgs/msg/detail/sensor_gnss_relative__functions.c.o[0m
[12.353s] [ 18%] [32mBuilding C object CMakeFiles/px4_msgs__rosidl_generator_c.dir/rosidl_generator_c/px4_msgs/msg/detail/sensor_gps__functions.c.o[0m
[12.364s] [ 19%] [32mBuilding CXX object CMakeFiles/px4_msgs__rosidl_typesupport_cpp.dir/rosidl_typesupport_cpp/px4_msgs/msg/follow_target_estimator__type_support.cpp.o[0m
[12.381s] [ 19%] [32mBuilding CXX object CMakeFiles/px4_msgs__rosidl_typesupport_introspection_cpp.dir/rosidl_typesupport_introspection_cpp/px4_msgs/msg/detail/estimator_status_flags__type_support.cpp.o[0m
[12.387s] [ 19%] [32mBuilding CXX object CMakeFiles/px4_msgs__rosidl_typesupport_fastrtps_cpp.dir/rosidl_typesupport_fastrtps_cpp/px4_msgs/msg/detail/dds_fastrtps/event__type_support.cpp.o[0m
[12.416s] [ 19%] [32mBuilding CXX object CMakeFiles/px4_msgs__rosidl_typesupport_introspection_cpp.dir/rosidl_typesupport_introspection_cpp/px4_msgs/msg/detail/event__type_support.cpp.o[0m
[12.462s] [ 19%] [32mBuilding C object CMakeFiles/px4_msgs__rosidl_generator_c.dir/rosidl_generator_c/px4_msgs/msg/detail/sensor_gyro__functions.c.o[0m
[12.481s] [ 19%] [32mBuilding CXX object CMakeFiles/px4_msgs__rosidl_typesupport_fastrtps_cpp.dir/rosidl_typesupport_fastrtps_cpp/px4_msgs/msg/detail/dds_fastrtps/failsafe_flags__type_support.cpp.o[0m
[12.533s] [ 19%] [32mBuilding CXX object CMakeFiles/px4_msgs__rosidl_typesupport_cpp.dir/rosidl_typesupport_cpp/px4_msgs/msg/follow_target_status__type_support.cpp.o[0m
[12.550s] [ 19%] [32mBuilding C object CMakeFiles/px4_msgs__rosidl_generator_c.dir/rosidl_generator_c/px4_msgs/msg/detail/sensor_gyro_fft__functions.c.o[0m
[12.568s] [ 19%] [32mBuilding CXX object CMakeFiles/px4_msgs__rosidl_typesupport_cpp.dir/rosidl_typesupport_cpp/px4_msgs/msg/fuel_tank_status__type_support.cpp.o[0m
[12.651s] [ 19%] [32mBuilding C object CMakeFiles/px4_msgs__rosidl_generator_c.dir/rosidl_generator_c/px4_msgs/msg/detail/sensor_gyro_fifo__functions.c.o[0m
[12.749s] [ 19%] [32mBuilding C object CMakeFiles/px4_msgs__rosidl_generator_c.dir/rosidl_generator_c/px4_msgs/msg/detail/sensor_hygrometer__functions.c.o[0m
[12.767s] [ 19%] [32mBuilding CXX object CMakeFiles/px4_msgs__rosidl_typesupport_fastrtps_cpp.dir/rosidl_typesupport_fastrtps_cpp/px4_msgs/msg/detail/dds_fastrtps/failure_detector_status__type_support.cpp.o[0m
[12.795s] [ 19%] [32mBuilding C object CMakeFiles/px4_msgs__rosidl_generator_c.dir/rosidl_generator_c/px4_msgs/msg/detail/sensor_mag__functions.c.o[0m
[12.846s] [ 19%] [32mBuilding C object CMakeFiles/px4_msgs__rosidl_generator_c.dir/rosidl_generator_c/px4_msgs/msg/detail/sensor_optical_flow__functions.c.o[0m
[12.892s] [ 19%] [32mBuilding C object CMakeFiles/px4_msgs__rosidl_generator_c.dir/rosidl_generator_c/px4_msgs/msg/detail/sensor_preflight_mag__functions.c.o[0m
[12.925s] [ 19%] [32mBuilding C object CMakeFiles/px4_msgs__rosidl_generator_c.dir/rosidl_generator_c/px4_msgs/msg/detail/sensor_selection__functions.c.o[0m
[12.953s] [ 19%] [32mBuilding CXX object CMakeFiles/px4_msgs__rosidl_typesupport_cpp.dir/rosidl_typesupport_cpp/px4_msgs/msg/generator_status__type_support.cpp.o[0m
[12.970s] [ 19%] [32mBuilding CXX object CMakeFiles/px4_msgs__rosidl_typesupport_introspection_cpp.dir/rosidl_typesupport_introspection_cpp/px4_msgs/msg/detail/failsafe_flags__type_support.cpp.o[0m
[12.990s] [ 19%] [32mBuilding CXX object CMakeFiles/px4_msgs__rosidl_typesupport_fastrtps_cpp.dir/rosidl_typesupport_fastrtps_cpp/px4_msgs/msg/detail/dds_fastrtps/figure_eight_status__type_support.cpp.o[0m
[13.023s] [ 19%] [32mBuilding C object CMakeFiles/px4_msgs__rosidl_generator_c.dir/rosidl_generator_c/px4_msgs/msg/detail/sensor_uwb__functions.c.o[0m
[13.056s] [ 19%] [32mBuilding CXX object CMakeFiles/px4_msgs__rosidl_typesupport_introspection_cpp.dir/rosidl_typesupport_introspection_cpp/px4_msgs/msg/detail/failure_detector_status__type_support.cpp.o[0m
[13.095s] [ 19%] [32mBuilding CXX object CMakeFiles/px4_msgs__rosidl_typesupport_introspection_cpp.dir/rosidl_typesupport_introspection_cpp/px4_msgs/msg/detail/figure_eight_status__type_support.cpp.o[0m
[13.127s] [ 19%] [32mBuilding C object CMakeFiles/px4_msgs__rosidl_generator_c.dir/rosidl_generator_c/px4_msgs/msg/detail/sensors_status__functions.c.o[0m
[13.142s] [ 19%] [32mBuilding CXX object CMakeFiles/px4_msgs__rosidl_typesupport_fastrtps_cpp.dir/rosidl_typesupport_fastrtps_cpp/px4_msgs/msg/detail/dds_fastrtps/flight_phase_estimation__type_support.cpp.o[0m
[13.191s] [ 19%] [32mBuilding C object CMakeFiles/px4_msgs__rosidl_generator_c.dir/rosidl_generator_c/px4_msgs/msg/detail/sensors_status_imu__functions.c.o[0m
[13.230s] [ 19%] [32mBuilding C object CMakeFiles/px4_msgs__rosidl_generator_c.dir/rosidl_generator_c/px4_msgs/msg/detail/system_power__functions.c.o[0m
[13.235s] [ 19%] [32mBuilding C object CMakeFiles/px4_msgs__rosidl_generator_c.dir/rosidl_generator_c/px4_msgs/msg/detail/takeoff_status__functions.c.o[0m
[13.241s] [ 19%] [32mBuilding CXX object CMakeFiles/px4_msgs__rosidl_typesupport_cpp.dir/rosidl_typesupport_cpp/px4_msgs/msg/geofence_result__type_support.cpp.o[0m
[13.294s] [ 19%] [32mBuilding CXX object CMakeFiles/px4_msgs__rosidl_typesupport_introspection_cpp.dir/rosidl_typesupport_introspection_cpp/px4_msgs/msg/detail/flight_phase_estimation__type_support.cpp.o[0m
[13.332s] [ 19%] [32mBuilding CXX object CMakeFiles/px4_msgs__rosidl_typesupport_fastrtps_cpp.dir/rosidl_typesupport_fastrtps_cpp/px4_msgs/msg/detail/dds_fastrtps/follow_target__type_support.cpp.o[0m
[13.338s] [ 19%] [32mBuilding C object CMakeFiles/px4_msgs__rosidl_generator_c.dir/rosidl_generator_c/px4_msgs/msg/detail/task_stack_info__functions.c.o[0m
[13.377s] [ 19%] [32mBuilding CXX object CMakeFiles/px4_msgs__rosidl_typesupport_introspection_cpp.dir/rosidl_typesupport_introspection_cpp/px4_msgs/msg/detail/follow_target__type_support.cpp.o[0m
[13.432s] [ 19%] [32mBuilding C object CMakeFiles/px4_msgs__rosidl_generator_c.dir/rosidl_generator_c/px4_msgs/msg/detail/tecs_status__functions.c.o[0m
[13.525s] [ 20%] [32mBuilding CXX object CMakeFiles/px4_msgs__rosidl_typesupport_fastrtps_cpp.dir/rosidl_typesupport_fastrtps_cpp/px4_msgs/msg/detail/dds_fastrtps/follow_target_estimator__type_support.cpp.o[0m
[13.533s] [ 20%] [32mBuilding C object CMakeFiles/px4_msgs__rosidl_generator_c.dir/rosidl_generator_c/px4_msgs/msg/detail/telemetry_status__functions.c.o[0m
[13.616s] [ 21%] [32mBuilding CXX object CMakeFiles/px4_msgs__rosidl_typesupport_introspection_cpp.dir/rosidl_typesupport_introspection_cpp/px4_msgs/msg/detail/follow_target_estimator__type_support.cpp.o[0m
[13.637s] [ 21%] [32mBuilding C object CMakeFiles/px4_msgs__rosidl_generator_c.dir/rosidl_generator_c/px4_msgs/msg/detail/tiltrotor_extra_controls__functions.c.o[0m
[13.732s] [ 22%] [32mBuilding C object CMakeFiles/px4_msgs__rosidl_generator_c.dir/rosidl_generator_c/px4_msgs/msg/detail/timesync_status__functions.c.o[0m
[13.778s] [ 22%] [32mBuilding CXX object CMakeFiles/px4_msgs__rosidl_typesupport_fastrtps_cpp.dir/rosidl_typesupport_fastrtps_cpp/px4_msgs/msg/detail/dds_fastrtps/follow_target_status__type_support.cpp.o[0m
[13.829s] [ 22%] [32mBuilding C object CMakeFiles/px4_msgs__rosidl_generator_c.dir/rosidl_generator_c/px4_msgs/msg/detail/trajectory_bezier__functions.c.o[0m
[13.838s] [ 22%] [32mBuilding CXX object CMakeFiles/px4_msgs__rosidl_typesupport_introspection_cpp.dir/rosidl_typesupport_introspection_cpp/px4_msgs/msg/detail/follow_target_status__type_support.cpp.o[0m
[13.838s] [ 22%] [32mBuilding CXX object CMakeFiles/px4_msgs__rosidl_typesupport_cpp.dir/rosidl_typesupport_cpp/px4_msgs/msg/geofence_status__type_support.cpp.o[0m
[13.853s] [ 22%] [32mBuilding C object CMakeFiles/px4_msgs__rosidl_generator_c.dir/rosidl_generator_c/px4_msgs/msg/detail/trajectory_setpoint__functions.c.o[0m
[13.894s] [ 22%] [32mBuilding C object CMakeFiles/px4_msgs__rosidl_generator_c.dir/rosidl_generator_c/px4_msgs/msg/detail/trajectory_waypoint__functions.c.o[0m
[13.924s] [ 22%] [32mBuilding C object CMakeFiles/px4_msgs__rosidl_generator_c.dir/rosidl_generator_c/px4_msgs/msg/detail/transponder_report__functions.c.o[0m
[13.948s] [ 22%] [32mBuilding CXX object CMakeFiles/px4_msgs__rosidl_typesupport_fastrtps_cpp.dir/rosidl_typesupport_fastrtps_cpp/px4_msgs/msg/detail/dds_fastrtps/fuel_tank_status__type_support.cpp.o[0m
[13.984s] [ 22%] [32mBuilding CXX object CMakeFiles/px4_msgs__rosidl_typesupport_fastrtps_cpp.dir/rosidl_typesupport_fastrtps_cpp/px4_msgs/msg/detail/dds_fastrtps/generator_status__type_support.cpp.o[0m
[13.998s] [ 22%] [32mBuilding CXX object CMakeFiles/px4_msgs__rosidl_typesupport_introspection_cpp.dir/rosidl_typesupport_introspection_cpp/px4_msgs/msg/detail/fuel_tank_status__type_support.cpp.o[0m
[14.028s] [ 22%] [32mBuilding C object CMakeFiles/px4_msgs__rosidl_generator_c.dir/rosidl_generator_c/px4_msgs/msg/detail/tune_control__functions.c.o[0m
[14.092s] [ 22%] [32mBuilding C object CMakeFiles/px4_msgs__rosidl_generator_c.dir/rosidl_generator_c/px4_msgs/msg/detail/uavcan_parameter_request__functions.c.o[0m
[14.122s] [ 22%] [32mBuilding CXX object CMakeFiles/px4_msgs__rosidl_typesupport_cpp.dir/rosidl_typesupport_cpp/px4_msgs/msg/gimbal_controls__type_support.cpp.o[0m
[14.173s] [ 22%] [32mBuilding CXX object CMakeFiles/px4_msgs__rosidl_typesupport_introspection_cpp.dir/rosidl_typesupport_introspection_cpp/px4_msgs/msg/detail/generator_status__type_support.cpp.o[0m
[14.180s] [ 22%] [32mBuilding CXX object CMakeFiles/px4_msgs__rosidl_typesupport_fastrtps_cpp.dir/rosidl_typesupport_fastrtps_cpp/px4_msgs/msg/detail/dds_fastrtps/geofence_result__type_support.cpp.o[0m
[14.192s] [ 22%] [32mBuilding C object CMakeFiles/px4_msgs__rosidl_generator_c.dir/rosidl_generator_c/px4_msgs/msg/detail/uavcan_parameter_value__functions.c.o[0m
[14.289s] [ 22%] [32mBuilding C object CMakeFiles/px4_msgs__rosidl_generator_c.dir/rosidl_generator_c/px4_msgs/msg/detail/ulog_stream__functions.c.o[0m
[14.376s] [ 22%] [32mBuilding CXX object CMakeFiles/px4_msgs__rosidl_typesupport_introspection_cpp.dir/rosidl_typesupport_introspection_cpp/px4_msgs/msg/detail/geofence_result__type_support.cpp.o[0m
[14.390s] [ 22%] [32mBuilding C object CMakeFiles/px4_msgs__rosidl_generator_c.dir/rosidl_generator_c/px4_msgs/msg/detail/ulog_stream_ack__functions.c.o[0m
[14.409s] [ 22%] [32mBuilding CXX object CMakeFiles/px4_msgs__rosidl_typesupport_cpp.dir/rosidl_typesupport_cpp/px4_msgs/msg/gimbal_device_attitude_status__type_support.cpp.o[0m
[14.459s] [ 22%] [32mBuilding CXX object CMakeFiles/px4_msgs__rosidl_typesupport_fastrtps_cpp.dir/rosidl_typesupport_fastrtps_cpp/px4_msgs/msg/detail/dds_fastrtps/geofence_status__type_support.cpp.o[0m
[14.489s] [ 22%] [32mBuilding C object CMakeFiles/px4_msgs__rosidl_generator_c.dir/rosidl_generator_c/px4_msgs/msg/detail/unregister_ext_component__functions.c.o[0m
[14.587s] [ 22%] [32mBuilding C object CMakeFiles/px4_msgs__rosidl_generator_c.dir/rosidl_generator_c/px4_msgs/msg/detail/vehicle_acceleration__functions.c.o[0m
[14.637s] [ 22%] [32mBuilding CXX object CMakeFiles/px4_msgs__rosidl_typesupport_cpp.dir/rosidl_typesupport_cpp/px4_msgs/msg/gimbal_device_information__type_support.cpp.o[0m
[14.645s] [ 22%] [32mBuilding CXX object CMakeFiles/px4_msgs__rosidl_typesupport_cpp.dir/rosidl_typesupport_cpp/px4_msgs/msg/gimbal_device_set_attitude__type_support.cpp.o[0m
[14.684s] [ 22%] [32mBuilding C object CMakeFiles/px4_msgs__rosidl_generator_c.dir/rosidl_generator_c/px4_msgs/msg/detail/vehicle_air_data__functions.c.o[0m
[14.687s] [ 22%] [32mBuilding CXX object CMakeFiles/px4_msgs__rosidl_typesupport_introspection_cpp.dir/rosidl_typesupport_introspection_cpp/px4_msgs/msg/detail/geofence_status__type_support.cpp.o[0m
[14.780s] [ 22%] [32mBuilding C object CMakeFiles/px4_msgs__rosidl_generator_c.dir/rosidl_generator_c/px4_msgs/msg/detail/vehicle_angular_acceleration_setpoint__functions.c.o[0m
[14.781s] [ 22%] [32mBuilding CXX object CMakeFiles/px4_msgs__rosidl_typesupport_introspection_cpp.dir/rosidl_typesupport_introspection_cpp/px4_msgs/msg/detail/gimbal_controls__type_support.cpp.o[0m
[14.807s] [ 22%] [32mBuilding C object CMakeFiles/px4_msgs__rosidl_generator_c.dir/rosidl_generator_c/px4_msgs/msg/detail/vehicle_angular_velocity__functions.c.o[0m
[14.841s] [ 22%] [32mBuilding CXX object CMakeFiles/px4_msgs__rosidl_typesupport_cpp.dir/rosidl_typesupport_cpp/px4_msgs/msg/gimbal_manager_information__type_support.cpp.o[0m
[14.873s] [ 22%] [32mBuilding C object CMakeFiles/px4_msgs__rosidl_generator_c.dir/rosidl_generator_c/px4_msgs/msg/detail/vehicle_attitude__functions.c.o[0m
[14.903s] [ 22%] [32mBuilding CXX object CMakeFiles/px4_msgs__rosidl_typesupport_cpp.dir/rosidl_typesupport_cpp/px4_msgs/msg/gimbal_manager_set_attitude__type_support.cpp.o[0m
[14.969s] [ 22%] [32mBuilding C object CMakeFiles/px4_msgs__rosidl_generator_c.dir/rosidl_generator_c/px4_msgs/msg/detail/vehicle_attitude_setpoint__functions.c.o[0m
[14.980s] [ 22%] [32mBuilding CXX object CMakeFiles/px4_msgs__rosidl_typesupport_fastrtps_cpp.dir/rosidl_typesupport_fastrtps_cpp/px4_msgs/msg/detail/dds_fastrtps/gimbal_controls__type_support.cpp.o[0m
[14.985s] [ 23%] [32mBuilding C object CMakeFiles/px4_msgs__rosidl_generator_c.dir/rosidl_generator_c/px4_msgs/msg/detail/vehicle_command__functions.c.o[0m
[15.023s] [ 23%] [32mBuilding C object CMakeFiles/px4_msgs__rosidl_generator_c.dir/rosidl_generator_c/px4_msgs/msg/detail/vehicle_command_ack__functions.c.o[0m
[15.068s] [ 23%] [32mBuilding CXX object CMakeFiles/px4_msgs__rosidl_typesupport_fastrtps_cpp.dir/rosidl_typesupport_fastrtps_cpp/px4_msgs/msg/detail/dds_fastrtps/gimbal_device_attitude_status__type_support.cpp.o[0m
[15.086s] [ 23%] [32mBuilding CXX object CMakeFiles/px4_msgs__rosidl_typesupport_fastrtps_cpp.dir/rosidl_typesupport_fastrtps_cpp/px4_msgs/msg/detail/dds_fastrtps/gimbal_device_information__type_support.cpp.o[0m
[15.120s] [ 23%] [32mBuilding C object CMakeFiles/px4_msgs__rosidl_generator_c.dir/rosidl_generator_c/px4_msgs/msg/detail/vehicle_constraints__functions.c.o[0m
[15.174s] [ 23%] [32mBuilding CXX object CMakeFiles/px4_msgs__rosidl_typesupport_cpp.dir/rosidl_typesupport_cpp/px4_msgs/msg/gimbal_manager_set_manual_control__type_support.cpp.o[0m
[15.199s] [ 23%] [32mBuilding CXX object CMakeFiles/px4_msgs__rosidl_typesupport_fastrtps_cpp.dir/rosidl_typesupport_fastrtps_cpp/px4_msgs/msg/detail/dds_fastrtps/gimbal_device_set_attitude__type_support.cpp.o[0m
[15.211s] [ 23%] [32mBuilding C object CMakeFiles/px4_msgs__rosidl_generator_c.dir/rosidl_generator_c/px4_msgs/msg/detail/vehicle_control_mode__functions.c.o[0m
[15.217s] [ 23%] [32mBuilding C object CMakeFiles/px4_msgs__rosidl_generator_c.dir/rosidl_generator_c/px4_msgs/msg/detail/vehicle_global_position__functions.c.o[0m
[15.301s] [ 23%] [32mBuilding CXX object CMakeFiles/px4_msgs__rosidl_typesupport_introspection_cpp.dir/rosidl_typesupport_introspection_cpp/px4_msgs/msg/detail/gimbal_device_attitude_status__type_support.cpp.o[0m
[15.309s] [ 23%] [32mBuilding CXX object CMakeFiles/px4_msgs__rosidl_typesupport_fastrtps_cpp.dir/rosidl_typesupport_fastrtps_cpp/px4_msgs/msg/detail/dds_fastrtps/gimbal_manager_information__type_support.cpp.o[0m
[15.317s] [ 23%] [32mBuilding C object CMakeFiles/px4_msgs__rosidl_generator_c.dir/rosidl_generator_c/px4_msgs/msg/detail/vehicle_imu__functions.c.o[0m
[15.404s] [ 23%] [32mBuilding CXX object CMakeFiles/px4_msgs__rosidl_typesupport_fastrtps_cpp.dir/rosidl_typesupport_fastrtps_cpp/px4_msgs/msg/detail/dds_fastrtps/gimbal_manager_set_attitude__type_support.cpp.o[0m
[15.419s] [ 23%] [32mBuilding C object CMakeFiles/px4_msgs__rosidl_generator_c.dir/rosidl_generator_c/px4_msgs/msg/detail/vehicle_imu_status__functions.c.o[0m
[15.470s] [ 23%] [32mBuilding C object CMakeFiles/px4_msgs__rosidl_generator_c.dir/rosidl_generator_c/px4_msgs/msg/detail/vehicle_land_detected__functions.c.o[0m
[15.498s] [ 23%] [32mBuilding CXX object CMakeFiles/px4_msgs__rosidl_typesupport_introspection_cpp.dir/rosidl_typesupport_introspection_cpp/px4_msgs/msg/detail/gimbal_device_information__type_support.cpp.o[0m
[15.528s] [ 23%] [32mBuilding C object CMakeFiles/px4_msgs__rosidl_generator_c.dir/rosidl_generator_c/px4_msgs/msg/detail/vehicle_local_position__functions.c.o[0m
[15.568s] [ 23%] [32mBuilding CXX object CMakeFiles/px4_msgs__rosidl_typesupport_fastrtps_cpp.dir/rosidl_typesupport_fastrtps_cpp/px4_msgs/msg/detail/dds_fastrtps/gimbal_manager_set_manual_control__type_support.cpp.o[0m
[15.585s] [ 23%] [32mBuilding CXX object CMakeFiles/px4_msgs__rosidl_typesupport_cpp.dir/rosidl_typesupport_cpp/px4_msgs/msg/gimbal_manager_status__type_support.cpp.o[0m
[15.640s] [ 23%] [32mBuilding C object CMakeFiles/px4_msgs__rosidl_generator_c.dir/rosidl_generator_c/px4_msgs/msg/detail/vehicle_local_position_setpoint__functions.c.o[0m
[15.733s] [ 23%] [32mBuilding CXX object CMakeFiles/px4_msgs__rosidl_typesupport_introspection_cpp.dir/rosidl_typesupport_introspection_cpp/px4_msgs/msg/detail/gimbal_device_set_attitude__type_support.cpp.o[0m
[15.740s] [ 23%] [32mBuilding C object CMakeFiles/px4_msgs__rosidl_generator_c.dir/rosidl_generator_c/px4_msgs/msg/detail/vehicle_magnetometer__functions.c.o[0m
[15.823s] [ 23%] [32mBuilding CXX object CMakeFiles/px4_msgs__rosidl_typesupport_introspection_cpp.dir/rosidl_typesupport_introspection_cpp/px4_msgs/msg/detail/gimbal_manager_information__type_support.cpp.o[0m
[15.835s] [ 23%] [32mBuilding C object CMakeFiles/px4_msgs__rosidl_generator_c.dir/rosidl_generator_c/px4_msgs/msg/detail/vehicle_odometry__functions.c.o[0m
[15.919s] [ 23%] [32mBuilding CXX object CMakeFiles/px4_msgs__rosidl_typesupport_introspection_cpp.dir/rosidl_typesupport_introspection_cpp/px4_msgs/msg/detail/gimbal_manager_set_attitude__type_support.cpp.o[0m
[15.936s] [ 23%] [32mBuilding C object CMakeFiles/px4_msgs__rosidl_generator_c.dir/rosidl_generator_c/px4_msgs/msg/detail/vehicle_optical_flow__functions.c.o[0m
[15.968s] [ 23%] [32mBuilding CXX object CMakeFiles/px4_msgs__rosidl_typesupport_cpp.dir/rosidl_typesupport_cpp/px4_msgs/msg/goto_setpoint__type_support.cpp.o[0m
[16.034s] [ 23%] [32mBuilding C object CMakeFiles/px4_msgs__rosidl_generator_c.dir/rosidl_generator_c/px4_msgs/msg/detail/vehicle_optical_flow_vel__functions.c.o[0m
[16.056s] [ 23%] [32mBuilding CXX object CMakeFiles/px4_msgs__rosidl_typesupport_introspection_cpp.dir/rosidl_typesupport_introspection_cpp/px4_msgs/msg/detail/gimbal_manager_set_manual_control__type_support.cpp.o[0m
[16.135s] [ 23%] [32mBuilding C object CMakeFiles/px4_msgs__rosidl_generator_c.dir/rosidl_generator_c/px4_msgs/msg/detail/vehicle_rates_setpoint__functions.c.o[0m
[16.151s] [ 23%] [32mBuilding CXX object CMakeFiles/px4_msgs__rosidl_typesupport_cpp.dir/rosidl_typesupport_cpp/px4_msgs/msg/gpio_config__type_support.cpp.o[0m
[16.154s] [ 23%] [32mBuilding CXX object CMakeFiles/px4_msgs__rosidl_typesupport_cpp.dir/rosidl_typesupport_cpp/px4_msgs/msg/gpio_in__type_support.cpp.o[0m
[16.155s] [ 23%] [32mBuilding C object CMakeFiles/px4_msgs__rosidl_generator_c.dir/rosidl_generator_c/px4_msgs/msg/detail/vehicle_roi__functions.c.o[0m
[16.233s] [ 23%] [32mBuilding C object CMakeFiles/px4_msgs__rosidl_generator_c.dir/rosidl_generator_c/px4_msgs/msg/detail/vehicle_status__functions.c.o[0m
[16.255s] [ 23%] [32mBuilding CXX object CMakeFiles/px4_msgs__rosidl_typesupport_introspection_cpp.dir/rosidl_typesupport_introspection_cpp/px4_msgs/msg/detail/gimbal_manager_status__type_support.cpp.o[0m
[16.261s] [ 23%] [32mBuilding CXX object CMakeFiles/px4_msgs__rosidl_typesupport_cpp.dir/rosidl_typesupport_cpp/px4_msgs/msg/gpio_out__type_support.cpp.o[0m
[16.328s] [ 24%] [32mBuilding CXX object CMakeFiles/px4_msgs__rosidl_typesupport_cpp.dir/rosidl_typesupport_cpp/px4_msgs/msg/gpio_request__type_support.cpp.o[0m
[16.343s] [ 24%] [32mBuilding C object CMakeFiles/px4_msgs__rosidl_generator_c.dir/rosidl_generator_c/px4_msgs/msg/detail/vehicle_thrust_setpoint__functions.c.o[0m
[16.414s] [ 24%] [32mBuilding CXX object CMakeFiles/px4_msgs__rosidl_typesupport_fastrtps_cpp.dir/rosidl_typesupport_fastrtps_cpp/px4_msgs/msg/detail/dds_fastrtps/gimbal_manager_status__type_support.cpp.o[0m
[16.441s] [ 25%] [32mBuilding C object CMakeFiles/px4_msgs__rosidl_generator_c.dir/rosidl_generator_c/px4_msgs/msg/detail/vehicle_torque_setpoint__functions.c.o[0m
[16.544s] [ 25%] [32mBuilding CXX object CMakeFiles/px4_msgs__rosidl_typesupport_introspection_cpp.dir/rosidl_typesupport_introspection_cpp/px4_msgs/msg/detail/goto_setpoint__type_support.cpp.o[0m
[16.561s] [ 25%] [32mBuilding CXX object CMakeFiles/px4_msgs__rosidl_typesupport_fastrtps_cpp.dir/rosidl_typesupport_fastrtps_cpp/px4_msgs/msg/detail/dds_fastrtps/goto_setpoint__type_support.cpp.o[0m
[16.587s] [ 25%] [32mBuilding C object CMakeFiles/px4_msgs__rosidl_generator_c.dir/rosidl_generator_c/px4_msgs/msg/detail/vehicle_trajectory_bezier__functions.c.o[0m
[16.626s] [ 25%] [32mBuilding CXX object CMakeFiles/px4_msgs__rosidl_typesupport_fastrtps_cpp.dir/rosidl_typesupport_fastrtps_cpp/px4_msgs/msg/detail/dds_fastrtps/gpio_config__type_support.cpp.o[0m
[16.693s] [ 25%] [32mBuilding C object CMakeFiles/px4_msgs__rosidl_generator_c.dir/rosidl_generator_c/px4_msgs/msg/detail/vehicle_trajectory_waypoint__functions.c.o[0m
[16.722s] [ 25%] [32mBuilding CXX object CMakeFiles/px4_msgs__rosidl_typesupport_introspection_cpp.dir/rosidl_typesupport_introspection_cpp/px4_msgs/msg/detail/gpio_config__type_support.cpp.o[0m
[16.726s] [ 25%] [32mBuilding CXX object CMakeFiles/px4_msgs__rosidl_typesupport_cpp.dir/rosidl_typesupport_cpp/px4_msgs/msg/gps_dump__type_support.cpp.o[0m
[16.737s] [ 25%] [32mBuilding CXX object CMakeFiles/px4_msgs__rosidl_typesupport_fastrtps_cpp.dir/rosidl_typesupport_fastrtps_cpp/px4_msgs/msg/detail/dds_fastrtps/gpio_in__type_support.cpp.o[0m
[16.792s] [ 25%] [32mBuilding C object CMakeFiles/px4_msgs__rosidl_generator_c.dir/rosidl_generator_c/px4_msgs/msg/detail/velocity_limits__functions.c.o[0m
[16.825s] [ 25%] [32mBuilding CXX object CMakeFiles/px4_msgs__rosidl_typesupport_introspection_cpp.dir/rosidl_typesupport_introspection_cpp/px4_msgs/msg/detail/gpio_in__type_support.cpp.o[0m
[16.868s] [ 25%] [32mBuilding CXX object CMakeFiles/px4_msgs__rosidl_typesupport_cpp.dir/rosidl_typesupport_cpp/px4_msgs/msg/gps_inject_data__type_support.cpp.o[0m
[16.886s] [ 25%] [32mBuilding C object CMakeFiles/px4_msgs__rosidl_generator_c.dir/rosidl_generator_c/px4_msgs/msg/detail/vtol_vehicle_status__functions.c.o[0m
[16.892s] [ 25%] [32mBuilding C object CMakeFiles/px4_msgs__rosidl_generator_c.dir/rosidl_generator_c/px4_msgs/msg/detail/wheel_encoders__functions.c.o[0m
[16.978s] [ 25%] [32mBuilding CXX object CMakeFiles/px4_msgs__rosidl_typesupport_fastrtps_cpp.dir/rosidl_typesupport_fastrtps_cpp/px4_msgs/msg/detail/dds_fastrtps/gpio_out__type_support.cpp.o[0m
[16.989s] [ 25%] [32mBuilding C object CMakeFiles/px4_msgs__rosidl_generator_c.dir/rosidl_generator_c/px4_msgs/msg/detail/wind__functions.c.o[0m
[17.085s] [ 25%] [32mBuilding C object CMakeFiles/px4_msgs__rosidl_generator_c.dir/rosidl_generator_c/px4_msgs/msg/detail/yaw_estimator_status__functions.c.o[0m
[17.092s] [ 26%] [32mBuilding CXX object CMakeFiles/px4_msgs__rosidl_typesupport_fastrtps_cpp.dir/rosidl_typesupport_fastrtps_cpp/px4_msgs/msg/detail/dds_fastrtps/gpio_request__type_support.cpp.o[0m
[17.183s] [ 26%] [32mBuilding C object CMakeFiles/px4_msgs__rosidl_generator_c.dir/rosidl_generator_c/px4_msgs/srv/detail/vehicle_command__functions.c.o[0m
[17.279s] [ 26%] [32mBuilding CXX object CMakeFiles/px4_msgs__rosidl_typesupport_cpp.dir/rosidl_typesupport_cpp/px4_msgs/msg/gripper__type_support.cpp.o[0m
[17.297s] [ 27%] [32mBuilding CXX object CMakeFiles/px4_msgs__rosidl_typesupport_introspection_cpp.dir/rosidl_typesupport_introspection_cpp/px4_msgs/msg/detail/gpio_out__type_support.cpp.o[0m
[17.309s] [ 27%] [32m[1mLinking C shared library libpx4_msgs__rosidl_generator_c.so[0m
[17.367s] [ 27%] [32mBuilding CXX object CMakeFiles/px4_msgs__rosidl_typesupport_fastrtps_cpp.dir/rosidl_typesupport_fastrtps_cpp/px4_msgs/msg/detail/dds_fastrtps/gps_dump__type_support.cpp.o[0m
[17.426s] [ 27%] [32mBuilding CXX object CMakeFiles/px4_msgs__rosidl_typesupport_introspection_cpp.dir/rosidl_typesupport_introspection_cpp/px4_msgs/msg/detail/gpio_request__type_support.cpp.o[0m
[17.439s] [ 27%] [32mBuilding CXX object CMakeFiles/px4_msgs__rosidl_typesupport_introspection_cpp.dir/rosidl_typesupport_introspection_cpp/px4_msgs/msg/detail/gps_dump__type_support.cpp.o[0m
[17.456s] [ 27%] [32mBuilding CXX object CMakeFiles/px4_msgs__rosidl_typesupport_introspection_cpp.dir/rosidl_typesupport_introspection_cpp/px4_msgs/msg/detail/gps_inject_data__type_support.cpp.o[0m
[17.524s] [ 27%] Built target px4_msgs__rosidl_generator_c
[17.541s] [ 27%] [32mBuilding CXX object CMakeFiles/px4_msgs__rosidl_typesupport_introspection_cpp.dir/rosidl_typesupport_introspection_cpp/px4_msgs/msg/detail/gripper__type_support.cpp.o[0m
[17.560s] [ 27%] [32mBuilding CXX object CMakeFiles/px4_msgs__rosidl_typesupport_fastrtps_cpp.dir/rosidl_typesupport_fastrtps_cpp/px4_msgs/msg/detail/dds_fastrtps/gps_inject_data__type_support.cpp.o[0m
[17.618s] [ 27%] [32mBuilding CXX object CMakeFiles/px4_msgs__rosidl_typesupport_cpp.dir/rosidl_typesupport_cpp/px4_msgs/msg/health_report__type_support.cpp.o[0m
[17.796s] [ 27%] [32mBuilding CXX object CMakeFiles/px4_msgs__rosidl_typesupport_cpp.dir/rosidl_typesupport_cpp/px4_msgs/msg/heater_status__type_support.cpp.o[0m
[17.839s] [ 27%] [32mBuilding CXX object CMakeFiles/px4_msgs__rosidl_typesupport_fastrtps_c.dir/rosidl_typesupport_fastrtps_c/px4_msgs/msg/detail/action_request__type_support_c.cpp.o[0m
[17.846s] [ 27%] [32mBuilding CXX object CMakeFiles/px4_msgs__rosidl_typesupport_cpp.dir/rosidl_typesupport_cpp/px4_msgs/msg/home_position__type_support.cpp.o[0m
[17.916s] [ 27%] [32mBuilding CXX object CMakeFiles/px4_msgs__rosidl_typesupport_introspection_cpp.dir/rosidl_typesupport_introspection_cpp/px4_msgs/msg/detail/health_report__type_support.cpp.o[0m
[18.180s] [ 27%] [32mBuilding CXX object CMakeFiles/px4_msgs__rosidl_typesupport_fastrtps_c.dir/rosidl_typesupport_fastrtps_c/px4_msgs/msg/detail/actuator_armed__type_support_c.cpp.o[0m
[18.222s] [ 27%] [32mBuilding CXX object CMakeFiles/px4_msgs__rosidl_typesupport_introspection_cpp.dir/rosidl_typesupport_introspection_cpp/px4_msgs/msg/detail/heater_status__type_support.cpp.o[0m
[18.248s] [ 27%] [32mBuilding C object CMakeFiles/px4_msgs__rosidl_typesupport_introspection_c.dir/rosidl_typesupport_introspection_c/px4_msgs/msg/detail/action_request__type_support.c.o[0m
[18.265s] [ 27%] [32mBuilding CXX object CMakeFiles/px4_msgs__rosidl_typesupport_introspection_cpp.dir/rosidl_typesupport_introspection_cpp/px4_msgs/msg/detail/home_position__type_support.cpp.o[0m
[18.274s] [ 27%] [32mBuilding CXX object CMakeFiles/px4_msgs__rosidl_typesupport_fastrtps_cpp.dir/rosidl_typesupport_fastrtps_cpp/px4_msgs/msg/detail/dds_fastrtps/gripper__type_support.cpp.o[0m
[18.317s] [ 27%] [32mBuilding C object CMakeFiles/px4_msgs__rosidl_typesupport_introspection_c.dir/rosidl_typesupport_introspection_c/px4_msgs/msg/detail/actuator_armed__type_support.c.o[0m
[18.322s] [ 27%] [32mBuilding CXX object CMakeFiles/px4_msgs__rosidl_typesupport_c.dir/rosidl_typesupport_c/px4_msgs/msg/action_request__type_support.cpp.o[0m
[18.325s] [ 27%] [32mBuilding C object CMakeFiles/px4_msgs__rosidl_typesupport_introspection_c.dir/rosidl_typesupport_introspection_c/px4_msgs/msg/detail/actuator_controls_status__type_support.c.o[0m
[18.365s] [ 27%] [32mBuilding CXX object CMakeFiles/px4_msgs__rosidl_typesupport_c.dir/rosidl_typesupport_c/px4_msgs/msg/actuator_armed__type_support.cpp.o[0m
[18.386s] [ 27%] [32mBuilding CXX object CMakeFiles/px4_msgs__rosidl_typesupport_c.dir/rosidl_typesupport_c/px4_msgs/msg/actuator_controls_status__type_support.cpp.o[0m
[18.391s] [ 27%] [32mBuilding CXX object CMakeFiles/px4_msgs__rosidl_typesupport_fastrtps_c.dir/rosidl_typesupport_fastrtps_c/px4_msgs/msg/detail/actuator_controls_status__type_support_c.cpp.o[0m
[18.394s] [ 27%] [32mBuilding CXX object CMakeFiles/px4_msgs__rosidl_typesupport_cpp.dir/rosidl_typesupport_cpp/px4_msgs/msg/hover_thrust_estimate__type_support.cpp.o[0m
[18.394s] [ 27%] [32mBuilding C object CMakeFiles/px4_msgs__rosidl_typesupport_introspection_c.dir/rosidl_typesupport_introspection_c/px4_msgs/msg/detail/actuator_motors__type_support.c.o[0m
[18.404s] [ 27%] [32mBuilding CXX object CMakeFiles/px4_msgs__rosidl_typesupport_introspection_cpp.dir/rosidl_typesupport_introspection_cpp/px4_msgs/msg/detail/hover_thrust_estimate__type_support.cpp.o[0m
[18.430s] [ 27%] [32mBuilding CXX object CMakeFiles/px4_msgs__rosidl_typesupport_fastrtps_c.dir/rosidl_typesupport_fastrtps_c/px4_msgs/msg/detail/actuator_motors__type_support_c.cpp.o[0m
[18.449s] [ 27%] [32mBuilding CXX object CMakeFiles/px4_msgs__rosidl_typesupport_c.dir/rosidl_typesupport_c/px4_msgs/msg/actuator_motors__type_support.cpp.o[0m
[18.464s] [ 27%] [32mBuilding C object CMakeFiles/px4_msgs__rosidl_typesupport_introspection_c.dir/rosidl_typesupport_introspection_c/px4_msgs/msg/detail/actuator_outputs__type_support.c.o[0m
[18.510s] [ 27%] [32mBuilding CXX object CMakeFiles/px4_msgs__rosidl_typesupport_c.dir/rosidl_typesupport_c/px4_msgs/msg/actuator_outputs__type_support.cpp.o[0m
[18.539s] [ 27%] [32mBuilding C object CMakeFiles/px4_msgs__rosidl_typesupport_introspection_c.dir/rosidl_typesupport_introspection_c/px4_msgs/msg/detail/actuator_servos__type_support.c.o[0m
[18.562s] [ 27%] [32mBuilding C object CMakeFiles/px4_msgs__rosidl_typesupport_introspection_c.dir/rosidl_typesupport_introspection_c/px4_msgs/msg/detail/actuator_servos_trim__type_support.c.o[0m
[18.571s] [ 27%] [32mBuilding CXX object CMakeFiles/px4_msgs__rosidl_typesupport_c.dir/rosidl_typesupport_c/px4_msgs/msg/actuator_servos__type_support.cpp.o[0m
[18.613s] [ 27%] [32mBuilding CXX object CMakeFiles/px4_msgs__rosidl_typesupport_c.dir/rosidl_typesupport_c/px4_msgs/msg/actuator_servos_trim__type_support.cpp.o[0m
[18.634s] [ 27%] [32mBuilding C object CMakeFiles/px4_msgs__rosidl_typesupport_introspection_c.dir/rosidl_typesupport_introspection_c/px4_msgs/msg/detail/actuator_test__type_support.c.o[0m
[18.634s] [ 27%] [32mBuilding CXX object CMakeFiles/px4_msgs__rosidl_typesupport_cpp.dir/rosidl_typesupport_cpp/px4_msgs/msg/input_rc__type_support.cpp.o[0m
[18.673s] [ 27%] [32mBuilding CXX object CMakeFiles/px4_msgs__rosidl_typesupport_c.dir/rosidl_typesupport_c/px4_msgs/msg/actuator_test__type_support.cpp.o[0m
[18.701s] [ 27%] [32mBuilding C object CMakeFiles/px4_msgs__rosidl_typesupport_introspection_c.dir/rosidl_typesupport_introspection_c/px4_msgs/msg/detail/adc_report__type_support.c.o[0m
[18.708s] [ 27%] [32mBuilding CXX object CMakeFiles/px4_msgs__rosidl_typesupport_fastrtps_cpp.dir/rosidl_typesupport_fastrtps_cpp/px4_msgs/msg/detail/dds_fastrtps/health_report__type_support.cpp.o[0m
[18.733s] [ 27%] [32mBuilding CXX object CMakeFiles/px4_msgs__rosidl_typesupport_c.dir/rosidl_typesupport_c/px4_msgs/msg/adc_report__type_support.cpp.o[0m
[18.777s] [ 27%] [32mBuilding C object CMakeFiles/px4_msgs__rosidl_typesupport_introspection_c.dir/rosidl_typesupport_introspection_c/px4_msgs/msg/detail/airspeed__type_support.c.o[0m
[18.795s] [ 27%] [32mBuilding CXX object CMakeFiles/px4_msgs__rosidl_typesupport_c.dir/rosidl_typesupport_c/px4_msgs/msg/airspeed__type_support.cpp.o[0m
[18.844s] [ 27%] [32mBuilding C object CMakeFiles/px4_msgs__rosidl_typesupport_introspection_c.dir/rosidl_typesupport_introspection_c/px4_msgs/msg/detail/airspeed_validated__type_support.c.o[0m
[18.858s] [ 27%] [32mBuilding CXX object CMakeFiles/px4_msgs__rosidl_typesupport_c.dir/rosidl_typesupport_c/px4_msgs/msg/airspeed_validated__type_support.cpp.o[0m
[18.898s] [ 27%] [32mBuilding C object CMakeFiles/px4_msgs__rosidl_typesupport_introspection_c.dir/rosidl_typesupport_introspection_c/px4_msgs/msg/detail/airspeed_wind__type_support.c.o[0m
[18.911s] [ 27%] [32mBuilding CXX object CMakeFiles/px4_msgs__rosidl_typesupport_fastrtps_c.dir/rosidl_typesupport_fastrtps_c/px4_msgs/msg/detail/actuator_outputs__type_support_c.cpp.o[0m
[18.917s] [ 27%] [32mBuilding CXX object CMakeFiles/px4_msgs__rosidl_typesupport_c.dir/rosidl_typesupport_c/px4_msgs/msg/airspeed_wind__type_support.cpp.o[0m
[18.958s] [ 27%] [32mBuilding CXX object CMakeFiles/px4_msgs__rosidl_typesupport_cpp.dir/rosidl_typesupport_cpp/px4_msgs/msg/internal_combustion_engine_status__type_support.cpp.o[0m
[18.968s] [ 27%] [32mBuilding C object CMakeFiles/px4_msgs__rosidl_typesupport_introspection_c.dir/rosidl_typesupport_introspection_c/px4_msgs/msg/detail/arming_check_reply__type_support.c.o[0m
[18.980s] [ 27%] [32mBuilding CXX object CMakeFiles/px4_msgs__rosidl_typesupport_c.dir/rosidl_typesupport_c/px4_msgs/msg/arming_check_reply__type_support.cpp.o[0m
[19.022s] [ 27%] [32mBuilding CXX object CMakeFiles/px4_msgs__rosidl_typesupport_fastrtps_cpp.dir/rosidl_typesupport_fastrtps_cpp/px4_msgs/msg/detail/dds_fastrtps/heater_status__type_support.cpp.o[0m
[19.041s] [ 27%] [32mBuilding CXX object CMakeFiles/px4_msgs__rosidl_typesupport_c.dir/rosidl_typesupport_c/px4_msgs/msg/arming_check_request__type_support.cpp.o[0m
[19.042s] [ 27%] [32mBuilding C object CMakeFiles/px4_msgs__rosidl_typesupport_introspection_c.dir/rosidl_typesupport_introspection_c/px4_msgs/msg/detail/arming_check_request__type_support.c.o[0m
[19.075s] [ 27%] [32mBuilding CXX object CMakeFiles/px4_msgs__rosidl_typesupport_fastrtps_c.dir/rosidl_typesupport_fastrtps_c/px4_msgs/msg/detail/actuator_servos__type_support_c.cpp.o[0m
[19.103s] [ 27%] [32mBuilding CXX object CMakeFiles/px4_msgs__rosidl_typesupport_introspection_cpp.dir/rosidl_typesupport_introspection_cpp/px4_msgs/msg/detail/input_rc__type_support.cpp.o[0m
[19.104s] [ 27%] [32mBuilding CXX object CMakeFiles/px4_msgs__rosidl_typesupport_c.dir/rosidl_typesupport_c/px4_msgs/msg/autotune_attitude_control_status__type_support.cpp.o[0m
[19.110s] [ 27%] [32mBuilding CXX object CMakeFiles/px4_msgs__rosidl_typesupport_c.dir/rosidl_typesupport_c/px4_msgs/msg/battery_status__type_support.cpp.o[0m
[19.116s] [ 27%] [32mBuilding C object CMakeFiles/px4_msgs__rosidl_typesupport_introspection_c.dir/rosidl_typesupport_introspection_c/px4_msgs/msg/detail/autotune_attitude_control_status__type_support.c.o[0m
[19.144s] [ 27%] [32mBuilding CXX object CMakeFiles/px4_msgs__rosidl_typesupport_cpp.dir/rosidl_typesupport_cpp/px4_msgs/msg/iridiumsbd_status__type_support.cpp.o[0m
[19.167s] [ 27%] [32mBuilding CXX object CMakeFiles/px4_msgs__rosidl_typesupport_fastrtps_cpp.dir/rosidl_typesupport_fastrtps_cpp/px4_msgs/msg/detail/dds_fastrtps/home_position__type_support.cpp.o[0m
[19.172s] [ 27%] [32mBuilding CXX object CMakeFiles/px4_msgs__rosidl_typesupport_c.dir/rosidl_typesupport_c/px4_msgs/msg/buffer128__type_support.cpp.o[0m
[19.191s] [ 28%] [32mBuilding CXX object CMakeFiles/px4_msgs__rosidl_typesupport_c.dir/rosidl_typesupport_c/px4_msgs/msg/button_event__type_support.cpp.o[0m
[19.195s] [ 28%] [32mBuilding C object CMakeFiles/px4_msgs__rosidl_typesupport_introspection_c.dir/rosidl_typesupport_introspection_c/px4_msgs/msg/detail/battery_status__type_support.c.o[0m
[19.224s] [ 28%] [32mBuilding CXX object CMakeFiles/px4_msgs__rosidl_typesupport_fastrtps_cpp.dir/rosidl_typesupport_fastrtps_cpp/px4_msgs/msg/detail/dds_fastrtps/hover_thrust_estimate__type_support.cpp.o[0m
[19.232s] [ 28%] [32mBuilding CXX object CMakeFiles/px4_msgs__rosidl_typesupport_introspection_cpp.dir/rosidl_typesupport_introspection_cpp/px4_msgs/msg/detail/internal_combustion_engine_status__type_support.cpp.o[0m
[19.249s] [ 28%] [32mBuilding CXX object CMakeFiles/px4_msgs__rosidl_typesupport_c.dir/rosidl_typesupport_c/px4_msgs/msg/camera_capture__type_support.cpp.o[0m
[19.270s] [ 29%] [32mBuilding C object CMakeFiles/px4_msgs__rosidl_typesupport_introspection_c.dir/rosidl_typesupport_introspection_c/px4_msgs/msg/detail/buffer128__type_support.c.o[0m
[19.312s] [ 29%] [32mBuilding CXX object CMakeFiles/px4_msgs__rosidl_typesupport_c.dir/rosidl_typesupport_c/px4_msgs/msg/camera_status__type_support.cpp.o[0m
[19.345s] [ 29%] [32mBuilding C object CMakeFiles/px4_msgs__rosidl_typesupport_introspection_c.dir/rosidl_typesupport_introspection_c/px4_msgs/msg/detail/button_event__type_support.c.o[0m
[19.368s] [ 29%] [32mBuilding CXX object CMakeFiles/px4_msgs__rosidl_typesupport_c.dir/rosidl_typesupport_c/px4_msgs/msg/camera_trigger__type_support.cpp.o[0m
[19.414s] [ 29%] [32mBuilding C object CMakeFiles/px4_msgs__rosidl_typesupport_introspection_c.dir/rosidl_typesupport_introspection_c/px4_msgs/msg/detail/camera_capture__type_support.c.o[0m
[19.426s] [ 29%] [32mBuilding CXX object CMakeFiles/px4_msgs__rosidl_typesupport_c.dir/rosidl_typesupport_c/px4_msgs/msg/can_interface_status__type_support.cpp.o[0m
[19.483s] [ 29%] [32mBuilding C object CMakeFiles/px4_msgs__rosidl_typesupport_introspection_c.dir/rosidl_typesupport_introspection_c/px4_msgs/msg/detail/camera_status__type_support.c.o[0m
[19.483s] [ 29%] [32mBuilding CXX object CMakeFiles/px4_msgs__rosidl_typesupport_c.dir/rosidl_typesupport_c/px4_msgs/msg/cellular_status__type_support.cpp.o[0m
[19.522s] [ 29%] [32mBuilding CXX object CMakeFiles/px4_msgs__rosidl_typesupport_fastrtps_cpp.dir/rosidl_typesupport_fastrtps_cpp/px4_msgs/msg/detail/dds_fastrtps/input_rc__type_support.cpp.o[0m
[19.531s] [ 29%] [32mBuilding CXX object CMakeFiles/px4_msgs__rosidl_typesupport_cpp.dir/rosidl_typesupport_cpp/px4_msgs/msg/irlock_report__type_support.cpp.o[0m
[19.543s] [ 29%] [32mBuilding CXX object CMakeFiles/px4_msgs__rosidl_typesupport_c.dir/rosidl_typesupport_c/px4_msgs/msg/collision_constraints__type_support.cpp.o[0m
[19.548s] [ 29%] [32mBuilding C object CMakeFiles/px4_msgs__rosidl_typesupport_introspection_c.dir/rosidl_typesupport_introspection_c/px4_msgs/msg/detail/camera_trigger__type_support.c.o[0m
[19.601s] [ 29%] [32mBuilding CXX object CMakeFiles/px4_msgs__rosidl_typesupport_c.dir/rosidl_typesupport_c/px4_msgs/msg/collision_report__type_support.cpp.o[0m
[19.617s] [ 29%] [32mBuilding C object CMakeFiles/px4_msgs__rosidl_typesupport_introspection_c.dir/rosidl_typesupport_introspection_c/px4_msgs/msg/detail/can_interface_status__type_support.c.o[0m
[19.624s] [ 29%] [32mBuilding CXX object CMakeFiles/px4_msgs__rosidl_typesupport_c.dir/rosidl_typesupport_c/px4_msgs/msg/config_overrides__type_support.cpp.o[0m
[19.662s] [ 29%] [32mBuilding CXX object CMakeFiles/px4_msgs__rosidl_typesupport_introspection_cpp.dir/rosidl_typesupport_introspection_cpp/px4_msgs/msg/detail/iridiumsbd_status__type_support.cpp.o[0m
[19.683s] [ 29%] [32mBuilding CXX object CMakeFiles/px4_msgs__rosidl_typesupport_c.dir/rosidl_typesupport_c/px4_msgs/msg/control_allocator_status__type_support.cpp.o[0m
[19.689s] [ 29%] [32mBuilding C object CMakeFiles/px4_msgs__rosidl_typesupport_introspection_c.dir/rosidl_typesupport_introspection_c/px4_msgs/msg/detail/cellular_status__type_support.c.o[0m
[19.717s] [ 29%] [32mBuilding CXX object CMakeFiles/px4_msgs__rosidl_typesupport_fastrtps_cpp.dir/rosidl_typesupport_fastrtps_cpp/px4_msgs/msg/detail/dds_fastrtps/internal_combustion_engine_status__type_support.cpp.o[0m
[19.741s] [ 29%] [32mBuilding CXX object CMakeFiles/px4_msgs__rosidl_typesupport_c.dir/rosidl_typesupport_c/px4_msgs/msg/cpuload__type_support.cpp.o[0m
[19.755s] [ 29%] [32mBuilding C object CMakeFiles/px4_msgs__rosidl_typesupport_introspection_c.dir/rosidl_typesupport_introspection_c/px4_msgs/msg/detail/collision_constraints__type_support.c.o[0m
[19.776s] [ 29%] [32mBuilding CXX object CMakeFiles/px4_msgs__rosidl_typesupport_fastrtps_c.dir/rosidl_typesupport_fastrtps_c/px4_msgs/msg/detail/actuator_servos_trim__type_support_c.cpp.o[0m
[19.798s] [ 29%] [32mBuilding CXX object CMakeFiles/px4_msgs__rosidl_typesupport_c.dir/rosidl_typesupport_c/px4_msgs/msg/dataman_request__type_support.cpp.o[0m
[19.827s] [ 29%] [32mBuilding C object CMakeFiles/px4_msgs__rosidl_typesupport_introspection_c.dir/rosidl_typesupport_introspection_c/px4_msgs/msg/detail/collision_report__type_support.c.o[0m
[19.855s] [ 29%] [32mBuilding CXX object CMakeFiles/px4_msgs__rosidl_typesupport_c.dir/rosidl_typesupport_c/px4_msgs/msg/dataman_response__type_support.cpp.o[0m
[19.881s] [ 29%] [32mBuilding CXX object CMakeFiles/px4_msgs__rosidl_typesupport_cpp.dir/rosidl_typesupport_cpp/px4_msgs/msg/landing_gear__type_support.cpp.o[0m
[19.897s] [ 29%] [32mBuilding C object CMakeFiles/px4_msgs__rosidl_typesupport_introspection_c.dir/rosidl_typesupport_introspection_c/px4_msgs/msg/detail/config_overrides__type_support.c.o[0m
[19.914s] [ 29%] [32mBuilding CXX object CMakeFiles/px4_msgs__rosidl_typesupport_c.dir/rosidl_typesupport_c/px4_msgs/msg/debug_array__type_support.cpp.o[0m
[19.925s] [ 29%] [32mBuilding CXX object CMakeFiles/px4_msgs__rosidl_typesupport_c.dir/rosidl_typesupport_c/px4_msgs/msg/debug_key_value__type_support.cpp.o[0m
[19.964s] [ 29%] [32mBuilding C object CMakeFiles/px4_msgs__rosidl_typesupport_introspection_c.dir/rosidl_typesupport_introspection_c/px4_msgs/msg/detail/control_allocator_status__type_support.c.o[0m
[19.975s] [ 29%] [32mBuilding C object CMakeFiles/px4_msgs__rosidl_typesupport_introspection_c.dir/rosidl_typesupport_introspection_c/px4_msgs/msg/detail/cpuload__type_support.c.o[0m
[19.986s] [ 29%] [32mBuilding CXX object CMakeFiles/px4_msgs__rosidl_typesupport_c.dir/rosidl_typesupport_c/px4_msgs/msg/debug_value__type_support.cpp.o[0m
[20.041s] [ 29%] [32mBuilding CXX object CMakeFiles/px4_msgs__rosidl_typesupport_fastrtps_cpp.dir/rosidl_typesupport_fastrtps_cpp/px4_msgs/msg/detail/dds_fastrtps/iridiumsbd_status__type_support.cpp.o[0m
[20.046s] [ 29%] [32mBuilding CXX object CMakeFiles/px4_msgs__rosidl_typesupport_c.dir/rosidl_typesupport_c/px4_msgs/msg/debug_vect__type_support.cpp.o[0m
[20.048s] [ 29%] [32mBuilding C object CMakeFiles/px4_msgs__rosidl_typesupport_introspection_c.dir/rosidl_typesupport_introspection_c/px4_msgs/msg/detail/dataman_request__type_support.c.o[0m
[20.059s] [ 29%] [32mBuilding CXX object CMakeFiles/px4_msgs__rosidl_typesupport_fastrtps_c.dir/rosidl_typesupport_fastrtps_c/px4_msgs/msg/detail/actuator_test__type_support_c.cpp.o[0m
[20.065s] [ 30%] [32mBuilding CXX object CMakeFiles/px4_msgs__rosidl_typesupport_c.dir/rosidl_typesupport_c/px4_msgs/msg/differential_drive_setpoint__type_support.cpp.o[0m
[20.074s] [ 30%] [32mBuilding CXX object CMakeFiles/px4_msgs__rosidl_typesupport_cpp.dir/rosidl_typesupport_cpp/px4_msgs/msg/landing_gear_wheel__type_support.cpp.o[0m
[20.093s] [ 30%] [32mBuilding CXX object CMakeFiles/px4_msgs__rosidl_typesupport_fastrtps_c.dir/rosidl_typesupport_fastrtps_c/px4_msgs/msg/detail/adc_report__type_support_c.cpp.o[0m
[20.102s] [ 30%] [32mBuilding CXX object CMakeFiles/px4_msgs__rosidl_typesupport_fastrtps_c.dir/rosidl_typesupport_fastrtps_c/px4_msgs/msg/detail/airspeed__type_support_c.cpp.o[0m
[20.120s] [ 30%] [32mBuilding C object CMakeFiles/px4_msgs__rosidl_typesupport_introspection_c.dir/rosidl_typesupport_introspection_c/px4_msgs/msg/detail/dataman_response__type_support.c.o[0m
[20.124s] [ 30%] [32mBuilding CXX object CMakeFiles/px4_msgs__rosidl_typesupport_c.dir/rosidl_typesupport_c/px4_msgs/msg/differential_pressure__type_support.cpp.o[0m
[20.185s] [ 30%] [32mBuilding CXX object CMakeFiles/px4_msgs__rosidl_typesupport_c.dir/rosidl_typesupport_c/px4_msgs/msg/distance_sensor__type_support.cpp.o[0m
[20.192s] [ 30%] [32mBuilding C object CMakeFiles/px4_msgs__rosidl_typesupport_introspection_c.dir/rosidl_typesupport_introspection_c/px4_msgs/msg/detail/debug_array__type_support.c.o[0m
[20.247s] [ 30%] [32mBuilding CXX object CMakeFiles/px4_msgs__rosidl_typesupport_c.dir/rosidl_typesupport_c/px4_msgs/msg/ekf2_timestamps__type_support.cpp.o[0m
[20.264s] [ 30%] [32mBuilding C object CMakeFiles/px4_msgs__rosidl_typesupport_introspection_c.dir/rosidl_typesupport_introspection_c/px4_msgs/msg/detail/debug_key_value__type_support.c.o[0m
[20.303s] [ 30%] [32mBuilding CXX object CMakeFiles/px4_msgs__rosidl_typesupport_c.dir/rosidl_typesupport_c/px4_msgs/msg/esc_report__type_support.cpp.o[0m
[20.338s] [ 30%] [32mBuilding C object CMakeFiles/px4_msgs__rosidl_typesupport_introspection_c.dir/rosidl_typesupport_introspection_c/px4_msgs/msg/detail/debug_value__type_support.c.o[0m
[20.362s] [ 30%] [32mBuilding CXX object CMakeFiles/px4_msgs__rosidl_typesupport_c.dir/rosidl_typesupport_c/px4_msgs/msg/esc_status__type_support.cpp.o[0m
[20.384s] [ 30%] [32mBuilding CXX object CMakeFiles/px4_msgs__rosidl_typesupport_introspection_cpp.dir/rosidl_typesupport_introspection_cpp/px4_msgs/msg/detail/irlock_report__type_support.cpp.o[0m
[20.401s] [ 30%] [32mBuilding C object CMakeFiles/px4_msgs__rosidl_typesupport_introspection_c.dir/rosidl_typesupport_introspection_c/px4_msgs/msg/detail/debug_vect__type_support.c.o[0m
[20.420s] [ 30%] [32mBuilding CXX object CMakeFiles/px4_msgs__rosidl_typesupport_c.dir/rosidl_typesupport_c/px4_msgs/msg/estimator_aid_source1d__type_support.cpp.o[0m
[20.463s] [ 30%] [32mBuilding CXX object CMakeFiles/px4_msgs__rosidl_typesupport_fastrtps_cpp.dir/rosidl_typesupport_fastrtps_cpp/px4_msgs/msg/detail/dds_fastrtps/irlock_report__type_support.cpp.o[0m
[20.468s] [ 30%] [32mBuilding CXX object CMakeFiles/px4_msgs__rosidl_typesupport_fastrtps_cpp.dir/rosidl_typesupport_fastrtps_cpp/px4_msgs/msg/detail/dds_fastrtps/landing_gear__type_support.cpp.o[0m
[20.474s] [ 31%] [32mBuilding C object CMakeFiles/px4_msgs__rosidl_typesupport_introspection_c.dir/rosidl_typesupport_introspection_c/px4_msgs/msg/detail/differential_drive_setpoint__type_support.c.o[0m
[20.476s] [ 31%] [32mBuilding CXX object CMakeFiles/px4_msgs__rosidl_typesupport_fastrtps_c.dir/rosidl_typesupport_fastrtps_c/px4_msgs/msg/detail/airspeed_validated__type_support_c.cpp.o[0m
[20.479s] [ 31%] [32mBuilding CXX object CMakeFiles/px4_msgs__rosidl_typesupport_c.dir/rosidl_typesupport_c/px4_msgs/msg/estimator_aid_source2d__type_support.cpp.o[0m
[20.537s] [ 31%] [32mBuilding CXX object CMakeFiles/px4_msgs__rosidl_typesupport_c.dir/rosidl_typesupport_c/px4_msgs/msg/estimator_aid_source3d__type_support.cpp.o[0m
[20.543s] [ 31%] [32mBuilding C object CMakeFiles/px4_msgs__rosidl_typesupport_introspection_c.dir/rosidl_typesupport_introspection_c/px4_msgs/msg/detail/differential_pressure__type_support.c.o[0m
[20.573s] [ 31%] [32mBuilding CXX object CMakeFiles/px4_msgs__rosidl_typesupport_fastrtps_c.dir/rosidl_typesupport_fastrtps_c/px4_msgs/msg/detail/airspeed_wind__type_support_c.cpp.o[0m
[20.594s] [ 31%] [32mBuilding CXX object CMakeFiles/px4_msgs__rosidl_typesupport_c.dir/rosidl_typesupport_c/px4_msgs/msg/estimator_bias__type_support.cpp.o[0m
[20.611s] [ 31%] [32mBuilding C object CMakeFiles/px4_msgs__rosidl_typesupport_introspection_c.dir/rosidl_typesupport_introspection_c/px4_msgs/msg/detail/distance_sensor__type_support.c.o[0m
[20.646s] [ 31%] [32mBuilding CXX object CMakeFiles/px4_msgs__rosidl_typesupport_cpp.dir/rosidl_typesupport_cpp/px4_msgs/msg/landing_target_innovations__type_support.cpp.o[0m
[20.651s] [ 31%] [32mBuilding CXX object CMakeFiles/px4_msgs__rosidl_typesupport_c.dir/rosidl_typesupport_c/px4_msgs/msg/estimator_bias3d__type_support.cpp.o[0m
[20.679s] [ 31%] [32mBuilding C object CMakeFiles/px4_msgs__rosidl_typesupport_introspection_c.dir/rosidl_typesupport_introspection_c/px4_msgs/msg/detail/ekf2_timestamps__type_support.c.o[0m
[20.709s] [ 31%] [32mBuilding CXX object CMakeFiles/px4_msgs__rosidl_typesupport_c.dir/rosidl_typesupport_c/px4_msgs/msg/estimator_event_flags__type_support.cpp.o[0m
[20.745s] [ 31%] [32mBuilding C object CMakeFiles/px4_msgs__rosidl_typesupport_introspection_c.dir/rosidl_typesupport_introspection_c/px4_msgs/msg/detail/esc_report__type_support.c.o[0m
[20.769s] [ 31%] [32mBuilding CXX object CMakeFiles/px4_msgs__rosidl_typesupport_c.dir/rosidl_typesupport_c/px4_msgs/msg/estimator_gps_status__type_support.cpp.o[0m
[20.785s] [ 31%] [32mBuilding C object CMakeFiles/px4_msgs__rosidl_typesupport_introspection_c.dir/rosidl_typesupport_introspection_c/px4_msgs/msg/detail/esc_status__type_support.c.o[0m
[20.803s] [ 31%] [32mBuilding C object CMakeFiles/px4_msgs__rosidl_typesupport_introspection_c.dir/rosidl_typesupport_introspection_c/px4_msgs/msg/detail/estimator_aid_source1d__type_support.c.o[0m
[20.814s] [ 31%] [32mBuilding CXX object CMakeFiles/px4_msgs__rosidl_typesupport_introspection_cpp.dir/rosidl_typesupport_introspection_cpp/px4_msgs/msg/detail/landing_gear__type_support.cpp.o[0m
[20.819s] [ 31%] [32mBuilding CXX object CMakeFiles/px4_msgs__rosidl_typesupport_fastrtps_cpp.dir/rosidl_typesupport_fastrtps_cpp/px4_msgs/msg/detail/dds_fastrtps/landing_gear_wheel__type_support.cpp.o[0m
[20.831s] [ 31%] [32mBuilding CXX object CMakeFiles/px4_msgs__rosidl_typesupport_c.dir/rosidl_typesupport_c/px4_msgs/msg/estimator_innovations__type_support.cpp.o[0m
[20.853s] [ 31%] [32mBuilding CXX object CMakeFiles/px4_msgs__rosidl_typesupport_c.dir/rosidl_typesupport_c/px4_msgs/msg/estimator_selector_status__type_support.cpp.o[0m
[20.868s] [ 31%] [32mBuilding C object CMakeFiles/px4_msgs__rosidl_typesupport_introspection_c.dir/rosidl_typesupport_introspection_c/px4_msgs/msg/detail/estimator_aid_source2d__type_support.c.o[0m
[20.893s] [ 31%] [32mBuilding CXX object CMakeFiles/px4_msgs__rosidl_typesupport_fastrtps_cpp.dir/rosidl_typesupport_fastrtps_cpp/px4_msgs/msg/detail/dds_fastrtps/landing_target_innovations__type_support.cpp.o[0m
[20.913s] [ 31%] [32mBuilding CXX object CMakeFiles/px4_msgs__rosidl_typesupport_c.dir/rosidl_typesupport_c/px4_msgs/msg/estimator_sensor_bias__type_support.cpp.o[0m
[20.924s] [ 31%] [32mBuilding CXX object CMakeFiles/px4_msgs__rosidl_typesupport_fastrtps_cpp.dir/rosidl_typesupport_fastrtps_cpp/px4_msgs/msg/detail/dds_fastrtps/landing_target_pose__type_support.cpp.o[0m
[20.961s] [ 31%] [32mBuilding C object CMakeFiles/px4_msgs__rosidl_typesupport_introspection_c.dir/rosidl_typesupport_introspection_c/px4_msgs/msg/detail/estimator_aid_source3d__type_support.c.o[0m
[20.976s] [ 31%] [32mBuilding CXX object CMakeFiles/px4_msgs__rosidl_typesupport_c.dir/rosidl_typesupport_c/px4_msgs/msg/estimator_states__type_support.cpp.o[0m
[21.034s] [ 31%] [32mBuilding CXX object CMakeFiles/px4_msgs__rosidl_typesupport_c.dir/rosidl_typesupport_c/px4_msgs/msg/estimator_status__type_support.cpp.o[0m
[21.058s] [ 31%] [32mBuilding C object CMakeFiles/px4_msgs__rosidl_typesupport_introspection_c.dir/rosidl_typesupport_introspection_c/px4_msgs/msg/detail/estimator_bias__type_support.c.o[0m
[21.096s] [ 32%] [32mBuilding CXX object CMakeFiles/px4_msgs__rosidl_typesupport_c.dir/rosidl_typesupport_c/px4_msgs/msg/estimator_status_flags__type_support.cpp.o[0m
[21.121s] [ 32%] [32mBuilding C object CMakeFiles/px4_msgs__rosidl_typesupport_introspection_c.dir/rosidl_typesupport_introspection_c/px4_msgs/msg/detail/estimator_bias3d__type_support.c.o[0m
[21.151s] [ 32%] [32mBuilding CXX object CMakeFiles/px4_msgs__rosidl_typesupport_c.dir/rosidl_typesupport_c/px4_msgs/msg/event__type_support.cpp.o[0m
[21.180s] [ 32%] [32mBuilding CXX object CMakeFiles/px4_msgs__rosidl_typesupport_fastrtps_c.dir/rosidl_typesupport_fastrtps_c/px4_msgs/msg/detail/arming_check_reply__type_support_c.cpp.o[0m
[21.194s] [ 32%] [32mBuilding CXX object CMakeFiles/px4_msgs__rosidl_typesupport_introspection_cpp.dir/rosidl_typesupport_introspection_cpp/px4_msgs/msg/detail/landing_gear_wheel__type_support.cpp.o[0m
[21.205s] [ 32%] [32mBuilding C object CMakeFiles/px4_msgs__rosidl_typesupport_introspection_c.dir/rosidl_typesupport_introspection_c/px4_msgs/msg/detail/estimator_event_flags__type_support.c.o[0m
[21.213s] [ 32%] [32mBuilding CXX object CMakeFiles/px4_msgs__rosidl_typesupport_c.dir/rosidl_typesupport_c/px4_msgs/msg/failsafe_flags__type_support.cpp.o[0m
[21.220s] [ 32%] [32mBuilding CXX object CMakeFiles/px4_msgs__rosidl_typesupport_cpp.dir/rosidl_typesupport_cpp/px4_msgs/msg/landing_target_pose__type_support.cpp.o[0m
[21.272s] [ 32%] [32mBuilding CXX object CMakeFiles/px4_msgs__rosidl_typesupport_c.dir/rosidl_typesupport_c/px4_msgs/msg/failure_detector_status__type_support.cpp.o[0m
[21.280s] [ 32%] [32mBuilding C object CMakeFiles/px4_msgs__rosidl_typesupport_introspection_c.dir/rosidl_typesupport_introspection_c/px4_msgs/msg/detail/estimator_gps_status__type_support.c.o[0m
[21.303s] [ 32%] [32mBuilding CXX object CMakeFiles/px4_msgs__rosidl_typesupport_fastrtps_cpp.dir/rosidl_typesupport_fastrtps_cpp/px4_msgs/msg/detail/dds_fastrtps/launch_detection_status__type_support.cpp.o[0m
[21.304s] [ 32%] [32mBuilding CXX object CMakeFiles/px4_msgs__rosidl_typesupport_introspection_cpp.dir/rosidl_typesupport_introspection_cpp/px4_msgs/msg/detail/landing_target_innovations__type_support.cpp.o[0m
[21.309s] [ 32%] [32mBuilding CXX object CMakeFiles/px4_msgs__rosidl_typesupport_fastrtps_c.dir/rosidl_typesupport_fastrtps_c/px4_msgs/msg/detail/arming_check_request__type_support_c.cpp.o[0m
[21.334s] [ 32%] [32mBuilding CXX object CMakeFiles/px4_msgs__rosidl_typesupport_c.dir/rosidl_typesupport_c/px4_msgs/msg/figure_eight_status__type_support.cpp.o[0m
[21.345s] [ 32%] [32mBuilding C object CMakeFiles/px4_msgs__rosidl_typesupport_introspection_c.dir/rosidl_typesupport_introspection_c/px4_msgs/msg/detail/estimator_innovations__type_support.c.o[0m
[21.394s] [ 32%] [32mBuilding CXX object CMakeFiles/px4_msgs__rosidl_typesupport_c.dir/rosidl_typesupport_c/px4_msgs/msg/flight_phase_estimation__type_support.cpp.o[0m
[21.445s] [ 32%] [32mBuilding C object CMakeFiles/px4_msgs__rosidl_typesupport_introspection_c.dir/rosidl_typesupport_introspection_c/px4_msgs/msg/detail/estimator_selector_status__type_support.c.o[0m
[21.454s] [ 32%] [32mBuilding CXX object CMakeFiles/px4_msgs__rosidl_typesupport_c.dir/rosidl_typesupport_c/px4_msgs/msg/follow_target__type_support.cpp.o[0m
[21.512s] [ 32%] [32mBuilding CXX object CMakeFiles/px4_msgs__rosidl_typesupport_c.dir/rosidl_typesupport_c/px4_msgs/msg/follow_target_estimator__type_support.cpp.o[0m
[21.534s] [ 32%] [32mBuilding C object CMakeFiles/px4_msgs__rosidl_typesupport_introspection_c.dir/rosidl_typesupport_introspection_c/px4_msgs/msg/detail/estimator_sensor_bias__type_support.c.o[0m
[21.577s] [ 32%] [32mBuilding CXX object CMakeFiles/px4_msgs__rosidl_typesupport_c.dir/rosidl_typesupport_c/px4_msgs/msg/follow_target_status__type_support.cpp.o[0m
[21.623s] [ 33%] [32mBuilding CXX object CMakeFiles/px4_msgs__rosidl_typesupport_fastrtps_cpp.dir/rosidl_typesupport_fastrtps_cpp/px4_msgs/msg/detail/dds_fastrtps/led_control__type_support.cpp.o[0m
[21.633s] [ 33%] [32mBuilding C object CMakeFiles/px4_msgs__rosidl_typesupport_introspection_c.dir/rosidl_typesupport_introspection_c/px4_msgs/msg/detail/estimator_states__type_support.c.o[0m
[21.654s] [ 33%] [32mBuilding CXX object CMakeFiles/px4_msgs__rosidl_typesupport_c.dir/rosidl_typesupport_c/px4_msgs/msg/fuel_tank_status__type_support.cpp.o[0m
[21.664s] [ 33%] [32mBuilding CXX object CMakeFiles/px4_msgs__rosidl_typesupport_cpp.dir/rosidl_typesupport_cpp/px4_msgs/msg/launch_detection_status__type_support.cpp.o[0m
[21.706s] [ 34%] [32mBuilding C object CMakeFiles/px4_msgs__rosidl_typesupport_introspection_c.dir/rosidl_typesupport_introspection_c/px4_msgs/msg/detail/estimator_status__type_support.c.o[0m
[21.712s] [ 34%] [32mBuilding CXX object CMakeFiles/px4_msgs__rosidl_typesupport_c.dir/rosidl_typesupport_c/px4_msgs/msg/generator_status__type_support.cpp.o[0m
[21.735s] [ 34%] [32mBuilding CXX object CMakeFiles/px4_msgs__rosidl_typesupport_introspection_cpp.dir/rosidl_typesupport_introspection_cpp/px4_msgs/msg/detail/landing_target_pose__type_support.cpp.o[0m
[21.768s] [ 34%] [32mBuilding CXX object CMakeFiles/px4_msgs__rosidl_typesupport_c.dir/rosidl_typesupport_c/px4_msgs/msg/geofence_result__type_support.cpp.o[0m
[21.783s] [ 34%] [32mBuilding C object CMakeFiles/px4_msgs__rosidl_typesupport_introspection_c.dir/rosidl_typesupport_introspection_c/px4_msgs/msg/detail/estimator_status_flags__type_support.c.o[0m
[21.787s] [ 34%] [32mBuilding CXX object CMakeFiles/px4_msgs__rosidl_typesupport_fastrtps_c.dir/rosidl_typesupport_fastrtps_c/px4_msgs/msg/detail/autotune_attitude_control_status__type_support_c.cpp.o[0m
[21.795s] [ 34%] [32mBuilding CXX object CMakeFiles/px4_msgs__rosidl_typesupport_introspection_cpp.dir/rosidl_typesupport_introspection_cpp/px4_msgs/msg/detail/launch_detection_status__type_support.cpp.o[0m
[21.831s] [ 34%] [32mBuilding CXX object CMakeFiles/px4_msgs__rosidl_typesupport_c.dir/rosidl_typesupport_c/px4_msgs/msg/geofence_status__type_support.cpp.o[0m
[21.856s] [ 34%] [32mBuilding C object CMakeFiles/px4_msgs__rosidl_typesupport_introspection_c.dir/rosidl_typesupport_introspection_c/px4_msgs/msg/detail/event__type_support.c.o[0m
[21.886s] [ 34%] [32mBuilding CXX object CMakeFiles/px4_msgs__rosidl_typesupport_c.dir/rosidl_typesupport_c/px4_msgs/msg/gimbal_controls__type_support.cpp.o[0m
[21.926s] [ 34%] [32mBuilding C object CMakeFiles/px4_msgs__rosidl_typesupport_introspection_c.dir/rosidl_typesupport_introspection_c/px4_msgs/msg/detail/failsafe_flags__type_support.c.o[0m
[21.943s] [ 34%] [32mBuilding CXX object CMakeFiles/px4_msgs__rosidl_typesupport_c.dir/rosidl_typesupport_c/px4_msgs/msg/gimbal_device_attitude_status__type_support.cpp.o[0m
[21.946s] [ 35%] [32mBuilding CXX object CMakeFiles/px4_msgs__rosidl_typesupport_introspection_cpp.dir/rosidl_typesupport_introspection_cpp/px4_msgs/msg/detail/led_control__type_support.cpp.o[0m
[21.986s] [ 36%] [32mBuilding CXX object CMakeFiles/px4_msgs__rosidl_typesupport_cpp.dir/rosidl_typesupport_cpp/px4_msgs/msg/led_control__type_support.cpp.o[0m
[21.995s] [ 36%] [32mBuilding C object CMakeFiles/px4_msgs__rosidl_typesupport_introspection_c.dir/rosidl_typesupport_introspection_c/px4_msgs/msg/detail/failure_detector_status__type_support.c.o[0m
[22.001s] [ 36%] [32mBuilding CXX object CMakeFiles/px4_msgs__rosidl_typesupport_c.dir/rosidl_typesupport_c/px4_msgs/msg/gimbal_device_information__type_support.cpp.o[0m
[22.037s] [ 36%] [32mBuilding CXX object CMakeFiles/px4_msgs__rosidl_typesupport_fastrtps_cpp.dir/rosidl_typesupport_fastrtps_cpp/px4_msgs/msg/detail/dds_fastrtps/log_message__type_support.cpp.o[0m
[22.060s] [ 36%] [32mBuilding C object CMakeFiles/px4_msgs__rosidl_typesupport_introspection_c.dir/rosidl_typesupport_introspection_c/px4_msgs/msg/detail/figure_eight_status__type_support.c.o[0m
[22.060s] [ 36%] [32mBuilding CXX object CMakeFiles/px4_msgs__rosidl_typesupport_c.dir/rosidl_typesupport_c/px4_msgs/msg/gimbal_device_set_attitude__type_support.cpp.o[0m
[22.124s] [ 37%] [32mBuilding CXX object CMakeFiles/px4_msgs__rosidl_typesupport_c.dir/rosidl_typesupport_c/px4_msgs/msg/gimbal_manager_information__type_support.cpp.o[0m
[22.129s] [ 37%] [32mBuilding C object CMakeFiles/px4_msgs__rosidl_typesupport_introspection_c.dir/rosidl_typesupport_introspection_c/px4_msgs/msg/detail/flight_phase_estimation__type_support.c.o[0m
[22.130s] [ 37%] [32mBuilding CXX object CMakeFiles/px4_msgs__rosidl_typesupport_introspection_cpp.dir/rosidl_typesupport_introspection_cpp/px4_msgs/msg/detail/log_message__type_support.cpp.o[0m
[22.151s] [ 37%] [32mBuilding CXX object CMakeFiles/px4_msgs__rosidl_typesupport_fastrtps_cpp.dir/rosidl_typesupport_fastrtps_cpp/px4_msgs/msg/detail/dds_fastrtps/logger_status__type_support.cpp.o[0m
[22.184s] [ 37%] [32mBuilding CXX object CMakeFiles/px4_msgs__rosidl_typesupport_c.dir/rosidl_typesupport_c/px4_msgs/msg/gimbal_manager_set_attitude__type_support.cpp.o[0m
[22.197s] [ 37%] [32mBuilding C object CMakeFiles/px4_msgs__rosidl_typesupport_introspection_c.dir/rosidl_typesupport_introspection_c/px4_msgs/msg/detail/follow_target__type_support.c.o[0m
[22.243s] [ 37%] [32mBuilding CXX object CMakeFiles/px4_msgs__rosidl_typesupport_fastrtps_c.dir/rosidl_typesupport_fastrtps_c/px4_msgs/msg/detail/battery_status__type_support_c.cpp.o[0m
[22.245s] [ 37%] [32mBuilding CXX object CMakeFiles/px4_msgs__rosidl_typesupport_c.dir/rosidl_typesupport_c/px4_msgs/msg/gimbal_manager_set_manual_control__type_support.cpp.o[0m
[22.265s] [ 37%] [32mBuilding C object CMakeFiles/px4_msgs__rosidl_typesupport_introspection_c.dir/rosidl_typesupport_introspection_c/px4_msgs/msg/detail/follow_target_estimator__type_support.c.o[0m
[22.303s] [ 37%] [32mBuilding CXX object CMakeFiles/px4_msgs__rosidl_typesupport_c.dir/rosidl_typesupport_c/px4_msgs/msg/gimbal_manager_status__type_support.cpp.o[0m
[22.340s] [ 37%] [32mBuilding C object CMakeFiles/px4_msgs__rosidl_typesupport_introspection_c.dir/rosidl_typesupport_introspection_c/px4_msgs/msg/detail/follow_target_status__type_support.c.o[0m
[22.361s] [ 37%] [32mBuilding CXX object CMakeFiles/px4_msgs__rosidl_typesupport_c.dir/rosidl_typesupport_c/px4_msgs/msg/goto_setpoint__type_support.cpp.o[0m
[22.412s] [ 37%] [32mBuilding C object CMakeFiles/px4_msgs__rosidl_typesupport_introspection_c.dir/rosidl_typesupport_introspection_c/px4_msgs/msg/detail/fuel_tank_status__type_support.c.o[0m
[22.420s] [ 37%] [32mBuilding CXX object CMakeFiles/px4_msgs__rosidl_typesupport_c.dir/rosidl_typesupport_c/px4_msgs/msg/gpio_config__type_support.cpp.o[0m
[22.479s] [ 37%] [32mBuilding C object CMakeFiles/px4_msgs__rosidl_typesupport_introspection_c.dir/rosidl_typesupport_introspection_c/px4_msgs/msg/detail/generator_status__type_support.c.o[0m
[22.479s] [ 37%] [32mBuilding CXX object CMakeFiles/px4_msgs__rosidl_typesupport_c.dir/rosidl_typesupport_c/px4_msgs/msg/gpio_in__type_support.cpp.o[0m
[22.479s] [ 37%] [32mBuilding CXX object CMakeFiles/px4_msgs__rosidl_typesupport_introspection_cpp.dir/rosidl_typesupport_introspection_cpp/px4_msgs/msg/detail/logger_status__type_support.cpp.o[0m
[22.533s] [ 37%] [32mBuilding CXX object CMakeFiles/px4_msgs__rosidl_typesupport_c.dir/rosidl_typesupport_c/px4_msgs/msg/gpio_out__type_support.cpp.o[0m
[22.535s] [ 37%] [32mBuilding C object CMakeFiles/px4_msgs__rosidl_typesupport_introspection_c.dir/rosidl_typesupport_introspection_c/px4_msgs/msg/detail/geofence_result__type_support.c.o[0m
[22.542s] [ 37%] [32mBuilding C object CMakeFiles/px4_msgs__rosidl_typesupport_introspection_c.dir/rosidl_typesupport_introspection_c/px4_msgs/msg/detail/geofence_status__type_support.c.o[0m
[22.548s] [ 37%] [32mBuilding CXX object CMakeFiles/px4_msgs__rosidl_typesupport_cpp.dir/rosidl_typesupport_cpp/px4_msgs/msg/log_message__type_support.cpp.o[0m
[22.562s] [ 37%] [32mBuilding CXX object CMakeFiles/px4_msgs__rosidl_typesupport_c.dir/rosidl_typesupport_c/px4_msgs/msg/gpio_request__type_support.cpp.o[0m
[22.590s] [ 37%] [32mBuilding CXX object CMakeFiles/px4_msgs__rosidl_typesupport_cpp.dir/rosidl_typesupport_cpp/px4_msgs/msg/logger_status__type_support.cpp.o[0m
[22.592s] [ 37%] [32mBuilding CXX object CMakeFiles/px4_msgs__rosidl_typesupport_c.dir/rosidl_typesupport_c/px4_msgs/msg/gps_dump__type_support.cpp.o[0m
[22.604s] [ 37%] [32mBuilding CXX object CMakeFiles/px4_msgs__rosidl_typesupport_introspection_cpp.dir/rosidl_typesupport_introspection_cpp/px4_msgs/msg/detail/mag_worker_data__type_support.cpp.o[0m
[22.608s] [ 37%] [32mBuilding C object CMakeFiles/px4_msgs__rosidl_typesupport_introspection_c.dir/rosidl_typesupport_introspection_c/px4_msgs/msg/detail/gimbal_controls__type_support.c.o[0m
[22.622s] [ 37%] [32mBuilding C object CMakeFiles/px4_msgs__rosidl_typesupport_introspection_c.dir/rosidl_typesupport_introspection_c/px4_msgs/msg/detail/gimbal_device_attitude_status__type_support.c.o[0m
[22.649s] [ 37%] [32mBuilding CXX object CMakeFiles/px4_msgs__rosidl_typesupport_c.dir/rosidl_typesupport_c/px4_msgs/msg/gps_inject_data__type_support.cpp.o[0m
[22.681s] [ 37%] [32mBuilding CXX object CMakeFiles/px4_msgs__rosidl_typesupport_introspection_cpp.dir/rosidl_typesupport_introspection_cpp/px4_msgs/msg/detail/magnetometer_bias_estimate__type_support.cpp.o[0m
[22.695s] [ 37%] [32mBuilding C object CMakeFiles/px4_msgs__rosidl_typesupport_introspection_c.dir/rosidl_typesupport_introspection_c/px4_msgs/msg/detail/gimbal_device_information__type_support.c.o[0m
[22.708s] [ 37%] [32mBuilding CXX object CMakeFiles/px4_msgs__rosidl_typesupport_c.dir/rosidl_typesupport_c/px4_msgs/msg/gripper__type_support.cpp.o[0m
[22.747s] [ 37%] [32mBuilding CXX object CMakeFiles/px4_msgs__rosidl_typesupport_fastrtps_cpp.dir/rosidl_typesupport_fastrtps_cpp/px4_msgs/msg/detail/dds_fastrtps/mag_worker_data__type_support.cpp.o[0m
[22.770s] [ 37%] [32mBuilding CXX object CMakeFiles/px4_msgs__rosidl_typesupport_c.dir/rosidl_typesupport_c/px4_msgs/msg/health_report__type_support.cpp.o[0m
[22.778s] [ 37%] [32mBuilding C object CMakeFiles/px4_msgs__rosidl_typesupport_introspection_c.dir/rosidl_typesupport_introspection_c/px4_msgs/msg/detail/gimbal_device_set_attitude__type_support.c.o[0m
[22.831s] [ 37%] [32mBuilding CXX object CMakeFiles/px4_msgs__rosidl_typesupport_c.dir/rosidl_typesupport_c/px4_msgs/msg/heater_status__type_support.cpp.o[0m
[22.848s] [ 38%] [32mBuilding C object CMakeFiles/px4_msgs__rosidl_typesupport_introspection_c.dir/rosidl_typesupport_introspection_c/px4_msgs/msg/detail/gimbal_manager_information__type_support.c.o[0m
[22.865s] [ 38%] [32mBuilding CXX object CMakeFiles/px4_msgs__rosidl_typesupport_introspection_cpp.dir/rosidl_typesupport_introspection_cpp/px4_msgs/msg/detail/manual_control_setpoint__type_support.cpp.o[0m
[22.892s] [ 38%] [32mBuilding CXX object CMakeFiles/px4_msgs__rosidl_typesupport_c.dir/rosidl_typesupport_c/px4_msgs/msg/home_position__type_support.cpp.o[0m
[22.915s] [ 38%] [32mBuilding C object CMakeFiles/px4_msgs__rosidl_typesupport_introspection_c.dir/rosidl_typesupport_introspection_c/px4_msgs/msg/detail/gimbal_manager_set_attitude__type_support.c.o[0m
[22.938s] [ 38%] [32mBuilding CXX object CMakeFiles/px4_msgs__rosidl_typesupport_cpp.dir/rosidl_typesupport_cpp/px4_msgs/msg/mag_worker_data__type_support.cpp.o[0m
[22.952s] [ 38%] [32mBuilding CXX object CMakeFiles/px4_msgs__rosidl_typesupport_c.dir/rosidl_typesupport_c/px4_msgs/msg/hover_thrust_estimate__type_support.cpp.o[0m
[22.988s] [ 38%] [32mBuilding C object CMakeFiles/px4_msgs__rosidl_typesupport_introspection_c.dir/rosidl_typesupport_introspection_c/px4_msgs/msg/detail/gimbal_manager_set_manual_control__type_support.c.o[0m
[23.006s] [ 38%] [32mBuilding CXX object CMakeFiles/px4_msgs__rosidl_typesupport_fastrtps_c.dir/rosidl_typesupport_fastrtps_c/px4_msgs/msg/detail/buffer128__type_support_c.cpp.o[0m
[23.010s] [ 38%] [32mBuilding CXX object CMakeFiles/px4_msgs__rosidl_typesupport_c.dir/rosidl_typesupport_c/px4_msgs/msg/input_rc__type_support.cpp.o[0m
[23.017s] [ 38%] [32mBuilding CXX object CMakeFiles/px4_msgs__rosidl_typesupport_c.dir/rosidl_typesupport_c/px4_msgs/msg/internal_combustion_engine_status__type_support.cpp.o[0m
[23.056s] [ 38%] [32mBuilding C object CMakeFiles/px4_msgs__rosidl_typesupport_introspection_c.dir/rosidl_typesupport_introspection_c/px4_msgs/msg/detail/gimbal_manager_status__type_support.c.o[0m
[23.070s] [ 39%] [32mBuilding CXX object CMakeFiles/px4_msgs__rosidl_typesupport_fastrtps_c.dir/rosidl_typesupport_fastrtps_c/px4_msgs/msg/detail/button_event__type_support_c.cpp.o[0m
[23.082s] [ 40%] [32mBuilding CXX object CMakeFiles/px4_msgs__rosidl_typesupport_c.dir/rosidl_typesupport_c/px4_msgs/msg/iridiumsbd_status__type_support.cpp.o[0m
[23.123s] [ 40%] [32mBuilding C object CMakeFiles/px4_msgs__rosidl_typesupport_introspection_c.dir/rosidl_typesupport_introspection_c/px4_msgs/msg/detail/goto_setpoint__type_support.c.o[0m
[23.129s] [ 40%] [32mBuilding CXX object CMakeFiles/px4_msgs__rosidl_typesupport_fastrtps_cpp.dir/rosidl_typesupport_fastrtps_cpp/px4_msgs/msg/detail/dds_fastrtps/magnetometer_bias_estimate__type_support.cpp.o[0m
[23.140s] [ 40%] [32mBuilding CXX object CMakeFiles/px4_msgs__rosidl_typesupport_c.dir/rosidl_typesupport_c/px4_msgs/msg/irlock_report__type_support.cpp.o[0m
[23.153s] [ 40%] [32mBuilding C object CMakeFiles/px4_msgs__rosidl_typesupport_introspection_c.dir/rosidl_typesupport_introspection_c/px4_msgs/msg/detail/gpio_config__type_support.c.o[0m
[23.194s] [ 40%] [32mBuilding CXX object CMakeFiles/px4_msgs__rosidl_typesupport_introspection_cpp.dir/rosidl_typesupport_introspection_cpp/px4_msgs/msg/detail/manual_control_switches__type_support.cpp.o[0m
[23.198s] [ 40%] [32mBuilding CXX object CMakeFiles/px4_msgs__rosidl_typesupport_c.dir/rosidl_typesupport_c/px4_msgs/msg/landing_gear__type_support.cpp.o[0m
[23.219s] [ 40%] [32mBuilding C object CMakeFiles/px4_msgs__rosidl_typesupport_introspection_c.dir/rosidl_typesupport_introspection_c/px4_msgs/msg/detail/gpio_in__type_support.c.o[0m
[23.256s] [ 40%] [32mBuilding CXX object CMakeFiles/px4_msgs__rosidl_typesupport_c.dir/rosidl_typesupport_c/px4_msgs/msg/landing_gear_wheel__type_support.cpp.o[0m
[23.285s] [ 40%] [32mBuilding C object CMakeFiles/px4_msgs__rosidl_typesupport_introspection_c.dir/rosidl_typesupport_introspection_c/px4_msgs/msg/detail/gpio_out__type_support.c.o[0m
[23.309s] [ 40%] [32mBuilding CXX object CMakeFiles/px4_msgs__rosidl_typesupport_c.dir/rosidl_typesupport_c/px4_msgs/msg/landing_target_innovations__type_support.cpp.o[0m
[23.314s] [ 40%] [32mBuilding CXX object CMakeFiles/px4_msgs__rosidl_typesupport_fastrtps_cpp.dir/rosidl_typesupport_fastrtps_cpp/px4_msgs/msg/detail/dds_fastrtps/manual_control_setpoint__type_support.cpp.o[0m
[23.353s] [ 40%] [32mBuilding C object CMakeFiles/px4_msgs__rosidl_typesupport_introspection_c.dir/rosidl_typesupport_introspection_c/px4_msgs/msg/detail/gpio_request__type_support.c.o[0m
[23.371s] [ 40%] [32mBuilding CXX object CMakeFiles/px4_msgs__rosidl_typesupport_c.dir/rosidl_typesupport_c/px4_msgs/msg/landing_target_pose__type_support.cpp.o[0m
[23.418s] [ 40%] [32mBuilding C object CMakeFiles/px4_msgs__rosidl_typesupport_introspection_c.dir/rosidl_typesupport_introspection_c/px4_msgs/msg/detail/gps_dump__type_support.c.o[0m
[23.427s] [ 40%] [32mBuilding CXX object CMakeFiles/px4_msgs__rosidl_typesupport_c.dir/rosidl_typesupport_c/px4_msgs/msg/launch_detection_status__type_support.cpp.o[0m
[23.468s] [ 40%] [32mBuilding CXX object CMakeFiles/px4_msgs__rosidl_typesupport_fastrtps_c.dir/rosidl_typesupport_fastrtps_c/px4_msgs/msg/detail/camera_capture__type_support_c.cpp.o[0m
[23.492s] [ 40%] [32mBuilding CXX object CMakeFiles/px4_msgs__rosidl_typesupport_c.dir/rosidl_typesupport_c/px4_msgs/msg/led_control__type_support.cpp.o[0m
[23.492s] [ 40%] [32mBuilding C object CMakeFiles/px4_msgs__rosidl_typesupport_introspection_c.dir/rosidl_typesupport_introspection_c/px4_msgs/msg/detail/gps_inject_data__type_support.c.o[0m
[23.521s] [ 40%] [32mBuilding CXX object CMakeFiles/px4_msgs__rosidl_typesupport_cpp.dir/rosidl_typesupport_cpp/px4_msgs/msg/magnetometer_bias_estimate__type_support.cpp.o[0m
[23.525s] [ 40%] [32mBuilding CXX object CMakeFiles/px4_msgs__rosidl_typesupport_c.dir/rosidl_typesupport_c/px4_msgs/msg/log_message__type_support.cpp.o[0m
[23.552s] [ 40%] [32mBuilding CXX object CMakeFiles/px4_msgs__rosidl_typesupport_fastrtps_c.dir/rosidl_typesupport_fastrtps_c/px4_msgs/msg/detail/camera_status__type_support_c.cpp.o[0m
[23.563s] [ 40%] [32mBuilding C object CMakeFiles/px4_msgs__rosidl_typesupport_introspection_c.dir/rosidl_typesupport_introspection_c/px4_msgs/msg/detail/gripper__type_support.c.o[0m
[23.587s] [ 40%] [32mBuilding CXX object CMakeFiles/px4_msgs__rosidl_typesupport_c.dir/rosidl_typesupport_c/px4_msgs/msg/logger_status__type_support.cpp.o[0m
[23.632s] [ 40%] [32mBuilding C object CMakeFiles/px4_msgs__rosidl_typesupport_introspection_c.dir/rosidl_typesupport_introspection_c/px4_msgs/msg/detail/health_report__type_support.c.o[0m
[23.633s] [ 40%] [32mBuilding CXX object CMakeFiles/px4_msgs__rosidl_typesupport_c.dir/rosidl_typesupport_c/px4_msgs/msg/mag_worker_data__type_support.cpp.o[0m
[23.645s] [ 40%] [32mBuilding CXX object CMakeFiles/px4_msgs__rosidl_typesupport_fastrtps_c.dir/rosidl_typesupport_fastrtps_c/px4_msgs/msg/detail/camera_trigger__type_support_c.cpp.o[0m
[23.665s] [ 40%] [32mBuilding CXX object CMakeFiles/px4_msgs__rosidl_typesupport_cpp.dir/rosidl_typesupport_cpp/px4_msgs/msg/manual_control_setpoint__type_support.cpp.o[0m
[23.692s] [ 40%] [32mBuilding CXX object CMakeFiles/px4_msgs__rosidl_typesupport_c.dir/rosidl_typesupport_c/px4_msgs/msg/magnetometer_bias_estimate__type_support.cpp.o[0m
[23.699s] [ 40%] [32mBuilding C object CMakeFiles/px4_msgs__rosidl_typesupport_introspection_c.dir/rosidl_typesupport_introspection_c/px4_msgs/msg/detail/heater_status__type_support.c.o[0m
[23.741s] [ 40%] [32mBuilding CXX object CMakeFiles/px4_msgs__rosidl_typesupport_c.dir/rosidl_typesupport_c/px4_msgs/msg/manual_control_setpoint__type_support.cpp.o[0m
[23.752s] [ 40%] [32mBuilding CXX object CMakeFiles/px4_msgs__rosidl_typesupport_introspection_cpp.dir/rosidl_typesupport_introspection_cpp/px4_msgs/msg/detail/mavlink_log__type_support.cpp.o[0m
[23.765s] [ 40%] [32mBuilding C object CMakeFiles/px4_msgs__rosidl_typesupport_introspection_c.dir/rosidl_typesupport_introspection_c/px4_msgs/msg/detail/home_position__type_support.c.o[0m
[23.800s] [ 40%] [32mBuilding CXX object CMakeFiles/px4_msgs__rosidl_typesupport_c.dir/rosidl_typesupport_c/px4_msgs/msg/manual_control_switches__type_support.cpp.o[0m
[23.800s] [ 40%] [32mBuilding CXX object CMakeFiles/px4_msgs__rosidl_typesupport_c.dir/rosidl_typesupport_c/px4_msgs/msg/mavlink_log__type_support.cpp.o[0m
[23.833s] [ 40%] [32mBuilding C object CMakeFiles/px4_msgs__rosidl_typesupport_introspection_c.dir/rosidl_typesupport_introspection_c/px4_msgs/msg/detail/hover_thrust_estimate__type_support.c.o[0m
[23.857s] [ 40%] [32mBuilding C object CMakeFiles/px4_msgs__rosidl_typesupport_introspection_c.dir/rosidl_typesupport_introspection_c/px4_msgs/msg/detail/input_rc__type_support.c.o[0m
[23.862s] [ 40%] [32mBuilding CXX object CMakeFiles/px4_msgs__rosidl_typesupport_c.dir/rosidl_typesupport_c/px4_msgs/msg/mavlink_tunnel__type_support.cpp.o[0m
[23.901s] [ 40%] [32mBuilding CXX object CMakeFiles/px4_msgs__rosidl_typesupport_cpp.dir/rosidl_typesupport_cpp/px4_msgs/msg/manual_control_switches__type_support.cpp.o[0m
[23.920s] [ 40%] [32mBuilding CXX object CMakeFiles/px4_msgs__rosidl_typesupport_c.dir/rosidl_typesupport_c/px4_msgs/msg/message_format_request__type_support.cpp.o[0m
[23.928s] [ 41%] [32mBuilding C object CMakeFiles/px4_msgs__rosidl_typesupport_introspection_c.dir/rosidl_typesupport_introspection_c/px4_msgs/msg/detail/internal_combustion_engine_status__type_support.c.o[0m
[23.979s] [ 42%] [32mBuilding CXX object CMakeFiles/px4_msgs__rosidl_typesupport_c.dir/rosidl_typesupport_c/px4_msgs/msg/message_format_response__type_support.cpp.o[0m
[23.993s] [ 42%] [32mBuilding CXX object CMakeFiles/px4_msgs__rosidl_typesupport_fastrtps_c.dir/rosidl_typesupport_fastrtps_c/px4_msgs/msg/detail/can_interface_status__type_support_c.cpp.o[0m
[23.999s] [ 42%] [32mBuilding C object CMakeFiles/px4_msgs__rosidl_typesupport_introspection_c.dir/rosidl_typesupport_introspection_c/px4_msgs/msg/detail/iridiumsbd_status__type_support.c.o[0m
[24.004s] [ 42%] [32mBuilding CXX object CMakeFiles/px4_msgs__rosidl_typesupport_fastrtps_c.dir/rosidl_typesupport_fastrtps_c/px4_msgs/msg/detail/cellular_status__type_support_c.cpp.o[0m
[24.039s] [ 42%] [32mBuilding CXX object CMakeFiles/px4_msgs__rosidl_typesupport_c.dir/rosidl_typesupport_c/px4_msgs/msg/mission__type_support.cpp.o[0m
[24.067s] [ 42%] [32mBuilding C object CMakeFiles/px4_msgs__rosidl_typesupport_introspection_c.dir/rosidl_typesupport_introspection_c/px4_msgs/msg/detail/irlock_report__type_support.c.o[0m
[24.097s] [ 42%] [32mBuilding CXX object CMakeFiles/px4_msgs__rosidl_typesupport_c.dir/rosidl_typesupport_c/px4_msgs/msg/mission_result__type_support.cpp.o[0m
[24.101s] [ 42%] [32mBuilding CXX object CMakeFiles/px4_msgs__rosidl_typesupport_c.dir/rosidl_typesupport_c/px4_msgs/msg/mode_completed__type_support.cpp.o[0m
[24.135s] [ 42%] [32mBuilding C object CMakeFiles/px4_msgs__rosidl_typesupport_introspection_c.dir/rosidl_typesupport_introspection_c/px4_msgs/msg/detail/landing_gear__type_support.c.o[0m
[24.157s] [ 42%] [32mBuilding CXX object CMakeFiles/px4_msgs__rosidl_typesupport_cpp.dir/rosidl_typesupport_cpp/px4_msgs/msg/mavlink_log__type_support.cpp.o[0m
[24.158s] [ 42%] [32mBuilding CXX object CMakeFiles/px4_msgs__rosidl_typesupport_c.dir/rosidl_typesupport_c/px4_msgs/msg/mount_orientation__type_support.cpp.o[0m
[24.184s] [ 42%] [32mBuilding CXX object CMakeFiles/px4_msgs__rosidl_typesupport_fastrtps_cpp.dir/rosidl_typesupport_fastrtps_cpp/px4_msgs/msg/detail/dds_fastrtps/manual_control_switches__type_support.cpp.o[0m
[24.192s] [ 42%] [32mBuilding CXX object CMakeFiles/px4_msgs__rosidl_typesupport_introspection_cpp.dir/rosidl_typesupport_introspection_cpp/px4_msgs/msg/detail/mavlink_tunnel__type_support.cpp.o[0m
[24.207s] [ 42%] [32mBuilding C object CMakeFiles/px4_msgs__rosidl_typesupport_introspection_c.dir/rosidl_typesupport_introspection_c/px4_msgs/msg/detail/landing_gear_wheel__type_support.c.o[0m
[24.214s] [ 42%] [32mBuilding CXX object CMakeFiles/px4_msgs__rosidl_typesupport_c.dir/rosidl_typesupport_c/px4_msgs/msg/navigator_mission_item__type_support.cpp.o[0m
[24.232s] [ 42%] [32mBuilding CXX object CMakeFiles/px4_msgs__rosidl_typesupport_fastrtps_c.dir/rosidl_typesupport_fastrtps_c/px4_msgs/msg/detail/collision_constraints__type_support_c.cpp.o[0m
[24.272s] [ 42%] [32mBuilding CXX object CMakeFiles/px4_msgs__rosidl_typesupport_c.dir/rosidl_typesupport_c/px4_msgs/msg/normalized_unsigned_setpoint__type_support.cpp.o[0m
[24.275s] [ 42%] [32mBuilding C object CMakeFiles/px4_msgs__rosidl_typesupport_introspection_c.dir/rosidl_typesupport_introspection_c/px4_msgs/msg/detail/landing_target_innovations__type_support.c.o[0m
[24.279s] [ 42%] [32mBuilding CXX object CMakeFiles/px4_msgs__rosidl_typesupport_introspection_cpp.dir/rosidl_typesupport_introspection_cpp/px4_msgs/msg/detail/message_format_request__type_support.cpp.o[0m
[24.331s] [ 42%] [32mBuilding CXX object CMakeFiles/px4_msgs__rosidl_typesupport_c.dir/rosidl_typesupport_c/px4_msgs/msg/npfg_status__type_support.cpp.o[0m
[24.345s] [ 42%] [32mBuilding C object CMakeFiles/px4_msgs__rosidl_typesupport_introspection_c.dir/rosidl_typesupport_introspection_c/px4_msgs/msg/detail/landing_target_pose__type_support.c.o[0m
[24.354s] [ 42%] [32mBuilding CXX object CMakeFiles/px4_msgs__rosidl_typesupport_fastrtps_cpp.dir/rosidl_typesupport_fastrtps_cpp/px4_msgs/msg/detail/dds_fastrtps/mavlink_log__type_support.cpp.o[0m
[24.388s] [ 42%] [32mBuilding CXX object CMakeFiles/px4_msgs__rosidl_typesupport_c.dir/rosidl_typesupport_c/px4_msgs/msg/obstacle_distance__type_support.cpp.o[0m
[24.414s] [ 42%] [32mBuilding C object CMakeFiles/px4_msgs__rosidl_typesupport_introspection_c.dir/rosidl_typesupport_introspection_c/px4_msgs/msg/detail/launch_detection_status__type_support.c.o[0m
[24.447s] [ 42%] [32mBuilding CXX object CMakeFiles/px4_msgs__rosidl_typesupport_c.dir/rosidl_typesupport_c/px4_msgs/msg/offboard_control_mode__type_support.cpp.o[0m
[24.462s] [ 42%] [32mBuilding CXX object CMakeFiles/px4_msgs__rosidl_typesupport_fastrtps_cpp.dir/rosidl_typesupport_fastrtps_cpp/px4_msgs/msg/detail/dds_fastrtps/mavlink_tunnel__type_support.cpp.o[0m
[24.480s] [ 42%] [32mBuilding C object CMakeFiles/px4_msgs__rosidl_typesupport_introspection_c.dir/rosidl_typesupport_introspection_c/px4_msgs/msg/detail/led_control__type_support.c.o[0m
[24.507s] [ 42%] [32mBuilding CXX object CMakeFiles/px4_msgs__rosidl_typesupport_c.dir/rosidl_typesupport_c/px4_msgs/msg/onboard_computer_status__type_support.cpp.o[0m
[24.549s] [ 42%] [32mBuilding C object CMakeFiles/px4_msgs__rosidl_typesupport_introspection_c.dir/rosidl_typesupport_introspection_c/px4_msgs/msg/detail/log_message__type_support.c.o[0m
[24.564s] [ 42%] [32mBuilding CXX object CMakeFiles/px4_msgs__rosidl_typesupport_c.dir/rosidl_typesupport_c/px4_msgs/msg/orb_test__type_support.cpp.o[0m
[24.574s] [ 42%] [32mBuilding CXX object CMakeFiles/px4_msgs__rosidl_typesupport_cpp.dir/rosidl_typesupport_cpp/px4_msgs/msg/mavlink_tunnel__type_support.cpp.o[0m
[24.633s] [ 42%] [32mBuilding C object CMakeFiles/px4_msgs__rosidl_typesupport_introspection_c.dir/rosidl_typesupport_introspection_c/px4_msgs/msg/detail/logger_status__type_support.c.o[0m
[24.633s] [ 42%] [32mBuilding CXX object CMakeFiles/px4_msgs__rosidl_typesupport_c.dir/rosidl_typesupport_c/px4_msgs/msg/orb_test_large__type_support.cpp.o[0m
[24.691s] [ 42%] [32mBuilding CXX object CMakeFiles/px4_msgs__rosidl_typesupport_c.dir/rosidl_typesupport_c/px4_msgs/msg/orb_test_medium__type_support.cpp.o[0m
[24.705s] [ 42%] [32mBuilding C object CMakeFiles/px4_msgs__rosidl_typesupport_introspection_c.dir/rosidl_typesupport_introspection_c/px4_msgs/msg/detail/mag_worker_data__type_support.c.o[0m
[24.706s] [ 42%] [32mBuilding CXX object CMakeFiles/px4_msgs__rosidl_typesupport_c.dir/rosidl_typesupport_c/px4_msgs/msg/orbit_status__type_support.cpp.o[0m
[24.715s] [ 42%] [32mBuilding C object CMakeFiles/px4_msgs__rosidl_typesupport_introspection_c.dir/rosidl_typesupport_introspection_c/px4_msgs/msg/detail/magnetometer_bias_estimate__type_support.c.o[0m
[24.745s] [ 42%] [32mBuilding CXX object CMakeFiles/px4_msgs__rosidl_typesupport_fastrtps_cpp.dir/rosidl_typesupport_fastrtps_cpp/px4_msgs/msg/detail/dds_fastrtps/message_format_request__type_support.cpp.o[0m
[24.750s] [ 42%] [32mBuilding CXX object CMakeFiles/px4_msgs__rosidl_typesupport_introspection_cpp.dir/rosidl_typesupport_introspection_cpp/px4_msgs/msg/detail/message_format_response__type_support.cpp.o[0m
[24.767s] [ 42%] [32mBuilding CXX object CMakeFiles/px4_msgs__rosidl_typesupport_c.dir/rosidl_typesupport_c/px4_msgs/msg/parameter_reset_request__type_support.cpp.o[0m
[24.796s] [ 42%] [32mBuilding CXX object CMakeFiles/px4_msgs__rosidl_typesupport_introspection_cpp.dir/rosidl_typesupport_introspection_cpp/px4_msgs/msg/detail/mission__type_support.cpp.o[0m
[24.801s] [ 42%] [32mBuilding C object CMakeFiles/px4_msgs__rosidl_typesupport_introspection_c.dir/rosidl_typesupport_introspection_c/px4_msgs/msg/detail/manual_control_setpoint__type_support.c.o[0m
[24.832s] [ 42%] [32mBuilding CXX object CMakeFiles/px4_msgs__rosidl_typesupport_c.dir/rosidl_typesupport_c/px4_msgs/msg/parameter_set_used_request__type_support.cpp.o[0m
[24.867s] [ 42%] [32mBuilding C object CMakeFiles/px4_msgs__rosidl_typesupport_introspection_c.dir/rosidl_typesupport_introspection_c/px4_msgs/msg/detail/manual_control_switches__type_support.c.o[0m
[24.893s] [ 42%] [32mBuilding CXX object CMakeFiles/px4_msgs__rosidl_typesupport_c.dir/rosidl_typesupport_c/px4_msgs/msg/parameter_set_value_request__type_support.cpp.o[0m
[24.935s] [ 42%] [32mBuilding CXX object CMakeFiles/px4_msgs__rosidl_typesupport_fastrtps_c.dir/rosidl_typesupport_fastrtps_c/px4_msgs/msg/detail/collision_report__type_support_c.cpp.o[0m
[24.935s] [ 42%] [32mBuilding C object CMakeFiles/px4_msgs__rosidl_typesupport_introspection_c.dir/rosidl_typesupport_introspection_c/px4_msgs/msg/detail/mavlink_log__type_support.c.o[0m
[24.953s] [ 43%] [32mBuilding CXX object CMakeFiles/px4_msgs__rosidl_typesupport_c.dir/rosidl_typesupport_c/px4_msgs/msg/parameter_set_value_response__type_support.cpp.o[0m
[25.004s] [ 43%] [32mBuilding C object CMakeFiles/px4_msgs__rosidl_typesupport_introspection_c.dir/rosidl_typesupport_introspection_c/px4_msgs/msg/detail/mavlink_tunnel__type_support.c.o[0m
[25.010s] [ 43%] [32mBuilding CXX object CMakeFiles/px4_msgs__rosidl_typesupport_fastrtps_cpp.dir/rosidl_typesupport_fastrtps_cpp/px4_msgs/msg/detail/dds_fastrtps/message_format_response__type_support.cpp.o[0m
[25.011s] [ 43%] [32mBuilding CXX object CMakeFiles/px4_msgs__rosidl_typesupport_c.dir/rosidl_typesupport_c/px4_msgs/msg/parameter_update__type_support.cpp.o[0m
[25.041s] [ 43%] [32mBuilding CXX object CMakeFiles/px4_msgs__rosidl_typesupport_c.dir/rosidl_typesupport_c/px4_msgs/msg/ping__type_support.cpp.o[0m
[25.073s] [ 43%] [32mBuilding C object CMakeFiles/px4_msgs__rosidl_typesupport_introspection_c.dir/rosidl_typesupport_introspection_c/px4_msgs/msg/detail/message_format_request__type_support.c.o[0m
[25.077s] [ 43%] [32mBuilding CXX object CMakeFiles/px4_msgs__rosidl_typesupport_cpp.dir/rosidl_typesupport_cpp/px4_msgs/msg/message_format_request__type_support.cpp.o[0m
[25.099s] [ 43%] [32mBuilding CXX object CMakeFiles/px4_msgs__rosidl_typesupport_c.dir/rosidl_typesupport_c/px4_msgs/msg/position_controller_landing_status__type_support.cpp.o[0m
[25.120s] [ 43%] [32mBuilding CXX object CMakeFiles/px4_msgs__rosidl_typesupport_fastrtps_c.dir/rosidl_typesupport_fastrtps_c/px4_msgs/msg/detail/config_overrides__type_support_c.cpp.o[0m
[25.131s] [ 44%] [32mBuilding C object CMakeFiles/px4_msgs__rosidl_typesupport_introspection_c.dir/rosidl_typesupport_introspection_c/px4_msgs/msg/detail/message_format_response__type_support.c.o[0m
[25.147s] [ 44%] [32mBuilding CXX object CMakeFiles/px4_msgs__rosidl_typesupport_fastrtps_c.dir/rosidl_typesupport_fastrtps_c/px4_msgs/msg/detail/control_allocator_status__type_support_c.cpp.o[0m
[25.160s] [ 44%] [32mBuilding CXX object CMakeFiles/px4_msgs__rosidl_typesupport_c.dir/rosidl_typesupport_c/px4_msgs/msg/position_controller_status__type_support.cpp.o[0m
[25.197s] [ 44%] [32mBuilding CXX object CMakeFiles/px4_msgs__rosidl_typesupport_c.dir/rosidl_typesupport_c/px4_msgs/msg/position_setpoint__type_support.cpp.o[0m
[25.206s] [ 44%] [32mBuilding C object CMakeFiles/px4_msgs__rosidl_typesupport_introspection_c.dir/rosidl_typesupport_introspection_c/px4_msgs/msg/detail/mission__type_support.c.o[0m
[25.222s] [ 44%] [32mBuilding CXX object CMakeFiles/px4_msgs__rosidl_typesupport_cpp.dir/rosidl_typesupport_cpp/px4_msgs/msg/message_format_response__type_support.cpp.o[0m
[25.256s] [ 44%] [32mBuilding CXX object CMakeFiles/px4_msgs__rosidl_typesupport_c.dir/rosidl_typesupport_c/px4_msgs/msg/position_setpoint_triplet__type_support.cpp.o[0m
[25.271s] [ 44%] [32mBuilding C object CMakeFiles/px4_msgs__rosidl_typesupport_introspection_c.dir/rosidl_typesupport_introspection_c/px4_msgs/msg/detail/mission_result__type_support.c.o[0m
[25.309s] [ 44%] [32mBuilding CXX object CMakeFiles/px4_msgs__rosidl_typesupport_introspection_cpp.dir/rosidl_typesupport_introspection_cpp/px4_msgs/msg/detail/mission_result__type_support.cpp.o[0m
[25.316s] [ 44%] [32mBuilding CXX object CMakeFiles/px4_msgs__rosidl_typesupport_c.dir/rosidl_typesupport_c/px4_msgs/msg/power_button_state__type_support.cpp.o[0m
[25.340s] [ 44%] [32mBuilding C object CMakeFiles/px4_msgs__rosidl_typesupport_introspection_c.dir/rosidl_typesupport_introspection_c/px4_msgs/msg/detail/mode_completed__type_support.c.o[0m
[25.374s] [ 44%] [32mBuilding CXX object CMakeFiles/px4_msgs__rosidl_typesupport_c.dir/rosidl_typesupport_c/px4_msgs/msg/power_monitor__type_support.cpp.o[0m
[25.406s] [ 44%] [32mBuilding C object CMakeFiles/px4_msgs__rosidl_typesupport_introspection_c.dir/rosidl_typesupport_introspection_c/px4_msgs/msg/detail/mount_orientation__type_support.c.o[0m
[25.433s] [ 44%] [32mBuilding CXX object CMakeFiles/px4_msgs__rosidl_typesupport_c.dir/rosidl_typesupport_c/px4_msgs/msg/pps_capture__type_support.cpp.o[0m
[25.477s] [ 44%] [32mBuilding C object CMakeFiles/px4_msgs__rosidl_typesupport_introspection_c.dir/rosidl_typesupport_introspection_c/px4_msgs/msg/detail/navigator_mission_item__type_support.c.o[0m
[25.489s] [ 44%] [32mBuilding CXX object CMakeFiles/px4_msgs__rosidl_typesupport_c.dir/rosidl_typesupport_c/px4_msgs/msg/pwm_input__type_support.cpp.o[0m
[25.547s] [ 44%] [32mBuilding C object CMakeFiles/px4_msgs__rosidl_typesupport_introspection_c.dir/rosidl_typesupport_introspection_c/px4_msgs/msg/detail/normalized_unsigned_setpoint__type_support.c.o[0m
[25.547s] [ 44%] [32mBuilding CXX object CMakeFiles/px4_msgs__rosidl_typesupport_c.dir/rosidl_typesupport_c/px4_msgs/msg/px4io_status__type_support.cpp.o[0m
[25.585s] [ 44%] [32mBuilding CXX object CMakeFiles/px4_msgs__rosidl_typesupport_fastrtps_cpp.dir/rosidl_typesupport_fastrtps_cpp/px4_msgs/msg/detail/dds_fastrtps/mission__type_support.cpp.o[0m
[25.589s] [ 44%] [32mBuilding CXX object CMakeFiles/px4_msgs__rosidl_typesupport_fastrtps_c.dir/rosidl_typesupport_fastrtps_c/px4_msgs/msg/detail/cpuload__type_support_c.cpp.o[0m
[25.600s] [ 44%] [32mBuilding CXX object CMakeFiles/px4_msgs__rosidl_typesupport_cpp.dir/rosidl_typesupport_cpp/px4_msgs/msg/mission__type_support.cpp.o[0m
[25.608s] [ 44%] [32mBuilding CXX object CMakeFiles/px4_msgs__rosidl_typesupport_c.dir/rosidl_typesupport_c/px4_msgs/msg/qshell_req__type_support.cpp.o[0m
[25.613s] [ 44%] [32mBuilding C object CMakeFiles/px4_msgs__rosidl_typesupport_introspection_c.dir/rosidl_typesupport_introspection_c/px4_msgs/msg/detail/npfg_status__type_support.c.o[0m
[25.648s] [ 44%] [32mBuilding C object CMakeFiles/px4_msgs__rosidl_typesupport_introspection_c.dir/rosidl_typesupport_introspection_c/px4_msgs/msg/detail/obstacle_distance__type_support.c.o[0m
[25.657s] [ 44%] [32mBuilding CXX object CMakeFiles/px4_msgs__rosidl_typesupport_introspection_cpp.dir/rosidl_typesupport_introspection_cpp/px4_msgs/msg/detail/mode_completed__type_support.cpp.o[0m
[25.671s] [ 44%] [32mBuilding CXX object CMakeFiles/px4_msgs__rosidl_typesupport_c.dir/rosidl_typesupport_c/px4_msgs/msg/qshell_retval__type_support.cpp.o[0m
[25.693s] [ 44%] [32mBuilding CXX object CMakeFiles/px4_msgs__rosidl_typesupport_fastrtps_c.dir/rosidl_typesupport_fastrtps_c/px4_msgs/msg/detail/dataman_request__type_support_c.cpp.o[0m
[25.720s] [ 44%] [32mBuilding C object CMakeFiles/px4_msgs__rosidl_typesupport_introspection_c.dir/rosidl_typesupport_introspection_c/px4_msgs/msg/detail/offboard_control_mode__type_support.c.o[0m
[25.727s] [ 44%] [32mBuilding CXX object CMakeFiles/px4_msgs__rosidl_typesupport_c.dir/rosidl_typesupport_c/px4_msgs/msg/radio_status__type_support.cpp.o[0m
[25.786s] [ 44%] [32mBuilding CXX object CMakeFiles/px4_msgs__rosidl_typesupport_c.dir/rosidl_typesupport_c/px4_msgs/msg/rate_ctrl_status__type_support.cpp.o[0m
[25.787s] [ 44%] [32mBuilding C object CMakeFiles/px4_msgs__rosidl_typesupport_introspection_c.dir/rosidl_typesupport_introspection_c/px4_msgs/msg/detail/onboard_computer_status__type_support.c.o[0m
[25.790s] [ 44%] [32mBuilding CXX object CMakeFiles/px4_msgs__rosidl_typesupport_introspection_cpp.dir/rosidl_typesupport_introspection_cpp/px4_msgs/msg/detail/mount_orientation__type_support.cpp.o[0m
[25.828s] [ 44%] [32mBuilding CXX object CMakeFiles/px4_msgs__rosidl_typesupport_fastrtps_cpp.dir/rosidl_typesupport_fastrtps_cpp/px4_msgs/msg/detail/dds_fastrtps/mission_result__type_support.cpp.o[0m
[25.854s] [ 44%] [32mBuilding CXX object CMakeFiles/px4_msgs__rosidl_typesupport_c.dir/rosidl_typesupport_c/px4_msgs/msg/rc_channels__type_support.cpp.o[0m
[25.855s] [ 44%] [32mBuilding C object CMakeFiles/px4_msgs__rosidl_typesupport_introspection_c.dir/rosidl_typesupport_introspection_c/px4_msgs/msg/detail/orb_test__type_support.c.o[0m
[25.877s] [ 44%] [32mBuilding CXX object CMakeFiles/px4_msgs__rosidl_typesupport_cpp.dir/rosidl_typesupport_cpp/px4_msgs/msg/mission_result__type_support.cpp.o[0m
[25.912s] [ 44%] [32mBuilding CXX object CMakeFiles/px4_msgs__rosidl_typesupport_introspection_cpp.dir/rosidl_typesupport_introspection_cpp/px4_msgs/msg/detail/navigator_mission_item__type_support.cpp.o[0m
[25.914s] [ 45%] [32mBuilding CXX object CMakeFiles/px4_msgs__rosidl_typesupport_c.dir/rosidl_typesupport_c/px4_msgs/msg/rc_parameter_map__type_support.cpp.o[0m
[25.926s] [ 45%] [32mBuilding C object CMakeFiles/px4_msgs__rosidl_typesupport_introspection_c.dir/rosidl_typesupport_introspection_c/px4_msgs/msg/detail/orb_test_large__type_support.c.o[0m
[25.974s] [ 45%] [32mBuilding CXX object CMakeFiles/px4_msgs__rosidl_typesupport_c.dir/rosidl_typesupport_c/px4_msgs/msg/register_ext_component_reply__type_support.cpp.o[0m
[26.000s] [ 45%] [32mBuilding C object CMakeFiles/px4_msgs__rosidl_typesupport_introspection_c.dir/rosidl_typesupport_introspection_c/px4_msgs/msg/detail/orb_test_medium__type_support.c.o[0m
[26.034s] [ 45%] [32mBuilding CXX object CMakeFiles/px4_msgs__rosidl_typesupport_c.dir/rosidl_typesupport_c/px4_msgs/msg/register_ext_component_request__type_support.cpp.o[0m
[26.069s] [ 45%] [32mBuilding C object CMakeFiles/px4_msgs__rosidl_typesupport_introspection_c.dir/rosidl_typesupport_introspection_c/px4_msgs/msg/detail/orbit_status__type_support.c.o[0m
[26.093s] [ 45%] [32mBuilding CXX object CMakeFiles/px4_msgs__rosidl_typesupport_c.dir/rosidl_typesupport_c/px4_msgs/msg/rover_ackermann_guidance_status__type_support.cpp.o[0m
[26.107s] [ 45%] [32mBuilding CXX object CMakeFiles/px4_msgs__rosidl_typesupport_fastrtps_cpp.dir/rosidl_typesupport_fastrtps_cpp/px4_msgs/msg/detail/dds_fastrtps/mode_completed__type_support.cpp.o[0m
[26.141s] [ 45%] [32mBuilding C object CMakeFiles/px4_msgs__rosidl_typesupport_introspection_c.dir/rosidl_typesupport_introspection_c/px4_msgs/msg/detail/parameter_reset_request__type_support.c.o[0m
[26.156s] [ 45%] [32mBuilding CXX object CMakeFiles/px4_msgs__rosidl_typesupport_c.dir/rosidl_typesupport_c/px4_msgs/msg/rpm__type_support.cpp.o[0m
[26.162s] [ 45%] [32mBuilding CXX object CMakeFiles/px4_msgs__rosidl_typesupport_c.dir/rosidl_typesupport_c/px4_msgs/msg/rtl_status__type_support.cpp.o[0m
[26.207s] [ 45%] [32mBuilding C object CMakeFiles/px4_msgs__rosidl_typesupport_introspection_c.dir/rosidl_typesupport_introspection_c/px4_msgs/msg/detail/parameter_set_used_request__type_support.c.o[0m
[26.214s] [ 46%] [32mBuilding C object CMakeFiles/px4_msgs__rosidl_typesupport_introspection_c.dir/rosidl_typesupport_introspection_c/px4_msgs/msg/detail/parameter_set_value_request__type_support.c.o[0m
[26.226s] [ 46%] [32mBuilding CXX object CMakeFiles/px4_msgs__rosidl_typesupport_c.dir/rosidl_typesupport_c/px4_msgs/msg/rtl_time_estimate__type_support.cpp.o[0m
[26.273s] [ 46%] [32mBuilding CXX object CMakeFiles/px4_msgs__rosidl_typesupport_fastrtps_cpp.dir/rosidl_typesupport_fastrtps_cpp/px4_msgs/msg/detail/dds_fastrtps/mount_orientation__type_support.cpp.o[0m
[26.281s] [ 46%] [32mBuilding C object CMakeFiles/px4_msgs__rosidl_typesupport_introspection_c.dir/rosidl_typesupport_introspection_c/px4_msgs/msg/detail/parameter_set_value_response__type_support.c.o[0m
[26.283s] [ 46%] [32mBuilding CXX object CMakeFiles/px4_msgs__rosidl_typesupport_c.dir/rosidl_typesupport_c/px4_msgs/msg/satellite_info__type_support.cpp.o[0m
[26.302s] [ 46%] [32mBuilding CXX object CMakeFiles/px4_msgs__rosidl_typesupport_introspection_cpp.dir/rosidl_typesupport_introspection_cpp/px4_msgs/msg/detail/normalized_unsigned_setpoint__type_support.cpp.o[0m
[26.345s] [ 46%] [32mBuilding CXX object CMakeFiles/px4_msgs__rosidl_typesupport_c.dir/rosidl_typesupport_c/px4_msgs/msg/sensor_accel__type_support.cpp.o[0m
[26.348s] [ 46%] [32mBuilding C object CMakeFiles/px4_msgs__rosidl_typesupport_introspection_c.dir/rosidl_typesupport_introspection_c/px4_msgs/msg/detail/parameter_update__type_support.c.o[0m
[26.402s] [ 46%] [32mBuilding CXX object CMakeFiles/px4_msgs__rosidl_typesupport_fastrtps_c.dir/rosidl_typesupport_fastrtps_c/px4_msgs/msg/detail/dataman_response__type_support_c.cpp.o[0m
[26.405s] [ 46%] [32mBuilding CXX object CMakeFiles/px4_msgs__rosidl_typesupport_c.dir/rosidl_typesupport_c/px4_msgs/msg/sensor_accel_fifo__type_support.cpp.o[0m
[26.419s] [ 46%] [32mBuilding C object CMakeFiles/px4_msgs__rosidl_typesupport_introspection_c.dir/rosidl_typesupport_introspection_c/px4_msgs/msg/detail/ping__type_support.c.o[0m
[26.437s] [ 46%] [32mBuilding CXX object CMakeFiles/px4_msgs__rosidl_typesupport_cpp.dir/rosidl_typesupport_cpp/px4_msgs/msg/mode_completed__type_support.cpp.o[0m
[26.441s] [ 46%] [32mBuilding CXX object CMakeFiles/px4_msgs__rosidl_typesupport_c.dir/rosidl_typesupport_c/px4_msgs/msg/sensor_airflow__type_support.cpp.o[0m
[26.466s] [ 47%] [32mBuilding CXX object CMakeFiles/px4_msgs__rosidl_typesupport_introspection_cpp.dir/rosidl_typesupport_introspection_cpp/px4_msgs/msg/detail/npfg_status__type_support.cpp.o[0m
[26.477s] [ 47%] [32mBuilding CXX object CMakeFiles/px4_msgs__rosidl_typesupport_c.dir/rosidl_typesupport_c/px4_msgs/msg/sensor_baro__type_support.cpp.o[0m
[26.485s] [ 47%] [32mBuilding C object CMakeFiles/px4_msgs__rosidl_typesupport_introspection_c.dir/rosidl_typesupport_introspection_c/px4_msgs/msg/detail/position_controller_landing_status__type_support.c.o[0m
[26.509s] [ 47%] [32mBuilding CXX object CMakeFiles/px4_msgs__rosidl_typesupport_fastrtps_c.dir/rosidl_typesupport_fastrtps_c/px4_msgs/msg/detail/debug_array__type_support_c.cpp.o[0m
[26.539s] [ 47%] [32mBuilding CXX object CMakeFiles/px4_msgs__rosidl_typesupport_c.dir/rosidl_typesupport_c/px4_msgs/msg/sensor_combined__type_support.cpp.o[0m
[26.556s] [ 47%] [32mBuilding C object CMakeFiles/px4_msgs__rosidl_typesupport_introspection_c.dir/rosidl_typesupport_introspection_c/px4_msgs/msg/detail/position_controller_status__type_support.c.o[0m
[26.597s] [ 47%] [32mBuilding CXX object CMakeFiles/px4_msgs__rosidl_typesupport_c.dir/rosidl_typesupport_c/px4_msgs/msg/sensor_correction__type_support.cpp.o[0m
[26.611s] [ 47%] [32mBuilding C object CMakeFiles/px4_msgs__rosidl_typesupport_introspection_c.dir/rosidl_typesupport_introspection_c/px4_msgs/msg/detail/position_setpoint__type_support.c.o[0m
[26.619s] [ 47%] [32mBuilding CXX object CMakeFiles/px4_msgs__rosidl_typesupport_introspection_cpp.dir/rosidl_typesupport_introspection_cpp/px4_msgs/msg/detail/obstacle_distance__type_support.cpp.o[0m
[26.662s] [ 47%] [32mBuilding CXX object CMakeFiles/px4_msgs__rosidl_typesupport_c.dir/rosidl_typesupport_c/px4_msgs/msg/sensor_gnss_relative__type_support.cpp.o[0m
[26.681s] [ 47%] [32mBuilding C object CMakeFiles/px4_msgs__rosidl_typesupport_introspection_c.dir/rosidl_typesupport_introspection_c/px4_msgs/msg/detail/position_setpoint_triplet__type_support.c.o[0m
[26.702s] [ 47%] [32mBuilding CXX object CMakeFiles/px4_msgs__rosidl_typesupport_fastrtps_c.dir/rosidl_typesupport_fastrtps_c/px4_msgs/msg/detail/debug_key_value__type_support_c.cpp.o[0m
[26.725s] [ 47%] [32mBuilding CXX object CMakeFiles/px4_msgs__rosidl_typesupport_c.dir/rosidl_typesupport_c/px4_msgs/msg/sensor_gps__type_support.cpp.o[0m
[26.736s] [ 47%] [32mBuilding CXX object CMakeFiles/px4_msgs__rosidl_typesupport_cpp.dir/rosidl_typesupport_cpp/px4_msgs/msg/mount_orientation__type_support.cpp.o[0m
[26.750s] [ 47%] [32mBuilding C object CMakeFiles/px4_msgs__rosidl_typesupport_introspection_c.dir/rosidl_typesupport_introspection_c/px4_msgs/msg/detail/power_button_state__type_support.c.o[0m
[26.784s] [ 47%] [32mBuilding CXX object CMakeFiles/px4_msgs__rosidl_typesupport_c.dir/rosidl_typesupport_c/px4_msgs/msg/sensor_gyro__type_support.cpp.o[0m
[26.815s] [ 47%] [32mBuilding C object CMakeFiles/px4_msgs__rosidl_typesupport_introspection_c.dir/rosidl_typesupport_introspection_c/px4_msgs/msg/detail/power_monitor__type_support.c.o[0m
[26.844s] [ 47%] [32mBuilding CXX object CMakeFiles/px4_msgs__rosidl_typesupport_c.dir/rosidl_typesupport_c/px4_msgs/msg/sensor_gyro_fft__type_support.cpp.o[0m
[26.883s] [ 47%] [32mBuilding C object CMakeFiles/px4_msgs__rosidl_typesupport_introspection_c.dir/rosidl_typesupport_introspection_c/px4_msgs/msg/detail/pps_capture__type_support.c.o[0m
[26.907s] [ 48%] [32mBuilding CXX object CMakeFiles/px4_msgs__rosidl_typesupport_c.dir/rosidl_typesupport_c/px4_msgs/msg/sensor_gyro_fifo__type_support.cpp.o[0m
[26.938s] [ 48%] [32mBuilding C object CMakeFiles/px4_msgs__rosidl_typesupport_introspection_c.dir/rosidl_typesupport_introspection_c/px4_msgs/msg/detail/pwm_input__type_support.c.o[0m
[26.950s] [ 48%] [32mBuilding CXX object CMakeFiles/px4_msgs__rosidl_typesupport_fastrtps_c.dir/rosidl_typesupport_fastrtps_c/px4_msgs/msg/detail/debug_value__type_support_c.cpp.o[0m
[26.966s] [ 48%] [32mBuilding CXX object CMakeFiles/px4_msgs__rosidl_typesupport_c.dir/rosidl_typesupport_c/px4_msgs/msg/sensor_hygrometer__type_support.cpp.o[0m
[27.004s] [ 48%] [32mBuilding C object CMakeFiles/px4_msgs__rosidl_typesupport_introspection_c.dir/rosidl_typesupport_introspection_c/px4_msgs/msg/detail/px4io_status__type_support.c.o[0m
[27.025s] [ 48%] [32mBuilding CXX object CMakeFiles/px4_msgs__rosidl_typesupport_c.dir/rosidl_typesupport_c/px4_msgs/msg/sensor_mag__type_support.cpp.o[0m
[27.025s] [ 48%] [32mBuilding CXX object CMakeFiles/px4_msgs__rosidl_typesupport_introspection_cpp.dir/rosidl_typesupport_introspection_cpp/px4_msgs/msg/detail/offboard_control_mode__type_support.cpp.o[0m
[27.085s] [ 48%] [32mBuilding CXX object CMakeFiles/px4_msgs__rosidl_typesupport_c.dir/rosidl_typesupport_c/px4_msgs/msg/sensor_optical_flow__type_support.cpp.o[0m
[27.095s] [ 48%] [32mBuilding C object CMakeFiles/px4_msgs__rosidl_typesupport_introspection_c.dir/rosidl_typesupport_introspection_c/px4_msgs/msg/detail/qshell_req__type_support.c.o[0m
[27.104s] [ 48%] [32mBuilding CXX object CMakeFiles/px4_msgs__rosidl_typesupport_fastrtps_cpp.dir/rosidl_typesupport_fastrtps_cpp/px4_msgs/msg/detail/dds_fastrtps/navigator_mission_item__type_support.cpp.o[0m
[27.104s] [ 48%] [32mBuilding CXX object CMakeFiles/px4_msgs__rosidl_typesupport_cpp.dir/rosidl_typesupport_cpp/px4_msgs/msg/navigator_mission_item__type_support.cpp.o[0m
[27.141s] [ 48%] [32mBuilding CXX object CMakeFiles/px4_msgs__rosidl_typesupport_c.dir/rosidl_typesupport_c/px4_msgs/msg/sensor_preflight_mag__type_support.cpp.o[0m
[27.148s] [ 48%] [32mBuilding CXX object CMakeFiles/px4_msgs__rosidl_typesupport_c.dir/rosidl_typesupport_c/px4_msgs/msg/sensor_selection__type_support.cpp.o[0m
[27.170s] [ 48%] [32mBuilding C object CMakeFiles/px4_msgs__rosidl_typesupport_introspection_c.dir/rosidl_typesupport_introspection_c/px4_msgs/msg/detail/qshell_retval__type_support.c.o[0m
[27.206s] [ 48%] [32mBuilding CXX object CMakeFiles/px4_msgs__rosidl_typesupport_c.dir/rosidl_typesupport_c/px4_msgs/msg/sensor_uwb__type_support.cpp.o[0m
[27.208s] [ 48%] [32mBuilding CXX object CMakeFiles/px4_msgs__rosidl_typesupport_c.dir/rosidl_typesupport_c/px4_msgs/msg/sensors_status__type_support.cpp.o[0m
[27.220s] [ 48%] [32mBuilding CXX object CMakeFiles/px4_msgs__rosidl_typesupport_introspection_cpp.dir/rosidl_typesupport_introspection_cpp/px4_msgs/msg/detail/onboard_computer_status__type_support.cpp.o[0m
[27.241s] [ 48%] [32mBuilding C object CMakeFiles/px4_msgs__rosidl_typesupport_introspection_c.dir/rosidl_typesupport_introspection_c/px4_msgs/msg/detail/radio_status__type_support.c.o[0m
[27.264s] [ 48%] [32mBuilding CXX object CMakeFiles/px4_msgs__rosidl_typesupport_c.dir/rosidl_typesupport_c/px4_msgs/msg/sensors_status_imu__type_support.cpp.o[0m
[27.264s] [ 48%] [32mBuilding CXX object CMakeFiles/px4_msgs__rosidl_typesupport_cpp.dir/rosidl_typesupport_cpp/px4_msgs/msg/normalized_unsigned_setpoint__type_support.cpp.o[0m
[27.278s] [ 48%] [32mBuilding CXX object CMakeFiles/px4_msgs__rosidl_typesupport_fastrtps_cpp.dir/rosidl_typesupport_fastrtps_cpp/px4_msgs/msg/detail/dds_fastrtps/normalized_unsigned_setpoint__type_support.cpp.o[0m
[27.289s] [ 48%] [32mBuilding CXX object CMakeFiles/px4_msgs__rosidl_typesupport_fastrtps_cpp.dir/rosidl_typesupport_fastrtps_cpp/px4_msgs/msg/detail/dds_fastrtps/npfg_status__type_support.cpp.o[0m
[27.311s] [ 48%] [32mBuilding C object CMakeFiles/px4_msgs__rosidl_typesupport_introspection_c.dir/rosidl_typesupport_introspection_c/px4_msgs/msg/detail/rate_ctrl_status__type_support.c.o[0m
[27.329s] [ 48%] [32mBuilding CXX object CMakeFiles/px4_msgs__rosidl_typesupport_c.dir/rosidl_typesupport_c/px4_msgs/msg/system_power__type_support.cpp.o[0m
[27.384s] [ 48%] [32mBuilding C object CMakeFiles/px4_msgs__rosidl_typesupport_introspection_c.dir/rosidl_typesupport_introspection_c/px4_msgs/msg/detail/rc_channels__type_support.c.o[0m
[27.389s] [ 48%] [32mBuilding CXX object CMakeFiles/px4_msgs__rosidl_typesupport_c.dir/rosidl_typesupport_c/px4_msgs/msg/takeoff_status__type_support.cpp.o[0m
[27.404s] [ 48%] [32mBuilding CXX object CMakeFiles/px4_msgs__rosidl_typesupport_introspection_cpp.dir/rosidl_typesupport_introspection_cpp/px4_msgs/msg/detail/orb_test__type_support.cpp.o[0m
[27.438s] [ 48%] [32mBuilding CXX object CMakeFiles/px4_msgs__rosidl_typesupport_cpp.dir/rosidl_typesupport_cpp/px4_msgs/msg/npfg_status__type_support.cpp.o[0m
[27.447s] [ 48%] [32mBuilding CXX object CMakeFiles/px4_msgs__rosidl_typesupport_c.dir/rosidl_typesupport_c/px4_msgs/msg/task_stack_info__type_support.cpp.o[0m
[27.455s] [ 49%] [32mBuilding C object CMakeFiles/px4_msgs__rosidl_typesupport_introspection_c.dir/rosidl_typesupport_introspection_c/px4_msgs/msg/detail/rc_parameter_map__type_support.c.o[0m
[27.504s] [ 49%] [32mBuilding CXX object CMakeFiles/px4_msgs__rosidl_typesupport_c.dir/rosidl_typesupport_c/px4_msgs/msg/tecs_status__type_support.cpp.o[0m
[27.554s] [ 49%] [32mBuilding C object CMakeFiles/px4_msgs__rosidl_typesupport_introspection_c.dir/rosidl_typesupport_introspection_c/px4_msgs/msg/detail/register_ext_component_reply__type_support.c.o[0m
[27.563s] [ 49%] [32mBuilding CXX object CMakeFiles/px4_msgs__rosidl_typesupport_c.dir/rosidl_typesupport_c/px4_msgs/msg/telemetry_status__type_support.cpp.o[0m
[27.625s] [ 49%] [32mBuilding C object CMakeFiles/px4_msgs__rosidl_typesupport_introspection_c.dir/rosidl_typesupport_introspection_c/px4_msgs/msg/detail/register_ext_component_request__type_support.c.o[0m
[27.625s] [ 49%] [32mBuilding CXX object CMakeFiles/px4_msgs__rosidl_typesupport_c.dir/rosidl_typesupport_c/px4_msgs/msg/tiltrotor_extra_controls__type_support.cpp.o[0m
[27.666s] [ 49%] [32mBuilding CXX object CMakeFiles/px4_msgs__rosidl_typesupport_fastrtps_c.dir/rosidl_typesupport_fastrtps_c/px4_msgs/msg/detail/debug_vect__type_support_c.cpp.o[0m
[27.670s] [ 49%] [32mBuilding CXX object CMakeFiles/px4_msgs__rosidl_typesupport_introspection_cpp.dir/rosidl_typesupport_introspection_cpp/px4_msgs/msg/detail/orb_test_large__type_support.cpp.o[0m
[27.683s] [ 49%] [32mBuilding CXX object CMakeFiles/px4_msgs__rosidl_typesupport_c.dir/rosidl_typesupport_c/px4_msgs/msg/timesync_status__type_support.cpp.o[0m
[27.694s] [ 49%] [32mBuilding C object CMakeFiles/px4_msgs__rosidl_typesupport_introspection_c.dir/rosidl_typesupport_introspection_c/px4_msgs/msg/detail/rover_ackermann_guidance_status__type_support.c.o[0m
[27.743s] [ 49%] [32mBuilding CXX object CMakeFiles/px4_msgs__rosidl_typesupport_c.dir/rosidl_typesupport_c/px4_msgs/msg/trajectory_bezier__type_support.cpp.o[0m
[27.759s] [ 49%] [32mBuilding C object CMakeFiles/px4_msgs__rosidl_typesupport_introspection_c.dir/rosidl_typesupport_introspection_c/px4_msgs/msg/detail/rpm__type_support.c.o[0m
[27.801s] [ 50%] [32mBuilding CXX object CMakeFiles/px4_msgs__rosidl_typesupport_c.dir/rosidl_typesupport_c/px4_msgs/msg/trajectory_setpoint__type_support.cpp.o[0m
[27.829s] [ 50%] [32mBuilding C object CMakeFiles/px4_msgs__rosidl_typesupport_introspection_c.dir/rosidl_typesupport_introspection_c/px4_msgs/msg/detail/rtl_status__type_support.c.o[0m
[27.833s] [ 51%] [32mBuilding CXX object CMakeFiles/px4_msgs__rosidl_typesupport_fastrtps_c.dir/rosidl_typesupport_fastrtps_c/px4_msgs/msg/detail/differential_drive_setpoint__type_support_c.cpp.o[0m
[27.848s] [ 51%] [32mBuilding CXX object CMakeFiles/px4_msgs__rosidl_typesupport_fastrtps_c.dir/rosidl_typesupport_fastrtps_c/px4_msgs/msg/detail/differential_pressure__type_support_c.cpp.o[0m
[27.863s] [ 51%] [32mBuilding CXX object CMakeFiles/px4_msgs__rosidl_typesupport_c.dir/rosidl_typesupport_c/px4_msgs/msg/trajectory_waypoint__type_support.cpp.o[0m
[27.894s] [ 51%] [32mBuilding C object CMakeFiles/px4_msgs__rosidl_typesupport_introspection_c.dir/rosidl_typesupport_introspection_c/px4_msgs/msg/detail/rtl_time_estimate__type_support.c.o[0m
[27.920s] [ 51%] [32mBuilding CXX object CMakeFiles/px4_msgs__rosidl_typesupport_c.dir/rosidl_typesupport_c/px4_msgs/msg/transponder_report__type_support.cpp.o[0m
[27.960s] [ 51%] [32mBuilding C object CMakeFiles/px4_msgs__rosidl_typesupport_introspection_c.dir/rosidl_typesupport_introspection_c/px4_msgs/msg/detail/satellite_info__type_support.c.o[0m
[27.964s] [ 51%] [32mBuilding C object CMakeFiles/px4_msgs__rosidl_typesupport_introspection_c.dir/rosidl_typesupport_introspection_c/px4_msgs/msg/detail/sensor_accel__type_support.c.o[0m
[27.978s] [ 51%] [32mBuilding CXX object CMakeFiles/px4_msgs__rosidl_typesupport_c.dir/rosidl_typesupport_c/px4_msgs/msg/tune_control__type_support.cpp.o[0m
[28.009s] [ 52%] [32mBuilding CXX object CMakeFiles/px4_msgs__rosidl_typesupport_cpp.dir/rosidl_typesupport_cpp/px4_msgs/msg/obstacle_distance__type_support.cpp.o[0m
[28.035s] [ 52%] [32mBuilding CXX object CMakeFiles/px4_msgs__rosidl_typesupport_c.dir/rosidl_typesupport_c/px4_msgs/msg/uavcan_parameter_request__type_support.cpp.o[0m
[28.036s] [ 52%] [32mBuilding CXX object CMakeFiles/px4_msgs__rosidl_typesupport_cpp.dir/rosidl_typesupport_cpp/px4_msgs/msg/offboard_control_mode__type_support.cpp.o[0m
[28.053s] [ 52%] [32mBuilding C object CMakeFiles/px4_msgs__rosidl_typesupport_introspection_c.dir/rosidl_typesupport_introspection_c/px4_msgs/msg/detail/sensor_accel_fifo__type_support.c.o[0m
[28.093s] [ 52%] [32mBuilding CXX object CMakeFiles/px4_msgs__rosidl_typesupport_c.dir/rosidl_typesupport_c/px4_msgs/msg/uavcan_parameter_value__type_support.cpp.o[0m
[28.121s] [ 52%] [32mBuilding CXX object CMakeFiles/px4_msgs__rosidl_typesupport_c.dir/rosidl_typesupport_c/px4_msgs/msg/ulog_stream__type_support.cpp.o[0m
[28.131s] [ 52%] [32mBuilding C object CMakeFiles/px4_msgs__rosidl_typesupport_introspection_c.dir/rosidl_typesupport_introspection_c/px4_msgs/msg/detail/sensor_airflow__type_support.c.o[0m
[28.132s] [ 53%] [32mBuilding CXX object CMakeFiles/px4_msgs__rosidl_typesupport_fastrtps_cpp.dir/rosidl_typesupport_fastrtps_cpp/px4_msgs/msg/detail/dds_fastrtps/obstacle_distance__type_support.cpp.o[0m
[28.158s] [ 53%] [32mBuilding CXX object CMakeFiles/px4_msgs__rosidl_typesupport_introspection_cpp.dir/rosidl_typesupport_introspection_cpp/px4_msgs/msg/detail/orb_test_medium__type_support.cpp.o[0m
[28.174s] [ 53%] [32mBuilding CXX object CMakeFiles/px4_msgs__rosidl_typesupport_cpp.dir/rosidl_typesupport_cpp/px4_msgs/msg/onboard_computer_status__type_support.cpp.o[0m
[28.180s] [ 53%] [32mBuilding CXX object CMakeFiles/px4_msgs__rosidl_typesupport_c.dir/rosidl_typesupport_c/px4_msgs/msg/ulog_stream_ack__type_support.cpp.o[0m
[28.199s] [ 53%] [32mBuilding C object CMakeFiles/px4_msgs__rosidl_typesupport_introspection_c.dir/rosidl_typesupport_introspection_c/px4_msgs/msg/detail/sensor_baro__type_support.c.o[0m
[28.221s] [ 53%] [32mBuilding CXX object CMakeFiles/px4_msgs__rosidl_typesupport_c.dir/rosidl_typesupport_c/px4_msgs/msg/unregister_ext_component__type_support.cpp.o[0m
[28.243s] [ 53%] [32mBuilding CXX object CMakeFiles/px4_msgs__rosidl_typesupport_c.dir/rosidl_typesupport_c/px4_msgs/msg/vehicle_acceleration__type_support.cpp.o[0m
[28.266s] [ 53%] [32mBuilding C object CMakeFiles/px4_msgs__rosidl_typesupport_introspection_c.dir/rosidl_typesupport_introspection_c/px4_msgs/msg/detail/sensor_combined__type_support.c.o[0m
[28.282s] [ 53%] [32mBuilding CXX object CMakeFiles/px4_msgs__rosidl_typesupport_fastrtps_cpp.dir/rosidl_typesupport_fastrtps_cpp/px4_msgs/msg/detail/dds_fastrtps/offboard_control_mode__type_support.cpp.o[0m
[28.304s] [ 53%] [32mBuilding CXX object CMakeFiles/px4_msgs__rosidl_typesupport_c.dir/rosidl_typesupport_c/px4_msgs/msg/vehicle_air_data__type_support.cpp.o[0m
[28.349s] [ 53%] [32mBuilding C object CMakeFiles/px4_msgs__rosidl_typesupport_introspection_c.dir/rosidl_typesupport_introspection_c/px4_msgs/msg/detail/sensor_correction__type_support.c.o[0m
[28.360s] [ 53%] [32mBuilding CXX object CMakeFiles/px4_msgs__rosidl_typesupport_c.dir/rosidl_typesupport_c/px4_msgs/msg/vehicle_angular_acceleration_setpoint__type_support.cpp.o[0m
[28.398s] [ 53%] [32mBuilding CXX object CMakeFiles/px4_msgs__rosidl_typesupport_cpp.dir/rosidl_typesupport_cpp/px4_msgs/msg/orb_test__type_support.cpp.o[0m
[28.421s] [ 53%] [32mBuilding CXX object CMakeFiles/px4_msgs__rosidl_typesupport_c.dir/rosidl_typesupport_c/px4_msgs/msg/vehicle_angular_velocity__type_support.cpp.o[0m
[28.484s] [ 53%] [32mBuilding CXX object CMakeFiles/px4_msgs__rosidl_typesupport_c.dir/rosidl_typesupport_c/px4_msgs/msg/vehicle_attitude__type_support.cpp.o[0m
[28.487s] [ 53%] [32mBuilding CXX object CMakeFiles/px4_msgs__rosidl_typesupport_cpp.dir/rosidl_typesupport_cpp/px4_msgs/msg/orb_test_large__type_support.cpp.o[0m
[28.497s] [ 53%] [32mBuilding C object CMakeFiles/px4_msgs__rosidl_typesupport_introspection_c.dir/rosidl_typesupport_introspection_c/px4_msgs/msg/detail/sensor_gnss_relative__type_support.c.o[0m
[28.544s] [ 53%] [32mBuilding CXX object CMakeFiles/px4_msgs__rosidl_typesupport_c.dir/rosidl_typesupport_c/px4_msgs/msg/vehicle_attitude_setpoint__type_support.cpp.o[0m
[28.547s] [ 53%] [32mBuilding CXX object CMakeFiles/px4_msgs__rosidl_typesupport_cpp.dir/rosidl_typesupport_cpp/px4_msgs/msg/orb_test_medium__type_support.cpp.o[0m
[28.559s] [ 53%] [32mBuilding CXX object CMakeFiles/px4_msgs__rosidl_typesupport_fastrtps_c.dir/rosidl_typesupport_fastrtps_c/px4_msgs/msg/detail/distance_sensor__type_support_c.cpp.o[0m
[28.571s] [ 53%] [32mBuilding C object CMakeFiles/px4_msgs__rosidl_typesupport_introspection_c.dir/rosidl_typesupport_introspection_c/px4_msgs/msg/detail/sensor_gps__type_support.c.o[0m
[28.577s] [ 53%] [32mBuilding CXX object CMakeFiles/px4_msgs__rosidl_typesupport_fastrtps_c.dir/rosidl_typesupport_fastrtps_c/px4_msgs/msg/detail/ekf2_timestamps__type_support_c.cpp.o[0m
[28.592s] [ 53%] [32mBuilding C object CMakeFiles/px4_msgs__rosidl_typesupport_introspection_c.dir/rosidl_typesupport_introspection_c/px4_msgs/msg/detail/sensor_gyro__type_support.c.o[0m
[28.606s] [ 53%] [32mBuilding CXX object CMakeFiles/px4_msgs__rosidl_typesupport_c.dir/rosidl_typesupport_c/px4_msgs/msg/vehicle_command__type_support.cpp.o[0m
[28.643s] [ 53%] [32mBuilding CXX object CMakeFiles/px4_msgs__rosidl_typesupport_fastrtps_c.dir/rosidl_typesupport_fastrtps_c/px4_msgs/msg/detail/esc_report__type_support_c.cpp.o[0m
[28.666s] [ 54%] [32mBuilding CXX object CMakeFiles/px4_msgs__rosidl_typesupport_c.dir/rosidl_typesupport_c/px4_msgs/msg/vehicle_command_ack__type_support.cpp.o[0m
[28.666s] [ 54%] [32mBuilding C object CMakeFiles/px4_msgs__rosidl_typesupport_introspection_c.dir/rosidl_typesupport_introspection_c/px4_msgs/msg/detail/sensor_gyro_fft__type_support.c.o[0m
[28.723s] [ 54%] [32mBuilding CXX object CMakeFiles/px4_msgs__rosidl_typesupport_c.dir/rosidl_typesupport_c/px4_msgs/msg/vehicle_constraints__type_support.cpp.o[0m
[28.759s] [ 54%] [32mBuilding C object CMakeFiles/px4_msgs__rosidl_typesupport_introspection_c.dir/rosidl_typesupport_introspection_c/px4_msgs/msg/detail/sensor_gyro_fifo__type_support.c.o[0m
[28.764s] [ 55%] [32mBuilding CXX object CMakeFiles/px4_msgs__rosidl_typesupport_c.dir/rosidl_typesupport_c/px4_msgs/msg/vehicle_control_mode__type_support.cpp.o[0m
[28.783s] [ 55%] [32mBuilding CXX object CMakeFiles/px4_msgs__rosidl_typesupport_fastrtps_c.dir/rosidl_typesupport_fastrtps_c/px4_msgs/msg/detail/esc_status__type_support_c.cpp.o[0m
[28.828s] [ 55%] [32mBuilding CXX object CMakeFiles/px4_msgs__rosidl_typesupport_c.dir/rosidl_typesupport_c/px4_msgs/msg/vehicle_global_position__type_support.cpp.o[0m
[28.843s] [ 55%] [32mBuilding C object CMakeFiles/px4_msgs__rosidl_typesupport_introspection_c.dir/rosidl_typesupport_introspection_c/px4_msgs/msg/detail/sensor_hygrometer__type_support.c.o[0m
[28.891s] [ 55%] [32mBuilding CXX object CMakeFiles/px4_msgs__rosidl_typesupport_c.dir/rosidl_typesupport_c/px4_msgs/msg/vehicle_imu__type_support.cpp.o[0m
[28.915s] [ 55%] [32mBuilding C object CMakeFiles/px4_msgs__rosidl_typesupport_introspection_c.dir/rosidl_typesupport_introspection_c/px4_msgs/msg/detail/sensor_mag__type_support.c.o[0m
[28.947s] [ 55%] [32mBuilding CXX object CMakeFiles/px4_msgs__rosidl_typesupport_c.dir/rosidl_typesupport_c/px4_msgs/msg/vehicle_imu_status__type_support.cpp.o[0m
[28.958s] [ 55%] [32mBuilding CXX object CMakeFiles/px4_msgs__rosidl_typesupport_introspection_cpp.dir/rosidl_typesupport_introspection_cpp/px4_msgs/msg/detail/orbit_status__type_support.cpp.o[0m
[28.974s] [ 55%] [32mBuilding C object CMakeFiles/px4_msgs__rosidl_typesupport_introspection_c.dir/rosidl_typesupport_introspection_c/px4_msgs/msg/detail/sensor_optical_flow__type_support.c.o[0m
[28.981s] [ 55%] [32mBuilding CXX object CMakeFiles/px4_msgs__rosidl_typesupport_cpp.dir/rosidl_typesupport_cpp/px4_msgs/msg/orbit_status__type_support.cpp.o[0m
[28.985s] [ 55%] [32mBuilding CXX object CMakeFiles/px4_msgs__rosidl_typesupport_cpp.dir/rosidl_typesupport_cpp/px4_msgs/msg/parameter_reset_request__type_support.cpp.o[0m
[29.006s] [ 55%] [32mBuilding CXX object CMakeFiles/px4_msgs__rosidl_typesupport_c.dir/rosidl_typesupport_c/px4_msgs/msg/vehicle_land_detected__type_support.cpp.o[0m
[29.053s] [ 55%] [32mBuilding C object CMakeFiles/px4_msgs__rosidl_typesupport_introspection_c.dir/rosidl_typesupport_introspection_c/px4_msgs/msg/detail/sensor_preflight_mag__type_support.c.o[0m
[29.066s] [ 55%] [32mBuilding CXX object CMakeFiles/px4_msgs__rosidl_typesupport_introspection_cpp.dir/rosidl_typesupport_introspection_cpp/px4_msgs/msg/detail/parameter_reset_request__type_support.cpp.o[0m
[29.066s] [ 55%] [32mBuilding CXX object CMakeFiles/px4_msgs__rosidl_typesupport_c.dir/rosidl_typesupport_c/px4_msgs/msg/vehicle_local_position__type_support.cpp.o[0m
[29.116s] [ 55%] [32mBuilding CXX object CMakeFiles/px4_msgs__rosidl_typesupport_fastrtps_cpp.dir/rosidl_typesupport_fastrtps_cpp/px4_msgs/msg/detail/dds_fastrtps/onboard_computer_status__type_support.cpp.o[0m
[29.121s] [ 55%] [32mBuilding C object CMakeFiles/px4_msgs__rosidl_typesupport_introspection_c.dir/rosidl_typesupport_introspection_c/px4_msgs/msg/detail/sensor_selection__type_support.c.o[0m
[29.123s] [ 55%] [32mBuilding C object CMakeFiles/px4_msgs__rosidl_typesupport_introspection_c.dir/rosidl_typesupport_introspection_c/px4_msgs/msg/detail/sensor_uwb__type_support.c.o[0m
[29.131s] [ 55%] [32mBuilding CXX object CMakeFiles/px4_msgs__rosidl_typesupport_c.dir/rosidl_typesupport_c/px4_msgs/msg/vehicle_local_position_setpoint__type_support.cpp.o[0m
[29.187s] [ 55%] [32mBuilding CXX object CMakeFiles/px4_msgs__rosidl_typesupport_fastrtps_cpp.dir/rosidl_typesupport_fastrtps_cpp/px4_msgs/msg/detail/dds_fastrtps/orb_test__type_support.cpp.o[0m
[29.187s] [ 55%] [32mBuilding CXX object CMakeFiles/px4_msgs__rosidl_typesupport_c.dir/rosidl_typesupport_c/px4_msgs/msg/vehicle_magnetometer__type_support.cpp.o[0m
[29.191s] [ 55%] [32mBuilding C object CMakeFiles/px4_msgs__rosidl_typesupport_introspection_c.dir/rosidl_typesupport_introspection_c/px4_msgs/msg/detail/sensors_status__type_support.c.o[0m
[29.245s] [ 55%] [32mBuilding CXX object CMakeFiles/px4_msgs__rosidl_typesupport_c.dir/rosidl_typesupport_c/px4_msgs/msg/vehicle_odometry__type_support.cpp.o[0m
[29.279s] [ 55%] [32mBuilding CXX object CMakeFiles/px4_msgs__rosidl_typesupport_introspection_cpp.dir/rosidl_typesupport_introspection_cpp/px4_msgs/msg/detail/parameter_set_used_request__type_support.cpp.o[0m
[29.284s] [ 55%] [32mBuilding C object CMakeFiles/px4_msgs__rosidl_typesupport_introspection_c.dir/rosidl_typesupport_introspection_c/px4_msgs/msg/detail/sensors_status_imu__type_support.c.o[0m
[29.291s] [ 55%] [32mBuilding CXX object CMakeFiles/px4_msgs__rosidl_typesupport_fastrtps_cpp.dir/rosidl_typesupport_fastrtps_cpp/px4_msgs/msg/detail/dds_fastrtps/orb_test_large__type_support.cpp.o[0m
[29.304s] [ 55%] [32mBuilding CXX object CMakeFiles/px4_msgs__rosidl_typesupport_c.dir/rosidl_typesupport_c/px4_msgs/msg/vehicle_optical_flow__type_support.cpp.o[0m
[29.363s] [ 55%] [32mBuilding CXX object CMakeFiles/px4_msgs__rosidl_typesupport_c.dir/rosidl_typesupport_c/px4_msgs/msg/vehicle_optical_flow_vel__type_support.cpp.o[0m
[29.371s] [ 55%] [32mBuilding CXX object CMakeFiles/px4_msgs__rosidl_typesupport_fastrtps_cpp.dir/rosidl_typesupport_fastrtps_cpp/px4_msgs/msg/detail/dds_fastrtps/orb_test_medium__type_support.cpp.o[0m
[29.382s] [ 55%] [32mBuilding C object CMakeFiles/px4_msgs__rosidl_typesupport_introspection_c.dir/rosidl_typesupport_introspection_c/px4_msgs/msg/detail/system_power__type_support.c.o[0m
[29.425s] [ 55%] [32mBuilding CXX object CMakeFiles/px4_msgs__rosidl_typesupport_c.dir/rosidl_typesupport_c/px4_msgs/msg/vehicle_rates_setpoint__type_support.cpp.o[0m
[29.460s] [ 55%] [32mBuilding C object CMakeFiles/px4_msgs__rosidl_typesupport_introspection_c.dir/rosidl_typesupport_introspection_c/px4_msgs/msg/detail/takeoff_status__type_support.c.o[0m
[29.485s] [ 55%] [32mBuilding CXX object CMakeFiles/px4_msgs__rosidl_typesupport_c.dir/rosidl_typesupport_c/px4_msgs/msg/vehicle_roi__type_support.cpp.o[0m
[29.518s] [ 55%] [32mBuilding CXX object CMakeFiles/px4_msgs__rosidl_typesupport_fastrtps_c.dir/rosidl_typesupport_fastrtps_c/px4_msgs/msg/detail/estimator_aid_source1d__type_support_c.cpp.o[0m
[29.527s] [ 55%] [32mBuilding C object CMakeFiles/px4_msgs__rosidl_typesupport_introspection_c.dir/rosidl_typesupport_introspection_c/px4_msgs/msg/detail/task_stack_info__type_support.c.o[0m
[29.542s] [ 55%] [32mBuilding CXX object CMakeFiles/px4_msgs__rosidl_typesupport_c.dir/rosidl_typesupport_c/px4_msgs/msg/vehicle_status__type_support.cpp.o[0m
[29.543s] [ 55%] [32mBuilding CXX object CMakeFiles/px4_msgs__rosidl_typesupport_introspection_cpp.dir/rosidl_typesupport_introspection_cpp/px4_msgs/msg/detail/parameter_set_value_request__type_support.cpp.o[0m
[29.557s] [ 55%] [32mBuilding CXX object CMakeFiles/px4_msgs__rosidl_typesupport_cpp.dir/rosidl_typesupport_cpp/px4_msgs/msg/parameter_set_used_request__type_support.cpp.o[0m
[29.601s] [ 55%] [32mBuilding C object CMakeFiles/px4_msgs__rosidl_typesupport_introspection_c.dir/rosidl_typesupport_introspection_c/px4_msgs/msg/detail/tecs_status__type_support.c.o[0m
[29.602s] [ 55%] [32mBuilding CXX object CMakeFiles/px4_msgs__rosidl_typesupport_c.dir/rosidl_typesupport_c/px4_msgs/msg/vehicle_thrust_setpoint__type_support.cpp.o[0m
[29.662s] [ 55%] [32mBuilding CXX object CMakeFiles/px4_msgs__rosidl_typesupport_c.dir/rosidl_typesupport_c/px4_msgs/msg/vehicle_torque_setpoint__type_support.cpp.o[0m
[29.672s] [ 55%] [32mBuilding C object CMakeFiles/px4_msgs__rosidl_typesupport_introspection_c.dir/rosidl_typesupport_introspection_c/px4_msgs/msg/detail/telemetry_status__type_support.c.o[0m
[29.723s] [ 55%] [32mBuilding CXX object CMakeFiles/px4_msgs__rosidl_typesupport_c.dir/rosidl_typesupport_c/px4_msgs/msg/vehicle_trajectory_bezier__type_support.cpp.o[0m
[29.745s] [ 55%] [32mBuilding C object CMakeFiles/px4_msgs__rosidl_typesupport_introspection_c.dir/rosidl_typesupport_introspection_c/px4_msgs/msg/detail/tiltrotor_extra_controls__type_support.c.o[0m
[29.784s] [ 56%] [32mBuilding CXX object CMakeFiles/px4_msgs__rosidl_typesupport_c.dir/rosidl_typesupport_c/px4_msgs/msg/vehicle_trajectory_waypoint__type_support.cpp.o[0m
[29.794s] [ 56%] [32mBuilding C object CMakeFiles/px4_msgs__rosidl_typesupport_introspection_c.dir/rosidl_typesupport_introspection_c/px4_msgs/msg/detail/timesync_status__type_support.c.o[0m
[29.817s] [ 56%] [32mBuilding CXX object CMakeFiles/px4_msgs__rosidl_typesupport_fastrtps_c.dir/rosidl_typesupport_fastrtps_c/px4_msgs/msg/detail/estimator_aid_source2d__type_support_c.cpp.o[0m
[29.848s] [ 56%] [32mBuilding CXX object CMakeFiles/px4_msgs__rosidl_typesupport_c.dir/rosidl_typesupport_c/px4_msgs/msg/velocity_limits__type_support.cpp.o[0m
[29.861s] [ 56%] [32mBuilding C object CMakeFiles/px4_msgs__rosidl_typesupport_introspection_c.dir/rosidl_typesupport_introspection_c/px4_msgs/msg/detail/trajectory_bezier__type_support.c.o[0m
[29.874s] [ 57%] [32mBuilding C object CMakeFiles/px4_msgs__rosidl_typesupport_introspection_c.dir/rosidl_typesupport_introspection_c/px4_msgs/msg/detail/trajectory_setpoint__type_support.c.o[0m
[29.911s] [ 57%] [32mBuilding CXX object CMakeFiles/px4_msgs__rosidl_typesupport_c.dir/rosidl_typesupport_c/px4_msgs/msg/vtol_vehicle_status__type_support.cpp.o[0m
[29.932s] [ 57%] [32mBuilding CXX object CMakeFiles/px4_msgs__rosidl_typesupport_fastrtps_c.dir/rosidl_typesupport_fastrtps_c/px4_msgs/msg/detail/estimator_aid_source3d__type_support_c.cpp.o[0m
[29.955s] [ 57%] [32mBuilding C object CMakeFiles/px4_msgs__rosidl_typesupport_introspection_c.dir/rosidl_typesupport_introspection_c/px4_msgs/msg/detail/trajectory_waypoint__type_support.c.o[0m
[29.969s] [ 57%] [32mBuilding CXX object CMakeFiles/px4_msgs__rosidl_typesupport_c.dir/rosidl_typesupport_c/px4_msgs/msg/wheel_encoders__type_support.cpp.o[0m
[30.026s] [ 57%] [32mBuilding CXX object CMakeFiles/px4_msgs__rosidl_typesupport_c.dir/rosidl_typesupport_c/px4_msgs/msg/wind__type_support.cpp.o[0m
[30.027s] [ 57%] [32mBuilding CXX object CMakeFiles/px4_msgs__rosidl_typesupport_cpp.dir/rosidl_typesupport_cpp/px4_msgs/msg/parameter_set_value_request__type_support.cpp.o[0m
[30.031s] [ 57%] [32mBuilding C object CMakeFiles/px4_msgs__rosidl_typesupport_introspection_c.dir/rosidl_typesupport_introspection_c/px4_msgs/msg/detail/transponder_report__type_support.c.o[0m
[30.045s] [ 57%] [32mBuilding CXX object CMakeFiles/px4_msgs__rosidl_typesupport_cpp.dir/rosidl_typesupport_cpp/px4_msgs/msg/parameter_set_value_response__type_support.cpp.o[0m
[30.081s] [ 57%] [32mBuilding C object CMakeFiles/px4_msgs__rosidl_typesupport_introspection_c.dir/rosidl_typesupport_introspection_c/px4_msgs/msg/detail/tune_control__type_support.c.o[0m
[30.091s] [ 57%] [32mBuilding CXX object CMakeFiles/px4_msgs__rosidl_typesupport_c.dir/rosidl_typesupport_c/px4_msgs/msg/yaw_estimator_status__type_support.cpp.o[0m
[30.115s] [ 57%] [32mBuilding C object CMakeFiles/px4_msgs__rosidl_typesupport_introspection_c.dir/rosidl_typesupport_introspection_c/px4_msgs/msg/detail/uavcan_parameter_request__type_support.c.o[0m
[30.115s] [ 57%] [32mBuilding CXX object CMakeFiles/px4_msgs__rosidl_typesupport_introspection_cpp.dir/rosidl_typesupport_introspection_cpp/px4_msgs/msg/detail/parameter_set_value_response__type_support.cpp.o[0m
[30.128s] [ 57%] [32mBuilding CXX object CMakeFiles/px4_msgs__rosidl_typesupport_fastrtps_c.dir/rosidl_typesupport_fastrtps_c/px4_msgs/msg/detail/estimator_bias__type_support_c.cpp.o[0m
[30.152s] [ 57%] [32mBuilding CXX object CMakeFiles/px4_msgs__rosidl_typesupport_c.dir/rosidl_typesupport_c/px4_msgs/srv/vehicle_command__type_support.cpp.o[0m
[30.154s] [ 57%] [32mBuilding CXX object CMakeFiles/px4_msgs__rosidl_typesupport_introspection_cpp.dir/rosidl_typesupport_introspection_cpp/px4_msgs/msg/detail/parameter_update__type_support.cpp.o[0m
[30.182s] [ 57%] [32mBuilding C object CMakeFiles/px4_msgs__rosidl_typesupport_introspection_c.dir/rosidl_typesupport_introspection_c/px4_msgs/msg/detail/uavcan_parameter_value__type_support.c.o[0m
[30.219s] [ 57%] [32m[1mLinking CXX shared library libpx4_msgs__rosidl_typesupport_c.so[0m
[30.223s] [ 57%] [32mBuilding CXX object CMakeFiles/px4_msgs__rosidl_typesupport_fastrtps_cpp.dir/rosidl_typesupport_fastrtps_cpp/px4_msgs/msg/detail/dds_fastrtps/orbit_status__type_support.cpp.o[0m
[30.239s] [ 57%] [32mBuilding CXX object CMakeFiles/px4_msgs__rosidl_typesupport_introspection_cpp.dir/rosidl_typesupport_introspection_cpp/px4_msgs/msg/detail/ping__type_support.cpp.o[0m
[30.255s] [ 57%] [32mBuilding C object CMakeFiles/px4_msgs__rosidl_typesupport_introspection_c.dir/rosidl_typesupport_introspection_c/px4_msgs/msg/detail/ulog_stream__type_support.c.o[0m
[30.327s] [ 57%] [32mBuilding C object CMakeFiles/px4_msgs__rosidl_typesupport_introspection_c.dir/rosidl_typesupport_introspection_c/px4_msgs/msg/detail/ulog_stream_ack__type_support.c.o[0m
[30.353s] [ 57%] [32mBuilding CXX object CMakeFiles/px4_msgs__rosidl_typesupport_fastrtps_cpp.dir/rosidl_typesupport_fastrtps_cpp/px4_msgs/msg/detail/dds_fastrtps/parameter_reset_request__type_support.cpp.o[0m
[30.393s] [ 57%] [32mBuilding C object CMakeFiles/px4_msgs__rosidl_typesupport_introspection_c.dir/rosidl_typesupport_introspection_c/px4_msgs/msg/detail/unregister_ext_component__type_support.c.o[0m
[30.418s] [ 58%] Built target px4_msgs__rosidl_typesupport_c
[30.434s] [ 58%] [32mBuilding CXX object CMakeFiles/px4_msgs__rosidl_typesupport_cpp.dir/rosidl_typesupport_cpp/px4_msgs/msg/parameter_update__type_support.cpp.o[0m
[30.464s] [ 58%] [32mBuilding C object CMakeFiles/px4_msgs__rosidl_typesupport_introspection_c.dir/rosidl_typesupport_introspection_c/px4_msgs/msg/detail/vehicle_acceleration__type_support.c.o[0m
[30.536s] [ 58%] [32mBuilding C object CMakeFiles/px4_msgs__rosidl_typesupport_introspection_c.dir/rosidl_typesupport_introspection_c/px4_msgs/msg/detail/vehicle_air_data__type_support.c.o[0m
[30.552s] [ 58%] [32mBuilding CXX object CMakeFiles/px4_msgs__rosidl_typesupport_introspection_cpp.dir/rosidl_typesupport_introspection_cpp/px4_msgs/msg/detail/position_controller_landing_status__type_support.cpp.o[0m
[30.597s] [ 58%] [32mBuilding C object CMakeFiles/px4_msgs__rosidl_typesupport_introspection_c.dir/rosidl_typesupport_introspection_c/px4_msgs/msg/detail/vehicle_angular_acceleration_setpoint__type_support.c.o[0m
[30.602s] [ 58%] [32mBuilding C object CMakeFiles/px4_msgs__rosidl_typesupport_introspection_c.dir/rosidl_typesupport_introspection_c/px4_msgs/msg/detail/vehicle_angular_velocity__type_support.c.o[0m
[30.637s] [ 58%] [32mBuilding CXX object CMakeFiles/px4_msgs__rosidl_typesupport_fastrtps_cpp.dir/rosidl_typesupport_fastrtps_cpp/px4_msgs/msg/detail/dds_fastrtps/parameter_set_used_request__type_support.cpp.o[0m
[30.653s] [ 58%] [32mBuilding CXX object CMakeFiles/px4_msgs__rosidl_typesupport_introspection_cpp.dir/rosidl_typesupport_introspection_cpp/px4_msgs/msg/detail/position_controller_status__type_support.cpp.o[0m
[30.669s] [ 58%] [32mBuilding CXX object CMakeFiles/px4_msgs__rosidl_typesupport_fastrtps_c.dir/rosidl_typesupport_fastrtps_c/px4_msgs/msg/detail/estimator_bias3d__type_support_c.cpp.o[0m
[30.681s] [ 58%] [32mBuilding C object CMakeFiles/px4_msgs__rosidl_typesupport_introspection_c.dir/rosidl_typesupport_introspection_c/px4_msgs/msg/detail/vehicle_attitude__type_support.c.o[0m
[30.757s] [ 58%] [32mBuilding C object CMakeFiles/px4_msgs__rosidl_typesupport_introspection_c.dir/rosidl_typesupport_introspection_c/px4_msgs/msg/detail/vehicle_attitude_setpoint__type_support.c.o[0m
[30.835s] [ 58%] [32mBuilding C object CMakeFiles/px4_msgs__rosidl_typesupport_introspection_c.dir/rosidl_typesupport_introspection_c/px4_msgs/msg/detail/vehicle_command__type_support.c.o[0m
[30.850s] [ 58%] [32mBuilding CXX object CMakeFiles/px4_msgs__rosidl_typesupport_fastrtps_cpp.dir/rosidl_typesupport_fastrtps_cpp/px4_msgs/msg/detail/dds_fastrtps/parameter_set_value_request__type_support.cpp.o[0m
[30.908s] [ 58%] [32mBuilding C object CMakeFiles/px4_msgs__rosidl_typesupport_introspection_c.dir/rosidl_typesupport_introspection_c/px4_msgs/msg/detail/vehicle_command_ack__type_support.c.o[0m
[30.937s] [ 58%] [32mBuilding CXX object CMakeFiles/px4_msgs__rosidl_typesupport_fastrtps_cpp.dir/rosidl_typesupport_fastrtps_cpp/px4_msgs/msg/detail/dds_fastrtps/parameter_set_value_response__type_support.cpp.o[0m
[30.963s] [ 58%] [32mBuilding CXX object CMakeFiles/px4_msgs__rosidl_typesupport_cpp.dir/rosidl_typesupport_cpp/px4_msgs/msg/ping__type_support.cpp.o[0m
[30.974s] [ 59%] [32mBuilding C object CMakeFiles/px4_msgs__rosidl_typesupport_introspection_c.dir/rosidl_typesupport_introspection_c/px4_msgs/msg/detail/vehicle_constraints__type_support.c.o[0m
[31.002s] [ 59%] [32mBuilding CXX object CMakeFiles/px4_msgs__rosidl_typesupport_cpp.dir/rosidl_typesupport_cpp/px4_msgs/msg/position_controller_landing_status__type_support.cpp.o[0m
[31.039s] [ 59%] [32mBuilding C object CMakeFiles/px4_msgs__rosidl_typesupport_introspection_c.dir/rosidl_typesupport_introspection_c/px4_msgs/msg/detail/vehicle_control_mode__type_support.c.o[0m
[31.040s] [ 59%] [32mBuilding C object CMakeFiles/px4_msgs__rosidl_typesupport_introspection_c.dir/rosidl_typesupport_introspection_c/px4_msgs/msg/detail/vehicle_global_position__type_support.c.o[0m
[31.061s] [ 59%] [32mBuilding CXX object CMakeFiles/px4_msgs__rosidl_typesupport_cpp.dir/rosidl_typesupport_cpp/px4_msgs/msg/position_controller_status__type_support.cpp.o[0m
[31.107s] [ 59%] [32mBuilding CXX object CMakeFiles/px4_msgs__rosidl_typesupport_fastrtps_c.dir/rosidl_typesupport_fastrtps_c/px4_msgs/msg/detail/estimator_event_flags__type_support_c.cpp.o[0m
[31.107s] [ 59%] [32mBuilding C object CMakeFiles/px4_msgs__rosidl_typesupport_introspection_c.dir/rosidl_typesupport_introspection_c/px4_msgs/msg/detail/vehicle_imu__type_support.c.o[0m
[31.182s] [ 59%] [32mBuilding C object CMakeFiles/px4_msgs__rosidl_typesupport_introspection_c.dir/rosidl_typesupport_introspection_c/px4_msgs/msg/detail/vehicle_imu_status__type_support.c.o[0m
[31.215s] [ 59%] [32mBuilding CXX object CMakeFiles/px4_msgs__rosidl_typesupport_fastrtps_cpp.dir/rosidl_typesupport_fastrtps_cpp/px4_msgs/msg/detail/dds_fastrtps/parameter_update__type_support.cpp.o[0m
[31.272s] [ 59%] [32mBuilding C object CMakeFiles/px4_msgs__rosidl_typesupport_introspection_c.dir/rosidl_typesupport_introspection_c/px4_msgs/msg/detail/vehicle_land_detected__type_support.c.o[0m
[31.341s] [ 59%] [32mBuilding C object CMakeFiles/px4_msgs__rosidl_typesupport_introspection_c.dir/rosidl_typesupport_introspection_c/px4_msgs/msg/detail/vehicle_local_position__type_support.c.o[0m
[31.353s] [ 59%] [32mBuilding CXX object CMakeFiles/px4_msgs__rosidl_typesupport_fastrtps_c.dir/rosidl_typesupport_fastrtps_c/px4_msgs/msg/detail/estimator_gps_status__type_support_c.cpp.o[0m
[31.381s] [ 59%] [32mBuilding CXX object CMakeFiles/px4_msgs__rosidl_typesupport_introspection_cpp.dir/rosidl_typesupport_introspection_cpp/px4_msgs/msg/detail/position_setpoint__type_support.cpp.o[0m
[31.418s] [ 59%] [32mBuilding C object CMakeFiles/px4_msgs__rosidl_typesupport_introspection_c.dir/rosidl_typesupport_introspection_c/px4_msgs/msg/detail/vehicle_local_position_setpoint__type_support.c.o[0m
[31.448s] [ 59%] [32mBuilding C object CMakeFiles/px4_msgs__rosidl_typesupport_introspection_c.dir/rosidl_typesupport_introspection_c/px4_msgs/msg/detail/vehicle_magnetometer__type_support.c.o[0m
[31.496s] [ 59%] [32mBuilding CXX object CMakeFiles/px4_msgs__rosidl_typesupport_fastrtps_c.dir/rosidl_typesupport_fastrtps_c/px4_msgs/msg/detail/estimator_innovations__type_support_c.cpp.o[0m
[31.496s] [ 59%] [32mBuilding CXX object CMakeFiles/px4_msgs__rosidl_typesupport_cpp.dir/rosidl_typesupport_cpp/px4_msgs/msg/position_setpoint__type_support.cpp.o[0m
[31.521s] [ 59%] [32mBuilding C object CMakeFiles/px4_msgs__rosidl_typesupport_introspection_c.dir/rosidl_typesupport_introspection_c/px4_msgs/msg/detail/vehicle_odometry__type_support.c.o[0m
[31.533s] [ 59%] [32mBuilding CXX object CMakeFiles/px4_msgs__rosidl_typesupport_fastrtps_c.dir/rosidl_typesupport_fastrtps_c/px4_msgs/msg/detail/estimator_selector_status__type_support_c.cpp.o[0m
[31.561s] [ 59%] [32mBuilding CXX object CMakeFiles/px4_msgs__rosidl_typesupport_introspection_cpp.dir/rosidl_typesupport_introspection_cpp/px4_msgs/msg/detail/position_setpoint_triplet__type_support.cpp.o[0m
[31.616s] [ 59%] [32mBuilding C object CMakeFiles/px4_msgs__rosidl_typesupport_introspection_c.dir/rosidl_typesupport_introspection_c/px4_msgs/msg/detail/vehicle_optical_flow__type_support.c.o[0m
[31.633s] [ 59%] [32mBuilding CXX object CMakeFiles/px4_msgs__rosidl_typesupport_cpp.dir/rosidl_typesupport_cpp/px4_msgs/msg/position_setpoint_triplet__type_support.cpp.o[0m
[31.678s] [ 60%] [32mBuilding CXX object CMakeFiles/px4_msgs__rosidl_typesupport_cpp.dir/rosidl_typesupport_cpp/px4_msgs/msg/power_button_state__type_support.cpp.o[0m
[31.692s] [ 60%] [32mBuilding C object CMakeFiles/px4_msgs__rosidl_typesupport_introspection_c.dir/rosidl_typesupport_introspection_c/px4_msgs/msg/detail/vehicle_optical_flow_vel__type_support.c.o[0m
[31.773s] [ 60%] [32mBuilding CXX object CMakeFiles/px4_msgs__rosidl_typesupport_cpp.dir/rosidl_typesupport_cpp/px4_msgs/msg/power_monitor__type_support.cpp.o[0m
[31.785s] [ 60%] [32mBuilding C object CMakeFiles/px4_msgs__rosidl_typesupport_introspection_c.dir/rosidl_typesupport_introspection_c/px4_msgs/msg/detail/vehicle_rates_setpoint__type_support.c.o[0m
[31.854s] [ 60%] [32mBuilding C object CMakeFiles/px4_msgs__rosidl_typesupport_introspection_c.dir/rosidl_typesupport_introspection_c/px4_msgs/msg/detail/vehicle_roi__type_support.c.o[0m
[31.857s] [ 60%] [32mBuilding C object CMakeFiles/px4_msgs__rosidl_typesupport_introspection_c.dir/rosidl_typesupport_introspection_c/px4_msgs/msg/detail/vehicle_status__type_support.c.o[0m
[31.922s] [ 60%] [32mBuilding CXX object CMakeFiles/px4_msgs__rosidl_typesupport_cpp.dir/rosidl_typesupport_cpp/px4_msgs/msg/pps_capture__type_support.cpp.o[0m
[31.928s] [ 60%] [32mBuilding C object CMakeFiles/px4_msgs__rosidl_typesupport_introspection_c.dir/rosidl_typesupport_introspection_c/px4_msgs/msg/detail/vehicle_thrust_setpoint__type_support.c.o[0m
[32.000s] [ 60%] [32mBuilding C object CMakeFiles/px4_msgs__rosidl_typesupport_introspection_c.dir/rosidl_typesupport_introspection_c/px4_msgs/msg/detail/vehicle_torque_setpoint__type_support.c.o[0m
[32.057s] [ 61%] [32mBuilding CXX object CMakeFiles/px4_msgs__rosidl_typesupport_introspection_cpp.dir/rosidl_typesupport_introspection_cpp/px4_msgs/msg/detail/power_button_state__type_support.cpp.o[0m
[32.069s] [ 61%] [32mBuilding C object CMakeFiles/px4_msgs__rosidl_typesupport_introspection_c.dir/rosidl_typesupport_introspection_c/px4_msgs/msg/detail/vehicle_trajectory_bezier__type_support.c.o[0m
[32.071s] [ 61%] [32mBuilding CXX object CMakeFiles/px4_msgs__rosidl_typesupport_fastrtps_cpp.dir/rosidl_typesupport_fastrtps_cpp/px4_msgs/msg/detail/dds_fastrtps/ping__type_support.cpp.o[0m
[32.071s] [ 61%] [32mBuilding CXX object CMakeFiles/px4_msgs__rosidl_typesupport_fastrtps_c.dir/rosidl_typesupport_fastrtps_c/px4_msgs/msg/detail/estimator_sensor_bias__type_support_c.cpp.o[0m
[32.141s] [ 62%] [32mBuilding C object CMakeFiles/px4_msgs__rosidl_typesupport_introspection_c.dir/rosidl_typesupport_introspection_c/px4_msgs/msg/detail/vehicle_trajectory_waypoint__type_support.c.o[0m
[32.194s] [ 62%] [32mBuilding CXX object CMakeFiles/px4_msgs__rosidl_typesupport_introspection_cpp.dir/rosidl_typesupport_introspection_cpp/px4_msgs/msg/detail/power_monitor__type_support.cpp.o[0m
[32.212s] [ 62%] [32mBuilding C object CMakeFiles/px4_msgs__rosidl_typesupport_introspection_c.dir/rosidl_typesupport_introspection_c/px4_msgs/msg/detail/velocity_limits__type_support.c.o[0m
[32.214s] [ 62%] [32mBuilding CXX object CMakeFiles/px4_msgs__rosidl_typesupport_cpp.dir/rosidl_typesupport_cpp/px4_msgs/msg/pwm_input__type_support.cpp.o[0m
[32.241s] [ 62%] [32mBuilding CXX object CMakeFiles/px4_msgs__rosidl_typesupport_introspection_cpp.dir/rosidl_typesupport_introspection_cpp/px4_msgs/msg/detail/pps_capture__type_support.cpp.o[0m
[32.244s] [ 62%] [32mBuilding CXX object CMakeFiles/px4_msgs__rosidl_typesupport_cpp.dir/rosidl_typesupport_cpp/px4_msgs/msg/px4io_status__type_support.cpp.o[0m
[32.268s] [ 62%] [32mBuilding CXX object CMakeFiles/px4_msgs__rosidl_typesupport_fastrtps_c.dir/rosidl_typesupport_fastrtps_c/px4_msgs/msg/detail/estimator_states__type_support_c.cpp.o[0m
[32.279s] [ 62%] [32mBuilding C object CMakeFiles/px4_msgs__rosidl_typesupport_introspection_c.dir/rosidl_typesupport_introspection_c/px4_msgs/msg/detail/vtol_vehicle_status__type_support.c.o[0m
[32.341s] [ 62%] [32mBuilding CXX object CMakeFiles/px4_msgs__rosidl_typesupport_fastrtps_cpp.dir/rosidl_typesupport_fastrtps_cpp/px4_msgs/msg/detail/dds_fastrtps/position_controller_landing_status__type_support.cpp.o[0m
[32.342s] [ 62%] [32mBuilding C object CMakeFiles/px4_msgs__rosidl_typesupport_introspection_c.dir/rosidl_typesupport_introspection_c/px4_msgs/msg/detail/wheel_encoders__type_support.c.o[0m
[32.381s] [ 62%] [32mBuilding CXX object CMakeFiles/px4_msgs__rosidl_typesupport_fastrtps_c.dir/rosidl_typesupport_fastrtps_c/px4_msgs/msg/detail/estimator_status__type_support_c.cpp.o[0m
[32.419s] [ 62%] [32mBuilding C object CMakeFiles/px4_msgs__rosidl_typesupport_introspection_c.dir/rosidl_typesupport_introspection_c/px4_msgs/msg/detail/wind__type_support.c.o[0m
[32.486s] [ 62%] [32mBuilding CXX object CMakeFiles/px4_msgs__rosidl_typesupport_fastrtps_cpp.dir/rosidl_typesupport_fastrtps_cpp/px4_msgs/msg/detail/dds_fastrtps/position_controller_status__type_support.cpp.o[0m
[32.487s] [ 62%] [32mBuilding C object CMakeFiles/px4_msgs__rosidl_typesupport_introspection_c.dir/rosidl_typesupport_introspection_c/px4_msgs/msg/detail/yaw_estimator_status__type_support.c.o[0m
[32.569s] [ 62%] [32mBuilding C object CMakeFiles/px4_msgs__rosidl_typesupport_introspection_c.dir/rosidl_typesupport_introspection_c/px4_msgs/srv/detail/vehicle_command__type_support.c.o[0m
[32.647s] [ 62%] [32m[1mLinking C shared library libpx4_msgs__rosidl_typesupport_introspection_c.so[0m
[32.776s] [ 62%] [32mBuilding CXX object CMakeFiles/px4_msgs__rosidl_typesupport_introspection_cpp.dir/rosidl_typesupport_introspection_cpp/px4_msgs/msg/detail/pwm_input__type_support.cpp.o[0m
[32.818s] [ 62%] [32mBuilding CXX object CMakeFiles/px4_msgs__rosidl_typesupport_fastrtps_cpp.dir/rosidl_typesupport_fastrtps_cpp/px4_msgs/msg/detail/dds_fastrtps/position_setpoint__type_support.cpp.o[0m
[32.833s] [ 62%] [32mBuilding CXX object CMakeFiles/px4_msgs__rosidl_typesupport_cpp.dir/rosidl_typesupport_cpp/px4_msgs/msg/qshell_req__type_support.cpp.o[0m
[32.858s] [ 63%] Built target px4_msgs__rosidl_typesupport_introspection_c
[32.858s] [ 63%] [32mBuilding CXX object CMakeFiles/px4_msgs__rosidl_typesupport_introspection_cpp.dir/rosidl_typesupport_introspection_cpp/px4_msgs/msg/detail/px4io_status__type_support.cpp.o[0m
[32.872s] [ 63%] [32mBuilding CXX object CMakeFiles/px4_msgs__rosidl_typesupport_cpp.dir/rosidl_typesupport_cpp/px4_msgs/msg/qshell_retval__type_support.cpp.o[0m
[32.910s] [ 63%] [32mBuilding CXX object CMakeFiles/px4_msgs__rosidl_typesupport_cpp.dir/rosidl_typesupport_cpp/px4_msgs/msg/radio_status__type_support.cpp.o[0m
[32.985s] [ 63%] [32mBuilding CXX object CMakeFiles/px4_msgs__rosidl_typesupport_introspection_cpp.dir/rosidl_typesupport_introspection_cpp/px4_msgs/msg/detail/qshell_req__type_support.cpp.o[0m
[32.998s] [ 64%] [32mBuilding CXX object CMakeFiles/px4_msgs__rosidl_typesupport_fastrtps_c.dir/rosidl_typesupport_fastrtps_c/px4_msgs/msg/detail/estimator_status_flags__type_support_c.cpp.o[0m
[33.044s] [ 64%] [32mBuilding CXX object CMakeFiles/px4_msgs__rosidl_typesupport_fastrtps_cpp.dir/rosidl_typesupport_fastrtps_cpp/px4_msgs/msg/detail/dds_fastrtps/position_setpoint_triplet__type_support.cpp.o[0m
[33.141s] [ 64%] [32mBuilding CXX object CMakeFiles/px4_msgs__rosidl_typesupport_introspection_cpp.dir/rosidl_typesupport_introspection_cpp/px4_msgs/msg/detail/qshell_retval__type_support.cpp.o[0m
[33.168s] [ 64%] [32mBuilding CXX object CMakeFiles/px4_msgs__rosidl_typesupport_cpp.dir/rosidl_typesupport_cpp/px4_msgs/msg/rate_ctrl_status__type_support.cpp.o[0m
[33.342s] [ 64%] [32mBuilding CXX object CMakeFiles/px4_msgs__rosidl_typesupport_introspection_cpp.dir/rosidl_typesupport_introspection_cpp/px4_msgs/msg/detail/radio_status__type_support.cpp.o[0m
[33.410s] [ 65%] [32mBuilding CXX object CMakeFiles/px4_msgs__rosidl_typesupport_fastrtps_cpp.dir/rosidl_typesupport_fastrtps_cpp/px4_msgs/msg/detail/dds_fastrtps/power_button_state__type_support.cpp.o[0m
[33.433s] [ 65%] [32mBuilding CXX object CMakeFiles/px4_msgs__rosidl_typesupport_fastrtps_c.dir/rosidl_typesupport_fastrtps_c/px4_msgs/msg/detail/event__type_support_c.cpp.o[0m
[33.473s] [ 65%] [32mBuilding CXX object CMakeFiles/px4_msgs__rosidl_typesupport_cpp.dir/rosidl_typesupport_cpp/px4_msgs/msg/rc_channels__type_support.cpp.o[0m
[33.569s] [ 65%] [32mBuilding CXX object CMakeFiles/px4_msgs__rosidl_typesupport_fastrtps_cpp.dir/rosidl_typesupport_fastrtps_cpp/px4_msgs/msg/detail/dds_fastrtps/power_monitor__type_support.cpp.o[0m
[33.680s] [ 65%] [32mBuilding CXX object CMakeFiles/px4_msgs__rosidl_typesupport_fastrtps_c.dir/rosidl_typesupport_fastrtps_c/px4_msgs/msg/detail/failsafe_flags__type_support_c.cpp.o[0m
[33.711s] [ 65%] [32mBuilding CXX object CMakeFiles/px4_msgs__rosidl_typesupport_fastrtps_cpp.dir/rosidl_typesupport_fastrtps_cpp/px4_msgs/msg/detail/dds_fastrtps/pps_capture__type_support.cpp.o[0m
[33.739s] [ 65%] [32mBuilding CXX object CMakeFiles/px4_msgs__rosidl_typesupport_cpp.dir/rosidl_typesupport_cpp/px4_msgs/msg/rc_parameter_map__type_support.cpp.o[0m
[33.787s] [ 65%] [32mBuilding CXX object CMakeFiles/px4_msgs__rosidl_typesupport_fastrtps_c.dir/rosidl_typesupport_fastrtps_c/px4_msgs/msg/detail/failure_detector_status__type_support_c.cpp.o[0m
[33.797s] [ 65%] [32mBuilding CXX object CMakeFiles/px4_msgs__rosidl_typesupport_fastrtps_cpp.dir/rosidl_typesupport_fastrtps_cpp/px4_msgs/msg/detail/dds_fastrtps/pwm_input__type_support.cpp.o[0m
[33.885s] [ 65%] [32mBuilding CXX object CMakeFiles/px4_msgs__rosidl_typesupport_fastrtps_c.dir/rosidl_typesupport_fastrtps_c/px4_msgs/msg/detail/figure_eight_status__type_support_c.cpp.o[0m
[33.935s] [ 65%] [32mBuilding CXX object CMakeFiles/px4_msgs__rosidl_typesupport_fastrtps_cpp.dir/rosidl_typesupport_fastrtps_cpp/px4_msgs/msg/detail/dds_fastrtps/px4io_status__type_support.cpp.o[0m
[34.052s] [ 65%] [32mBuilding CXX object CMakeFiles/px4_msgs__rosidl_typesupport_cpp.dir/rosidl_typesupport_cpp/px4_msgs/msg/register_ext_component_reply__type_support.cpp.o[0m
[34.136s] [ 65%] [32mBuilding CXX object CMakeFiles/px4_msgs__rosidl_typesupport_introspection_cpp.dir/rosidl_typesupport_introspection_cpp/px4_msgs/msg/detail/rate_ctrl_status__type_support.cpp.o[0m
[34.153s] [ 65%] [32mBuilding CXX object CMakeFiles/px4_msgs__rosidl_typesupport_fastrtps_cpp.dir/rosidl_typesupport_fastrtps_cpp/px4_msgs/msg/detail/dds_fastrtps/qshell_req__type_support.cpp.o[0m
[34.237s] [ 65%] [32mBuilding CXX object CMakeFiles/px4_msgs__rosidl_typesupport_introspection_cpp.dir/rosidl_typesupport_introspection_cpp/px4_msgs/msg/detail/rc_channels__type_support.cpp.o[0m
[34.301s] [ 65%] [32mBuilding CXX object CMakeFiles/px4_msgs__rosidl_typesupport_fastrtps_c.dir/rosidl_typesupport_fastrtps_c/px4_msgs/msg/detail/flight_phase_estimation__type_support_c.cpp.o[0m
[34.405s] [ 65%] [32mBuilding CXX object CMakeFiles/px4_msgs__rosidl_typesupport_introspection_cpp.dir/rosidl_typesupport_introspection_cpp/px4_msgs/msg/detail/rc_parameter_map__type_support.cpp.o[0m
[34.440s] [ 65%] [32mBuilding CXX object CMakeFiles/px4_msgs__rosidl_typesupport_fastrtps_c.dir/rosidl_typesupport_fastrtps_c/px4_msgs/msg/detail/follow_target__type_support_c.cpp.o[0m
[34.501s] [ 65%] [32mBuilding CXX object CMakeFiles/px4_msgs__rosidl_typesupport_fastrtps_c.dir/rosidl_typesupport_fastrtps_c/px4_msgs/msg/detail/follow_target_estimator__type_support_c.cpp.o[0m
[34.534s] [ 65%] [32mBuilding CXX object CMakeFiles/px4_msgs__rosidl_typesupport_cpp.dir/rosidl_typesupport_cpp/px4_msgs/msg/register_ext_component_request__type_support.cpp.o[0m
[34.607s] [ 65%] [32mBuilding CXX object CMakeFiles/px4_msgs__rosidl_typesupport_introspection_cpp.dir/rosidl_typesupport_introspection_cpp/px4_msgs/msg/detail/register_ext_component_reply__type_support.cpp.o[0m
[34.615s] [ 65%] [32mBuilding CXX object CMakeFiles/px4_msgs__rosidl_typesupport_cpp.dir/rosidl_typesupport_cpp/px4_msgs/msg/rover_ackermann_guidance_status__type_support.cpp.o[0m
[34.627s] [ 65%] [32mBuilding CXX object CMakeFiles/px4_msgs__rosidl_typesupport_fastrtps_c.dir/rosidl_typesupport_fastrtps_c/px4_msgs/msg/detail/follow_target_status__type_support_c.cpp.o[0m
[34.846s] [ 65%] [32mBuilding CXX object CMakeFiles/px4_msgs__rosidl_typesupport_cpp.dir/rosidl_typesupport_cpp/px4_msgs/msg/rpm__type_support.cpp.o[0m
[34.935s] [ 65%] [32mBuilding CXX object CMakeFiles/px4_msgs__rosidl_typesupport_fastrtps_c.dir/rosidl_typesupport_fastrtps_c/px4_msgs/msg/detail/fuel_tank_status__type_support_c.cpp.o[0m
[34.990s] [ 65%] [32mBuilding CXX object CMakeFiles/px4_msgs__rosidl_typesupport_fastrtps_cpp.dir/rosidl_typesupport_fastrtps_cpp/px4_msgs/msg/detail/dds_fastrtps/qshell_retval__type_support.cpp.o[0m
[35.015s] [ 65%] [32mBuilding CXX object CMakeFiles/px4_msgs__rosidl_typesupport_introspection_cpp.dir/rosidl_typesupport_introspection_cpp/px4_msgs/msg/detail/register_ext_component_request__type_support.cpp.o[0m
[35.068s] [ 65%] [32mBuilding CXX object CMakeFiles/px4_msgs__rosidl_typesupport_fastrtps_cpp.dir/rosidl_typesupport_fastrtps_cpp/px4_msgs/msg/detail/dds_fastrtps/radio_status__type_support.cpp.o[0m
[35.108s] [ 65%] [32mBuilding CXX object CMakeFiles/px4_msgs__rosidl_typesupport_fastrtps_c.dir/rosidl_typesupport_fastrtps_c/px4_msgs/msg/detail/generator_status__type_support_c.cpp.o[0m
[35.160s] [ 65%] [32mBuilding CXX object CMakeFiles/px4_msgs__rosidl_typesupport_cpp.dir/rosidl_typesupport_cpp/px4_msgs/msg/rtl_status__type_support.cpp.o[0m
[35.170s] [ 65%] [32mBuilding CXX object CMakeFiles/px4_msgs__rosidl_typesupport_fastrtps_c.dir/rosidl_typesupport_fastrtps_c/px4_msgs/msg/detail/geofence_result__type_support_c.cpp.o[0m
[35.225s] [ 65%] [32mBuilding CXX object CMakeFiles/px4_msgs__rosidl_typesupport_fastrtps_cpp.dir/rosidl_typesupport_fastrtps_cpp/px4_msgs/msg/detail/dds_fastrtps/rate_ctrl_status__type_support.cpp.o[0m
[35.275s] [ 65%] [32mBuilding CXX object CMakeFiles/px4_msgs__rosidl_typesupport_fastrtps_c.dir/rosidl_typesupport_fastrtps_c/px4_msgs/msg/detail/geofence_status__type_support_c.cpp.o[0m
[35.341s] [ 65%] [32mBuilding CXX object CMakeFiles/px4_msgs__rosidl_typesupport_cpp.dir/rosidl_typesupport_cpp/px4_msgs/msg/rtl_time_estimate__type_support.cpp.o[0m
[35.419s] [ 65%] [32mBuilding CXX object CMakeFiles/px4_msgs__rosidl_typesupport_cpp.dir/rosidl_typesupport_cpp/px4_msgs/msg/satellite_info__type_support.cpp.o[0m
[35.421s] [ 66%] [32mBuilding CXX object CMakeFiles/px4_msgs__rosidl_typesupport_cpp.dir/rosidl_typesupport_cpp/px4_msgs/msg/sensor_accel__type_support.cpp.o[0m
[35.677s] [ 66%] [32mBuilding CXX object CMakeFiles/px4_msgs__rosidl_typesupport_cpp.dir/rosidl_typesupport_cpp/px4_msgs/msg/sensor_accel_fifo__type_support.cpp.o[0m
[35.722s] [ 66%] [32mBuilding CXX object CMakeFiles/px4_msgs__rosidl_typesupport_fastrtps_cpp.dir/rosidl_typesupport_fastrtps_cpp/px4_msgs/msg/detail/dds_fastrtps/rc_channels__type_support.cpp.o[0m
[35.818s] [ 66%] [32mBuilding CXX object CMakeFiles/px4_msgs__rosidl_typesupport_introspection_cpp.dir/rosidl_typesupport_introspection_cpp/px4_msgs/msg/detail/rover_ackermann_guidance_status__type_support.cpp.o[0m
[35.833s] [ 66%] [32mBuilding CXX object CMakeFiles/px4_msgs__rosidl_typesupport_cpp.dir/rosidl_typesupport_cpp/px4_msgs/msg/sensor_airflow__type_support.cpp.o[0m
[35.836s] [ 66%] [32mBuilding CXX object CMakeFiles/px4_msgs__rosidl_typesupport_fastrtps_cpp.dir/rosidl_typesupport_fastrtps_cpp/px4_msgs/msg/detail/dds_fastrtps/rc_parameter_map__type_support.cpp.o[0m
[35.884s] [ 66%] [32mBuilding CXX object CMakeFiles/px4_msgs__rosidl_typesupport_cpp.dir/rosidl_typesupport_cpp/px4_msgs/msg/sensor_baro__type_support.cpp.o[0m
[35.912s] [ 66%] [32mBuilding CXX object CMakeFiles/px4_msgs__rosidl_typesupport_fastrtps_cpp.dir/rosidl_typesupport_fastrtps_cpp/px4_msgs/msg/detail/dds_fastrtps/register_ext_component_reply__type_support.cpp.o[0m
[35.914s] [ 66%] [32mBuilding CXX object CMakeFiles/px4_msgs__rosidl_typesupport_introspection_cpp.dir/rosidl_typesupport_introspection_cpp/px4_msgs/msg/detail/rpm__type_support.cpp.o[0m
[35.979s] [ 66%] [32mBuilding CXX object CMakeFiles/px4_msgs__rosidl_typesupport_fastrtps_c.dir/rosidl_typesupport_fastrtps_c/px4_msgs/msg/detail/gimbal_controls__type_support_c.cpp.o[0m
[35.989s] [ 66%] [32mBuilding CXX object CMakeFiles/px4_msgs__rosidl_typesupport_introspection_cpp.dir/rosidl_typesupport_introspection_cpp/px4_msgs/msg/detail/rtl_status__type_support.cpp.o[0m
[35.990s] [ 66%] [32mBuilding CXX object CMakeFiles/px4_msgs__rosidl_typesupport_fastrtps_cpp.dir/rosidl_typesupport_fastrtps_cpp/px4_msgs/msg/detail/dds_fastrtps/register_ext_component_request__type_support.cpp.o[0m
[36.059s] [ 66%] [32mBuilding CXX object CMakeFiles/px4_msgs__rosidl_typesupport_introspection_cpp.dir/rosidl_typesupport_introspection_cpp/px4_msgs/msg/detail/rtl_time_estimate__type_support.cpp.o[0m
[36.264s] [ 66%] [32mBuilding CXX object CMakeFiles/px4_msgs__rosidl_typesupport_fastrtps_cpp.dir/rosidl_typesupport_fastrtps_cpp/px4_msgs/msg/detail/dds_fastrtps/rover_ackermann_guidance_status__type_support.cpp.o[0m
[36.401s] [ 66%] [32mBuilding CXX object CMakeFiles/px4_msgs__rosidl_typesupport_fastrtps_c.dir/rosidl_typesupport_fastrtps_c/px4_msgs/msg/detail/gimbal_device_attitude_status__type_support_c.cpp.o[0m
[36.446s] [ 66%] [32mBuilding CXX object CMakeFiles/px4_msgs__rosidl_typesupport_cpp.dir/rosidl_typesupport_cpp/px4_msgs/msg/sensor_combined__type_support.cpp.o[0m
[36.574s] [ 66%] [32mBuilding CXX object CMakeFiles/px4_msgs__rosidl_typesupport_fastrtps_c.dir/rosidl_typesupport_fastrtps_c/px4_msgs/msg/detail/gimbal_device_information__type_support_c.cpp.o[0m
[36.607s] [ 66%] [32mBuilding CXX object CMakeFiles/px4_msgs__rosidl_typesupport_fastrtps_cpp.dir/rosidl_typesupport_fastrtps_cpp/px4_msgs/msg/detail/dds_fastrtps/rpm__type_support.cpp.o[0m
[36.673s] [ 67%] [32mBuilding CXX object CMakeFiles/px4_msgs__rosidl_typesupport_introspection_cpp.dir/rosidl_typesupport_introspection_cpp/px4_msgs/msg/detail/satellite_info__type_support.cpp.o[0m
[36.704s] [ 67%] [32mBuilding CXX object CMakeFiles/px4_msgs__rosidl_typesupport_cpp.dir/rosidl_typesupport_cpp/px4_msgs/msg/sensor_correction__type_support.cpp.o[0m
[36.713s] [ 67%] [32mBuilding CXX object CMakeFiles/px4_msgs__rosidl_typesupport_fastrtps_c.dir/rosidl_typesupport_fastrtps_c/px4_msgs/msg/detail/gimbal_device_set_attitude__type_support_c.cpp.o[0m
[36.759s] [ 68%] [32mBuilding CXX object CMakeFiles/px4_msgs__rosidl_typesupport_fastrtps_c.dir/rosidl_typesupport_fastrtps_c/px4_msgs/msg/detail/gimbal_manager_information__type_support_c.cpp.o[0m
[36.787s] [ 68%] [32mBuilding CXX object CMakeFiles/px4_msgs__rosidl_typesupport_introspection_cpp.dir/rosidl_typesupport_introspection_cpp/px4_msgs/msg/detail/sensor_accel__type_support.cpp.o[0m
[36.849s] [ 68%] [32mBuilding CXX object CMakeFiles/px4_msgs__rosidl_typesupport_introspection_cpp.dir/rosidl_typesupport_introspection_cpp/px4_msgs/msg/detail/sensor_accel_fifo__type_support.cpp.o[0m
[36.858s] [ 68%] [32mBuilding CXX object CMakeFiles/px4_msgs__rosidl_typesupport_introspection_cpp.dir/rosidl_typesupport_introspection_cpp/px4_msgs/msg/detail/sensor_airflow__type_support.cpp.o[0m
[37.008s] [ 68%] [32mBuilding CXX object CMakeFiles/px4_msgs__rosidl_typesupport_fastrtps_c.dir/rosidl_typesupport_fastrtps_c/px4_msgs/msg/detail/gimbal_manager_set_attitude__type_support_c.cpp.o[0m
[37.098s] [ 68%] [32mBuilding CXX object CMakeFiles/px4_msgs__rosidl_typesupport_introspection_cpp.dir/rosidl_typesupport_introspection_cpp/px4_msgs/msg/detail/sensor_baro__type_support.cpp.o[0m
[37.160s] [ 68%] [32mBuilding CXX object CMakeFiles/px4_msgs__rosidl_typesupport_introspection_cpp.dir/rosidl_typesupport_introspection_cpp/px4_msgs/msg/detail/sensor_combined__type_support.cpp.o[0m
[37.271s] [ 68%] [32mBuilding CXX object CMakeFiles/px4_msgs__rosidl_typesupport_cpp.dir/rosidl_typesupport_cpp/px4_msgs/msg/sensor_gnss_relative__type_support.cpp.o[0m
[37.305s] [ 68%] [32mBuilding CXX object CMakeFiles/px4_msgs__rosidl_typesupport_introspection_cpp.dir/rosidl_typesupport_introspection_cpp/px4_msgs/msg/detail/sensor_correction__type_support.cpp.o[0m
[37.424s] [ 68%] [32mBuilding CXX object CMakeFiles/px4_msgs__rosidl_typesupport_fastrtps_cpp.dir/rosidl_typesupport_fastrtps_cpp/px4_msgs/msg/detail/dds_fastrtps/rtl_status__type_support.cpp.o[0m
[37.432s] [ 68%] [32mBuilding CXX object CMakeFiles/px4_msgs__rosidl_typesupport_introspection_cpp.dir/rosidl_typesupport_introspection_cpp/px4_msgs/msg/detail/sensor_gnss_relative__type_support.cpp.o[0m
[37.482s] [ 68%] [32mBuilding CXX object CMakeFiles/px4_msgs__rosidl_typesupport_cpp.dir/rosidl_typesupport_cpp/px4_msgs/msg/sensor_gps__type_support.cpp.o[0m
[37.518s] [ 68%] [32mBuilding CXX object CMakeFiles/px4_msgs__rosidl_typesupport_fastrtps_c.dir/rosidl_typesupport_fastrtps_c/px4_msgs/msg/detail/gimbal_manager_set_manual_control__type_support_c.cpp.o[0m
[37.617s] [ 68%] [32mBuilding CXX object CMakeFiles/px4_msgs__rosidl_typesupport_fastrtps_c.dir/rosidl_typesupport_fastrtps_c/px4_msgs/msg/detail/gimbal_manager_status__type_support_c.cpp.o[0m
[37.661s] [ 68%] [32mBuilding CXX object CMakeFiles/px4_msgs__rosidl_typesupport_fastrtps_cpp.dir/rosidl_typesupport_fastrtps_cpp/px4_msgs/msg/detail/dds_fastrtps/rtl_time_estimate__type_support.cpp.o[0m
[37.707s] [ 68%] [32mBuilding CXX object CMakeFiles/px4_msgs__rosidl_typesupport_fastrtps_cpp.dir/rosidl_typesupport_fastrtps_cpp/px4_msgs/msg/detail/dds_fastrtps/satellite_info__type_support.cpp.o[0m
[37.733s] [ 68%] [32mBuilding CXX object CMakeFiles/px4_msgs__rosidl_typesupport_introspection_cpp.dir/rosidl_typesupport_introspection_cpp/px4_msgs/msg/detail/sensor_gps__type_support.cpp.o[0m
[37.872s] [ 68%] [32mBuilding CXX object CMakeFiles/px4_msgs__rosidl_typesupport_fastrtps_c.dir/rosidl_typesupport_fastrtps_c/px4_msgs/msg/detail/goto_setpoint__type_support_c.cpp.o[0m
[37.918s] [ 69%] [32mBuilding CXX object CMakeFiles/px4_msgs__rosidl_typesupport_fastrtps_cpp.dir/rosidl_typesupport_fastrtps_cpp/px4_msgs/msg/detail/dds_fastrtps/sensor_accel__type_support.cpp.o[0m
[37.982s] [ 69%] [32mBuilding CXX object CMakeFiles/px4_msgs__rosidl_typesupport_fastrtps_cpp.dir/rosidl_typesupport_fastrtps_cpp/px4_msgs/msg/detail/dds_fastrtps/sensor_accel_fifo__type_support.cpp.o[0m
[38.124s] [ 69%] [32mBuilding CXX object CMakeFiles/px4_msgs__rosidl_typesupport_cpp.dir/rosidl_typesupport_cpp/px4_msgs/msg/sensor_gyro__type_support.cpp.o[0m
[38.274s] [ 69%] [32mBuilding CXX object CMakeFiles/px4_msgs__rosidl_typesupport_cpp.dir/rosidl_typesupport_cpp/px4_msgs/msg/sensor_gyro_fft__type_support.cpp.o[0m
[38.290s] [ 69%] [32mBuilding CXX object CMakeFiles/px4_msgs__rosidl_typesupport_fastrtps_c.dir/rosidl_typesupport_fastrtps_c/px4_msgs/msg/detail/gpio_config__type_support_c.cpp.o[0m
[38.324s] [ 69%] [32mBuilding CXX object CMakeFiles/px4_msgs__rosidl_typesupport_introspection_cpp.dir/rosidl_typesupport_introspection_cpp/px4_msgs/msg/detail/sensor_gyro__type_support.cpp.o[0m
[38.325s] [ 69%] [32mBuilding CXX object CMakeFiles/px4_msgs__rosidl_typesupport_cpp.dir/rosidl_typesupport_cpp/px4_msgs/msg/sensor_gyro_fifo__type_support.cpp.o[0m
[38.380s] [ 69%] [32mBuilding CXX object CMakeFiles/px4_msgs__rosidl_typesupport_introspection_cpp.dir/rosidl_typesupport_introspection_cpp/px4_msgs/msg/detail/sensor_gyro_fft__type_support.cpp.o[0m
[38.513s] [ 69%] [32mBuilding CXX object CMakeFiles/px4_msgs__rosidl_typesupport_fastrtps_c.dir/rosidl_typesupport_fastrtps_c/px4_msgs/msg/detail/gpio_in__type_support_c.cpp.o[0m
[38.542s] [ 69%] [32mBuilding CXX object CMakeFiles/px4_msgs__rosidl_typesupport_fastrtps_cpp.dir/rosidl_typesupport_fastrtps_cpp/px4_msgs/msg/detail/dds_fastrtps/sensor_airflow__type_support.cpp.o[0m
[38.624s] [ 69%] [32mBuilding CXX object CMakeFiles/px4_msgs__rosidl_typesupport_cpp.dir/rosidl_typesupport_cpp/px4_msgs/msg/sensor_hygrometer__type_support.cpp.o[0m
[38.629s] [ 69%] [32mBuilding CXX object CMakeFiles/px4_msgs__rosidl_typesupport_cpp.dir/rosidl_typesupport_cpp/px4_msgs/msg/sensor_mag__type_support.cpp.o[0m
[38.704s] [ 69%] [32mBuilding CXX object CMakeFiles/px4_msgs__rosidl_typesupport_introspection_cpp.dir/rosidl_typesupport_introspection_cpp/px4_msgs/msg/detail/sensor_gyro_fifo__type_support.cpp.o[0m
[38.774s] [ 69%] [32mBuilding CXX object CMakeFiles/px4_msgs__rosidl_typesupport_fastrtps_c.dir/rosidl_typesupport_fastrtps_c/px4_msgs/msg/detail/gpio_out__type_support_c.cpp.o[0m
[38.831s] [ 69%] [32mBuilding CXX object CMakeFiles/px4_msgs__rosidl_typesupport_cpp.dir/rosidl_typesupport_cpp/px4_msgs/msg/sensor_optical_flow__type_support.cpp.o[0m
[38.846s] [ 69%] [32mBuilding CXX object CMakeFiles/px4_msgs__rosidl_typesupport_introspection_cpp.dir/rosidl_typesupport_introspection_cpp/px4_msgs/msg/detail/sensor_hygrometer__type_support.cpp.o[0m
[38.891s] [ 69%] [32mBuilding CXX object CMakeFiles/px4_msgs__rosidl_typesupport_fastrtps_c.dir/rosidl_typesupport_fastrtps_c/px4_msgs/msg/detail/gpio_request__type_support_c.cpp.o[0m
[38.992s] [ 69%] [32mBuilding CXX object CMakeFiles/px4_msgs__rosidl_typesupport_fastrtps_cpp.dir/rosidl_typesupport_fastrtps_cpp/px4_msgs/msg/detail/dds_fastrtps/sensor_baro__type_support.cpp.o[0m
[39.139s] [ 69%] [32mBuilding CXX object CMakeFiles/px4_msgs__rosidl_typesupport_cpp.dir/rosidl_typesupport_cpp/px4_msgs/msg/sensor_preflight_mag__type_support.cpp.o[0m
[39.184s] [ 69%] [32mBuilding CXX object CMakeFiles/px4_msgs__rosidl_typesupport_fastrtps_c.dir/rosidl_typesupport_fastrtps_c/px4_msgs/msg/detail/gps_dump__type_support_c.cpp.o[0m
[39.192s] [ 69%] [32mBuilding CXX object CMakeFiles/px4_msgs__rosidl_typesupport_fastrtps_cpp.dir/rosidl_typesupport_fastrtps_cpp/px4_msgs/msg/detail/dds_fastrtps/sensor_combined__type_support.cpp.o[0m
[39.223s] [ 69%] [32mBuilding CXX object CMakeFiles/px4_msgs__rosidl_typesupport_cpp.dir/rosidl_typesupport_cpp/px4_msgs/msg/sensor_selection__type_support.cpp.o[0m
[39.225s] [ 69%] [32mBuilding CXX object CMakeFiles/px4_msgs__rosidl_typesupport_cpp.dir/rosidl_typesupport_cpp/px4_msgs/msg/sensor_uwb__type_support.cpp.o[0m
[39.385s] [ 69%] [32mBuilding CXX object CMakeFiles/px4_msgs__rosidl_typesupport_fastrtps_c.dir/rosidl_typesupport_fastrtps_c/px4_msgs/msg/detail/gps_inject_data__type_support_c.cpp.o[0m
[39.394s] [ 69%] [32mBuilding CXX object CMakeFiles/px4_msgs__rosidl_typesupport_introspection_cpp.dir/rosidl_typesupport_introspection_cpp/px4_msgs/msg/detail/sensor_mag__type_support.cpp.o[0m
[39.487s] [ 69%] [32mBuilding CXX object CMakeFiles/px4_msgs__rosidl_typesupport_introspection_cpp.dir/rosidl_typesupport_introspection_cpp/px4_msgs/msg/detail/sensor_optical_flow__type_support.cpp.o[0m
[39.557s] [ 69%] [32mBuilding CXX object CMakeFiles/px4_msgs__rosidl_typesupport_introspection_cpp.dir/rosidl_typesupport_introspection_cpp/px4_msgs/msg/detail/sensor_preflight_mag__type_support.cpp.o[0m
[39.590s] [ 70%] [32mBuilding CXX object CMakeFiles/px4_msgs__rosidl_typesupport_cpp.dir/rosidl_typesupport_cpp/px4_msgs/msg/sensors_status__type_support.cpp.o[0m
[39.685s] [ 70%] [32mBuilding CXX object CMakeFiles/px4_msgs__rosidl_typesupport_introspection_cpp.dir/rosidl_typesupport_introspection_cpp/px4_msgs/msg/detail/sensor_selection__type_support.cpp.o[0m
[39.711s] [ 70%] [32mBuilding CXX object CMakeFiles/px4_msgs__rosidl_typesupport_fastrtps_cpp.dir/rosidl_typesupport_fastrtps_cpp/px4_msgs/msg/detail/dds_fastrtps/sensor_correction__type_support.cpp.o[0m
[39.822s] [ 70%] [32mBuilding CXX object CMakeFiles/px4_msgs__rosidl_typesupport_fastrtps_cpp.dir/rosidl_typesupport_fastrtps_cpp/px4_msgs/msg/detail/dds_fastrtps/sensor_gnss_relative__type_support.cpp.o[0m
[39.829s] [ 70%] [32mBuilding CXX object CMakeFiles/px4_msgs__rosidl_typesupport_cpp.dir/rosidl_typesupport_cpp/px4_msgs/msg/sensors_status_imu__type_support.cpp.o[0m
[39.831s] [ 70%] [32mBuilding CXX object CMakeFiles/px4_msgs__rosidl_typesupport_fastrtps_c.dir/rosidl_typesupport_fastrtps_c/px4_msgs/msg/detail/gripper__type_support_c.cpp.o[0m
[39.950s] [ 70%] [32mBuilding CXX object CMakeFiles/px4_msgs__rosidl_typesupport_fastrtps_cpp.dir/rosidl_typesupport_fastrtps_cpp/px4_msgs/msg/detail/dds_fastrtps/sensor_gps__type_support.cpp.o[0m
[40.080s] [ 70%] [32mBuilding CXX object CMakeFiles/px4_msgs__rosidl_typesupport_fastrtps_cpp.dir/rosidl_typesupport_fastrtps_cpp/px4_msgs/msg/detail/dds_fastrtps/sensor_gyro__type_support.cpp.o[0m
[40.108s] [ 70%] [32mBuilding CXX object CMakeFiles/px4_msgs__rosidl_typesupport_introspection_cpp.dir/rosidl_typesupport_introspection_cpp/px4_msgs/msg/detail/sensor_uwb__type_support.cpp.o[0m
[40.138s] [ 71%] [32mBuilding CXX object CMakeFiles/px4_msgs__rosidl_typesupport_introspection_cpp.dir/rosidl_typesupport_introspection_cpp/px4_msgs/msg/detail/sensors_status__type_support.cpp.o[0m
[40.218s] [ 71%] [32mBuilding CXX object CMakeFiles/px4_msgs__rosidl_typesupport_fastrtps_c.dir/rosidl_typesupport_fastrtps_c/px4_msgs/msg/detail/health_report__type_support_c.cpp.o[0m
[40.358s] [ 71%] [32mBuilding CXX object CMakeFiles/px4_msgs__rosidl_typesupport_fastrtps_c.dir/rosidl_typesupport_fastrtps_c/px4_msgs/msg/detail/heater_status__type_support_c.cpp.o[0m
[40.457s] [ 71%] [32mBuilding CXX object CMakeFiles/px4_msgs__rosidl_typesupport_cpp.dir/rosidl_typesupport_cpp/px4_msgs/msg/system_power__type_support.cpp.o[0m
[40.470s] [ 71%] [32mBuilding CXX object CMakeFiles/px4_msgs__rosidl_typesupport_cpp.dir/rosidl_typesupport_cpp/px4_msgs/msg/takeoff_status__type_support.cpp.o[0m
[40.568s] [ 71%] [32mBuilding CXX object CMakeFiles/px4_msgs__rosidl_typesupport_fastrtps_c.dir/rosidl_typesupport_fastrtps_c/px4_msgs/msg/detail/home_position__type_support_c.cpp.o[0m
[40.590s] [ 71%] [32mBuilding CXX object CMakeFiles/px4_msgs__rosidl_typesupport_introspection_cpp.dir/rosidl_typesupport_introspection_cpp/px4_msgs/msg/detail/sensors_status_imu__type_support.cpp.o[0m
[40.707s] [ 71%] [32mBuilding CXX object CMakeFiles/px4_msgs__rosidl_typesupport_fastrtps_c.dir/rosidl_typesupport_fastrtps_c/px4_msgs/msg/detail/hover_thrust_estimate__type_support_c.cpp.o[0m
[40.746s] [ 71%] [32mBuilding CXX object CMakeFiles/px4_msgs__rosidl_typesupport_fastrtps_c.dir/rosidl_typesupport_fastrtps_c/px4_msgs/msg/detail/input_rc__type_support_c.cpp.o[0m
[40.813s] [ 71%] [32mBuilding CXX object CMakeFiles/px4_msgs__rosidl_typesupport_cpp.dir/rosidl_typesupport_cpp/px4_msgs/msg/task_stack_info__type_support.cpp.o[0m
[40.951s] [ 71%] [32mBuilding CXX object CMakeFiles/px4_msgs__rosidl_typesupport_cpp.dir/rosidl_typesupport_cpp/px4_msgs/msg/tecs_status__type_support.cpp.o[0m
[41.000s] [ 71%] [32mBuilding CXX object CMakeFiles/px4_msgs__rosidl_typesupport_introspection_cpp.dir/rosidl_typesupport_introspection_cpp/px4_msgs/msg/detail/system_power__type_support.cpp.o[0m
[41.002s] [ 71%] [32mBuilding CXX object CMakeFiles/px4_msgs__rosidl_typesupport_fastrtps_cpp.dir/rosidl_typesupport_fastrtps_cpp/px4_msgs/msg/detail/dds_fastrtps/sensor_gyro_fft__type_support.cpp.o[0m
[41.101s] [ 71%] [32mBuilding CXX object CMakeFiles/px4_msgs__rosidl_typesupport_introspection_cpp.dir/rosidl_typesupport_introspection_cpp/px4_msgs/msg/detail/takeoff_status__type_support.cpp.o[0m
[41.111s] [ 71%] [32mBuilding CXX object CMakeFiles/px4_msgs__rosidl_typesupport_introspection_cpp.dir/rosidl_typesupport_introspection_cpp/px4_msgs/msg/detail/task_stack_info__type_support.cpp.o[0m
[41.136s] [ 71%] [32mBuilding CXX object CMakeFiles/px4_msgs__rosidl_typesupport_fastrtps_cpp.dir/rosidl_typesupport_fastrtps_cpp/px4_msgs/msg/detail/dds_fastrtps/sensor_gyro_fifo__type_support.cpp.o[0m
[41.140s] [ 71%] [32mBuilding CXX object CMakeFiles/px4_msgs__rosidl_typesupport_cpp.dir/rosidl_typesupport_cpp/px4_msgs/msg/telemetry_status__type_support.cpp.o[0m
[41.286s] [ 71%] [32mBuilding CXX object CMakeFiles/px4_msgs__rosidl_typesupport_cpp.dir/rosidl_typesupport_cpp/px4_msgs/msg/tiltrotor_extra_controls__type_support.cpp.o[0m
[41.473s] [ 71%] [32mBuilding CXX object CMakeFiles/px4_msgs__rosidl_typesupport_introspection_cpp.dir/rosidl_typesupport_introspection_cpp/px4_msgs/msg/detail/tecs_status__type_support.cpp.o[0m
[41.491s] [ 71%] [32mBuilding CXX object CMakeFiles/px4_msgs__rosidl_typesupport_cpp.dir/rosidl_typesupport_cpp/px4_msgs/msg/timesync_status__type_support.cpp.o[0m
[41.528s] [ 71%] [32mBuilding CXX object CMakeFiles/px4_msgs__rosidl_typesupport_fastrtps_cpp.dir/rosidl_typesupport_fastrtps_cpp/px4_msgs/msg/detail/dds_fastrtps/sensor_hygrometer__type_support.cpp.o[0m
[41.557s] [ 71%] [32mBuilding CXX object CMakeFiles/px4_msgs__rosidl_typesupport_introspection_cpp.dir/rosidl_typesupport_introspection_cpp/px4_msgs/msg/detail/telemetry_status__type_support.cpp.o[0m
[41.612s] [ 71%] [32mBuilding CXX object CMakeFiles/px4_msgs__rosidl_typesupport_fastrtps_c.dir/rosidl_typesupport_fastrtps_c/px4_msgs/msg/detail/internal_combustion_engine_status__type_support_c.cpp.o[0m
[41.804s] [ 71%] [32mBuilding CXX object CMakeFiles/px4_msgs__rosidl_typesupport_fastrtps_cpp.dir/rosidl_typesupport_fastrtps_cpp/px4_msgs/msg/detail/dds_fastrtps/sensor_mag__type_support.cpp.o[0m
[41.820s] [ 71%] [32mBuilding CXX object CMakeFiles/px4_msgs__rosidl_typesupport_cpp.dir/rosidl_typesupport_cpp/px4_msgs/msg/trajectory_bezier__type_support.cpp.o[0m
[41.913s] [ 71%] [32mBuilding CXX object CMakeFiles/px4_msgs__rosidl_typesupport_fastrtps_cpp.dir/rosidl_typesupport_fastrtps_cpp/px4_msgs/msg/detail/dds_fastrtps/sensor_optical_flow__type_support.cpp.o[0m
[41.924s] [ 72%] [32mBuilding CXX object CMakeFiles/px4_msgs__rosidl_typesupport_fastrtps_c.dir/rosidl_typesupport_fastrtps_c/px4_msgs/msg/detail/iridiumsbd_status__type_support_c.cpp.o[0m
[41.935s] [ 72%] [32mBuilding CXX object CMakeFiles/px4_msgs__rosidl_typesupport_fastrtps_c.dir/rosidl_typesupport_fastrtps_c/px4_msgs/msg/detail/irlock_report__type_support_c.cpp.o[0m
[41.959s] [ 72%] [32mBuilding CXX object CMakeFiles/px4_msgs__rosidl_typesupport_cpp.dir/rosidl_typesupport_cpp/px4_msgs/msg/trajectory_setpoint__type_support.cpp.o[0m
[42.061s] [ 72%] [32mBuilding CXX object CMakeFiles/px4_msgs__rosidl_typesupport_introspection_cpp.dir/rosidl_typesupport_introspection_cpp/px4_msgs/msg/detail/tiltrotor_extra_controls__type_support.cpp.o[0m
[42.085s] [ 72%] [32mBuilding CXX object CMakeFiles/px4_msgs__rosidl_typesupport_fastrtps_c.dir/rosidl_typesupport_fastrtps_c/px4_msgs/msg/detail/landing_gear__type_support_c.cpp.o[0m
[42.218s] [ 72%] [32mBuilding CXX object CMakeFiles/px4_msgs__rosidl_typesupport_fastrtps_c.dir/rosidl_typesupport_fastrtps_c/px4_msgs/msg/detail/landing_gear_wheel__type_support_c.cpp.o[0m
[42.391s] [ 72%] [32mBuilding CXX object CMakeFiles/px4_msgs__rosidl_typesupport_cpp.dir/rosidl_typesupport_cpp/px4_msgs/msg/trajectory_waypoint__type_support.cpp.o[0m
[42.442s] [ 72%] [32mBuilding CXX object CMakeFiles/px4_msgs__rosidl_typesupport_introspection_cpp.dir/rosidl_typesupport_introspection_cpp/px4_msgs/msg/detail/timesync_status__type_support.cpp.o[0m
[42.506s] [ 72%] [32mBuilding CXX object CMakeFiles/px4_msgs__rosidl_typesupport_fastrtps_cpp.dir/rosidl_typesupport_fastrtps_cpp/px4_msgs/msg/detail/dds_fastrtps/sensor_preflight_mag__type_support.cpp.o[0m
[42.522s] [ 72%] [32mBuilding CXX object CMakeFiles/px4_msgs__rosidl_typesupport_fastrtps_cpp.dir/rosidl_typesupport_fastrtps_cpp/px4_msgs/msg/detail/dds_fastrtps/sensor_selection__type_support.cpp.o[0m
[42.586s] [ 72%] [32mBuilding CXX object CMakeFiles/px4_msgs__rosidl_typesupport_fastrtps_c.dir/rosidl_typesupport_fastrtps_c/px4_msgs/msg/detail/landing_target_innovations__type_support_c.cpp.o[0m
[42.655s] [ 72%] [32mBuilding CXX object CMakeFiles/px4_msgs__rosidl_typesupport_introspection_cpp.dir/rosidl_typesupport_introspection_cpp/px4_msgs/msg/detail/trajectory_bezier__type_support.cpp.o[0m
[42.720s] [ 72%] [32mBuilding CXX object CMakeFiles/px4_msgs__rosidl_typesupport_introspection_cpp.dir/rosidl_typesupport_introspection_cpp/px4_msgs/msg/detail/trajectory_setpoint__type_support.cpp.o[0m
[42.762s] [ 72%] [32mBuilding CXX object CMakeFiles/px4_msgs__rosidl_typesupport_introspection_cpp.dir/rosidl_typesupport_introspection_cpp/px4_msgs/msg/detail/trajectory_waypoint__type_support.cpp.o[0m
[42.867s] [ 72%] [32mBuilding CXX object CMakeFiles/px4_msgs__rosidl_typesupport_cpp.dir/rosidl_typesupport_cpp/px4_msgs/msg/transponder_report__type_support.cpp.o[0m
[42.875s] [ 72%] [32mBuilding CXX object CMakeFiles/px4_msgs__rosidl_typesupport_fastrtps_c.dir/rosidl_typesupport_fastrtps_c/px4_msgs/msg/detail/landing_target_pose__type_support_c.cpp.o[0m
[42.888s] [ 72%] [32mBuilding CXX object CMakeFiles/px4_msgs__rosidl_typesupport_fastrtps_c.dir/rosidl_typesupport_fastrtps_c/px4_msgs/msg/detail/launch_detection_status__type_support_c.cpp.o[0m
[43.014s] [ 72%] [32mBuilding CXX object CMakeFiles/px4_msgs__rosidl_typesupport_fastrtps_cpp.dir/rosidl_typesupport_fastrtps_cpp/px4_msgs/msg/detail/dds_fastrtps/sensor_uwb__type_support.cpp.o[0m
[43.016s] [ 72%] [32mBuilding CXX object CMakeFiles/px4_msgs__rosidl_typesupport_fastrtps_c.dir/rosidl_typesupport_fastrtps_c/px4_msgs/msg/detail/led_control__type_support_c.cpp.o[0m
[43.291s] [ 72%] [32mBuilding CXX object CMakeFiles/px4_msgs__rosidl_typesupport_fastrtps_c.dir/rosidl_typesupport_fastrtps_c/px4_msgs/msg/detail/log_message__type_support_c.cpp.o[0m
[43.378s] [ 72%] [32mBuilding CXX object CMakeFiles/px4_msgs__rosidl_typesupport_cpp.dir/rosidl_typesupport_cpp/px4_msgs/msg/tune_control__type_support.cpp.o[0m
[43.442s] [ 72%] [32mBuilding CXX object CMakeFiles/px4_msgs__rosidl_typesupport_introspection_cpp.dir/rosidl_typesupport_introspection_cpp/px4_msgs/msg/detail/transponder_report__type_support.cpp.o[0m
[43.461s] [ 72%] [32mBuilding CXX object CMakeFiles/px4_msgs__rosidl_typesupport_cpp.dir/rosidl_typesupport_cpp/px4_msgs/msg/uavcan_parameter_request__type_support.cpp.o[0m
[43.477s] [ 73%] [32mBuilding CXX object CMakeFiles/px4_msgs__rosidl_typesupport_fastrtps_cpp.dir/rosidl_typesupport_fastrtps_cpp/px4_msgs/msg/detail/dds_fastrtps/sensors_status__type_support.cpp.o[0m
[43.481s] [ 73%] [32mBuilding CXX object CMakeFiles/px4_msgs__rosidl_typesupport_introspection_cpp.dir/rosidl_typesupport_introspection_cpp/px4_msgs/msg/detail/tune_control__type_support.cpp.o[0m
[43.597s] [ 73%] [32mBuilding CXX object CMakeFiles/px4_msgs__rosidl_typesupport_fastrtps_c.dir/rosidl_typesupport_fastrtps_c/px4_msgs/msg/detail/logger_status__type_support_c.cpp.o[0m
[43.643s] [ 73%] [32mBuilding CXX object CMakeFiles/px4_msgs__rosidl_typesupport_introspection_cpp.dir/rosidl_typesupport_introspection_cpp/px4_msgs/msg/detail/uavcan_parameter_request__type_support.cpp.o[0m
[43.659s] [ 73%] [32mBuilding CXX object CMakeFiles/px4_msgs__rosidl_typesupport_cpp.dir/rosidl_typesupport_cpp/px4_msgs/msg/uavcan_parameter_value__type_support.cpp.o[0m
[43.675s] [ 73%] [32mBuilding CXX object CMakeFiles/px4_msgs__rosidl_typesupport_fastrtps_c.dir/rosidl_typesupport_fastrtps_c/px4_msgs/msg/detail/mag_worker_data__type_support_c.cpp.o[0m
[43.820s] [ 73%] [32mBuilding CXX object CMakeFiles/px4_msgs__rosidl_typesupport_fastrtps_cpp.dir/rosidl_typesupport_fastrtps_cpp/px4_msgs/msg/detail/dds_fastrtps/sensors_status_imu__type_support.cpp.o[0m
[44.030s] [ 73%] [32mBuilding CXX object CMakeFiles/px4_msgs__rosidl_typesupport_fastrtps_c.dir/rosidl_typesupport_fastrtps_c/px4_msgs/msg/detail/magnetometer_bias_estimate__type_support_c.cpp.o[0m
[44.053s] [ 73%] [32mBuilding CXX object CMakeFiles/px4_msgs__rosidl_typesupport_introspection_cpp.dir/rosidl_typesupport_introspection_cpp/px4_msgs/msg/detail/uavcan_parameter_value__type_support.cpp.o[0m
[44.058s] [ 73%] [32mBuilding CXX object CMakeFiles/px4_msgs__rosidl_typesupport_fastrtps_c.dir/rosidl_typesupport_fastrtps_c/px4_msgs/msg/detail/manual_control_setpoint__type_support_c.cpp.o[0m
[44.059s] [ 73%] [32mBuilding CXX object CMakeFiles/px4_msgs__rosidl_typesupport_fastrtps_cpp.dir/rosidl_typesupport_fastrtps_cpp/px4_msgs/msg/detail/dds_fastrtps/system_power__type_support.cpp.o[0m
[44.283s] [ 73%] [32mBuilding CXX object CMakeFiles/px4_msgs__rosidl_typesupport_fastrtps_cpp.dir/rosidl_typesupport_fastrtps_cpp/px4_msgs/msg/detail/dds_fastrtps/takeoff_status__type_support.cpp.o[0m
[44.324s] [ 73%] [32mBuilding CXX object CMakeFiles/px4_msgs__rosidl_typesupport_cpp.dir/rosidl_typesupport_cpp/px4_msgs/msg/ulog_stream__type_support.cpp.o[0m
[44.361s] [ 73%] [32mBuilding CXX object CMakeFiles/px4_msgs__rosidl_typesupport_introspection_cpp.dir/rosidl_typesupport_introspection_cpp/px4_msgs/msg/detail/ulog_stream__type_support.cpp.o[0m
[44.394s] [ 73%] [32mBuilding CXX object CMakeFiles/px4_msgs__rosidl_typesupport_fastrtps_c.dir/rosidl_typesupport_fastrtps_c/px4_msgs/msg/detail/manual_control_switches__type_support_c.cpp.o[0m
[44.401s] [ 73%] [32mBuilding CXX object CMakeFiles/px4_msgs__rosidl_typesupport_fastrtps_c.dir/rosidl_typesupport_fastrtps_c/px4_msgs/msg/detail/mavlink_log__type_support_c.cpp.o[0m
[44.422s] [ 73%] [32mBuilding CXX object CMakeFiles/px4_msgs__rosidl_typesupport_cpp.dir/rosidl_typesupport_cpp/px4_msgs/msg/ulog_stream_ack__type_support.cpp.o[0m
[44.456s] [ 74%] [32mBuilding CXX object CMakeFiles/px4_msgs__rosidl_typesupport_cpp.dir/rosidl_typesupport_cpp/px4_msgs/msg/unregister_ext_component__type_support.cpp.o[0m
[44.715s] [ 74%] [32mBuilding CXX object CMakeFiles/px4_msgs__rosidl_typesupport_cpp.dir/rosidl_typesupport_cpp/px4_msgs/msg/vehicle_acceleration__type_support.cpp.o[0m
[44.736s] [ 74%] [32mBuilding CXX object CMakeFiles/px4_msgs__rosidl_typesupport_fastrtps_cpp.dir/rosidl_typesupport_fastrtps_cpp/px4_msgs/msg/detail/dds_fastrtps/task_stack_info__type_support.cpp.o[0m
[44.783s] [ 75%] [32mBuilding CXX object CMakeFiles/px4_msgs__rosidl_typesupport_introspection_cpp.dir/rosidl_typesupport_introspection_cpp/px4_msgs/msg/detail/ulog_stream_ack__type_support.cpp.o[0m
[44.871s] [ 75%] [32mBuilding CXX object CMakeFiles/px4_msgs__rosidl_typesupport_fastrtps_c.dir/rosidl_typesupport_fastrtps_c/px4_msgs/msg/detail/mavlink_tunnel__type_support_c.cpp.o[0m
[44.887s] [ 75%] [32mBuilding CXX object CMakeFiles/px4_msgs__rosidl_typesupport_introspection_cpp.dir/rosidl_typesupport_introspection_cpp/px4_msgs/msg/detail/unregister_ext_component__type_support.cpp.o[0m
[44.921s] [ 75%] [32mBuilding CXX object CMakeFiles/px4_msgs__rosidl_typesupport_introspection_cpp.dir/rosidl_typesupport_introspection_cpp/px4_msgs/msg/detail/vehicle_acceleration__type_support.cpp.o[0m
[44.979s] [ 75%] [32mBuilding CXX object CMakeFiles/px4_msgs__rosidl_typesupport_fastrtps_c.dir/rosidl_typesupport_fastrtps_c/px4_msgs/msg/detail/message_format_request__type_support_c.cpp.o[0m
[45.023s] [ 75%] [32mBuilding CXX object CMakeFiles/px4_msgs__rosidl_typesupport_cpp.dir/rosidl_typesupport_cpp/px4_msgs/msg/vehicle_air_data__type_support.cpp.o[0m
[45.103s] [ 75%] [32mBuilding CXX object CMakeFiles/px4_msgs__rosidl_typesupport_fastrtps_cpp.dir/rosidl_typesupport_fastrtps_cpp/px4_msgs/msg/detail/dds_fastrtps/tecs_status__type_support.cpp.o[0m
[45.114s] [ 76%] [32mBuilding CXX object CMakeFiles/px4_msgs__rosidl_typesupport_fastrtps_c.dir/rosidl_typesupport_fastrtps_c/px4_msgs/msg/detail/message_format_response__type_support_c.cpp.o[0m
[45.149s] [ 76%] [32mBuilding CXX object CMakeFiles/px4_msgs__rosidl_typesupport_fastrtps_cpp.dir/rosidl_typesupport_fastrtps_cpp/px4_msgs/msg/detail/dds_fastrtps/telemetry_status__type_support.cpp.o[0m
[45.187s] [ 76%] [32mBuilding CXX object CMakeFiles/px4_msgs__rosidl_typesupport_fastrtps_c.dir/rosidl_typesupport_fastrtps_c/px4_msgs/msg/detail/mission__type_support_c.cpp.o[0m
[45.274s] [ 76%] [32mBuilding CXX object CMakeFiles/px4_msgs__rosidl_typesupport_fastrtps_cpp.dir/rosidl_typesupport_fastrtps_cpp/px4_msgs/msg/detail/dds_fastrtps/tiltrotor_extra_controls__type_support.cpp.o[0m
[45.581s] [ 76%] [32mBuilding CXX object CMakeFiles/px4_msgs__rosidl_typesupport_cpp.dir/rosidl_typesupport_cpp/px4_msgs/msg/vehicle_angular_acceleration_setpoint__type_support.cpp.o[0m
[45.588s] [ 76%] [32mBuilding CXX object CMakeFiles/px4_msgs__rosidl_typesupport_introspection_cpp.dir/rosidl_typesupport_introspection_cpp/px4_msgs/msg/detail/vehicle_air_data__type_support.cpp.o[0m
[45.593s] [ 76%] [32mBuilding CXX object CMakeFiles/px4_msgs__rosidl_typesupport_fastrtps_cpp.dir/rosidl_typesupport_fastrtps_cpp/px4_msgs/msg/detail/dds_fastrtps/timesync_status__type_support.cpp.o[0m
[45.617s] [ 76%] [32mBuilding CXX object CMakeFiles/px4_msgs__rosidl_typesupport_cpp.dir/rosidl_typesupport_cpp/px4_msgs/msg/vehicle_angular_velocity__type_support.cpp.o[0m
[45.713s] [ 76%] [32mBuilding CXX object CMakeFiles/px4_msgs__rosidl_typesupport_cpp.dir/rosidl_typesupport_cpp/px4_msgs/msg/vehicle_attitude__type_support.cpp.o[0m
[45.736s] [ 76%] [32mBuilding CXX object CMakeFiles/px4_msgs__rosidl_typesupport_fastrtps_cpp.dir/rosidl_typesupport_fastrtps_cpp/px4_msgs/msg/detail/dds_fastrtps/trajectory_bezier__type_support.cpp.o[0m
[45.767s] [ 76%] [32mBuilding CXX object CMakeFiles/px4_msgs__rosidl_typesupport_cpp.dir/rosidl_typesupport_cpp/px4_msgs/msg/vehicle_attitude_setpoint__type_support.cpp.o[0m
[45.847s] [ 76%] [32mBuilding CXX object CMakeFiles/px4_msgs__rosidl_typesupport_cpp.dir/rosidl_typesupport_cpp/px4_msgs/msg/vehicle_command__type_support.cpp.o[0m
[45.922s] [ 76%] [32mBuilding CXX object CMakeFiles/px4_msgs__rosidl_typesupport_fastrtps_c.dir/rosidl_typesupport_fastrtps_c/px4_msgs/msg/detail/mission_result__type_support_c.cpp.o[0m
[45.963s] [ 76%] [32mBuilding CXX object CMakeFiles/px4_msgs__rosidl_typesupport_cpp.dir/rosidl_typesupport_cpp/px4_msgs/msg/vehicle_command_ack__type_support.cpp.o[0m
[46.039s] [ 76%] [32mBuilding CXX object CMakeFiles/px4_msgs__rosidl_typesupport_introspection_cpp.dir/rosidl_typesupport_introspection_cpp/px4_msgs/msg/detail/vehicle_angular_acceleration_setpoint__type_support.cpp.o[0m
[46.153s] [ 76%] [32mBuilding CXX object CMakeFiles/px4_msgs__rosidl_typesupport_introspection_cpp.dir/rosidl_typesupport_introspection_cpp/px4_msgs/msg/detail/vehicle_angular_velocity__type_support.cpp.o[0m
[46.170s] [ 76%] [32mBuilding CXX object CMakeFiles/px4_msgs__rosidl_typesupport_fastrtps_c.dir/rosidl_typesupport_fastrtps_c/px4_msgs/msg/detail/mode_completed__type_support_c.cpp.o[0m
[46.237s] [ 76%] [32mBuilding CXX object CMakeFiles/px4_msgs__rosidl_typesupport_introspection_cpp.dir/rosidl_typesupport_introspection_cpp/px4_msgs/msg/detail/vehicle_attitude__type_support.cpp.o[0m
[46.320s] [ 76%] [32mBuilding CXX object CMakeFiles/px4_msgs__rosidl_typesupport_introspection_cpp.dir/rosidl_typesupport_introspection_cpp/px4_msgs/msg/detail/vehicle_attitude_setpoint__type_support.cpp.o[0m
[46.341s] [ 76%] [32mBuilding CXX object CMakeFiles/px4_msgs__rosidl_typesupport_fastrtps_cpp.dir/rosidl_typesupport_fastrtps_cpp/px4_msgs/msg/detail/dds_fastrtps/trajectory_setpoint__type_support.cpp.o[0m
[46.392s] [ 76%] [32mBuilding CXX object CMakeFiles/px4_msgs__rosidl_typesupport_fastrtps_cpp.dir/rosidl_typesupport_fastrtps_cpp/px4_msgs/msg/detail/dds_fastrtps/trajectory_waypoint__type_support.cpp.o[0m
[46.455s] [ 76%] [32mBuilding CXX object CMakeFiles/px4_msgs__rosidl_typesupport_fastrtps_cpp.dir/rosidl_typesupport_fastrtps_cpp/px4_msgs/msg/detail/dds_fastrtps/transponder_report__type_support.cpp.o[0m
[46.462s] [ 76%] [32mBuilding CXX object CMakeFiles/px4_msgs__rosidl_typesupport_fastrtps_c.dir/rosidl_typesupport_fastrtps_c/px4_msgs/msg/detail/mount_orientation__type_support_c.cpp.o[0m
[46.534s] [ 76%] [32mBuilding CXX object CMakeFiles/px4_msgs__rosidl_typesupport_cpp.dir/rosidl_typesupport_cpp/px4_msgs/msg/vehicle_constraints__type_support.cpp.o[0m
[46.616s] [ 76%] [32mBuilding CXX object CMakeFiles/px4_msgs__rosidl_typesupport_fastrtps_c.dir/rosidl_typesupport_fastrtps_c/px4_msgs/msg/detail/navigator_mission_item__type_support_c.cpp.o[0m
[46.663s] [ 76%] [32mBuilding CXX object CMakeFiles/px4_msgs__rosidl_typesupport_introspection_cpp.dir/rosidl_typesupport_introspection_cpp/px4_msgs/msg/detail/vehicle_command__type_support.cpp.o[0m
[46.881s] [ 76%] [32mBuilding CXX object CMakeFiles/px4_msgs__rosidl_typesupport_fastrtps_cpp.dir/rosidl_typesupport_fastrtps_cpp/px4_msgs/msg/detail/dds_fastrtps/tune_control__type_support.cpp.o[0m
[46.889s] [ 76%] [32mBuilding CXX object CMakeFiles/px4_msgs__rosidl_typesupport_fastrtps_c.dir/rosidl_typesupport_fastrtps_c/px4_msgs/msg/detail/normalized_unsigned_setpoint__type_support_c.cpp.o[0m
[47.049s] [ 76%] [32mBuilding CXX object CMakeFiles/px4_msgs__rosidl_typesupport_introspection_cpp.dir/rosidl_typesupport_introspection_cpp/px4_msgs/msg/detail/vehicle_command_ack__type_support.cpp.o[0m
[47.160s] [ 76%] [32mBuilding CXX object CMakeFiles/px4_msgs__rosidl_typesupport_cpp.dir/rosidl_typesupport_cpp/px4_msgs/msg/vehicle_control_mode__type_support.cpp.o[0m
[47.162s] [ 76%] [32mBuilding CXX object CMakeFiles/px4_msgs__rosidl_typesupport_introspection_cpp.dir/rosidl_typesupport_introspection_cpp/px4_msgs/msg/detail/vehicle_constraints__type_support.cpp.o[0m
[47.211s] [ 76%] [32mBuilding CXX object CMakeFiles/px4_msgs__rosidl_typesupport_fastrtps_c.dir/rosidl_typesupport_fastrtps_c/px4_msgs/msg/detail/npfg_status__type_support_c.cpp.o[0m
[47.211s] [ 76%] [32mBuilding CXX object CMakeFiles/px4_msgs__rosidl_typesupport_cpp.dir/rosidl_typesupport_cpp/px4_msgs/msg/vehicle_global_position__type_support.cpp.o[0m
[47.222s] [ 76%] [32mBuilding CXX object CMakeFiles/px4_msgs__rosidl_typesupport_fastrtps_cpp.dir/rosidl_typesupport_fastrtps_cpp/px4_msgs/msg/detail/dds_fastrtps/uavcan_parameter_request__type_support.cpp.o[0m
[47.271s] [ 76%] [32mBuilding CXX object CMakeFiles/px4_msgs__rosidl_typesupport_cpp.dir/rosidl_typesupport_cpp/px4_msgs/msg/vehicle_imu__type_support.cpp.o[0m
[47.362s] [ 76%] [32mBuilding CXX object CMakeFiles/px4_msgs__rosidl_typesupport_cpp.dir/rosidl_typesupport_cpp/px4_msgs/msg/vehicle_imu_status__type_support.cpp.o[0m
[47.431s] [ 76%] [32mBuilding CXX object CMakeFiles/px4_msgs__rosidl_typesupport_fastrtps_cpp.dir/rosidl_typesupport_fastrtps_cpp/px4_msgs/msg/detail/dds_fastrtps/uavcan_parameter_value__type_support.cpp.o[0m
[47.573s] [ 76%] [32mBuilding CXX object CMakeFiles/px4_msgs__rosidl_typesupport_fastrtps_cpp.dir/rosidl_typesupport_fastrtps_cpp/px4_msgs/msg/detail/dds_fastrtps/ulog_stream__type_support.cpp.o[0m
[47.663s] [ 76%] [32mBuilding CXX object CMakeFiles/px4_msgs__rosidl_typesupport_fastrtps_cpp.dir/rosidl_typesupport_fastrtps_cpp/px4_msgs/msg/detail/dds_fastrtps/ulog_stream_ack__type_support.cpp.o[0m
[47.753s] [ 76%] [32mBuilding CXX object CMakeFiles/px4_msgs__rosidl_typesupport_fastrtps_c.dir/rosidl_typesupport_fastrtps_c/px4_msgs/msg/detail/obstacle_distance__type_support_c.cpp.o[0m
[47.762s] [ 76%] [32mBuilding CXX object CMakeFiles/px4_msgs__rosidl_typesupport_introspection_cpp.dir/rosidl_typesupport_introspection_cpp/px4_msgs/msg/detail/vehicle_control_mode__type_support.cpp.o[0m
[47.819s] [ 77%] [32mBuilding CXX object CMakeFiles/px4_msgs__rosidl_typesupport_fastrtps_cpp.dir/rosidl_typesupport_fastrtps_cpp/px4_msgs/msg/detail/dds_fastrtps/unregister_ext_component__type_support.cpp.o[0m
[47.855s] [ 77%] [32mBuilding CXX object CMakeFiles/px4_msgs__rosidl_typesupport_cpp.dir/rosidl_typesupport_cpp/px4_msgs/msg/vehicle_land_detected__type_support.cpp.o[0m
[47.934s] [ 77%] [32mBuilding CXX object CMakeFiles/px4_msgs__rosidl_typesupport_fastrtps_cpp.dir/rosidl_typesupport_fastrtps_cpp/px4_msgs/msg/detail/dds_fastrtps/vehicle_acceleration__type_support.cpp.o[0m
[47.943s] [ 77%] [32mBuilding CXX object CMakeFiles/px4_msgs__rosidl_typesupport_introspection_cpp.dir/rosidl_typesupport_introspection_cpp/px4_msgs/msg/detail/vehicle_global_position__type_support.cpp.o[0m
[47.972s] [ 77%] [32mBuilding CXX object CMakeFiles/px4_msgs__rosidl_typesupport_cpp.dir/rosidl_typesupport_cpp/px4_msgs/msg/vehicle_local_position__type_support.cpp.o[0m
[47.994s] [ 77%] [32mBuilding CXX object CMakeFiles/px4_msgs__rosidl_typesupport_cpp.dir/rosidl_typesupport_cpp/px4_msgs/msg/vehicle_local_position_setpoint__type_support.cpp.o[0m
[48.095s] [ 77%] [32mBuilding CXX object CMakeFiles/px4_msgs__rosidl_typesupport_fastrtps_c.dir/rosidl_typesupport_fastrtps_c/px4_msgs/msg/detail/offboard_control_mode__type_support_c.cpp.o[0m
[48.330s] [ 77%] [32mBuilding CXX object CMakeFiles/px4_msgs__rosidl_typesupport_introspection_cpp.dir/rosidl_typesupport_introspection_cpp/px4_msgs/msg/detail/vehicle_imu__type_support.cpp.o[0m
[48.420s] [ 77%] [32mBuilding CXX object CMakeFiles/px4_msgs__rosidl_typesupport_fastrtps_cpp.dir/rosidl_typesupport_fastrtps_cpp/px4_msgs/msg/detail/dds_fastrtps/vehicle_air_data__type_support.cpp.o[0m
[48.456s] [ 77%] [32mBuilding CXX object CMakeFiles/px4_msgs__rosidl_typesupport_fastrtps_c.dir/rosidl_typesupport_fastrtps_c/px4_msgs/msg/detail/onboard_computer_status__type_support_c.cpp.o[0m
[48.471s] [ 77%] [32mBuilding CXX object CMakeFiles/px4_msgs__rosidl_typesupport_introspection_cpp.dir/rosidl_typesupport_introspection_cpp/px4_msgs/msg/detail/vehicle_imu_status__type_support.cpp.o[0m
[48.495s] [ 78%] [32mBuilding CXX object CMakeFiles/px4_msgs__rosidl_typesupport_cpp.dir/rosidl_typesupport_cpp/px4_msgs/msg/vehicle_magnetometer__type_support.cpp.o[0m
[48.542s] [ 78%] [32mBuilding CXX object CMakeFiles/px4_msgs__rosidl_typesupport_fastrtps_cpp.dir/rosidl_typesupport_fastrtps_cpp/px4_msgs/msg/detail/dds_fastrtps/vehicle_angular_acceleration_setpoint__type_support.cpp.o[0m
[48.566s] [ 78%] [32mBuilding CXX object CMakeFiles/px4_msgs__rosidl_typesupport_fastrtps_c.dir/rosidl_typesupport_fastrtps_c/px4_msgs/msg/detail/orb_test__type_support_c.cpp.o[0m
[48.571s] [ 78%] [32mBuilding CXX object CMakeFiles/px4_msgs__rosidl_typesupport_introspection_cpp.dir/rosidl_typesupport_introspection_cpp/px4_msgs/msg/detail/vehicle_land_detected__type_support.cpp.o[0m
[48.662s] [ 78%] [32mBuilding CXX object CMakeFiles/px4_msgs__rosidl_typesupport_fastrtps_c.dir/rosidl_typesupport_fastrtps_c/px4_msgs/msg/detail/orb_test_large__type_support_c.cpp.o[0m
[48.747s] [ 78%] [32mBuilding CXX object CMakeFiles/px4_msgs__rosidl_typesupport_fastrtps_c.dir/rosidl_typesupport_fastrtps_c/px4_msgs/msg/detail/orb_test_medium__type_support_c.cpp.o[0m
[48.768s] [ 78%] [32mBuilding CXX object CMakeFiles/px4_msgs__rosidl_typesupport_introspection_cpp.dir/rosidl_typesupport_introspection_cpp/px4_msgs/msg/detail/vehicle_local_position__type_support.cpp.o[0m
[48.811s] [ 78%] [32mBuilding CXX object CMakeFiles/px4_msgs__rosidl_typesupport_cpp.dir/rosidl_typesupport_cpp/px4_msgs/msg/vehicle_odometry__type_support.cpp.o[0m
[49.066s] [ 78%] [32mBuilding CXX object CMakeFiles/px4_msgs__rosidl_typesupport_fastrtps_cpp.dir/rosidl_typesupport_fastrtps_cpp/px4_msgs/msg/detail/dds_fastrtps/vehicle_angular_velocity__type_support.cpp.o[0m
[49.162s] [ 78%] [32mBuilding CXX object CMakeFiles/px4_msgs__rosidl_typesupport_fastrtps_cpp.dir/rosidl_typesupport_fastrtps_cpp/px4_msgs/msg/detail/dds_fastrtps/vehicle_attitude__type_support.cpp.o[0m
[49.201s] [ 78%] [32mBuilding CXX object CMakeFiles/px4_msgs__rosidl_typesupport_fastrtps_c.dir/rosidl_typesupport_fastrtps_c/px4_msgs/msg/detail/orbit_status__type_support_c.cpp.o[0m
[49.253s] [ 78%] [32mBuilding CXX object CMakeFiles/px4_msgs__rosidl_typesupport_fastrtps_cpp.dir/rosidl_typesupport_fastrtps_cpp/px4_msgs/msg/detail/dds_fastrtps/vehicle_attitude_setpoint__type_support.cpp.o[0m
[49.273s] [ 78%] [32mBuilding CXX object CMakeFiles/px4_msgs__rosidl_typesupport_cpp.dir/rosidl_typesupport_cpp/px4_msgs/msg/vehicle_optical_flow__type_support.cpp.o[0m
[49.320s] [ 78%] [32mBuilding CXX object CMakeFiles/px4_msgs__rosidl_typesupport_fastrtps_c.dir/rosidl_typesupport_fastrtps_c/px4_msgs/msg/detail/parameter_reset_request__type_support_c.cpp.o[0m
[49.376s] [ 78%] [32mBuilding CXX object CMakeFiles/px4_msgs__rosidl_typesupport_fastrtps_c.dir/rosidl_typesupport_fastrtps_c/px4_msgs/msg/detail/parameter_set_used_request__type_support_c.cpp.o[0m
[49.378s] [ 78%] [32mBuilding CXX object CMakeFiles/px4_msgs__rosidl_typesupport_cpp.dir/rosidl_typesupport_cpp/px4_msgs/msg/vehicle_optical_flow_vel__type_support.cpp.o[0m
[49.380s] [ 78%] [32mBuilding CXX object CMakeFiles/px4_msgs__rosidl_typesupport_cpp.dir/rosidl_typesupport_cpp/px4_msgs/msg/vehicle_rates_setpoint__type_support.cpp.o[0m
[49.381s] [ 78%] [32mBuilding CXX object CMakeFiles/px4_msgs__rosidl_typesupport_fastrtps_cpp.dir/rosidl_typesupport_fastrtps_cpp/px4_msgs/msg/detail/dds_fastrtps/vehicle_command__type_support.cpp.o[0m
[49.473s] [ 78%] [32mBuilding CXX object CMakeFiles/px4_msgs__rosidl_typesupport_cpp.dir/rosidl_typesupport_cpp/px4_msgs/msg/vehicle_roi__type_support.cpp.o[0m
[49.591s] [ 78%] [32mBuilding CXX object CMakeFiles/px4_msgs__rosidl_typesupport_introspection_cpp.dir/rosidl_typesupport_introspection_cpp/px4_msgs/msg/detail/vehicle_local_position_setpoint__type_support.cpp.o[0m
[49.828s] [ 79%] [32mBuilding CXX object CMakeFiles/px4_msgs__rosidl_typesupport_introspection_cpp.dir/rosidl_typesupport_introspection_cpp/px4_msgs/msg/detail/vehicle_magnetometer__type_support.cpp.o[0m
[49.897s] [ 79%] [32mBuilding CXX object CMakeFiles/px4_msgs__rosidl_typesupport_introspection_cpp.dir/rosidl_typesupport_introspection_cpp/px4_msgs/msg/detail/vehicle_odometry__type_support.cpp.o[0m
[49.906s] [ 79%] [32mBuilding CXX object CMakeFiles/px4_msgs__rosidl_typesupport_fastrtps_cpp.dir/rosidl_typesupport_fastrtps_cpp/px4_msgs/msg/detail/dds_fastrtps/vehicle_command_ack__type_support.cpp.o[0m
[49.950s] [ 79%] [32mBuilding CXX object CMakeFiles/px4_msgs__rosidl_typesupport_fastrtps_c.dir/rosidl_typesupport_fastrtps_c/px4_msgs/msg/detail/parameter_set_value_request__type_support_c.cpp.o[0m
[49.950s] [ 79%] [32mBuilding CXX object CMakeFiles/px4_msgs__rosidl_typesupport_introspection_cpp.dir/rosidl_typesupport_introspection_cpp/px4_msgs/msg/detail/vehicle_optical_flow__type_support.cpp.o[0m
[49.998s] [ 79%] [32mBuilding CXX object CMakeFiles/px4_msgs__rosidl_typesupport_fastrtps_cpp.dir/rosidl_typesupport_fastrtps_cpp/px4_msgs/msg/detail/dds_fastrtps/vehicle_constraints__type_support.cpp.o[0m
[50.023s] [ 79%] [32mBuilding CXX object CMakeFiles/px4_msgs__rosidl_typesupport_cpp.dir/rosidl_typesupport_cpp/px4_msgs/msg/vehicle_status__type_support.cpp.o[0m
[50.045s] [ 79%] [32mBuilding CXX object CMakeFiles/px4_msgs__rosidl_typesupport_cpp.dir/rosidl_typesupport_cpp/px4_msgs/msg/vehicle_thrust_setpoint__type_support.cpp.o[0m
[50.084s] [ 79%] [32mBuilding CXX object CMakeFiles/px4_msgs__rosidl_typesupport_introspection_cpp.dir/rosidl_typesupport_introspection_cpp/px4_msgs/msg/detail/vehicle_optical_flow_vel__type_support.cpp.o[0m
[50.097s] [ 79%] [32mBuilding CXX object CMakeFiles/px4_msgs__rosidl_typesupport_fastrtps_cpp.dir/rosidl_typesupport_fastrtps_cpp/px4_msgs/msg/detail/dds_fastrtps/vehicle_control_mode__type_support.cpp.o[0m
[50.260s] [ 79%] [32mBuilding CXX object CMakeFiles/px4_msgs__rosidl_typesupport_cpp.dir/rosidl_typesupport_cpp/px4_msgs/msg/vehicle_torque_setpoint__type_support.cpp.o[0m
[50.407s] [ 79%] [32mBuilding CXX object CMakeFiles/px4_msgs__rosidl_typesupport_fastrtps_cpp.dir/rosidl_typesupport_fastrtps_cpp/px4_msgs/msg/detail/dds_fastrtps/vehicle_global_position__type_support.cpp.o[0m
[50.594s] [ 80%] [32mBuilding CXX object CMakeFiles/px4_msgs__rosidl_typesupport_fastrtps_c.dir/rosidl_typesupport_fastrtps_c/px4_msgs/msg/detail/parameter_set_value_response__type_support_c.cpp.o[0m
[50.633s] [ 80%] [32mBuilding CXX object CMakeFiles/px4_msgs__rosidl_typesupport_cpp.dir/rosidl_typesupport_cpp/px4_msgs/msg/vehicle_trajectory_bezier__type_support.cpp.o[0m
[50.638s] [ 80%] [32mBuilding CXX object CMakeFiles/px4_msgs__rosidl_typesupport_cpp.dir/rosidl_typesupport_cpp/px4_msgs/msg/vehicle_trajectory_waypoint__type_support.cpp.o[0m
[50.659s] [ 80%] [32mBuilding CXX object CMakeFiles/px4_msgs__rosidl_typesupport_fastrtps_c.dir/rosidl_typesupport_fastrtps_c/px4_msgs/msg/detail/parameter_update__type_support_c.cpp.o[0m
[50.750s] [ 80%] [32mBuilding CXX object CMakeFiles/px4_msgs__rosidl_typesupport_fastrtps_cpp.dir/rosidl_typesupport_fastrtps_cpp/px4_msgs/msg/detail/dds_fastrtps/vehicle_imu__type_support.cpp.o[0m
[50.760s] [ 80%] [32mBuilding CXX object CMakeFiles/px4_msgs__rosidl_typesupport_cpp.dir/rosidl_typesupport_cpp/px4_msgs/msg/velocity_limits__type_support.cpp.o[0m
[50.785s] [ 80%] [32mBuilding CXX object CMakeFiles/px4_msgs__rosidl_typesupport_fastrtps_cpp.dir/rosidl_typesupport_fastrtps_cpp/px4_msgs/msg/detail/dds_fastrtps/vehicle_imu_status__type_support.cpp.o[0m
[50.828s] [ 80%] [32mBuilding CXX object CMakeFiles/px4_msgs__rosidl_typesupport_fastrtps_c.dir/rosidl_typesupport_fastrtps_c/px4_msgs/msg/detail/ping__type_support_c.cpp.o[0m
[50.828s] [ 80%] [32mBuilding CXX object CMakeFiles/px4_msgs__rosidl_typesupport_introspection_cpp.dir/rosidl_typesupport_introspection_cpp/px4_msgs/msg/detail/vehicle_rates_setpoint__type_support.cpp.o[0m
[50.936s] [ 80%] [32mBuilding CXX object CMakeFiles/px4_msgs__rosidl_typesupport_cpp.dir/rosidl_typesupport_cpp/px4_msgs/msg/vtol_vehicle_status__type_support.cpp.o[0m
[50.937s] [ 80%] [32mBuilding CXX object CMakeFiles/px4_msgs__rosidl_typesupport_fastrtps_c.dir/rosidl_typesupport_fastrtps_c/px4_msgs/msg/detail/position_controller_landing_status__type_support_c.cpp.o[0m
[51.195s] [ 80%] [32mBuilding CXX object CMakeFiles/px4_msgs__rosidl_typesupport_introspection_cpp.dir/rosidl_typesupport_introspection_cpp/px4_msgs/msg/detail/vehicle_roi__type_support.cpp.o[0m
[51.201s] [ 80%] [32mBuilding CXX object CMakeFiles/px4_msgs__rosidl_typesupport_introspection_cpp.dir/rosidl_typesupport_introspection_cpp/px4_msgs/msg/detail/vehicle_status__type_support.cpp.o[0m
[51.275s] [ 80%] [32mBuilding CXX object CMakeFiles/px4_msgs__rosidl_typesupport_cpp.dir/rosidl_typesupport_cpp/px4_msgs/msg/wheel_encoders__type_support.cpp.o[0m
[51.286s] [ 80%] [32mBuilding CXX object CMakeFiles/px4_msgs__rosidl_typesupport_introspection_cpp.dir/rosidl_typesupport_introspection_cpp/px4_msgs/msg/detail/vehicle_thrust_setpoint__type_support.cpp.o[0m
[51.316s] [ 80%] [32mBuilding CXX object CMakeFiles/px4_msgs__rosidl_typesupport_fastrtps_cpp.dir/rosidl_typesupport_fastrtps_cpp/px4_msgs/msg/detail/dds_fastrtps/vehicle_land_detected__type_support.cpp.o[0m
[51.381s] [ 80%] [32mBuilding CXX object CMakeFiles/px4_msgs__rosidl_typesupport_introspection_cpp.dir/rosidl_typesupport_introspection_cpp/px4_msgs/msg/detail/vehicle_torque_setpoint__type_support.cpp.o[0m
[51.492s] [ 80%] [32mBuilding CXX object CMakeFiles/px4_msgs__rosidl_typesupport_fastrtps_c.dir/rosidl_typesupport_fastrtps_c/px4_msgs/msg/detail/position_controller_status__type_support_c.cpp.o[0m
[51.543s] [ 80%] [32mBuilding CXX object CMakeFiles/px4_msgs__rosidl_typesupport_fastrtps_cpp.dir/rosidl_typesupport_fastrtps_cpp/px4_msgs/msg/detail/dds_fastrtps/vehicle_local_position__type_support.cpp.o[0m
[51.606s] [ 80%] [32mBuilding CXX object CMakeFiles/px4_msgs__rosidl_typesupport_introspection_cpp.dir/rosidl_typesupport_introspection_cpp/px4_msgs/msg/detail/vehicle_trajectory_bezier__type_support.cpp.o[0m
[51.645s] [ 80%] [32mBuilding CXX object CMakeFiles/px4_msgs__rosidl_typesupport_fastrtps_c.dir/rosidl_typesupport_fastrtps_c/px4_msgs/msg/detail/position_setpoint__type_support_c.cpp.o[0m
[51.645s] [ 80%] [32mBuilding CXX object CMakeFiles/px4_msgs__rosidl_typesupport_cpp.dir/rosidl_typesupport_cpp/px4_msgs/msg/wind__type_support.cpp.o[0m
[51.673s] [ 80%] [32mBuilding CXX object CMakeFiles/px4_msgs__rosidl_typesupport_fastrtps_c.dir/rosidl_typesupport_fastrtps_c/px4_msgs/msg/detail/position_setpoint_triplet__type_support_c.cpp.o[0m
[51.858s] [ 80%] [32mBuilding CXX object CMakeFiles/px4_msgs__rosidl_typesupport_fastrtps_c.dir/rosidl_typesupport_fastrtps_c/px4_msgs/msg/detail/power_button_state__type_support_c.cpp.o[0m
[51.993s] [ 80%] [32mBuilding CXX object CMakeFiles/px4_msgs__rosidl_typesupport_fastrtps_cpp.dir/rosidl_typesupport_fastrtps_cpp/px4_msgs/msg/detail/dds_fastrtps/vehicle_local_position_setpoint__type_support.cpp.o[0m
[52.014s] [ 80%] [32mBuilding CXX object CMakeFiles/px4_msgs__rosidl_typesupport_cpp.dir/rosidl_typesupport_cpp/px4_msgs/msg/yaw_estimator_status__type_support.cpp.o[0m
[52.099s] [ 80%] [32mBuilding CXX object CMakeFiles/px4_msgs__rosidl_typesupport_fastrtps_c.dir/rosidl_typesupport_fastrtps_c/px4_msgs/msg/detail/power_monitor__type_support_c.cpp.o[0m
[52.156s] [ 80%] [32mBuilding CXX object CMakeFiles/px4_msgs__rosidl_typesupport_introspection_cpp.dir/rosidl_typesupport_introspection_cpp/px4_msgs/msg/detail/vehicle_trajectory_waypoint__type_support.cpp.o[0m
[52.194s] [ 80%] [32mBuilding CXX object CMakeFiles/px4_msgs__rosidl_typesupport_fastrtps_c.dir/rosidl_typesupport_fastrtps_c/px4_msgs/msg/detail/pps_capture__type_support_c.cpp.o[0m
[52.216s] [ 80%] [32mBuilding CXX object CMakeFiles/px4_msgs__rosidl_typesupport_fastrtps_c.dir/rosidl_typesupport_fastrtps_c/px4_msgs/msg/detail/pwm_input__type_support_c.cpp.o[0m
[52.220s] [ 81%] [32mBuilding CXX object CMakeFiles/px4_msgs__rosidl_typesupport_fastrtps_cpp.dir/rosidl_typesupport_fastrtps_cpp/px4_msgs/msg/detail/dds_fastrtps/vehicle_magnetometer__type_support.cpp.o[0m
[52.387s] [ 81%] [32mBuilding CXX object CMakeFiles/px4_msgs__rosidl_typesupport_fastrtps_cpp.dir/rosidl_typesupport_fastrtps_cpp/px4_msgs/msg/detail/dds_fastrtps/vehicle_odometry__type_support.cpp.o[0m
[52.398s] [ 81%] [32mBuilding CXX object CMakeFiles/px4_msgs__rosidl_typesupport_fastrtps_cpp.dir/rosidl_typesupport_fastrtps_cpp/px4_msgs/msg/detail/dds_fastrtps/vehicle_optical_flow__type_support.cpp.o[0m
[52.427s] [ 81%] [32mBuilding CXX object CMakeFiles/px4_msgs__rosidl_typesupport_fastrtps_c.dir/rosidl_typesupport_fastrtps_c/px4_msgs/msg/detail/px4io_status__type_support_c.cpp.o[0m
[52.452s] [ 81%] [32mBuilding CXX object CMakeFiles/px4_msgs__rosidl_typesupport_cpp.dir/rosidl_typesupport_cpp/px4_msgs/srv/vehicle_command__type_support.cpp.o[0m
[52.551s] [ 81%] [32mBuilding CXX object CMakeFiles/px4_msgs__rosidl_typesupport_fastrtps_c.dir/rosidl_typesupport_fastrtps_c/px4_msgs/msg/detail/qshell_req__type_support_c.cpp.o[0m
[52.569s] [ 81%] [32mBuilding CXX object CMakeFiles/px4_msgs__rosidl_typesupport_introspection_cpp.dir/rosidl_typesupport_introspection_cpp/px4_msgs/msg/detail/velocity_limits__type_support.cpp.o[0m
[52.808s] [ 81%] [32mBuilding CXX object CMakeFiles/px4_msgs__rosidl_typesupport_introspection_cpp.dir/rosidl_typesupport_introspection_cpp/px4_msgs/msg/detail/vtol_vehicle_status__type_support.cpp.o[0m
[52.830s] [ 81%] [32mBuilding CXX object CMakeFiles/px4_msgs__rosidl_typesupport_introspection_cpp.dir/rosidl_typesupport_introspection_cpp/px4_msgs/msg/detail/wheel_encoders__type_support.cpp.o[0m
[52.901s] [ 81%] [32mBuilding CXX object CMakeFiles/px4_msgs__rosidl_typesupport_introspection_cpp.dir/rosidl_typesupport_introspection_cpp/px4_msgs/msg/detail/wind__type_support.cpp.o[0m
[52.932s] [ 81%] [32mBuilding CXX object CMakeFiles/px4_msgs__rosidl_typesupport_fastrtps_cpp.dir/rosidl_typesupport_fastrtps_cpp/px4_msgs/msg/detail/dds_fastrtps/vehicle_optical_flow_vel__type_support.cpp.o[0m
[52.997s] [ 81%] [32mBuilding CXX object CMakeFiles/px4_msgs__rosidl_typesupport_fastrtps_c.dir/rosidl_typesupport_fastrtps_c/px4_msgs/msg/detail/qshell_retval__type_support_c.cpp.o[0m
[53.031s] [ 81%] [32m[1mLinking CXX shared library libpx4_msgs__rosidl_typesupport_cpp.so[0m
[53.076s] [ 81%] [32mBuilding CXX object CMakeFiles/px4_msgs__rosidl_typesupport_introspection_cpp.dir/rosidl_typesupport_introspection_cpp/px4_msgs/msg/detail/yaw_estimator_status__type_support.cpp.o[0m
[53.189s] [ 81%] [32mBuilding CXX object CMakeFiles/px4_msgs__rosidl_typesupport_fastrtps_cpp.dir/rosidl_typesupport_fastrtps_cpp/px4_msgs/msg/detail/dds_fastrtps/vehicle_rates_setpoint__type_support.cpp.o[0m
[53.233s] [ 81%] Built target px4_msgs__rosidl_typesupport_cpp
[53.249s] [ 81%] [32mBuilding CXX object CMakeFiles/px4_msgs__rosidl_typesupport_fastrtps_c.dir/rosidl_typesupport_fastrtps_c/px4_msgs/msg/detail/radio_status__type_support_c.cpp.o[0m
[53.253s] [ 81%] [32mBuilding CXX object CMakeFiles/px4_msgs__rosidl_typesupport_fastrtps_c.dir/rosidl_typesupport_fastrtps_c/px4_msgs/msg/detail/rate_ctrl_status__type_support_c.cpp.o[0m
[53.257s] [ 81%] [32mBuilding CXX object CMakeFiles/px4_msgs__rosidl_typesupport_introspection_cpp.dir/rosidl_typesupport_introspection_cpp/px4_msgs/srv/detail/vehicle_command__type_support.cpp.o[0m
[53.269s] [ 81%] [32mBuilding CXX object CMakeFiles/px4_msgs__rosidl_typesupport_fastrtps_cpp.dir/rosidl_typesupport_fastrtps_cpp/px4_msgs/msg/detail/dds_fastrtps/vehicle_roi__type_support.cpp.o[0m
[53.364s] [ 81%] [32mBuilding CXX object CMakeFiles/px4_msgs__rosidl_typesupport_fastrtps_c.dir/rosidl_typesupport_fastrtps_c/px4_msgs/msg/detail/rc_channels__type_support_c.cpp.o[0m
[53.598s] [ 81%] [32mBuilding CXX object CMakeFiles/px4_msgs__rosidl_typesupport_fastrtps_cpp.dir/rosidl_typesupport_fastrtps_cpp/px4_msgs/msg/detail/dds_fastrtps/vehicle_status__type_support.cpp.o[0m
[53.640s] [ 82%] [32mBuilding CXX object CMakeFiles/px4_msgs__rosidl_typesupport_fastrtps_c.dir/rosidl_typesupport_fastrtps_c/px4_msgs/msg/detail/rc_parameter_map__type_support_c.cpp.o[0m
[53.694s] [ 82%] [32mBuilding CXX object CMakeFiles/px4_msgs__rosidl_typesupport_fastrtps_c.dir/rosidl_typesupport_fastrtps_c/px4_msgs/msg/detail/register_ext_component_reply__type_support_c.cpp.o[0m
[53.706s] [ 82%] [32mBuilding CXX object CMakeFiles/px4_msgs__rosidl_typesupport_fastrtps_c.dir/rosidl_typesupport_fastrtps_c/px4_msgs/msg/detail/register_ext_component_request__type_support_c.cpp.o[0m
[53.791s] [ 82%] [32mBuilding CXX object CMakeFiles/px4_msgs__rosidl_typesupport_fastrtps_c.dir/rosidl_typesupport_fastrtps_c/px4_msgs/msg/detail/rover_ackermann_guidance_status__type_support_c.cpp.o[0m
[53.912s] [ 82%] [32mBuilding CXX object CMakeFiles/px4_msgs__rosidl_typesupport_fastrtps_c.dir/rosidl_typesupport_fastrtps_c/px4_msgs/msg/detail/rpm__type_support_c.cpp.o[0m
[53.965s] [ 82%] [32mBuilding CXX object CMakeFiles/px4_msgs__rosidl_typesupport_fastrtps_c.dir/rosidl_typesupport_fastrtps_c/px4_msgs/msg/detail/rtl_status__type_support_c.cpp.o[0m
[53.971s] [ 82%] [32mBuilding CXX object CMakeFiles/px4_msgs__rosidl_typesupport_fastrtps_cpp.dir/rosidl_typesupport_fastrtps_cpp/px4_msgs/msg/detail/dds_fastrtps/vehicle_thrust_setpoint__type_support.cpp.o[0m
[54.028s] [ 82%] [32mBuilding CXX object CMakeFiles/px4_msgs__rosidl_typesupport_fastrtps_c.dir/rosidl_typesupport_fastrtps_c/px4_msgs/msg/detail/rtl_time_estimate__type_support_c.cpp.o[0m
[54.087s] [ 82%] [32mBuilding CXX object CMakeFiles/px4_msgs__rosidl_typesupport_fastrtps_cpp.dir/rosidl_typesupport_fastrtps_cpp/px4_msgs/msg/detail/dds_fastrtps/vehicle_torque_setpoint__type_support.cpp.o[0m
[54.091s] [ 83%] [32m[1mLinking CXX shared library libpx4_msgs__rosidl_typesupport_introspection_cpp.so[0m
[54.114s] [ 83%] [32mBuilding CXX object CMakeFiles/px4_msgs__rosidl_typesupport_fastrtps_cpp.dir/rosidl_typesupport_fastrtps_cpp/px4_msgs/msg/detail/dds_fastrtps/vehicle_trajectory_bezier__type_support.cpp.o[0m
[54.351s] [ 83%] [32mBuilding CXX object CMakeFiles/px4_msgs__rosidl_typesupport_fastrtps_cpp.dir/rosidl_typesupport_fastrtps_cpp/px4_msgs/msg/detail/dds_fastrtps/vehicle_trajectory_waypoint__type_support.cpp.o[0m
[54.414s] [ 83%] [32mBuilding CXX object CMakeFiles/px4_msgs__rosidl_typesupport_fastrtps_cpp.dir/rosidl_typesupport_fastrtps_cpp/px4_msgs/msg/detail/dds_fastrtps/velocity_limits__type_support.cpp.o[0m
[54.427s] [ 83%] [32mBuilding CXX object CMakeFiles/px4_msgs__rosidl_typesupport_fastrtps_cpp.dir/rosidl_typesupport_fastrtps_cpp/px4_msgs/msg/detail/dds_fastrtps/vtol_vehicle_status__type_support.cpp.o[0m
[54.472s] [ 83%] [32mBuilding CXX object CMakeFiles/px4_msgs__rosidl_typesupport_fastrtps_c.dir/rosidl_typesupport_fastrtps_c/px4_msgs/msg/detail/satellite_info__type_support_c.cpp.o[0m
[54.485s] [ 83%] Built target px4_msgs__rosidl_typesupport_introspection_cpp
[54.515s] [ 83%] [32mBuilding CXX object CMakeFiles/px4_msgs__rosidl_typesupport_fastrtps_cpp.dir/rosidl_typesupport_fastrtps_cpp/px4_msgs/msg/detail/dds_fastrtps/wheel_encoders__type_support.cpp.o[0m
[54.515s] [ 83%] [32mBuilding CXX object CMakeFiles/px4_msgs__rosidl_typesupport_fastrtps_c.dir/rosidl_typesupport_fastrtps_c/px4_msgs/msg/detail/sensor_accel__type_support_c.cpp.o[0m
[54.636s] [ 83%] [32mBuilding CXX object CMakeFiles/px4_msgs__rosidl_typesupport_fastrtps_cpp.dir/rosidl_typesupport_fastrtps_cpp/px4_msgs/msg/detail/dds_fastrtps/wind__type_support.cpp.o[0m
[54.689s] [ 83%] [32mBuilding CXX object CMakeFiles/px4_msgs__rosidl_typesupport_fastrtps_cpp.dir/rosidl_typesupport_fastrtps_cpp/px4_msgs/msg/detail/dds_fastrtps/yaw_estimator_status__type_support.cpp.o[0m
[54.741s] [ 83%] [32mBuilding CXX object CMakeFiles/px4_msgs__rosidl_typesupport_fastrtps_cpp.dir/rosidl_typesupport_fastrtps_cpp/px4_msgs/srv/detail/dds_fastrtps/vehicle_command__type_support.cpp.o[0m
[54.794s] [ 83%] [32mBuilding CXX object CMakeFiles/px4_msgs__rosidl_typesupport_fastrtps_c.dir/rosidl_typesupport_fastrtps_c/px4_msgs/msg/detail/sensor_accel_fifo__type_support_c.cpp.o[0m
[54.925s] [ 83%] [32mBuilding CXX object CMakeFiles/px4_msgs__rosidl_typesupport_fastrtps_c.dir/rosidl_typesupport_fastrtps_c/px4_msgs/msg/detail/sensor_airflow__type_support_c.cpp.o[0m
[54.949s] [ 83%] [32mBuilding CXX object CMakeFiles/px4_msgs__rosidl_typesupport_fastrtps_c.dir/rosidl_typesupport_fastrtps_c/px4_msgs/msg/detail/sensor_baro__type_support_c.cpp.o[0m
[55.178s] [ 83%] [32mBuilding CXX object CMakeFiles/px4_msgs__rosidl_typesupport_fastrtps_c.dir/rosidl_typesupport_fastrtps_c/px4_msgs/msg/detail/sensor_combined__type_support_c.cpp.o[0m
[55.178s] [ 83%] [32mBuilding CXX object CMakeFiles/px4_msgs__rosidl_typesupport_fastrtps_c.dir/rosidl_typesupport_fastrtps_c/px4_msgs/msg/detail/sensor_correction__type_support_c.cpp.o[0m
[55.239s] [ 83%] [32mBuilding CXX object CMakeFiles/px4_msgs__rosidl_typesupport_fastrtps_c.dir/rosidl_typesupport_fastrtps_c/px4_msgs/msg/detail/sensor_gnss_relative__type_support_c.cpp.o[0m
[55.247s] [ 83%] [32mBuilding CXX object CMakeFiles/px4_msgs__rosidl_typesupport_fastrtps_c.dir/rosidl_typesupport_fastrtps_c/px4_msgs/msg/detail/sensor_gps__type_support_c.cpp.o[0m
[55.260s] [ 83%] [32mBuilding CXX object CMakeFiles/px4_msgs__rosidl_typesupport_fastrtps_c.dir/rosidl_typesupport_fastrtps_c/px4_msgs/msg/detail/sensor_gyro__type_support_c.cpp.o[0m
[55.350s] [ 83%] [32mBuilding CXX object CMakeFiles/px4_msgs__rosidl_typesupport_fastrtps_c.dir/rosidl_typesupport_fastrtps_c/px4_msgs/msg/detail/sensor_gyro_fft__type_support_c.cpp.o[0m
[55.503s] [ 84%] [32mBuilding CXX object CMakeFiles/px4_msgs__rosidl_typesupport_fastrtps_c.dir/rosidl_typesupport_fastrtps_c/px4_msgs/msg/detail/sensor_gyro_fifo__type_support_c.cpp.o[0m
[55.518s] [ 84%] [32mBuilding CXX object CMakeFiles/px4_msgs__rosidl_typesupport_fastrtps_c.dir/rosidl_typesupport_fastrtps_c/px4_msgs/msg/detail/sensor_hygrometer__type_support_c.cpp.o[0m
[55.535s] [ 84%] [32mBuilding CXX object CMakeFiles/px4_msgs__rosidl_typesupport_fastrtps_c.dir/rosidl_typesupport_fastrtps_c/px4_msgs/msg/detail/sensor_mag__type_support_c.cpp.o[0m
[55.609s] [ 84%] [32m[1mLinking CXX shared library libpx4_msgs__rosidl_typesupport_fastrtps_cpp.so[0m
[55.640s] [ 84%] [32mBuilding CXX object CMakeFiles/px4_msgs__rosidl_typesupport_fastrtps_c.dir/rosidl_typesupport_fastrtps_c/px4_msgs/msg/detail/sensor_optical_flow__type_support_c.cpp.o[0m
[55.672s] [ 84%] [32mBuilding CXX object CMakeFiles/px4_msgs__rosidl_typesupport_fastrtps_c.dir/rosidl_typesupport_fastrtps_c/px4_msgs/msg/detail/sensor_preflight_mag__type_support_c.cpp.o[0m
[55.892s] [ 84%] [32mBuilding CXX object CMakeFiles/px4_msgs__rosidl_typesupport_fastrtps_c.dir/rosidl_typesupport_fastrtps_c/px4_msgs/msg/detail/sensor_selection__type_support_c.cpp.o[0m
[55.910s] [ 84%] [32mBuilding CXX object CMakeFiles/px4_msgs__rosidl_typesupport_fastrtps_c.dir/rosidl_typesupport_fastrtps_c/px4_msgs/msg/detail/sensor_uwb__type_support_c.cpp.o[0m
[55.973s] [ 84%] [32mBuilding CXX object CMakeFiles/px4_msgs__rosidl_typesupport_fastrtps_c.dir/rosidl_typesupport_fastrtps_c/px4_msgs/msg/detail/sensors_status__type_support_c.cpp.o[0m
[55.974s] [ 84%] [32mBuilding CXX object CMakeFiles/px4_msgs__rosidl_typesupport_fastrtps_c.dir/rosidl_typesupport_fastrtps_c/px4_msgs/msg/detail/sensors_status_imu__type_support_c.cpp.o[0m
[56.012s] [ 84%] [32mBuilding CXX object CMakeFiles/px4_msgs__rosidl_typesupport_fastrtps_c.dir/rosidl_typesupport_fastrtps_c/px4_msgs/msg/detail/system_power__type_support_c.cpp.o[0m
[56.060s] [ 84%] Built target px4_msgs__rosidl_typesupport_fastrtps_cpp
[56.066s] [ 84%] [32mBuilding CXX object CMakeFiles/px4_msgs__rosidl_typesupport_fastrtps_c.dir/rosidl_typesupport_fastrtps_c/px4_msgs/msg/detail/takeoff_status__type_support_c.cpp.o[0m
[56.070s] [ 84%] [32mBuilding CXX object CMakeFiles/px4_msgs__rosidl_typesupport_fastrtps_c.dir/rosidl_typesupport_fastrtps_c/px4_msgs/msg/detail/task_stack_info__type_support_c.cpp.o[0m
[56.221s] [ 84%] [32mBuilding CXX object CMakeFiles/px4_msgs__rosidl_typesupport_fastrtps_c.dir/rosidl_typesupport_fastrtps_c/px4_msgs/msg/detail/tecs_status__type_support_c.cpp.o[0m
[56.243s] [ 84%] [32mBuilding CXX object CMakeFiles/px4_msgs__rosidl_typesupport_fastrtps_c.dir/rosidl_typesupport_fastrtps_c/px4_msgs/msg/detail/telemetry_status__type_support_c.cpp.o[0m
[56.250s] [ 84%] [32mBuilding CXX object CMakeFiles/px4_msgs__rosidl_typesupport_fastrtps_c.dir/rosidl_typesupport_fastrtps_c/px4_msgs/msg/detail/tiltrotor_extra_controls__type_support_c.cpp.o[0m
[56.365s] [ 84%] [32mBuilding CXX object CMakeFiles/px4_msgs__rosidl_typesupport_fastrtps_c.dir/rosidl_typesupport_fastrtps_c/px4_msgs/msg/detail/timesync_status__type_support_c.cpp.o[0m
[56.386s] [ 84%] [32mBuilding CXX object CMakeFiles/px4_msgs__rosidl_typesupport_fastrtps_c.dir/rosidl_typesupport_fastrtps_c/px4_msgs/msg/detail/trajectory_bezier__type_support_c.cpp.o[0m
[56.597s] [ 85%] [32mBuilding CXX object CMakeFiles/px4_msgs__rosidl_typesupport_fastrtps_c.dir/rosidl_typesupport_fastrtps_c/px4_msgs/msg/detail/trajectory_setpoint__type_support_c.cpp.o[0m
[56.644s] [ 85%] [32mBuilding CXX object CMakeFiles/px4_msgs__rosidl_typesupport_fastrtps_c.dir/rosidl_typesupport_fastrtps_c/px4_msgs/msg/detail/trajectory_waypoint__type_support_c.cpp.o[0m
[56.691s] [ 85%] [32mBuilding CXX object CMakeFiles/px4_msgs__rosidl_typesupport_fastrtps_c.dir/rosidl_typesupport_fastrtps_c/px4_msgs/msg/detail/transponder_report__type_support_c.cpp.o[0m
[56.694s] [ 85%] [32mBuilding CXX object CMakeFiles/px4_msgs__rosidl_typesupport_fastrtps_c.dir/rosidl_typesupport_fastrtps_c/px4_msgs/msg/detail/tune_control__type_support_c.cpp.o[0m
[56.724s] [ 85%] [32mBuilding CXX object CMakeFiles/px4_msgs__rosidl_typesupport_fastrtps_c.dir/rosidl_typesupport_fastrtps_c/px4_msgs/msg/detail/uavcan_parameter_request__type_support_c.cpp.o[0m
[56.766s] [ 85%] [32mBuilding CXX object CMakeFiles/px4_msgs__rosidl_typesupport_fastrtps_c.dir/rosidl_typesupport_fastrtps_c/px4_msgs/msg/detail/uavcan_parameter_value__type_support_c.cpp.o[0m
[56.783s] [ 85%] [32mBuilding CXX object CMakeFiles/px4_msgs__rosidl_typesupport_fastrtps_c.dir/rosidl_typesupport_fastrtps_c/px4_msgs/msg/detail/ulog_stream__type_support_c.cpp.o[0m
[56.946s] [ 85%] [32mBuilding CXX object CMakeFiles/px4_msgs__rosidl_typesupport_fastrtps_c.dir/rosidl_typesupport_fastrtps_c/px4_msgs/msg/detail/ulog_stream_ack__type_support_c.cpp.o[0m
[56.964s] [ 85%] [32mBuilding CXX object CMakeFiles/px4_msgs__rosidl_typesupport_fastrtps_c.dir/rosidl_typesupport_fastrtps_c/px4_msgs/msg/detail/unregister_ext_component__type_support_c.cpp.o[0m
[56.998s] [ 85%] [32mBuilding CXX object CMakeFiles/px4_msgs__rosidl_typesupport_fastrtps_c.dir/rosidl_typesupport_fastrtps_c/px4_msgs/msg/detail/vehicle_acceleration__type_support_c.cpp.o[0m
[57.073s] [ 85%] [32mBuilding CXX object CMakeFiles/px4_msgs__rosidl_typesupport_fastrtps_c.dir/rosidl_typesupport_fastrtps_c/px4_msgs/msg/detail/vehicle_air_data__type_support_c.cpp.o[0m
[57.103s] [ 85%] [32mBuilding CXX object CMakeFiles/px4_msgs__rosidl_typesupport_fastrtps_c.dir/rosidl_typesupport_fastrtps_c/px4_msgs/msg/detail/vehicle_angular_acceleration_setpoint__type_support_c.cpp.o[0m
[57.307s] [ 85%] [32mBuilding CXX object CMakeFiles/px4_msgs__rosidl_typesupport_fastrtps_c.dir/rosidl_typesupport_fastrtps_c/px4_msgs/msg/detail/vehicle_angular_velocity__type_support_c.cpp.o[0m
[57.362s] [ 85%] [32mBuilding CXX object CMakeFiles/px4_msgs__rosidl_typesupport_fastrtps_c.dir/rosidl_typesupport_fastrtps_c/px4_msgs/msg/detail/vehicle_attitude__type_support_c.cpp.o[0m
[57.411s] [ 85%] [32mBuilding CXX object CMakeFiles/px4_msgs__rosidl_typesupport_fastrtps_c.dir/rosidl_typesupport_fastrtps_c/px4_msgs/msg/detail/vehicle_attitude_setpoint__type_support_c.cpp.o[0m
[57.412s] [ 85%] [32mBuilding CXX object CMakeFiles/px4_msgs__rosidl_typesupport_fastrtps_c.dir/rosidl_typesupport_fastrtps_c/px4_msgs/msg/detail/vehicle_command__type_support_c.cpp.o[0m
[57.435s] [ 85%] [32mBuilding CXX object CMakeFiles/px4_msgs__rosidl_typesupport_fastrtps_c.dir/rosidl_typesupport_fastrtps_c/px4_msgs/msg/detail/vehicle_command_ack__type_support_c.cpp.o[0m
[57.486s] [ 85%] [32mBuilding CXX object CMakeFiles/px4_msgs__rosidl_typesupport_fastrtps_c.dir/rosidl_typesupport_fastrtps_c/px4_msgs/msg/detail/vehicle_constraints__type_support_c.cpp.o[0m
[57.521s] [ 86%] [32mBuilding CXX object CMakeFiles/px4_msgs__rosidl_typesupport_fastrtps_c.dir/rosidl_typesupport_fastrtps_c/px4_msgs/msg/detail/vehicle_control_mode__type_support_c.cpp.o[0m
[57.666s] [ 86%] [32mBuilding CXX object CMakeFiles/px4_msgs__rosidl_typesupport_fastrtps_c.dir/rosidl_typesupport_fastrtps_c/px4_msgs/msg/detail/vehicle_global_position__type_support_c.cpp.o[0m
[57.671s] [ 86%] [32mBuilding CXX object CMakeFiles/px4_msgs__rosidl_typesupport_fastrtps_c.dir/rosidl_typesupport_fastrtps_c/px4_msgs/msg/detail/vehicle_imu__type_support_c.cpp.o[0m
[57.709s] [ 86%] [32mBuilding CXX object CMakeFiles/px4_msgs__rosidl_typesupport_fastrtps_c.dir/rosidl_typesupport_fastrtps_c/px4_msgs/msg/detail/vehicle_imu_status__type_support_c.cpp.o[0m
[57.788s] [ 86%] [32mBuilding CXX object CMakeFiles/px4_msgs__rosidl_typesupport_fastrtps_c.dir/rosidl_typesupport_fastrtps_c/px4_msgs/msg/detail/vehicle_land_detected__type_support_c.cpp.o[0m
[57.814s] [ 86%] [32mBuilding CXX object CMakeFiles/px4_msgs__rosidl_typesupport_fastrtps_c.dir/rosidl_typesupport_fastrtps_c/px4_msgs/msg/detail/vehicle_local_position__type_support_c.cpp.o[0m
[58.002s] [ 86%] [32mBuilding CXX object CMakeFiles/px4_msgs__rosidl_typesupport_fastrtps_c.dir/rosidl_typesupport_fastrtps_c/px4_msgs/msg/detail/vehicle_local_position_setpoint__type_support_c.cpp.o[0m
[58.066s] [ 86%] [32mBuilding CXX object CMakeFiles/px4_msgs__rosidl_typesupport_fastrtps_c.dir/rosidl_typesupport_fastrtps_c/px4_msgs/msg/detail/vehicle_magnetometer__type_support_c.cpp.o[0m
[58.134s] [ 86%] [32mBuilding CXX object CMakeFiles/px4_msgs__rosidl_typesupport_fastrtps_c.dir/rosidl_typesupport_fastrtps_c/px4_msgs/msg/detail/vehicle_odometry__type_support_c.cpp.o[0m
[58.136s] [ 86%] [32mBuilding CXX object CMakeFiles/px4_msgs__rosidl_typesupport_fastrtps_c.dir/rosidl_typesupport_fastrtps_c/px4_msgs/msg/detail/vehicle_optical_flow__type_support_c.cpp.o[0m
[58.151s] [ 86%] [32mBuilding CXX object CMakeFiles/px4_msgs__rosidl_typesupport_fastrtps_c.dir/rosidl_typesupport_fastrtps_c/px4_msgs/msg/detail/vehicle_optical_flow_vel__type_support_c.cpp.o[0m
[58.195s] [ 86%] [32mBuilding CXX object CMakeFiles/px4_msgs__rosidl_typesupport_fastrtps_c.dir/rosidl_typesupport_fastrtps_c/px4_msgs/msg/detail/vehicle_rates_setpoint__type_support_c.cpp.o[0m
[58.256s] [ 86%] [32mBuilding CXX object CMakeFiles/px4_msgs__rosidl_typesupport_fastrtps_c.dir/rosidl_typesupport_fastrtps_c/px4_msgs/msg/detail/vehicle_roi__type_support_c.cpp.o[0m
[58.383s] [ 86%] [32mBuilding CXX object CMakeFiles/px4_msgs__rosidl_typesupport_fastrtps_c.dir/rosidl_typesupport_fastrtps_c/px4_msgs/msg/detail/vehicle_status__type_support_c.cpp.o[0m
[58.387s] [ 86%] [32mBuilding CXX object CMakeFiles/px4_msgs__rosidl_typesupport_fastrtps_c.dir/rosidl_typesupport_fastrtps_c/px4_msgs/msg/detail/vehicle_thrust_setpoint__type_support_c.cpp.o[0m
[58.448s] [ 86%] [32mBuilding CXX object CMakeFiles/px4_msgs__rosidl_typesupport_fastrtps_c.dir/rosidl_typesupport_fastrtps_c/px4_msgs/msg/detail/vehicle_torque_setpoint__type_support_c.cpp.o[0m
[58.490s] [ 86%] [32mBuilding CXX object CMakeFiles/px4_msgs__rosidl_typesupport_fastrtps_c.dir/rosidl_typesupport_fastrtps_c/px4_msgs/msg/detail/vehicle_trajectory_bezier__type_support_c.cpp.o[0m
[58.595s] [ 87%] [32mBuilding CXX object CMakeFiles/px4_msgs__rosidl_typesupport_fastrtps_c.dir/rosidl_typesupport_fastrtps_c/px4_msgs/msg/detail/vehicle_trajectory_waypoint__type_support_c.cpp.o[0m
[58.719s] [ 87%] [32mBuilding CXX object CMakeFiles/px4_msgs__rosidl_typesupport_fastrtps_c.dir/rosidl_typesupport_fastrtps_c/px4_msgs/msg/detail/velocity_limits__type_support_c.cpp.o[0m
[58.787s] [ 87%] [32mBuilding CXX object CMakeFiles/px4_msgs__rosidl_typesupport_fastrtps_c.dir/rosidl_typesupport_fastrtps_c/px4_msgs/msg/detail/vtol_vehicle_status__type_support_c.cpp.o[0m
[58.851s] [ 87%] [32mBuilding CXX object CMakeFiles/px4_msgs__rosidl_typesupport_fastrtps_c.dir/rosidl_typesupport_fastrtps_c/px4_msgs/msg/detail/wheel_encoders__type_support_c.cpp.o[0m
[58.854s] [ 87%] [32mBuilding CXX object CMakeFiles/px4_msgs__rosidl_typesupport_fastrtps_c.dir/rosidl_typesupport_fastrtps_c/px4_msgs/msg/detail/wind__type_support_c.cpp.o[0m
[58.887s] [ 87%] [32mBuilding CXX object CMakeFiles/px4_msgs__rosidl_typesupport_fastrtps_c.dir/rosidl_typesupport_fastrtps_c/px4_msgs/msg/detail/yaw_estimator_status__type_support_c.cpp.o[0m
[58.909s] [ 87%] [32mBuilding CXX object CMakeFiles/px4_msgs__rosidl_typesupport_fastrtps_c.dir/rosidl_typesupport_fastrtps_c/px4_msgs/srv/detail/vehicle_command__type_support_c.cpp.o[0m
[59.452s] [ 87%] [32m[1mLinking CXX shared library libpx4_msgs__rosidl_typesupport_fastrtps_c.so[0m
[59.603s] [ 88%] Built target px4_msgs__rosidl_typesupport_fastrtps_c
[59.624s] [ 88%] Built target px4_msgs
[59.653s] [ 88%] Built target px4_msgs__py
[59.758s] [ 88%] [32mBuilding C object CMakeFiles/px4_msgs__rosidl_generator_py.dir/rosidl_generator_py/px4_msgs/msg/_action_request_s.c.o[0m
[59.758s] [ 88%] [32mBuilding C object CMakeFiles/px4_msgs__rosidl_generator_py.dir/rosidl_generator_py/px4_msgs/msg/_actuator_controls_status_s.c.o[0m
[59.758s] [ 88%] [32mBuilding C object CMakeFiles/px4_msgs__rosidl_generator_py.dir/rosidl_generator_py/px4_msgs/msg/_actuator_armed_s.c.o[0m
[59.759s] [ 88%] [32mBuilding C object CMakeFiles/px4_msgs__rosidl_generator_py.dir/rosidl_generator_py/px4_msgs/msg/_actuator_motors_s.c.o[0m
[59.759s] [ 88%] [32mBuilding C object CMakeFiles/px4_msgs__rosidl_generator_py.dir/rosidl_generator_py/px4_msgs/msg/_actuator_outputs_s.c.o[0m
[59.759s] [ 88%] [32mBuilding C object CMakeFiles/px4_msgs__rosidl_generator_py.dir/rosidl_generator_py/px4_msgs/msg/_actuator_servos_s.c.o[0m
[59.759s] [ 88%] [32mBuilding C object CMakeFiles/px4_msgs__rosidl_generator_py.dir/rosidl_generator_py/px4_msgs/msg/_actuator_servos_trim_s.c.o[0m
[59.760s] [ 89%] [32mBuilding C object CMakeFiles/px4_msgs__rosidl_generator_py.dir/rosidl_generator_py/px4_msgs/msg/_actuator_test_s.c.o[0m
[59.760s] [ 89%] [32mBuilding C object CMakeFiles/px4_msgs__rosidl_generator_py.dir/rosidl_generator_py/px4_msgs/msg/_adc_report_s.c.o[0m
[59.761s] [ 89%] [32mBuilding C object CMakeFiles/px4_msgs__rosidl_generator_py.dir/rosidl_generator_py/px4_msgs/msg/_airspeed_validated_s.c.o[0m
[59.761s] [ 89%] [32mBuilding C object CMakeFiles/px4_msgs__rosidl_generator_py.dir/rosidl_generator_py/px4_msgs/msg/_airspeed_wind_s.c.o[0m
[59.767s] [ 89%] [32mBuilding C object CMakeFiles/px4_msgs__rosidl_generator_py.dir/rosidl_generator_py/px4_msgs/msg/_airspeed_s.c.o[0m
[59.953s] [ 89%] [32mBuilding C object CMakeFiles/px4_msgs__rosidl_generator_py.dir/rosidl_generator_py/px4_msgs/msg/_arming_check_reply_s.c.o[0m
[59.958s] [ 89%] [32mBuilding C object CMakeFiles/px4_msgs__rosidl_generator_py.dir/rosidl_generator_py/px4_msgs/msg/_autotune_attitude_control_status_s.c.o[0m
[59.958s] [ 89%] [32mBuilding C object CMakeFiles/px4_msgs__rosidl_generator_py.dir/rosidl_generator_py/px4_msgs/msg/_arming_check_request_s.c.o[0m
[59.958s] [ 89%] [32mBuilding C object CMakeFiles/px4_msgs__rosidl_generator_py.dir/rosidl_generator_py/px4_msgs/msg/_battery_status_s.c.o[0m
[59.960s] [ 89%] [32mBuilding C object CMakeFiles/px4_msgs__rosidl_generator_py.dir/rosidl_generator_py/px4_msgs/msg/_button_event_s.c.o[0m
[59.960s] [ 89%] [32mBuilding C object CMakeFiles/px4_msgs__rosidl_generator_py.dir/rosidl_generator_py/px4_msgs/msg/_buffer128_s.c.o[0m
[59.961s] [ 89%] [32mBuilding C object CMakeFiles/px4_msgs__rosidl_generator_py.dir/rosidl_generator_py/px4_msgs/msg/_camera_capture_s.c.o[0m
[59.962s] [ 89%] [32mBuilding C object CMakeFiles/px4_msgs__rosidl_generator_py.dir/rosidl_generator_py/px4_msgs/msg/_camera_status_s.c.o[0m
[59.962s] [ 89%] [32mBuilding C object CMakeFiles/px4_msgs__rosidl_generator_py.dir/rosidl_generator_py/px4_msgs/msg/_camera_trigger_s.c.o[0m
[59.966s] [ 89%] [32mBuilding C object CMakeFiles/px4_msgs__rosidl_generator_py.dir/rosidl_generator_py/px4_msgs/msg/_can_interface_status_s.c.o[0m
[59.973s] [ 89%] [32mBuilding C object CMakeFiles/px4_msgs__rosidl_generator_py.dir/rosidl_generator_py/px4_msgs/msg/_cellular_status_s.c.o[0m
[59.973s] [ 89%] [32mBuilding C object CMakeFiles/px4_msgs__rosidl_generator_py.dir/rosidl_generator_py/px4_msgs/msg/_collision_constraints_s.c.o[0m
[60.160s] [ 89%] [32mBuilding C object CMakeFiles/px4_msgs__rosidl_generator_py.dir/rosidl_generator_py/px4_msgs/msg/_collision_report_s.c.o[0m
[60.166s] [ 89%] [32mBuilding C object CMakeFiles/px4_msgs__rosidl_generator_py.dir/rosidl_generator_py/px4_msgs/msg/_control_allocator_status_s.c.o[0m
[60.167s] [ 90%] [32mBuilding C object CMakeFiles/px4_msgs__rosidl_generator_py.dir/rosidl_generator_py/px4_msgs/msg/_config_overrides_s.c.o[0m
[60.173s] [ 90%] [32mBuilding C object CMakeFiles/px4_msgs__rosidl_generator_py.dir/rosidl_generator_py/px4_msgs/msg/_cpuload_s.c.o[0m
[60.176s] [ 90%] [32mBuilding C object CMakeFiles/px4_msgs__rosidl_generator_py.dir/rosidl_generator_py/px4_msgs/msg/_dataman_request_s.c.o[0m
[60.180s] [ 90%] [32mBuilding C object CMakeFiles/px4_msgs__rosidl_generator_py.dir/rosidl_generator_py/px4_msgs/msg/_dataman_response_s.c.o[0m
[60.186s] [ 90%] [32mBuilding C object CMakeFiles/px4_msgs__rosidl_generator_py.dir/rosidl_generator_py/px4_msgs/msg/_debug_array_s.c.o[0m
[60.192s] [ 90%] [32mBuilding C object CMakeFiles/px4_msgs__rosidl_generator_py.dir/rosidl_generator_py/px4_msgs/msg/_debug_key_value_s.c.o[0m
[60.201s] [ 90%] [32mBuilding C object CMakeFiles/px4_msgs__rosidl_generator_py.dir/rosidl_generator_py/px4_msgs/msg/_debug_value_s.c.o[0m
[60.202s] [ 90%] [32mBuilding C object CMakeFiles/px4_msgs__rosidl_generator_py.dir/rosidl_generator_py/px4_msgs/msg/_debug_vect_s.c.o[0m
[60.206s] [ 90%] [32mBuilding C object CMakeFiles/px4_msgs__rosidl_generator_py.dir/rosidl_generator_py/px4_msgs/msg/_differential_drive_setpoint_s.c.o[0m
[60.239s] [ 90%] [32mBuilding C object CMakeFiles/px4_msgs__rosidl_generator_py.dir/rosidl_generator_py/px4_msgs/msg/_differential_pressure_s.c.o[0m
[60.393s] [ 90%] [32mBuilding C object CMakeFiles/px4_msgs__rosidl_generator_py.dir/rosidl_generator_py/px4_msgs/msg/_distance_sensor_s.c.o[0m
[60.395s] [ 90%] [32mBuilding C object CMakeFiles/px4_msgs__rosidl_generator_py.dir/rosidl_generator_py/px4_msgs/msg/_ekf2_timestamps_s.c.o[0m
[60.399s] [ 90%] [32mBuilding C object CMakeFiles/px4_msgs__rosidl_generator_py.dir/rosidl_generator_py/px4_msgs/msg/_esc_report_s.c.o[0m
[60.415s] [ 90%] [32mBuilding C object CMakeFiles/px4_msgs__rosidl_generator_py.dir/rosidl_generator_py/px4_msgs/msg/_esc_status_s.c.o[0m
[60.426s] [ 90%] [32mBuilding C object CMakeFiles/px4_msgs__rosidl_generator_py.dir/rosidl_generator_py/px4_msgs/msg/_estimator_aid_source2d_s.c.o[0m
[60.426s] [ 90%] [32mBuilding C object CMakeFiles/px4_msgs__rosidl_generator_py.dir/rosidl_generator_py/px4_msgs/msg/_estimator_aid_source1d_s.c.o[0m
[60.426s] [ 90%] [32mBuilding C object CMakeFiles/px4_msgs__rosidl_generator_py.dir/rosidl_generator_py/px4_msgs/msg/_estimator_bias_s.c.o[0m
[60.427s] [ 91%] [32mBuilding C object CMakeFiles/px4_msgs__rosidl_generator_py.dir/rosidl_generator_py/px4_msgs/msg/_estimator_aid_source3d_s.c.o[0m
[60.432s] [ 91%] [32mBuilding C object CMakeFiles/px4_msgs__rosidl_generator_py.dir/rosidl_generator_py/px4_msgs/msg/_estimator_bias3d_s.c.o[0m
[60.432s] [ 91%] [32mBuilding C object CMakeFiles/px4_msgs__rosidl_generator_py.dir/rosidl_generator_py/px4_msgs/msg/_estimator_event_flags_s.c.o[0m
[60.440s] [ 91%] [32mBuilding C object CMakeFiles/px4_msgs__rosidl_generator_py.dir/rosidl_generator_py/px4_msgs/msg/_estimator_gps_status_s.c.o[0m
[60.466s] [ 91%] [32mBuilding C object CMakeFiles/px4_msgs__rosidl_generator_py.dir/rosidl_generator_py/px4_msgs/msg/_estimator_innovations_s.c.o[0m
[60.620s] [ 91%] [32mBuilding C object CMakeFiles/px4_msgs__rosidl_generator_py.dir/rosidl_generator_py/px4_msgs/msg/_estimator_selector_status_s.c.o[0m
[60.637s] [ 91%] [32mBuilding C object CMakeFiles/px4_msgs__rosidl_generator_py.dir/rosidl_generator_py/px4_msgs/msg/_estimator_sensor_bias_s.c.o[0m
[60.641s] [ 91%] [32mBuilding C object CMakeFiles/px4_msgs__rosidl_generator_py.dir/rosidl_generator_py/px4_msgs/msg/_estimator_states_s.c.o[0m
[60.651s] [ 91%] [32mBuilding C object CMakeFiles/px4_msgs__rosidl_generator_py.dir/rosidl_generator_py/px4_msgs/msg/_estimator_status_s.c.o[0m
[60.666s] [ 91%] [32mBuilding C object CMakeFiles/px4_msgs__rosidl_generator_py.dir/rosidl_generator_py/px4_msgs/msg/_event_s.c.o[0m
[60.667s] [ 91%] [32mBuilding C object CMakeFiles/px4_msgs__rosidl_generator_py.dir/rosidl_generator_py/px4_msgs/msg/_estimator_status_flags_s.c.o[0m
[60.682s] [ 91%] [32mBuilding C object CMakeFiles/px4_msgs__rosidl_generator_py.dir/rosidl_generator_py/px4_msgs/msg/_failsafe_flags_s.c.o[0m
[60.704s] [ 91%] [32mBuilding C object CMakeFiles/px4_msgs__rosidl_generator_py.dir/rosidl_generator_py/px4_msgs/msg/_failure_detector_status_s.c.o[0m
[60.704s] [ 91%] [32mBuilding C object CMakeFiles/px4_msgs__rosidl_generator_py.dir/rosidl_generator_py/px4_msgs/msg/_figure_eight_status_s.c.o[0m
[60.706s] [ 91%] [32mBuilding C object CMakeFiles/px4_msgs__rosidl_generator_py.dir/rosidl_generator_py/px4_msgs/msg/_flight_phase_estimation_s.c.o[0m
[60.714s] [ 91%] [32mBuilding C object CMakeFiles/px4_msgs__rosidl_generator_py.dir/rosidl_generator_py/px4_msgs/msg/_follow_target_s.c.o[0m
[60.782s] [ 91%] [32mBuilding C object CMakeFiles/px4_msgs__rosidl_generator_py.dir/rosidl_generator_py/px4_msgs/msg/_follow_target_estimator_s.c.o[0m
[60.885s] [ 92%] [32mBuilding C object CMakeFiles/px4_msgs__rosidl_generator_py.dir/rosidl_generator_py/px4_msgs/msg/_follow_target_status_s.c.o[0m
[60.894s] [ 92%] [32mBuilding C object CMakeFiles/px4_msgs__rosidl_generator_py.dir/rosidl_generator_py/px4_msgs/msg/_fuel_tank_status_s.c.o[0m
[60.902s] [ 92%] [32mBuilding C object CMakeFiles/px4_msgs__rosidl_generator_py.dir/rosidl_generator_py/px4_msgs/msg/_generator_status_s.c.o[0m
[60.931s] [ 92%] [32mBuilding C object CMakeFiles/px4_msgs__rosidl_generator_py.dir/rosidl_generator_py/px4_msgs/msg/_geofence_result_s.c.o[0m
[60.933s] [ 92%] [32mBuilding C object CMakeFiles/px4_msgs__rosidl_generator_py.dir/rosidl_generator_py/px4_msgs/msg/_geofence_status_s.c.o[0m
[60.936s] [ 92%] [32mBuilding C object CMakeFiles/px4_msgs__rosidl_generator_py.dir/rosidl_generator_py/px4_msgs/msg/_gimbal_controls_s.c.o[0m
[60.937s] [ 92%] [32mBuilding C object CMakeFiles/px4_msgs__rosidl_generator_py.dir/rosidl_generator_py/px4_msgs/msg/_gimbal_device_attitude_status_s.c.o[0m
[60.942s] [ 92%] [32mBuilding C object CMakeFiles/px4_msgs__rosidl_generator_py.dir/rosidl_generator_py/px4_msgs/msg/_gimbal_device_information_s.c.o[0m
[60.949s] [ 92%] [32mBuilding C object CMakeFiles/px4_msgs__rosidl_generator_py.dir/rosidl_generator_py/px4_msgs/msg/_gimbal_device_set_attitude_s.c.o[0m
[60.957s] [ 92%] [32mBuilding C object CMakeFiles/px4_msgs__rosidl_generator_py.dir/rosidl_generator_py/px4_msgs/msg/_gimbal_manager_information_s.c.o[0m
[60.987s] [ 92%] [32mBuilding C object CMakeFiles/px4_msgs__rosidl_generator_py.dir/rosidl_generator_py/px4_msgs/msg/_gimbal_manager_set_attitude_s.c.o[0m
[61.042s] [ 92%] [32mBuilding C object CMakeFiles/px4_msgs__rosidl_generator_py.dir/rosidl_generator_py/px4_msgs/msg/_gimbal_manager_set_manual_control_s.c.o[0m
[61.118s] [ 92%] [32mBuilding C object CMakeFiles/px4_msgs__rosidl_generator_py.dir/rosidl_generator_py/px4_msgs/msg/_gimbal_manager_status_s.c.o[0m
[61.128s] [ 92%] [32mBuilding C object CMakeFiles/px4_msgs__rosidl_generator_py.dir/rosidl_generator_py/px4_msgs/msg/_goto_setpoint_s.c.o[0m
[61.130s] [ 92%] [32mBuilding C object CMakeFiles/px4_msgs__rosidl_generator_py.dir/rosidl_generator_py/px4_msgs/msg/_gpio_config_s.c.o[0m
[61.157s] [ 92%] [32mBuilding C object CMakeFiles/px4_msgs__rosidl_generator_py.dir/rosidl_generator_py/px4_msgs/msg/_gpio_in_s.c.o[0m
[61.169s] [ 92%] [32mBuilding C object CMakeFiles/px4_msgs__rosidl_generator_py.dir/rosidl_generator_py/px4_msgs/msg/_gpio_out_s.c.o[0m
[61.181s] [ 93%] [32mBuilding C object CMakeFiles/px4_msgs__rosidl_generator_py.dir/rosidl_generator_py/px4_msgs/msg/_gpio_request_s.c.o[0m
[61.186s] [ 93%] [32mBuilding C object CMakeFiles/px4_msgs__rosidl_generator_py.dir/rosidl_generator_py/px4_msgs/msg/_gps_dump_s.c.o[0m
[61.190s] [ 93%] [32mBuilding C object CMakeFiles/px4_msgs__rosidl_generator_py.dir/rosidl_generator_py/px4_msgs/msg/_gps_inject_data_s.c.o[0m
[61.194s] [ 93%] [32mBuilding C object CMakeFiles/px4_msgs__rosidl_generator_py.dir/rosidl_generator_py/px4_msgs/msg/_gripper_s.c.o[0m
[61.234s] [ 93%] [32mBuilding C object CMakeFiles/px4_msgs__rosidl_generator_py.dir/rosidl_generator_py/px4_msgs/msg/_health_report_s.c.o[0m
[61.241s] [ 93%] [32mBuilding C object CMakeFiles/px4_msgs__rosidl_generator_py.dir/rosidl_generator_py/px4_msgs/msg/_heater_status_s.c.o[0m
[61.275s] [ 93%] [32mBuilding C object CMakeFiles/px4_msgs__rosidl_generator_py.dir/rosidl_generator_py/px4_msgs/msg/_home_position_s.c.o[0m
[61.344s] [ 93%] [32mBuilding C object CMakeFiles/px4_msgs__rosidl_generator_py.dir/rosidl_generator_py/px4_msgs/msg/_hover_thrust_estimate_s.c.o[0m
[61.352s] [ 93%] [32mBuilding C object CMakeFiles/px4_msgs__rosidl_generator_py.dir/rosidl_generator_py/px4_msgs/msg/_input_rc_s.c.o[0m
[61.379s] [ 93%] [32mBuilding C object CMakeFiles/px4_msgs__rosidl_generator_py.dir/rosidl_generator_py/px4_msgs/msg/_internal_combustion_engine_status_s.c.o[0m
[61.379s] [ 93%] [32mBuilding C object CMakeFiles/px4_msgs__rosidl_generator_py.dir/rosidl_generator_py/px4_msgs/msg/_iridiumsbd_status_s.c.o[0m
[61.397s] [ 93%] [32mBuilding C object CMakeFiles/px4_msgs__rosidl_generator_py.dir/rosidl_generator_py/px4_msgs/msg/_irlock_report_s.c.o[0m
[61.409s] [ 93%] [32mBuilding C object CMakeFiles/px4_msgs__rosidl_generator_py.dir/rosidl_generator_py/px4_msgs/msg/_landing_gear_s.c.o[0m
[61.414s] [ 93%] [32mBuilding C object CMakeFiles/px4_msgs__rosidl_generator_py.dir/rosidl_generator_py/px4_msgs/msg/_landing_gear_wheel_s.c.o[0m
[61.420s] [ 93%] [32mBuilding C object CMakeFiles/px4_msgs__rosidl_generator_py.dir/rosidl_generator_py/px4_msgs/msg/_landing_target_innovations_s.c.o[0m
[61.429s] [ 93%] [32mBuilding C object CMakeFiles/px4_msgs__rosidl_generator_py.dir/rosidl_generator_py/px4_msgs/msg/_landing_target_pose_s.c.o[0m
[61.469s] [ 93%] [32mBuilding C object CMakeFiles/px4_msgs__rosidl_generator_py.dir/rosidl_generator_py/px4_msgs/msg/_launch_detection_status_s.c.o[0m
[61.483s] [ 93%] [32mBuilding C object CMakeFiles/px4_msgs__rosidl_generator_py.dir/rosidl_generator_py/px4_msgs/msg/_led_control_s.c.o[0m
[61.521s] [ 94%] [32mBuilding C object CMakeFiles/px4_msgs__rosidl_generator_py.dir/rosidl_generator_py/px4_msgs/msg/_log_message_s.c.o[0m
[61.583s] [ 94%] [32mBuilding C object CMakeFiles/px4_msgs__rosidl_generator_py.dir/rosidl_generator_py/px4_msgs/msg/_logger_status_s.c.o[0m
[61.605s] [ 94%] [32mBuilding C object CMakeFiles/px4_msgs__rosidl_generator_py.dir/rosidl_generator_py/px4_msgs/msg/_mag_worker_data_s.c.o[0m
[61.616s] [ 94%] [32mBuilding C object CMakeFiles/px4_msgs__rosidl_generator_py.dir/rosidl_generator_py/px4_msgs/msg/_magnetometer_bias_estimate_s.c.o[0m
[61.627s] [ 94%] [32mBuilding C object CMakeFiles/px4_msgs__rosidl_generator_py.dir/rosidl_generator_py/px4_msgs/msg/_manual_control_setpoint_s.c.o[0m
[61.628s] [ 94%] [32mBuilding C object CMakeFiles/px4_msgs__rosidl_generator_py.dir/rosidl_generator_py/px4_msgs/msg/_manual_control_switches_s.c.o[0m
[61.635s] [ 94%] [32mBuilding C object CMakeFiles/px4_msgs__rosidl_generator_py.dir/rosidl_generator_py/px4_msgs/msg/_mavlink_log_s.c.o[0m
[61.639s] [ 94%] [32mBuilding C object CMakeFiles/px4_msgs__rosidl_generator_py.dir/rosidl_generator_py/px4_msgs/msg/_mavlink_tunnel_s.c.o[0m
[61.651s] [ 94%] [32mBuilding C object CMakeFiles/px4_msgs__rosidl_generator_py.dir/rosidl_generator_py/px4_msgs/msg/_message_format_request_s.c.o[0m
[61.676s] [ 94%] [32mBuilding C object CMakeFiles/px4_msgs__rosidl_generator_py.dir/rosidl_generator_py/px4_msgs/msg/_message_format_response_s.c.o[0m
[61.688s] [ 94%] [32mBuilding C object CMakeFiles/px4_msgs__rosidl_generator_py.dir/rosidl_generator_py/px4_msgs/msg/_mission_s.c.o[0m
[61.709s] [ 94%] [32mBuilding C object CMakeFiles/px4_msgs__rosidl_generator_py.dir/rosidl_generator_py/px4_msgs/msg/_mission_result_s.c.o[0m
[61.758s] [ 94%] [32mBuilding C object CMakeFiles/px4_msgs__rosidl_generator_py.dir/rosidl_generator_py/px4_msgs/msg/_mode_completed_s.c.o[0m
[61.834s] [ 94%] [32mBuilding C object CMakeFiles/px4_msgs__rosidl_generator_py.dir/rosidl_generator_py/px4_msgs/msg/_mount_orientation_s.c.o[0m
[61.867s] [ 94%] [32mBuilding C object CMakeFiles/px4_msgs__rosidl_generator_py.dir/rosidl_generator_py/px4_msgs/msg/_navigator_mission_item_s.c.o[0m
[61.872s] [ 94%] [32mBuilding C object CMakeFiles/px4_msgs__rosidl_generator_py.dir/rosidl_generator_py/px4_msgs/msg/_normalized_unsigned_setpoint_s.c.o[0m
[61.875s] [ 94%] [32mBuilding C object CMakeFiles/px4_msgs__rosidl_generator_py.dir/rosidl_generator_py/px4_msgs/msg/_npfg_status_s.c.o[0m
[61.879s] [ 95%] [32mBuilding C object CMakeFiles/px4_msgs__rosidl_generator_py.dir/rosidl_generator_py/px4_msgs/msg/_obstacle_distance_s.c.o[0m
[61.880s] [ 95%] [32mBuilding C object CMakeFiles/px4_msgs__rosidl_generator_py.dir/rosidl_generator_py/px4_msgs/msg/_offboard_control_mode_s.c.o[0m
[61.886s] [ 95%] [32mBuilding C object CMakeFiles/px4_msgs__rosidl_generator_py.dir/rosidl_generator_py/px4_msgs/msg/_onboard_computer_status_s.c.o[0m
[61.890s] [ 95%] [32mBuilding C object CMakeFiles/px4_msgs__rosidl_generator_py.dir/rosidl_generator_py/px4_msgs/msg/_orb_test_s.c.o[0m
[61.915s] [ 95%] [32mBuilding C object CMakeFiles/px4_msgs__rosidl_generator_py.dir/rosidl_generator_py/px4_msgs/msg/_orb_test_large_s.c.o[0m
[61.926s] [ 95%] [32mBuilding C object CMakeFiles/px4_msgs__rosidl_generator_py.dir/rosidl_generator_py/px4_msgs/msg/_orb_test_medium_s.c.o[0m
[61.949s] [ 95%] [32mBuilding C object CMakeFiles/px4_msgs__rosidl_generator_py.dir/rosidl_generator_py/px4_msgs/msg/_orbit_status_s.c.o[0m
[61.978s] [ 95%] [32mBuilding C object CMakeFiles/px4_msgs__rosidl_generator_py.dir/rosidl_generator_py/px4_msgs/msg/_parameter_reset_request_s.c.o[0m
[62.059s] [ 95%] [32mBuilding C object CMakeFiles/px4_msgs__rosidl_generator_py.dir/rosidl_generator_py/px4_msgs/msg/_parameter_set_used_request_s.c.o[0m
[62.100s] [ 95%] [32mBuilding C object CMakeFiles/px4_msgs__rosidl_generator_py.dir/rosidl_generator_py/px4_msgs/msg/_parameter_set_value_request_s.c.o[0m
[62.107s] [ 95%] [32mBuilding C object CMakeFiles/px4_msgs__rosidl_generator_py.dir/rosidl_generator_py/px4_msgs/msg/_parameter_set_value_response_s.c.o[0m
[62.116s] [ 95%] [32mBuilding C object CMakeFiles/px4_msgs__rosidl_generator_py.dir/rosidl_generator_py/px4_msgs/msg/_parameter_update_s.c.o[0m
[62.117s] [ 95%] [32mBuilding C object CMakeFiles/px4_msgs__rosidl_generator_py.dir/rosidl_generator_py/px4_msgs/msg/_ping_s.c.o[0m
[62.126s] [ 95%] [32mBuilding C object CMakeFiles/px4_msgs__rosidl_generator_py.dir/rosidl_generator_py/px4_msgs/msg/_position_controller_landing_status_s.c.o[0m
[62.130s] [ 95%] [32mBuilding C object CMakeFiles/px4_msgs__rosidl_generator_py.dir/rosidl_generator_py/px4_msgs/msg/_position_controller_status_s.c.o[0m
[62.149s] [ 95%] [32mBuilding C object CMakeFiles/px4_msgs__rosidl_generator_py.dir/rosidl_generator_py/px4_msgs/msg/_position_setpoint_s.c.o[0m
[62.159s] [ 95%] [32mBuilding C object CMakeFiles/px4_msgs__rosidl_generator_py.dir/rosidl_generator_py/px4_msgs/msg/_position_setpoint_triplet_s.c.o[0m
[62.174s] [ 95%] [32mBuilding C object CMakeFiles/px4_msgs__rosidl_generator_py.dir/rosidl_generator_py/px4_msgs/msg/_power_button_state_s.c.o[0m
[62.201s] [ 96%] [32mBuilding C object CMakeFiles/px4_msgs__rosidl_generator_py.dir/rosidl_generator_py/px4_msgs/msg/_power_monitor_s.c.o[0m
[62.211s] [ 96%] [32mBuilding C object CMakeFiles/px4_msgs__rosidl_generator_py.dir/rosidl_generator_py/px4_msgs/msg/_pps_capture_s.c.o[0m
[62.279s] [ 96%] [32mBuilding C object CMakeFiles/px4_msgs__rosidl_generator_py.dir/rosidl_generator_py/px4_msgs/msg/_pwm_input_s.c.o[0m
[62.326s] [ 96%] [32mBuilding C object CMakeFiles/px4_msgs__rosidl_generator_py.dir/rosidl_generator_py/px4_msgs/msg/_px4io_status_s.c.o[0m
[62.329s] [ 96%] [32mBuilding C object CMakeFiles/px4_msgs__rosidl_generator_py.dir/rosidl_generator_py/px4_msgs/msg/_qshell_req_s.c.o[0m
[62.349s] [ 96%] [32mBuilding C object CMakeFiles/px4_msgs__rosidl_generator_py.dir/rosidl_generator_py/px4_msgs/msg/_qshell_retval_s.c.o[0m
[62.349s] [ 96%] [32mBuilding C object CMakeFiles/px4_msgs__rosidl_generator_py.dir/rosidl_generator_py/px4_msgs/msg/_radio_status_s.c.o[0m
[62.354s] [ 96%] [32mBuilding C object CMakeFiles/px4_msgs__rosidl_generator_py.dir/rosidl_generator_py/px4_msgs/msg/_rate_ctrl_status_s.c.o[0m
[62.369s] [ 96%] [32mBuilding C object CMakeFiles/px4_msgs__rosidl_generator_py.dir/rosidl_generator_py/px4_msgs/msg/_rc_channels_s.c.o[0m
[62.388s] [ 96%] [32mBuilding C object CMakeFiles/px4_msgs__rosidl_generator_py.dir/rosidl_generator_py/px4_msgs/msg/_rc_parameter_map_s.c.o[0m
[62.396s] [ 96%] [32mBuilding C object CMakeFiles/px4_msgs__rosidl_generator_py.dir/rosidl_generator_py/px4_msgs/msg/_register_ext_component_reply_s.c.o[0m
[62.400s] [ 96%] [32mBuilding C object CMakeFiles/px4_msgs__rosidl_generator_py.dir/rosidl_generator_py/px4_msgs/msg/_register_ext_component_request_s.c.o[0m
[62.432s] [ 96%] [32mBuilding C object CMakeFiles/px4_msgs__rosidl_generator_py.dir/rosidl_generator_py/px4_msgs/msg/_rover_ackermann_guidance_status_s.c.o[0m
[62.438s] [ 96%] [32mBuilding C object CMakeFiles/px4_msgs__rosidl_generator_py.dir/rosidl_generator_py/px4_msgs/msg/_rpm_s.c.o[0m
[62.502s] [ 96%] [32mBuilding C object CMakeFiles/px4_msgs__rosidl_generator_py.dir/rosidl_generator_py/px4_msgs/msg/_rtl_status_s.c.o[0m
[62.566s] [ 96%] [32mBuilding C object CMakeFiles/px4_msgs__rosidl_generator_py.dir/rosidl_generator_py/px4_msgs/msg/_rtl_time_estimate_s.c.o[0m
[62.574s] [ 96%] [32mBuilding C object CMakeFiles/px4_msgs__rosidl_generator_py.dir/rosidl_generator_py/px4_msgs/msg/_satellite_info_s.c.o[0m
[62.583s] [ 97%] [32mBuilding C object CMakeFiles/px4_msgs__rosidl_generator_py.dir/rosidl_generator_py/px4_msgs/msg/_sensor_accel_s.c.o[0m
[62.585s] [ 97%] [32mBuilding C object CMakeFiles/px4_msgs__rosidl_generator_py.dir/rosidl_generator_py/px4_msgs/msg/_sensor_accel_fifo_s.c.o[0m
[62.627s] [ 97%] [32mBuilding C object CMakeFiles/px4_msgs__rosidl_generator_py.dir/rosidl_generator_py/px4_msgs/msg/_sensor_airflow_s.c.o[0m
[62.637s] [ 97%] [32mBuilding C object CMakeFiles/px4_msgs__rosidl_generator_py.dir/rosidl_generator_py/px4_msgs/msg/_sensor_baro_s.c.o[0m
[62.642s] [ 97%] [32mBuilding C object CMakeFiles/px4_msgs__rosidl_generator_py.dir/rosidl_generator_py/px4_msgs/msg/_sensor_combined_s.c.o[0m
[62.646s] [ 97%] [32mBuilding C object CMakeFiles/px4_msgs__rosidl_generator_py.dir/rosidl_generator_py/px4_msgs/msg/_sensor_correction_s.c.o[0m
[62.656s] [ 97%] [32mBuilding C object CMakeFiles/px4_msgs__rosidl_generator_py.dir/rosidl_generator_py/px4_msgs/msg/_sensor_gnss_relative_s.c.o[0m
[62.658s] [ 97%] [32mBuilding C object CMakeFiles/px4_msgs__rosidl_generator_py.dir/rosidl_generator_py/px4_msgs/msg/_sensor_gps_s.c.o[0m
[62.664s] [ 97%] [32mBuilding C object CMakeFiles/px4_msgs__rosidl_generator_py.dir/rosidl_generator_py/px4_msgs/msg/_sensor_gyro_s.c.o[0m
[62.731s] [ 97%] [32mBuilding C object CMakeFiles/px4_msgs__rosidl_generator_py.dir/rosidl_generator_py/px4_msgs/msg/_sensor_gyro_fft_s.c.o[0m
[62.786s] [ 97%] [32mBuilding C object CMakeFiles/px4_msgs__rosidl_generator_py.dir/rosidl_generator_py/px4_msgs/msg/_sensor_gyro_fifo_s.c.o[0m
[62.831s] [ 97%] [32mBuilding C object CMakeFiles/px4_msgs__rosidl_generator_py.dir/rosidl_generator_py/px4_msgs/msg/_sensor_hygrometer_s.c.o[0m
[62.839s] [ 97%] [32mBuilding C object CMakeFiles/px4_msgs__rosidl_generator_py.dir/rosidl_generator_py/px4_msgs/msg/_sensor_mag_s.c.o[0m
[62.845s] [ 97%] [32mBuilding C object CMakeFiles/px4_msgs__rosidl_generator_py.dir/rosidl_generator_py/px4_msgs/msg/_sensor_optical_flow_s.c.o[0m
[62.859s] [ 97%] [32mBuilding C object CMakeFiles/px4_msgs__rosidl_generator_py.dir/rosidl_generator_py/px4_msgs/msg/_sensor_preflight_mag_s.c.o[0m
[62.864s] [ 97%] [32mBuilding C object CMakeFiles/px4_msgs__rosidl_generator_py.dir/rosidl_generator_py/px4_msgs/msg/_sensor_selection_s.c.o[0m
[62.895s] [ 97%] [32mBuilding C object CMakeFiles/px4_msgs__rosidl_generator_py.dir/rosidl_generator_py/px4_msgs/msg/_sensor_uwb_s.c.o[0m
[62.926s] [ 98%] [32mBuilding C object CMakeFiles/px4_msgs__rosidl_generator_py.dir/rosidl_generator_py/px4_msgs/msg/_sensors_status_imu_s.c.o[0m
[62.926s] [ 98%] [32mBuilding C object CMakeFiles/px4_msgs__rosidl_generator_py.dir/rosidl_generator_py/px4_msgs/msg/_sensors_status_s.c.o[0m
[62.932s] [ 98%] [32mBuilding C object CMakeFiles/px4_msgs__rosidl_generator_py.dir/rosidl_generator_py/px4_msgs/msg/_system_power_s.c.o[0m
[63.003s] [ 98%] [32mBuilding C object CMakeFiles/px4_msgs__rosidl_generator_py.dir/rosidl_generator_py/px4_msgs/msg/_takeoff_status_s.c.o[0m
[63.021s] [ 98%] [32mBuilding C object CMakeFiles/px4_msgs__rosidl_generator_py.dir/rosidl_generator_py/px4_msgs/msg/_task_stack_info_s.c.o[0m
[63.037s] [ 98%] [32mBuilding C object CMakeFiles/px4_msgs__rosidl_generator_py.dir/rosidl_generator_py/px4_msgs/msg/_tecs_status_s.c.o[0m
[63.065s] [ 98%] [32mBuilding C object CMakeFiles/px4_msgs__rosidl_generator_py.dir/rosidl_generator_py/px4_msgs/msg/_telemetry_status_s.c.o[0m
[63.065s] [ 98%] [32mBuilding C object CMakeFiles/px4_msgs__rosidl_generator_py.dir/rosidl_generator_py/px4_msgs/msg/_tiltrotor_extra_controls_s.c.o[0m
[63.082s] [ 98%] [32mBuilding C object CMakeFiles/px4_msgs__rosidl_generator_py.dir/rosidl_generator_py/px4_msgs/msg/_timesync_status_s.c.o[0m
[63.086s] [ 98%] [32mBuilding C object CMakeFiles/px4_msgs__rosidl_generator_py.dir/rosidl_generator_py/px4_msgs/msg/_trajectory_bezier_s.c.o[0m
[63.106s] [ 98%] [32mBuilding C object CMakeFiles/px4_msgs__rosidl_generator_py.dir/rosidl_generator_py/px4_msgs/msg/_trajectory_setpoint_s.c.o[0m
[63.160s] [ 98%] [32mBuilding C object CMakeFiles/px4_msgs__rosidl_generator_py.dir/rosidl_generator_py/px4_msgs/msg/_trajectory_waypoint_s.c.o[0m
[63.190s] [ 98%] [32mBuilding C object CMakeFiles/px4_msgs__rosidl_generator_py.dir/rosidl_generator_py/px4_msgs/msg/_transponder_report_s.c.o[0m
[63.191s] [ 98%] [32mBuilding C object CMakeFiles/px4_msgs__rosidl_generator_py.dir/rosidl_generator_py/px4_msgs/msg/_tune_control_s.c.o[0m
[63.206s] [ 98%] [32mBuilding C object CMakeFiles/px4_msgs__rosidl_generator_py.dir/rosidl_generator_py/px4_msgs/msg/_uavcan_parameter_request_s.c.o[0m
[63.228s] [ 98%] [32mBuilding C object CMakeFiles/px4_msgs__rosidl_generator_py.dir/rosidl_generator_py/px4_msgs/msg/_uavcan_parameter_value_s.c.o[0m
[63.254s] [ 98%] [32mBuilding C object CMakeFiles/px4_msgs__rosidl_generator_py.dir/rosidl_generator_py/px4_msgs/msg/_ulog_stream_s.c.o[0m
[63.289s] [ 98%] [32mBuilding C object CMakeFiles/px4_msgs__rosidl_generator_py.dir/rosidl_generator_py/px4_msgs/msg/_ulog_stream_ack_s.c.o[0m
[63.291s] [ 99%] [32mBuilding C object CMakeFiles/px4_msgs__rosidl_generator_py.dir/rosidl_generator_py/px4_msgs/msg/_unregister_ext_component_s.c.o[0m
[63.312s] [ 99%] [32mBuilding C object CMakeFiles/px4_msgs__rosidl_generator_py.dir/rosidl_generator_py/px4_msgs/msg/_vehicle_acceleration_s.c.o[0m
[63.322s] [ 99%] [32mBuilding C object CMakeFiles/px4_msgs__rosidl_generator_py.dir/rosidl_generator_py/px4_msgs/msg/_vehicle_air_data_s.c.o[0m
[63.347s] [ 99%] [32mBuilding C object CMakeFiles/px4_msgs__rosidl_generator_py.dir/rosidl_generator_py/px4_msgs/msg/_vehicle_angular_acceleration_setpoint_s.c.o[0m
[63.365s] [ 99%] [32mBuilding C object CMakeFiles/px4_msgs__rosidl_generator_py.dir/rosidl_generator_py/px4_msgs/msg/_vehicle_angular_velocity_s.c.o[0m
[63.412s] [ 99%] [32mBuilding C object CMakeFiles/px4_msgs__rosidl_generator_py.dir/rosidl_generator_py/px4_msgs/msg/_vehicle_attitude_s.c.o[0m
[63.422s] [ 99%] [32mBuilding C object CMakeFiles/px4_msgs__rosidl_generator_py.dir/rosidl_generator_py/px4_msgs/msg/_vehicle_attitude_setpoint_s.c.o[0m
[63.451s] [ 99%] [32mBuilding C object CMakeFiles/px4_msgs__rosidl_generator_py.dir/rosidl_generator_py/px4_msgs/msg/_vehicle_command_s.c.o[0m
[63.451s] [ 99%] [32mBuilding C object CMakeFiles/px4_msgs__rosidl_generator_py.dir/rosidl_generator_py/px4_msgs/msg/_vehicle_command_ack_s.c.o[0m
[63.471s] [ 99%] [32mBuilding C object CMakeFiles/px4_msgs__rosidl_generator_py.dir/rosidl_generator_py/px4_msgs/msg/_vehicle_constraints_s.c.o[0m
[63.498s] [ 99%] [32mBuilding C object CMakeFiles/px4_msgs__rosidl_generator_py.dir/rosidl_generator_py/px4_msgs/msg/_vehicle_control_mode_s.c.o[0m
[63.511s] [ 99%] [32mBuilding C object CMakeFiles/px4_msgs__rosidl_generator_py.dir/rosidl_generator_py/px4_msgs/msg/_vehicle_global_position_s.c.o[0m
[63.527s] [ 99%] [32mBuilding C object CMakeFiles/px4_msgs__rosidl_generator_py.dir/rosidl_generator_py/px4_msgs/msg/_vehicle_imu_s.c.o[0m
[63.555s] [ 99%] [32mBuilding C object CMakeFiles/px4_msgs__rosidl_generator_py.dir/rosidl_generator_py/px4_msgs/msg/_vehicle_imu_status_s.c.o[0m
[63.559s] [ 99%] [32mBuilding C object CMakeFiles/px4_msgs__rosidl_generator_py.dir/rosidl_generator_py/px4_msgs/msg/_vehicle_land_detected_s.c.o[0m
[63.585s] [ 99%] [32mBuilding C object CMakeFiles/px4_msgs__rosidl_generator_py.dir/rosidl_generator_py/px4_msgs/msg/_vehicle_local_position_s.c.o[0m
[63.605s] [ 99%] [32mBuilding C object CMakeFiles/px4_msgs__rosidl_generator_py.dir/rosidl_generator_py/px4_msgs/msg/_vehicle_local_position_setpoint_s.c.o[0m
[63.650s] [ 99%] [32mBuilding C object CMakeFiles/px4_msgs__rosidl_generator_py.dir/rosidl_generator_py/px4_msgs/msg/_vehicle_magnetometer_s.c.o[0m
[63.675s] [100%] [32mBuilding C object CMakeFiles/px4_msgs__rosidl_generator_py.dir/rosidl_generator_py/px4_msgs/msg/_vehicle_odometry_s.c.o[0m
[63.682s] [100%] [32mBuilding C object CMakeFiles/px4_msgs__rosidl_generator_py.dir/rosidl_generator_py/px4_msgs/msg/_vehicle_optical_flow_s.c.o[0m
[63.695s] [100%] [32mBuilding C object CMakeFiles/px4_msgs__rosidl_generator_py.dir/rosidl_generator_py/px4_msgs/msg/_vehicle_optical_flow_vel_s.c.o[0m
[63.696s] [100%] [32mBuilding C object CMakeFiles/px4_msgs__rosidl_generator_py.dir/rosidl_generator_py/px4_msgs/msg/_vehicle_rates_setpoint_s.c.o[0m
[63.748s] [100%] [32mBuilding C object CMakeFiles/px4_msgs__rosidl_generator_py.dir/rosidl_generator_py/px4_msgs/msg/_vehicle_roi_s.c.o[0m
[63.759s] [100%] [32mBuilding C object CMakeFiles/px4_msgs__rosidl_generator_py.dir/rosidl_generator_py/px4_msgs/msg/_vehicle_status_s.c.o[0m
[63.779s] [100%] [32mBuilding C object CMakeFiles/px4_msgs__rosidl_generator_py.dir/rosidl_generator_py/px4_msgs/msg/_vehicle_thrust_setpoint_s.c.o[0m
[63.798s] [100%] [32mBuilding C object CMakeFiles/px4_msgs__rosidl_generator_py.dir/rosidl_generator_py/px4_msgs/msg/_vehicle_torque_setpoint_s.c.o[0m
[63.843s] [100%] [32mBuilding C object CMakeFiles/px4_msgs__rosidl_generator_py.dir/rosidl_generator_py/px4_msgs/msg/_vehicle_trajectory_bezier_s.c.o[0m
[63.860s] [100%] [32mBuilding C object CMakeFiles/px4_msgs__rosidl_generator_py.dir/rosidl_generator_py/px4_msgs/msg/_vehicle_trajectory_waypoint_s.c.o[0m
[63.888s] [100%] [32mBuilding C object CMakeFiles/px4_msgs__rosidl_generator_py.dir/rosidl_generator_py/px4_msgs/msg/_velocity_limits_s.c.o[0m
[63.907s] [100%] [32mBuilding C object CMakeFiles/px4_msgs__rosidl_generator_py.dir/rosidl_generator_py/px4_msgs/msg/_vtol_vehicle_status_s.c.o[0m
[63.935s] [100%] [32mBuilding C object CMakeFiles/px4_msgs__rosidl_generator_py.dir/rosidl_generator_py/px4_msgs/msg/_wheel_encoders_s.c.o[0m
[63.942s] [100%] [32mBuilding C object CMakeFiles/px4_msgs__rosidl_generator_py.dir/rosidl_generator_py/px4_msgs/msg/_wind_s.c.o[0m
[63.960s] [100%] [32mBuilding C object CMakeFiles/px4_msgs__rosidl_generator_py.dir/rosidl_generator_py/px4_msgs/msg/_yaw_estimator_status_s.c.o[0m
[63.973s] [100%] [32mBuilding C object CMakeFiles/px4_msgs__rosidl_generator_py.dir/rosidl_generator_py/px4_msgs/srv/_vehicle_command_s.c.o[0m
[64.125s] [100%] [32m[1mLinking C shared library rosidl_generator_py/px4_msgs/libpx4_msgs__rosidl_generator_py.so[0m
[64.228s] [100%] Built target px4_msgs__rosidl_generator_py
[64.255s] [100%] [32mBuilding C object CMakeFiles/px4_msgs__rosidl_typesupport_fastrtps_c__pyext.dir/rosidl_generator_py/px4_msgs/_px4_msgs_s.ep.rosidl_typesupport_fastrtps_c.c.o[0m
[64.255s] [100%] [32mBuilding C object CMakeFiles/px4_msgs__rosidl_typesupport_c__pyext.dir/rosidl_generator_py/px4_msgs/_px4_msgs_s.ep.rosidl_typesupport_c.c.o[0m
[64.255s] [100%] [32mBuilding C object CMakeFiles/px4_msgs__rosidl_typesupport_introspection_c__pyext.dir/rosidl_generator_py/px4_msgs/_px4_msgs_s.ep.rosidl_typesupport_introspection_c.c.o[0m
[64.958s] [100%] [32m[1mLinking C shared library rosidl_generator_py/px4_msgs/px4_msgs_s__rosidl_typesupport_fastrtps_c.cpython-310-x86_64-linux-gnu.so[0m
[64.961s] [100%] [32m[1mLinking C shared library rosidl_generator_py/px4_msgs/px4_msgs_s__rosidl_typesupport_introspection_c.cpython-310-x86_64-linux-gnu.so[0m
[64.972s] [100%] [32m[1mLinking C shared library rosidl_generator_py/px4_msgs/px4_msgs_s__rosidl_typesupport_c.cpython-310-x86_64-linux-gnu.so[0m
[65.005s] [100%] Built target px4_msgs__rosidl_typesupport_fastrtps_c__pyext
[65.008s] [100%] Built target px4_msgs__rosidl_typesupport_introspection_c__pyext
[65.019s] [100%] Built target px4_msgs__rosidl_typesupport_c__pyext
[65.031s] Invoked command in '/home/pavel/ws_ros2/build/px4_msgs' returned '0': CMAKE_PREFIX_PATH=/opt/ros/humble /usr/bin/cmake --build /home/pavel/ws_ros2/build/px4_msgs -- -j12 -l12
[69.237s] Invoking command in '/home/pavel/ws_ros2/build/px4_msgs': CMAKE_PREFIX_PATH=/opt/ros/humble /usr/bin/cmake --install /home/pavel/ws_ros2/build/px4_msgs
[69.250s] -- Install configuration: ""
[69.250s] -- Up-to-date: /home/pavel/ws_ros2/install/px4_msgs/share/ament_index/resource_index/rosidl_interfaces/px4_msgs
[69.251s] -- Up-to-date: /home/pavel/ws_ros2/install/px4_msgs/include/px4_msgs/px4_msgs
[69.251s] -- Up-to-date: /home/pavel/ws_ros2/install/px4_msgs/include/px4_msgs/px4_msgs/srv
[69.251s] -- Up-to-date: /home/pavel/ws_ros2/install/px4_msgs/include/px4_msgs/px4_msgs/srv/vehicle_command.h
[69.251s] -- Up-to-date: /home/pavel/ws_ros2/install/px4_msgs/include/px4_msgs/px4_msgs/srv/detail
[69.251s] -- Up-to-date: /home/pavel/ws_ros2/install/px4_msgs/include/px4_msgs/px4_msgs/srv/detail/vehicle_command__struct.h
[69.251s] -- Up-to-date: /home/pavel/ws_ros2/install/px4_msgs/include/px4_msgs/px4_msgs/srv/detail/vehicle_command__type_support.h
[69.252s] -- Up-to-date: /home/pavel/ws_ros2/install/px4_msgs/include/px4_msgs/px4_msgs/srv/detail/vehicle_command__functions.c
[69.252s] -- Up-to-date: /home/pavel/ws_ros2/install/px4_msgs/include/px4_msgs/px4_msgs/srv/detail/vehicle_command__functions.h
[69.252s] -- Up-to-date: /home/pavel/ws_ros2/install/px4_msgs/include/px4_msgs/px4_msgs/msg
[69.252s] -- Up-to-date: /home/pavel/ws_ros2/install/px4_msgs/include/px4_msgs/px4_msgs/msg/vehicle_optical_flow.h
[69.252s] -- Up-to-date: /home/pavel/ws_ros2/install/px4_msgs/include/px4_msgs/px4_msgs/msg/system_power.h
[69.252s] -- Up-to-date: /home/pavel/ws_ros2/install/px4_msgs/include/px4_msgs/px4_msgs/msg/vehicle_attitude.h
[69.253s] -- Up-to-date: /home/pavel/ws_ros2/install/px4_msgs/include/px4_msgs/px4_msgs/msg/gps_inject_data.h
[69.253s] -- Up-to-date: /home/pavel/ws_ros2/install/px4_msgs/include/px4_msgs/px4_msgs/msg/dataman_response.h
[69.253s] -- Up-to-date: /home/pavel/ws_ros2/install/px4_msgs/include/px4_msgs/px4_msgs/msg/tecs_status.h
[69.253s] -- Up-to-date: /home/pavel/ws_ros2/install/px4_msgs/include/px4_msgs/px4_msgs/msg/vehicle_command.h
[69.253s] -- Up-to-date: /home/pavel/ws_ros2/install/px4_msgs/include/px4_msgs/px4_msgs/msg/rate_ctrl_status.h
[69.253s] -- Up-to-date: /home/pavel/ws_ros2/install/px4_msgs/include/px4_msgs/px4_msgs/msg/tiltrotor_extra_controls.h
[69.253s] -- Up-to-date: /home/pavel/ws_ros2/install/px4_msgs/include/px4_msgs/px4_msgs/msg/estimator_states.h
[69.253s] -- Up-to-date: /home/pavel/ws_ros2/install/px4_msgs/include/px4_msgs/px4_msgs/msg/estimator_gps_status.h
[69.253s] -- Up-to-date: /home/pavel/ws_ros2/install/px4_msgs/include/px4_msgs/px4_msgs/msg/sensor_airflow.h
[69.254s] -- Up-to-date: /home/pavel/ws_ros2/install/px4_msgs/include/px4_msgs/px4_msgs/msg/actuator_controls_status.h
[69.254s] -- Up-to-date: /home/pavel/ws_ros2/install/px4_msgs/include/px4_msgs/px4_msgs/msg/dataman_request.h
[69.254s] -- Up-to-date: /home/pavel/ws_ros2/install/px4_msgs/include/px4_msgs/px4_msgs/msg/vehicle_control_mode.h
[69.254s] -- Up-to-date: /home/pavel/ws_ros2/install/px4_msgs/include/px4_msgs/px4_msgs/msg/vehicle_magnetometer.h
[69.254s] -- Up-to-date: /home/pavel/ws_ros2/install/px4_msgs/include/px4_msgs/px4_msgs/msg/trajectory_bezier.h
[69.254s] -- Up-to-date: /home/pavel/ws_ros2/install/px4_msgs/include/px4_msgs/px4_msgs/msg/normalized_unsigned_setpoint.h
[69.254s] -- Up-to-date: /home/pavel/ws_ros2/install/px4_msgs/include/px4_msgs/px4_msgs/msg/parameter_set_value_response.h
[69.255s] -- Up-to-date: /home/pavel/ws_ros2/install/px4_msgs/include/px4_msgs/px4_msgs/msg/sensors_status.h
[69.255s] -- Up-to-date: /home/pavel/ws_ros2/install/px4_msgs/include/px4_msgs/px4_msgs/msg/vehicle_roi.h
[69.255s] -- Up-to-date: /home/pavel/ws_ros2/install/px4_msgs/include/px4_msgs/px4_msgs/msg/airspeed_wind.h
[69.255s] -- Up-to-date: /home/pavel/ws_ros2/install/px4_msgs/include/px4_msgs/px4_msgs/msg/gps_dump.h
[69.255s] -- Up-to-date: /home/pavel/ws_ros2/install/px4_msgs/include/px4_msgs/px4_msgs/msg/position_setpoint_triplet.h
[69.255s] -- Up-to-date: /home/pavel/ws_ros2/install/px4_msgs/include/px4_msgs/px4_msgs/msg/flight_phase_estimation.h
[69.256s] -- Up-to-date: /home/pavel/ws_ros2/install/px4_msgs/include/px4_msgs/px4_msgs/msg/follow_target_status.h
[69.256s] -- Up-to-date: /home/pavel/ws_ros2/install/px4_msgs/include/px4_msgs/px4_msgs/msg/detail
[69.256s] -- Up-to-date: /home/pavel/ws_ros2/install/px4_msgs/include/px4_msgs/px4_msgs/msg/detail/actuator_motors__type_support.h
[69.256s] -- Up-to-date: /home/pavel/ws_ros2/install/px4_msgs/include/px4_msgs/px4_msgs/msg/detail/radio_status__functions.h
[69.256s] -- Up-to-date: /home/pavel/ws_ros2/install/px4_msgs/include/px4_msgs/px4_msgs/msg/detail/camera_status__functions.c
[69.256s] -- Up-to-date: /home/pavel/ws_ros2/install/px4_msgs/include/px4_msgs/px4_msgs/msg/detail/can_interface_status__functions.h
[69.257s] -- Up-to-date: /home/pavel/ws_ros2/install/px4_msgs/include/px4_msgs/px4_msgs/msg/detail/launch_detection_status__struct.h
[69.257s] -- Up-to-date: /home/pavel/ws_ros2/install/px4_msgs/include/px4_msgs/px4_msgs/msg/detail/can_interface_status__struct.h
[69.257s] -- Up-to-date: /home/pavel/ws_ros2/install/px4_msgs/include/px4_msgs/px4_msgs/msg/detail/estimator_bias__functions.c
[69.257s] -- Up-to-date: /home/pavel/ws_ros2/install/px4_msgs/include/px4_msgs/px4_msgs/msg/detail/actuator_servos_trim__functions.h
[69.257s] -- Up-to-date: /home/pavel/ws_ros2/install/px4_msgs/include/px4_msgs/px4_msgs/msg/detail/yaw_estimator_status__functions.h
[69.257s] -- Up-to-date: /home/pavel/ws_ros2/install/px4_msgs/include/px4_msgs/px4_msgs/msg/detail/timesync_status__functions.h
[69.257s] -- Up-to-date: /home/pavel/ws_ros2/install/px4_msgs/include/px4_msgs/px4_msgs/msg/detail/sensor_gps__struct.h
[69.258s] -- Up-to-date: /home/pavel/ws_ros2/install/px4_msgs/include/px4_msgs/px4_msgs/msg/detail/gimbal_device_set_attitude__struct.h
[69.258s] -- Up-to-date: /home/pavel/ws_ros2/install/px4_msgs/include/px4_msgs/px4_msgs/msg/detail/px4io_status__functions.c
[69.258s] -- Up-to-date: /home/pavel/ws_ros2/install/px4_msgs/include/px4_msgs/px4_msgs/msg/detail/estimator_aid_source3d__struct.h
[69.258s] -- Up-to-date: /home/pavel/ws_ros2/install/px4_msgs/include/px4_msgs/px4_msgs/msg/detail/logger_status__struct.h
[69.258s] -- Up-to-date: /home/pavel/ws_ros2/install/px4_msgs/include/px4_msgs/px4_msgs/msg/detail/follow_target_status__struct.h
[69.258s] -- Up-to-date: /home/pavel/ws_ros2/install/px4_msgs/include/px4_msgs/px4_msgs/msg/detail/estimator_states__functions.h
[69.259s] -- Up-to-date: /home/pavel/ws_ros2/install/px4_msgs/include/px4_msgs/px4_msgs/msg/detail/camera_capture__functions.c
[69.259s] -- Up-to-date: /home/pavel/ws_ros2/install/px4_msgs/include/px4_msgs/px4_msgs/msg/detail/geofence_status__type_support.h
[69.259s] -- Up-to-date: /home/pavel/ws_ros2/install/px4_msgs/include/px4_msgs/px4_msgs/msg/detail/rpm__type_support.h
[69.259s] -- Up-to-date: /home/pavel/ws_ros2/install/px4_msgs/include/px4_msgs/px4_msgs/msg/detail/sensor_accel_fifo__functions.c
[69.259s] -- Up-to-date: /home/pavel/ws_ros2/install/px4_msgs/include/px4_msgs/px4_msgs/msg/detail/battery_status__type_support.h
[69.260s] -- Up-to-date: /home/pavel/ws_ros2/install/px4_msgs/include/px4_msgs/px4_msgs/msg/detail/vehicle_magnetometer__type_support.h
[69.260s] -- Up-to-date: /home/pavel/ws_ros2/install/px4_msgs/include/px4_msgs/px4_msgs/msg/detail/position_controller_landing_status__struct.h
[69.260s] -- Up-to-date: /home/pavel/ws_ros2/install/px4_msgs/include/px4_msgs/px4_msgs/msg/detail/parameter_reset_request__functions.h
[69.260s] -- Up-to-date: /home/pavel/ws_ros2/install/px4_msgs/include/px4_msgs/px4_msgs/msg/detail/differential_drive_setpoint__type_support.h
[69.260s] -- Up-to-date: /home/pavel/ws_ros2/install/px4_msgs/include/px4_msgs/px4_msgs/msg/detail/pps_capture__functions.c
[69.260s] -- Up-to-date: /home/pavel/ws_ros2/install/px4_msgs/include/px4_msgs/px4_msgs/msg/detail/sensor_combined__functions.c
[69.260s] -- Up-to-date: /home/pavel/ws_ros2/install/px4_msgs/include/px4_msgs/px4_msgs/msg/detail/estimator_aid_source2d__struct.h
[69.261s] -- Up-to-date: /home/pavel/ws_ros2/install/px4_msgs/include/px4_msgs/px4_msgs/msg/detail/system_power__functions.c
[69.261s] -- Up-to-date: /home/pavel/ws_ros2/install/px4_msgs/include/px4_msgs/px4_msgs/msg/detail/internal_combustion_engine_status__type_support.h
[69.261s] -- Up-to-date: /home/pavel/ws_ros2/install/px4_msgs/include/px4_msgs/px4_msgs/msg/detail/sensor_accel_fifo__type_support.h
[69.261s] -- Up-to-date: /home/pavel/ws_ros2/install/px4_msgs/include/px4_msgs/px4_msgs/msg/detail/gpio_out__type_support.h
[69.261s] -- Up-to-date: /home/pavel/ws_ros2/install/px4_msgs/include/px4_msgs/px4_msgs/msg/detail/mavlink_tunnel__functions.h
[69.261s] -- Up-to-date: /home/pavel/ws_ros2/install/px4_msgs/include/px4_msgs/px4_msgs/msg/detail/airspeed_wind__type_support.h
[69.262s] -- Up-to-date: /home/pavel/ws_ros2/install/px4_msgs/include/px4_msgs/px4_msgs/msg/detail/vehicle_roi__functions.h
[69.262s] -- Up-to-date: /home/pavel/ws_ros2/install/px4_msgs/include/px4_msgs/px4_msgs/msg/detail/vehicle_local_position__type_support.h
[69.262s] -- Up-to-date: /home/pavel/ws_ros2/install/px4_msgs/include/px4_msgs/px4_msgs/msg/detail/action_request__struct.h
[69.262s] -- Up-to-date: /home/pavel/ws_ros2/install/px4_msgs/include/px4_msgs/px4_msgs/msg/detail/landing_target_pose__struct.h
[69.262s] -- Up-to-date: /home/pavel/ws_ros2/install/px4_msgs/include/px4_msgs/px4_msgs/msg/detail/vehicle_imu__functions.c
[69.262s] -- Up-to-date: /home/pavel/ws_ros2/install/px4_msgs/include/px4_msgs/px4_msgs/msg/detail/uavcan_parameter_value__functions.c
[69.262s] -- Up-to-date: /home/pavel/ws_ros2/install/px4_msgs/include/px4_msgs/px4_msgs/msg/detail/sensor_gyro__functions.c
[69.263s] -- Up-to-date: /home/pavel/ws_ros2/install/px4_msgs/include/px4_msgs/px4_msgs/msg/detail/geofence_status__struct.h
[69.263s] -- Up-to-date: /home/pavel/ws_ros2/install/px4_msgs/include/px4_msgs/px4_msgs/msg/detail/gimbal_manager_status__struct.h
[69.263s] -- Up-to-date: /home/pavel/ws_ros2/install/px4_msgs/include/px4_msgs/px4_msgs/msg/detail/vehicle_command_ack__struct.h
[69.263s] -- Up-to-date: /home/pavel/ws_ros2/install/px4_msgs/include/px4_msgs/px4_msgs/msg/detail/dataman_response__type_support.h
[69.263s] -- Up-to-date: /home/pavel/ws_ros2/install/px4_msgs/include/px4_msgs/px4_msgs/msg/detail/gimbal_controls__type_support.h
[69.263s] -- Up-to-date: /home/pavel/ws_ros2/install/px4_msgs/include/px4_msgs/px4_msgs/msg/detail/position_controller_landing_status__functions.h
[69.264s] -- Up-to-date: /home/pavel/ws_ros2/install/px4_msgs/include/px4_msgs/px4_msgs/msg/detail/geofence_result__struct.h
[69.264s] -- Up-to-date: /home/pavel/ws_ros2/install/px4_msgs/include/px4_msgs/px4_msgs/msg/detail/arming_check_request__functions.c
[69.264s] -- Up-to-date: /home/pavel/ws_ros2/install/px4_msgs/include/px4_msgs/px4_msgs/msg/detail/input_rc__struct.h
[69.264s] -- Up-to-date: /home/pavel/ws_ros2/install/px4_msgs/include/px4_msgs/px4_msgs/msg/detail/unregister_ext_component__functions.c
[69.264s] -- Up-to-date: /home/pavel/ws_ros2/install/px4_msgs/include/px4_msgs/px4_msgs/msg/detail/unregister_ext_component__functions.h
[69.264s] -- Up-to-date: /home/pavel/ws_ros2/install/px4_msgs/include/px4_msgs/px4_msgs/msg/detail/sensor_mag__functions.c
[69.265s] -- Up-to-date: /home/pavel/ws_ros2/install/px4_msgs/include/px4_msgs/px4_msgs/msg/detail/estimator_bias3d__type_support.h
[69.265s] -- Up-to-date: /home/pavel/ws_ros2/install/px4_msgs/include/px4_msgs/px4_msgs/msg/detail/tiltrotor_extra_controls__functions.h
[69.265s] -- Up-to-date: /home/pavel/ws_ros2/install/px4_msgs/include/px4_msgs/px4_msgs/msg/detail/trajectory_setpoint__functions.h
[69.265s] -- Up-to-date: /home/pavel/ws_ros2/install/px4_msgs/include/px4_msgs/px4_msgs/msg/detail/takeoff_status__functions.c
[69.265s] -- Up-to-date: /home/pavel/ws_ros2/install/px4_msgs/include/px4_msgs/px4_msgs/msg/detail/actuator_motors__struct.h
[69.265s] -- Up-to-date: /home/pavel/ws_ros2/install/px4_msgs/include/px4_msgs/px4_msgs/msg/detail/estimator_status_flags__type_support.h
[69.265s] -- Up-to-date: /home/pavel/ws_ros2/install/px4_msgs/include/px4_msgs/px4_msgs/msg/detail/sensor_gyro_fifo__struct.h
[69.266s] -- Up-to-date: /home/pavel/ws_ros2/install/px4_msgs/include/px4_msgs/px4_msgs/msg/detail/vehicle_command__struct.h
[69.266s] -- Up-to-date: /home/pavel/ws_ros2/install/px4_msgs/include/px4_msgs/px4_msgs/msg/detail/estimator_aid_source3d__functions.c
[69.266s] -- Up-to-date: /home/pavel/ws_ros2/install/px4_msgs/include/px4_msgs/px4_msgs/msg/detail/navigator_mission_item__type_support.h
[69.266s] -- Up-to-date: /home/pavel/ws_ros2/install/px4_msgs/include/px4_msgs/px4_msgs/msg/detail/internal_combustion_engine_status__struct.h
[69.266s] -- Up-to-date: /home/pavel/ws_ros2/install/px4_msgs/include/px4_msgs/px4_msgs/msg/detail/estimator_gps_status__functions.c
[69.266s] -- Up-to-date: /home/pavel/ws_ros2/install/px4_msgs/include/px4_msgs/px4_msgs/msg/detail/vehicle_acceleration__functions.c
[69.267s] -- Up-to-date: /home/pavel/ws_ros2/install/px4_msgs/include/px4_msgs/px4_msgs/msg/detail/vehicle_status__struct.h
[69.267s] -- Up-to-date: /home/pavel/ws_ros2/install/px4_msgs/include/px4_msgs/px4_msgs/msg/detail/orb_test_medium__struct.h
[69.267s] -- Up-to-date: /home/pavel/ws_ros2/install/px4_msgs/include/px4_msgs/px4_msgs/msg/detail/tecs_status__functions.c
[69.267s] -- Up-to-date: /home/pavel/ws_ros2/install/px4_msgs/include/px4_msgs/px4_msgs/msg/detail/rpm__functions.c
[69.267s] -- Up-to-date: /home/pavel/ws_ros2/install/px4_msgs/include/px4_msgs/px4_msgs/msg/detail/debug_array__struct.h
[69.267s] -- Up-to-date: /home/pavel/ws_ros2/install/px4_msgs/include/px4_msgs/px4_msgs/msg/detail/vehicle_rates_setpoint__functions.h
[69.268s] -- Up-to-date: /home/pavel/ws_ros2/install/px4_msgs/include/px4_msgs/px4_msgs/msg/detail/vehicle_constraints__functions.c
[69.268s] -- Up-to-date: /home/pavel/ws_ros2/install/px4_msgs/include/px4_msgs/px4_msgs/msg/detail/vehicle_torque_setpoint__functions.c
[69.268s] -- Up-to-date: /home/pavel/ws_ros2/install/px4_msgs/include/px4_msgs/px4_msgs/msg/detail/register_ext_component_reply__type_support.h
[69.268s] -- Up-to-date: /home/pavel/ws_ros2/install/px4_msgs/include/px4_msgs/px4_msgs/msg/detail/landing_gear_wheel__functions.c
[69.268s] -- Up-to-date: /home/pavel/ws_ros2/install/px4_msgs/include/px4_msgs/px4_msgs/msg/detail/vehicle_attitude_setpoint__functions.c
[69.268s] -- Up-to-date: /home/pavel/ws_ros2/install/px4_msgs/include/px4_msgs/px4_msgs/msg/detail/register_ext_component_request__functions.h
[69.268s] -- Up-to-date: /home/pavel/ws_ros2/install/px4_msgs/include/px4_msgs/px4_msgs/msg/detail/vehicle_local_position__functions.h
[69.269s] -- Up-to-date: /home/pavel/ws_ros2/install/px4_msgs/include/px4_msgs/px4_msgs/msg/detail/rpm__struct.h
[69.269s] -- Up-to-date: /home/pavel/ws_ros2/install/px4_msgs/include/px4_msgs/px4_msgs/msg/detail/position_controller_landing_status__functions.c
[69.269s] -- Up-to-date: /home/pavel/ws_ros2/install/px4_msgs/include/px4_msgs/px4_msgs/msg/detail/fuel_tank_status__functions.h
[69.269s] -- Up-to-date: /home/pavel/ws_ros2/install/px4_msgs/include/px4_msgs/px4_msgs/msg/detail/iridiumsbd_status__functions.h
[69.269s] -- Up-to-date: /home/pavel/ws_ros2/install/px4_msgs/include/px4_msgs/px4_msgs/msg/detail/health_report__functions.h
[69.269s] -- Up-to-date: /home/pavel/ws_ros2/install/px4_msgs/include/px4_msgs/px4_msgs/msg/detail/estimator_innovations__functions.c
[69.269s] -- Up-to-date: /home/pavel/ws_ros2/install/px4_msgs/include/px4_msgs/px4_msgs/msg/detail/log_message__struct.h
[69.270s] -- Up-to-date: /home/pavel/ws_ros2/install/px4_msgs/include/px4_msgs/px4_msgs/msg/detail/navigator_mission_item__struct.h
[69.270s] -- Up-to-date: /home/pavel/ws_ros2/install/px4_msgs/include/px4_msgs/px4_msgs/msg/detail/vehicle_trajectory_bezier__functions.h
[69.270s] -- Up-to-date: /home/pavel/ws_ros2/install/px4_msgs/include/px4_msgs/px4_msgs/msg/detail/mavlink_log__struct.h
[69.270s] -- Up-to-date: /home/pavel/ws_ros2/install/px4_msgs/include/px4_msgs/px4_msgs/msg/detail/trajectory_waypoint__functions.h
[69.270s] -- Up-to-date: /home/pavel/ws_ros2/install/px4_msgs/include/px4_msgs/px4_msgs/msg/detail/ekf2_timestamps__functions.c
[69.270s] -- Up-to-date: /home/pavel/ws_ros2/install/px4_msgs/include/px4_msgs/px4_msgs/msg/detail/cellular_status__struct.h
[69.270s] -- Up-to-date: /home/pavel/ws_ros2/install/px4_msgs/include/px4_msgs/px4_msgs/msg/detail/magnetometer_bias_estimate__functions.h
[69.271s] -- Up-to-date: /home/pavel/ws_ros2/install/px4_msgs/include/px4_msgs/px4_msgs/msg/detail/home_position__functions.h
[69.271s] -- Up-to-date: /home/pavel/ws_ros2/install/px4_msgs/include/px4_msgs/px4_msgs/msg/detail/sensor_accel_fifo__functions.h
[69.271s] -- Up-to-date: /home/pavel/ws_ros2/install/px4_msgs/include/px4_msgs/px4_msgs/msg/detail/qshell_req__type_support.h
[69.271s] -- Up-to-date: /home/pavel/ws_ros2/install/px4_msgs/include/px4_msgs/px4_msgs/msg/detail/event__type_support.h
[69.271s] -- Up-to-date: /home/pavel/ws_ros2/install/px4_msgs/include/px4_msgs/px4_msgs/msg/detail/camera_trigger__functions.h
[69.271s] -- Up-to-date: /home/pavel/ws_ros2/install/px4_msgs/include/px4_msgs/px4_msgs/msg/detail/collision_report__struct.h
[69.272s] -- Up-to-date: /home/pavel/ws_ros2/install/px4_msgs/include/px4_msgs/px4_msgs/msg/detail/collision_constraints__struct.h
[69.272s] -- Up-to-date: /home/pavel/ws_ros2/install/px4_msgs/include/px4_msgs/px4_msgs/msg/detail/sensor_combined__functions.h
[69.272s] -- Up-to-date: /home/pavel/ws_ros2/install/px4_msgs/include/px4_msgs/px4_msgs/msg/detail/debug_key_value__struct.h
[69.272s] -- Up-to-date: /home/pavel/ws_ros2/install/px4_msgs/include/px4_msgs/px4_msgs/msg/detail/config_overrides__functions.h
[69.272s] -- Up-to-date: /home/pavel/ws_ros2/install/px4_msgs/include/px4_msgs/px4_msgs/msg/detail/vehicle_status__type_support.h
[69.272s] -- Up-to-date: /home/pavel/ws_ros2/install/px4_msgs/include/px4_msgs/px4_msgs/msg/detail/onboard_computer_status__functions.c
[69.272s] -- Up-to-date: /home/pavel/ws_ros2/install/px4_msgs/include/px4_msgs/px4_msgs/msg/detail/dataman_request__functions.c
[69.273s] -- Up-to-date: /home/pavel/ws_ros2/install/px4_msgs/include/px4_msgs/px4_msgs/msg/detail/event__struct.h
[69.273s] -- Up-to-date: /home/pavel/ws_ros2/install/px4_msgs/include/px4_msgs/px4_msgs/msg/detail/actuator_motors__functions.c
[69.273s] -- Up-to-date: /home/pavel/ws_ros2/install/px4_msgs/include/px4_msgs/px4_msgs/msg/detail/mode_completed__functions.c
[69.273s] -- Up-to-date: /home/pavel/ws_ros2/install/px4_msgs/include/px4_msgs/px4_msgs/msg/detail/position_setpoint__type_support.h
[69.273s] -- Up-to-date: /home/pavel/ws_ros2/install/px4_msgs/include/px4_msgs/px4_msgs/msg/detail/gps_dump__functions.h
[69.273s] -- Up-to-date: /home/pavel/ws_ros2/install/px4_msgs/include/px4_msgs/px4_msgs/msg/detail/vehicle_air_data__functions.h
[69.273s] -- Up-to-date: /home/pavel/ws_ros2/install/px4_msgs/include/px4_msgs/px4_msgs/msg/detail/iridiumsbd_status__struct.h
[69.274s] -- Up-to-date: /home/pavel/ws_ros2/install/px4_msgs/include/px4_msgs/px4_msgs/msg/detail/tune_control__type_support.h
[69.274s] -- Up-to-date: /home/pavel/ws_ros2/install/px4_msgs/include/px4_msgs/px4_msgs/msg/detail/vehicle_odometry__functions.c
[69.274s] -- Up-to-date: /home/pavel/ws_ros2/install/px4_msgs/include/px4_msgs/px4_msgs/msg/detail/estimator_selector_status__functions.h
[69.274s] -- Up-to-date: /home/pavel/ws_ros2/install/px4_msgs/include/px4_msgs/px4_msgs/msg/detail/vehicle_odometry__functions.h
[69.274s] -- Up-to-date: /home/pavel/ws_ros2/install/px4_msgs/include/px4_msgs/px4_msgs/msg/detail/sensor_airflow__functions.c
[69.275s] -- Up-to-date: /home/pavel/ws_ros2/install/px4_msgs/include/px4_msgs/px4_msgs/msg/detail/vehicle_air_data__struct.h
[69.275s] -- Up-to-date: /home/pavel/ws_ros2/install/px4_msgs/include/px4_msgs/px4_msgs/msg/detail/buffer128__type_support.h
[69.275s] -- Up-to-date: /home/pavel/ws_ros2/install/px4_msgs/include/px4_msgs/px4_msgs/msg/detail/rtl_time_estimate__functions.c
[69.275s] -- Up-to-date: /home/pavel/ws_ros2/install/px4_msgs/include/px4_msgs/px4_msgs/msg/detail/normalized_unsigned_setpoint__type_support.h
[69.275s] -- Up-to-date: /home/pavel/ws_ros2/install/px4_msgs/include/px4_msgs/px4_msgs/msg/detail/landing_target_innovations__type_support.h
[69.275s] -- Up-to-date: /home/pavel/ws_ros2/install/px4_msgs/include/px4_msgs/px4_msgs/msg/detail/message_format_request__functions.c
[69.276s] -- Up-to-date: /home/pavel/ws_ros2/install/px4_msgs/include/px4_msgs/px4_msgs/msg/detail/gimbal_manager_information__struct.h
[69.276s] -- Up-to-date: /home/pavel/ws_ros2/install/px4_msgs/include/px4_msgs/px4_msgs/msg/detail/power_button_state__functions.h
[69.276s] -- Up-to-date: /home/pavel/ws_ros2/install/px4_msgs/include/px4_msgs/px4_msgs/msg/detail/sensor_selection__struct.h
[69.276s] -- Up-to-date: /home/pavel/ws_ros2/install/px4_msgs/include/px4_msgs/px4_msgs/msg/detail/npfg_status__type_support.h
[69.276s] -- Up-to-date: /home/pavel/ws_ros2/install/px4_msgs/include/px4_msgs/px4_msgs/msg/detail/task_stack_info__functions.c
[69.276s] -- Up-to-date: /home/pavel/ws_ros2/install/px4_msgs/include/px4_msgs/px4_msgs/msg/detail/estimator_status_flags__functions.h
[69.276s] -- Up-to-date: /home/pavel/ws_ros2/install/px4_msgs/include/px4_msgs/px4_msgs/msg/detail/qshell_req__functions.h
[69.277s] -- Up-to-date: /home/pavel/ws_ros2/install/px4_msgs/include/px4_msgs/px4_msgs/msg/detail/sensor_gnss_relative__struct.h
[69.277s] -- Up-to-date: /home/pavel/ws_ros2/install/px4_msgs/include/px4_msgs/px4_msgs/msg/detail/debug_value__functions.h
[69.277s] -- Up-to-date: /home/pavel/ws_ros2/install/px4_msgs/include/px4_msgs/px4_msgs/msg/detail/ping__type_support.h
[69.277s] -- Up-to-date: /home/pavel/ws_ros2/install/px4_msgs/include/px4_msgs/px4_msgs/msg/detail/gimbal_manager_set_manual_control__functions.c
[69.277s] -- Up-to-date: /home/pavel/ws_ros2/install/px4_msgs/include/px4_msgs/px4_msgs/msg/detail/airspeed_wind__functions.h
[69.277s] -- Up-to-date: /home/pavel/ws_ros2/install/px4_msgs/include/px4_msgs/px4_msgs/msg/detail/vehicle_optical_flow__functions.h
[69.277s] -- Up-to-date: /home/pavel/ws_ros2/install/px4_msgs/include/px4_msgs/px4_msgs/msg/detail/parameter_set_value_response__functions.c
[69.278s] -- Up-to-date: /home/pavel/ws_ros2/install/px4_msgs/include/px4_msgs/px4_msgs/msg/detail/orbit_status__struct.h
[69.278s] -- Up-to-date: /home/pavel/ws_ros2/install/px4_msgs/include/px4_msgs/px4_msgs/msg/detail/vehicle_constraints__functions.h
[69.278s] -- Up-to-date: /home/pavel/ws_ros2/install/px4_msgs/include/px4_msgs/px4_msgs/msg/detail/vehicle_constraints__struct.h
[69.278s] -- Up-to-date: /home/pavel/ws_ros2/install/px4_msgs/include/px4_msgs/px4_msgs/msg/detail/estimator_selector_status__struct.h
[69.278s] -- Up-to-date: /home/pavel/ws_ros2/install/px4_msgs/include/px4_msgs/px4_msgs/msg/detail/sensor_airflow__struct.h
[69.278s] -- Up-to-date: /home/pavel/ws_ros2/install/px4_msgs/include/px4_msgs/px4_msgs/msg/detail/velocity_limits__struct.h
[69.279s] -- Up-to-date: /home/pavel/ws_ros2/install/px4_msgs/include/px4_msgs/px4_msgs/msg/detail/ulog_stream__type_support.h
[69.279s] -- Up-to-date: /home/pavel/ws_ros2/install/px4_msgs/include/px4_msgs/px4_msgs/msg/detail/rc_channels__functions.c
[69.279s] -- Up-to-date: /home/pavel/ws_ros2/install/px4_msgs/include/px4_msgs/px4_msgs/msg/detail/input_rc__functions.h
[69.279s] -- Up-to-date: /home/pavel/ws_ros2/install/px4_msgs/include/px4_msgs/px4_msgs/msg/detail/onboard_computer_status__struct.h
[69.279s] -- Up-to-date: /home/pavel/ws_ros2/install/px4_msgs/include/px4_msgs/px4_msgs/msg/detail/vehicle_rates_setpoint__struct.h
[69.280s] -- Up-to-date: /home/pavel/ws_ros2/install/px4_msgs/include/px4_msgs/px4_msgs/msg/detail/mount_orientation__type_support.h
[69.280s] -- Up-to-date: /home/pavel/ws_ros2/install/px4_msgs/include/px4_msgs/px4_msgs/msg/detail/gimbal_device_information__type_support.h
[69.280s] -- Up-to-date: /home/pavel/ws_ros2/install/px4_msgs/include/px4_msgs/px4_msgs/msg/detail/sensor_gnss_relative__functions.c
[69.280s] -- Up-to-date: /home/pavel/ws_ros2/install/px4_msgs/include/px4_msgs/px4_msgs/msg/detail/ping__functions.c
[69.280s] -- Up-to-date: /home/pavel/ws_ros2/install/px4_msgs/include/px4_msgs/px4_msgs/msg/detail/vehicle_torque_setpoint__struct.h
[69.280s] -- Up-to-date: /home/pavel/ws_ros2/install/px4_msgs/include/px4_msgs/px4_msgs/msg/detail/landing_gear_wheel__struct.h
[69.280s] -- Up-to-date: /home/pavel/ws_ros2/install/px4_msgs/include/px4_msgs/px4_msgs/msg/detail/magnetometer_bias_estimate__functions.c
[69.281s] -- Up-to-date: /home/pavel/ws_ros2/install/px4_msgs/include/px4_msgs/px4_msgs/msg/detail/trajectory_bezier__functions.h
[69.281s] -- Up-to-date: /home/pavel/ws_ros2/install/px4_msgs/include/px4_msgs/px4_msgs/msg/detail/estimator_event_flags__type_support.h
[69.281s] -- Up-to-date: /home/pavel/ws_ros2/install/px4_msgs/include/px4_msgs/px4_msgs/msg/detail/orb_test_large__type_support.h
[69.281s] -- Up-to-date: /home/pavel/ws_ros2/install/px4_msgs/include/px4_msgs/px4_msgs/msg/detail/parameter_set_value_request__functions.h
[69.281s] -- Up-to-date: /home/pavel/ws_ros2/install/px4_msgs/include/px4_msgs/px4_msgs/msg/detail/sensors_status_imu__type_support.h
[69.281s] -- Up-to-date: /home/pavel/ws_ros2/install/px4_msgs/include/px4_msgs/px4_msgs/msg/detail/gimbal_manager_status__functions.c
[69.282s] -- Up-to-date: /home/pavel/ws_ros2/install/px4_msgs/include/px4_msgs/px4_msgs/msg/detail/sensor_gyro__functions.h
[69.282s] -- Up-to-date: /home/pavel/ws_ros2/install/px4_msgs/include/px4_msgs/px4_msgs/msg/detail/yaw_estimator_status__type_support.h
[69.282s] -- Up-to-date: /home/pavel/ws_ros2/install/px4_msgs/include/px4_msgs/px4_msgs/msg/detail/parameter_set_value_request__struct.h
[69.282s] -- Up-to-date: /home/pavel/ws_ros2/install/px4_msgs/include/px4_msgs/px4_msgs/msg/detail/dataman_response__functions.h
[69.282s] -- Up-to-date: /home/pavel/ws_ros2/install/px4_msgs/include/px4_msgs/px4_msgs/msg/detail/estimator_bias3d__functions.h
[69.282s] -- Up-to-date: /home/pavel/ws_ros2/install/px4_msgs/include/px4_msgs/px4_msgs/msg/detail/estimator_bias__type_support.h
[69.282s] -- Up-to-date: /home/pavel/ws_ros2/install/px4_msgs/include/px4_msgs/px4_msgs/msg/detail/rc_parameter_map__functions.h
[69.283s] -- Up-to-date: /home/pavel/ws_ros2/install/px4_msgs/include/px4_msgs/px4_msgs/msg/detail/tiltrotor_extra_controls__type_support.h
[69.283s] -- Up-to-date: /home/pavel/ws_ros2/install/px4_msgs/include/px4_msgs/px4_msgs/msg/detail/actuator_servos__functions.c
[69.283s] -- Up-to-date: /home/pavel/ws_ros2/install/px4_msgs/include/px4_msgs/px4_msgs/msg/detail/message_format_request__struct.h
[69.283s] -- Up-to-date: /home/pavel/ws_ros2/install/px4_msgs/include/px4_msgs/px4_msgs/msg/detail/config_overrides__type_support.h
[69.283s] -- Up-to-date: /home/pavel/ws_ros2/install/px4_msgs/include/px4_msgs/px4_msgs/msg/detail/sensors_status_imu__functions.c
[69.283s] -- Up-to-date: /home/pavel/ws_ros2/install/px4_msgs/include/px4_msgs/px4_msgs/msg/detail/airspeed_wind__struct.h
[69.284s] -- Up-to-date: /home/pavel/ws_ros2/install/px4_msgs/include/px4_msgs/px4_msgs/msg/detail/rtl_status__functions.h
[69.284s] -- Up-to-date: /home/pavel/ws_ros2/install/px4_msgs/include/px4_msgs/px4_msgs/msg/detail/uavcan_parameter_request__struct.h
[69.284s] -- Up-to-date: /home/pavel/ws_ros2/install/px4_msgs/include/px4_msgs/px4_msgs/msg/detail/manual_control_switches__functions.c
[69.284s] -- Up-to-date: /home/pavel/ws_ros2/install/px4_msgs/include/px4_msgs/px4_msgs/msg/detail/tiltrotor_extra_controls__functions.c
[69.284s] -- Up-to-date: /home/pavel/ws_ros2/install/px4_msgs/include/px4_msgs/px4_msgs/msg/detail/mission__functions.c
[69.284s] -- Up-to-date: /home/pavel/ws_ros2/install/px4_msgs/include/px4_msgs/px4_msgs/msg/detail/mission__functions.h
[69.284s] -- Up-to-date: /home/pavel/ws_ros2/install/px4_msgs/include/px4_msgs/px4_msgs/msg/detail/gimbal_device_set_attitude__functions.h
[69.285s] -- Up-to-date: /home/pavel/ws_ros2/install/px4_msgs/include/px4_msgs/px4_msgs/msg/detail/mission_result__struct.h
[69.285s] -- Up-to-date: /home/pavel/ws_ros2/install/px4_msgs/include/px4_msgs/px4_msgs/msg/detail/failsafe_flags__type_support.h
[69.285s] -- Up-to-date: /home/pavel/ws_ros2/install/px4_msgs/include/px4_msgs/px4_msgs/msg/detail/vehicle_air_data__type_support.h
[69.285s] -- Up-to-date: /home/pavel/ws_ros2/install/px4_msgs/include/px4_msgs/px4_msgs/msg/detail/gpio_request__functions.h
[69.285s] -- Up-to-date: /home/pavel/ws_ros2/install/px4_msgs/include/px4_msgs/px4_msgs/msg/detail/heater_status__type_support.h
[69.285s] -- Up-to-date: /home/pavel/ws_ros2/install/px4_msgs/include/px4_msgs/px4_msgs/msg/detail/sensor_selection__functions.c
[69.285s] -- Up-to-date: /home/pavel/ws_ros2/install/px4_msgs/include/px4_msgs/px4_msgs/msg/detail/control_allocator_status__functions.h
[69.285s] -- Up-to-date: /home/pavel/ws_ros2/install/px4_msgs/include/px4_msgs/px4_msgs/msg/detail/parameter_update__type_support.h
[69.286s] -- Up-to-date: /home/pavel/ws_ros2/install/px4_msgs/include/px4_msgs/px4_msgs/msg/detail/system_power__struct.h
[69.286s] -- Up-to-date: /home/pavel/ws_ros2/install/px4_msgs/include/px4_msgs/px4_msgs/msg/detail/flight_phase_estimation__functions.c
[69.286s] -- Up-to-date: /home/pavel/ws_ros2/install/px4_msgs/include/px4_msgs/px4_msgs/msg/detail/vehicle_imu_status__functions.h
[69.286s] -- Up-to-date: /home/pavel/ws_ros2/install/px4_msgs/include/px4_msgs/px4_msgs/msg/detail/arming_check_request__struct.h
[69.286s] -- Up-to-date: /home/pavel/ws_ros2/install/px4_msgs/include/px4_msgs/px4_msgs/msg/detail/buffer128__functions.h
[69.286s] -- Up-to-date: /home/pavel/ws_ros2/install/px4_msgs/include/px4_msgs/px4_msgs/msg/detail/rtl_time_estimate__functions.h
[69.287s] -- Up-to-date: /home/pavel/ws_ros2/install/px4_msgs/include/px4_msgs/px4_msgs/msg/detail/mavlink_log__functions.h
[69.287s] -- Up-to-date: /home/pavel/ws_ros2/install/px4_msgs/include/px4_msgs/px4_msgs/msg/detail/system_power__functions.h
[69.287s] -- Up-to-date: /home/pavel/ws_ros2/install/px4_msgs/include/px4_msgs/px4_msgs/msg/detail/irlock_report__functions.c
[69.287s] -- Up-to-date: /home/pavel/ws_ros2/install/px4_msgs/include/px4_msgs/px4_msgs/msg/detail/trajectory_setpoint__type_support.h
[69.287s] -- Up-to-date: /home/pavel/ws_ros2/install/px4_msgs/include/px4_msgs/px4_msgs/msg/detail/arming_check_request__type_support.h
[69.287s] -- Up-to-date: /home/pavel/ws_ros2/install/px4_msgs/include/px4_msgs/px4_msgs/msg/detail/orb_test_medium__functions.c
[69.287s] -- Up-to-date: /home/pavel/ws_ros2/install/px4_msgs/include/px4_msgs/px4_msgs/msg/detail/autotune_attitude_control_status__struct.h
[69.288s] -- Up-to-date: /home/pavel/ws_ros2/install/px4_msgs/include/px4_msgs/px4_msgs/msg/detail/orb_test__functions.h
[69.288s] -- Up-to-date: /home/pavel/ws_ros2/install/px4_msgs/include/px4_msgs/px4_msgs/msg/detail/sensor_gyro_fifo__functions.c
[69.288s] -- Up-to-date: /home/pavel/ws_ros2/install/px4_msgs/include/px4_msgs/px4_msgs/msg/detail/rpm__functions.h
[69.288s] -- Up-to-date: /home/pavel/ws_ros2/install/px4_msgs/include/px4_msgs/px4_msgs/msg/detail/actuator_servos_trim__struct.h
[69.288s] -- Up-to-date: /home/pavel/ws_ros2/install/px4_msgs/include/px4_msgs/px4_msgs/msg/detail/position_controller_status__functions.c
[69.288s] -- Up-to-date: /home/pavel/ws_ros2/install/px4_msgs/include/px4_msgs/px4_msgs/msg/detail/mission__type_support.h
[69.289s] -- Up-to-date: /home/pavel/ws_ros2/install/px4_msgs/include/px4_msgs/px4_msgs/msg/detail/vehicle_control_mode__functions.c
[69.289s] -- Up-to-date: /home/pavel/ws_ros2/install/px4_msgs/include/px4_msgs/px4_msgs/msg/detail/gimbal_manager_set_manual_control__struct.h
[69.289s] -- Up-to-date: /home/pavel/ws_ros2/install/px4_msgs/include/px4_msgs/px4_msgs/msg/detail/estimator_bias3d__struct.h
[69.289s] -- Up-to-date: /home/pavel/ws_ros2/install/px4_msgs/include/px4_msgs/px4_msgs/msg/detail/generator_status__type_support.h
[69.289s] -- Up-to-date: /home/pavel/ws_ros2/install/px4_msgs/include/px4_msgs/px4_msgs/msg/detail/rtl_status__struct.h
[69.289s] -- Up-to-date: /home/pavel/ws_ros2/install/px4_msgs/include/px4_msgs/px4_msgs/msg/detail/manual_control_setpoint__functions.c
[69.290s] -- Up-to-date: /home/pavel/ws_ros2/install/px4_msgs/include/px4_msgs/px4_msgs/msg/detail/sensor_uwb__functions.c
[69.290s] -- Up-to-date: /home/pavel/ws_ros2/install/px4_msgs/include/px4_msgs/px4_msgs/msg/detail/figure_eight_status__functions.c
[69.290s] -- Up-to-date: /home/pavel/ws_ros2/install/px4_msgs/include/px4_msgs/px4_msgs/msg/detail/orb_test_large__functions.h
[69.290s] -- Up-to-date: /home/pavel/ws_ros2/install/px4_msgs/include/px4_msgs/px4_msgs/msg/detail/rc_channels__type_support.h
[69.290s] -- Up-to-date: /home/pavel/ws_ros2/install/px4_msgs/include/px4_msgs/px4_msgs/msg/detail/vehicle_rates_setpoint__functions.c
[69.290s] -- Up-to-date: /home/pavel/ws_ros2/install/px4_msgs/include/px4_msgs/px4_msgs/msg/detail/orb_test_large__struct.h
[69.290s] -- Up-to-date: /home/pavel/ws_ros2/install/px4_msgs/include/px4_msgs/px4_msgs/msg/detail/follow_target__functions.h
[69.291s] -- Up-to-date: /home/pavel/ws_ros2/install/px4_msgs/include/px4_msgs/px4_msgs/msg/detail/unregister_ext_component__type_support.h
[69.291s] -- Up-to-date: /home/pavel/ws_ros2/install/px4_msgs/include/px4_msgs/px4_msgs/msg/detail/adc_report__functions.h
[69.291s] -- Up-to-date: /home/pavel/ws_ros2/install/px4_msgs/include/px4_msgs/px4_msgs/msg/detail/sensor_mag__type_support.h
[69.291s] -- Up-to-date: /home/pavel/ws_ros2/install/px4_msgs/include/px4_msgs/px4_msgs/msg/detail/ekf2_timestamps__functions.h
[69.291s] -- Up-to-date: /home/pavel/ws_ros2/install/px4_msgs/include/px4_msgs/px4_msgs/msg/detail/position_setpoint_triplet__functions.c
[69.291s] -- Up-to-date: /home/pavel/ws_ros2/install/px4_msgs/include/px4_msgs/px4_msgs/msg/detail/gpio_in__functions.h
[69.291s] -- Up-to-date: /home/pavel/ws_ros2/install/px4_msgs/include/px4_msgs/px4_msgs/msg/detail/orbit_status__functions.h
[69.292s] -- Up-to-date: /home/pavel/ws_ros2/install/px4_msgs/include/px4_msgs/px4_msgs/msg/detail/vehicle_local_position__struct.h
[69.292s] -- Up-to-date: /home/pavel/ws_ros2/install/px4_msgs/include/px4_msgs/px4_msgs/msg/detail/estimator_aid_source1d__struct.h
[69.292s] -- Up-to-date: /home/pavel/ws_ros2/install/px4_msgs/include/px4_msgs/px4_msgs/msg/detail/gimbal_manager_set_attitude__functions.c
[69.292s] -- Up-to-date: /home/pavel/ws_ros2/install/px4_msgs/include/px4_msgs/px4_msgs/msg/detail/rover_ackermann_guidance_status__type_support.h
[69.292s] -- Up-to-date: /home/pavel/ws_ros2/install/px4_msgs/include/px4_msgs/px4_msgs/msg/detail/config_overrides__functions.c
[69.292s] -- Up-to-date: /home/pavel/ws_ros2/install/px4_msgs/include/px4_msgs/px4_msgs/msg/detail/actuator_test__functions.h
[69.292s] -- Up-to-date: /home/pavel/ws_ros2/install/px4_msgs/include/px4_msgs/px4_msgs/msg/detail/cpuload__type_support.h
[69.292s] -- Up-to-date: /home/pavel/ws_ros2/install/px4_msgs/include/px4_msgs/px4_msgs/msg/detail/manual_control_switches__type_support.h
[69.292s] -- Up-to-date: /home/pavel/ws_ros2/install/px4_msgs/include/px4_msgs/px4_msgs/msg/detail/actuator_outputs__functions.h
[69.292s] -- Up-to-date: /home/pavel/ws_ros2/install/px4_msgs/include/px4_msgs/px4_msgs/msg/detail/actuator_controls_status__functions.h
[69.293s] -- Up-to-date: /home/pavel/ws_ros2/install/px4_msgs/include/px4_msgs/px4_msgs/msg/detail/follow_target_status__functions.c
[69.293s] -- Up-to-date: /home/pavel/ws_ros2/install/px4_msgs/include/px4_msgs/px4_msgs/msg/detail/vehicle_rates_setpoint__type_support.h
[69.293s] -- Up-to-date: /home/pavel/ws_ros2/install/px4_msgs/include/px4_msgs/px4_msgs/msg/detail/vehicle_magnetometer__struct.h
[69.293s] -- Up-to-date: /home/pavel/ws_ros2/install/px4_msgs/include/px4_msgs/px4_msgs/msg/detail/vehicle_status__functions.c
[69.293s] -- Up-to-date: /home/pavel/ws_ros2/install/px4_msgs/include/px4_msgs/px4_msgs/msg/detail/vehicle_odometry__struct.h
[69.293s] -- Up-to-date: /home/pavel/ws_ros2/install/px4_msgs/include/px4_msgs/px4_msgs/msg/detail/sensor_hygrometer__functions.h
[69.293s] -- Up-to-date: /home/pavel/ws_ros2/install/px4_msgs/include/px4_msgs/px4_msgs/msg/detail/estimator_event_flags__functions.c
[69.293s] -- Up-to-date: /home/pavel/ws_ros2/install/px4_msgs/include/px4_msgs/px4_msgs/msg/detail/irlock_report__struct.h
[69.293s] -- Up-to-date: /home/pavel/ws_ros2/install/px4_msgs/include/px4_msgs/px4_msgs/msg/detail/orbit_status__type_support.h
[69.293s] -- Up-to-date: /home/pavel/ws_ros2/install/px4_msgs/include/px4_msgs/px4_msgs/msg/detail/follow_target_estimator__functions.c
[69.293s] -- Up-to-date: /home/pavel/ws_ros2/install/px4_msgs/include/px4_msgs/px4_msgs/msg/detail/gimbal_manager_information__functions.c
[69.293s] -- Up-to-date: /home/pavel/ws_ros2/install/px4_msgs/include/px4_msgs/px4_msgs/msg/detail/vehicle_optical_flow__functions.c
[69.293s] -- Up-to-date: /home/pavel/ws_ros2/install/px4_msgs/include/px4_msgs/px4_msgs/msg/detail/sensor_hygrometer__functions.c
[69.293s] -- Up-to-date: /home/pavel/ws_ros2/install/px4_msgs/include/px4_msgs/px4_msgs/msg/detail/flight_phase_estimation__functions.h
[69.293s] -- Up-to-date: /home/pavel/ws_ros2/install/px4_msgs/include/px4_msgs/px4_msgs/msg/detail/differential_drive_setpoint__functions.c
[69.293s] -- Up-to-date: /home/pavel/ws_ros2/install/px4_msgs/include/px4_msgs/px4_msgs/msg/detail/vehicle_status__functions.h
[69.293s] -- Up-to-date: /home/pavel/ws_ros2/install/px4_msgs/include/px4_msgs/px4_msgs/msg/detail/airspeed_validated__functions.c
[69.294s] -- Up-to-date: /home/pavel/ws_ros2/install/px4_msgs/include/px4_msgs/px4_msgs/msg/detail/logger_status__type_support.h
[69.294s] -- Up-to-date: /home/pavel/ws_ros2/install/px4_msgs/include/px4_msgs/px4_msgs/msg/detail/px4io_status__struct.h
[69.294s] -- Up-to-date: /home/pavel/ws_ros2/install/px4_msgs/include/px4_msgs/px4_msgs/msg/detail/distance_sensor__struct.h
[69.294s] -- Up-to-date: /home/pavel/ws_ros2/install/px4_msgs/include/px4_msgs/px4_msgs/msg/detail/vehicle_optical_flow__type_support.h
[69.294s] -- Up-to-date: /home/pavel/ws_ros2/install/px4_msgs/include/px4_msgs/px4_msgs/msg/detail/sensor_selection__functions.h
[69.294s] -- Up-to-date: /home/pavel/ws_ros2/install/px4_msgs/include/px4_msgs/px4_msgs/msg/detail/sensor_mag__functions.h
[69.294s] -- Up-to-date: /home/pavel/ws_ros2/install/px4_msgs/include/px4_msgs/px4_msgs/msg/detail/sensor_hygrometer__type_support.h
[69.294s] -- Up-to-date: /home/pavel/ws_ros2/install/px4_msgs/include/px4_msgs/px4_msgs/msg/detail/logger_status__functions.h
[69.294s] -- Up-to-date: /home/pavel/ws_ros2/install/px4_msgs/include/px4_msgs/px4_msgs/msg/detail/gimbal_device_set_attitude__functions.c
[69.294s] -- Up-to-date: /home/pavel/ws_ros2/install/px4_msgs/include/px4_msgs/px4_msgs/msg/detail/sensor_optical_flow__functions.h
[69.294s] -- Up-to-date: /home/pavel/ws_ros2/install/px4_msgs/include/px4_msgs/px4_msgs/msg/detail/vehicle_land_detected__functions.c
[69.294s] -- Up-to-date: /home/pavel/ws_ros2/install/px4_msgs/include/px4_msgs/px4_msgs/msg/detail/takeoff_status__functions.h
[69.294s] -- Up-to-date: /home/pavel/ws_ros2/install/px4_msgs/include/px4_msgs/px4_msgs/msg/detail/estimator_status_flags__struct.h
[69.294s] -- Up-to-date: /home/pavel/ws_ros2/install/px4_msgs/include/px4_msgs/px4_msgs/msg/detail/transponder_report__struct.h
[69.294s] -- Up-to-date: /home/pavel/ws_ros2/install/px4_msgs/include/px4_msgs/px4_msgs/msg/detail/parameter_reset_request__type_support.h
[69.295s] -- Up-to-date: /home/pavel/ws_ros2/install/px4_msgs/include/px4_msgs/px4_msgs/msg/detail/actuator_outputs__type_support.h
[69.295s] -- Up-to-date: /home/pavel/ws_ros2/install/px4_msgs/include/px4_msgs/px4_msgs/msg/detail/debug_value__functions.c
[69.295s] -- Up-to-date: /home/pavel/ws_ros2/install/px4_msgs/include/px4_msgs/px4_msgs/msg/detail/action_request__type_support.h
[69.295s] -- Up-to-date: /home/pavel/ws_ros2/install/px4_msgs/include/px4_msgs/px4_msgs/msg/detail/sensor_accel__functions.c
[69.295s] -- Up-to-date: /home/pavel/ws_ros2/install/px4_msgs/include/px4_msgs/px4_msgs/msg/detail/arming_check_request__functions.h
[69.295s] -- Up-to-date: /home/pavel/ws_ros2/install/px4_msgs/include/px4_msgs/px4_msgs/msg/detail/input_rc__type_support.h
[69.295s] -- Up-to-date: /home/pavel/ws_ros2/install/px4_msgs/include/px4_msgs/px4_msgs/msg/detail/px4io_status__type_support.h
[69.295s] -- Up-to-date: /home/pavel/ws_ros2/install/px4_msgs/include/px4_msgs/px4_msgs/msg/detail/sensor_baro__functions.h
[69.295s] -- Up-to-date: /home/pavel/ws_ros2/install/px4_msgs/include/px4_msgs/px4_msgs/msg/detail/gps_inject_data__struct.h
[69.295s] -- Up-to-date: /home/pavel/ws_ros2/install/px4_msgs/include/px4_msgs/px4_msgs/msg/detail/vehicle_angular_velocity__type_support.h
[69.295s] -- Up-to-date: /home/pavel/ws_ros2/install/px4_msgs/include/px4_msgs/px4_msgs/msg/detail/collision_constraints__functions.c
[69.295s] -- Up-to-date: /home/pavel/ws_ros2/install/px4_msgs/include/px4_msgs/px4_msgs/msg/detail/sensor_preflight_mag__functions.h
[69.295s] -- Up-to-date: /home/pavel/ws_ros2/install/px4_msgs/include/px4_msgs/px4_msgs/msg/detail/offboard_control_mode__struct.h
[69.295s] -- Up-to-date: /home/pavel/ws_ros2/install/px4_msgs/include/px4_msgs/px4_msgs/msg/detail/rover_ackermann_guidance_status__functions.h
[69.295s] -- Up-to-date: /home/pavel/ws_ros2/install/px4_msgs/include/px4_msgs/px4_msgs/msg/detail/collision_report__functions.h
[69.295s] -- Up-to-date: /home/pavel/ws_ros2/install/px4_msgs/include/px4_msgs/px4_msgs/msg/detail/rc_channels__struct.h
[69.295s] -- Up-to-date: /home/pavel/ws_ros2/install/px4_msgs/include/px4_msgs/px4_msgs/msg/detail/battery_status__functions.h
[69.295s] -- Up-to-date: /home/pavel/ws_ros2/install/px4_msgs/include/px4_msgs/px4_msgs/msg/detail/vehicle_imu__functions.h
[69.296s] -- Up-to-date: /home/pavel/ws_ros2/install/px4_msgs/include/px4_msgs/px4_msgs/msg/detail/sensor_selection__type_support.h
[69.296s] -- Up-to-date: /home/pavel/ws_ros2/install/px4_msgs/include/px4_msgs/px4_msgs/msg/detail/gimbal_device_attitude_status__type_support.h
[69.296s] -- Up-to-date: /home/pavel/ws_ros2/install/px4_msgs/include/px4_msgs/px4_msgs/msg/detail/qshell_req__struct.h
[69.296s] -- Up-to-date: /home/pavel/ws_ros2/install/px4_msgs/include/px4_msgs/px4_msgs/msg/detail/radio_status__functions.c
[69.296s] -- Up-to-date: /home/pavel/ws_ros2/install/px4_msgs/include/px4_msgs/px4_msgs/msg/detail/action_request__functions.c
[69.296s] -- Up-to-date: /home/pavel/ws_ros2/install/px4_msgs/include/px4_msgs/px4_msgs/msg/detail/npfg_status__functions.c
[69.296s] -- Up-to-date: /home/pavel/ws_ros2/install/px4_msgs/include/px4_msgs/px4_msgs/msg/detail/airspeed__functions.h
[69.296s] -- Up-to-date: /home/pavel/ws_ros2/install/px4_msgs/include/px4_msgs/px4_msgs/msg/detail/trajectory_bezier__struct.h
[69.296s] -- Up-to-date: /home/pavel/ws_ros2/install/px4_msgs/include/px4_msgs/px4_msgs/msg/detail/goto_setpoint__functions.h
[69.296s] -- Up-to-date: /home/pavel/ws_ros2/install/px4_msgs/include/px4_msgs/px4_msgs/msg/detail/hover_thrust_estimate__functions.c
[69.296s] -- Up-to-date: /home/pavel/ws_ros2/install/px4_msgs/include/px4_msgs/px4_msgs/msg/detail/vtol_vehicle_status__functions.h
[69.296s] -- Up-to-date: /home/pavel/ws_ros2/install/px4_msgs/include/px4_msgs/px4_msgs/msg/detail/home_position__struct.h
[69.296s] -- Up-to-date: /home/pavel/ws_ros2/install/px4_msgs/include/px4_msgs/px4_msgs/msg/detail/parameter_set_used_request__type_support.h
[69.296s] -- Up-to-date: /home/pavel/ws_ros2/install/px4_msgs/include/px4_msgs/px4_msgs/msg/detail/sensor_accel__functions.h
[69.296s] -- Up-to-date: /home/pavel/ws_ros2/install/px4_msgs/include/px4_msgs/px4_msgs/msg/detail/ulog_stream_ack__functions.c
[69.296s] -- Up-to-date: /home/pavel/ws_ros2/install/px4_msgs/include/px4_msgs/px4_msgs/msg/detail/mission_result__functions.c
[69.296s] -- Up-to-date: /home/pavel/ws_ros2/install/px4_msgs/include/px4_msgs/px4_msgs/msg/detail/distance_sensor__type_support.h
[69.296s] -- Up-to-date: /home/pavel/ws_ros2/install/px4_msgs/include/px4_msgs/px4_msgs/msg/detail/power_monitor__functions.h
[69.297s] -- Up-to-date: /home/pavel/ws_ros2/install/px4_msgs/include/px4_msgs/px4_msgs/msg/detail/orb_test_large__functions.c
[69.297s] -- Up-to-date: /home/pavel/ws_ros2/install/px4_msgs/include/px4_msgs/px4_msgs/msg/detail/wheel_encoders__functions.c
[69.297s] -- Up-to-date: /home/pavel/ws_ros2/install/px4_msgs/include/px4_msgs/px4_msgs/msg/detail/landing_gear_wheel__functions.h
[69.297s] -- Up-to-date: /home/pavel/ws_ros2/install/px4_msgs/include/px4_msgs/px4_msgs/msg/detail/landing_target_pose__functions.c
[69.297s] -- Up-to-date: /home/pavel/ws_ros2/install/px4_msgs/include/px4_msgs/px4_msgs/msg/detail/estimator_aid_source2d__functions.h
[69.297s] -- Up-to-date: /home/pavel/ws_ros2/install/px4_msgs/include/px4_msgs/px4_msgs/msg/detail/pwm_input__functions.h
[69.297s] -- Up-to-date: /home/pavel/ws_ros2/install/px4_msgs/include/px4_msgs/px4_msgs/msg/detail/internal_combustion_engine_status__functions.h
[69.297s] -- Up-to-date: /home/pavel/ws_ros2/install/px4_msgs/include/px4_msgs/px4_msgs/msg/detail/gimbal_controls__struct.h
[69.297s] -- Up-to-date: /home/pavel/ws_ros2/install/px4_msgs/include/px4_msgs/px4_msgs/msg/detail/ping__struct.h
[69.297s] -- Up-to-date: /home/pavel/ws_ros2/install/px4_msgs/include/px4_msgs/px4_msgs/msg/detail/orb_test_medium__functions.h
[69.297s] -- Up-to-date: /home/pavel/ws_ros2/install/px4_msgs/include/px4_msgs/px4_msgs/msg/detail/vehicle_trajectory_bezier__functions.c
[69.297s] -- Up-to-date: /home/pavel/ws_ros2/install/px4_msgs/include/px4_msgs/px4_msgs/msg/detail/sensor_uwb__type_support.h
[69.297s] -- Up-to-date: /home/pavel/ws_ros2/install/px4_msgs/include/px4_msgs/px4_msgs/msg/detail/vehicle_angular_acceleration_setpoint__struct.h
[69.297s] -- Up-to-date: /home/pavel/ws_ros2/install/px4_msgs/include/px4_msgs/px4_msgs/msg/detail/camera_status__type_support.h
[69.297s] -- Up-to-date: /home/pavel/ws_ros2/install/px4_msgs/include/px4_msgs/px4_msgs/msg/detail/actuator_test__struct.h
[69.297s] -- Up-to-date: /home/pavel/ws_ros2/install/px4_msgs/include/px4_msgs/px4_msgs/msg/detail/offboard_control_mode__functions.h
[69.297s] -- Up-to-date: /home/pavel/ws_ros2/install/px4_msgs/include/px4_msgs/px4_msgs/msg/detail/estimator_selector_status__functions.c
[69.297s] -- Up-to-date: /home/pavel/ws_ros2/install/px4_msgs/include/px4_msgs/px4_msgs/msg/detail/actuator_servos__functions.h
[69.297s] -- Up-to-date: /home/pavel/ws_ros2/install/px4_msgs/include/px4_msgs/px4_msgs/msg/detail/message_format_response__functions.c
[69.297s] -- Up-to-date: /home/pavel/ws_ros2/install/px4_msgs/include/px4_msgs/px4_msgs/msg/detail/debug_value__struct.h
[69.298s] -- Up-to-date: /home/pavel/ws_ros2/install/px4_msgs/include/px4_msgs/px4_msgs/msg/detail/estimator_sensor_bias__struct.h
[69.298s] -- Up-to-date: /home/pavel/ws_ros2/install/px4_msgs/include/px4_msgs/px4_msgs/msg/detail/takeoff_status__type_support.h
[69.298s] -- Up-to-date: /home/pavel/ws_ros2/install/px4_msgs/include/px4_msgs/px4_msgs/msg/detail/home_position__functions.c
[69.298s] -- Up-to-date: /home/pavel/ws_ros2/install/px4_msgs/include/px4_msgs/px4_msgs/msg/detail/trajectory_bezier__functions.c
[69.298s] -- Up-to-date: /home/pavel/ws_ros2/install/px4_msgs/include/px4_msgs/px4_msgs/msg/detail/sensor_correction__struct.h
[69.298s] -- Up-to-date: /home/pavel/ws_ros2/install/px4_msgs/include/px4_msgs/px4_msgs/msg/detail/cellular_status__functions.c
[69.298s] -- Up-to-date: /home/pavel/ws_ros2/install/px4_msgs/include/px4_msgs/px4_msgs/msg/detail/offboard_control_mode__type_support.h
[69.298s] -- Up-to-date: /home/pavel/ws_ros2/install/px4_msgs/include/px4_msgs/px4_msgs/msg/detail/esc_report__struct.h
[69.298s] -- Up-to-date: /home/pavel/ws_ros2/install/px4_msgs/include/px4_msgs/px4_msgs/msg/detail/rate_ctrl_status__functions.c
[69.298s] -- Up-to-date: /home/pavel/ws_ros2/install/px4_msgs/include/px4_msgs/px4_msgs/msg/detail/iridiumsbd_status__type_support.h
[69.298s] -- Up-to-date: /home/pavel/ws_ros2/install/px4_msgs/include/px4_msgs/px4_msgs/msg/detail/manual_control_setpoint__functions.h
[69.298s] -- Up-to-date: /home/pavel/ws_ros2/install/px4_msgs/include/px4_msgs/px4_msgs/msg/detail/debug_array__functions.c
[69.298s] -- Up-to-date: /home/pavel/ws_ros2/install/px4_msgs/include/px4_msgs/px4_msgs/msg/detail/orb_test__type_support.h
[69.298s] -- Up-to-date: /home/pavel/ws_ros2/install/px4_msgs/include/px4_msgs/px4_msgs/msg/detail/sensor_optical_flow__struct.h
[69.298s] -- Up-to-date: /home/pavel/ws_ros2/install/px4_msgs/include/px4_msgs/px4_msgs/msg/detail/uavcan_parameter_request__functions.c
[69.298s] -- Up-to-date: /home/pavel/ws_ros2/install/px4_msgs/include/px4_msgs/px4_msgs/msg/detail/timesync_status__type_support.h
[69.298s] -- Up-to-date: /home/pavel/ws_ros2/install/px4_msgs/include/px4_msgs/px4_msgs/msg/detail/gpio_config__type_support.h
[69.298s] -- Up-to-date: /home/pavel/ws_ros2/install/px4_msgs/include/px4_msgs/px4_msgs/msg/detail/sensor_uwb__struct.h
[69.298s] -- Up-to-date: /home/pavel/ws_ros2/install/px4_msgs/include/px4_msgs/px4_msgs/msg/detail/landing_gear__functions.h
[69.298s] -- Up-to-date: /home/pavel/ws_ros2/install/px4_msgs/include/px4_msgs/px4_msgs/msg/detail/gimbal_device_attitude_status__struct.h
[69.298s] -- Up-to-date: /home/pavel/ws_ros2/install/px4_msgs/include/px4_msgs/px4_msgs/msg/detail/vehicle_air_data__functions.c
[69.299s] -- Up-to-date: /home/pavel/ws_ros2/install/px4_msgs/include/px4_msgs/px4_msgs/msg/detail/actuator_motors__functions.h
[69.299s] -- Up-to-date: /home/pavel/ws_ros2/install/px4_msgs/include/px4_msgs/px4_msgs/msg/detail/position_controller_status__struct.h
[69.299s] -- Up-to-date: /home/pavel/ws_ros2/install/px4_msgs/include/px4_msgs/px4_msgs/msg/detail/mount_orientation__struct.h
[69.299s] -- Up-to-date: /home/pavel/ws_ros2/install/px4_msgs/include/px4_msgs/px4_msgs/msg/detail/radio_status__type_support.h
[69.299s] -- Up-to-date: /home/pavel/ws_ros2/install/px4_msgs/include/px4_msgs/px4_msgs/msg/detail/actuator_controls_status__struct.h
[69.299s] -- Up-to-date: /home/pavel/ws_ros2/install/px4_msgs/include/px4_msgs/px4_msgs/msg/detail/heater_status__struct.h
[69.299s] -- Up-to-date: /home/pavel/ws_ros2/install/px4_msgs/include/px4_msgs/px4_msgs/msg/detail/gimbal_manager_status__type_support.h
[69.299s] -- Up-to-date: /home/pavel/ws_ros2/install/px4_msgs/include/px4_msgs/px4_msgs/msg/detail/rtl_time_estimate__struct.h
[69.299s] -- Up-to-date: /home/pavel/ws_ros2/install/px4_msgs/include/px4_msgs/px4_msgs/msg/detail/launch_detection_status__functions.c
[69.299s] -- Up-to-date: /home/pavel/ws_ros2/install/px4_msgs/include/px4_msgs/px4_msgs/msg/detail/position_setpoint__struct.h
[69.299s] -- Up-to-date: /home/pavel/ws_ros2/install/px4_msgs/include/px4_msgs/px4_msgs/msg/detail/rc_channels__functions.h
[69.299s] -- Up-to-date: /home/pavel/ws_ros2/install/px4_msgs/include/px4_msgs/px4_msgs/msg/detail/internal_combustion_engine_status__functions.c
[69.299s] -- Up-to-date: /home/pavel/ws_ros2/install/px4_msgs/include/px4_msgs/px4_msgs/msg/detail/uavcan_parameter_value__struct.h
[69.299s] -- Up-to-date: /home/pavel/ws_ros2/install/px4_msgs/include/px4_msgs/px4_msgs/msg/detail/sensor_baro__struct.h
[69.299s] -- Up-to-date: /home/pavel/ws_ros2/install/px4_msgs/include/px4_msgs/px4_msgs/msg/detail/heater_status__functions.c
[69.299s] -- Up-to-date: /home/pavel/ws_ros2/install/px4_msgs/include/px4_msgs/px4_msgs/msg/detail/normalized_unsigned_setpoint__functions.h
[69.299s] -- Up-to-date: /home/pavel/ws_ros2/install/px4_msgs/include/px4_msgs/px4_msgs/msg/detail/position_controller_status__type_support.h
[69.299s] -- Up-to-date: /home/pavel/ws_ros2/install/px4_msgs/include/px4_msgs/px4_msgs/msg/detail/satellite_info__functions.h
[69.299s] -- Up-to-date: /home/pavel/ws_ros2/install/px4_msgs/include/px4_msgs/px4_msgs/msg/detail/estimator_event_flags__struct.h
[69.299s] -- Up-to-date: /home/pavel/ws_ros2/install/px4_msgs/include/px4_msgs/px4_msgs/msg/detail/autotune_attitude_control_status__type_support.h
[69.299s] -- Up-to-date: /home/pavel/ws_ros2/install/px4_msgs/include/px4_msgs/px4_msgs/msg/detail/velocity_limits__type_support.h
[69.300s] -- Up-to-date: /home/pavel/ws_ros2/install/px4_msgs/include/px4_msgs/px4_msgs/msg/detail/system_power__type_support.h
[69.300s] -- Up-to-date: /home/pavel/ws_ros2/install/px4_msgs/include/px4_msgs/px4_msgs/msg/detail/rc_parameter_map__type_support.h
[69.300s] -- Up-to-date: /home/pavel/ws_ros2/install/px4_msgs/include/px4_msgs/px4_msgs/msg/detail/estimator_states__functions.c
[69.300s] -- Up-to-date: /home/pavel/ws_ros2/install/px4_msgs/include/px4_msgs/px4_msgs/msg/detail/rtl_time_estimate__type_support.h
[69.300s] -- Up-to-date: /home/pavel/ws_ros2/install/px4_msgs/include/px4_msgs/px4_msgs/msg/detail/register_ext_component_request__functions.c
[69.300s] -- Up-to-date: /home/pavel/ws_ros2/install/px4_msgs/include/px4_msgs/px4_msgs/msg/detail/sensors_status__functions.c
[69.300s] -- Up-to-date: /home/pavel/ws_ros2/install/px4_msgs/include/px4_msgs/px4_msgs/msg/detail/px4io_status__functions.h
[69.300s] -- Up-to-date: /home/pavel/ws_ros2/install/px4_msgs/include/px4_msgs/px4_msgs/msg/detail/vehicle_land_detected__functions.h
[69.300s] -- Up-to-date: /home/pavel/ws_ros2/install/px4_msgs/include/px4_msgs/px4_msgs/msg/detail/uavcan_parameter_request__type_support.h
[69.300s] -- Up-to-date: /home/pavel/ws_ros2/install/px4_msgs/include/px4_msgs/px4_msgs/msg/detail/landing_gear__type_support.h
[69.300s] -- Up-to-date: /home/pavel/ws_ros2/install/px4_msgs/include/px4_msgs/px4_msgs/msg/detail/mode_completed__struct.h
[69.300s] -- Up-to-date: /home/pavel/ws_ros2/install/px4_msgs/include/px4_msgs/px4_msgs/msg/detail/task_stack_info__struct.h
[69.300s] -- Up-to-date: /home/pavel/ws_ros2/install/px4_msgs/include/px4_msgs/px4_msgs/msg/detail/parameter_set_value_request__type_support.h
[69.300s] -- Up-to-date: /home/pavel/ws_ros2/install/px4_msgs/include/px4_msgs/px4_msgs/msg/detail/velocity_limits__functions.h
[69.300s] -- Up-to-date: /home/pavel/ws_ros2/install/px4_msgs/include/px4_msgs/px4_msgs/msg/detail/gimbal_manager_information__functions.h
[69.300s] -- Up-to-date: /home/pavel/ws_ros2/install/px4_msgs/include/px4_msgs/px4_msgs/msg/detail/figure_eight_status__type_support.h
[69.300s] -- Up-to-date: /home/pavel/ws_ros2/install/px4_msgs/include/px4_msgs/px4_msgs/msg/detail/ulog_stream__functions.h
[69.300s] -- Up-to-date: /home/pavel/ws_ros2/install/px4_msgs/include/px4_msgs/px4_msgs/msg/detail/sensor_gps__functions.h
[69.301s] -- Up-to-date: /home/pavel/ws_ros2/install/px4_msgs/include/px4_msgs/px4_msgs/msg/detail/position_setpoint_triplet__type_support.h
[69.301s] -- Up-to-date: /home/pavel/ws_ros2/install/px4_msgs/include/px4_msgs/px4_msgs/msg/detail/telemetry_status__type_support.h
[69.301s] -- Up-to-date: /home/pavel/ws_ros2/install/px4_msgs/include/px4_msgs/px4_msgs/msg/detail/mavlink_tunnel__functions.c
[69.301s] -- Up-to-date: /home/pavel/ws_ros2/install/px4_msgs/include/px4_msgs/px4_msgs/msg/detail/wind__struct.h
[69.301s] -- Up-to-date: /home/pavel/ws_ros2/install/px4_msgs/include/px4_msgs/px4_msgs/msg/detail/gpio_request__struct.h
[69.301s] -- Up-to-date: /home/pavel/ws_ros2/install/px4_msgs/include/px4_msgs/px4_msgs/msg/detail/differential_drive_setpoint__struct.h
[69.301s] -- Up-to-date: /home/pavel/ws_ros2/install/px4_msgs/include/px4_msgs/px4_msgs/msg/detail/hover_thrust_estimate__struct.h
[69.301s] -- Up-to-date: /home/pavel/ws_ros2/install/px4_msgs/include/px4_msgs/px4_msgs/msg/detail/estimator_innovations__struct.h
[69.301s] -- Up-to-date: /home/pavel/ws_ros2/install/px4_msgs/include/px4_msgs/px4_msgs/msg/detail/rc_parameter_map__struct.h
[69.301s] -- Up-to-date: /home/pavel/ws_ros2/install/px4_msgs/include/px4_msgs/px4_msgs/msg/detail/vehicle_torque_setpoint__functions.h
[69.301s] -- Up-to-date: /home/pavel/ws_ros2/install/px4_msgs/include/px4_msgs/px4_msgs/msg/detail/gpio_out__struct.h
[69.301s] -- Up-to-date: /home/pavel/ws_ros2/install/px4_msgs/include/px4_msgs/px4_msgs/msg/detail/sensor_gyro_fifo__functions.h
[69.301s] -- Up-to-date: /home/pavel/ws_ros2/install/px4_msgs/include/px4_msgs/px4_msgs/msg/detail/sensor_optical_flow__type_support.h
[69.301s] -- Up-to-date: /home/pavel/ws_ros2/install/px4_msgs/include/px4_msgs/px4_msgs/msg/detail/estimator_states__type_support.h
[69.301s] -- Up-to-date: /home/pavel/ws_ros2/install/px4_msgs/include/px4_msgs/px4_msgs/msg/detail/flight_phase_estimation__type_support.h
[69.301s] -- Up-to-date: /home/pavel/ws_ros2/install/px4_msgs/include/px4_msgs/px4_msgs/msg/detail/estimator_aid_source1d__functions.h
[69.302s] -- Up-to-date: /home/pavel/ws_ros2/install/px4_msgs/include/px4_msgs/px4_msgs/msg/detail/sensor_gyro__type_support.h
[69.302s] -- Up-to-date: /home/pavel/ws_ros2/install/px4_msgs/include/px4_msgs/px4_msgs/msg/detail/task_stack_info__type_support.h
[69.302s] -- Up-to-date: /home/pavel/ws_ros2/install/px4_msgs/include/px4_msgs/px4_msgs/msg/detail/follow_target__struct.h
[69.302s] -- Up-to-date: /home/pavel/ws_ros2/install/px4_msgs/include/px4_msgs/px4_msgs/msg/detail/wheel_encoders__type_support.h
[69.302s] -- Up-to-date: /home/pavel/ws_ros2/install/px4_msgs/include/px4_msgs/px4_msgs/msg/detail/rover_ackermann_guidance_status__functions.c
[69.302s] -- Up-to-date: /home/pavel/ws_ros2/install/px4_msgs/include/px4_msgs/px4_msgs/msg/detail/vehicle_constraints__type_support.h
[69.302s] -- Up-to-date: /home/pavel/ws_ros2/install/px4_msgs/include/px4_msgs/px4_msgs/msg/detail/led_control__functions.c
[69.302s] -- Up-to-date: /home/pavel/ws_ros2/install/px4_msgs/include/px4_msgs/px4_msgs/msg/detail/sensor_preflight_mag__type_support.h
[69.302s] -- Up-to-date: /home/pavel/ws_ros2/install/px4_msgs/include/px4_msgs/px4_msgs/msg/detail/actuator_armed__functions.h
[69.302s] -- Up-to-date: /home/pavel/ws_ros2/install/px4_msgs/include/px4_msgs/px4_msgs/msg/detail/failsafe_flags__functions.c
[69.302s] -- Up-to-date: /home/pavel/ws_ros2/install/px4_msgs/include/px4_msgs/px4_msgs/msg/detail/message_format_response__type_support.h
[69.302s] -- Up-to-date: /home/pavel/ws_ros2/install/px4_msgs/include/px4_msgs/px4_msgs/msg/detail/estimator_status_flags__functions.c
[69.302s] -- Up-to-date: /home/pavel/ws_ros2/install/px4_msgs/include/px4_msgs/px4_msgs/msg/detail/camera_status__functions.h
[69.302s] -- Up-to-date: /home/pavel/ws_ros2/install/px4_msgs/include/px4_msgs/px4_msgs/msg/detail/sensor_preflight_mag__functions.c
[69.302s] -- Up-to-date: /home/pavel/ws_ros2/install/px4_msgs/include/px4_msgs/px4_msgs/msg/detail/wind__type_support.h
[69.302s] -- Up-to-date: /home/pavel/ws_ros2/install/px4_msgs/include/px4_msgs/px4_msgs/msg/detail/pwm_input__struct.h
[69.302s] -- Up-to-date: /home/pavel/ws_ros2/install/px4_msgs/include/px4_msgs/px4_msgs/msg/detail/wheel_encoders__struct.h
[69.302s] -- Up-to-date: /home/pavel/ws_ros2/install/px4_msgs/include/px4_msgs/px4_msgs/msg/detail/vehicle_land_detected__struct.h
[69.303s] -- Up-to-date: /home/pavel/ws_ros2/install/px4_msgs/include/px4_msgs/px4_msgs/msg/detail/geofence_result__functions.c
[69.303s] -- Up-to-date: /home/pavel/ws_ros2/install/px4_msgs/include/px4_msgs/px4_msgs/msg/detail/obstacle_distance__type_support.h
[69.303s] -- Up-to-date: /home/pavel/ws_ros2/install/px4_msgs/include/px4_msgs/px4_msgs/msg/detail/yaw_estimator_status__functions.c
[69.303s] -- Up-to-date: /home/pavel/ws_ros2/install/px4_msgs/include/px4_msgs/px4_msgs/msg/detail/button_event__functions.c
[69.303s] -- Up-to-date: /home/pavel/ws_ros2/install/px4_msgs/include/px4_msgs/px4_msgs/msg/detail/position_setpoint_triplet__struct.h
[69.303s] -- Up-to-date: /home/pavel/ws_ros2/install/px4_msgs/include/px4_msgs/px4_msgs/msg/detail/gpio_in__type_support.h
[69.303s] -- Up-to-date: /home/pavel/ws_ros2/install/px4_msgs/include/px4_msgs/px4_msgs/msg/detail/actuator_controls_status__type_support.h
[69.303s] -- Up-to-date: /home/pavel/ws_ros2/install/px4_msgs/include/px4_msgs/px4_msgs/msg/detail/vehicle_global_position__type_support.h
[69.303s] -- Up-to-date: /home/pavel/ws_ros2/install/px4_msgs/include/px4_msgs/px4_msgs/msg/detail/mag_worker_data__functions.h
[69.303s] -- Up-to-date: /home/pavel/ws_ros2/install/px4_msgs/include/px4_msgs/px4_msgs/msg/detail/led_control__functions.h
[69.303s] -- Up-to-date: /home/pavel/ws_ros2/install/px4_msgs/include/px4_msgs/px4_msgs/msg/detail/sensor_gnss_relative__type_support.h
[69.303s] -- Up-to-date: /home/pavel/ws_ros2/install/px4_msgs/include/px4_msgs/px4_msgs/msg/detail/gpio_config__functions.h
[69.303s] -- Up-to-date: /home/pavel/ws_ros2/install/px4_msgs/include/px4_msgs/px4_msgs/msg/detail/sensor_gnss_relative__functions.h
[69.303s] -- Up-to-date: /home/pavel/ws_ros2/install/px4_msgs/include/px4_msgs/px4_msgs/msg/detail/irlock_report__type_support.h
[69.303s] -- Up-to-date: /home/pavel/ws_ros2/install/px4_msgs/include/px4_msgs/px4_msgs/msg/detail/manual_control_setpoint__struct.h
[69.303s] -- Up-to-date: /home/pavel/ws_ros2/install/px4_msgs/include/px4_msgs/px4_msgs/msg/detail/trajectory_waypoint__struct.h
[69.304s] -- Up-to-date: /home/pavel/ws_ros2/install/px4_msgs/include/px4_msgs/px4_msgs/msg/detail/actuator_test__functions.c
[69.304s] -- Up-to-date: /home/pavel/ws_ros2/install/px4_msgs/include/px4_msgs/px4_msgs/msg/detail/register_ext_component_request__struct.h
[69.304s] -- Up-to-date: /home/pavel/ws_ros2/install/px4_msgs/include/px4_msgs/px4_msgs/msg/detail/camera_trigger__functions.c
[69.304s] -- Up-to-date: /home/pavel/ws_ros2/install/px4_msgs/include/px4_msgs/px4_msgs/msg/detail/goto_setpoint__struct.h
[69.304s] -- Up-to-date: /home/pavel/ws_ros2/install/px4_msgs/include/px4_msgs/px4_msgs/msg/detail/uavcan_parameter_value__functions.h
[69.304s] -- Up-to-date: /home/pavel/ws_ros2/install/px4_msgs/include/px4_msgs/px4_msgs/msg/detail/vehicle_imu__struct.h
[69.304s] -- Up-to-date: /home/pavel/ws_ros2/install/px4_msgs/include/px4_msgs/px4_msgs/msg/detail/vehicle_trajectory_waypoint__functions.c
[69.304s] -- Up-to-date: /home/pavel/ws_ros2/install/px4_msgs/include/px4_msgs/px4_msgs/msg/detail/estimator_event_flags__functions.h
[69.304s] -- Up-to-date: /home/pavel/ws_ros2/install/px4_msgs/include/px4_msgs/px4_msgs/msg/detail/uavcan_parameter_request__functions.h
[69.304s] -- Up-to-date: /home/pavel/ws_ros2/install/px4_msgs/include/px4_msgs/px4_msgs/msg/detail/parameter_update__functions.h
[69.304s] -- Up-to-date: /home/pavel/ws_ros2/install/px4_msgs/include/px4_msgs/px4_msgs/msg/detail/vehicle_optical_flow_vel__struct.h
[69.304s] -- Up-to-date: /home/pavel/ws_ros2/install/px4_msgs/include/px4_msgs/px4_msgs/msg/detail/tune_control__struct.h
[69.304s] -- Up-to-date: /home/pavel/ws_ros2/install/px4_msgs/include/px4_msgs/px4_msgs/msg/detail/control_allocator_status__type_support.h
[69.304s] -- Up-to-date: /home/pavel/ws_ros2/install/px4_msgs/include/px4_msgs/px4_msgs/msg/detail/message_format_response__functions.h
[69.304s] -- Up-to-date: /home/pavel/ws_ros2/install/px4_msgs/include/px4_msgs/px4_msgs/msg/detail/sensor_gps__functions.c
[69.304s] -- Up-to-date: /home/pavel/ws_ros2/install/px4_msgs/include/px4_msgs/px4_msgs/msg/detail/autotune_attitude_control_status__functions.c
[69.305s] -- Up-to-date: /home/pavel/ws_ros2/install/px4_msgs/include/px4_msgs/px4_msgs/msg/detail/ulog_stream__functions.c
[69.305s] -- Up-to-date: /home/pavel/ws_ros2/install/px4_msgs/include/px4_msgs/px4_msgs/msg/detail/vehicle_angular_acceleration_setpoint__type_support.h
[69.305s] -- Up-to-date: /home/pavel/ws_ros2/install/px4_msgs/include/px4_msgs/px4_msgs/msg/detail/position_controller_landing_status__type_support.h
[69.305s] -- Up-to-date: /home/pavel/ws_ros2/install/px4_msgs/include/px4_msgs/px4_msgs/msg/detail/satellite_info__type_support.h
[69.305s] -- Up-to-date: /home/pavel/ws_ros2/install/px4_msgs/include/px4_msgs/px4_msgs/msg/detail/estimator_sensor_bias__type_support.h
[69.305s] -- Up-to-date: /home/pavel/ws_ros2/install/px4_msgs/include/px4_msgs/px4_msgs/msg/detail/mission__struct.h
[69.305s] -- Up-to-date: /home/pavel/ws_ros2/install/px4_msgs/include/px4_msgs/px4_msgs/msg/detail/sensors_status__struct.h
[69.305s] -- Up-to-date: /home/pavel/ws_ros2/install/px4_msgs/include/px4_msgs/px4_msgs/msg/detail/timesync_status__struct.h
[69.305s] -- Up-to-date: /home/pavel/ws_ros2/install/px4_msgs/include/px4_msgs/px4_msgs/msg/detail/gripper__functions.h
[69.305s] -- Up-to-date: /home/pavel/ws_ros2/install/px4_msgs/include/px4_msgs/px4_msgs/msg/detail/wind__functions.h
[69.305s] -- Up-to-date: /home/pavel/ws_ros2/install/px4_msgs/include/px4_msgs/px4_msgs/msg/detail/action_request__functions.h
[69.305s] -- Up-to-date: /home/pavel/ws_ros2/install/px4_msgs/include/px4_msgs/px4_msgs/msg/detail/gimbal_device_information__functions.c
[69.305s] -- Up-to-date: /home/pavel/ws_ros2/install/px4_msgs/include/px4_msgs/px4_msgs/msg/detail/vehicle_torque_setpoint__type_support.h
[69.305s] -- Up-to-date: /home/pavel/ws_ros2/install/px4_msgs/include/px4_msgs/px4_msgs/msg/detail/arming_check_reply__type_support.h
[69.305s] -- Up-to-date: /home/pavel/ws_ros2/install/px4_msgs/include/px4_msgs/px4_msgs/msg/detail/vehicle_magnetometer__functions.h
[69.305s] -- Up-to-date: /home/pavel/ws_ros2/install/px4_msgs/include/px4_msgs/px4_msgs/msg/detail/gimbal_manager_set_attitude__type_support.h
[69.305s] -- Up-to-date: /home/pavel/ws_ros2/install/px4_msgs/include/px4_msgs/px4_msgs/msg/detail/distance_sensor__functions.c
[69.306s] -- Up-to-date: /home/pavel/ws_ros2/install/px4_msgs/include/px4_msgs/px4_msgs/msg/detail/sensor_gyro_fft__functions.h
[69.306s] -- Up-to-date: /home/pavel/ws_ros2/install/px4_msgs/include/px4_msgs/px4_msgs/msg/detail/sensor_preflight_mag__struct.h
[69.306s] -- Up-to-date: /home/pavel/ws_ros2/install/px4_msgs/include/px4_msgs/px4_msgs/msg/detail/landing_target_innovations__functions.c
[69.306s] -- Up-to-date: /home/pavel/ws_ros2/install/px4_msgs/include/px4_msgs/px4_msgs/msg/detail/npfg_status__struct.h
[69.306s] -- Up-to-date: /home/pavel/ws_ros2/install/px4_msgs/include/px4_msgs/px4_msgs/msg/detail/event__functions.h
[69.306s] -- Up-to-date: /home/pavel/ws_ros2/install/px4_msgs/include/px4_msgs/px4_msgs/msg/detail/vtol_vehicle_status__type_support.h
[69.306s] -- Up-to-date: /home/pavel/ws_ros2/install/px4_msgs/include/px4_msgs/px4_msgs/msg/detail/power_button_state__type_support.h
[69.306s] -- Up-to-date: /home/pavel/ws_ros2/install/px4_msgs/include/px4_msgs/px4_msgs/msg/detail/navigator_mission_item__functions.c
[69.306s] -- Up-to-date: /home/pavel/ws_ros2/install/px4_msgs/include/px4_msgs/px4_msgs/msg/detail/estimator_aid_source2d__functions.c
[69.306s] -- Up-to-date: /home/pavel/ws_ros2/install/px4_msgs/include/px4_msgs/px4_msgs/msg/detail/vehicle_trajectory_waypoint__struct.h
[69.306s] -- Up-to-date: /home/pavel/ws_ros2/install/px4_msgs/include/px4_msgs/px4_msgs/msg/detail/normalized_unsigned_setpoint__functions.c
[69.306s] -- Up-to-date: /home/pavel/ws_ros2/install/px4_msgs/include/px4_msgs/px4_msgs/msg/detail/goto_setpoint__type_support.h
[69.306s] -- Up-to-date: /home/pavel/ws_ros2/install/px4_msgs/include/px4_msgs/px4_msgs/msg/detail/adc_report__type_support.h
[69.306s] -- Up-to-date: /home/pavel/ws_ros2/install/px4_msgs/include/px4_msgs/px4_msgs/msg/detail/sensor_gyro_fft__functions.c
[69.306s] -- Up-to-date: /home/pavel/ws_ros2/install/px4_msgs/include/px4_msgs/px4_msgs/msg/detail/vehicle_angular_velocity__functions.h
[69.306s] -- Up-to-date: /home/pavel/ws_ros2/install/px4_msgs/include/px4_msgs/px4_msgs/msg/detail/vehicle_global_position__functions.h
[69.306s] -- Up-to-date: /home/pavel/ws_ros2/install/px4_msgs/include/px4_msgs/px4_msgs/msg/detail/vehicle_command_ack__type_support.h
[69.306s] -- Up-to-date: /home/pavel/ws_ros2/install/px4_msgs/include/px4_msgs/px4_msgs/msg/detail/onboard_computer_status__functions.h
[69.306s] -- Up-to-date: /home/pavel/ws_ros2/install/px4_msgs/include/px4_msgs/px4_msgs/msg/detail/cpuload__functions.h
[69.306s] -- Up-to-date: /home/pavel/ws_ros2/install/px4_msgs/include/px4_msgs/px4_msgs/msg/detail/vehicle_trajectory_waypoint__type_support.h
[69.307s] -- Up-to-date: /home/pavel/ws_ros2/install/px4_msgs/include/px4_msgs/px4_msgs/msg/detail/geofence_result__functions.h
[69.307s] -- Up-to-date: /home/pavel/ws_ros2/install/px4_msgs/include/px4_msgs/px4_msgs/msg/detail/estimator_innovations__functions.h
[69.307s] -- Up-to-date: /home/pavel/ws_ros2/install/px4_msgs/include/px4_msgs/px4_msgs/msg/detail/config_overrides__struct.h
[69.307s] -- Up-to-date: /home/pavel/ws_ros2/install/px4_msgs/include/px4_msgs/px4_msgs/msg/detail/cellular_status__functions.h
[69.307s] -- Up-to-date: /home/pavel/ws_ros2/install/px4_msgs/include/px4_msgs/px4_msgs/msg/detail/ekf2_timestamps__type_support.h
[69.307s] -- Up-to-date: /home/pavel/ws_ros2/install/px4_msgs/include/px4_msgs/px4_msgs/msg/detail/actuator_armed__struct.h
[69.307s] -- Up-to-date: /home/pavel/ws_ros2/install/px4_msgs/include/px4_msgs/px4_msgs/msg/detail/transponder_report__functions.c
[69.307s] -- Up-to-date: /home/pavel/ws_ros2/install/px4_msgs/include/px4_msgs/px4_msgs/msg/detail/qshell_req__functions.c
[69.307s] -- Up-to-date: /home/pavel/ws_ros2/install/px4_msgs/include/px4_msgs/px4_msgs/msg/detail/wind__functions.c
[69.307s] -- Up-to-date: /home/pavel/ws_ros2/install/px4_msgs/include/px4_msgs/px4_msgs/msg/detail/pwm_input__type_support.h
[69.307s] -- Up-to-date: /home/pavel/ws_ros2/install/px4_msgs/include/px4_msgs/px4_msgs/msg/detail/unregister_ext_component__struct.h
[69.307s] -- Up-to-date: /home/pavel/ws_ros2/install/px4_msgs/include/px4_msgs/px4_msgs/msg/detail/gpio_in__functions.c
[69.307s] -- Up-to-date: /home/pavel/ws_ros2/install/px4_msgs/include/px4_msgs/px4_msgs/msg/detail/vehicle_attitude__struct.h
[69.307s] -- Up-to-date: /home/pavel/ws_ros2/install/px4_msgs/include/px4_msgs/px4_msgs/msg/detail/actuator_outputs__struct.h
[69.307s] -- Up-to-date: /home/pavel/ws_ros2/install/px4_msgs/include/px4_msgs/px4_msgs/msg/detail/sensor_baro__type_support.h
[69.307s] -- Up-to-date: /home/pavel/ws_ros2/install/px4_msgs/include/px4_msgs/px4_msgs/msg/detail/transponder_report__type_support.h
[69.307s] -- Up-to-date: /home/pavel/ws_ros2/install/px4_msgs/include/px4_msgs/px4_msgs/msg/detail/satellite_info__functions.c
[69.307s] -- Up-to-date: /home/pavel/ws_ros2/install/px4_msgs/include/px4_msgs/px4_msgs/msg/detail/gps_dump__type_support.h
[69.307s] -- Up-to-date: /home/pavel/ws_ros2/install/px4_msgs/include/px4_msgs/px4_msgs/msg/detail/debug_vect__functions.c
[69.307s] -- Up-to-date: /home/pavel/ws_ros2/install/px4_msgs/include/px4_msgs/px4_msgs/msg/detail/position_setpoint__functions.c
[69.308s] -- Up-to-date: /home/pavel/ws_ros2/install/px4_msgs/include/px4_msgs/px4_msgs/msg/detail/sensor_mag__struct.h
[69.308s] -- Up-to-date: /home/pavel/ws_ros2/install/px4_msgs/include/px4_msgs/px4_msgs/msg/detail/airspeed_validated__struct.h
[69.308s] -- Up-to-date: /home/pavel/ws_ros2/install/px4_msgs/include/px4_msgs/px4_msgs/msg/detail/parameter_reset_request__functions.c
[69.308s] -- Up-to-date: /home/pavel/ws_ros2/install/px4_msgs/include/px4_msgs/px4_msgs/msg/detail/vehicle_acceleration__functions.h
[69.308s] -- Up-to-date: /home/pavel/ws_ros2/install/px4_msgs/include/px4_msgs/px4_msgs/msg/detail/gps_inject_data__type_support.h
[69.308s] -- Up-to-date: /home/pavel/ws_ros2/install/px4_msgs/include/px4_msgs/px4_msgs/msg/detail/vehicle_imu_status__functions.c
[69.308s] -- Up-to-date: /home/pavel/ws_ros2/install/px4_msgs/include/px4_msgs/px4_msgs/msg/detail/offboard_control_mode__functions.c
[69.308s] -- Up-to-date: /home/pavel/ws_ros2/install/px4_msgs/include/px4_msgs/px4_msgs/msg/detail/power_button_state__functions.c
[69.308s] -- Up-to-date: /home/pavel/ws_ros2/install/px4_msgs/include/px4_msgs/px4_msgs/msg/detail/vehicle_roi__type_support.h
[69.308s] -- Up-to-date: /home/pavel/ws_ros2/install/px4_msgs/include/px4_msgs/px4_msgs/msg/detail/parameter_set_used_request__struct.h
[69.308s] -- Up-to-date: /home/pavel/ws_ros2/install/px4_msgs/include/px4_msgs/px4_msgs/msg/detail/estimator_status__functions.h
[69.308s] -- Up-to-date: /home/pavel/ws_ros2/install/px4_msgs/include/px4_msgs/px4_msgs/msg/detail/parameter_set_used_request__functions.h
[69.308s] -- Up-to-date: /home/pavel/ws_ros2/install/px4_msgs/include/px4_msgs/px4_msgs/msg/detail/sensor_correction__type_support.h
[69.308s] -- Up-to-date: /home/pavel/ws_ros2/install/px4_msgs/include/px4_msgs/px4_msgs/msg/detail/gps_inject_data__functions.h
[69.308s] -- Up-to-date: /home/pavel/ws_ros2/install/px4_msgs/include/px4_msgs/px4_msgs/msg/detail/collision_constraints__functions.h
[69.308s] -- Up-to-date: /home/pavel/ws_ros2/install/px4_msgs/include/px4_msgs/px4_msgs/msg/detail/vtol_vehicle_status__struct.h
[69.308s] -- Up-to-date: /home/pavel/ws_ros2/install/px4_msgs/include/px4_msgs/px4_msgs/msg/detail/gimbal_device_information__struct.h
[69.308s] -- Up-to-date: /home/pavel/ws_ros2/install/px4_msgs/include/px4_msgs/px4_msgs/msg/detail/estimator_aid_source2d__type_support.h
[69.309s] -- Up-to-date: /home/pavel/ws_ros2/install/px4_msgs/include/px4_msgs/px4_msgs/msg/detail/rtl_status__type_support.h
[69.309s] -- Up-to-date: /home/pavel/ws_ros2/install/px4_msgs/include/px4_msgs/px4_msgs/msg/detail/gpio_out__functions.h
[69.309s] -- Up-to-date: /home/pavel/ws_ros2/install/px4_msgs/include/px4_msgs/px4_msgs/msg/detail/telemetry_status__struct.h
[69.309s] -- Up-to-date: /home/pavel/ws_ros2/install/px4_msgs/include/px4_msgs/px4_msgs/msg/detail/actuator_armed__type_support.h
[69.309s] -- Up-to-date: /home/pavel/ws_ros2/install/px4_msgs/include/px4_msgs/px4_msgs/msg/detail/vehicle_control_mode__struct.h
[69.309s] -- Up-to-date: /home/pavel/ws_ros2/install/px4_msgs/include/px4_msgs/px4_msgs/msg/detail/follow_target_estimator__functions.h
[69.309s] -- Up-to-date: /home/pavel/ws_ros2/install/px4_msgs/include/px4_msgs/px4_msgs/msg/detail/estimator_gps_status__functions.h
[69.309s] -- Up-to-date: /home/pavel/ws_ros2/install/px4_msgs/include/px4_msgs/px4_msgs/msg/detail/parameter_reset_request__struct.h
[69.309s] -- Up-to-date: /home/pavel/ws_ros2/install/px4_msgs/include/px4_msgs/px4_msgs/msg/detail/ulog_stream_ack__struct.h
[69.309s] -- Up-to-date: /home/pavel/ws_ros2/install/px4_msgs/include/px4_msgs/px4_msgs/msg/detail/estimator_aid_source1d__type_support.h
[69.309s] -- Up-to-date: /home/pavel/ws_ros2/install/px4_msgs/include/px4_msgs/px4_msgs/msg/detail/gripper__struct.h
[69.309s] -- Up-to-date: /home/pavel/ws_ros2/install/px4_msgs/include/px4_msgs/px4_msgs/msg/detail/sensor_accel__type_support.h
[69.309s] -- Up-to-date: /home/pavel/ws_ros2/install/px4_msgs/include/px4_msgs/px4_msgs/msg/detail/qshell_retval__functions.h
[69.309s] -- Up-to-date: /home/pavel/ws_ros2/install/px4_msgs/include/px4_msgs/px4_msgs/msg/detail/rover_ackermann_guidance_status__struct.h
[69.309s] -- Up-to-date: /home/pavel/ws_ros2/install/px4_msgs/include/px4_msgs/px4_msgs/msg/detail/log_message__type_support.h
[69.309s] -- Up-to-date: /home/pavel/ws_ros2/install/px4_msgs/include/px4_msgs/px4_msgs/msg/detail/follow_target_estimator__struct.h
[69.310s] -- Up-to-date: /home/pavel/ws_ros2/install/px4_msgs/include/px4_msgs/px4_msgs/msg/detail/vehicle_attitude__functions.h
[69.310s] -- Up-to-date: /home/pavel/ws_ros2/install/px4_msgs/include/px4_msgs/px4_msgs/msg/detail/mission_result__type_support.h
[69.310s] -- Up-to-date: /home/pavel/ws_ros2/install/px4_msgs/include/px4_msgs/px4_msgs/msg/detail/trajectory_setpoint__functions.c
[69.310s] -- Up-to-date: /home/pavel/ws_ros2/install/px4_msgs/include/px4_msgs/px4_msgs/msg/detail/navigator_mission_item__functions.h
[69.310s] -- Up-to-date: /home/pavel/ws_ros2/install/px4_msgs/include/px4_msgs/px4_msgs/msg/detail/vehicle_odometry__type_support.h
[69.310s] -- Up-to-date: /home/pavel/ws_ros2/install/px4_msgs/include/px4_msgs/px4_msgs/msg/detail/satellite_info__struct.h
[69.310s] -- Up-to-date: /home/pavel/ws_ros2/install/px4_msgs/include/px4_msgs/px4_msgs/msg/detail/mavlink_log__functions.c
[69.310s] -- Up-to-date: /home/pavel/ws_ros2/install/px4_msgs/include/px4_msgs/px4_msgs/msg/detail/estimator_gps_status__type_support.h
[69.310s] -- Up-to-date: /home/pavel/ws_ros2/install/px4_msgs/include/px4_msgs/px4_msgs/msg/detail/figure_eight_status__functions.h
[69.310s] -- Up-to-date: /home/pavel/ws_ros2/install/px4_msgs/include/px4_msgs/px4_msgs/msg/detail/sensors_status__functions.h
[69.310s] -- Up-to-date: /home/pavel/ws_ros2/install/px4_msgs/include/px4_msgs/px4_msgs/msg/detail/vehicle_local_position_setpoint__functions.c
[69.310s] -- Up-to-date: /home/pavel/ws_ros2/install/px4_msgs/include/px4_msgs/px4_msgs/msg/detail/failsafe_flags__functions.h
[69.310s] -- Up-to-date: /home/pavel/ws_ros2/install/px4_msgs/include/px4_msgs/px4_msgs/msg/detail/yaw_estimator_status__struct.h
[69.310s] -- Up-to-date: /home/pavel/ws_ros2/install/px4_msgs/include/px4_msgs/px4_msgs/msg/detail/rtl_status__functions.c
[69.310s] -- Up-to-date: /home/pavel/ws_ros2/install/px4_msgs/include/px4_msgs/px4_msgs/msg/detail/position_setpoint_triplet__functions.h
[69.310s] -- Up-to-date: /home/pavel/ws_ros2/install/px4_msgs/include/px4_msgs/px4_msgs/msg/detail/task_stack_info__functions.h
[69.310s] -- Up-to-date: /home/pavel/ws_ros2/install/px4_msgs/include/px4_msgs/px4_msgs/msg/detail/estimator_selector_status__type_support.h
[69.310s] -- Up-to-date: /home/pavel/ws_ros2/install/px4_msgs/include/px4_msgs/px4_msgs/msg/detail/vehicle_optical_flow__struct.h
[69.311s] -- Up-to-date: /home/pavel/ws_ros2/install/px4_msgs/include/px4_msgs/px4_msgs/msg/detail/gimbal_device_set_attitude__type_support.h
[69.311s] -- Up-to-date: /home/pavel/ws_ros2/install/px4_msgs/include/px4_msgs/px4_msgs/msg/detail/actuator_servos__type_support.h
[69.311s] -- Up-to-date: /home/pavel/ws_ros2/install/px4_msgs/include/px4_msgs/px4_msgs/msg/detail/mag_worker_data__functions.c
[69.311s] -- Up-to-date: /home/pavel/ws_ros2/install/px4_msgs/include/px4_msgs/px4_msgs/msg/detail/flight_phase_estimation__struct.h
[69.311s] -- Up-to-date: /home/pavel/ws_ros2/install/px4_msgs/include/px4_msgs/px4_msgs/msg/detail/transponder_report__functions.h
[69.311s] -- Up-to-date: /home/pavel/ws_ros2/install/px4_msgs/include/px4_msgs/px4_msgs/msg/detail/vehicle_thrust_setpoint__type_support.h
[69.311s] -- Up-to-date: /home/pavel/ws_ros2/install/px4_msgs/include/px4_msgs/px4_msgs/msg/detail/debug_array__functions.h
[69.311s] -- Up-to-date: /home/pavel/ws_ros2/install/px4_msgs/include/px4_msgs/px4_msgs/msg/detail/esc_status__type_support.h
[69.311s] -- Up-to-date: /home/pavel/ws_ros2/install/px4_msgs/include/px4_msgs/px4_msgs/msg/detail/actuator_servos_trim__type_support.h
[69.311s] -- Up-to-date: /home/pavel/ws_ros2/install/px4_msgs/include/px4_msgs/px4_msgs/msg/detail/gripper__functions.c
[69.311s] -- Up-to-date: /home/pavel/ws_ros2/install/px4_msgs/include/px4_msgs/px4_msgs/msg/detail/manual_control_switches__functions.h
[69.311s] -- Up-to-date: /home/pavel/ws_ros2/install/px4_msgs/include/px4_msgs/px4_msgs/msg/detail/camera_trigger__type_support.h
[69.311s] -- Up-to-date: /home/pavel/ws_ros2/install/px4_msgs/include/px4_msgs/px4_msgs/msg/detail/vehicle_command__type_support.h
[69.311s] -- Up-to-date: /home/pavel/ws_ros2/install/px4_msgs/include/px4_msgs/px4_msgs/msg/detail/landing_target_innovations__struct.h
[69.311s] -- Up-to-date: /home/pavel/ws_ros2/install/px4_msgs/include/px4_msgs/px4_msgs/msg/detail/actuator_armed__functions.c
[69.311s] -- Up-to-date: /home/pavel/ws_ros2/install/px4_msgs/include/px4_msgs/px4_msgs/msg/detail/trajectory_waypoint__functions.c
[69.312s] -- Up-to-date: /home/pavel/ws_ros2/install/px4_msgs/include/px4_msgs/px4_msgs/msg/detail/normalized_unsigned_setpoint__struct.h
[69.312s] -- Up-to-date: /home/pavel/ws_ros2/install/px4_msgs/include/px4_msgs/px4_msgs/msg/detail/landing_gear__functions.c
[69.312s] -- Up-to-date: /home/pavel/ws_ros2/install/px4_msgs/include/px4_msgs/px4_msgs/msg/detail/tiltrotor_extra_controls__struct.h
[69.312s] -- Up-to-date: /home/pavel/ws_ros2/install/px4_msgs/include/px4_msgs/px4_msgs/msg/detail/failure_detector_status__functions.c
[69.312s] -- Up-to-date: /home/pavel/ws_ros2/install/px4_msgs/include/px4_msgs/px4_msgs/msg/detail/follow_target_status__functions.h
[69.312s] -- Up-to-date: /home/pavel/ws_ros2/install/px4_msgs/include/px4_msgs/px4_msgs/msg/detail/airspeed_validated__functions.h
[69.312s] -- Up-to-date: /home/pavel/ws_ros2/install/px4_msgs/include/px4_msgs/px4_msgs/msg/detail/estimator_status__struct.h
[69.312s] -- Up-to-date: /home/pavel/ws_ros2/install/px4_msgs/include/px4_msgs/px4_msgs/msg/detail/orb_test__functions.c
[69.312s] -- Up-to-date: /home/pavel/ws_ros2/install/px4_msgs/include/px4_msgs/px4_msgs/msg/detail/debug_key_value__functions.h
[69.312s] -- Up-to-date: /home/pavel/ws_ros2/install/px4_msgs/include/px4_msgs/px4_msgs/msg/detail/vehicle_command_ack__functions.h
[69.312s] -- Up-to-date: /home/pavel/ws_ros2/install/px4_msgs/include/px4_msgs/px4_msgs/msg/detail/mode_completed__functions.h
[69.312s] -- Up-to-date: /home/pavel/ws_ros2/install/px4_msgs/include/px4_msgs/px4_msgs/msg/detail/vehicle_angular_velocity__struct.h
[69.312s] -- Up-to-date: /home/pavel/ws_ros2/install/px4_msgs/include/px4_msgs/px4_msgs/msg/detail/esc_status__functions.c
[69.312s] -- Up-to-date: /home/pavel/ws_ros2/install/px4_msgs/include/px4_msgs/px4_msgs/msg/detail/camera_capture__functions.h
[69.312s] -- Up-to-date: /home/pavel/ws_ros2/install/px4_msgs/include/px4_msgs/px4_msgs/msg/detail/onboard_computer_status__type_support.h
[69.312s] -- Up-to-date: /home/pavel/ws_ros2/install/px4_msgs/include/px4_msgs/px4_msgs/msg/detail/estimator_sensor_bias__functions.c
[69.312s] -- Up-to-date: /home/pavel/ws_ros2/install/px4_msgs/include/px4_msgs/px4_msgs/msg/detail/vehicle_trajectory_bezier__type_support.h
[69.312s] -- Up-to-date: /home/pavel/ws_ros2/install/px4_msgs/include/px4_msgs/px4_msgs/msg/detail/gps_dump__struct.h
[69.313s] -- Up-to-date: /home/pavel/ws_ros2/install/px4_msgs/include/px4_msgs/px4_msgs/msg/detail/gpio_request__type_support.h
[69.313s] -- Up-to-date: /home/pavel/ws_ros2/install/px4_msgs/include/px4_msgs/px4_msgs/msg/detail/power_monitor__functions.c
[69.313s] -- Up-to-date: /home/pavel/ws_ros2/install/px4_msgs/include/px4_msgs/px4_msgs/msg/detail/geofence_status__functions.h
[69.313s] -- Up-to-date: /home/pavel/ws_ros2/install/px4_msgs/include/px4_msgs/px4_msgs/msg/detail/message_format_request__type_support.h
[69.313s] -- Up-to-date: /home/pavel/ws_ros2/install/px4_msgs/include/px4_msgs/px4_msgs/msg/detail/sensor_uwb__functions.h
[69.313s] -- Up-to-date: /home/pavel/ws_ros2/install/px4_msgs/include/px4_msgs/px4_msgs/msg/detail/pps_capture__functions.h
[69.313s] -- Up-to-date: /home/pavel/ws_ros2/install/px4_msgs/include/px4_msgs/px4_msgs/msg/detail/goto_setpoint__functions.c
[69.313s] -- Up-to-date: /home/pavel/ws_ros2/install/px4_msgs/include/px4_msgs/px4_msgs/msg/detail/sensor_gyro_fft__type_support.h
[69.313s] -- Up-to-date: /home/pavel/ws_ros2/install/px4_msgs/include/px4_msgs/px4_msgs/msg/detail/power_monitor__type_support.h
[69.313s] -- Up-to-date: /home/pavel/ws_ros2/install/px4_msgs/include/px4_msgs/px4_msgs/msg/detail/vehicle_optical_flow_vel__functions.c
[69.313s] -- Up-to-date: /home/pavel/ws_ros2/install/px4_msgs/include/px4_msgs/px4_msgs/msg/detail/vehicle_imu_status__struct.h
[69.313s] -- Up-to-date: /home/pavel/ws_ros2/install/px4_msgs/include/px4_msgs/px4_msgs/msg/detail/generator_status__struct.h
[69.313s] -- Up-to-date: /home/pavel/ws_ros2/install/px4_msgs/include/px4_msgs/px4_msgs/msg/detail/can_interface_status__type_support.h
[69.313s] -- Up-to-date: /home/pavel/ws_ros2/install/px4_msgs/include/px4_msgs/px4_msgs/msg/detail/tune_control__functions.h
[69.313s] -- Up-to-date: /home/pavel/ws_ros2/install/px4_msgs/include/px4_msgs/px4_msgs/msg/detail/vehicle_local_position_setpoint__type_support.h
[69.314s] -- Up-to-date: /home/pavel/ws_ros2/install/px4_msgs/include/px4_msgs/px4_msgs/msg/detail/takeoff_status__struct.h
[69.314s] -- Up-to-date: /home/pavel/ws_ros2/install/px4_msgs/include/px4_msgs/px4_msgs/msg/detail/sensor_gyro_fft__struct.h
[69.314s] -- Up-to-date: /home/pavel/ws_ros2/install/px4_msgs/include/px4_msgs/px4_msgs/msg/detail/follow_target__functions.c
[69.314s] -- Up-to-date: /home/pavel/ws_ros2/install/px4_msgs/include/px4_msgs/px4_msgs/msg/detail/home_position__type_support.h
[69.314s] -- Up-to-date: /home/pavel/ws_ros2/install/px4_msgs/include/px4_msgs/px4_msgs/msg/detail/vehicle_thrust_setpoint__struct.h
[69.314s] -- Up-to-date: /home/pavel/ws_ros2/install/px4_msgs/include/px4_msgs/px4_msgs/msg/detail/debug_vect__functions.h
[69.314s] -- Up-to-date: /home/pavel/ws_ros2/install/px4_msgs/include/px4_msgs/px4_msgs/msg/detail/qshell_retval__struct.h
[69.314s] -- Up-to-date: /home/pavel/ws_ros2/install/px4_msgs/include/px4_msgs/px4_msgs/msg/detail/estimator_sensor_bias__functions.h
[69.314s] -- Up-to-date: /home/pavel/ws_ros2/install/px4_msgs/include/px4_msgs/px4_msgs/msg/detail/parameter_update__functions.c
[69.314s] -- Up-to-date: /home/pavel/ws_ros2/install/px4_msgs/include/px4_msgs/px4_msgs/msg/detail/collision_report__functions.c
[69.314s] -- Up-to-date: /home/pavel/ws_ros2/install/px4_msgs/include/px4_msgs/px4_msgs/msg/detail/mavlink_tunnel__struct.h
[69.314s] -- Up-to-date: /home/pavel/ws_ros2/install/px4_msgs/include/px4_msgs/px4_msgs/msg/detail/gpio_out__functions.c
[69.314s] -- Up-to-date: /home/pavel/ws_ros2/install/px4_msgs/include/px4_msgs/px4_msgs/msg/detail/health_report__struct.h
[69.314s] -- Up-to-date: /home/pavel/ws_ros2/install/px4_msgs/include/px4_msgs/px4_msgs/msg/detail/log_message__functions.h
[69.314s] -- Up-to-date: /home/pavel/ws_ros2/install/px4_msgs/include/px4_msgs/px4_msgs/msg/detail/gimbal_controls__functions.h
[69.314s] -- Up-to-date: /home/pavel/ws_ros2/install/px4_msgs/include/px4_msgs/px4_msgs/msg/detail/vehicle_trajectory_waypoint__functions.h
[69.314s] -- Up-to-date: /home/pavel/ws_ros2/install/px4_msgs/include/px4_msgs/px4_msgs/msg/detail/estimator_aid_source3d__functions.h
[69.314s] -- Up-to-date: /home/pavel/ws_ros2/install/px4_msgs/include/px4_msgs/px4_msgs/msg/detail/vehicle_control_mode__type_support.h
[69.315s] -- Up-to-date: /home/pavel/ws_ros2/install/px4_msgs/include/px4_msgs/px4_msgs/msg/detail/vehicle_trajectory_bezier__struct.h
[69.315s] -- Up-to-date: /home/pavel/ws_ros2/install/px4_msgs/include/px4_msgs/px4_msgs/msg/detail/dataman_response__struct.h
[69.315s] -- Up-to-date: /home/pavel/ws_ros2/install/px4_msgs/include/px4_msgs/px4_msgs/msg/detail/gpio_in__struct.h
[69.315s] -- Up-to-date: /home/pavel/ws_ros2/install/px4_msgs/include/px4_msgs/px4_msgs/msg/detail/sensor_accel__struct.h
[69.315s] -- Up-to-date: /home/pavel/ws_ros2/install/px4_msgs/include/px4_msgs/px4_msgs/msg/detail/dataman_request__type_support.h
[69.315s] -- Up-to-date: /home/pavel/ws_ros2/install/px4_msgs/include/px4_msgs/px4_msgs/msg/detail/geofence_result__type_support.h
[69.315s] -- Up-to-date: /home/pavel/ws_ros2/install/px4_msgs/include/px4_msgs/px4_msgs/msg/detail/figure_eight_status__struct.h
[69.315s] -- Up-to-date: /home/pavel/ws_ros2/install/px4_msgs/include/px4_msgs/px4_msgs/msg/detail/qshell_retval__type_support.h
[69.315s] -- Up-to-date: /home/pavel/ws_ros2/install/px4_msgs/include/px4_msgs/px4_msgs/msg/detail/npfg_status__functions.h
[69.315s] -- Up-to-date: /home/pavel/ws_ros2/install/px4_msgs/include/px4_msgs/px4_msgs/msg/detail/adc_report__struct.h
[69.315s] -- Up-to-date: /home/pavel/ws_ros2/install/px4_msgs/include/px4_msgs/px4_msgs/msg/detail/sensor_optical_flow__functions.c
[69.315s] -- Up-to-date: /home/pavel/ws_ros2/install/px4_msgs/include/px4_msgs/px4_msgs/msg/detail/vehicle_global_position__struct.h
[69.315s] -- Up-to-date: /home/pavel/ws_ros2/install/px4_msgs/include/px4_msgs/px4_msgs/msg/detail/tecs_status__struct.h
[69.315s] -- Up-to-date: /home/pavel/ws_ros2/install/px4_msgs/include/px4_msgs/px4_msgs/msg/detail/landing_target_pose__functions.h
[69.315s] -- Up-to-date: /home/pavel/ws_ros2/install/px4_msgs/include/px4_msgs/px4_msgs/msg/detail/collision_report__type_support.h
[69.316s] -- Up-to-date: /home/pavel/ws_ros2/install/px4_msgs/include/px4_msgs/px4_msgs/msg/detail/ulog_stream_ack__type_support.h
[69.316s] -- Up-to-date: /home/pavel/ws_ros2/install/px4_msgs/include/px4_msgs/px4_msgs/msg/detail/radio_status__struct.h
[69.316s] -- Up-to-date: /home/pavel/ws_ros2/install/px4_msgs/include/px4_msgs/px4_msgs/msg/detail/trajectory_waypoint__type_support.h
[69.316s] -- Up-to-date: /home/pavel/ws_ros2/install/px4_msgs/include/px4_msgs/px4_msgs/msg/detail/vehicle_thrust_setpoint__functions.c
[69.316s] -- Up-to-date: /home/pavel/ws_ros2/install/px4_msgs/include/px4_msgs/px4_msgs/msg/detail/estimator_status__type_support.h
[69.316s] -- Up-to-date: /home/pavel/ws_ros2/install/px4_msgs/include/px4_msgs/px4_msgs/msg/detail/actuator_test__type_support.h
[69.316s] -- Up-to-date: /home/pavel/ws_ros2/install/px4_msgs/include/px4_msgs/px4_msgs/msg/detail/pps_capture__struct.h
[69.316s] -- Up-to-date: /home/pavel/ws_ros2/install/px4_msgs/include/px4_msgs/px4_msgs/msg/detail/vehicle_roi__struct.h
[69.316s] -- Up-to-date: /home/pavel/ws_ros2/install/px4_msgs/include/px4_msgs/px4_msgs/msg/detail/led_control__struct.h
[69.316s] -- Up-to-date: /home/pavel/ws_ros2/install/px4_msgs/include/px4_msgs/px4_msgs/msg/detail/position_setpoint__functions.h
[69.316s] -- Up-to-date: /home/pavel/ws_ros2/install/px4_msgs/include/px4_msgs/px4_msgs/msg/detail/input_rc__functions.c
[69.316s] -- Up-to-date: /home/pavel/ws_ros2/install/px4_msgs/include/px4_msgs/px4_msgs/msg/detail/debug_key_value__functions.c
[69.316s] -- Up-to-date: /home/pavel/ws_ros2/install/px4_msgs/include/px4_msgs/px4_msgs/msg/detail/debug_key_value__type_support.h
[69.316s] -- Up-to-date: /home/pavel/ws_ros2/install/px4_msgs/include/px4_msgs/px4_msgs/msg/detail/arming_check_reply__struct.h
[69.316s] -- Up-to-date: /home/pavel/ws_ros2/install/px4_msgs/include/px4_msgs/px4_msgs/msg/detail/vehicle_thrust_setpoint__functions.h
[69.316s] -- Up-to-date: /home/pavel/ws_ros2/install/px4_msgs/include/px4_msgs/px4_msgs/msg/detail/differential_pressure__functions.h
[69.316s] -- Up-to-date: /home/pavel/ws_ros2/install/px4_msgs/include/px4_msgs/px4_msgs/msg/detail/sensor_baro__functions.c
[69.316s] -- Up-to-date: /home/pavel/ws_ros2/install/px4_msgs/include/px4_msgs/px4_msgs/msg/detail/led_control__type_support.h
[69.317s] -- Up-to-date: /home/pavel/ws_ros2/install/px4_msgs/include/px4_msgs/px4_msgs/msg/detail/pps_capture__type_support.h
[69.317s] -- Up-to-date: /home/pavel/ws_ros2/install/px4_msgs/include/px4_msgs/px4_msgs/msg/detail/generator_status__functions.c
[69.317s] -- Up-to-date: /home/pavel/ws_ros2/install/px4_msgs/include/px4_msgs/px4_msgs/msg/detail/velocity_limits__functions.c
[69.317s] -- Up-to-date: /home/pavel/ws_ros2/install/px4_msgs/include/px4_msgs/px4_msgs/msg/detail/dataman_request__struct.h
[69.317s] -- Up-to-date: /home/pavel/ws_ros2/install/px4_msgs/include/px4_msgs/px4_msgs/msg/detail/arming_check_reply__functions.h
[69.317s] -- Up-to-date: /home/pavel/ws_ros2/install/px4_msgs/include/px4_msgs/px4_msgs/msg/detail/button_event__functions.h
[69.317s] -- Up-to-date: /home/pavel/ws_ros2/install/px4_msgs/include/px4_msgs/px4_msgs/msg/detail/sensor_gyro__struct.h
[69.317s] -- Up-to-date: /home/pavel/ws_ros2/install/px4_msgs/include/px4_msgs/px4_msgs/msg/detail/follow_target__type_support.h
[69.317s] -- Up-to-date: /home/pavel/ws_ros2/install/px4_msgs/include/px4_msgs/px4_msgs/msg/detail/tecs_status__functions.h
[69.317s] -- Up-to-date: /home/pavel/ws_ros2/install/px4_msgs/include/px4_msgs/px4_msgs/msg/detail/trajectory_bezier__type_support.h
[69.317s] -- Up-to-date: /home/pavel/ws_ros2/install/px4_msgs/include/px4_msgs/px4_msgs/msg/detail/register_ext_component_reply__functions.c
[69.317s] -- Up-to-date: /home/pavel/ws_ros2/install/px4_msgs/include/px4_msgs/px4_msgs/msg/detail/collision_constraints__type_support.h
[69.317s] -- Up-to-date: /home/pavel/ws_ros2/install/px4_msgs/include/px4_msgs/px4_msgs/msg/detail/failure_detector_status__type_support.h
[69.317s] -- Up-to-date: /home/pavel/ws_ros2/install/px4_msgs/include/px4_msgs/px4_msgs/msg/detail/magnetometer_bias_estimate__struct.h
[69.317s] -- Up-to-date: /home/pavel/ws_ros2/install/px4_msgs/include/px4_msgs/px4_msgs/msg/detail/vehicle_attitude_setpoint__functions.h
[69.317s] -- Up-to-date: /home/pavel/ws_ros2/install/px4_msgs/include/px4_msgs/px4_msgs/msg/detail/vehicle_optical_flow_vel__type_support.h
[69.318s] -- Up-to-date: /home/pavel/ws_ros2/install/px4_msgs/include/px4_msgs/px4_msgs/msg/detail/manual_control_setpoint__type_support.h
[69.318s] -- Up-to-date: /home/pavel/ws_ros2/install/px4_msgs/include/px4_msgs/px4_msgs/msg/detail/uavcan_parameter_value__type_support.h
[69.318s] -- Up-to-date: /home/pavel/ws_ros2/install/px4_msgs/include/px4_msgs/px4_msgs/msg/detail/mag_worker_data__struct.h
[69.318s] -- Up-to-date: /home/pavel/ws_ros2/install/px4_msgs/include/px4_msgs/px4_msgs/msg/detail/manual_control_switches__struct.h
[69.318s] -- Up-to-date: /home/pavel/ws_ros2/install/px4_msgs/include/px4_msgs/px4_msgs/msg/detail/esc_report__functions.c
[69.318s] -- Up-to-date: /home/pavel/ws_ros2/install/px4_msgs/include/px4_msgs/px4_msgs/msg/detail/estimator_gps_status__struct.h
[69.318s] -- Up-to-date: /home/pavel/ws_ros2/install/px4_msgs/include/px4_msgs/px4_msgs/msg/detail/differential_drive_setpoint__functions.h
[69.318s] -- Up-to-date: /home/pavel/ws_ros2/install/px4_msgs/include/px4_msgs/px4_msgs/msg/detail/health_report__type_support.h
[69.318s] -- Up-to-date: /home/pavel/ws_ros2/install/px4_msgs/include/px4_msgs/px4_msgs/msg/detail/fuel_tank_status__struct.h
[69.318s] -- Up-to-date: /home/pavel/ws_ros2/install/px4_msgs/include/px4_msgs/px4_msgs/msg/detail/airspeed__functions.c
[69.318s] -- Up-to-date: /home/pavel/ws_ros2/install/px4_msgs/include/px4_msgs/px4_msgs/msg/detail/orb_test__struct.h
[69.318s] -- Up-to-date: /home/pavel/ws_ros2/install/px4_msgs/include/px4_msgs/px4_msgs/msg/detail/mavlink_tunnel__type_support.h
[69.318s] -- Up-to-date: /home/pavel/ws_ros2/install/px4_msgs/include/px4_msgs/px4_msgs/msg/detail/distance_sensor__functions.h
[69.318s] -- Up-to-date: /home/pavel/ws_ros2/install/px4_msgs/include/px4_msgs/px4_msgs/msg/detail/qshell_retval__functions.c
[69.318s] -- Up-to-date: /home/pavel/ws_ros2/install/px4_msgs/include/px4_msgs/px4_msgs/msg/detail/mount_orientation__functions.c
[69.318s] -- Up-to-date: /home/pavel/ws_ros2/install/px4_msgs/include/px4_msgs/px4_msgs/msg/detail/actuator_outputs__functions.c
[69.318s] -- Up-to-date: /home/pavel/ws_ros2/install/px4_msgs/include/px4_msgs/px4_msgs/msg/detail/camera_capture__type_support.h
[69.318s] -- Up-to-date: /home/pavel/ws_ros2/install/px4_msgs/include/px4_msgs/px4_msgs/msg/detail/message_format_request__functions.h
[69.319s] -- Up-to-date: /home/pavel/ws_ros2/install/px4_msgs/include/px4_msgs/px4_msgs/msg/detail/airspeed_validated__type_support.h
[69.319s] -- Up-to-date: /home/pavel/ws_ros2/install/px4_msgs/include/px4_msgs/px4_msgs/msg/detail/gpio_config__struct.h
[69.319s] -- Up-to-date: /home/pavel/ws_ros2/install/px4_msgs/include/px4_msgs/px4_msgs/msg/detail/sensors_status__type_support.h
[69.319s] -- Up-to-date: /home/pavel/ws_ros2/install/px4_msgs/include/px4_msgs/px4_msgs/msg/detail/vehicle_roi__functions.c
[69.319s] -- Up-to-date: /home/pavel/ws_ros2/install/px4_msgs/include/px4_msgs/px4_msgs/msg/detail/wheel_encoders__functions.h
[69.319s] -- Up-to-date: /home/pavel/ws_ros2/install/px4_msgs/include/px4_msgs/px4_msgs/msg/detail/actuator_servos__struct.h
[69.319s] -- Up-to-date: /home/pavel/ws_ros2/install/px4_msgs/include/px4_msgs/px4_msgs/msg/detail/magnetometer_bias_estimate__type_support.h
[69.319s] -- Up-to-date: /home/pavel/ws_ros2/install/px4_msgs/include/px4_msgs/px4_msgs/msg/detail/sensor_airflow__functions.h
[69.319s] -- Up-to-date: /home/pavel/ws_ros2/install/px4_msgs/include/px4_msgs/px4_msgs/msg/detail/cellular_status__type_support.h
[69.319s] -- Up-to-date: /home/pavel/ws_ros2/install/px4_msgs/include/px4_msgs/px4_msgs/msg/detail/parameter_set_value_response__functions.h
[69.319s] -- Up-to-date: /home/pavel/ws_ros2/install/px4_msgs/include/px4_msgs/px4_msgs/msg/detail/vehicle_attitude_setpoint__type_support.h
[69.319s] -- Up-to-date: /home/pavel/ws_ros2/install/px4_msgs/include/px4_msgs/px4_msgs/msg/detail/pwm_input__functions.c
[69.319s] -- Up-to-date: /home/pavel/ws_ros2/install/px4_msgs/include/px4_msgs/px4_msgs/msg/detail/rate_ctrl_status__functions.h
[69.319s] -- Up-to-date: /home/pavel/ws_ros2/install/px4_msgs/include/px4_msgs/px4_msgs/msg/detail/gps_inject_data__functions.c
[69.319s] -- Up-to-date: /home/pavel/ws_ros2/install/px4_msgs/include/px4_msgs/px4_msgs/msg/detail/sensors_status_imu__functions.h
[69.319s] -- Up-to-date: /home/pavel/ws_ros2/install/px4_msgs/include/px4_msgs/px4_msgs/msg/detail/control_allocator_status__functions.c
[69.320s] -- Up-to-date: /home/pavel/ws_ros2/install/px4_msgs/include/px4_msgs/px4_msgs/msg/detail/gimbal_manager_set_manual_control__type_support.h
[69.320s] -- Up-to-date: /home/pavel/ws_ros2/install/px4_msgs/include/px4_msgs/px4_msgs/msg/detail/debug_array__type_support.h
[69.320s] -- Up-to-date: /home/pavel/ws_ros2/install/px4_msgs/include/px4_msgs/px4_msgs/msg/detail/camera_capture__struct.h
[69.320s] -- Up-to-date: /home/pavel/ws_ros2/install/px4_msgs/include/px4_msgs/px4_msgs/msg/detail/vehicle_attitude__functions.c
[69.320s] -- Up-to-date: /home/pavel/ws_ros2/install/px4_msgs/include/px4_msgs/px4_msgs/msg/detail/parameter_update__struct.h
[69.320s] -- Up-to-date: /home/pavel/ws_ros2/install/px4_msgs/include/px4_msgs/px4_msgs/msg/detail/mag_worker_data__type_support.h
[69.320s] -- Up-to-date: /home/pavel/ws_ros2/install/px4_msgs/include/px4_msgs/px4_msgs/msg/detail/differential_pressure__struct.h
[69.320s] -- Up-to-date: /home/pavel/ws_ros2/install/px4_msgs/include/px4_msgs/px4_msgs/msg/detail/generator_status__functions.h
[69.320s] -- Up-to-date: /home/pavel/ws_ros2/install/px4_msgs/include/px4_msgs/px4_msgs/msg/detail/vehicle_local_position__functions.c
[69.320s] -- Up-to-date: /home/pavel/ws_ros2/install/px4_msgs/include/px4_msgs/px4_msgs/msg/detail/sensor_correction__functions.h
[69.320s] -- Up-to-date: /home/pavel/ws_ros2/install/px4_msgs/include/px4_msgs/px4_msgs/msg/detail/dataman_request__functions.h
[69.320s] -- Up-to-date: /home/pavel/ws_ros2/install/px4_msgs/include/px4_msgs/px4_msgs/msg/detail/geofence_status__functions.c
[69.320s] -- Up-to-date: /home/pavel/ws_ros2/install/px4_msgs/include/px4_msgs/px4_msgs/msg/detail/gimbal_manager_set_attitude__struct.h
[69.320s] -- Up-to-date: /home/pavel/ws_ros2/install/px4_msgs/include/px4_msgs/px4_msgs/msg/detail/gimbal_controls__functions.c
[69.320s] -- Up-to-date: /home/pavel/ws_ros2/install/px4_msgs/include/px4_msgs/px4_msgs/msg/detail/power_button_state__struct.h
[69.320s] -- Up-to-date: /home/pavel/ws_ros2/install/px4_msgs/include/px4_msgs/px4_msgs/msg/detail/vehicle_angular_acceleration_setpoint__functions.h
[69.320s] -- Up-to-date: /home/pavel/ws_ros2/install/px4_msgs/include/px4_msgs/px4_msgs/msg/detail/esc_report__type_support.h
[69.320s] -- Up-to-date: /home/pavel/ws_ros2/install/px4_msgs/include/px4_msgs/px4_msgs/msg/detail/vehicle_attitude__type_support.h
[69.321s] -- Up-to-date: /home/pavel/ws_ros2/install/px4_msgs/include/px4_msgs/px4_msgs/msg/detail/sensor_gps__type_support.h
[69.321s] -- Up-to-date: /home/pavel/ws_ros2/install/px4_msgs/include/px4_msgs/px4_msgs/msg/detail/gimbal_manager_set_manual_control__functions.h
[69.321s] -- Up-to-date: /home/pavel/ws_ros2/install/px4_msgs/include/px4_msgs/px4_msgs/msg/detail/fuel_tank_status__functions.c
[69.321s] -- Up-to-date: /home/pavel/ws_ros2/install/px4_msgs/include/px4_msgs/px4_msgs/msg/detail/event__functions.c
[69.321s] -- Up-to-date: /home/pavel/ws_ros2/install/px4_msgs/include/px4_msgs/px4_msgs/msg/detail/vehicle_attitude_setpoint__struct.h
[69.321s] -- Up-to-date: /home/pavel/ws_ros2/install/px4_msgs/include/px4_msgs/px4_msgs/msg/detail/launch_detection_status__type_support.h
[69.321s] -- Up-to-date: /home/pavel/ws_ros2/install/px4_msgs/include/px4_msgs/px4_msgs/msg/detail/dataman_response__functions.c
[69.321s] -- Up-to-date: /home/pavel/ws_ros2/install/px4_msgs/include/px4_msgs/px4_msgs/msg/detail/heater_status__functions.h
[69.321s] -- Up-to-date: /home/pavel/ws_ros2/install/px4_msgs/include/px4_msgs/px4_msgs/msg/detail/sensor_gyro_fifo__type_support.h
[69.321s] -- Up-to-date: /home/pavel/ws_ros2/install/px4_msgs/include/px4_msgs/px4_msgs/msg/detail/health_report__functions.c
[69.321s] -- Up-to-date: /home/pavel/ws_ros2/install/px4_msgs/include/px4_msgs/px4_msgs/msg/detail/differential_pressure__functions.c
[69.321s] -- Up-to-date: /home/pavel/ws_ros2/install/px4_msgs/include/px4_msgs/px4_msgs/msg/detail/message_format_response__struct.h
[69.321s] -- Up-to-date: /home/pavel/ws_ros2/install/px4_msgs/include/px4_msgs/px4_msgs/msg/detail/cpuload__functions.c
[69.321s] -- Up-to-date: /home/pavel/ws_ros2/install/px4_msgs/include/px4_msgs/px4_msgs/msg/detail/parameter_set_used_request__functions.c
[69.321s] -- Up-to-date: /home/pavel/ws_ros2/install/px4_msgs/include/px4_msgs/px4_msgs/msg/detail/mission_result__functions.h
[69.322s] -- Up-to-date: /home/pavel/ws_ros2/install/px4_msgs/include/px4_msgs/px4_msgs/msg/detail/adc_report__functions.c
[69.322s] -- Up-to-date: /home/pavel/ws_ros2/install/px4_msgs/include/px4_msgs/px4_msgs/msg/detail/failsafe_flags__struct.h
[69.322s] -- Up-to-date: /home/pavel/ws_ros2/install/px4_msgs/include/px4_msgs/px4_msgs/msg/detail/camera_status__struct.h
[69.322s] -- Up-to-date: /home/pavel/ws_ros2/install/px4_msgs/include/px4_msgs/px4_msgs/msg/detail/sensor_combined__struct.h
[69.322s] -- Up-to-date: /home/pavel/ws_ros2/install/px4_msgs/include/px4_msgs/px4_msgs/msg/detail/battery_status__functions.c
[69.322s] -- Up-to-date: /home/pavel/ws_ros2/install/px4_msgs/include/px4_msgs/px4_msgs/msg/detail/gimbal_device_attitude_status__functions.c
[69.322s] -- Up-to-date: /home/pavel/ws_ros2/install/px4_msgs/include/px4_msgs/px4_msgs/msg/detail/vehicle_global_position__functions.c
[69.322s] -- Up-to-date: /home/pavel/ws_ros2/install/px4_msgs/include/px4_msgs/px4_msgs/msg/detail/vehicle_acceleration__type_support.h
[69.322s] -- Up-to-date: /home/pavel/ws_ros2/install/px4_msgs/include/px4_msgs/px4_msgs/msg/detail/follow_target_estimator__type_support.h
[69.322s] -- Up-to-date: /home/pavel/ws_ros2/install/px4_msgs/include/px4_msgs/px4_msgs/msg/detail/trajectory_setpoint__struct.h
[69.322s] -- Up-to-date: /home/pavel/ws_ros2/install/px4_msgs/include/px4_msgs/px4_msgs/msg/detail/parameter_set_value_request__functions.c
[69.322s] -- Up-to-date: /home/pavel/ws_ros2/install/px4_msgs/include/px4_msgs/px4_msgs/msg/detail/esc_status__struct.h
[69.322s] -- Up-to-date: /home/pavel/ws_ros2/install/px4_msgs/include/px4_msgs/px4_msgs/msg/detail/sensor_accel_fifo__struct.h
[69.322s] -- Up-to-date: /home/pavel/ws_ros2/install/px4_msgs/include/px4_msgs/px4_msgs/msg/detail/button_event__type_support.h
[69.322s] -- Up-to-date: /home/pavel/ws_ros2/install/px4_msgs/include/px4_msgs/px4_msgs/msg/detail/mavlink_log__type_support.h
[69.322s] -- Up-to-date: /home/pavel/ws_ros2/install/px4_msgs/include/px4_msgs/px4_msgs/msg/detail/camera_trigger__struct.h
[69.322s] -- Up-to-date: /home/pavel/ws_ros2/install/px4_msgs/include/px4_msgs/px4_msgs/msg/detail/airspeed_wind__functions.c
[69.322s] -- Up-to-date: /home/pavel/ws_ros2/install/px4_msgs/include/px4_msgs/px4_msgs/msg/detail/rate_ctrl_status__struct.h
[69.323s] -- Up-to-date: /home/pavel/ws_ros2/install/px4_msgs/include/px4_msgs/px4_msgs/msg/detail/vehicle_optical_flow_vel__functions.h
[69.323s] -- Up-to-date: /home/pavel/ws_ros2/install/px4_msgs/include/px4_msgs/px4_msgs/msg/detail/vehicle_control_mode__functions.h
[69.323s] -- Up-to-date: /home/pavel/ws_ros2/install/px4_msgs/include/px4_msgs/px4_msgs/msg/detail/power_monitor__struct.h
[69.323s] -- Up-to-date: /home/pavel/ws_ros2/install/px4_msgs/include/px4_msgs/px4_msgs/msg/detail/landing_target_innovations__functions.h
[69.323s] -- Up-to-date: /home/pavel/ws_ros2/install/px4_msgs/include/px4_msgs/px4_msgs/msg/detail/fuel_tank_status__type_support.h
[69.323s] -- Up-to-date: /home/pavel/ws_ros2/install/px4_msgs/include/px4_msgs/px4_msgs/msg/detail/mode_completed__type_support.h
[69.323s] -- Up-to-date: /home/pavel/ws_ros2/install/px4_msgs/include/px4_msgs/px4_msgs/msg/detail/estimator_bias3d__functions.c
[69.323s] -- Up-to-date: /home/pavel/ws_ros2/install/px4_msgs/include/px4_msgs/px4_msgs/msg/detail/landing_target_pose__type_support.h
[69.323s] -- Up-to-date: /home/pavel/ws_ros2/install/px4_msgs/include/px4_msgs/px4_msgs/msg/detail/obstacle_distance__functions.c
[69.323s] -- Up-to-date: /home/pavel/ws_ros2/install/px4_msgs/include/px4_msgs/px4_msgs/msg/detail/buffer128__functions.c
[69.323s] -- Up-to-date: /home/pavel/ws_ros2/install/px4_msgs/include/px4_msgs/px4_msgs/msg/detail/sensors_status_imu__struct.h
[69.323s] -- Up-to-date: /home/pavel/ws_ros2/install/px4_msgs/include/px4_msgs/px4_msgs/msg/detail/estimator_bias__functions.h
[69.323s] -- Up-to-date: /home/pavel/ws_ros2/install/px4_msgs/include/px4_msgs/px4_msgs/msg/detail/estimator_innovations__type_support.h
[69.323s] -- Up-to-date: /home/pavel/ws_ros2/install/px4_msgs/include/px4_msgs/px4_msgs/msg/detail/sensor_airflow__type_support.h
[69.323s] -- Up-to-date: /home/pavel/ws_ros2/install/px4_msgs/include/px4_msgs/px4_msgs/msg/detail/follow_target_status__type_support.h
[69.324s] -- Up-to-date: /home/pavel/ws_ros2/install/px4_msgs/include/px4_msgs/px4_msgs/msg/detail/buffer128__struct.h
[69.324s] -- Up-to-date: /home/pavel/ws_ros2/install/px4_msgs/include/px4_msgs/px4_msgs/msg/detail/vehicle_magnetometer__functions.c
[69.324s] -- Up-to-date: /home/pavel/ws_ros2/install/px4_msgs/include/px4_msgs/px4_msgs/msg/detail/register_ext_component_request__type_support.h
[69.324s] -- Up-to-date: /home/pavel/ws_ros2/install/px4_msgs/include/px4_msgs/px4_msgs/msg/detail/tecs_status__type_support.h
[69.324s] -- Up-to-date: /home/pavel/ws_ros2/install/px4_msgs/include/px4_msgs/px4_msgs/msg/detail/gimbal_manager_information__type_support.h
[69.324s] -- Up-to-date: /home/pavel/ws_ros2/install/px4_msgs/include/px4_msgs/px4_msgs/msg/detail/arming_check_reply__functions.c
[69.324s] -- Up-to-date: /home/pavel/ws_ros2/install/px4_msgs/include/px4_msgs/px4_msgs/msg/detail/vehicle_angular_velocity__functions.c
[69.324s] -- Up-to-date: /home/pavel/ws_ros2/install/px4_msgs/include/px4_msgs/px4_msgs/msg/detail/position_controller_status__functions.h
[69.324s] -- Up-to-date: /home/pavel/ws_ros2/install/px4_msgs/include/px4_msgs/px4_msgs/msg/detail/iridiumsbd_status__functions.c
[69.324s] -- Up-to-date: /home/pavel/ws_ros2/install/px4_msgs/include/px4_msgs/px4_msgs/msg/detail/launch_detection_status__functions.h
[69.324s] -- Up-to-date: /home/pavel/ws_ros2/install/px4_msgs/include/px4_msgs/px4_msgs/msg/detail/estimator_bias__struct.h
[69.324s] -- Up-to-date: /home/pavel/ws_ros2/install/px4_msgs/include/px4_msgs/px4_msgs/msg/detail/failure_detector_status__struct.h
[69.324s] -- Up-to-date: /home/pavel/ws_ros2/install/px4_msgs/include/px4_msgs/px4_msgs/msg/detail/log_message__functions.c
[69.324s] -- Up-to-date: /home/pavel/ws_ros2/install/px4_msgs/include/px4_msgs/px4_msgs/msg/detail/rc_parameter_map__functions.c
[69.324s] -- Up-to-date: /home/pavel/ws_ros2/install/px4_msgs/include/px4_msgs/px4_msgs/msg/detail/gps_dump__functions.c
[69.324s] -- Up-to-date: /home/pavel/ws_ros2/install/px4_msgs/include/px4_msgs/px4_msgs/msg/detail/vehicle_acceleration__struct.h
[69.324s] -- Up-to-date: /home/pavel/ws_ros2/install/px4_msgs/include/px4_msgs/px4_msgs/msg/detail/vehicle_local_position_setpoint__struct.h
[69.325s] -- Up-to-date: /home/pavel/ws_ros2/install/px4_msgs/include/px4_msgs/px4_msgs/msg/detail/debug_vect__type_support.h
[69.325s] -- Up-to-date: /home/pavel/ws_ros2/install/px4_msgs/include/px4_msgs/px4_msgs/msg/detail/landing_gear__struct.h
[69.325s] -- Up-to-date: /home/pavel/ws_ros2/install/px4_msgs/include/px4_msgs/px4_msgs/msg/detail/button_event__struct.h
[69.325s] -- Up-to-date: /home/pavel/ws_ros2/install/px4_msgs/include/px4_msgs/px4_msgs/msg/detail/gimbal_device_information__functions.h
[69.325s] -- Up-to-date: /home/pavel/ws_ros2/install/px4_msgs/include/px4_msgs/px4_msgs/msg/detail/estimator_status__functions.c
[69.325s] -- Up-to-date: /home/pavel/ws_ros2/install/px4_msgs/include/px4_msgs/px4_msgs/msg/detail/vehicle_angular_acceleration_setpoint__functions.c
[69.325s] -- Up-to-date: /home/pavel/ws_ros2/install/px4_msgs/include/px4_msgs/px4_msgs/msg/detail/orb_test_medium__type_support.h
[69.325s] -- Up-to-date: /home/pavel/ws_ros2/install/px4_msgs/include/px4_msgs/px4_msgs/msg/detail/tune_control__functions.c
[69.325s] -- Up-to-date: /home/pavel/ws_ros2/install/px4_msgs/include/px4_msgs/px4_msgs/msg/detail/debug_vect__struct.h
[69.325s] -- Up-to-date: /home/pavel/ws_ros2/install/px4_msgs/include/px4_msgs/px4_msgs/msg/detail/obstacle_distance__functions.h
[69.325s] -- Up-to-date: /home/pavel/ws_ros2/install/px4_msgs/include/px4_msgs/px4_msgs/msg/detail/hover_thrust_estimate__functions.h
[69.325s] -- Up-to-date: /home/pavel/ws_ros2/install/px4_msgs/include/px4_msgs/px4_msgs/msg/detail/mount_orientation__functions.h
[69.325s] -- Up-to-date: /home/pavel/ws_ros2/install/px4_msgs/include/px4_msgs/px4_msgs/msg/detail/sensor_combined__type_support.h
[69.325s] -- Up-to-date: /home/pavel/ws_ros2/install/px4_msgs/include/px4_msgs/px4_msgs/msg/detail/parameter_set_value_response__type_support.h
[69.325s] -- Up-to-date: /home/pavel/ws_ros2/install/px4_msgs/include/px4_msgs/px4_msgs/msg/detail/logger_status__functions.c
[69.325s] -- Up-to-date: /home/pavel/ws_ros2/install/px4_msgs/include/px4_msgs/px4_msgs/msg/detail/can_interface_status__functions.c
[69.326s] -- Up-to-date: /home/pavel/ws_ros2/install/px4_msgs/include/px4_msgs/px4_msgs/msg/detail/airspeed__type_support.h
[69.326s] -- Up-to-date: /home/pavel/ws_ros2/install/px4_msgs/include/px4_msgs/px4_msgs/msg/detail/orbit_status__functions.c
[69.326s] -- Up-to-date: /home/pavel/ws_ros2/install/px4_msgs/include/px4_msgs/px4_msgs/msg/detail/sensor_correction__functions.c
[69.326s] -- Up-to-date: /home/pavel/ws_ros2/install/px4_msgs/include/px4_msgs/px4_msgs/msg/detail/gripper__type_support.h
[69.326s] -- Up-to-date: /home/pavel/ws_ros2/install/px4_msgs/include/px4_msgs/px4_msgs/msg/detail/rate_ctrl_status__type_support.h
[69.326s] -- Up-to-date: /home/pavel/ws_ros2/install/px4_msgs/include/px4_msgs/px4_msgs/msg/detail/ping__functions.h
[69.326s] -- Up-to-date: /home/pavel/ws_ros2/install/px4_msgs/include/px4_msgs/px4_msgs/msg/detail/vehicle_command__functions.c
[69.326s] -- Up-to-date: /home/pavel/ws_ros2/install/px4_msgs/include/px4_msgs/px4_msgs/msg/detail/gpio_config__functions.c
[69.326s] -- Up-to-date: /home/pavel/ws_ros2/install/px4_msgs/include/px4_msgs/px4_msgs/msg/detail/actuator_servos_trim__functions.c
[69.326s] -- Up-to-date: /home/pavel/ws_ros2/install/px4_msgs/include/px4_msgs/px4_msgs/msg/detail/esc_status__functions.h
[69.326s] -- Up-to-date: /home/pavel/ws_ros2/install/px4_msgs/include/px4_msgs/px4_msgs/msg/detail/parameter_set_value_response__struct.h
[69.326s] -- Up-to-date: /home/pavel/ws_ros2/install/px4_msgs/include/px4_msgs/px4_msgs/msg/detail/actuator_controls_status__functions.c
[69.326s] -- Up-to-date: /home/pavel/ws_ros2/install/px4_msgs/include/px4_msgs/px4_msgs/msg/detail/debug_value__type_support.h
[69.326s] -- Up-to-date: /home/pavel/ws_ros2/install/px4_msgs/include/px4_msgs/px4_msgs/msg/detail/timesync_status__functions.c
[69.326s] -- Up-to-date: /home/pavel/ws_ros2/install/px4_msgs/include/px4_msgs/px4_msgs/msg/detail/cpuload__struct.h
[69.326s] -- Up-to-date: /home/pavel/ws_ros2/install/px4_msgs/include/px4_msgs/px4_msgs/msg/detail/estimator_states__struct.h
[69.326s] -- Up-to-date: /home/pavel/ws_ros2/install/px4_msgs/include/px4_msgs/px4_msgs/msg/detail/register_ext_component_reply__struct.h
[69.326s] -- Up-to-date: /home/pavel/ws_ros2/install/px4_msgs/include/px4_msgs/px4_msgs/msg/detail/vehicle_imu_status__type_support.h
[69.327s] -- Up-to-date: /home/pavel/ws_ros2/install/px4_msgs/include/px4_msgs/px4_msgs/msg/detail/estimator_aid_source1d__functions.c
[69.327s] -- Up-to-date: /home/pavel/ws_ros2/install/px4_msgs/include/px4_msgs/px4_msgs/msg/detail/gimbal_manager_status__functions.h
[69.327s] -- Up-to-date: /home/pavel/ws_ros2/install/px4_msgs/include/px4_msgs/px4_msgs/msg/detail/vehicle_imu__type_support.h
[69.327s] -- Up-to-date: /home/pavel/ws_ros2/install/px4_msgs/include/px4_msgs/px4_msgs/msg/detail/ekf2_timestamps__struct.h
[69.327s] -- Up-to-date: /home/pavel/ws_ros2/install/px4_msgs/include/px4_msgs/px4_msgs/msg/detail/failure_detector_status__functions.h
[69.327s] -- Up-to-date: /home/pavel/ws_ros2/install/px4_msgs/include/px4_msgs/px4_msgs/msg/detail/autotune_attitude_control_status__functions.h
[69.327s] -- Up-to-date: /home/pavel/ws_ros2/install/px4_msgs/include/px4_msgs/px4_msgs/msg/detail/airspeed__struct.h
[69.327s] -- Up-to-date: /home/pavel/ws_ros2/install/px4_msgs/include/px4_msgs/px4_msgs/msg/detail/gpio_request__functions.c
[69.327s] -- Up-to-date: /home/pavel/ws_ros2/install/px4_msgs/include/px4_msgs/px4_msgs/msg/detail/gimbal_device_attitude_status__functions.h
[69.327s] -- Up-to-date: /home/pavel/ws_ros2/install/px4_msgs/include/px4_msgs/px4_msgs/msg/detail/telemetry_status__functions.h
[69.327s] -- Up-to-date: /home/pavel/ws_ros2/install/px4_msgs/include/px4_msgs/px4_msgs/msg/detail/control_allocator_status__struct.h
[69.327s] -- Up-to-date: /home/pavel/ws_ros2/install/px4_msgs/include/px4_msgs/px4_msgs/msg/detail/hover_thrust_estimate__type_support.h
[69.327s] -- Up-to-date: /home/pavel/ws_ros2/install/px4_msgs/include/px4_msgs/px4_msgs/msg/detail/vtol_vehicle_status__functions.c
[69.327s] -- Up-to-date: /home/pavel/ws_ros2/install/px4_msgs/include/px4_msgs/px4_msgs/msg/detail/sensor_hygrometer__struct.h
[69.327s] -- Up-to-date: /home/pavel/ws_ros2/install/px4_msgs/include/px4_msgs/px4_msgs/msg/detail/differential_pressure__type_support.h
[69.327s] -- Up-to-date: /home/pavel/ws_ros2/install/px4_msgs/include/px4_msgs/px4_msgs/msg/detail/ulog_stream__struct.h
[69.328s] -- Up-to-date: /home/pavel/ws_ros2/install/px4_msgs/include/px4_msgs/px4_msgs/msg/detail/obstacle_distance__struct.h
[69.328s] -- Up-to-date: /home/pavel/ws_ros2/install/px4_msgs/include/px4_msgs/px4_msgs/msg/detail/vehicle_command_ack__functions.c
[69.328s] -- Up-to-date: /home/pavel/ws_ros2/install/px4_msgs/include/px4_msgs/px4_msgs/msg/detail/battery_status__struct.h
[69.328s] -- Up-to-date: /home/pavel/ws_ros2/install/px4_msgs/include/px4_msgs/px4_msgs/msg/detail/ulog_stream_ack__functions.h
[69.328s] -- Up-to-date: /home/pavel/ws_ros2/install/px4_msgs/include/px4_msgs/px4_msgs/msg/detail/vehicle_command__functions.h
[69.328s] -- Up-to-date: /home/pavel/ws_ros2/install/px4_msgs/include/px4_msgs/px4_msgs/msg/detail/irlock_report__functions.h
[69.328s] -- Up-to-date: /home/pavel/ws_ros2/install/px4_msgs/include/px4_msgs/px4_msgs/msg/detail/gimbal_manager_set_attitude__functions.h
[69.328s] -- Up-to-date: /home/pavel/ws_ros2/install/px4_msgs/include/px4_msgs/px4_msgs/msg/detail/vehicle_local_position_setpoint__functions.h
[69.328s] -- Up-to-date: /home/pavel/ws_ros2/install/px4_msgs/include/px4_msgs/px4_msgs/msg/detail/register_ext_component_reply__functions.h
[69.328s] -- Up-to-date: /home/pavel/ws_ros2/install/px4_msgs/include/px4_msgs/px4_msgs/msg/detail/esc_report__functions.h
[69.328s] -- Up-to-date: /home/pavel/ws_ros2/install/px4_msgs/include/px4_msgs/px4_msgs/msg/detail/estimator_aid_source3d__type_support.h
[69.328s] -- Up-to-date: /home/pavel/ws_ros2/install/px4_msgs/include/px4_msgs/px4_msgs/msg/detail/vehicle_land_detected__type_support.h
[69.328s] -- Up-to-date: /home/pavel/ws_ros2/install/px4_msgs/include/px4_msgs/px4_msgs/msg/detail/landing_gear_wheel__type_support.h
[69.328s] -- Up-to-date: /home/pavel/ws_ros2/install/px4_msgs/include/px4_msgs/px4_msgs/msg/detail/telemetry_status__functions.c
[69.328s] -- Up-to-date: /home/pavel/ws_ros2/install/px4_msgs/include/px4_msgs/px4_msgs/msg/control_allocator_status.h
[69.328s] -- Up-to-date: /home/pavel/ws_ros2/install/px4_msgs/include/px4_msgs/px4_msgs/msg/cellular_status.h
[69.329s] -- Up-to-date: /home/pavel/ws_ros2/install/px4_msgs/include/px4_msgs/px4_msgs/msg/iridiumsbd_status.h
[69.329s] -- Up-to-date: /home/pavel/ws_ros2/install/px4_msgs/include/px4_msgs/px4_msgs/msg/estimator_bias.h
[69.329s] -- Up-to-date: /home/pavel/ws_ros2/install/px4_msgs/include/px4_msgs/px4_msgs/msg/sensor_mag.h
[69.329s] -- Up-to-date: /home/pavel/ws_ros2/install/px4_msgs/include/px4_msgs/px4_msgs/msg/orb_test.h
[69.329s] -- Up-to-date: /home/pavel/ws_ros2/install/px4_msgs/include/px4_msgs/px4_msgs/msg/sensor_selection.h
[69.329s] -- Up-to-date: /home/pavel/ws_ros2/install/px4_msgs/include/px4_msgs/px4_msgs/msg/sensor_uwb.h
[69.329s] -- Up-to-date: /home/pavel/ws_ros2/install/px4_msgs/include/px4_msgs/px4_msgs/msg/position_controller_landing_status.h
[69.329s] -- Up-to-date: /home/pavel/ws_ros2/install/px4_msgs/include/px4_msgs/px4_msgs/msg/sensor_preflight_mag.h
[69.329s] -- Up-to-date: /home/pavel/ws_ros2/install/px4_msgs/include/px4_msgs/px4_msgs/msg/gimbal_controls.h
[69.329s] -- Up-to-date: /home/pavel/ws_ros2/install/px4_msgs/include/px4_msgs/px4_msgs/msg/gimbal_device_information.h
[69.329s] -- Up-to-date: /home/pavel/ws_ros2/install/px4_msgs/include/px4_msgs/px4_msgs/msg/navigator_mission_item.h
[69.329s] -- Up-to-date: /home/pavel/ws_ros2/install/px4_msgs/include/px4_msgs/px4_msgs/msg/timesync_status.h
[69.329s] -- Up-to-date: /home/pavel/ws_ros2/install/px4_msgs/include/px4_msgs/px4_msgs/msg/wheel_encoders.h
[69.329s] -- Up-to-date: /home/pavel/ws_ros2/install/px4_msgs/include/px4_msgs/px4_msgs/msg/geofence_status.h
[69.329s] -- Up-to-date: /home/pavel/ws_ros2/install/px4_msgs/include/px4_msgs/px4_msgs/msg/geofence_result.h
[69.329s] -- Up-to-date: /home/pavel/ws_ros2/install/px4_msgs/include/px4_msgs/px4_msgs/msg/parameter_set_value_request.h
[69.329s] -- Up-to-date: /home/pavel/ws_ros2/install/px4_msgs/include/px4_msgs/px4_msgs/msg/autotune_attitude_control_status.h
[69.329s] -- Up-to-date: /home/pavel/ws_ros2/install/px4_msgs/include/px4_msgs/px4_msgs/msg/uavcan_parameter_value.h
[69.330s] -- Up-to-date: /home/pavel/ws_ros2/install/px4_msgs/include/px4_msgs/px4_msgs/msg/logger_status.h
[69.330s] -- Up-to-date: /home/pavel/ws_ros2/install/px4_msgs/include/px4_msgs/px4_msgs/msg/orbit_status.h
[69.330s] -- Up-to-date: /home/pavel/ws_ros2/install/px4_msgs/include/px4_msgs/px4_msgs/msg/sensor_baro.h
[69.330s] -- Up-to-date: /home/pavel/ws_ros2/install/px4_msgs/include/px4_msgs/px4_msgs/msg/health_report.h
[69.330s] -- Up-to-date: /home/pavel/ws_ros2/install/px4_msgs/include/px4_msgs/px4_msgs/msg/offboard_control_mode.h
[69.330s] -- Up-to-date: /home/pavel/ws_ros2/install/px4_msgs/include/px4_msgs/px4_msgs/msg/gpio_request.h
[69.330s] -- Up-to-date: /home/pavel/ws_ros2/install/px4_msgs/include/px4_msgs/px4_msgs/msg/vehicle_local_position.h
[69.330s] -- Up-to-date: /home/pavel/ws_ros2/install/px4_msgs/include/px4_msgs/px4_msgs/msg/gimbal_manager_set_attitude.h
[69.330s] -- Up-to-date: /home/pavel/ws_ros2/install/px4_msgs/include/px4_msgs/px4_msgs/msg/home_position.h
[69.330s] -- Up-to-date: /home/pavel/ws_ros2/install/px4_msgs/include/px4_msgs/px4_msgs/msg/camera_capture.h
[69.330s] -- Up-to-date: /home/pavel/ws_ros2/install/px4_msgs/include/px4_msgs/px4_msgs/msg/airspeed_validated.h
[69.330s] -- Up-to-date: /home/pavel/ws_ros2/install/px4_msgs/include/px4_msgs/px4_msgs/msg/rpm.h
[69.330s] -- Up-to-date: /home/pavel/ws_ros2/install/px4_msgs/include/px4_msgs/px4_msgs/msg/estimator_innovations.h
[69.330s] -- Up-to-date: /home/pavel/ws_ros2/install/px4_msgs/include/px4_msgs/px4_msgs/msg/yaw_estimator_status.h
[69.330s] -- Up-to-date: /home/pavel/ws_ros2/install/px4_msgs/include/px4_msgs/px4_msgs/msg/heater_status.h
[69.330s] -- Up-to-date: /home/pavel/ws_ros2/install/px4_msgs/include/px4_msgs/px4_msgs/msg/ekf2_timestamps.h
[69.331s] -- Up-to-date: /home/pavel/ws_ros2/install/px4_msgs/include/px4_msgs/px4_msgs/msg/differential_drive_setpoint.h
[69.331s] -- Up-to-date: /home/pavel/ws_ros2/install/px4_msgs/include/px4_msgs/px4_msgs/msg/led_control.h
[69.331s] -- Up-to-date: /home/pavel/ws_ros2/install/px4_msgs/include/px4_msgs/px4_msgs/msg/radio_status.h
[69.331s] -- Up-to-date: /home/pavel/ws_ros2/install/px4_msgs/include/px4_msgs/px4_msgs/msg/actuator_armed.h
[69.331s] -- Up-to-date: /home/pavel/ws_ros2/install/px4_msgs/include/px4_msgs/px4_msgs/msg/mag_worker_data.h
[69.331s] -- Up-to-date: /home/pavel/ws_ros2/install/px4_msgs/include/px4_msgs/px4_msgs/msg/actuator_servos_trim.h
[69.331s] -- Up-to-date: /home/pavel/ws_ros2/install/px4_msgs/include/px4_msgs/px4_msgs/msg/gimbal_manager_set_manual_control.h
[69.331s] -- Up-to-date: /home/pavel/ws_ros2/install/px4_msgs/include/px4_msgs/px4_msgs/msg/distance_sensor.h
[69.331s] -- Up-to-date: /home/pavel/ws_ros2/install/px4_msgs/include/px4_msgs/px4_msgs/msg/qshell_retval.h
[69.331s] -- Up-to-date: /home/pavel/ws_ros2/install/px4_msgs/include/px4_msgs/px4_msgs/msg/sensors_status_imu.h
[69.331s] -- Up-to-date: /home/pavel/ws_ros2/install/px4_msgs/include/px4_msgs/px4_msgs/msg/mission.h
[69.331s] -- Up-to-date: /home/pavel/ws_ros2/install/px4_msgs/include/px4_msgs/px4_msgs/msg/generator_status.h
[69.331s] -- Up-to-date: /home/pavel/ws_ros2/install/px4_msgs/include/px4_msgs/px4_msgs/msg/input_rc.h
[69.331s] -- Up-to-date: /home/pavel/ws_ros2/install/px4_msgs/include/px4_msgs/px4_msgs/msg/power_monitor.h
[69.331s] -- Up-to-date: /home/pavel/ws_ros2/install/px4_msgs/include/px4_msgs/px4_msgs/msg/uavcan_parameter_request.h
[69.331s] -- Up-to-date: /home/pavel/ws_ros2/install/px4_msgs/include/px4_msgs/px4_msgs/msg/actuator_motors.h
[69.331s] -- Up-to-date: /home/pavel/ws_ros2/install/px4_msgs/include/px4_msgs/px4_msgs/msg/register_ext_component_reply.h
[69.332s] -- Up-to-date: /home/pavel/ws_ros2/install/px4_msgs/include/px4_msgs/px4_msgs/msg/failure_detector_status.h
[69.332s] -- Up-to-date: /home/pavel/ws_ros2/install/px4_msgs/include/px4_msgs/px4_msgs/msg/log_message.h
[69.332s] -- Up-to-date: /home/pavel/ws_ros2/install/px4_msgs/include/px4_msgs/px4_msgs/msg/gimbal_manager_information.h
[69.332s] -- Up-to-date: /home/pavel/ws_ros2/install/px4_msgs/include/px4_msgs/px4_msgs/msg/action_request.h
[69.332s] -- Up-to-date: /home/pavel/ws_ros2/install/px4_msgs/include/px4_msgs/px4_msgs/msg/figure_eight_status.h
[69.332s] -- Up-to-date: /home/pavel/ws_ros2/install/px4_msgs/include/px4_msgs/px4_msgs/msg/vehicle_acceleration.h
[69.332s] -- Up-to-date: /home/pavel/ws_ros2/install/px4_msgs/include/px4_msgs/px4_msgs/msg/follow_target.h
[69.332s] -- Up-to-date: /home/pavel/ws_ros2/install/px4_msgs/include/px4_msgs/px4_msgs/msg/mode_completed.h
[69.332s] -- Up-to-date: /home/pavel/ws_ros2/install/px4_msgs/include/px4_msgs/px4_msgs/msg/parameter_reset_request.h
[69.332s] -- Up-to-date: /home/pavel/ws_ros2/install/px4_msgs/include/px4_msgs/px4_msgs/msg/can_interface_status.h
[69.332s] -- Up-to-date: /home/pavel/ws_ros2/install/px4_msgs/include/px4_msgs/px4_msgs/msg/onboard_computer_status.h
[69.332s] -- Up-to-date: /home/pavel/ws_ros2/install/px4_msgs/include/px4_msgs/px4_msgs/msg/vehicle_rates_setpoint.h
[69.332s] -- Up-to-date: /home/pavel/ws_ros2/install/px4_msgs/include/px4_msgs/px4_msgs/msg/arming_check_request.h
[69.332s] -- Up-to-date: /home/pavel/ws_ros2/install/px4_msgs/include/px4_msgs/px4_msgs/msg/collision_constraints.h
[69.332s] -- Up-to-date: /home/pavel/ws_ros2/install/px4_msgs/include/px4_msgs/px4_msgs/msg/landing_target_pose.h
[69.332s] -- Up-to-date: /home/pavel/ws_ros2/install/px4_msgs/include/px4_msgs/px4_msgs/msg/manual_control_switches.h
[69.333s] -- Up-to-date: /home/pavel/ws_ros2/install/px4_msgs/include/px4_msgs/px4_msgs/msg/message_format_request.h
[69.333s] -- Up-to-date: /home/pavel/ws_ros2/install/px4_msgs/include/px4_msgs/px4_msgs/msg/orb_test_large.h
[69.333s] -- Up-to-date: /home/pavel/ws_ros2/install/px4_msgs/include/px4_msgs/px4_msgs/msg/camera_status.h
[69.333s] -- Up-to-date: /home/pavel/ws_ros2/install/px4_msgs/include/px4_msgs/px4_msgs/msg/vtol_vehicle_status.h
[69.333s] -- Up-to-date: /home/pavel/ws_ros2/install/px4_msgs/include/px4_msgs/px4_msgs/msg/actuator_test.h
[69.333s] -- Up-to-date: /home/pavel/ws_ros2/install/px4_msgs/include/px4_msgs/px4_msgs/msg/register_ext_component_request.h
[69.333s] -- Up-to-date: /home/pavel/ws_ros2/install/px4_msgs/include/px4_msgs/px4_msgs/msg/pps_capture.h
[69.333s] -- Up-to-date: /home/pavel/ws_ros2/install/px4_msgs/include/px4_msgs/px4_msgs/msg/mavlink_log.h
[69.333s] -- Up-to-date: /home/pavel/ws_ros2/install/px4_msgs/include/px4_msgs/px4_msgs/msg/ping.h
[69.333s] -- Up-to-date: /home/pavel/ws_ros2/install/px4_msgs/include/px4_msgs/px4_msgs/msg/transponder_report.h
[69.333s] -- Up-to-date: /home/pavel/ws_ros2/install/px4_msgs/include/px4_msgs/px4_msgs/msg/wind.h
[69.333s] -- Up-to-date: /home/pavel/ws_ros2/install/px4_msgs/include/px4_msgs/px4_msgs/msg/estimator_selector_status.h
[69.333s] -- Up-to-date: /home/pavel/ws_ros2/install/px4_msgs/include/px4_msgs/px4_msgs/msg/vehicle_thrust_setpoint.h
[69.333s] -- Up-to-date: /home/pavel/ws_ros2/install/px4_msgs/include/px4_msgs/px4_msgs/msg/airspeed.h
[69.333s] -- Up-to-date: /home/pavel/ws_ros2/install/px4_msgs/include/px4_msgs/px4_msgs/msg/position_setpoint.h
[69.333s] -- Up-to-date: /home/pavel/ws_ros2/install/px4_msgs/include/px4_msgs/px4_msgs/msg/vehicle_land_detected.h
[69.333s] -- Up-to-date: /home/pavel/ws_ros2/install/px4_msgs/include/px4_msgs/px4_msgs/msg/goto_setpoint.h
[69.334s] -- Up-to-date: /home/pavel/ws_ros2/install/px4_msgs/include/px4_msgs/px4_msgs/msg/button_event.h
[69.334s] -- Up-to-date: /home/pavel/ws_ros2/install/px4_msgs/include/px4_msgs/px4_msgs/msg/rtl_status.h
[69.334s] -- Up-to-date: /home/pavel/ws_ros2/install/px4_msgs/include/px4_msgs/px4_msgs/msg/landing_gear_wheel.h
[69.334s] -- Up-to-date: /home/pavel/ws_ros2/install/px4_msgs/include/px4_msgs/px4_msgs/msg/estimator_status_flags.h
[69.334s] -- Up-to-date: /home/pavel/ws_ros2/install/px4_msgs/include/px4_msgs/px4_msgs/msg/vehicle_angular_velocity.h
[69.334s] -- Up-to-date: /home/pavel/ws_ros2/install/px4_msgs/include/px4_msgs/px4_msgs/msg/esc_status.h
[69.334s] -- Up-to-date: /home/pavel/ws_ros2/install/px4_msgs/include/px4_msgs/px4_msgs/msg/px4io_status.h
[69.334s] -- Up-to-date: /home/pavel/ws_ros2/install/px4_msgs/include/px4_msgs/px4_msgs/msg/sensor_correction.h
[69.334s] -- Up-to-date: /home/pavel/ws_ros2/install/px4_msgs/include/px4_msgs/px4_msgs/msg/sensor_accel.h
[69.334s] -- Up-to-date: /home/pavel/ws_ros2/install/px4_msgs/include/px4_msgs/px4_msgs/msg/mount_orientation.h
[69.334s] -- Up-to-date: /home/pavel/ws_ros2/install/px4_msgs/include/px4_msgs/px4_msgs/msg/event.h
[69.334s] -- Up-to-date: /home/pavel/ws_ros2/install/px4_msgs/include/px4_msgs/px4_msgs/msg/estimator_aid_source3d.h
[69.334s] -- Up-to-date: /home/pavel/ws_ros2/install/px4_msgs/include/px4_msgs/px4_msgs/msg/vehicle_constraints.h
[69.334s] -- Up-to-date: /home/pavel/ws_ros2/install/px4_msgs/include/px4_msgs/px4_msgs/msg/camera_trigger.h
[69.334s] -- Up-to-date: /home/pavel/ws_ros2/install/px4_msgs/include/px4_msgs/px4_msgs/msg/vehicle_attitude_setpoint.h
[69.334s] -- Up-to-date: /home/pavel/ws_ros2/install/px4_msgs/include/px4_msgs/px4_msgs/msg/vehicle_angular_acceleration_setpoint.h
[69.334s] -- Up-to-date: /home/pavel/ws_ros2/install/px4_msgs/include/px4_msgs/px4_msgs/msg/unregister_ext_component.h
[69.334s] -- Up-to-date: /home/pavel/ws_ros2/install/px4_msgs/include/px4_msgs/px4_msgs/msg/position_controller_status.h
[69.335s] -- Up-to-date: /home/pavel/ws_ros2/install/px4_msgs/include/px4_msgs/px4_msgs/msg/sensor_hygrometer.h
[69.335s] -- Up-to-date: /home/pavel/ws_ros2/install/px4_msgs/include/px4_msgs/px4_msgs/msg/vehicle_status.h
[69.335s] -- Up-to-date: /home/pavel/ws_ros2/install/px4_msgs/include/px4_msgs/px4_msgs/msg/actuator_servos.h
[69.335s] -- Up-to-date: /home/pavel/ws_ros2/install/px4_msgs/include/px4_msgs/px4_msgs/msg/orb_test_medium.h
[69.335s] -- Up-to-date: /home/pavel/ws_ros2/install/px4_msgs/include/px4_msgs/px4_msgs/msg/estimator_event_flags.h
[69.335s] -- Up-to-date: /home/pavel/ws_ros2/install/px4_msgs/include/px4_msgs/px4_msgs/msg/estimator_status.h
[69.335s] -- Up-to-date: /home/pavel/ws_ros2/install/px4_msgs/include/px4_msgs/px4_msgs/msg/follow_target_estimator.h
[69.335s] -- Up-to-date: /home/pavel/ws_ros2/install/px4_msgs/include/px4_msgs/px4_msgs/msg/landing_gear.h
[69.335s] -- Up-to-date: /home/pavel/ws_ros2/install/px4_msgs/include/px4_msgs/px4_msgs/msg/debug_array.h
[69.335s] -- Up-to-date: /home/pavel/ws_ros2/install/px4_msgs/include/px4_msgs/px4_msgs/msg/battery_status.h
[69.335s] -- Up-to-date: /home/pavel/ws_ros2/install/px4_msgs/include/px4_msgs/px4_msgs/msg/task_stack_info.h
[69.335s] -- Up-to-date: /home/pavel/ws_ros2/install/px4_msgs/include/px4_msgs/px4_msgs/msg/qshell_req.h
[69.335s] -- Up-to-date: /home/pavel/ws_ros2/install/px4_msgs/include/px4_msgs/px4_msgs/msg/differential_pressure.h
[69.335s] -- Up-to-date: /home/pavel/ws_ros2/install/px4_msgs/include/px4_msgs/px4_msgs/msg/sensor_gyro.h
[69.335s] -- Up-to-date: /home/pavel/ws_ros2/install/px4_msgs/include/px4_msgs/px4_msgs/msg/rover_ackermann_guidance_status.h
[69.335s] -- Up-to-date: /home/pavel/ws_ros2/install/px4_msgs/include/px4_msgs/px4_msgs/msg/gimbal_device_set_attitude.h
[69.335s] -- Up-to-date: /home/pavel/ws_ros2/install/px4_msgs/include/px4_msgs/px4_msgs/msg/irlock_report.h
[69.335s] -- Up-to-date: /home/pavel/ws_ros2/install/px4_msgs/include/px4_msgs/px4_msgs/msg/gpio_out.h
[69.335s] -- Up-to-date: /home/pavel/ws_ros2/install/px4_msgs/include/px4_msgs/px4_msgs/msg/vehicle_optical_flow_vel.h
[69.335s] -- Up-to-date: /home/pavel/ws_ros2/install/px4_msgs/include/px4_msgs/px4_msgs/msg/estimator_sensor_bias.h
[69.336s] -- Up-to-date: /home/pavel/ws_ros2/install/px4_msgs/include/px4_msgs/px4_msgs/msg/rc_channels.h
[69.336s] -- Up-to-date: /home/pavel/ws_ros2/install/px4_msgs/include/px4_msgs/px4_msgs/msg/sensor_gps.h
[69.336s] -- Up-to-date: /home/pavel/ws_ros2/install/px4_msgs/include/px4_msgs/px4_msgs/msg/pwm_input.h
[69.336s] -- Up-to-date: /home/pavel/ws_ros2/install/px4_msgs/include/px4_msgs/px4_msgs/msg/internal_combustion_engine_status.h
[69.336s] -- Up-to-date: /home/pavel/ws_ros2/install/px4_msgs/include/px4_msgs/px4_msgs/msg/sensor_gyro_fifo.h
[69.336s] -- Up-to-date: /home/pavel/ws_ros2/install/px4_msgs/include/px4_msgs/px4_msgs/msg/tune_control.h
[69.336s] -- Up-to-date: /home/pavel/ws_ros2/install/px4_msgs/include/px4_msgs/px4_msgs/msg/manual_control_setpoint.h
[69.336s] -- Up-to-date: /home/pavel/ws_ros2/install/px4_msgs/include/px4_msgs/px4_msgs/msg/gimbal_device_attitude_status.h
[69.336s] -- Up-to-date: /home/pavel/ws_ros2/install/px4_msgs/include/px4_msgs/px4_msgs/msg/launch_detection_status.h
[69.336s] -- Up-to-date: /home/pavel/ws_ros2/install/px4_msgs/include/px4_msgs/px4_msgs/msg/vehicle_imu.h
[69.336s] -- Up-to-date: /home/pavel/ws_ros2/install/px4_msgs/include/px4_msgs/px4_msgs/msg/vehicle_torque_setpoint.h
[69.336s] -- Up-to-date: /home/pavel/ws_ros2/install/px4_msgs/include/px4_msgs/px4_msgs/msg/power_button_state.h
[69.336s] -- Up-to-date: /home/pavel/ws_ros2/install/px4_msgs/include/px4_msgs/px4_msgs/msg/trajectory_waypoint.h
[69.336s] -- Up-to-date: /home/pavel/ws_ros2/install/px4_msgs/include/px4_msgs/px4_msgs/msg/landing_target_innovations.h
[69.336s] -- Up-to-date: /home/pavel/ws_ros2/install/px4_msgs/include/px4_msgs/px4_msgs/msg/rosidl_generator_c__visibility_control.h
[69.336s] -- Up-to-date: /home/pavel/ws_ros2/install/px4_msgs/include/px4_msgs/px4_msgs/msg/fuel_tank_status.h
[69.336s] -- Up-to-date: /home/pavel/ws_ros2/install/px4_msgs/include/px4_msgs/px4_msgs/msg/gpio_config.h
[69.336s] -- Up-to-date: /home/pavel/ws_ros2/install/px4_msgs/include/px4_msgs/px4_msgs/msg/buffer128.h
[69.337s] -- Up-to-date: /home/pavel/ws_ros2/install/px4_msgs/include/px4_msgs/px4_msgs/msg/gripper.h
[69.337s] -- Up-to-date: /home/pavel/ws_ros2/install/px4_msgs/include/px4_msgs/px4_msgs/msg/debug_vect.h
[69.337s] -- Up-to-date: /home/pavel/ws_ros2/install/px4_msgs/include/px4_msgs/px4_msgs/msg/sensor_combined.h
[69.337s] -- Up-to-date: /home/pavel/ws_ros2/install/px4_msgs/include/px4_msgs/px4_msgs/msg/takeoff_status.h
[69.337s] -- Up-to-date: /home/pavel/ws_ros2/install/px4_msgs/include/px4_msgs/px4_msgs/msg/parameter_set_used_request.h
[69.337s] -- Up-to-date: /home/pavel/ws_ros2/install/px4_msgs/include/px4_msgs/px4_msgs/msg/estimator_bias3d.h
[69.337s] -- Up-to-date: /home/pavel/ws_ros2/install/px4_msgs/include/px4_msgs/px4_msgs/msg/debug_key_value.h
[69.337s] -- Up-to-date: /home/pavel/ws_ros2/install/px4_msgs/include/px4_msgs/px4_msgs/msg/sensor_accel_fifo.h
[69.337s] -- Up-to-date: /home/pavel/ws_ros2/install/px4_msgs/include/px4_msgs/px4_msgs/msg/mission_result.h
[69.337s] -- Up-to-date: /home/pavel/ws_ros2/install/px4_msgs/include/px4_msgs/px4_msgs/msg/debug_value.h
[69.337s] -- Up-to-date: /home/pavel/ws_ros2/install/px4_msgs/include/px4_msgs/px4_msgs/msg/gpio_in.h
[69.337s] -- Up-to-date: /home/pavel/ws_ros2/install/px4_msgs/include/px4_msgs/px4_msgs/msg/npfg_status.h
[69.337s] -- Up-to-date: /home/pavel/ws_ros2/install/px4_msgs/include/px4_msgs/px4_msgs/msg/vehicle_command_ack.h
[69.337s] -- Up-to-date: /home/pavel/ws_ros2/install/px4_msgs/include/px4_msgs/px4_msgs/msg/estimator_aid_source2d.h
[69.337s] -- Up-to-date: /home/pavel/ws_ros2/install/px4_msgs/include/px4_msgs/px4_msgs/msg/vehicle_trajectory_bezier.h
[69.338s] -- Up-to-date: /home/pavel/ws_ros2/install/px4_msgs/include/px4_msgs/px4_msgs/msg/parameter_update.h
[69.338s] -- Up-to-date: /home/pavel/ws_ros2/install/px4_msgs/include/px4_msgs/px4_msgs/msg/failsafe_flags.h
[69.338s] -- Up-to-date: /home/pavel/ws_ros2/install/px4_msgs/include/px4_msgs/px4_msgs/msg/vehicle_imu_status.h
[69.338s] -- Up-to-date: /home/pavel/ws_ros2/install/px4_msgs/include/px4_msgs/px4_msgs/msg/esc_report.h
[69.338s] -- Up-to-date: /home/pavel/ws_ros2/install/px4_msgs/include/px4_msgs/px4_msgs/msg/gimbal_manager_status.h
[69.338s] -- Up-to-date: /home/pavel/ws_ros2/install/px4_msgs/include/px4_msgs/px4_msgs/msg/ulog_stream.h
[69.338s] -- Up-to-date: /home/pavel/ws_ros2/install/px4_msgs/include/px4_msgs/px4_msgs/msg/collision_report.h
[69.338s] -- Up-to-date: /home/pavel/ws_ros2/install/px4_msgs/include/px4_msgs/px4_msgs/msg/trajectory_setpoint.h
[69.338s] -- Up-to-date: /home/pavel/ws_ros2/install/px4_msgs/include/px4_msgs/px4_msgs/msg/actuator_outputs.h
[69.338s] -- Up-to-date: /home/pavel/ws_ros2/install/px4_msgs/include/px4_msgs/px4_msgs/msg/satellite_info.h
[69.338s] -- Up-to-date: /home/pavel/ws_ros2/install/px4_msgs/include/px4_msgs/px4_msgs/msg/vehicle_air_data.h
[69.338s] -- Up-to-date: /home/pavel/ws_ros2/install/px4_msgs/include/px4_msgs/px4_msgs/msg/telemetry_status.h
[69.338s] -- Up-to-date: /home/pavel/ws_ros2/install/px4_msgs/include/px4_msgs/px4_msgs/msg/hover_thrust_estimate.h
[69.338s] -- Up-to-date: /home/pavel/ws_ros2/install/px4_msgs/include/px4_msgs/px4_msgs/msg/cpuload.h
[69.338s] -- Up-to-date: /home/pavel/ws_ros2/install/px4_msgs/include/px4_msgs/px4_msgs/msg/mavlink_tunnel.h
[69.338s] -- Up-to-date: /home/pavel/ws_ros2/install/px4_msgs/include/px4_msgs/px4_msgs/msg/obstacle_distance.h
[69.338s] -- Up-to-date: /home/pavel/ws_ros2/install/px4_msgs/include/px4_msgs/px4_msgs/msg/velocity_limits.h
[69.338s] -- Up-to-date: /home/pavel/ws_ros2/install/px4_msgs/include/px4_msgs/px4_msgs/msg/magnetometer_bias_estimate.h
[69.339s] -- Up-to-date: /home/pavel/ws_ros2/install/px4_msgs/include/px4_msgs/px4_msgs/msg/ulog_stream_ack.h
[69.339s] -- Up-to-date: /home/pavel/ws_ros2/install/px4_msgs/include/px4_msgs/px4_msgs/msg/sensor_optical_flow.h
[69.339s] -- Up-to-date: /home/pavel/ws_ros2/install/px4_msgs/include/px4_msgs/px4_msgs/msg/sensor_gyro_fft.h
[69.339s] -- Up-to-date: /home/pavel/ws_ros2/install/px4_msgs/include/px4_msgs/px4_msgs/msg/vehicle_odometry.h
[69.339s] -- Up-to-date: /home/pavel/ws_ros2/install/px4_msgs/include/px4_msgs/px4_msgs/msg/rc_parameter_map.h
[69.339s] -- Up-to-date: /home/pavel/ws_ros2/install/px4_msgs/include/px4_msgs/px4_msgs/msg/config_overrides.h
[69.339s] -- Up-to-date: /home/pavel/ws_ros2/install/px4_msgs/include/px4_msgs/px4_msgs/msg/arming_check_reply.h
[69.339s] -- Up-to-date: /home/pavel/ws_ros2/install/px4_msgs/include/px4_msgs/px4_msgs/msg/adc_report.h
[69.339s] -- Up-to-date: /home/pavel/ws_ros2/install/px4_msgs/include/px4_msgs/px4_msgs/msg/vehicle_global_position.h
[69.339s] -- Up-to-date: /home/pavel/ws_ros2/install/px4_msgs/include/px4_msgs/px4_msgs/msg/rtl_time_estimate.h
[69.339s] -- Up-to-date: /home/pavel/ws_ros2/install/px4_msgs/include/px4_msgs/px4_msgs/msg/vehicle_local_position_setpoint.h
[69.339s] -- Up-to-date: /home/pavel/ws_ros2/install/px4_msgs/include/px4_msgs/px4_msgs/msg/sensor_gnss_relative.h
[69.339s] -- Up-to-date: /home/pavel/ws_ros2/install/px4_msgs/include/px4_msgs/px4_msgs/msg/vehicle_trajectory_waypoint.h
[69.339s] -- Up-to-date: /home/pavel/ws_ros2/install/px4_msgs/include/px4_msgs/px4_msgs/msg/estimator_aid_source1d.h
[69.339s] -- Up-to-date: /home/pavel/ws_ros2/install/px4_msgs/include/px4_msgs/px4_msgs/msg/message_format_response.h
[69.340s] -- Up-to-date: /home/pavel/ws_ros2/install/px4_msgs/share/px4_msgs/environment/library_path.sh
[69.340s] -- Up-to-date: /home/pavel/ws_ros2/install/px4_msgs/share/px4_msgs/environment/library_path.dsv
[69.340s] -- Installing: /home/pavel/ws_ros2/install/px4_msgs/lib/libpx4_msgs__rosidl_generator_c.so
[69.340s] -- Set runtime path of "/home/pavel/ws_ros2/install/px4_msgs/lib/libpx4_msgs__rosidl_generator_c.so" to ""
[69.340s] -- Up-to-date: /home/pavel/ws_ros2/install/px4_msgs/include/px4_msgs/px4_msgs
[69.340s] -- Up-to-date: /home/pavel/ws_ros2/install/px4_msgs/include/px4_msgs/px4_msgs/srv
[69.340s] -- Up-to-date: /home/pavel/ws_ros2/install/px4_msgs/include/px4_msgs/px4_msgs/srv/detail
[69.340s] -- Up-to-date: /home/pavel/ws_ros2/install/px4_msgs/include/px4_msgs/px4_msgs/srv/detail/vehicle_command__rosidl_typesupport_fastrtps_c.h
[69.340s] -- Up-to-date: /home/pavel/ws_ros2/install/px4_msgs/include/px4_msgs/px4_msgs/msg
[69.340s] -- Up-to-date: /home/pavel/ws_ros2/install/px4_msgs/include/px4_msgs/px4_msgs/msg/detail
[69.340s] -- Up-to-date: /home/pavel/ws_ros2/install/px4_msgs/include/px4_msgs/px4_msgs/msg/detail/orb_test_large__rosidl_typesupport_fastrtps_c.h
[69.340s] -- Up-to-date: /home/pavel/ws_ros2/install/px4_msgs/include/px4_msgs/px4_msgs/msg/detail/actuator_test__rosidl_typesupport_fastrtps_c.h
[69.340s] -- Up-to-date: /home/pavel/ws_ros2/install/px4_msgs/include/px4_msgs/px4_msgs/msg/detail/sensor_gyro_fft__rosidl_typesupport_fastrtps_c.h
[69.340s] -- Up-to-date: /home/pavel/ws_ros2/install/px4_msgs/include/px4_msgs/px4_msgs/msg/detail/vehicle_optical_flow__rosidl_typesupport_fastrtps_c.h
[69.340s] -- Up-to-date: /home/pavel/ws_ros2/install/px4_msgs/include/px4_msgs/px4_msgs/msg/detail/tiltrotor_extra_controls__rosidl_typesupport_fastrtps_c.h
[69.340s] -- Up-to-date: /home/pavel/ws_ros2/install/px4_msgs/include/px4_msgs/px4_msgs/msg/detail/onboard_computer_status__rosidl_typesupport_fastrtps_c.h
[69.340s] -- Up-to-date: /home/pavel/ws_ros2/install/px4_msgs/include/px4_msgs/px4_msgs/msg/detail/uavcan_parameter_value__rosidl_typesupport_fastrtps_c.h
[69.340s] -- Up-to-date: /home/pavel/ws_ros2/install/px4_msgs/include/px4_msgs/px4_msgs/msg/detail/offboard_control_mode__rosidl_typesupport_fastrtps_c.h
[69.341s] -- Up-to-date: /home/pavel/ws_ros2/install/px4_msgs/include/px4_msgs/px4_msgs/msg/detail/airspeed_validated__rosidl_typesupport_fastrtps_c.h
[69.341s] -- Up-to-date: /home/pavel/ws_ros2/install/px4_msgs/include/px4_msgs/px4_msgs/msg/detail/vehicle_odometry__rosidl_typesupport_fastrtps_c.h
[69.341s] -- Up-to-date: /home/pavel/ws_ros2/install/px4_msgs/include/px4_msgs/px4_msgs/msg/detail/vehicle_thrust_setpoint__rosidl_typesupport_fastrtps_c.h
[69.341s] -- Up-to-date: /home/pavel/ws_ros2/install/px4_msgs/include/px4_msgs/px4_msgs/msg/detail/estimator_aid_source2d__rosidl_typesupport_fastrtps_c.h
[69.341s] -- Up-to-date: /home/pavel/ws_ros2/install/px4_msgs/include/px4_msgs/px4_msgs/msg/detail/gimbal_manager_set_manual_control__rosidl_typesupport_fastrtps_c.h
[69.341s] -- Up-to-date: /home/pavel/ws_ros2/install/px4_msgs/include/px4_msgs/px4_msgs/msg/detail/landing_gear__rosidl_typesupport_fastrtps_c.h
[69.341s] -- Up-to-date: /home/pavel/ws_ros2/install/px4_msgs/include/px4_msgs/px4_msgs/msg/detail/irlock_report__rosidl_typesupport_fastrtps_c.h
[69.341s] -- Up-to-date: /home/pavel/ws_ros2/install/px4_msgs/include/px4_msgs/px4_msgs/msg/detail/parameter_set_used_request__rosidl_typesupport_fastrtps_c.h
[69.341s] -- Up-to-date: /home/pavel/ws_ros2/install/px4_msgs/include/px4_msgs/px4_msgs/msg/detail/failsafe_flags__rosidl_typesupport_fastrtps_c.h
[69.341s] -- Up-to-date: /home/pavel/ws_ros2/install/px4_msgs/include/px4_msgs/px4_msgs/msg/detail/control_allocator_status__rosidl_typesupport_fastrtps_c.h
[69.341s] -- Up-to-date: /home/pavel/ws_ros2/install/px4_msgs/include/px4_msgs/px4_msgs/msg/detail/vehicle_command__rosidl_typesupport_fastrtps_c.h
[69.341s] -- Up-to-date: /home/pavel/ws_ros2/install/px4_msgs/include/px4_msgs/px4_msgs/msg/detail/rc_channels__rosidl_typesupport_fastrtps_c.h
[69.341s] -- Up-to-date: /home/pavel/ws_ros2/install/px4_msgs/include/px4_msgs/px4_msgs/msg/detail/estimator_status__rosidl_typesupport_fastrtps_c.h
[69.341s] -- Up-to-date: /home/pavel/ws_ros2/install/px4_msgs/include/px4_msgs/px4_msgs/msg/detail/unregister_ext_component__rosidl_typesupport_fastrtps_c.h
[69.341s] -- Up-to-date: /home/pavel/ws_ros2/install/px4_msgs/include/px4_msgs/px4_msgs/msg/detail/sensors_status_imu__rosidl_typesupport_fastrtps_c.h
[69.341s] -- Up-to-date: /home/pavel/ws_ros2/install/px4_msgs/include/px4_msgs/px4_msgs/msg/detail/vehicle_constraints__rosidl_typesupport_fastrtps_c.h
[69.341s] -- Up-to-date: /home/pavel/ws_ros2/install/px4_msgs/include/px4_msgs/px4_msgs/msg/detail/actuator_servos__rosidl_typesupport_fastrtps_c.h
[69.341s] -- Up-to-date: /home/pavel/ws_ros2/install/px4_msgs/include/px4_msgs/px4_msgs/msg/detail/satellite_info__rosidl_typesupport_fastrtps_c.h
[69.342s] -- Up-to-date: /home/pavel/ws_ros2/install/px4_msgs/include/px4_msgs/px4_msgs/msg/detail/ekf2_timestamps__rosidl_typesupport_fastrtps_c.h
[69.342s] -- Up-to-date: /home/pavel/ws_ros2/install/px4_msgs/include/px4_msgs/px4_msgs/msg/detail/estimator_bias__rosidl_typesupport_fastrtps_c.h
[69.342s] -- Up-to-date: /home/pavel/ws_ros2/install/px4_msgs/include/px4_msgs/px4_msgs/msg/detail/actuator_armed__rosidl_typesupport_fastrtps_c.h
[69.342s] -- Up-to-date: /home/pavel/ws_ros2/install/px4_msgs/include/px4_msgs/px4_msgs/msg/detail/position_setpoint__rosidl_typesupport_fastrtps_c.h
[69.342s] -- Up-to-date: /home/pavel/ws_ros2/install/px4_msgs/include/px4_msgs/px4_msgs/msg/detail/vehicle_acceleration__rosidl_typesupport_fastrtps_c.h
[69.342s] -- Up-to-date: /home/pavel/ws_ros2/install/px4_msgs/include/px4_msgs/px4_msgs/msg/detail/telemetry_status__rosidl_typesupport_fastrtps_c.h
[69.342s] -- Up-to-date: /home/pavel/ws_ros2/install/px4_msgs/include/px4_msgs/px4_msgs/msg/detail/camera_capture__rosidl_typesupport_fastrtps_c.h
[69.342s] -- Up-to-date: /home/pavel/ws_ros2/install/px4_msgs/include/px4_msgs/px4_msgs/msg/detail/estimator_bias3d__rosidl_typesupport_fastrtps_c.h
[69.342s] -- Up-to-date: /home/pavel/ws_ros2/install/px4_msgs/include/px4_msgs/px4_msgs/msg/detail/sensor_combined__rosidl_typesupport_fastrtps_c.h
[69.342s] -- Up-to-date: /home/pavel/ws_ros2/install/px4_msgs/include/px4_msgs/px4_msgs/msg/detail/gripper__rosidl_typesupport_fastrtps_c.h
[69.342s] -- Up-to-date: /home/pavel/ws_ros2/install/px4_msgs/include/px4_msgs/px4_msgs/msg/detail/rover_ackermann_guidance_status__rosidl_typesupport_fastrtps_c.h
[69.342s] -- Up-to-date: /home/pavel/ws_ros2/install/px4_msgs/include/px4_msgs/px4_msgs/msg/detail/input_rc__rosidl_typesupport_fastrtps_c.h
[69.342s] -- Up-to-date: /home/pavel/ws_ros2/install/px4_msgs/include/px4_msgs/px4_msgs/msg/detail/estimator_innovations__rosidl_typesupport_fastrtps_c.h
[69.342s] -- Up-to-date: /home/pavel/ws_ros2/install/px4_msgs/include/px4_msgs/px4_msgs/msg/detail/cpuload__rosidl_typesupport_fastrtps_c.h
[69.342s] -- Up-to-date: /home/pavel/ws_ros2/install/px4_msgs/include/px4_msgs/px4_msgs/msg/detail/uavcan_parameter_request__rosidl_typesupport_fastrtps_c.h
[69.342s] -- Up-to-date: /home/pavel/ws_ros2/install/px4_msgs/include/px4_msgs/px4_msgs/msg/detail/position_controller_landing_status__rosidl_typesupport_fastrtps_c.h
[69.342s] -- Up-to-date: /home/pavel/ws_ros2/install/px4_msgs/include/px4_msgs/px4_msgs/msg/detail/ulog_stream_ack__rosidl_typesupport_fastrtps_c.h
[69.342s] -- Up-to-date: /home/pavel/ws_ros2/install/px4_msgs/include/px4_msgs/px4_msgs/msg/detail/actuator_servos_trim__rosidl_typesupport_fastrtps_c.h
[69.342s] -- Up-to-date: /home/pavel/ws_ros2/install/px4_msgs/include/px4_msgs/px4_msgs/msg/detail/qshell_req__rosidl_typesupport_fastrtps_c.h
[69.343s] -- Up-to-date: /home/pavel/ws_ros2/install/px4_msgs/include/px4_msgs/px4_msgs/msg/detail/vehicle_roi__rosidl_typesupport_fastrtps_c.h
[69.343s] -- Up-to-date: /home/pavel/ws_ros2/install/px4_msgs/include/px4_msgs/px4_msgs/msg/detail/tune_control__rosidl_typesupport_fastrtps_c.h
[69.343s] -- Up-to-date: /home/pavel/ws_ros2/install/px4_msgs/include/px4_msgs/px4_msgs/msg/detail/vehicle_command_ack__rosidl_typesupport_fastrtps_c.h
[69.343s] -- Up-to-date: /home/pavel/ws_ros2/install/px4_msgs/include/px4_msgs/px4_msgs/msg/detail/collision_constraints__rosidl_typesupport_fastrtps_c.h
[69.343s] -- Up-to-date: /home/pavel/ws_ros2/install/px4_msgs/include/px4_msgs/px4_msgs/msg/detail/actuator_motors__rosidl_typesupport_fastrtps_c.h
[69.343s] -- Up-to-date: /home/pavel/ws_ros2/install/px4_msgs/include/px4_msgs/px4_msgs/msg/detail/pps_capture__rosidl_typesupport_fastrtps_c.h
[69.343s] -- Up-to-date: /home/pavel/ws_ros2/install/px4_msgs/include/px4_msgs/px4_msgs/msg/detail/gimbal_controls__rosidl_typesupport_fastrtps_c.h
[69.343s] -- Up-to-date: /home/pavel/ws_ros2/install/px4_msgs/include/px4_msgs/px4_msgs/msg/detail/led_control__rosidl_typesupport_fastrtps_c.h
[69.343s] -- Up-to-date: /home/pavel/ws_ros2/install/px4_msgs/include/px4_msgs/px4_msgs/msg/detail/parameter_reset_request__rosidl_typesupport_fastrtps_c.h
[69.343s] -- Up-to-date: /home/pavel/ws_ros2/install/px4_msgs/include/px4_msgs/px4_msgs/msg/detail/landing_target_pose__rosidl_typesupport_fastrtps_c.h
[69.343s] -- Up-to-date: /home/pavel/ws_ros2/install/px4_msgs/include/px4_msgs/px4_msgs/msg/detail/mavlink_tunnel__rosidl_typesupport_fastrtps_c.h
[69.343s] -- Up-to-date: /home/pavel/ws_ros2/install/px4_msgs/include/px4_msgs/px4_msgs/msg/detail/dataman_request__rosidl_typesupport_fastrtps_c.h
[69.343s] -- Up-to-date: /home/pavel/ws_ros2/install/px4_msgs/include/px4_msgs/px4_msgs/msg/detail/landing_target_innovations__rosidl_typesupport_fastrtps_c.h
[69.343s] -- Up-to-date: /home/pavel/ws_ros2/install/px4_msgs/include/px4_msgs/px4_msgs/msg/detail/timesync_status__rosidl_typesupport_fastrtps_c.h
[69.343s] -- Up-to-date: /home/pavel/ws_ros2/install/px4_msgs/include/px4_msgs/px4_msgs/msg/detail/mavlink_log__rosidl_typesupport_fastrtps_c.h
[69.343s] -- Up-to-date: /home/pavel/ws_ros2/install/px4_msgs/include/px4_msgs/px4_msgs/msg/detail/buffer128__rosidl_typesupport_fastrtps_c.h
[69.343s] -- Up-to-date: /home/pavel/ws_ros2/install/px4_msgs/include/px4_msgs/px4_msgs/msg/detail/vehicle_attitude__rosidl_typesupport_fastrtps_c.h
[69.343s] -- Up-to-date: /home/pavel/ws_ros2/install/px4_msgs/include/px4_msgs/px4_msgs/msg/detail/sensor_uwb__rosidl_typesupport_fastrtps_c.h
[69.343s] -- Up-to-date: /home/pavel/ws_ros2/install/px4_msgs/include/px4_msgs/px4_msgs/msg/detail/failure_detector_status__rosidl_typesupport_fastrtps_c.h
[69.343s] -- Up-to-date: /home/pavel/ws_ros2/install/px4_msgs/include/px4_msgs/px4_msgs/msg/detail/vehicle_land_detected__rosidl_typesupport_fastrtps_c.h
[69.343s] -- Up-to-date: /home/pavel/ws_ros2/install/px4_msgs/include/px4_msgs/px4_msgs/msg/detail/button_event__rosidl_typesupport_fastrtps_c.h
[69.344s] -- Up-to-date: /home/pavel/ws_ros2/install/px4_msgs/include/px4_msgs/px4_msgs/msg/detail/gps_inject_data__rosidl_typesupport_fastrtps_c.h
[69.344s] -- Up-to-date: /home/pavel/ws_ros2/install/px4_msgs/include/px4_msgs/px4_msgs/msg/detail/sensor_gps__rosidl_typesupport_fastrtps_c.h
[69.344s] -- Up-to-date: /home/pavel/ws_ros2/install/px4_msgs/include/px4_msgs/px4_msgs/msg/detail/can_interface_status__rosidl_typesupport_fastrtps_c.h
[69.344s] -- Up-to-date: /home/pavel/ws_ros2/install/px4_msgs/include/px4_msgs/px4_msgs/msg/detail/distance_sensor__rosidl_typesupport_fastrtps_c.h
[69.344s] -- Up-to-date: /home/pavel/ws_ros2/install/px4_msgs/include/px4_msgs/px4_msgs/msg/detail/actuator_outputs__rosidl_typesupport_fastrtps_c.h
[69.344s] -- Up-to-date: /home/pavel/ws_ros2/install/px4_msgs/include/px4_msgs/px4_msgs/msg/detail/mount_orientation__rosidl_typesupport_fastrtps_c.h
[69.344s] -- Up-to-date: /home/pavel/ws_ros2/install/px4_msgs/include/px4_msgs/px4_msgs/msg/detail/gpio_out__rosidl_typesupport_fastrtps_c.h
[69.344s] -- Up-to-date: /home/pavel/ws_ros2/install/px4_msgs/include/px4_msgs/px4_msgs/msg/detail/gimbal_device_set_attitude__rosidl_typesupport_fastrtps_c.h
[69.344s] -- Up-to-date: /home/pavel/ws_ros2/install/px4_msgs/include/px4_msgs/px4_msgs/msg/detail/vehicle_trajectory_bezier__rosidl_typesupport_fastrtps_c.h
[69.344s] -- Up-to-date: /home/pavel/ws_ros2/install/px4_msgs/include/px4_msgs/px4_msgs/msg/detail/esc_status__rosidl_typesupport_fastrtps_c.h
[69.344s] -- Up-to-date: /home/pavel/ws_ros2/install/px4_msgs/include/px4_msgs/px4_msgs/msg/detail/estimator_states__rosidl_typesupport_fastrtps_c.h
[69.344s] -- Up-to-date: /home/pavel/ws_ros2/install/px4_msgs/include/px4_msgs/px4_msgs/msg/detail/message_format_request__rosidl_typesupport_fastrtps_c.h
[69.344s] -- Up-to-date: /home/pavel/ws_ros2/install/px4_msgs/include/px4_msgs/px4_msgs/msg/detail/gpio_in__rosidl_typesupport_fastrtps_c.h
[69.344s] -- Up-to-date: /home/pavel/ws_ros2/install/px4_msgs/include/px4_msgs/px4_msgs/msg/detail/rpm__rosidl_typesupport_fastrtps_c.h
[69.344s] -- Up-to-date: /home/pavel/ws_ros2/install/px4_msgs/include/px4_msgs/px4_msgs/msg/detail/task_stack_info__rosidl_typesupport_fastrtps_c.h
[69.344s] -- Up-to-date: /home/pavel/ws_ros2/install/px4_msgs/include/px4_msgs/px4_msgs/msg/detail/iridiumsbd_status__rosidl_typesupport_fastrtps_c.h
[69.344s] -- Up-to-date: /home/pavel/ws_ros2/install/px4_msgs/include/px4_msgs/px4_msgs/msg/detail/log_message__rosidl_typesupport_fastrtps_c.h
[69.344s] -- Up-to-date: /home/pavel/ws_ros2/install/px4_msgs/include/px4_msgs/px4_msgs/msg/detail/vehicle_angular_acceleration_setpoint__rosidl_typesupport_fastrtps_c.h
[69.344s] -- Up-to-date: /home/pavel/ws_ros2/install/px4_msgs/include/px4_msgs/px4_msgs/msg/detail/sensor_airflow__rosidl_typesupport_fastrtps_c.h
[69.345s] -- Up-to-date: /home/pavel/ws_ros2/install/px4_msgs/include/px4_msgs/px4_msgs/msg/detail/qshell_retval__rosidl_typesupport_fastrtps_c.h
[69.345s] -- Up-to-date: /home/pavel/ws_ros2/install/px4_msgs/include/px4_msgs/px4_msgs/msg/detail/sensor_gyro__rosidl_typesupport_fastrtps_c.h
[69.345s] -- Up-to-date: /home/pavel/ws_ros2/install/px4_msgs/include/px4_msgs/px4_msgs/msg/detail/yaw_estimator_status__rosidl_typesupport_fastrtps_c.h
[69.345s] -- Up-to-date: /home/pavel/ws_ros2/install/px4_msgs/include/px4_msgs/px4_msgs/msg/detail/debug_vect__rosidl_typesupport_fastrtps_c.h
[69.345s] -- Up-to-date: /home/pavel/ws_ros2/install/px4_msgs/include/px4_msgs/px4_msgs/msg/detail/register_ext_component_reply__rosidl_typesupport_fastrtps_c.h
[69.345s] -- Up-to-date: /home/pavel/ws_ros2/install/px4_msgs/include/px4_msgs/px4_msgs/msg/detail/position_setpoint_triplet__rosidl_typesupport_fastrtps_c.h
[69.345s] -- Up-to-date: /home/pavel/ws_ros2/install/px4_msgs/include/px4_msgs/px4_msgs/msg/detail/launch_detection_status__rosidl_typesupport_fastrtps_c.h
[69.345s] -- Up-to-date: /home/pavel/ws_ros2/install/px4_msgs/include/px4_msgs/px4_msgs/msg/detail/gimbal_manager_information__rosidl_typesupport_fastrtps_c.h
[69.345s] -- Up-to-date: /home/pavel/ws_ros2/install/px4_msgs/include/px4_msgs/px4_msgs/msg/detail/sensor_baro__rosidl_typesupport_fastrtps_c.h
[69.345s] -- Up-to-date: /home/pavel/ws_ros2/install/px4_msgs/include/px4_msgs/px4_msgs/msg/detail/velocity_limits__rosidl_typesupport_fastrtps_c.h
[69.345s] -- Up-to-date: /home/pavel/ws_ros2/install/px4_msgs/include/px4_msgs/px4_msgs/msg/detail/logger_status__rosidl_typesupport_fastrtps_c.h
[69.345s] -- Up-to-date: /home/pavel/ws_ros2/install/px4_msgs/include/px4_msgs/px4_msgs/msg/detail/estimator_aid_source1d__rosidl_typesupport_fastrtps_c.h
[69.345s] -- Up-to-date: /home/pavel/ws_ros2/install/px4_msgs/include/px4_msgs/px4_msgs/msg/detail/wind__rosidl_typesupport_fastrtps_c.h
[69.345s] -- Up-to-date: /home/pavel/ws_ros2/install/px4_msgs/include/px4_msgs/px4_msgs/msg/detail/collision_report__rosidl_typesupport_fastrtps_c.h
[69.345s] -- Up-to-date: /home/pavel/ws_ros2/install/px4_msgs/include/px4_msgs/px4_msgs/msg/detail/npfg_status__rosidl_typesupport_fastrtps_c.h
[69.345s] -- Up-to-date: /home/pavel/ws_ros2/install/px4_msgs/include/px4_msgs/px4_msgs/msg/detail/rc_parameter_map__rosidl_typesupport_fastrtps_c.h
[69.345s] -- Up-to-date: /home/pavel/ws_ros2/install/px4_msgs/include/px4_msgs/px4_msgs/msg/detail/vehicle_status__rosidl_typesupport_fastrtps_c.h
[69.346s] -- Up-to-date: /home/pavel/ws_ros2/install/px4_msgs/include/px4_msgs/px4_msgs/msg/detail/vehicle_optical_flow_vel__rosidl_typesupport_fastrtps_c.h
[69.346s] -- Up-to-date: /home/pavel/ws_ros2/install/px4_msgs/include/px4_msgs/px4_msgs/msg/detail/fuel_tank_status__rosidl_typesupport_fastrtps_c.h
[69.346s] -- Up-to-date: /home/pavel/ws_ros2/install/px4_msgs/include/px4_msgs/px4_msgs/msg/detail/vehicle_attitude_setpoint__rosidl_typesupport_fastrtps_c.h
[69.346s] -- Up-to-date: /home/pavel/ws_ros2/install/px4_msgs/include/px4_msgs/px4_msgs/msg/detail/mission__rosidl_typesupport_fastrtps_c.h
[69.346s] -- Up-to-date: /home/pavel/ws_ros2/install/px4_msgs/include/px4_msgs/px4_msgs/msg/detail/takeoff_status__rosidl_typesupport_fastrtps_c.h
[69.346s] -- Up-to-date: /home/pavel/ws_ros2/install/px4_msgs/include/px4_msgs/px4_msgs/msg/detail/action_request__rosidl_typesupport_fastrtps_c.h
[69.346s] -- Up-to-date: /home/pavel/ws_ros2/install/px4_msgs/include/px4_msgs/px4_msgs/msg/detail/orb_test__rosidl_typesupport_fastrtps_c.h
[69.346s] -- Up-to-date: /home/pavel/ws_ros2/install/px4_msgs/include/px4_msgs/px4_msgs/msg/detail/vehicle_trajectory_waypoint__rosidl_typesupport_fastrtps_c.h
[69.346s] -- Up-to-date: /home/pavel/ws_ros2/install/px4_msgs/include/px4_msgs/px4_msgs/msg/detail/power_button_state__rosidl_typesupport_fastrtps_c.h
[69.346s] -- Up-to-date: /home/pavel/ws_ros2/install/px4_msgs/include/px4_msgs/px4_msgs/msg/detail/trajectory_waypoint__rosidl_typesupport_fastrtps_c.h
[69.346s] -- Up-to-date: /home/pavel/ws_ros2/install/px4_msgs/include/px4_msgs/px4_msgs/msg/detail/transponder_report__rosidl_typesupport_fastrtps_c.h
[69.346s] -- Up-to-date: /home/pavel/ws_ros2/install/px4_msgs/include/px4_msgs/px4_msgs/msg/detail/goto_setpoint__rosidl_typesupport_fastrtps_c.h
[69.346s] -- Up-to-date: /home/pavel/ws_ros2/install/px4_msgs/include/px4_msgs/px4_msgs/msg/detail/debug_array__rosidl_typesupport_fastrtps_c.h
[69.346s] -- Up-to-date: /home/pavel/ws_ros2/install/px4_msgs/include/px4_msgs/px4_msgs/msg/detail/rtl_status__rosidl_typesupport_fastrtps_c.h
[69.346s] -- Up-to-date: /home/pavel/ws_ros2/install/px4_msgs/include/px4_msgs/px4_msgs/msg/detail/gimbal_device_attitude_status__rosidl_typesupport_fastrtps_c.h
[69.346s] -- Up-to-date: /home/pavel/ws_ros2/install/px4_msgs/include/px4_msgs/px4_msgs/msg/detail/airspeed_wind__rosidl_typesupport_fastrtps_c.h
[69.346s] -- Up-to-date: /home/pavel/ws_ros2/install/px4_msgs/include/px4_msgs/px4_msgs/msg/detail/sensor_accel_fifo__rosidl_typesupport_fastrtps_c.h
[69.346s] -- Up-to-date: /home/pavel/ws_ros2/install/px4_msgs/include/px4_msgs/px4_msgs/msg/detail/esc_report__rosidl_typesupport_fastrtps_c.h
[69.347s] -- Up-to-date: /home/pavel/ws_ros2/install/px4_msgs/include/px4_msgs/px4_msgs/msg/detail/ulog_stream__rosidl_typesupport_fastrtps_c.h
[69.347s] -- Up-to-date: /home/pavel/ws_ros2/install/px4_msgs/include/px4_msgs/px4_msgs/msg/detail/orbit_status__rosidl_typesupport_fastrtps_c.h
[69.347s] -- Up-to-date: /home/pavel/ws_ros2/install/px4_msgs/include/px4_msgs/px4_msgs/msg/detail/home_position__rosidl_typesupport_fastrtps_c.h
[69.347s] -- Up-to-date: /home/pavel/ws_ros2/install/px4_msgs/include/px4_msgs/px4_msgs/msg/detail/sensor_hygrometer__rosidl_typesupport_fastrtps_c.h
[69.347s] -- Up-to-date: /home/pavel/ws_ros2/install/px4_msgs/include/px4_msgs/px4_msgs/msg/detail/vehicle_magnetometer__rosidl_typesupport_fastrtps_c.h
[69.347s] -- Up-to-date: /home/pavel/ws_ros2/install/px4_msgs/include/px4_msgs/px4_msgs/msg/detail/battery_status__rosidl_typesupport_fastrtps_c.h
[69.347s] -- Up-to-date: /home/pavel/ws_ros2/install/px4_msgs/include/px4_msgs/px4_msgs/msg/detail/event__rosidl_typesupport_fastrtps_c.h
[69.347s] -- Up-to-date: /home/pavel/ws_ros2/install/px4_msgs/include/px4_msgs/px4_msgs/msg/detail/actuator_controls_status__rosidl_typesupport_fastrtps_c.h
[69.347s] -- Up-to-date: /home/pavel/ws_ros2/install/px4_msgs/include/px4_msgs/px4_msgs/msg/detail/register_ext_component_request__rosidl_typesupport_fastrtps_c.h
[69.347s] -- Up-to-date: /home/pavel/ws_ros2/install/px4_msgs/include/px4_msgs/px4_msgs/msg/detail/differential_drive_setpoint__rosidl_typesupport_fastrtps_c.h
[69.347s] -- Up-to-date: /home/pavel/ws_ros2/install/px4_msgs/include/px4_msgs/px4_msgs/msg/detail/radio_status__rosidl_typesupport_fastrtps_c.h
[69.347s] -- Up-to-date: /home/pavel/ws_ros2/install/px4_msgs/include/px4_msgs/px4_msgs/msg/detail/sensors_status__rosidl_typesupport_fastrtps_c.h
[69.347s] -- Up-to-date: /home/pavel/ws_ros2/install/px4_msgs/include/px4_msgs/px4_msgs/msg/detail/sensor_gyro_fifo__rosidl_typesupport_fastrtps_c.h
[69.347s] -- Up-to-date: /home/pavel/ws_ros2/install/px4_msgs/include/px4_msgs/px4_msgs/msg/detail/estimator_gps_status__rosidl_typesupport_fastrtps_c.h
[69.347s] -- Up-to-date: /home/pavel/ws_ros2/install/px4_msgs/include/px4_msgs/px4_msgs/msg/detail/camera_trigger__rosidl_typesupport_fastrtps_c.h
[69.347s] -- Up-to-date: /home/pavel/ws_ros2/install/px4_msgs/include/px4_msgs/px4_msgs/msg/detail/generator_status__rosidl_typesupport_fastrtps_c.h
[69.348s] -- Up-to-date: /home/pavel/ws_ros2/install/px4_msgs/include/px4_msgs/px4_msgs/msg/detail/orb_test_medium__rosidl_typesupport_fastrtps_c.h
[69.348s] -- Up-to-date: /home/pavel/ws_ros2/install/px4_msgs/include/px4_msgs/px4_msgs/msg/detail/autotune_attitude_control_status__rosidl_typesupport_fastrtps_c.h
[69.348s] -- Up-to-date: /home/pavel/ws_ros2/install/px4_msgs/include/px4_msgs/px4_msgs/msg/detail/gimbal_manager_set_attitude__rosidl_typesupport_fastrtps_c.h
[69.348s] -- Up-to-date: /home/pavel/ws_ros2/install/px4_msgs/include/px4_msgs/px4_msgs/msg/detail/gps_dump__rosidl_typesupport_fastrtps_c.h
[69.348s] -- Up-to-date: /home/pavel/ws_ros2/install/px4_msgs/include/px4_msgs/px4_msgs/msg/detail/camera_status__rosidl_typesupport_fastrtps_c.h
[69.348s] -- Up-to-date: /home/pavel/ws_ros2/install/px4_msgs/include/px4_msgs/px4_msgs/msg/detail/mag_worker_data__rosidl_typesupport_fastrtps_c.h
[69.348s] -- Up-to-date: /home/pavel/ws_ros2/install/px4_msgs/include/px4_msgs/px4_msgs/msg/detail/vehicle_angular_velocity__rosidl_typesupport_fastrtps_c.h
[69.348s] -- Up-to-date: /home/pavel/ws_ros2/install/px4_msgs/include/px4_msgs/px4_msgs/msg/detail/vehicle_air_data__rosidl_typesupport_fastrtps_c.h
[69.348s] -- Up-to-date: /home/pavel/ws_ros2/install/px4_msgs/include/px4_msgs/px4_msgs/msg/detail/vehicle_torque_setpoint__rosidl_typesupport_fastrtps_c.h
[69.348s] -- Up-to-date: /home/pavel/ws_ros2/install/px4_msgs/include/px4_msgs/px4_msgs/msg/detail/vtol_vehicle_status__rosidl_typesupport_fastrtps_c.h
[69.348s] -- Up-to-date: /home/pavel/ws_ros2/install/px4_msgs/include/px4_msgs/px4_msgs/msg/detail/sensor_selection__rosidl_typesupport_fastrtps_c.h
[69.348s] -- Up-to-date: /home/pavel/ws_ros2/install/px4_msgs/include/px4_msgs/px4_msgs/msg/detail/sensor_gnss_relative__rosidl_typesupport_fastrtps_c.h
[69.348s] -- Up-to-date: /home/pavel/ws_ros2/install/px4_msgs/include/px4_msgs/px4_msgs/msg/detail/follow_target_estimator__rosidl_typesupport_fastrtps_c.h
[69.348s] -- Up-to-date: /home/pavel/ws_ros2/install/px4_msgs/include/px4_msgs/px4_msgs/msg/detail/magnetometer_bias_estimate__rosidl_typesupport_fastrtps_c.h
[69.348s] -- Up-to-date: /home/pavel/ws_ros2/install/px4_msgs/include/px4_msgs/px4_msgs/msg/detail/sensor_preflight_mag__rosidl_typesupport_fastrtps_c.h
[69.348s] -- Up-to-date: /home/pavel/ws_ros2/install/px4_msgs/include/px4_msgs/px4_msgs/msg/detail/hover_thrust_estimate__rosidl_typesupport_fastrtps_c.h
[69.348s] -- Up-to-date: /home/pavel/ws_ros2/install/px4_msgs/include/px4_msgs/px4_msgs/msg/detail/manual_control_switches__rosidl_typesupport_fastrtps_c.h
[69.349s] -- Up-to-date: /home/pavel/ws_ros2/install/px4_msgs/include/px4_msgs/px4_msgs/msg/detail/vehicle_control_mode__rosidl_typesupport_fastrtps_c.h
[69.349s] -- Up-to-date: /home/pavel/ws_ros2/install/px4_msgs/include/px4_msgs/px4_msgs/msg/detail/ping__rosidl_typesupport_fastrtps_c.h
[69.349s] -- Up-to-date: /home/pavel/ws_ros2/install/px4_msgs/include/px4_msgs/px4_msgs/msg/detail/navigator_mission_item__rosidl_typesupport_fastrtps_c.h
[69.349s] -- Up-to-date: /home/pavel/ws_ros2/install/px4_msgs/include/px4_msgs/px4_msgs/msg/detail/sensor_correction__rosidl_typesupport_fastrtps_c.h
[69.349s] -- Up-to-date: /home/pavel/ws_ros2/install/px4_msgs/include/px4_msgs/px4_msgs/msg/detail/debug_key_value__rosidl_typesupport_fastrtps_c.h
[69.349s] -- Up-to-date: /home/pavel/ws_ros2/install/px4_msgs/include/px4_msgs/px4_msgs/msg/detail/position_controller_status__rosidl_typesupport_fastrtps_c.h
[69.349s] -- Up-to-date: /home/pavel/ws_ros2/install/px4_msgs/include/px4_msgs/px4_msgs/msg/detail/sensor_optical_flow__rosidl_typesupport_fastrtps_c.h
[69.349s] -- Up-to-date: /home/pavel/ws_ros2/install/px4_msgs/include/px4_msgs/px4_msgs/msg/detail/manual_control_setpoint__rosidl_typesupport_fastrtps_c.h
[69.349s] -- Up-to-date: /home/pavel/ws_ros2/install/px4_msgs/include/px4_msgs/px4_msgs/msg/detail/arming_check_request__rosidl_typesupport_fastrtps_c.h
[69.349s] -- Up-to-date: /home/pavel/ws_ros2/install/px4_msgs/include/px4_msgs/px4_msgs/msg/detail/estimator_aid_source3d__rosidl_typesupport_fastrtps_c.h
[69.349s] -- Up-to-date: /home/pavel/ws_ros2/install/px4_msgs/include/px4_msgs/px4_msgs/msg/detail/trajectory_setpoint__rosidl_typesupport_fastrtps_c.h
[69.349s] -- Up-to-date: /home/pavel/ws_ros2/install/px4_msgs/include/px4_msgs/px4_msgs/msg/detail/geofence_status__rosidl_typesupport_fastrtps_c.h
[69.349s] -- Up-to-date: /home/pavel/ws_ros2/install/px4_msgs/include/px4_msgs/px4_msgs/msg/detail/landing_gear_wheel__rosidl_typesupport_fastrtps_c.h
[69.349s] -- Up-to-date: /home/pavel/ws_ros2/install/px4_msgs/include/px4_msgs/px4_msgs/msg/detail/trajectory_bezier__rosidl_typesupport_fastrtps_c.h
[69.349s] -- Up-to-date: /home/pavel/ws_ros2/install/px4_msgs/include/px4_msgs/px4_msgs/msg/detail/health_report__rosidl_typesupport_fastrtps_c.h
[69.349s] -- Up-to-date: /home/pavel/ws_ros2/install/px4_msgs/include/px4_msgs/px4_msgs/msg/detail/gimbal_device_information__rosidl_typesupport_fastrtps_c.h
[69.350s] -- Up-to-date: /home/pavel/ws_ros2/install/px4_msgs/include/px4_msgs/px4_msgs/msg/detail/dataman_response__rosidl_typesupport_fastrtps_c.h
[69.350s] -- Up-to-date: /home/pavel/ws_ros2/install/px4_msgs/include/px4_msgs/px4_msgs/msg/detail/airspeed__rosidl_typesupport_fastrtps_c.h
[69.350s] -- Up-to-date: /home/pavel/ws_ros2/install/px4_msgs/include/px4_msgs/px4_msgs/msg/detail/power_monitor__rosidl_typesupport_fastrtps_c.h
[69.350s] -- Up-to-date: /home/pavel/ws_ros2/install/px4_msgs/include/px4_msgs/px4_msgs/msg/detail/debug_value__rosidl_typesupport_fastrtps_c.h
[69.350s] -- Up-to-date: /home/pavel/ws_ros2/install/px4_msgs/include/px4_msgs/px4_msgs/msg/detail/vehicle_rates_setpoint__rosidl_typesupport_fastrtps_c.h
[69.350s] -- Up-to-date: /home/pavel/ws_ros2/install/px4_msgs/include/px4_msgs/px4_msgs/msg/detail/parameter_set_value_response__rosidl_typesupport_fastrtps_c.h
[69.350s] -- Up-to-date: /home/pavel/ws_ros2/install/px4_msgs/include/px4_msgs/px4_msgs/msg/detail/heater_status__rosidl_typesupport_fastrtps_c.h
[69.350s] -- Up-to-date: /home/pavel/ws_ros2/install/px4_msgs/include/px4_msgs/px4_msgs/msg/detail/vehicle_global_position__rosidl_typesupport_fastrtps_c.h
[69.350s] -- Up-to-date: /home/pavel/ws_ros2/install/px4_msgs/include/px4_msgs/px4_msgs/msg/detail/gpio_config__rosidl_typesupport_fastrtps_c.h
[69.350s] -- Up-to-date: /home/pavel/ws_ros2/install/px4_msgs/include/px4_msgs/px4_msgs/msg/detail/sensor_accel__rosidl_typesupport_fastrtps_c.h
[69.350s] -- Up-to-date: /home/pavel/ws_ros2/install/px4_msgs/include/px4_msgs/px4_msgs/msg/detail/pwm_input__rosidl_typesupport_fastrtps_c.h
[69.350s] -- Up-to-date: /home/pavel/ws_ros2/install/px4_msgs/include/px4_msgs/px4_msgs/msg/detail/system_power__rosidl_typesupport_fastrtps_c.h
[69.350s] -- Up-to-date: /home/pavel/ws_ros2/install/px4_msgs/include/px4_msgs/px4_msgs/msg/detail/wheel_encoders__rosidl_typesupport_fastrtps_c.h
[69.350s] -- Up-to-date: /home/pavel/ws_ros2/install/px4_msgs/include/px4_msgs/px4_msgs/msg/detail/estimator_selector_status__rosidl_typesupport_fastrtps_c.h
[69.350s] -- Up-to-date: /home/pavel/ws_ros2/install/px4_msgs/include/px4_msgs/px4_msgs/msg/detail/message_format_response__rosidl_typesupport_fastrtps_c.h
[69.350s] -- Up-to-date: /home/pavel/ws_ros2/install/px4_msgs/include/px4_msgs/px4_msgs/msg/detail/vehicle_imu_status__rosidl_typesupport_fastrtps_c.h
[69.351s] -- Up-to-date: /home/pavel/ws_ros2/install/px4_msgs/include/px4_msgs/px4_msgs/msg/detail/follow_target__rosidl_typesupport_fastrtps_c.h
[69.351s] -- Up-to-date: /home/pavel/ws_ros2/install/px4_msgs/include/px4_msgs/px4_msgs/msg/detail/arming_check_reply__rosidl_typesupport_fastrtps_c.h
[69.351s] -- Up-to-date: /home/pavel/ws_ros2/install/px4_msgs/include/px4_msgs/px4_msgs/msg/detail/parameter_update__rosidl_typesupport_fastrtps_c.h
[69.351s] -- Up-to-date: /home/pavel/ws_ros2/install/px4_msgs/include/px4_msgs/px4_msgs/msg/detail/px4io_status__rosidl_typesupport_fastrtps_c.h
[69.351s] -- Up-to-date: /home/pavel/ws_ros2/install/px4_msgs/include/px4_msgs/px4_msgs/msg/detail/vehicle_local_position_setpoint__rosidl_typesupport_fastrtps_c.h
[69.351s] -- Up-to-date: /home/pavel/ws_ros2/install/px4_msgs/include/px4_msgs/px4_msgs/msg/detail/internal_combustion_engine_status__rosidl_typesupport_fastrtps_c.h
[69.351s] -- Up-to-date: /home/pavel/ws_ros2/install/px4_msgs/include/px4_msgs/px4_msgs/msg/detail/gimbal_manager_status__rosidl_typesupport_fastrtps_c.h
[69.351s] -- Up-to-date: /home/pavel/ws_ros2/install/px4_msgs/include/px4_msgs/px4_msgs/msg/detail/estimator_sensor_bias__rosidl_typesupport_fastrtps_c.h
[69.351s] -- Up-to-date: /home/pavel/ws_ros2/install/px4_msgs/include/px4_msgs/px4_msgs/msg/detail/obstacle_distance__rosidl_typesupport_fastrtps_c.h
[69.351s] -- Up-to-date: /home/pavel/ws_ros2/install/px4_msgs/include/px4_msgs/px4_msgs/msg/detail/sensor_mag__rosidl_typesupport_fastrtps_c.h
[69.351s] -- Up-to-date: /home/pavel/ws_ros2/install/px4_msgs/include/px4_msgs/px4_msgs/msg/detail/follow_target_status__rosidl_typesupport_fastrtps_c.h
[69.351s] -- Up-to-date: /home/pavel/ws_ros2/install/px4_msgs/include/px4_msgs/px4_msgs/msg/detail/estimator_event_flags__rosidl_typesupport_fastrtps_c.h
[69.351s] -- Up-to-date: /home/pavel/ws_ros2/install/px4_msgs/include/px4_msgs/px4_msgs/msg/detail/cellular_status__rosidl_typesupport_fastrtps_c.h
[69.351s] -- Up-to-date: /home/pavel/ws_ros2/install/px4_msgs/include/px4_msgs/px4_msgs/msg/detail/mission_result__rosidl_typesupport_fastrtps_c.h
[69.351s] -- Up-to-date: /home/pavel/ws_ros2/install/px4_msgs/include/px4_msgs/px4_msgs/msg/detail/rtl_time_estimate__rosidl_typesupport_fastrtps_c.h
[69.351s] -- Up-to-date: /home/pavel/ws_ros2/install/px4_msgs/include/px4_msgs/px4_msgs/msg/detail/vehicle_imu__rosidl_typesupport_fastrtps_c.h
[69.351s] -- Up-to-date: /home/pavel/ws_ros2/install/px4_msgs/include/px4_msgs/px4_msgs/msg/detail/differential_pressure__rosidl_typesupport_fastrtps_c.h
[69.352s] -- Up-to-date: /home/pavel/ws_ros2/install/px4_msgs/include/px4_msgs/px4_msgs/msg/detail/parameter_set_value_request__rosidl_typesupport_fastrtps_c.h
[69.352s] -- Up-to-date: /home/pavel/ws_ros2/install/px4_msgs/include/px4_msgs/px4_msgs/msg/detail/config_overrides__rosidl_typesupport_fastrtps_c.h
[69.352s] -- Up-to-date: /home/pavel/ws_ros2/install/px4_msgs/include/px4_msgs/px4_msgs/msg/detail/geofence_result__rosidl_typesupport_fastrtps_c.h
[69.352s] -- Up-to-date: /home/pavel/ws_ros2/install/px4_msgs/include/px4_msgs/px4_msgs/msg/detail/tecs_status__rosidl_typesupport_fastrtps_c.h
[69.352s] -- Up-to-date: /home/pavel/ws_ros2/install/px4_msgs/include/px4_msgs/px4_msgs/msg/detail/figure_eight_status__rosidl_typesupport_fastrtps_c.h
[69.352s] -- Up-to-date: /home/pavel/ws_ros2/install/px4_msgs/include/px4_msgs/px4_msgs/msg/detail/adc_report__rosidl_typesupport_fastrtps_c.h
[69.352s] -- Up-to-date: /home/pavel/ws_ros2/install/px4_msgs/include/px4_msgs/px4_msgs/msg/detail/gpio_request__rosidl_typesupport_fastrtps_c.h
[69.352s] -- Up-to-date: /home/pavel/ws_ros2/install/px4_msgs/include/px4_msgs/px4_msgs/msg/detail/normalized_unsigned_setpoint__rosidl_typesupport_fastrtps_c.h
[69.352s] -- Up-to-date: /home/pavel/ws_ros2/install/px4_msgs/include/px4_msgs/px4_msgs/msg/detail/vehicle_local_position__rosidl_typesupport_fastrtps_c.h
[69.352s] -- Up-to-date: /home/pavel/ws_ros2/install/px4_msgs/include/px4_msgs/px4_msgs/msg/detail/estimator_status_flags__rosidl_typesupport_fastrtps_c.h
[69.352s] -- Up-to-date: /home/pavel/ws_ros2/install/px4_msgs/include/px4_msgs/px4_msgs/msg/detail/mode_completed__rosidl_typesupport_fastrtps_c.h
[69.352s] -- Up-to-date: /home/pavel/ws_ros2/install/px4_msgs/include/px4_msgs/px4_msgs/msg/detail/rate_ctrl_status__rosidl_typesupport_fastrtps_c.h
[69.352s] -- Up-to-date: /home/pavel/ws_ros2/install/px4_msgs/include/px4_msgs/px4_msgs/msg/detail/flight_phase_estimation__rosidl_typesupport_fastrtps_c.h
[69.352s] -- Up-to-date: /home/pavel/ws_ros2/install/px4_msgs/include/px4_msgs/px4_msgs/msg/rosidl_typesupport_fastrtps_c__visibility_control.h
[69.352s] -- Installing: /home/pavel/ws_ros2/install/px4_msgs/lib/libpx4_msgs__rosidl_typesupport_fastrtps_c.so
[69.352s] -- Set runtime path of "/home/pavel/ws_ros2/install/px4_msgs/lib/libpx4_msgs__rosidl_typesupport_fastrtps_c.so" to ""
[69.352s] -- Up-to-date: /home/pavel/ws_ros2/install/px4_msgs/include/px4_msgs/px4_msgs
[69.353s] -- Up-to-date: /home/pavel/ws_ros2/install/px4_msgs/include/px4_msgs/px4_msgs/srv
[69.353s] -- Up-to-date: /home/pavel/ws_ros2/install/px4_msgs/include/px4_msgs/px4_msgs/srv/detail
[69.353s] -- Up-to-date: /home/pavel/ws_ros2/install/px4_msgs/include/px4_msgs/px4_msgs/srv/detail/vehicle_command__traits.hpp
[69.353s] -- Up-to-date: /home/pavel/ws_ros2/install/px4_msgs/include/px4_msgs/px4_msgs/srv/detail/vehicle_command__builder.hpp
[69.353s] -- Up-to-date: /home/pavel/ws_ros2/install/px4_msgs/include/px4_msgs/px4_msgs/srv/detail/vehicle_command__type_support.hpp
[69.353s] -- Up-to-date: /home/pavel/ws_ros2/install/px4_msgs/include/px4_msgs/px4_msgs/srv/detail/vehicle_command__struct.hpp
[69.353s] -- Up-to-date: /home/pavel/ws_ros2/install/px4_msgs/include/px4_msgs/px4_msgs/srv/vehicle_command.hpp
[69.353s] -- Up-to-date: /home/pavel/ws_ros2/install/px4_msgs/include/px4_msgs/px4_msgs/msg
[69.353s] -- Up-to-date: /home/pavel/ws_ros2/install/px4_msgs/include/px4_msgs/px4_msgs/msg/iridiumsbd_status.hpp
[69.353s] -- Up-to-date: /home/pavel/ws_ros2/install/px4_msgs/include/px4_msgs/px4_msgs/msg/position_controller_status.hpp
[69.353s] -- Up-to-date: /home/pavel/ws_ros2/install/px4_msgs/include/px4_msgs/px4_msgs/msg/gpio_request.hpp
[69.353s] -- Up-to-date: /home/pavel/ws_ros2/install/px4_msgs/include/px4_msgs/px4_msgs/msg/actuator_motors.hpp
[69.353s] -- Up-to-date: /home/pavel/ws_ros2/install/px4_msgs/include/px4_msgs/px4_msgs/msg/vehicle_attitude_setpoint.hpp
[69.353s] -- Up-to-date: /home/pavel/ws_ros2/install/px4_msgs/include/px4_msgs/px4_msgs/msg/npfg_status.hpp
[69.353s] -- Up-to-date: /home/pavel/ws_ros2/install/px4_msgs/include/px4_msgs/px4_msgs/msg/mavlink_tunnel.hpp
[69.353s] -- Up-to-date: /home/pavel/ws_ros2/install/px4_msgs/include/px4_msgs/px4_msgs/msg/landing_gear_wheel.hpp
[69.353s] -- Up-to-date: /home/pavel/ws_ros2/install/px4_msgs/include/px4_msgs/px4_msgs/msg/gripper.hpp
[69.354s] -- Up-to-date: /home/pavel/ws_ros2/install/px4_msgs/include/px4_msgs/px4_msgs/msg/wheel_encoders.hpp
[69.354s] -- Up-to-date: /home/pavel/ws_ros2/install/px4_msgs/include/px4_msgs/px4_msgs/msg/transponder_report.hpp
[69.354s] -- Up-to-date: /home/pavel/ws_ros2/install/px4_msgs/include/px4_msgs/px4_msgs/msg/estimator_states.hpp
[69.354s] -- Up-to-date: /home/pavel/ws_ros2/install/px4_msgs/include/px4_msgs/px4_msgs/msg/parameter_set_value_request.hpp
[69.354s] -- Up-to-date: /home/pavel/ws_ros2/install/px4_msgs/include/px4_msgs/px4_msgs/msg/debug_value.hpp
[69.354s] -- Up-to-date: /home/pavel/ws_ros2/install/px4_msgs/include/px4_msgs/px4_msgs/msg/vehicle_angular_velocity.hpp
[69.354s] -- Up-to-date: /home/pavel/ws_ros2/install/px4_msgs/include/px4_msgs/px4_msgs/msg/navigator_mission_item.hpp
[69.354s] -- Up-to-date: /home/pavel/ws_ros2/install/px4_msgs/include/px4_msgs/px4_msgs/msg/vehicle_global_position.hpp
[69.354s] -- Up-to-date: /home/pavel/ws_ros2/install/px4_msgs/include/px4_msgs/px4_msgs/msg/sensor_baro.hpp
[69.354s] -- Up-to-date: /home/pavel/ws_ros2/install/px4_msgs/include/px4_msgs/px4_msgs/msg/sensors_status_imu.hpp
[69.354s] -- Up-to-date: /home/pavel/ws_ros2/install/px4_msgs/include/px4_msgs/px4_msgs/msg/ulog_stream_ack.hpp
[69.354s] -- Up-to-date: /home/pavel/ws_ros2/install/px4_msgs/include/px4_msgs/px4_msgs/msg/led_control.hpp
[69.354s] -- Up-to-date: /home/pavel/ws_ros2/install/px4_msgs/include/px4_msgs/px4_msgs/msg/debug_array.hpp
[69.354s] -- Up-to-date: /home/pavel/ws_ros2/install/px4_msgs/include/px4_msgs/px4_msgs/msg/gpio_in.hpp
[69.354s] -- Up-to-date: /home/pavel/ws_ros2/install/px4_msgs/include/px4_msgs/px4_msgs/msg/vehicle_rates_setpoint.hpp
[69.354s] -- Up-to-date: /home/pavel/ws_ros2/install/px4_msgs/include/px4_msgs/px4_msgs/msg/message_format_request.hpp
[69.354s] -- Up-to-date: /home/pavel/ws_ros2/install/px4_msgs/include/px4_msgs/px4_msgs/msg/detail
[69.355s] -- Up-to-date: /home/pavel/ws_ros2/install/px4_msgs/include/px4_msgs/px4_msgs/msg/detail/actuator_outputs__struct.hpp
[69.355s] -- Up-to-date: /home/pavel/ws_ros2/install/px4_msgs/include/px4_msgs/px4_msgs/msg/detail/velocity_limits__struct.hpp
[69.355s] -- Up-to-date: /home/pavel/ws_ros2/install/px4_msgs/include/px4_msgs/px4_msgs/msg/detail/failsafe_flags__builder.hpp
[69.355s] -- Up-to-date: /home/pavel/ws_ros2/install/px4_msgs/include/px4_msgs/px4_msgs/msg/detail/sensor_gnss_relative__struct.hpp
[69.355s] -- Up-to-date: /home/pavel/ws_ros2/install/px4_msgs/include/px4_msgs/px4_msgs/msg/detail/uavcan_parameter_value__builder.hpp
[69.355s] -- Up-to-date: /home/pavel/ws_ros2/install/px4_msgs/include/px4_msgs/px4_msgs/msg/detail/trajectory_waypoint__traits.hpp
[69.355s] -- Up-to-date: /home/pavel/ws_ros2/install/px4_msgs/include/px4_msgs/px4_msgs/msg/detail/power_monitor__struct.hpp
[69.355s] -- Up-to-date: /home/pavel/ws_ros2/install/px4_msgs/include/px4_msgs/px4_msgs/msg/detail/sensor_gps__struct.hpp
[69.355s] -- Up-to-date: /home/pavel/ws_ros2/install/px4_msgs/include/px4_msgs/px4_msgs/msg/detail/gpio_config__traits.hpp
[69.355s] -- Up-to-date: /home/pavel/ws_ros2/install/px4_msgs/include/px4_msgs/px4_msgs/msg/detail/parameter_set_value_response__builder.hpp
[69.355s] -- Up-to-date: /home/pavel/ws_ros2/install/px4_msgs/include/px4_msgs/px4_msgs/msg/detail/esc_report__builder.hpp
[69.355s] -- Up-to-date: /home/pavel/ws_ros2/install/px4_msgs/include/px4_msgs/px4_msgs/msg/detail/geofence_result__traits.hpp
[69.355s] -- Up-to-date: /home/pavel/ws_ros2/install/px4_msgs/include/px4_msgs/px4_msgs/msg/detail/debug_vect__struct.hpp
[69.355s] -- Up-to-date: /home/pavel/ws_ros2/install/px4_msgs/include/px4_msgs/px4_msgs/msg/detail/orb_test_medium__builder.hpp
[69.355s] -- Up-to-date: /home/pavel/ws_ros2/install/px4_msgs/include/px4_msgs/px4_msgs/msg/detail/arming_check_request__traits.hpp
[69.355s] -- Up-to-date: /home/pavel/ws_ros2/install/px4_msgs/include/px4_msgs/px4_msgs/msg/detail/register_ext_component_request__struct.hpp
[69.355s] -- Up-to-date: /home/pavel/ws_ros2/install/px4_msgs/include/px4_msgs/px4_msgs/msg/detail/navigator_mission_item__struct.hpp
[69.355s] -- Up-to-date: /home/pavel/ws_ros2/install/px4_msgs/include/px4_msgs/px4_msgs/msg/detail/vehicle_global_position__type_support.hpp
[69.355s] -- Up-to-date: /home/pavel/ws_ros2/install/px4_msgs/include/px4_msgs/px4_msgs/msg/detail/logger_status__builder.hpp
[69.356s] -- Up-to-date: /home/pavel/ws_ros2/install/px4_msgs/include/px4_msgs/px4_msgs/msg/detail/position_controller_landing_status__traits.hpp
[69.356s] -- Up-to-date: /home/pavel/ws_ros2/install/px4_msgs/include/px4_msgs/px4_msgs/msg/detail/arming_check_reply__struct.hpp
[69.356s] -- Up-to-date: /home/pavel/ws_ros2/install/px4_msgs/include/px4_msgs/px4_msgs/msg/detail/gimbal_manager_set_manual_control__type_support.hpp
[69.356s] -- Up-to-date: /home/pavel/ws_ros2/install/px4_msgs/include/px4_msgs/px4_msgs/msg/detail/arming_check_reply__type_support.hpp
[69.356s] -- Up-to-date: /home/pavel/ws_ros2/install/px4_msgs/include/px4_msgs/px4_msgs/msg/detail/input_rc__struct.hpp
[69.356s] -- Up-to-date: /home/pavel/ws_ros2/install/px4_msgs/include/px4_msgs/px4_msgs/msg/detail/velocity_limits__builder.hpp
[69.356s] -- Up-to-date: /home/pavel/ws_ros2/install/px4_msgs/include/px4_msgs/px4_msgs/msg/detail/vehicle_roi__builder.hpp
[69.356s] -- Up-to-date: /home/pavel/ws_ros2/install/px4_msgs/include/px4_msgs/px4_msgs/msg/detail/estimator_aid_source3d__builder.hpp
[69.356s] -- Up-to-date: /home/pavel/ws_ros2/install/px4_msgs/include/px4_msgs/px4_msgs/msg/detail/irlock_report__struct.hpp
[69.356s] -- Up-to-date: /home/pavel/ws_ros2/install/px4_msgs/include/px4_msgs/px4_msgs/msg/detail/sensor_gnss_relative__type_support.hpp
[69.356s] -- Up-to-date: /home/pavel/ws_ros2/install/px4_msgs/include/px4_msgs/px4_msgs/msg/detail/buffer128__builder.hpp
[69.356s] -- Up-to-date: /home/pavel/ws_ros2/install/px4_msgs/include/px4_msgs/px4_msgs/msg/detail/sensor_preflight_mag__struct.hpp
[69.356s] -- Up-to-date: /home/pavel/ws_ros2/install/px4_msgs/include/px4_msgs/px4_msgs/msg/detail/vehicle_land_detected__type_support.hpp
[69.356s] -- Up-to-date: /home/pavel/ws_ros2/install/px4_msgs/include/px4_msgs/px4_msgs/msg/detail/ekf2_timestamps__builder.hpp
[69.356s] -- Up-to-date: /home/pavel/ws_ros2/install/px4_msgs/include/px4_msgs/px4_msgs/msg/detail/sensor_airflow__struct.hpp
[69.356s] -- Up-to-date: /home/pavel/ws_ros2/install/px4_msgs/include/px4_msgs/px4_msgs/msg/detail/sensors_status__struct.hpp
[69.356s] -- Up-to-date: /home/pavel/ws_ros2/install/px4_msgs/include/px4_msgs/px4_msgs/msg/detail/qshell_req__traits.hpp
[69.356s] -- Up-to-date: /home/pavel/ws_ros2/install/px4_msgs/include/px4_msgs/px4_msgs/msg/detail/yaw_estimator_status__struct.hpp
[69.356s] -- Up-to-date: /home/pavel/ws_ros2/install/px4_msgs/include/px4_msgs/px4_msgs/msg/detail/follow_target_estimator__type_support.hpp
[69.356s] -- Up-to-date: /home/pavel/ws_ros2/install/px4_msgs/include/px4_msgs/px4_msgs/msg/detail/iridiumsbd_status__type_support.hpp
[69.357s] -- Up-to-date: /home/pavel/ws_ros2/install/px4_msgs/include/px4_msgs/px4_msgs/msg/detail/sensor_gyro__type_support.hpp
[69.357s] -- Up-to-date: /home/pavel/ws_ros2/install/px4_msgs/include/px4_msgs/px4_msgs/msg/detail/tecs_status__type_support.hpp
[69.357s] -- Up-to-date: /home/pavel/ws_ros2/install/px4_msgs/include/px4_msgs/px4_msgs/msg/detail/gimbal_manager_set_attitude__struct.hpp
[69.357s] -- Up-to-date: /home/pavel/ws_ros2/install/px4_msgs/include/px4_msgs/px4_msgs/msg/detail/wheel_encoders__type_support.hpp
[69.357s] -- Up-to-date: /home/pavel/ws_ros2/install/px4_msgs/include/px4_msgs/px4_msgs/msg/detail/estimator_sensor_bias__type_support.hpp
[69.357s] -- Up-to-date: /home/pavel/ws_ros2/install/px4_msgs/include/px4_msgs/px4_msgs/msg/detail/vehicle_optical_flow_vel__struct.hpp
[69.357s] -- Up-to-date: /home/pavel/ws_ros2/install/px4_msgs/include/px4_msgs/px4_msgs/msg/detail/sensor_gps__traits.hpp
[69.357s] -- Up-to-date: /home/pavel/ws_ros2/install/px4_msgs/include/px4_msgs/px4_msgs/msg/detail/sensor_accel_fifo__builder.hpp
[69.357s] -- Up-to-date: /home/pavel/ws_ros2/install/px4_msgs/include/px4_msgs/px4_msgs/msg/detail/dataman_response__builder.hpp
[69.357s] -- Up-to-date: /home/pavel/ws_ros2/install/px4_msgs/include/px4_msgs/px4_msgs/msg/detail/estimator_aid_source1d__type_support.hpp
[69.357s] -- Up-to-date: /home/pavel/ws_ros2/install/px4_msgs/include/px4_msgs/px4_msgs/msg/detail/position_setpoint_triplet__type_support.hpp
[69.357s] -- Up-to-date: /home/pavel/ws_ros2/install/px4_msgs/include/px4_msgs/px4_msgs/msg/detail/vehicle_trajectory_bezier__traits.hpp
[69.357s] -- Up-to-date: /home/pavel/ws_ros2/install/px4_msgs/include/px4_msgs/px4_msgs/msg/detail/flight_phase_estimation__builder.hpp
[69.357s] -- Up-to-date: /home/pavel/ws_ros2/install/px4_msgs/include/px4_msgs/px4_msgs/msg/detail/estimator_aid_source2d__struct.hpp
[69.357s] -- Up-to-date: /home/pavel/ws_ros2/install/px4_msgs/include/px4_msgs/px4_msgs/msg/detail/navigator_mission_item__traits.hpp
[69.357s] -- Up-to-date: /home/pavel/ws_ros2/install/px4_msgs/include/px4_msgs/px4_msgs/msg/detail/estimator_gps_status__builder.hpp
[69.357s] -- Up-to-date: /home/pavel/ws_ros2/install/px4_msgs/include/px4_msgs/px4_msgs/msg/detail/debug_value__type_support.hpp
[69.357s] -- Up-to-date: /home/pavel/ws_ros2/install/px4_msgs/include/px4_msgs/px4_msgs/msg/detail/vehicle_torque_setpoint__builder.hpp
[69.357s] -- Up-to-date: /home/pavel/ws_ros2/install/px4_msgs/include/px4_msgs/px4_msgs/msg/detail/offboard_control_mode__builder.hpp
[69.357s] -- Up-to-date: /home/pavel/ws_ros2/install/px4_msgs/include/px4_msgs/px4_msgs/msg/detail/gimbal_manager_status__builder.hpp
[69.357s] -- Up-to-date: /home/pavel/ws_ros2/install/px4_msgs/include/px4_msgs/px4_msgs/msg/detail/parameter_set_value_request__type_support.hpp
[69.357s] -- Up-to-date: /home/pavel/ws_ros2/install/px4_msgs/include/px4_msgs/px4_msgs/msg/detail/estimator_gps_status__type_support.hpp
[69.358s] -- Up-to-date: /home/pavel/ws_ros2/install/px4_msgs/include/px4_msgs/px4_msgs/msg/detail/camera_capture__builder.hpp
[69.358s] -- Up-to-date: /home/pavel/ws_ros2/install/px4_msgs/include/px4_msgs/px4_msgs/msg/detail/manual_control_setpoint__struct.hpp
[69.358s] -- Up-to-date: /home/pavel/ws_ros2/install/px4_msgs/include/px4_msgs/px4_msgs/msg/detail/vehicle_magnetometer__struct.hpp
[69.358s] -- Up-to-date: /home/pavel/ws_ros2/install/px4_msgs/include/px4_msgs/px4_msgs/msg/detail/actuator_motors__type_support.hpp
[69.358s] -- Up-to-date: /home/pavel/ws_ros2/install/px4_msgs/include/px4_msgs/px4_msgs/msg/detail/radio_status__type_support.hpp
[69.358s] -- Up-to-date: /home/pavel/ws_ros2/install/px4_msgs/include/px4_msgs/px4_msgs/msg/detail/ping__traits.hpp
[69.358s] -- Up-to-date: /home/pavel/ws_ros2/install/px4_msgs/include/px4_msgs/px4_msgs/msg/detail/system_power__type_support.hpp
[69.358s] -- Up-to-date: /home/pavel/ws_ros2/install/px4_msgs/include/px4_msgs/px4_msgs/msg/detail/parameter_set_value_request__struct.hpp
[69.358s] -- Up-to-date: /home/pavel/ws_ros2/install/px4_msgs/include/px4_msgs/px4_msgs/msg/detail/sensor_optical_flow__struct.hpp
[69.358s] -- Up-to-date: /home/pavel/ws_ros2/install/px4_msgs/include/px4_msgs/px4_msgs/msg/detail/vehicle_attitude_setpoint__struct.hpp
[69.358s] -- Up-to-date: /home/pavel/ws_ros2/install/px4_msgs/include/px4_msgs/px4_msgs/msg/detail/camera_capture__traits.hpp
[69.358s] -- Up-to-date: /home/pavel/ws_ros2/install/px4_msgs/include/px4_msgs/px4_msgs/msg/detail/vehicle_torque_setpoint__traits.hpp
[69.358s] -- Up-to-date: /home/pavel/ws_ros2/install/px4_msgs/include/px4_msgs/px4_msgs/msg/detail/gpio_in__struct.hpp
[69.358s] -- Up-to-date: /home/pavel/ws_ros2/install/px4_msgs/include/px4_msgs/px4_msgs/msg/detail/mission_result__traits.hpp
[69.358s] -- Up-to-date: /home/pavel/ws_ros2/install/px4_msgs/include/px4_msgs/px4_msgs/msg/detail/tiltrotor_extra_controls__builder.hpp
[69.358s] -- Up-to-date: /home/pavel/ws_ros2/install/px4_msgs/include/px4_msgs/px4_msgs/msg/detail/mavlink_log__struct.hpp
[69.358s] -- Up-to-date: /home/pavel/ws_ros2/install/px4_msgs/include/px4_msgs/px4_msgs/msg/detail/register_ext_component_reply__builder.hpp
[69.358s] -- Up-to-date: /home/pavel/ws_ros2/install/px4_msgs/include/px4_msgs/px4_msgs/msg/detail/fuel_tank_status__type_support.hpp
[69.358s] -- Up-to-date: /home/pavel/ws_ros2/install/px4_msgs/include/px4_msgs/px4_msgs/msg/detail/actuator_motors__struct.hpp
[69.358s] -- Up-to-date: /home/pavel/ws_ros2/install/px4_msgs/include/px4_msgs/px4_msgs/msg/detail/gimbal_manager_status__traits.hpp
[69.359s] -- Up-to-date: /home/pavel/ws_ros2/install/px4_msgs/include/px4_msgs/px4_msgs/msg/detail/vehicle_local_position__traits.hpp
[69.359s] -- Up-to-date: /home/pavel/ws_ros2/install/px4_msgs/include/px4_msgs/px4_msgs/msg/detail/pps_capture__struct.hpp
[69.359s] -- Up-to-date: /home/pavel/ws_ros2/install/px4_msgs/include/px4_msgs/px4_msgs/msg/detail/arming_check_reply__builder.hpp
[69.359s] -- Up-to-date: /home/pavel/ws_ros2/install/px4_msgs/include/px4_msgs/px4_msgs/msg/detail/generator_status__type_support.hpp
[69.359s] -- Up-to-date: /home/pavel/ws_ros2/install/px4_msgs/include/px4_msgs/px4_msgs/msg/detail/actuator_armed__traits.hpp
[69.359s] -- Up-to-date: /home/pavel/ws_ros2/install/px4_msgs/include/px4_msgs/px4_msgs/msg/detail/gripper__type_support.hpp
[69.359s] -- Up-to-date: /home/pavel/ws_ros2/install/px4_msgs/include/px4_msgs/px4_msgs/msg/detail/pps_capture__builder.hpp
[69.359s] -- Up-to-date: /home/pavel/ws_ros2/install/px4_msgs/include/px4_msgs/px4_msgs/msg/detail/sensors_status_imu__struct.hpp
[69.359s] -- Up-to-date: /home/pavel/ws_ros2/install/px4_msgs/include/px4_msgs/px4_msgs/msg/detail/rtl_status__builder.hpp
[69.359s] -- Up-to-date: /home/pavel/ws_ros2/install/px4_msgs/include/px4_msgs/px4_msgs/msg/detail/logger_status__struct.hpp
[69.359s] -- Up-to-date: /home/pavel/ws_ros2/install/px4_msgs/include/px4_msgs/px4_msgs/msg/detail/irlock_report__builder.hpp
[69.359s] -- Up-to-date: /home/pavel/ws_ros2/install/px4_msgs/include/px4_msgs/px4_msgs/msg/detail/vehicle_thrust_setpoint__traits.hpp
[69.359s] -- Up-to-date: /home/pavel/ws_ros2/install/px4_msgs/include/px4_msgs/px4_msgs/msg/detail/parameter_set_value_response__traits.hpp
[69.359s] -- Up-to-date: /home/pavel/ws_ros2/install/px4_msgs/include/px4_msgs/px4_msgs/msg/detail/message_format_response__type_support.hpp
[69.359s] -- Up-to-date: /home/pavel/ws_ros2/install/px4_msgs/include/px4_msgs/px4_msgs/msg/detail/debug_key_value__struct.hpp
[69.359s] -- Up-to-date: /home/pavel/ws_ros2/install/px4_msgs/include/px4_msgs/px4_msgs/msg/detail/airspeed_wind__type_support.hpp
[69.359s] -- Up-to-date: /home/pavel/ws_ros2/install/px4_msgs/include/px4_msgs/px4_msgs/msg/detail/vehicle_angular_velocity__builder.hpp
[69.359s] -- Up-to-date: /home/pavel/ws_ros2/install/px4_msgs/include/px4_msgs/px4_msgs/msg/detail/radio_status__builder.hpp
[69.359s] -- Up-to-date: /home/pavel/ws_ros2/install/px4_msgs/include/px4_msgs/px4_msgs/msg/detail/position_setpoint_triplet__struct.hpp
[69.359s] -- Up-to-date: /home/pavel/ws_ros2/install/px4_msgs/include/px4_msgs/px4_msgs/msg/detail/sensor_gnss_relative__builder.hpp
[69.360s] -- Up-to-date: /home/pavel/ws_ros2/install/px4_msgs/include/px4_msgs/px4_msgs/msg/detail/ulog_stream__builder.hpp
[69.360s] -- Up-to-date: /home/pavel/ws_ros2/install/px4_msgs/include/px4_msgs/px4_msgs/msg/detail/trajectory_bezier__struct.hpp
[69.360s] -- Up-to-date: /home/pavel/ws_ros2/install/px4_msgs/include/px4_msgs/px4_msgs/msg/detail/gimbal_manager_status__struct.hpp
[69.360s] -- Up-to-date: /home/pavel/ws_ros2/install/px4_msgs/include/px4_msgs/px4_msgs/msg/detail/register_ext_component_reply__type_support.hpp
[69.360s] -- Up-to-date: /home/pavel/ws_ros2/install/px4_msgs/include/px4_msgs/px4_msgs/msg/detail/vehicle_local_position__struct.hpp
[69.360s] -- Up-to-date: /home/pavel/ws_ros2/install/px4_msgs/include/px4_msgs/px4_msgs/msg/detail/tune_control__builder.hpp
[69.360s] -- Up-to-date: /home/pavel/ws_ros2/install/px4_msgs/include/px4_msgs/px4_msgs/msg/detail/dataman_response__struct.hpp
[69.360s] -- Up-to-date: /home/pavel/ws_ros2/install/px4_msgs/include/px4_msgs/px4_msgs/msg/detail/sensors_status__type_support.hpp
[69.360s] -- Up-to-date: /home/pavel/ws_ros2/install/px4_msgs/include/px4_msgs/px4_msgs/msg/detail/rtl_status__struct.hpp
[69.360s] -- Up-to-date: /home/pavel/ws_ros2/install/px4_msgs/include/px4_msgs/px4_msgs/msg/detail/gpio_request__struct.hpp
[69.360s] -- Up-to-date: /home/pavel/ws_ros2/install/px4_msgs/include/px4_msgs/px4_msgs/msg/detail/unregister_ext_component__traits.hpp
[69.361s] -- Up-to-date: /home/pavel/ws_ros2/install/px4_msgs/include/px4_msgs/px4_msgs/msg/detail/gps_dump__traits.hpp
[69.361s] -- Up-to-date: /home/pavel/ws_ros2/install/px4_msgs/include/px4_msgs/px4_msgs/msg/detail/mavlink_tunnel__struct.hpp
[69.361s] -- Up-to-date: /home/pavel/ws_ros2/install/px4_msgs/include/px4_msgs/px4_msgs/msg/detail/task_stack_info__builder.hpp
[69.361s] -- Up-to-date: /home/pavel/ws_ros2/install/px4_msgs/include/px4_msgs/px4_msgs/msg/detail/system_power__traits.hpp
[69.361s] -- Up-to-date: /home/pavel/ws_ros2/install/px4_msgs/include/px4_msgs/px4_msgs/msg/detail/trajectory_setpoint__builder.hpp
[69.361s] -- Up-to-date: /home/pavel/ws_ros2/install/px4_msgs/include/px4_msgs/px4_msgs/msg/detail/sensor_gps__builder.hpp
[69.361s] -- Up-to-date: /home/pavel/ws_ros2/install/px4_msgs/include/px4_msgs/px4_msgs/msg/detail/estimator_status__struct.hpp
[69.361s] -- Up-to-date: /home/pavel/ws_ros2/install/px4_msgs/include/px4_msgs/px4_msgs/msg/detail/estimator_status_flags__traits.hpp
[69.361s] -- Up-to-date: /home/pavel/ws_ros2/install/px4_msgs/include/px4_msgs/px4_msgs/msg/detail/estimator_innovations__struct.hpp
[69.361s] -- Up-to-date: /home/pavel/ws_ros2/install/px4_msgs/include/px4_msgs/px4_msgs/msg/detail/parameter_update__builder.hpp
[69.361s] -- Up-to-date: /home/pavel/ws_ros2/install/px4_msgs/include/px4_msgs/px4_msgs/msg/detail/gimbal_manager_information__builder.hpp
[69.362s] -- Up-to-date: /home/pavel/ws_ros2/install/px4_msgs/include/px4_msgs/px4_msgs/msg/detail/estimator_innovations__traits.hpp
[69.362s] -- Up-to-date: /home/pavel/ws_ros2/install/px4_msgs/include/px4_msgs/px4_msgs/msg/detail/esc_report__struct.hpp
[69.362s] -- Up-to-date: /home/pavel/ws_ros2/install/px4_msgs/include/px4_msgs/px4_msgs/msg/detail/camera_trigger__builder.hpp
[69.362s] -- Up-to-date: /home/pavel/ws_ros2/install/px4_msgs/include/px4_msgs/px4_msgs/msg/detail/estimator_bias__traits.hpp
[69.362s] -- Up-to-date: /home/pavel/ws_ros2/install/px4_msgs/include/px4_msgs/px4_msgs/msg/detail/hover_thrust_estimate__type_support.hpp
[69.362s] -- Up-to-date: /home/pavel/ws_ros2/install/px4_msgs/include/px4_msgs/px4_msgs/msg/detail/collision_report__builder.hpp
[69.362s] -- Up-to-date: /home/pavel/ws_ros2/install/px4_msgs/include/px4_msgs/px4_msgs/msg/detail/gpio_out__struct.hpp
[69.362s] -- Up-to-date: /home/pavel/ws_ros2/install/px4_msgs/include/px4_msgs/px4_msgs/msg/detail/gpio_config__type_support.hpp
[69.362s] -- Up-to-date: /home/pavel/ws_ros2/install/px4_msgs/include/px4_msgs/px4_msgs/msg/detail/estimator_status_flags__type_support.hpp
[69.363s] -- Up-to-date: /home/pavel/ws_ros2/install/px4_msgs/include/px4_msgs/px4_msgs/msg/detail/vehicle_local_position_setpoint__type_support.hpp
[69.363s] -- Up-to-date: /home/pavel/ws_ros2/install/px4_msgs/include/px4_msgs/px4_msgs/msg/detail/vehicle_thrust_setpoint__struct.hpp
[69.363s] -- Up-to-date: /home/pavel/ws_ros2/install/px4_msgs/include/px4_msgs/px4_msgs/msg/detail/rpm__builder.hpp
[69.363s] -- Up-to-date: /home/pavel/ws_ros2/install/px4_msgs/include/px4_msgs/px4_msgs/msg/detail/landing_target_innovations__type_support.hpp
[69.363s] -- Up-to-date: /home/pavel/ws_ros2/install/px4_msgs/include/px4_msgs/px4_msgs/msg/detail/position_setpoint__traits.hpp
[69.363s] -- Up-to-date: /home/pavel/ws_ros2/install/px4_msgs/include/px4_msgs/px4_msgs/msg/detail/wheel_encoders__builder.hpp
[69.363s] -- Up-to-date: /home/pavel/ws_ros2/install/px4_msgs/include/px4_msgs/px4_msgs/msg/detail/differential_pressure__builder.hpp
[69.363s] -- Up-to-date: /home/pavel/ws_ros2/install/px4_msgs/include/px4_msgs/px4_msgs/msg/detail/sensor_hygrometer__struct.hpp
[69.363s] -- Up-to-date: /home/pavel/ws_ros2/install/px4_msgs/include/px4_msgs/px4_msgs/msg/detail/sensor_hygrometer__builder.hpp
[69.363s] -- Up-to-date: /home/pavel/ws_ros2/install/px4_msgs/include/px4_msgs/px4_msgs/msg/detail/estimator_bias3d__traits.hpp
[69.364s] -- Up-to-date: /home/pavel/ws_ros2/install/px4_msgs/include/px4_msgs/px4_msgs/msg/detail/ulog_stream_ack__struct.hpp
[69.364s] -- Up-to-date: /home/pavel/ws_ros2/install/px4_msgs/include/px4_msgs/px4_msgs/msg/detail/actuator_servos__builder.hpp
[69.364s] -- Up-to-date: /home/pavel/ws_ros2/install/px4_msgs/include/px4_msgs/px4_msgs/msg/detail/parameter_set_used_request__struct.hpp
[69.364s] -- Up-to-date: /home/pavel/ws_ros2/install/px4_msgs/include/px4_msgs/px4_msgs/msg/detail/offboard_control_mode__type_support.hpp
[69.364s] -- Up-to-date: /home/pavel/ws_ros2/install/px4_msgs/include/px4_msgs/px4_msgs/msg/detail/timesync_status__builder.hpp
[69.364s] -- Up-to-date: /home/pavel/ws_ros2/install/px4_msgs/include/px4_msgs/px4_msgs/msg/detail/gimbal_device_set_attitude__type_support.hpp
[69.364s] -- Up-to-date: /home/pavel/ws_ros2/install/px4_msgs/include/px4_msgs/px4_msgs/msg/detail/gimbal_device_set_attitude__builder.hpp
[69.364s] -- Up-to-date: /home/pavel/ws_ros2/install/px4_msgs/include/px4_msgs/px4_msgs/msg/detail/battery_status__builder.hpp
[69.364s] -- Up-to-date: /home/pavel/ws_ros2/install/px4_msgs/include/px4_msgs/px4_msgs/msg/detail/camera_status__struct.hpp
[69.364s] -- Up-to-date: /home/pavel/ws_ros2/install/px4_msgs/include/px4_msgs/px4_msgs/msg/detail/orb_test_large__traits.hpp
[69.365s] -- Up-to-date: /home/pavel/ws_ros2/install/px4_msgs/include/px4_msgs/px4_msgs/msg/detail/airspeed_validated__type_support.hpp
[69.365s] -- Up-to-date: /home/pavel/ws_ros2/install/px4_msgs/include/px4_msgs/px4_msgs/msg/detail/sensor_uwb__struct.hpp
[69.365s] -- Up-to-date: /home/pavel/ws_ros2/install/px4_msgs/include/px4_msgs/px4_msgs/msg/detail/vehicle_imu_status__builder.hpp
[69.365s] -- Up-to-date: /home/pavel/ws_ros2/install/px4_msgs/include/px4_msgs/px4_msgs/msg/detail/actuator_controls_status__traits.hpp
[69.365s] -- Up-to-date: /home/pavel/ws_ros2/install/px4_msgs/include/px4_msgs/px4_msgs/msg/detail/npfg_status__builder.hpp
[69.365s] -- Up-to-date: /home/pavel/ws_ros2/install/px4_msgs/include/px4_msgs/px4_msgs/msg/detail/vehicle_imu__struct.hpp
[69.365s] -- Up-to-date: /home/pavel/ws_ros2/install/px4_msgs/include/px4_msgs/px4_msgs/msg/detail/vehicle_imu_status__type_support.hpp
[69.365s] -- Up-to-date: /home/pavel/ws_ros2/install/px4_msgs/include/px4_msgs/px4_msgs/msg/detail/control_allocator_status__builder.hpp
[69.365s] -- Up-to-date: /home/pavel/ws_ros2/install/px4_msgs/include/px4_msgs/px4_msgs/msg/detail/offboard_control_mode__struct.hpp
[69.365s] -- Up-to-date: /home/pavel/ws_ros2/install/px4_msgs/include/px4_msgs/px4_msgs/msg/detail/uavcan_parameter_request__struct.hpp
[69.366s] -- Up-to-date: /home/pavel/ws_ros2/install/px4_msgs/include/px4_msgs/px4_msgs/msg/detail/failure_detector_status__traits.hpp
[69.366s] -- Up-to-date: /home/pavel/ws_ros2/install/px4_msgs/include/px4_msgs/px4_msgs/msg/detail/camera_trigger__struct.hpp
[69.366s] -- Up-to-date: /home/pavel/ws_ros2/install/px4_msgs/include/px4_msgs/px4_msgs/msg/detail/takeoff_status__type_support.hpp
[69.366s] -- Up-to-date: /home/pavel/ws_ros2/install/px4_msgs/include/px4_msgs/px4_msgs/msg/detail/radio_status__traits.hpp
[69.366s] -- Up-to-date: /home/pavel/ws_ros2/install/px4_msgs/include/px4_msgs/px4_msgs/msg/detail/dataman_request__builder.hpp
[69.366s] -- Up-to-date: /home/pavel/ws_ros2/install/px4_msgs/include/px4_msgs/px4_msgs/msg/detail/mount_orientation__type_support.hpp
[69.366s] -- Up-to-date: /home/pavel/ws_ros2/install/px4_msgs/include/px4_msgs/px4_msgs/msg/detail/satellite_info__type_support.hpp
[69.366s] -- Up-to-date: /home/pavel/ws_ros2/install/px4_msgs/include/px4_msgs/px4_msgs/msg/detail/vehicle_trajectory_bezier__struct.hpp
[69.366s] -- Up-to-date: /home/pavel/ws_ros2/install/px4_msgs/include/px4_msgs/px4_msgs/msg/detail/parameter_reset_request__type_support.hpp
[69.366s] -- Up-to-date: /home/pavel/ws_ros2/install/px4_msgs/include/px4_msgs/px4_msgs/msg/detail/rover_ackermann_guidance_status__traits.hpp
[69.367s] -- Up-to-date: /home/pavel/ws_ros2/install/px4_msgs/include/px4_msgs/px4_msgs/msg/detail/estimator_aid_source1d__struct.hpp
[69.367s] -- Up-to-date: /home/pavel/ws_ros2/install/px4_msgs/include/px4_msgs/px4_msgs/msg/detail/ulog_stream__struct.hpp
[69.367s] -- Up-to-date: /home/pavel/ws_ros2/install/px4_msgs/include/px4_msgs/px4_msgs/msg/detail/sensor_accel__builder.hpp
[69.367s] -- Up-to-date: /home/pavel/ws_ros2/install/px4_msgs/include/px4_msgs/px4_msgs/msg/detail/logger_status__type_support.hpp
[69.367s] -- Up-to-date: /home/pavel/ws_ros2/install/px4_msgs/include/px4_msgs/px4_msgs/msg/detail/estimator_states__traits.hpp
[69.367s] -- Up-to-date: /home/pavel/ws_ros2/install/px4_msgs/include/px4_msgs/px4_msgs/msg/detail/figure_eight_status__struct.hpp
[69.367s] -- Up-to-date: /home/pavel/ws_ros2/install/px4_msgs/include/px4_msgs/px4_msgs/msg/detail/vehicle_odometry__type_support.hpp
[69.367s] -- Up-to-date: /home/pavel/ws_ros2/install/px4_msgs/include/px4_msgs/px4_msgs/msg/detail/vehicle_odometry__traits.hpp
[69.368s] -- Up-to-date: /home/pavel/ws_ros2/install/px4_msgs/include/px4_msgs/px4_msgs/msg/detail/estimator_event_flags__struct.hpp
[69.368s] -- Up-to-date: /home/pavel/ws_ros2/install/px4_msgs/include/px4_msgs/px4_msgs/msg/detail/manual_control_switches__struct.hpp
[69.368s] -- Up-to-date: /home/pavel/ws_ros2/install/px4_msgs/include/px4_msgs/px4_msgs/msg/detail/ekf2_timestamps__traits.hpp
[69.368s] -- Up-to-date: /home/pavel/ws_ros2/install/px4_msgs/include/px4_msgs/px4_msgs/msg/detail/sensor_selection__type_support.hpp
[69.368s] -- Up-to-date: /home/pavel/ws_ros2/install/px4_msgs/include/px4_msgs/px4_msgs/msg/detail/register_ext_component_request__type_support.hpp
[69.368s] -- Up-to-date: /home/pavel/ws_ros2/install/px4_msgs/include/px4_msgs/px4_msgs/msg/detail/npfg_status__type_support.hpp
[69.368s] -- Up-to-date: /home/pavel/ws_ros2/install/px4_msgs/include/px4_msgs/px4_msgs/msg/detail/ekf2_timestamps__type_support.hpp
[69.368s] -- Up-to-date: /home/pavel/ws_ros2/install/px4_msgs/include/px4_msgs/px4_msgs/msg/detail/onboard_computer_status__struct.hpp
[69.368s] -- Up-to-date: /home/pavel/ws_ros2/install/px4_msgs/include/px4_msgs/px4_msgs/msg/detail/actuator_servos_trim__type_support.hpp
[69.368s] -- Up-to-date: /home/pavel/ws_ros2/install/px4_msgs/include/px4_msgs/px4_msgs/msg/detail/geofence_status__traits.hpp
[69.368s] -- Up-to-date: /home/pavel/ws_ros2/install/px4_msgs/include/px4_msgs/px4_msgs/msg/detail/orbit_status__struct.hpp
[69.368s] -- Up-to-date: /home/pavel/ws_ros2/install/px4_msgs/include/px4_msgs/px4_msgs/msg/detail/vehicle_trajectory_waypoint__builder.hpp
[69.368s] -- Up-to-date: /home/pavel/ws_ros2/install/px4_msgs/include/px4_msgs/px4_msgs/msg/detail/unregister_ext_component__struct.hpp
[69.368s] -- Up-to-date: /home/pavel/ws_ros2/install/px4_msgs/include/px4_msgs/px4_msgs/msg/detail/cellular_status__builder.hpp
[69.368s] -- Up-to-date: /home/pavel/ws_ros2/install/px4_msgs/include/px4_msgs/px4_msgs/msg/detail/log_message__traits.hpp
[69.368s] -- Up-to-date: /home/pavel/ws_ros2/install/px4_msgs/include/px4_msgs/px4_msgs/msg/detail/gpio_request__builder.hpp
[69.369s] -- Up-to-date: /home/pavel/ws_ros2/install/px4_msgs/include/px4_msgs/px4_msgs/msg/detail/position_setpoint_triplet__builder.hpp
[69.369s] -- Up-to-date: /home/pavel/ws_ros2/install/px4_msgs/include/px4_msgs/px4_msgs/msg/detail/internal_combustion_engine_status__traits.hpp
[69.369s] -- Up-to-date: /home/pavel/ws_ros2/install/px4_msgs/include/px4_msgs/px4_msgs/msg/detail/vehicle_command__traits.hpp
[69.369s] -- Up-to-date: /home/pavel/ws_ros2/install/px4_msgs/include/px4_msgs/px4_msgs/msg/detail/onboard_computer_status__traits.hpp
[69.369s] -- Up-to-date: /home/pavel/ws_ros2/install/px4_msgs/include/px4_msgs/px4_msgs/msg/detail/heater_status__type_support.hpp
[69.369s] -- Up-to-date: /home/pavel/ws_ros2/install/px4_msgs/include/px4_msgs/px4_msgs/msg/detail/collision_constraints__type_support.hpp
[69.369s] -- Up-to-date: /home/pavel/ws_ros2/install/px4_msgs/include/px4_msgs/px4_msgs/msg/detail/obstacle_distance__struct.hpp
[69.369s] -- Up-to-date: /home/pavel/ws_ros2/install/px4_msgs/include/px4_msgs/px4_msgs/msg/detail/parameter_reset_request__traits.hpp
[69.369s] -- Up-to-date: /home/pavel/ws_ros2/install/px4_msgs/include/px4_msgs/px4_msgs/msg/detail/landing_target_pose__type_support.hpp
[69.369s] -- Up-to-date: /home/pavel/ws_ros2/install/px4_msgs/include/px4_msgs/px4_msgs/msg/detail/tune_control__type_support.hpp
[69.369s] -- Up-to-date: /home/pavel/ws_ros2/install/px4_msgs/include/px4_msgs/px4_msgs/msg/detail/radio_status__struct.hpp
[69.369s] -- Up-to-date: /home/pavel/ws_ros2/install/px4_msgs/include/px4_msgs/px4_msgs/msg/detail/gimbal_controls__builder.hpp
[69.369s] -- Up-to-date: /home/pavel/ws_ros2/install/px4_msgs/include/px4_msgs/px4_msgs/msg/detail/estimator_bias3d__builder.hpp
[69.369s] -- Up-to-date: /home/pavel/ws_ros2/install/px4_msgs/include/px4_msgs/px4_msgs/msg/detail/dataman_response__type_support.hpp
[69.369s] -- Up-to-date: /home/pavel/ws_ros2/install/px4_msgs/include/px4_msgs/px4_msgs/msg/detail/estimator_bias__type_support.hpp
[69.369s] -- Up-to-date: /home/pavel/ws_ros2/install/px4_msgs/include/px4_msgs/px4_msgs/msg/detail/orbit_status__type_support.hpp
[69.370s] -- Up-to-date: /home/pavel/ws_ros2/install/px4_msgs/include/px4_msgs/px4_msgs/msg/detail/battery_status__type_support.hpp
[69.370s] -- Up-to-date: /home/pavel/ws_ros2/install/px4_msgs/include/px4_msgs/px4_msgs/msg/detail/position_controller_status__builder.hpp
[69.370s] -- Up-to-date: /home/pavel/ws_ros2/install/px4_msgs/include/px4_msgs/px4_msgs/msg/detail/home_position__type_support.hpp
[69.370s] -- Up-to-date: /home/pavel/ws_ros2/install/px4_msgs/include/px4_msgs/px4_msgs/msg/detail/estimator_states__type_support.hpp
[69.370s] -- Up-to-date: /home/pavel/ws_ros2/install/px4_msgs/include/px4_msgs/px4_msgs/msg/detail/ekf2_timestamps__struct.hpp
[69.370s] -- Up-to-date: /home/pavel/ws_ros2/install/px4_msgs/include/px4_msgs/px4_msgs/msg/detail/pps_capture__type_support.hpp
[69.370s] -- Up-to-date: /home/pavel/ws_ros2/install/px4_msgs/include/px4_msgs/px4_msgs/msg/detail/camera_trigger__type_support.hpp
[69.370s] -- Up-to-date: /home/pavel/ws_ros2/install/px4_msgs/include/px4_msgs/px4_msgs/msg/detail/sensor_correction__struct.hpp
[69.370s] -- Up-to-date: /home/pavel/ws_ros2/install/px4_msgs/include/px4_msgs/px4_msgs/msg/detail/power_monitor__builder.hpp
[69.370s] -- Up-to-date: /home/pavel/ws_ros2/install/px4_msgs/include/px4_msgs/px4_msgs/msg/detail/airspeed_validated__traits.hpp
[69.371s] -- Up-to-date: /home/pavel/ws_ros2/install/px4_msgs/include/px4_msgs/px4_msgs/msg/detail/rc_parameter_map__traits.hpp
[69.371s] -- Up-to-date: /home/pavel/ws_ros2/install/px4_msgs/include/px4_msgs/px4_msgs/msg/detail/mission__builder.hpp
[69.371s] -- Up-to-date: /home/pavel/ws_ros2/install/px4_msgs/include/px4_msgs/px4_msgs/msg/detail/mission__type_support.hpp
[69.371s] -- Up-to-date: /home/pavel/ws_ros2/install/px4_msgs/include/px4_msgs/px4_msgs/msg/detail/gpio_config__struct.hpp
[69.371s] -- Up-to-date: /home/pavel/ws_ros2/install/px4_msgs/include/px4_msgs/px4_msgs/msg/detail/fuel_tank_status__builder.hpp
[69.371s] -- Up-to-date: /home/pavel/ws_ros2/install/px4_msgs/include/px4_msgs/px4_msgs/msg/detail/sensor_accel__struct.hpp
[69.371s] -- Up-to-date: /home/pavel/ws_ros2/install/px4_msgs/include/px4_msgs/px4_msgs/msg/detail/takeoff_status__struct.hpp
[69.371s] -- Up-to-date: /home/pavel/ws_ros2/install/px4_msgs/include/px4_msgs/px4_msgs/msg/detail/differential_pressure__struct.hpp
[69.371s] -- Up-to-date: /home/pavel/ws_ros2/install/px4_msgs/include/px4_msgs/px4_msgs/msg/detail/launch_detection_status__struct.hpp
[69.371s] -- Up-to-date: /home/pavel/ws_ros2/install/px4_msgs/include/px4_msgs/px4_msgs/msg/detail/collision_report__type_support.hpp
[69.371s] -- Up-to-date: /home/pavel/ws_ros2/install/px4_msgs/include/px4_msgs/px4_msgs/msg/detail/vehicle_attitude_setpoint__type_support.hpp
[69.372s] -- Up-to-date: /home/pavel/ws_ros2/install/px4_msgs/include/px4_msgs/px4_msgs/msg/detail/estimator_bias3d__type_support.hpp
[69.372s] -- Up-to-date: /home/pavel/ws_ros2/install/px4_msgs/include/px4_msgs/px4_msgs/msg/detail/estimator_states__builder.hpp
[69.372s] -- Up-to-date: /home/pavel/ws_ros2/install/px4_msgs/include/px4_msgs/px4_msgs/msg/detail/vehicle_magnetometer__traits.hpp
[69.372s] -- Up-to-date: /home/pavel/ws_ros2/install/px4_msgs/include/px4_msgs/px4_msgs/msg/detail/power_monitor__type_support.hpp
[69.372s] -- Up-to-date: /home/pavel/ws_ros2/install/px4_msgs/include/px4_msgs/px4_msgs/msg/detail/timesync_status__traits.hpp
[69.372s] -- Up-to-date: /home/pavel/ws_ros2/install/px4_msgs/include/px4_msgs/px4_msgs/msg/detail/generator_status__traits.hpp
[69.372s] -- Up-to-date: /home/pavel/ws_ros2/install/px4_msgs/include/px4_msgs/px4_msgs/msg/detail/sensor_gyro_fft__builder.hpp
[69.372s] -- Up-to-date: /home/pavel/ws_ros2/install/px4_msgs/include/px4_msgs/px4_msgs/msg/detail/magnetometer_bias_estimate__type_support.hpp
[69.372s] -- Up-to-date: /home/pavel/ws_ros2/install/px4_msgs/include/px4_msgs/px4_msgs/msg/detail/gimbal_manager_set_attitude__traits.hpp
[69.372s] -- Up-to-date: /home/pavel/ws_ros2/install/px4_msgs/include/px4_msgs/px4_msgs/msg/detail/vehicle_land_detected__struct.hpp
[69.372s] -- Up-to-date: /home/pavel/ws_ros2/install/px4_msgs/include/px4_msgs/px4_msgs/msg/detail/orb_test__builder.hpp
[69.372s] -- Up-to-date: /home/pavel/ws_ros2/install/px4_msgs/include/px4_msgs/px4_msgs/msg/detail/dataman_request__traits.hpp
[69.372s] -- Up-to-date: /home/pavel/ws_ros2/install/px4_msgs/include/px4_msgs/px4_msgs/msg/detail/sensor_selection__struct.hpp
[69.372s] -- Up-to-date: /home/pavel/ws_ros2/install/px4_msgs/include/px4_msgs/px4_msgs/msg/detail/actuator_test__traits.hpp
[69.372s] -- Up-to-date: /home/pavel/ws_ros2/install/px4_msgs/include/px4_msgs/px4_msgs/msg/detail/parameter_update__struct.hpp
[69.372s] -- Up-to-date: /home/pavel/ws_ros2/install/px4_msgs/include/px4_msgs/px4_msgs/msg/detail/airspeed__builder.hpp
[69.372s] -- Up-to-date: /home/pavel/ws_ros2/install/px4_msgs/include/px4_msgs/px4_msgs/msg/detail/position_controller_landing_status__builder.hpp
[69.372s] -- Up-to-date: /home/pavel/ws_ros2/install/px4_msgs/include/px4_msgs/px4_msgs/msg/detail/mount_orientation__traits.hpp
[69.372s] -- Up-to-date: /home/pavel/ws_ros2/install/px4_msgs/include/px4_msgs/px4_msgs/msg/detail/gimbal_device_set_attitude__struct.hpp
[69.373s] -- Up-to-date: /home/pavel/ws_ros2/install/px4_msgs/include/px4_msgs/px4_msgs/msg/detail/collision_constraints__struct.hpp
[69.373s] -- Up-to-date: /home/pavel/ws_ros2/install/px4_msgs/include/px4_msgs/px4_msgs/msg/detail/sensor_optical_flow__traits.hpp
[69.373s] -- Up-to-date: /home/pavel/ws_ros2/install/px4_msgs/include/px4_msgs/px4_msgs/msg/detail/sensor_airflow__traits.hpp
[69.373s] -- Up-to-date: /home/pavel/ws_ros2/install/px4_msgs/include/px4_msgs/px4_msgs/msg/detail/differential_drive_setpoint__struct.hpp
[69.373s] -- Up-to-date: /home/pavel/ws_ros2/install/px4_msgs/include/px4_msgs/px4_msgs/msg/detail/estimator_status_flags__struct.hpp
[69.373s] -- Up-to-date: /home/pavel/ws_ros2/install/px4_msgs/include/px4_msgs/px4_msgs/msg/detail/sensor_uwb__builder.hpp
[69.373s] -- Up-to-date: /home/pavel/ws_ros2/install/px4_msgs/include/px4_msgs/px4_msgs/msg/detail/register_ext_component_reply__struct.hpp
[69.373s] -- Up-to-date: /home/pavel/ws_ros2/install/px4_msgs/include/px4_msgs/px4_msgs/msg/detail/vehicle_angular_velocity__traits.hpp
[69.373s] -- Up-to-date: /home/pavel/ws_ros2/install/px4_msgs/include/px4_msgs/px4_msgs/msg/detail/vehicle_rates_setpoint__traits.hpp
[69.373s] -- Up-to-date: /home/pavel/ws_ros2/install/px4_msgs/include/px4_msgs/px4_msgs/msg/detail/vehicle_rates_setpoint__struct.hpp
[69.373s] -- Up-to-date: /home/pavel/ws_ros2/install/px4_msgs/include/px4_msgs/px4_msgs/msg/detail/rtl_time_estimate__struct.hpp
[69.373s] -- Up-to-date: /home/pavel/ws_ros2/install/px4_msgs/include/px4_msgs/px4_msgs/msg/detail/flight_phase_estimation__traits.hpp
[69.373s] -- Up-to-date: /home/pavel/ws_ros2/install/px4_msgs/include/px4_msgs/px4_msgs/msg/detail/sensor_preflight_mag__traits.hpp
[69.373s] -- Up-to-date: /home/pavel/ws_ros2/install/px4_msgs/include/px4_msgs/px4_msgs/msg/detail/dataman_response__traits.hpp
[69.373s] -- Up-to-date: /home/pavel/ws_ros2/install/px4_msgs/include/px4_msgs/px4_msgs/msg/detail/wheel_encoders__struct.hpp
[69.373s] -- Up-to-date: /home/pavel/ws_ros2/install/px4_msgs/include/px4_msgs/px4_msgs/msg/detail/estimator_aid_source1d__builder.hpp
[69.373s] -- Up-to-date: /home/pavel/ws_ros2/install/px4_msgs/include/px4_msgs/px4_msgs/msg/detail/px4io_status__struct.hpp
[69.373s] -- Up-to-date: /home/pavel/ws_ros2/install/px4_msgs/include/px4_msgs/px4_msgs/msg/detail/vehicle_trajectory_bezier__type_support.hpp
[69.373s] -- Up-to-date: /home/pavel/ws_ros2/install/px4_msgs/include/px4_msgs/px4_msgs/msg/detail/power_button_state__struct.hpp
[69.373s] -- Up-to-date: /home/pavel/ws_ros2/install/px4_msgs/include/px4_msgs/px4_msgs/msg/detail/transponder_report__builder.hpp
[69.373s] -- Up-to-date: /home/pavel/ws_ros2/install/px4_msgs/include/px4_msgs/px4_msgs/msg/detail/config_overrides__traits.hpp
[69.374s] -- Up-to-date: /home/pavel/ws_ros2/install/px4_msgs/include/px4_msgs/px4_msgs/msg/detail/task_stack_info__struct.hpp
[69.374s] -- Up-to-date: /home/pavel/ws_ros2/install/px4_msgs/include/px4_msgs/px4_msgs/msg/detail/gimbal_device_attitude_status__type_support.hpp
[69.374s] -- Up-to-date: /home/pavel/ws_ros2/install/px4_msgs/include/px4_msgs/px4_msgs/msg/detail/normalized_unsigned_setpoint__builder.hpp
[69.374s] -- Up-to-date: /home/pavel/ws_ros2/install/px4_msgs/include/px4_msgs/px4_msgs/msg/detail/sensor_gyro_fft__struct.hpp
[69.374s] -- Up-to-date: /home/pavel/ws_ros2/install/px4_msgs/include/px4_msgs/px4_msgs/msg/detail/camera_status__traits.hpp
[69.374s] -- Up-to-date: /home/pavel/ws_ros2/install/px4_msgs/include/px4_msgs/px4_msgs/msg/detail/mode_completed__type_support.hpp
[69.374s] -- Up-to-date: /home/pavel/ws_ros2/install/px4_msgs/include/px4_msgs/px4_msgs/msg/detail/airspeed__traits.hpp
[69.374s] -- Up-to-date: /home/pavel/ws_ros2/install/px4_msgs/include/px4_msgs/px4_msgs/msg/detail/vehicle_local_position_setpoint__traits.hpp
[69.374s] -- Up-to-date: /home/pavel/ws_ros2/install/px4_msgs/include/px4_msgs/px4_msgs/msg/detail/esc_status__builder.hpp
[69.374s] -- Up-to-date: /home/pavel/ws_ros2/install/px4_msgs/include/px4_msgs/px4_msgs/msg/detail/trajectory_waypoint__struct.hpp
[69.374s] -- Up-to-date: /home/pavel/ws_ros2/install/px4_msgs/include/px4_msgs/px4_msgs/msg/detail/actuator_test__type_support.hpp
[69.374s] -- Up-to-date: /home/pavel/ws_ros2/install/px4_msgs/include/px4_msgs/px4_msgs/msg/detail/register_ext_component_request__builder.hpp
[69.374s] -- Up-to-date: /home/pavel/ws_ros2/install/px4_msgs/include/px4_msgs/px4_msgs/msg/detail/mission__struct.hpp
[69.374s] -- Up-to-date: /home/pavel/ws_ros2/install/px4_msgs/include/px4_msgs/px4_msgs/msg/detail/mavlink_tunnel__type_support.hpp
[69.374s] -- Up-to-date: /home/pavel/ws_ros2/install/px4_msgs/include/px4_msgs/px4_msgs/msg/detail/led_control__traits.hpp
[69.374s] -- Up-to-date: /home/pavel/ws_ros2/install/px4_msgs/include/px4_msgs/px4_msgs/msg/detail/follow_target_status__struct.hpp
[69.375s] -- Up-to-date: /home/pavel/ws_ros2/install/px4_msgs/include/px4_msgs/px4_msgs/msg/detail/vehicle_roi__struct.hpp
[69.375s] -- Up-to-date: /home/pavel/ws_ros2/install/px4_msgs/include/px4_msgs/px4_msgs/msg/detail/can_interface_status__type_support.hpp
[69.375s] -- Up-to-date: /home/pavel/ws_ros2/install/px4_msgs/include/px4_msgs/px4_msgs/msg/detail/sensor_mag__type_support.hpp
[69.375s] -- Up-to-date: /home/pavel/ws_ros2/install/px4_msgs/include/px4_msgs/px4_msgs/msg/detail/actuator_armed__builder.hpp
[69.375s] -- Up-to-date: /home/pavel/ws_ros2/install/px4_msgs/include/px4_msgs/px4_msgs/msg/detail/rover_ackermann_guidance_status__type_support.hpp
[69.375s] -- Up-to-date: /home/pavel/ws_ros2/install/px4_msgs/include/px4_msgs/px4_msgs/msg/detail/manual_control_setpoint__type_support.hpp
[69.375s] -- Up-to-date: /home/pavel/ws_ros2/install/px4_msgs/include/px4_msgs/px4_msgs/msg/detail/led_control__struct.hpp
[69.375s] -- Up-to-date: /home/pavel/ws_ros2/install/px4_msgs/include/px4_msgs/px4_msgs/msg/detail/estimator_aid_source2d__traits.hpp
[69.375s] -- Up-to-date: /home/pavel/ws_ros2/install/px4_msgs/include/px4_msgs/px4_msgs/msg/detail/position_controller_status__traits.hpp
[69.375s] -- Up-to-date: /home/pavel/ws_ros2/install/px4_msgs/include/px4_msgs/px4_msgs/msg/detail/tune_control__traits.hpp
[69.375s] -- Up-to-date: /home/pavel/ws_ros2/install/px4_msgs/include/px4_msgs/px4_msgs/msg/detail/button_event__builder.hpp
[69.375s] -- Up-to-date: /home/pavel/ws_ros2/install/px4_msgs/include/px4_msgs/px4_msgs/msg/detail/irlock_report__type_support.hpp
[69.375s] -- Up-to-date: /home/pavel/ws_ros2/install/px4_msgs/include/px4_msgs/px4_msgs/msg/detail/gimbal_device_information__traits.hpp
[69.375s] -- Up-to-date: /home/pavel/ws_ros2/install/px4_msgs/include/px4_msgs/px4_msgs/msg/detail/estimator_sensor_bias__traits.hpp
[69.375s] -- Up-to-date: /home/pavel/ws_ros2/install/px4_msgs/include/px4_msgs/px4_msgs/msg/detail/airspeed__type_support.hpp
[69.375s] -- Up-to-date: /home/pavel/ws_ros2/install/px4_msgs/include/px4_msgs/px4_msgs/msg/detail/navigator_mission_item__builder.hpp
[69.375s] -- Up-to-date: /home/pavel/ws_ros2/install/px4_msgs/include/px4_msgs/px4_msgs/msg/detail/cpuload__builder.hpp
[69.375s] -- Up-to-date: /home/pavel/ws_ros2/install/px4_msgs/include/px4_msgs/px4_msgs/msg/detail/npfg_status__traits.hpp
[69.375s] -- Up-to-date: /home/pavel/ws_ros2/install/px4_msgs/include/px4_msgs/px4_msgs/msg/detail/mode_completed__struct.hpp
[69.375s] -- Up-to-date: /home/pavel/ws_ros2/install/px4_msgs/include/px4_msgs/px4_msgs/msg/detail/input_rc__traits.hpp
[69.375s] -- Up-to-date: /home/pavel/ws_ros2/install/px4_msgs/include/px4_msgs/px4_msgs/msg/detail/sensor_uwb__type_support.hpp
[69.376s] -- Up-to-date: /home/pavel/ws_ros2/install/px4_msgs/include/px4_msgs/px4_msgs/msg/detail/sensor_gps__type_support.hpp
[69.376s] -- Up-to-date: /home/pavel/ws_ros2/install/px4_msgs/include/px4_msgs/px4_msgs/msg/detail/position_controller_status__struct.hpp
[69.376s] -- Up-to-date: /home/pavel/ws_ros2/install/px4_msgs/include/px4_msgs/px4_msgs/msg/detail/adc_report__type_support.hpp
[69.376s] -- Up-to-date: /home/pavel/ws_ros2/install/px4_msgs/include/px4_msgs/px4_msgs/msg/detail/actuator_outputs__traits.hpp
[69.376s] -- Up-to-date: /home/pavel/ws_ros2/install/px4_msgs/include/px4_msgs/px4_msgs/msg/detail/mode_completed__traits.hpp
[69.376s] -- Up-to-date: /home/pavel/ws_ros2/install/px4_msgs/include/px4_msgs/px4_msgs/msg/detail/goto_setpoint__struct.hpp
[69.376s] -- Up-to-date: /home/pavel/ws_ros2/install/px4_msgs/include/px4_msgs/px4_msgs/msg/detail/hover_thrust_estimate__struct.hpp
[69.376s] -- Up-to-date: /home/pavel/ws_ros2/install/px4_msgs/include/px4_msgs/px4_msgs/msg/detail/qshell_retval__traits.hpp
[69.376s] -- Up-to-date: /home/pavel/ws_ros2/install/px4_msgs/include/px4_msgs/px4_msgs/msg/detail/vehicle_angular_velocity__type_support.hpp
[69.376s] -- Up-to-date: /home/pavel/ws_ros2/install/px4_msgs/include/px4_msgs/px4_msgs/msg/detail/geofence_status__builder.hpp
[69.376s] -- Up-to-date: /home/pavel/ws_ros2/install/px4_msgs/include/px4_msgs/px4_msgs/msg/detail/can_interface_status__traits.hpp
[69.376s] -- Up-to-date: /home/pavel/ws_ros2/install/px4_msgs/include/px4_msgs/px4_msgs/msg/detail/normalized_unsigned_setpoint__type_support.hpp
[69.376s] -- Up-to-date: /home/pavel/ws_ros2/install/px4_msgs/include/px4_msgs/px4_msgs/msg/detail/actuator_controls_status__builder.hpp
[69.376s] -- Up-to-date: /home/pavel/ws_ros2/install/px4_msgs/include/px4_msgs/px4_msgs/msg/detail/position_controller_landing_status__type_support.hpp
[69.376s] -- Up-to-date: /home/pavel/ws_ros2/install/px4_msgs/include/px4_msgs/px4_msgs/msg/detail/estimator_status__builder.hpp
[69.376s] -- Up-to-date: /home/pavel/ws_ros2/install/px4_msgs/include/px4_msgs/px4_msgs/msg/detail/launch_detection_status__type_support.hpp
[69.376s] -- Up-to-date: /home/pavel/ws_ros2/install/px4_msgs/include/px4_msgs/px4_msgs/msg/detail/magnetometer_bias_estimate__struct.hpp
[69.376s] -- Up-to-date: /home/pavel/ws_ros2/install/px4_msgs/include/px4_msgs/px4_msgs/msg/detail/magnetometer_bias_estimate__builder.hpp
[69.376s] -- Up-to-date: /home/pavel/ws_ros2/install/px4_msgs/include/px4_msgs/px4_msgs/msg/detail/autotune_attitude_control_status__struct.hpp
[69.376s] -- Up-to-date: /home/pavel/ws_ros2/install/px4_msgs/include/px4_msgs/px4_msgs/msg/detail/landing_target_innovations__traits.hpp
[69.377s] -- Up-to-date: /home/pavel/ws_ros2/install/px4_msgs/include/px4_msgs/px4_msgs/msg/detail/mode_completed__builder.hpp
[69.377s] -- Up-to-date: /home/pavel/ws_ros2/install/px4_msgs/include/px4_msgs/px4_msgs/msg/detail/vehicle_attitude__traits.hpp
[69.377s] -- Up-to-date: /home/pavel/ws_ros2/install/px4_msgs/include/px4_msgs/px4_msgs/msg/detail/differential_pressure__type_support.hpp
[69.377s] -- Up-to-date: /home/pavel/ws_ros2/install/px4_msgs/include/px4_msgs/px4_msgs/msg/detail/airspeed_wind__struct.hpp
[69.377s] -- Up-to-date: /home/pavel/ws_ros2/install/px4_msgs/include/px4_msgs/px4_msgs/msg/detail/collision_constraints__builder.hpp
[69.377s] -- Up-to-date: /home/pavel/ws_ros2/install/px4_msgs/include/px4_msgs/px4_msgs/msg/detail/log_message__builder.hpp
[69.377s] -- Up-to-date: /home/pavel/ws_ros2/install/px4_msgs/include/px4_msgs/px4_msgs/msg/detail/goto_setpoint__traits.hpp
[69.377s] -- Up-to-date: /home/pavel/ws_ros2/install/px4_msgs/include/px4_msgs/px4_msgs/msg/detail/sensors_status__builder.hpp
[69.377s] -- Up-to-date: /home/pavel/ws_ros2/install/px4_msgs/include/px4_msgs/px4_msgs/msg/detail/arming_check_request__struct.hpp
[69.377s] -- Up-to-date: /home/pavel/ws_ros2/install/px4_msgs/include/px4_msgs/px4_msgs/msg/detail/uavcan_parameter_request__traits.hpp
[69.377s] -- Up-to-date: /home/pavel/ws_ros2/install/px4_msgs/include/px4_msgs/px4_msgs/msg/detail/vehicle_optical_flow_vel__type_support.hpp
[69.377s] -- Up-to-date: /home/pavel/ws_ros2/install/px4_msgs/include/px4_msgs/px4_msgs/msg/detail/manual_control_setpoint__traits.hpp
[69.377s] -- Up-to-date: /home/pavel/ws_ros2/install/px4_msgs/include/px4_msgs/px4_msgs/msg/detail/debug_key_value__traits.hpp
[69.377s] -- Up-to-date: /home/pavel/ws_ros2/install/px4_msgs/include/px4_msgs/px4_msgs/msg/detail/geofence_status__type_support.hpp
[69.377s] -- Up-to-date: /home/pavel/ws_ros2/install/px4_msgs/include/px4_msgs/px4_msgs/msg/detail/button_event__type_support.hpp
[69.377s] -- Up-to-date: /home/pavel/ws_ros2/install/px4_msgs/include/px4_msgs/px4_msgs/msg/detail/differential_pressure__traits.hpp
[69.377s] -- Up-to-date: /home/pavel/ws_ros2/install/px4_msgs/include/px4_msgs/px4_msgs/msg/detail/system_power__struct.hpp
[69.377s] -- Up-to-date: /home/pavel/ws_ros2/install/px4_msgs/include/px4_msgs/px4_msgs/msg/detail/orb_test_medium__struct.hpp
[69.377s] -- Up-to-date: /home/pavel/ws_ros2/install/px4_msgs/include/px4_msgs/px4_msgs/msg/detail/health_report__struct.hpp
[69.378s] -- Up-to-date: /home/pavel/ws_ros2/install/px4_msgs/include/px4_msgs/px4_msgs/msg/detail/logger_status__traits.hpp
[69.378s] -- Up-to-date: /home/pavel/ws_ros2/install/px4_msgs/include/px4_msgs/px4_msgs/msg/detail/dataman_request__struct.hpp
[69.378s] -- Up-to-date: /home/pavel/ws_ros2/install/px4_msgs/include/px4_msgs/px4_msgs/msg/detail/gimbal_manager_information__struct.hpp
[69.378s] -- Up-to-date: /home/pavel/ws_ros2/install/px4_msgs/include/px4_msgs/px4_msgs/msg/detail/sensor_gyro__struct.hpp
[69.378s] -- Up-to-date: /home/pavel/ws_ros2/install/px4_msgs/include/px4_msgs/px4_msgs/msg/detail/airspeed_validated__builder.hpp
[69.378s] -- Up-to-date: /home/pavel/ws_ros2/install/px4_msgs/include/px4_msgs/px4_msgs/msg/detail/rate_ctrl_status__traits.hpp
[69.378s] -- Up-to-date: /home/pavel/ws_ros2/install/px4_msgs/include/px4_msgs/px4_msgs/msg/detail/collision_constraints__traits.hpp
[69.378s] -- Up-to-date: /home/pavel/ws_ros2/install/px4_msgs/include/px4_msgs/px4_msgs/msg/detail/sensor_optical_flow__builder.hpp
[69.378s] -- Up-to-date: /home/pavel/ws_ros2/install/px4_msgs/include/px4_msgs/px4_msgs/msg/detail/distance_sensor__builder.hpp
[69.378s] -- Up-to-date: /home/pavel/ws_ros2/install/px4_msgs/include/px4_msgs/px4_msgs/msg/detail/debug_array__builder.hpp
[69.378s] -- Up-to-date: /home/pavel/ws_ros2/install/px4_msgs/include/px4_msgs/px4_msgs/msg/detail/vehicle_global_position__builder.hpp
[69.378s] -- Up-to-date: /home/pavel/ws_ros2/install/px4_msgs/include/px4_msgs/px4_msgs/msg/detail/rtl_time_estimate__builder.hpp
[69.378s] -- Up-to-date: /home/pavel/ws_ros2/install/px4_msgs/include/px4_msgs/px4_msgs/msg/detail/offboard_control_mode__traits.hpp
[69.378s] -- Up-to-date: /home/pavel/ws_ros2/install/px4_msgs/include/px4_msgs/px4_msgs/msg/detail/telemetry_status__struct.hpp
[69.378s] -- Up-to-date: /home/pavel/ws_ros2/install/px4_msgs/include/px4_msgs/px4_msgs/msg/detail/action_request__type_support.hpp
[69.378s] -- Up-to-date: /home/pavel/ws_ros2/install/px4_msgs/include/px4_msgs/px4_msgs/msg/detail/estimator_aid_source3d__traits.hpp
[69.378s] -- Up-to-date: /home/pavel/ws_ros2/install/px4_msgs/include/px4_msgs/px4_msgs/msg/detail/cellular_status__type_support.hpp
[69.378s] -- Up-to-date: /home/pavel/ws_ros2/install/px4_msgs/include/px4_msgs/px4_msgs/msg/detail/vehicle_local_position_setpoint__struct.hpp
[69.378s] -- Up-to-date: /home/pavel/ws_ros2/install/px4_msgs/include/px4_msgs/px4_msgs/msg/detail/vehicle_attitude_setpoint__traits.hpp
[69.378s] -- Up-to-date: /home/pavel/ws_ros2/install/px4_msgs/include/px4_msgs/px4_msgs/msg/detail/rate_ctrl_status__builder.hpp
[69.379s] -- Up-to-date: /home/pavel/ws_ros2/install/px4_msgs/include/px4_msgs/px4_msgs/msg/detail/vehicle_attitude_setpoint__builder.hpp
[69.379s] -- Up-to-date: /home/pavel/ws_ros2/install/px4_msgs/include/px4_msgs/px4_msgs/msg/detail/obstacle_distance__traits.hpp
[69.379s] -- Up-to-date: /home/pavel/ws_ros2/install/px4_msgs/include/px4_msgs/px4_msgs/msg/detail/action_request__builder.hpp
[69.379s] -- Up-to-date: /home/pavel/ws_ros2/install/px4_msgs/include/px4_msgs/px4_msgs/msg/detail/ping__struct.hpp
[69.379s] -- Up-to-date: /home/pavel/ws_ros2/install/px4_msgs/include/px4_msgs/px4_msgs/msg/detail/gimbal_manager_information__traits.hpp
[69.379s] -- Up-to-date: /home/pavel/ws_ros2/install/px4_msgs/include/px4_msgs/px4_msgs/msg/detail/estimator_selector_status__builder.hpp
[69.379s] -- Up-to-date: /home/pavel/ws_ros2/install/px4_msgs/include/px4_msgs/px4_msgs/msg/detail/sensor_mag__struct.hpp
[69.379s] -- Up-to-date: /home/pavel/ws_ros2/install/px4_msgs/include/px4_msgs/px4_msgs/msg/detail/debug_value__struct.hpp
[69.379s] -- Up-to-date: /home/pavel/ws_ros2/install/px4_msgs/include/px4_msgs/px4_msgs/msg/detail/tecs_status__struct.hpp
[69.379s] -- Up-to-date: /home/pavel/ws_ros2/install/px4_msgs/include/px4_msgs/px4_msgs/msg/detail/sensor_gyro_fft__traits.hpp
[69.379s] -- Up-to-date: /home/pavel/ws_ros2/install/px4_msgs/include/px4_msgs/px4_msgs/msg/detail/follow_target_estimator__builder.hpp
[69.379s] -- Up-to-date: /home/pavel/ws_ros2/install/px4_msgs/include/px4_msgs/px4_msgs/msg/detail/airspeed__struct.hpp
[69.379s] -- Up-to-date: /home/pavel/ws_ros2/install/px4_msgs/include/px4_msgs/px4_msgs/msg/detail/gpio_in__traits.hpp
[69.379s] -- Up-to-date: /home/pavel/ws_ros2/install/px4_msgs/include/px4_msgs/px4_msgs/msg/detail/landing_gear__traits.hpp
[69.379s] -- Up-to-date: /home/pavel/ws_ros2/install/px4_msgs/include/px4_msgs/px4_msgs/msg/detail/vehicle_attitude__builder.hpp
[69.379s] -- Up-to-date: /home/pavel/ws_ros2/install/px4_msgs/include/px4_msgs/px4_msgs/msg/detail/failsafe_flags__type_support.hpp
[69.379s] -- Up-to-date: /home/pavel/ws_ros2/install/px4_msgs/include/px4_msgs/px4_msgs/msg/detail/manual_control_setpoint__builder.hpp
[69.379s] -- Up-to-date: /home/pavel/ws_ros2/install/px4_msgs/include/px4_msgs/px4_msgs/msg/detail/sensor_gyro__builder.hpp
[69.379s] -- Up-to-date: /home/pavel/ws_ros2/install/px4_msgs/include/px4_msgs/px4_msgs/msg/detail/ulog_stream_ack__type_support.hpp
[69.379s] -- Up-to-date: /home/pavel/ws_ros2/install/px4_msgs/include/px4_msgs/px4_msgs/msg/detail/vehicle_air_data__type_support.hpp
[69.380s] -- Up-to-date: /home/pavel/ws_ros2/install/px4_msgs/include/px4_msgs/px4_msgs/msg/detail/sensor_combined__struct.hpp
[69.380s] -- Up-to-date: /home/pavel/ws_ros2/install/px4_msgs/include/px4_msgs/px4_msgs/msg/detail/actuator_controls_status__type_support.hpp
[69.380s] -- Up-to-date: /home/pavel/ws_ros2/install/px4_msgs/include/px4_msgs/px4_msgs/msg/detail/mavlink_tunnel__traits.hpp
[69.380s] -- Up-to-date: /home/pavel/ws_ros2/install/px4_msgs/include/px4_msgs/px4_msgs/msg/detail/vehicle_trajectory_waypoint__type_support.hpp
[69.380s] -- Up-to-date: /home/pavel/ws_ros2/install/px4_msgs/include/px4_msgs/px4_msgs/msg/detail/actuator_servos_trim__struct.hpp
[69.380s] -- Up-to-date: /home/pavel/ws_ros2/install/px4_msgs/include/px4_msgs/px4_msgs/msg/detail/launch_detection_status__traits.hpp
[69.380s] -- Up-to-date: /home/pavel/ws_ros2/install/px4_msgs/include/px4_msgs/px4_msgs/msg/detail/gpio_config__builder.hpp
[69.380s] -- Up-to-date: /home/pavel/ws_ros2/install/px4_msgs/include/px4_msgs/px4_msgs/msg/detail/gripper__traits.hpp
[69.380s] -- Up-to-date: /home/pavel/ws_ros2/install/px4_msgs/include/px4_msgs/px4_msgs/msg/detail/gpio_out__builder.hpp
[69.380s] -- Up-to-date: /home/pavel/ws_ros2/install/px4_msgs/include/px4_msgs/px4_msgs/msg/detail/onboard_computer_status__type_support.hpp
[69.380s] -- Up-to-date: /home/pavel/ws_ros2/install/px4_msgs/include/px4_msgs/px4_msgs/msg/detail/wind__struct.hpp
[69.380s] -- Up-to-date: /home/pavel/ws_ros2/install/px4_msgs/include/px4_msgs/px4_msgs/msg/detail/orb_test__struct.hpp
[69.380s] -- Up-to-date: /home/pavel/ws_ros2/install/px4_msgs/include/px4_msgs/px4_msgs/msg/detail/position_setpoint__builder.hpp
[69.380s] -- Up-to-date: /home/pavel/ws_ros2/install/px4_msgs/include/px4_msgs/px4_msgs/msg/detail/actuator_test__struct.hpp
[69.380s] -- Up-to-date: /home/pavel/ws_ros2/install/px4_msgs/include/px4_msgs/px4_msgs/msg/detail/geofence_result__builder.hpp
[69.380s] -- Up-to-date: /home/pavel/ws_ros2/install/px4_msgs/include/px4_msgs/px4_msgs/msg/detail/gimbal_manager_set_manual_control__builder.hpp
[69.380s] -- Up-to-date: /home/pavel/ws_ros2/install/px4_msgs/include/px4_msgs/px4_msgs/msg/detail/debug_value__builder.hpp
[69.380s] -- Up-to-date: /home/pavel/ws_ros2/install/px4_msgs/include/px4_msgs/px4_msgs/msg/detail/gimbal_manager_set_attitude__builder.hpp
[69.380s] -- Up-to-date: /home/pavel/ws_ros2/install/px4_msgs/include/px4_msgs/px4_msgs/msg/detail/config_overrides__struct.hpp
[69.380s] -- Up-to-date: /home/pavel/ws_ros2/install/px4_msgs/include/px4_msgs/px4_msgs/msg/detail/irlock_report__traits.hpp
[69.380s] -- Up-to-date: /home/pavel/ws_ros2/install/px4_msgs/include/px4_msgs/px4_msgs/msg/detail/gimbal_manager_set_manual_control__traits.hpp
[69.381s] -- Up-to-date: /home/pavel/ws_ros2/install/px4_msgs/include/px4_msgs/px4_msgs/msg/detail/message_format_response__builder.hpp
[69.381s] -- Up-to-date: /home/pavel/ws_ros2/install/px4_msgs/include/px4_msgs/px4_msgs/msg/detail/sensors_status_imu__type_support.hpp
[69.381s] -- Up-to-date: /home/pavel/ws_ros2/install/px4_msgs/include/px4_msgs/px4_msgs/msg/detail/flight_phase_estimation__struct.hpp
[69.381s] -- Up-to-date: /home/pavel/ws_ros2/install/px4_msgs/include/px4_msgs/px4_msgs/msg/detail/sensor_correction__builder.hpp
[69.381s] -- Up-to-date: /home/pavel/ws_ros2/install/px4_msgs/include/px4_msgs/px4_msgs/msg/detail/debug_array__traits.hpp
[69.381s] -- Up-to-date: /home/pavel/ws_ros2/install/px4_msgs/include/px4_msgs/px4_msgs/msg/detail/task_stack_info__traits.hpp
[69.381s] -- Up-to-date: /home/pavel/ws_ros2/install/px4_msgs/include/px4_msgs/px4_msgs/msg/detail/mavlink_log__type_support.hpp
[69.381s] -- Up-to-date: /home/pavel/ws_ros2/install/px4_msgs/include/px4_msgs/px4_msgs/msg/detail/unregister_ext_component__builder.hpp
[69.381s] -- Up-to-date: /home/pavel/ws_ros2/install/px4_msgs/include/px4_msgs/px4_msgs/msg/detail/event__struct.hpp
[69.381s] -- Up-to-date: /home/pavel/ws_ros2/install/px4_msgs/include/px4_msgs/px4_msgs/msg/detail/gpio_out__traits.hpp
[69.381s] -- Up-to-date: /home/pavel/ws_ros2/install/px4_msgs/include/px4_msgs/px4_msgs/msg/detail/manual_control_switches__type_support.hpp
[69.381s] -- Up-to-date: /home/pavel/ws_ros2/install/px4_msgs/include/px4_msgs/px4_msgs/msg/detail/landing_target_innovations__builder.hpp
[69.381s] -- Up-to-date: /home/pavel/ws_ros2/install/px4_msgs/include/px4_msgs/px4_msgs/msg/detail/gimbal_device_attitude_status__traits.hpp
[69.381s] -- Up-to-date: /home/pavel/ws_ros2/install/px4_msgs/include/px4_msgs/px4_msgs/msg/detail/gimbal_manager_set_manual_control__struct.hpp
[69.381s] -- Up-to-date: /home/pavel/ws_ros2/install/px4_msgs/include/px4_msgs/px4_msgs/msg/detail/vehicle_optical_flow__struct.hpp
[69.381s] -- Up-to-date: /home/pavel/ws_ros2/install/px4_msgs/include/px4_msgs/px4_msgs/msg/detail/failure_detector_status__builder.hpp
[69.381s] -- Up-to-date: /home/pavel/ws_ros2/install/px4_msgs/include/px4_msgs/px4_msgs/msg/detail/launch_detection_status__builder.hpp
[69.381s] -- Up-to-date: /home/pavel/ws_ros2/install/px4_msgs/include/px4_msgs/px4_msgs/msg/detail/vehicle_local_position_setpoint__builder.hpp
[69.382s] -- Up-to-date: /home/pavel/ws_ros2/install/px4_msgs/include/px4_msgs/px4_msgs/msg/detail/uavcan_parameter_value__traits.hpp
[69.382s] -- Up-to-date: /home/pavel/ws_ros2/install/px4_msgs/include/px4_msgs/px4_msgs/msg/detail/gpio_in__builder.hpp
[69.382s] -- Up-to-date: /home/pavel/ws_ros2/install/px4_msgs/include/px4_msgs/px4_msgs/msg/detail/button_event__struct.hpp
[69.382s] -- Up-to-date: /home/pavel/ws_ros2/install/px4_msgs/include/px4_msgs/px4_msgs/msg/detail/rc_parameter_map__builder.hpp
[69.382s] -- Up-to-date: /home/pavel/ws_ros2/install/px4_msgs/include/px4_msgs/px4_msgs/msg/detail/takeoff_status__builder.hpp
[69.382s] -- Up-to-date: /home/pavel/ws_ros2/install/px4_msgs/include/px4_msgs/px4_msgs/msg/detail/gimbal_manager_set_attitude__type_support.hpp
[69.382s] -- Up-to-date: /home/pavel/ws_ros2/install/px4_msgs/include/px4_msgs/px4_msgs/msg/detail/parameter_set_used_request__type_support.hpp
[69.382s] -- Up-to-date: /home/pavel/ws_ros2/install/px4_msgs/include/px4_msgs/px4_msgs/msg/detail/estimator_bias__builder.hpp
[69.382s] -- Up-to-date: /home/pavel/ws_ros2/install/px4_msgs/include/px4_msgs/px4_msgs/msg/detail/sensor_airflow__builder.hpp
[69.382s] -- Up-to-date: /home/pavel/ws_ros2/install/px4_msgs/include/px4_msgs/px4_msgs/msg/detail/sensor_gyro_fifo__type_support.hpp
[69.382s] -- Up-to-date: /home/pavel/ws_ros2/install/px4_msgs/include/px4_msgs/px4_msgs/msg/detail/gimbal_controls__traits.hpp
[69.382s] -- Up-to-date: /home/pavel/ws_ros2/install/px4_msgs/include/px4_msgs/px4_msgs/msg/detail/parameter_update__traits.hpp
[69.382s] -- Up-to-date: /home/pavel/ws_ros2/install/px4_msgs/include/px4_msgs/px4_msgs/msg/detail/vtol_vehicle_status__type_support.hpp
[69.382s] -- Up-to-date: /home/pavel/ws_ros2/install/px4_msgs/include/px4_msgs/px4_msgs/msg/detail/tiltrotor_extra_controls__type_support.hpp
[69.382s] -- Up-to-date: /home/pavel/ws_ros2/install/px4_msgs/include/px4_msgs/px4_msgs/msg/detail/vehicle_control_mode__struct.hpp
[69.382s] -- Up-to-date: /home/pavel/ws_ros2/install/px4_msgs/include/px4_msgs/px4_msgs/msg/detail/rtl_time_estimate__traits.hpp
[69.382s] -- Up-to-date: /home/pavel/ws_ros2/install/px4_msgs/include/px4_msgs/px4_msgs/msg/detail/orb_test_medium__type_support.hpp
[69.383s] -- Up-to-date: /home/pavel/ws_ros2/install/px4_msgs/include/px4_msgs/px4_msgs/msg/detail/estimator_sensor_bias__builder.hpp
[69.383s] -- Up-to-date: /home/pavel/ws_ros2/install/px4_msgs/include/px4_msgs/px4_msgs/msg/detail/npfg_status__struct.hpp
[69.383s] -- Up-to-date: /home/pavel/ws_ros2/install/px4_msgs/include/px4_msgs/px4_msgs/msg/detail/estimator_event_flags__builder.hpp
[69.383s] -- Up-to-date: /home/pavel/ws_ros2/install/px4_msgs/include/px4_msgs/px4_msgs/msg/detail/cellular_status__traits.hpp
[69.383s] -- Up-to-date: /home/pavel/ws_ros2/install/px4_msgs/include/px4_msgs/px4_msgs/msg/detail/velocity_limits__type_support.hpp
[69.383s] -- Up-to-date: /home/pavel/ws_ros2/install/px4_msgs/include/px4_msgs/px4_msgs/msg/detail/uavcan_parameter_value__struct.hpp
[69.383s] -- Up-to-date: /home/pavel/ws_ros2/install/px4_msgs/include/px4_msgs/px4_msgs/msg/detail/orb_test_large__struct.hpp
[69.383s] -- Up-to-date: /home/pavel/ws_ros2/install/px4_msgs/include/px4_msgs/px4_msgs/msg/detail/esc_report__type_support.hpp
[69.383s] -- Up-to-date: /home/pavel/ws_ros2/install/px4_msgs/include/px4_msgs/px4_msgs/msg/detail/sensor_accel_fifo__struct.hpp
[69.383s] -- Up-to-date: /home/pavel/ws_ros2/install/px4_msgs/include/px4_msgs/px4_msgs/msg/detail/debug_vect__type_support.hpp
[69.383s] -- Up-to-date: /home/pavel/ws_ros2/install/px4_msgs/include/px4_msgs/px4_msgs/msg/detail/gimbal_device_information__type_support.hpp
[69.383s] -- Up-to-date: /home/pavel/ws_ros2/install/px4_msgs/include/px4_msgs/px4_msgs/msg/detail/estimator_innovations__builder.hpp
[69.383s] -- Up-to-date: /home/pavel/ws_ros2/install/px4_msgs/include/px4_msgs/px4_msgs/msg/detail/esc_report__traits.hpp
[69.383s] -- Up-to-date: /home/pavel/ws_ros2/install/px4_msgs/include/px4_msgs/px4_msgs/msg/detail/goto_setpoint__builder.hpp
[69.383s] -- Up-to-date: /home/pavel/ws_ros2/install/px4_msgs/include/px4_msgs/px4_msgs/msg/detail/qshell_retval__struct.hpp
[69.383s] -- Up-to-date: /home/pavel/ws_ros2/install/px4_msgs/include/px4_msgs/px4_msgs/msg/detail/landing_target_pose__builder.hpp
[69.384s] -- Up-to-date: /home/pavel/ws_ros2/install/px4_msgs/include/px4_msgs/px4_msgs/msg/detail/button_event__traits.hpp
[69.384s] -- Up-to-date: /home/pavel/ws_ros2/install/px4_msgs/include/px4_msgs/px4_msgs/msg/detail/vehicle_angular_acceleration_setpoint__traits.hpp
[69.384s] -- Up-to-date: /home/pavel/ws_ros2/install/px4_msgs/include/px4_msgs/px4_msgs/msg/detail/sensor_baro__struct.hpp
[69.384s] -- Up-to-date: /home/pavel/ws_ros2/install/px4_msgs/include/px4_msgs/px4_msgs/msg/detail/vehicle_torque_setpoint__type_support.hpp
[69.384s] -- Up-to-date: /home/pavel/ws_ros2/install/px4_msgs/include/px4_msgs/px4_msgs/msg/detail/orb_test__traits.hpp
[69.384s] -- Up-to-date: /home/pavel/ws_ros2/install/px4_msgs/include/px4_msgs/px4_msgs/msg/detail/gpio_in__type_support.hpp
[69.384s] -- Up-to-date: /home/pavel/ws_ros2/install/px4_msgs/include/px4_msgs/px4_msgs/msg/detail/rpm__type_support.hpp
[69.384s] -- Up-to-date: /home/pavel/ws_ros2/install/px4_msgs/include/px4_msgs/px4_msgs/msg/detail/vehicle_acceleration__traits.hpp
[69.384s] -- Up-to-date: /home/pavel/ws_ros2/install/px4_msgs/include/px4_msgs/px4_msgs/msg/detail/satellite_info__struct.hpp
[69.384s] -- Up-to-date: /home/pavel/ws_ros2/install/px4_msgs/include/px4_msgs/px4_msgs/msg/detail/wind__traits.hpp
[69.384s] -- Up-to-date: /home/pavel/ws_ros2/install/px4_msgs/include/px4_msgs/px4_msgs/msg/detail/battery_status__traits.hpp
[69.384s] -- Up-to-date: /home/pavel/ws_ros2/install/px4_msgs/include/px4_msgs/px4_msgs/msg/detail/trajectory_bezier__type_support.hpp
[69.384s] -- Up-to-date: /home/pavel/ws_ros2/install/px4_msgs/include/px4_msgs/px4_msgs/msg/detail/tecs_status__traits.hpp
[69.384s] -- Up-to-date: /home/pavel/ws_ros2/install/px4_msgs/include/px4_msgs/px4_msgs/msg/detail/gimbal_device_information__struct.hpp
[69.384s] -- Up-to-date: /home/pavel/ws_ros2/install/px4_msgs/include/px4_msgs/px4_msgs/msg/detail/failure_detector_status__struct.hpp
[69.384s] -- Up-to-date: /home/pavel/ws_ros2/install/px4_msgs/include/px4_msgs/px4_msgs/msg/detail/vehicle_status__builder.hpp
[69.384s] -- Up-to-date: /home/pavel/ws_ros2/install/px4_msgs/include/px4_msgs/px4_msgs/msg/detail/parameter_set_used_request__builder.hpp
[69.385s] -- Up-to-date: /home/pavel/ws_ros2/install/px4_msgs/include/px4_msgs/px4_msgs/msg/detail/gpio_request__type_support.hpp
[69.385s] -- Up-to-date: /home/pavel/ws_ros2/install/px4_msgs/include/px4_msgs/px4_msgs/msg/detail/landing_gear_wheel__type_support.hpp
[69.385s] -- Up-to-date: /home/pavel/ws_ros2/install/px4_msgs/include/px4_msgs/px4_msgs/msg/detail/trajectory_waypoint__type_support.hpp
[69.385s] -- Up-to-date: /home/pavel/ws_ros2/install/px4_msgs/include/px4_msgs/px4_msgs/msg/detail/manual_control_switches__builder.hpp
[69.385s] -- Up-to-date: /home/pavel/ws_ros2/install/px4_msgs/include/px4_msgs/px4_msgs/msg/detail/fuel_tank_status__struct.hpp
[69.385s] -- Up-to-date: /home/pavel/ws_ros2/install/px4_msgs/include/px4_msgs/px4_msgs/msg/detail/sensor_optical_flow__type_support.hpp
[69.385s] -- Up-to-date: /home/pavel/ws_ros2/install/px4_msgs/include/px4_msgs/px4_msgs/msg/detail/vehicle_air_data__builder.hpp
[69.385s] -- Up-to-date: /home/pavel/ws_ros2/install/px4_msgs/include/px4_msgs/px4_msgs/msg/detail/mavlink_tunnel__builder.hpp
[69.385s] -- Up-to-date: /home/pavel/ws_ros2/install/px4_msgs/include/px4_msgs/px4_msgs/msg/detail/tune_control__struct.hpp
[69.385s] -- Up-to-date: /home/pavel/ws_ros2/install/px4_msgs/include/px4_msgs/px4_msgs/msg/detail/vehicle_acceleration__type_support.hpp
[69.385s] -- Up-to-date: /home/pavel/ws_ros2/install/px4_msgs/include/px4_msgs/px4_msgs/msg/detail/wind__type_support.hpp
[69.385s] -- Up-to-date: /home/pavel/ws_ros2/install/px4_msgs/include/px4_msgs/px4_msgs/msg/detail/airspeed_wind__builder.hpp
[69.385s] -- Up-to-date: /home/pavel/ws_ros2/install/px4_msgs/include/px4_msgs/px4_msgs/msg/detail/transponder_report__traits.hpp
[69.385s] -- Up-to-date: /home/pavel/ws_ros2/install/px4_msgs/include/px4_msgs/px4_msgs/msg/detail/led_control__builder.hpp
[69.385s] -- Up-to-date: /home/pavel/ws_ros2/install/px4_msgs/include/px4_msgs/px4_msgs/msg/detail/actuator_controls_status__struct.hpp
[69.385s] -- Up-to-date: /home/pavel/ws_ros2/install/px4_msgs/include/px4_msgs/px4_msgs/msg/detail/actuator_servos__struct.hpp
[69.386s] -- Up-to-date: /home/pavel/ws_ros2/install/px4_msgs/include/px4_msgs/px4_msgs/msg/detail/sensor_accel__type_support.hpp
[69.386s] -- Up-to-date: /home/pavel/ws_ros2/install/px4_msgs/include/px4_msgs/px4_msgs/msg/detail/debug_array__type_support.hpp
[69.386s] -- Up-to-date: /home/pavel/ws_ros2/install/px4_msgs/include/px4_msgs/px4_msgs/msg/detail/px4io_status__traits.hpp
[69.386s] -- Up-to-date: /home/pavel/ws_ros2/install/px4_msgs/include/px4_msgs/px4_msgs/msg/detail/vehicle_acceleration__builder.hpp
[69.386s] -- Up-to-date: /home/pavel/ws_ros2/install/px4_msgs/include/px4_msgs/px4_msgs/msg/detail/gps_inject_data__builder.hpp
[69.386s] -- Up-to-date: /home/pavel/ws_ros2/install/px4_msgs/include/px4_msgs/px4_msgs/msg/detail/mavlink_log__traits.hpp
[69.386s] -- Up-to-date: /home/pavel/ws_ros2/install/px4_msgs/include/px4_msgs/px4_msgs/msg/detail/differential_drive_setpoint__type_support.hpp
[69.386s] -- Up-to-date: /home/pavel/ws_ros2/install/px4_msgs/include/px4_msgs/px4_msgs/msg/detail/vehicle_command__builder.hpp
[69.386s] -- Up-to-date: /home/pavel/ws_ros2/install/px4_msgs/include/px4_msgs/px4_msgs/msg/detail/orbit_status__traits.hpp
[69.386s] -- Up-to-date: /home/pavel/ws_ros2/install/px4_msgs/include/px4_msgs/px4_msgs/msg/detail/adc_report__builder.hpp
[69.386s] -- Up-to-date: /home/pavel/ws_ros2/install/px4_msgs/include/px4_msgs/px4_msgs/msg/detail/gripper__builder.hpp
[69.386s] -- Up-to-date: /home/pavel/ws_ros2/install/px4_msgs/include/px4_msgs/px4_msgs/msg/detail/vehicle_thrust_setpoint__type_support.hpp
[69.386s] -- Up-to-date: /home/pavel/ws_ros2/install/px4_msgs/include/px4_msgs/px4_msgs/msg/detail/position_controller_landing_status__struct.hpp
[69.386s] -- Up-to-date: /home/pavel/ws_ros2/install/px4_msgs/include/px4_msgs/px4_msgs/msg/detail/gimbal_controls__type_support.hpp
[69.386s] -- Up-to-date: /home/pavel/ws_ros2/install/px4_msgs/include/px4_msgs/px4_msgs/msg/detail/actuator_test__builder.hpp
[69.386s] -- Up-to-date: /home/pavel/ws_ros2/install/px4_msgs/include/px4_msgs/px4_msgs/msg/detail/follow_target_estimator__traits.hpp
[69.386s] -- Up-to-date: /home/pavel/ws_ros2/install/px4_msgs/include/px4_msgs/px4_msgs/msg/detail/cpuload__type_support.hpp
[69.387s] -- Up-to-date: /home/pavel/ws_ros2/install/px4_msgs/include/px4_msgs/px4_msgs/msg/detail/landing_gear_wheel__traits.hpp
[69.387s] -- Up-to-date: /home/pavel/ws_ros2/install/px4_msgs/include/px4_msgs/px4_msgs/msg/detail/vehicle_angular_acceleration_setpoint__builder.hpp
[69.387s] -- Up-to-date: /home/pavel/ws_ros2/install/px4_msgs/include/px4_msgs/px4_msgs/msg/detail/generator_status__struct.hpp
[69.387s] -- Up-to-date: /home/pavel/ws_ros2/install/px4_msgs/include/px4_msgs/px4_msgs/msg/detail/follow_target__traits.hpp
[69.387s] -- Up-to-date: /home/pavel/ws_ros2/install/px4_msgs/include/px4_msgs/px4_msgs/msg/detail/buffer128__struct.hpp
[69.387s] -- Up-to-date: /home/pavel/ws_ros2/install/px4_msgs/include/px4_msgs/px4_msgs/msg/detail/actuator_servos_trim__builder.hpp
[69.387s] -- Up-to-date: /home/pavel/ws_ros2/install/px4_msgs/include/px4_msgs/px4_msgs/msg/detail/message_format_response__struct.hpp
[69.387s] -- Up-to-date: /home/pavel/ws_ros2/install/px4_msgs/include/px4_msgs/px4_msgs/msg/detail/vehicle_air_data__struct.hpp
[69.387s] -- Up-to-date: /home/pavel/ws_ros2/install/px4_msgs/include/px4_msgs/px4_msgs/msg/detail/autotune_attitude_control_status__type_support.hpp
[69.387s] -- Up-to-date: /home/pavel/ws_ros2/install/px4_msgs/include/px4_msgs/px4_msgs/msg/detail/vehicle_local_position__type_support.hpp
[69.387s] -- Up-to-date: /home/pavel/ws_ros2/install/px4_msgs/include/px4_msgs/px4_msgs/msg/detail/vehicle_rates_setpoint__type_support.hpp
[69.387s] -- Up-to-date: /home/pavel/ws_ros2/install/px4_msgs/include/px4_msgs/px4_msgs/msg/detail/home_position__traits.hpp
[69.387s] -- Up-to-date: /home/pavel/ws_ros2/install/px4_msgs/include/px4_msgs/px4_msgs/msg/detail/normalized_unsigned_setpoint__struct.hpp
[69.387s] -- Up-to-date: /home/pavel/ws_ros2/install/px4_msgs/include/px4_msgs/px4_msgs/msg/detail/gps_dump__type_support.hpp
[69.387s] -- Up-to-date: /home/pavel/ws_ros2/install/px4_msgs/include/px4_msgs/px4_msgs/msg/detail/estimator_aid_source2d__type_support.hpp
[69.387s] -- Up-to-date: /home/pavel/ws_ros2/install/px4_msgs/include/px4_msgs/px4_msgs/msg/detail/estimator_aid_source2d__builder.hpp
[69.387s] -- Up-to-date: /home/pavel/ws_ros2/install/px4_msgs/include/px4_msgs/px4_msgs/msg/detail/rc_parameter_map__struct.hpp
[69.388s] -- Up-to-date: /home/pavel/ws_ros2/install/px4_msgs/include/px4_msgs/px4_msgs/msg/detail/estimator_gps_status__struct.hpp
[69.388s] -- Up-to-date: /home/pavel/ws_ros2/install/px4_msgs/include/px4_msgs/px4_msgs/msg/detail/vehicle_odometry__struct.hpp
[69.388s] -- Up-to-date: /home/pavel/ws_ros2/install/px4_msgs/include/px4_msgs/px4_msgs/msg/detail/sensors_status_imu__builder.hpp
[69.388s] -- Up-to-date: /home/pavel/ws_ros2/install/px4_msgs/include/px4_msgs/px4_msgs/msg/detail/event__traits.hpp
[69.388s] -- Up-to-date: /home/pavel/ws_ros2/install/px4_msgs/include/px4_msgs/px4_msgs/msg/detail/ulog_stream_ack__builder.hpp
[69.388s] -- Up-to-date: /home/pavel/ws_ros2/install/px4_msgs/include/px4_msgs/px4_msgs/msg/detail/distance_sensor__traits.hpp
[69.388s] -- Up-to-date: /home/pavel/ws_ros2/install/px4_msgs/include/px4_msgs/px4_msgs/msg/detail/sensor_baro__traits.hpp
[69.388s] -- Up-to-date: /home/pavel/ws_ros2/install/px4_msgs/include/px4_msgs/px4_msgs/msg/detail/flight_phase_estimation__type_support.hpp
[69.388s] -- Up-to-date: /home/pavel/ws_ros2/install/px4_msgs/include/px4_msgs/px4_msgs/msg/detail/follow_target__struct.hpp
[69.388s] -- Up-to-date: /home/pavel/ws_ros2/install/px4_msgs/include/px4_msgs/px4_msgs/msg/detail/arming_check_reply__traits.hpp
[69.388s] -- Up-to-date: /home/pavel/ws_ros2/install/px4_msgs/include/px4_msgs/px4_msgs/msg/detail/vehicle_imu__builder.hpp
[69.388s] -- Up-to-date: /home/pavel/ws_ros2/install/px4_msgs/include/px4_msgs/px4_msgs/msg/detail/can_interface_status__builder.hpp
[69.388s] -- Up-to-date: /home/pavel/ws_ros2/install/px4_msgs/include/px4_msgs/px4_msgs/msg/detail/message_format_request__type_support.hpp
[69.388s] -- Up-to-date: /home/pavel/ws_ros2/install/px4_msgs/include/px4_msgs/px4_msgs/msg/detail/message_format_request__builder.hpp
[69.388s] -- Up-to-date: /home/pavel/ws_ros2/install/px4_msgs/include/px4_msgs/px4_msgs/msg/detail/yaw_estimator_status__builder.hpp
[69.388s] -- Up-to-date: /home/pavel/ws_ros2/install/px4_msgs/include/px4_msgs/px4_msgs/msg/detail/mag_worker_data__builder.hpp
[69.389s] -- Up-to-date: /home/pavel/ws_ros2/install/px4_msgs/include/px4_msgs/px4_msgs/msg/detail/qshell_req__type_support.hpp
[69.389s] -- Up-to-date: /home/pavel/ws_ros2/install/px4_msgs/include/px4_msgs/px4_msgs/msg/detail/vehicle_optical_flow__builder.hpp
[69.389s] -- Up-to-date: /home/pavel/ws_ros2/install/px4_msgs/include/px4_msgs/px4_msgs/msg/detail/estimator_status_flags__builder.hpp
[69.389s] -- Up-to-date: /home/pavel/ws_ros2/install/px4_msgs/include/px4_msgs/px4_msgs/msg/detail/parameter_reset_request__builder.hpp
[69.389s] -- Up-to-date: /home/pavel/ws_ros2/install/px4_msgs/include/px4_msgs/px4_msgs/msg/detail/rpm__traits.hpp
[69.389s] -- Up-to-date: /home/pavel/ws_ros2/install/px4_msgs/include/px4_msgs/px4_msgs/msg/detail/estimator_selector_status__traits.hpp
[69.389s] -- Up-to-date: /home/pavel/ws_ros2/install/px4_msgs/include/px4_msgs/px4_msgs/msg/detail/orb_test__type_support.hpp
[69.389s] -- Up-to-date: /home/pavel/ws_ros2/install/px4_msgs/include/px4_msgs/px4_msgs/msg/detail/differential_drive_setpoint__builder.hpp
[69.389s] -- Up-to-date: /home/pavel/ws_ros2/install/px4_msgs/include/px4_msgs/px4_msgs/msg/detail/can_interface_status__struct.hpp
[69.389s] -- Up-to-date: /home/pavel/ws_ros2/install/px4_msgs/include/px4_msgs/px4_msgs/msg/detail/gps_dump__builder.hpp
[69.389s] -- Up-to-date: /home/pavel/ws_ros2/install/px4_msgs/include/px4_msgs/px4_msgs/msg/detail/estimator_aid_source3d__type_support.hpp
[69.389s] -- Up-to-date: /home/pavel/ws_ros2/install/px4_msgs/include/px4_msgs/px4_msgs/msg/detail/telemetry_status__type_support.hpp
[69.389s] -- Up-to-date: /home/pavel/ws_ros2/install/px4_msgs/include/px4_msgs/px4_msgs/msg/detail/yaw_estimator_status__traits.hpp
[69.389s] -- Up-to-date: /home/pavel/ws_ros2/install/px4_msgs/include/px4_msgs/px4_msgs/msg/detail/vehicle_roi__type_support.hpp
[69.389s] -- Up-to-date: /home/pavel/ws_ros2/install/px4_msgs/include/px4_msgs/px4_msgs/msg/detail/trajectory_setpoint__struct.hpp
[69.389s] -- Up-to-date: /home/pavel/ws_ros2/install/px4_msgs/include/px4_msgs/px4_msgs/msg/detail/sensor_correction__traits.hpp
[69.390s] -- Up-to-date: /home/pavel/ws_ros2/install/px4_msgs/include/px4_msgs/px4_msgs/msg/detail/collision_report__traits.hpp
[69.390s] -- Up-to-date: /home/pavel/ws_ros2/install/px4_msgs/include/px4_msgs/px4_msgs/msg/detail/hover_thrust_estimate__traits.hpp
[69.390s] -- Up-to-date: /home/pavel/ws_ros2/install/px4_msgs/include/px4_msgs/px4_msgs/msg/detail/telemetry_status__traits.hpp
[69.390s] -- Up-to-date: /home/pavel/ws_ros2/install/px4_msgs/include/px4_msgs/px4_msgs/msg/detail/rc_channels__struct.hpp
[69.390s] -- Up-to-date: /home/pavel/ws_ros2/install/px4_msgs/include/px4_msgs/px4_msgs/msg/detail/message_format_response__traits.hpp
[69.390s] -- Up-to-date: /home/pavel/ws_ros2/install/px4_msgs/include/px4_msgs/px4_msgs/msg/detail/estimator_selector_status__type_support.hpp
[69.390s] -- Up-to-date: /home/pavel/ws_ros2/install/px4_msgs/include/px4_msgs/px4_msgs/msg/detail/config_overrides__type_support.hpp
[69.390s] -- Up-to-date: /home/pavel/ws_ros2/install/px4_msgs/include/px4_msgs/px4_msgs/msg/detail/action_request__struct.hpp
[69.390s] -- Up-to-date: /home/pavel/ws_ros2/install/px4_msgs/include/px4_msgs/px4_msgs/msg/detail/sensor_baro__type_support.hpp
[69.390s] -- Up-to-date: /home/pavel/ws_ros2/install/px4_msgs/include/px4_msgs/px4_msgs/msg/detail/follow_target_estimator__struct.hpp
[69.390s] -- Up-to-date: /home/pavel/ws_ros2/install/px4_msgs/include/px4_msgs/px4_msgs/msg/detail/pwm_input__builder.hpp
[69.390s] -- Up-to-date: /home/pavel/ws_ros2/install/px4_msgs/include/px4_msgs/px4_msgs/msg/detail/actuator_servos_trim__traits.hpp
[69.390s] -- Up-to-date: /home/pavel/ws_ros2/install/px4_msgs/include/px4_msgs/px4_msgs/msg/detail/gimbal_device_attitude_status__builder.hpp
[69.390s] -- Up-to-date: /home/pavel/ws_ros2/install/px4_msgs/include/px4_msgs/px4_msgs/msg/detail/sensor_gyro_fifo__traits.hpp
[69.390s] -- Up-to-date: /home/pavel/ws_ros2/install/px4_msgs/include/px4_msgs/px4_msgs/msg/detail/vtol_vehicle_status__traits.hpp
[69.390s] -- Up-to-date: /home/pavel/ws_ros2/install/px4_msgs/include/px4_msgs/px4_msgs/msg/detail/vehicle_control_mode__traits.hpp
[69.390s] -- Up-to-date: /home/pavel/ws_ros2/install/px4_msgs/include/px4_msgs/px4_msgs/msg/detail/orb_test_medium__traits.hpp
[69.390s] -- Up-to-date: /home/pavel/ws_ros2/install/px4_msgs/include/px4_msgs/px4_msgs/msg/detail/gimbal_manager_status__type_support.hpp
[69.391s] -- Up-to-date: /home/pavel/ws_ros2/install/px4_msgs/include/px4_msgs/px4_msgs/msg/detail/uavcan_parameter_value__type_support.hpp
[69.391s] -- Up-to-date: /home/pavel/ws_ros2/install/px4_msgs/include/px4_msgs/px4_msgs/msg/detail/landing_gear__type_support.hpp
[69.391s] -- Up-to-date: /home/pavel/ws_ros2/install/px4_msgs/include/px4_msgs/px4_msgs/msg/detail/magnetometer_bias_estimate__traits.hpp
[69.391s] -- Up-to-date: /home/pavel/ws_ros2/install/px4_msgs/include/px4_msgs/px4_msgs/msg/detail/pwm_input__type_support.hpp
[69.391s] -- Up-to-date: /home/pavel/ws_ros2/install/px4_msgs/include/px4_msgs/px4_msgs/msg/detail/heater_status__builder.hpp
[69.391s] -- Up-to-date: /home/pavel/ws_ros2/install/px4_msgs/include/px4_msgs/px4_msgs/msg/detail/sensor_mag__builder.hpp
[69.391s] -- Up-to-date: /home/pavel/ws_ros2/install/px4_msgs/include/px4_msgs/px4_msgs/msg/detail/config_overrides__builder.hpp
[69.391s] -- Up-to-date: /home/pavel/ws_ros2/install/px4_msgs/include/px4_msgs/px4_msgs/msg/detail/led_control__type_support.hpp
[69.391s] -- Up-to-date: /home/pavel/ws_ros2/install/px4_msgs/include/px4_msgs/px4_msgs/msg/detail/geofence_result__type_support.hpp
[69.391s] -- Up-to-date: /home/pavel/ws_ros2/install/px4_msgs/include/px4_msgs/px4_msgs/msg/detail/gps_inject_data__traits.hpp
[69.391s] -- Up-to-date: /home/pavel/ws_ros2/install/px4_msgs/include/px4_msgs/px4_msgs/msg/detail/arming_check_request__builder.hpp
[69.391s] -- Up-to-date: /home/pavel/ws_ros2/install/px4_msgs/include/px4_msgs/px4_msgs/msg/detail/buffer128__type_support.hpp
[69.391s] -- Up-to-date: /home/pavel/ws_ros2/install/px4_msgs/include/px4_msgs/px4_msgs/msg/detail/qshell_req__builder.hpp
[69.391s] -- Up-to-date: /home/pavel/ws_ros2/install/px4_msgs/include/px4_msgs/px4_msgs/msg/detail/vehicle_status__traits.hpp
[69.391s] -- Up-to-date: /home/pavel/ws_ros2/install/px4_msgs/include/px4_msgs/px4_msgs/msg/detail/actuator_outputs__builder.hpp
[69.392s] -- Up-to-date: /home/pavel/ws_ros2/install/px4_msgs/include/px4_msgs/px4_msgs/msg/detail/rover_ackermann_guidance_status__struct.hpp
[69.392s] -- Up-to-date: /home/pavel/ws_ros2/install/px4_msgs/include/px4_msgs/px4_msgs/msg/detail/vehicle_imu__type_support.hpp
[69.392s] -- Up-to-date: /home/pavel/ws_ros2/install/px4_msgs/include/px4_msgs/px4_msgs/msg/detail/collision_report__struct.hpp
[69.392s] -- Up-to-date: /home/pavel/ws_ros2/install/px4_msgs/include/px4_msgs/px4_msgs/msg/detail/vehicle_imu__traits.hpp
[69.392s] -- Up-to-date: /home/pavel/ws_ros2/install/px4_msgs/include/px4_msgs/px4_msgs/msg/detail/parameter_set_used_request__traits.hpp
[69.392s] -- Up-to-date: /home/pavel/ws_ros2/install/px4_msgs/include/px4_msgs/px4_msgs/msg/detail/vehicle_global_position__traits.hpp
[69.392s] -- Up-to-date: /home/pavel/ws_ros2/install/px4_msgs/include/px4_msgs/px4_msgs/msg/detail/mag_worker_data__struct.hpp
[69.392s] -- Up-to-date: /home/pavel/ws_ros2/install/px4_msgs/include/px4_msgs/px4_msgs/msg/detail/estimator_event_flags__traits.hpp
[69.392s] -- Up-to-date: /home/pavel/ws_ros2/install/px4_msgs/include/px4_msgs/px4_msgs/msg/detail/mission__traits.hpp
[69.392s] -- Up-to-date: /home/pavel/ws_ros2/install/px4_msgs/include/px4_msgs/px4_msgs/msg/detail/task_stack_info__type_support.hpp
[69.392s] -- Up-to-date: /home/pavel/ws_ros2/install/px4_msgs/include/px4_msgs/px4_msgs/msg/detail/register_ext_component_reply__traits.hpp
[69.392s] -- Up-to-date: /home/pavel/ws_ros2/install/px4_msgs/include/px4_msgs/px4_msgs/msg/detail/gimbal_device_information__builder.hpp
[69.392s] -- Up-to-date: /home/pavel/ws_ros2/install/px4_msgs/include/px4_msgs/px4_msgs/msg/detail/debug_array__struct.hpp
[69.392s] -- Up-to-date: /home/pavel/ws_ros2/install/px4_msgs/include/px4_msgs/px4_msgs/msg/detail/rover_ackermann_guidance_status__builder.hpp
[69.392s] -- Up-to-date: /home/pavel/ws_ros2/install/px4_msgs/include/px4_msgs/px4_msgs/msg/detail/pps_capture__traits.hpp
[69.392s] -- Up-to-date: /home/pavel/ws_ros2/install/px4_msgs/include/px4_msgs/px4_msgs/msg/detail/camera_capture__type_support.hpp
[69.392s] -- Up-to-date: /home/pavel/ws_ros2/install/px4_msgs/include/px4_msgs/px4_msgs/msg/detail/sensor_hygrometer__traits.hpp
[69.392s] -- Up-to-date: /home/pavel/ws_ros2/install/px4_msgs/include/px4_msgs/px4_msgs/msg/detail/actuator_servos__traits.hpp
[69.392s] -- Up-to-date: /home/pavel/ws_ros2/install/px4_msgs/include/px4_msgs/px4_msgs/msg/detail/estimator_event_flags__type_support.hpp
[69.393s] -- Up-to-date: /home/pavel/ws_ros2/install/px4_msgs/include/px4_msgs/px4_msgs/msg/detail/action_request__traits.hpp
[69.393s] -- Up-to-date: /home/pavel/ws_ros2/install/px4_msgs/include/px4_msgs/px4_msgs/msg/detail/vehicle_land_detected__builder.hpp
[69.393s] -- Up-to-date: /home/pavel/ws_ros2/install/px4_msgs/include/px4_msgs/px4_msgs/msg/detail/sensor_hygrometer__type_support.hpp
[69.393s] -- Up-to-date: /home/pavel/ws_ros2/install/px4_msgs/include/px4_msgs/px4_msgs/msg/detail/gps_inject_data__type_support.hpp
[69.393s] -- Up-to-date: /home/pavel/ws_ros2/install/px4_msgs/include/px4_msgs/px4_msgs/msg/detail/gpio_out__type_support.hpp
[69.393s] -- Up-to-date: /home/pavel/ws_ros2/install/px4_msgs/include/px4_msgs/px4_msgs/msg/detail/message_format_request__struct.hpp
[69.393s] -- Up-to-date: /home/pavel/ws_ros2/install/px4_msgs/include/px4_msgs/px4_msgs/msg/detail/sensor_combined__builder.hpp
[69.393s] -- Up-to-date: /home/pavel/ws_ros2/install/px4_msgs/include/px4_msgs/px4_msgs/msg/detail/orb_test_large__builder.hpp
[69.393s] -- Up-to-date: /home/pavel/ws_ros2/install/px4_msgs/include/px4_msgs/px4_msgs/msg/detail/vehicle_control_mode__builder.hpp
[69.393s] -- Up-to-date: /home/pavel/ws_ros2/install/px4_msgs/include/px4_msgs/px4_msgs/msg/detail/autotune_attitude_control_status__traits.hpp
[69.393s] -- Up-to-date: /home/pavel/ws_ros2/install/px4_msgs/include/px4_msgs/px4_msgs/msg/detail/home_position__struct.hpp
[69.393s] -- Up-to-date: /home/pavel/ws_ros2/install/px4_msgs/include/px4_msgs/px4_msgs/msg/detail/estimator_states__struct.hpp
[69.393s] -- Up-to-date: /home/pavel/ws_ros2/install/px4_msgs/include/px4_msgs/px4_msgs/msg/detail/cpuload__traits.hpp
[69.393s] -- Up-to-date: /home/pavel/ws_ros2/install/px4_msgs/include/px4_msgs/px4_msgs/msg/detail/adc_report__traits.hpp
[69.393s] -- Up-to-date: /home/pavel/ws_ros2/install/px4_msgs/include/px4_msgs/px4_msgs/msg/detail/estimator_gps_status__traits.hpp
[69.393s] -- Up-to-date: /home/pavel/ws_ros2/install/px4_msgs/include/px4_msgs/px4_msgs/msg/detail/sensor_preflight_mag__builder.hpp
[69.393s] -- Up-to-date: /home/pavel/ws_ros2/install/px4_msgs/include/px4_msgs/px4_msgs/msg/detail/actuator_motors__traits.hpp
[69.393s] -- Up-to-date: /home/pavel/ws_ros2/install/px4_msgs/include/px4_msgs/px4_msgs/msg/detail/sensor_accel__traits.hpp
[69.393s] -- Up-to-date: /home/pavel/ws_ros2/install/px4_msgs/include/px4_msgs/px4_msgs/msg/detail/geofence_status__struct.hpp
[69.393s] -- Up-to-date: /home/pavel/ws_ros2/install/px4_msgs/include/px4_msgs/px4_msgs/msg/detail/trajectory_waypoint__builder.hpp
[69.393s] -- Up-to-date: /home/pavel/ws_ros2/install/px4_msgs/include/px4_msgs/px4_msgs/msg/detail/gimbal_device_set_attitude__traits.hpp
[69.394s] -- Up-to-date: /home/pavel/ws_ros2/install/px4_msgs/include/px4_msgs/px4_msgs/msg/detail/estimator_status__traits.hpp
[69.394s] -- Up-to-date: /home/pavel/ws_ros2/install/px4_msgs/include/px4_msgs/px4_msgs/msg/detail/obstacle_distance__builder.hpp
[69.394s] -- Up-to-date: /home/pavel/ws_ros2/install/px4_msgs/include/px4_msgs/px4_msgs/msg/detail/uavcan_parameter_request__builder.hpp
[69.394s] -- Up-to-date: /home/pavel/ws_ros2/install/px4_msgs/include/px4_msgs/px4_msgs/msg/detail/vehicle_control_mode__type_support.hpp
[69.394s] -- Up-to-date: /home/pavel/ws_ros2/install/px4_msgs/include/px4_msgs/px4_msgs/msg/detail/vehicle_command_ack__builder.hpp
[69.394s] -- Up-to-date: /home/pavel/ws_ros2/install/px4_msgs/include/px4_msgs/px4_msgs/msg/detail/mission_result__builder.hpp
[69.394s] -- Up-to-date: /home/pavel/ws_ros2/install/px4_msgs/include/px4_msgs/px4_msgs/msg/detail/goto_setpoint__type_support.hpp
[69.394s] -- Up-to-date: /home/pavel/ws_ros2/install/px4_msgs/include/px4_msgs/px4_msgs/msg/detail/debug_key_value__builder.hpp
[69.394s] -- Up-to-date: /home/pavel/ws_ros2/install/px4_msgs/include/px4_msgs/px4_msgs/msg/detail/vehicle_command_ack__type_support.hpp
[69.394s] -- Up-to-date: /home/pavel/ws_ros2/install/px4_msgs/include/px4_msgs/px4_msgs/msg/detail/health_report__type_support.hpp
[69.394s] -- Up-to-date: /home/pavel/ws_ros2/install/px4_msgs/include/px4_msgs/px4_msgs/msg/detail/vehicle_torque_setpoint__struct.hpp
[69.394s] -- Up-to-date: /home/pavel/ws_ros2/install/px4_msgs/include/px4_msgs/px4_msgs/msg/detail/sensor_gyro__traits.hpp
[69.394s] -- Up-to-date: /home/pavel/ws_ros2/install/px4_msgs/include/px4_msgs/px4_msgs/msg/detail/landing_gear__builder.hpp
[69.394s] -- Up-to-date: /home/pavel/ws_ros2/install/px4_msgs/include/px4_msgs/px4_msgs/msg/detail/esc_status__type_support.hpp
[69.394s] -- Up-to-date: /home/pavel/ws_ros2/install/px4_msgs/include/px4_msgs/px4_msgs/msg/detail/parameter_reset_request__struct.hpp
[69.394s] -- Up-to-date: /home/pavel/ws_ros2/install/px4_msgs/include/px4_msgs/px4_msgs/msg/detail/mavlink_log__builder.hpp
[69.394s] -- Up-to-date: /home/pavel/ws_ros2/install/px4_msgs/include/px4_msgs/px4_msgs/msg/detail/power_button_state__type_support.hpp
[69.394s] -- Up-to-date: /home/pavel/ws_ros2/install/px4_msgs/include/px4_msgs/px4_msgs/msg/detail/qshell_req__struct.hpp
[69.394s] -- Up-to-date: /home/pavel/ws_ros2/install/px4_msgs/include/px4_msgs/px4_msgs/msg/detail/esc_status__traits.hpp
[69.394s] -- Up-to-date: /home/pavel/ws_ros2/install/px4_msgs/include/px4_msgs/px4_msgs/msg/detail/vehicle_imu_status__traits.hpp
[69.394s] -- Up-to-date: /home/pavel/ws_ros2/install/px4_msgs/include/px4_msgs/px4_msgs/msg/detail/home_position__builder.hpp
[69.395s] -- Up-to-date: /home/pavel/ws_ros2/install/px4_msgs/include/px4_msgs/px4_msgs/msg/detail/airspeed_wind__traits.hpp
[69.395s] -- Up-to-date: /home/pavel/ws_ros2/install/px4_msgs/include/px4_msgs/px4_msgs/msg/detail/sensor_airflow__type_support.hpp
[69.395s] -- Up-to-date: /home/pavel/ws_ros2/install/px4_msgs/include/px4_msgs/px4_msgs/msg/detail/satellite_info__builder.hpp
[69.395s] -- Up-to-date: /home/pavel/ws_ros2/install/px4_msgs/include/px4_msgs/px4_msgs/msg/detail/ping__type_support.hpp
[69.395s] -- Up-to-date: /home/pavel/ws_ros2/install/px4_msgs/include/px4_msgs/px4_msgs/msg/detail/gps_inject_data__struct.hpp
[69.395s] -- Up-to-date: /home/pavel/ws_ros2/install/px4_msgs/include/px4_msgs/px4_msgs/msg/detail/follow_target_status__type_support.hpp
[69.395s] -- Up-to-date: /home/pavel/ws_ros2/install/px4_msgs/include/px4_msgs/px4_msgs/msg/detail/vehicle_land_detected__traits.hpp
[69.395s] -- Up-to-date: /home/pavel/ws_ros2/install/px4_msgs/include/px4_msgs/px4_msgs/msg/detail/sensor_gnss_relative__traits.hpp
[69.395s] -- Up-to-date: /home/pavel/ws_ros2/install/px4_msgs/include/px4_msgs/px4_msgs/msg/detail/actuator_motors__builder.hpp
[69.395s] -- Up-to-date: /home/pavel/ws_ros2/install/px4_msgs/include/px4_msgs/px4_msgs/msg/detail/geofence_result__struct.hpp
[69.395s] -- Up-to-date: /home/pavel/ws_ros2/install/px4_msgs/include/px4_msgs/px4_msgs/msg/detail/failsafe_flags__struct.hpp
[69.395s] -- Up-to-date: /home/pavel/ws_ros2/install/px4_msgs/include/px4_msgs/px4_msgs/msg/detail/dataman_request__type_support.hpp
[69.395s] -- Up-to-date: /home/pavel/ws_ros2/install/px4_msgs/include/px4_msgs/px4_msgs/msg/detail/landing_target_pose__struct.hpp
[69.395s] -- Up-to-date: /home/pavel/ws_ros2/install/px4_msgs/include/px4_msgs/px4_msgs/msg/detail/camera_trigger__traits.hpp
[69.395s] -- Up-to-date: /home/pavel/ws_ros2/install/px4_msgs/include/px4_msgs/px4_msgs/msg/detail/camera_status__type_support.hpp
[69.395s] -- Up-to-date: /home/pavel/ws_ros2/install/px4_msgs/include/px4_msgs/px4_msgs/msg/detail/sensor_combined__type_support.hpp
[69.395s] -- Up-to-date: /home/pavel/ws_ros2/install/px4_msgs/include/px4_msgs/px4_msgs/msg/detail/mag_worker_data__type_support.hpp
[69.395s] -- Up-to-date: /home/pavel/ws_ros2/install/px4_msgs/include/px4_msgs/px4_msgs/msg/detail/sensor_uwb__traits.hpp
[69.395s] -- Up-to-date: /home/pavel/ws_ros2/install/px4_msgs/include/px4_msgs/px4_msgs/msg/detail/rate_ctrl_status__struct.hpp
[69.395s] -- Up-to-date: /home/pavel/ws_ros2/install/px4_msgs/include/px4_msgs/px4_msgs/msg/detail/sensor_selection__builder.hpp
[69.395s] -- Up-to-date: /home/pavel/ws_ros2/install/px4_msgs/include/px4_msgs/px4_msgs/msg/detail/wind__builder.hpp
[69.395s] -- Up-to-date: /home/pavel/ws_ros2/install/px4_msgs/include/px4_msgs/px4_msgs/msg/detail/message_format_request__traits.hpp
[69.396s] -- Up-to-date: /home/pavel/ws_ros2/install/px4_msgs/include/px4_msgs/px4_msgs/msg/detail/vehicle_optical_flow__type_support.hpp
[69.396s] -- Up-to-date: /home/pavel/ws_ros2/install/px4_msgs/include/px4_msgs/px4_msgs/msg/detail/event__builder.hpp
[69.396s] -- Up-to-date: /home/pavel/ws_ros2/install/px4_msgs/include/px4_msgs/px4_msgs/msg/detail/tiltrotor_extra_controls__traits.hpp
[69.396s] -- Up-to-date: /home/pavel/ws_ros2/install/px4_msgs/include/px4_msgs/px4_msgs/msg/detail/vehicle_attitude__struct.hpp
[69.396s] -- Up-to-date: /home/pavel/ws_ros2/install/px4_msgs/include/px4_msgs/px4_msgs/msg/detail/esc_status__struct.hpp
[69.396s] -- Up-to-date: /home/pavel/ws_ros2/install/px4_msgs/include/px4_msgs/px4_msgs/msg/detail/iridiumsbd_status__traits.hpp
[69.396s] -- Up-to-date: /home/pavel/ws_ros2/install/px4_msgs/include/px4_msgs/px4_msgs/msg/detail/figure_eight_status__type_support.hpp
[69.396s] -- Up-to-date: /home/pavel/ws_ros2/install/px4_msgs/include/px4_msgs/px4_msgs/msg/detail/vehicle_optical_flow_vel__traits.hpp
[69.396s] -- Up-to-date: /home/pavel/ws_ros2/install/px4_msgs/include/px4_msgs/px4_msgs/msg/detail/wheel_encoders__traits.hpp
[69.396s] -- Up-to-date: /home/pavel/ws_ros2/install/px4_msgs/include/px4_msgs/px4_msgs/msg/detail/vehicle_command__type_support.hpp
[69.396s] -- Up-to-date: /home/pavel/ws_ros2/install/px4_msgs/include/px4_msgs/px4_msgs/msg/detail/internal_combustion_engine_status__type_support.hpp
[69.396s] -- Up-to-date: /home/pavel/ws_ros2/install/px4_msgs/include/px4_msgs/px4_msgs/msg/detail/mission_result__type_support.hpp
[69.396s] -- Up-to-date: /home/pavel/ws_ros2/install/px4_msgs/include/px4_msgs/px4_msgs/msg/detail/health_report__traits.hpp
[69.396s] -- Up-to-date: /home/pavel/ws_ros2/install/px4_msgs/include/px4_msgs/px4_msgs/msg/detail/actuator_outputs__type_support.hpp
[69.396s] -- Up-to-date: /home/pavel/ws_ros2/install/px4_msgs/include/px4_msgs/px4_msgs/msg/detail/failure_detector_status__type_support.hpp
[69.396s] -- Up-to-date: /home/pavel/ws_ros2/install/px4_msgs/include/px4_msgs/px4_msgs/msg/detail/tiltrotor_extra_controls__struct.hpp
[69.396s] -- Up-to-date: /home/pavel/ws_ros2/install/px4_msgs/include/px4_msgs/px4_msgs/msg/detail/sensor_accel_fifo__traits.hpp
[69.396s] -- Up-to-date: /home/pavel/ws_ros2/install/px4_msgs/include/px4_msgs/px4_msgs/msg/detail/airspeed_validated__struct.hpp
[69.396s] -- Up-to-date: /home/pavel/ws_ros2/install/px4_msgs/include/px4_msgs/px4_msgs/msg/detail/onboard_computer_status__builder.hpp
[69.396s] -- Up-to-date: /home/pavel/ws_ros2/install/px4_msgs/include/px4_msgs/px4_msgs/msg/detail/qshell_retval__builder.hpp
[69.396s] -- Up-to-date: /home/pavel/ws_ros2/install/px4_msgs/include/px4_msgs/px4_msgs/msg/detail/uavcan_parameter_request__type_support.hpp
[69.397s] -- Up-to-date: /home/pavel/ws_ros2/install/px4_msgs/include/px4_msgs/px4_msgs/msg/detail/vehicle_acceleration__struct.hpp
[69.397s] -- Up-to-date: /home/pavel/ws_ros2/install/px4_msgs/include/px4_msgs/px4_msgs/msg/detail/control_allocator_status__traits.hpp
[69.397s] -- Up-to-date: /home/pavel/ws_ros2/install/px4_msgs/include/px4_msgs/px4_msgs/msg/detail/orb_test_large__type_support.hpp
[69.397s] -- Up-to-date: /home/pavel/ws_ros2/install/px4_msgs/include/px4_msgs/px4_msgs/msg/detail/health_report__builder.hpp
[69.397s] -- Up-to-date: /home/pavel/ws_ros2/install/px4_msgs/include/px4_msgs/px4_msgs/msg/detail/vehicle_status__struct.hpp
[69.397s] -- Up-to-date: /home/pavel/ws_ros2/install/px4_msgs/include/px4_msgs/px4_msgs/msg/detail/failsafe_flags__traits.hpp
[69.397s] -- Up-to-date: /home/pavel/ws_ros2/install/px4_msgs/include/px4_msgs/px4_msgs/msg/detail/sensor_combined__traits.hpp
[69.397s] -- Up-to-date: /home/pavel/ws_ros2/install/px4_msgs/include/px4_msgs/px4_msgs/msg/detail/vehicle_constraints__builder.hpp
[69.397s] -- Up-to-date: /home/pavel/ws_ros2/install/px4_msgs/include/px4_msgs/px4_msgs/msg/detail/input_rc__builder.hpp
[69.397s] -- Up-to-date: /home/pavel/ws_ros2/install/px4_msgs/include/px4_msgs/px4_msgs/msg/detail/debug_key_value__type_support.hpp
[69.397s] -- Up-to-date: /home/pavel/ws_ros2/install/px4_msgs/include/px4_msgs/px4_msgs/msg/detail/event__type_support.hpp
[69.397s] -- Up-to-date: /home/pavel/ws_ros2/install/px4_msgs/include/px4_msgs/px4_msgs/msg/detail/system_power__builder.hpp
[69.397s] -- Up-to-date: /home/pavel/ws_ros2/install/px4_msgs/include/px4_msgs/px4_msgs/msg/detail/mount_orientation__builder.hpp
[69.397s] -- Up-to-date: /home/pavel/ws_ros2/install/px4_msgs/include/px4_msgs/px4_msgs/msg/detail/sensor_correction__type_support.hpp
[69.397s] -- Up-to-date: /home/pavel/ws_ros2/install/px4_msgs/include/px4_msgs/px4_msgs/msg/detail/vehicle_trajectory_waypoint__struct.hpp
[69.397s] -- Up-to-date: /home/pavel/ws_ros2/install/px4_msgs/include/px4_msgs/px4_msgs/msg/detail/parameter_set_value_request__builder.hpp
[69.397s] -- Up-to-date: /home/pavel/ws_ros2/install/px4_msgs/include/px4_msgs/px4_msgs/msg/detail/vehicle_trajectory_bezier__builder.hpp
[69.397s] -- Up-to-date: /home/pavel/ws_ros2/install/px4_msgs/include/px4_msgs/px4_msgs/msg/detail/landing_gear__struct.hpp
[69.397s] -- Up-to-date: /home/pavel/ws_ros2/install/px4_msgs/include/px4_msgs/px4_msgs/msg/detail/timesync_status__type_support.hpp
[69.397s] -- Up-to-date: /home/pavel/ws_ros2/install/px4_msgs/include/px4_msgs/px4_msgs/msg/detail/distance_sensor__type_support.hpp
[69.398s] -- Up-to-date: /home/pavel/ws_ros2/install/px4_msgs/include/px4_msgs/px4_msgs/msg/detail/estimator_bias__struct.hpp
[69.398s] -- Up-to-date: /home/pavel/ws_ros2/install/px4_msgs/include/px4_msgs/px4_msgs/msg/detail/ulog_stream__type_support.hpp
[69.398s] -- Up-to-date: /home/pavel/ws_ros2/install/px4_msgs/include/px4_msgs/px4_msgs/msg/detail/sensor_selection__traits.hpp
[69.398s] -- Up-to-date: /home/pavel/ws_ros2/install/px4_msgs/include/px4_msgs/px4_msgs/msg/detail/iridiumsbd_status__builder.hpp
[69.398s] -- Up-to-date: /home/pavel/ws_ros2/install/px4_msgs/include/px4_msgs/px4_msgs/msg/detail/gimbal_device_attitude_status__struct.hpp
[69.398s] -- Up-to-date: /home/pavel/ws_ros2/install/px4_msgs/include/px4_msgs/px4_msgs/msg/detail/vehicle_air_data__traits.hpp
[69.398s] -- Up-to-date: /home/pavel/ws_ros2/install/px4_msgs/include/px4_msgs/px4_msgs/msg/detail/gripper__struct.hpp
[69.398s] -- Up-to-date: /home/pavel/ws_ros2/install/px4_msgs/include/px4_msgs/px4_msgs/msg/detail/position_controller_status__type_support.hpp
[69.398s] -- Up-to-date: /home/pavel/ws_ros2/install/px4_msgs/include/px4_msgs/px4_msgs/msg/detail/gpio_request__traits.hpp
[69.398s] -- Up-to-date: /home/pavel/ws_ros2/install/px4_msgs/include/px4_msgs/px4_msgs/msg/detail/unregister_ext_component__type_support.hpp
[69.398s] -- Up-to-date: /home/pavel/ws_ros2/install/px4_msgs/include/px4_msgs/px4_msgs/msg/detail/rtl_status__traits.hpp
[69.398s] -- Up-to-date: /home/pavel/ws_ros2/install/px4_msgs/include/px4_msgs/px4_msgs/msg/detail/vehicle_command_ack__traits.hpp
[69.398s] -- Up-to-date: /home/pavel/ws_ros2/install/px4_msgs/include/px4_msgs/px4_msgs/msg/detail/adc_report__struct.hpp
[69.398s] -- Up-to-date: /home/pavel/ws_ros2/install/px4_msgs/include/px4_msgs/px4_msgs/msg/detail/rtl_status__type_support.hpp
[69.398s] -- Up-to-date: /home/pavel/ws_ros2/install/px4_msgs/include/px4_msgs/px4_msgs/msg/detail/vtol_vehicle_status__builder.hpp
[69.398s] -- Up-to-date: /home/pavel/ws_ros2/install/px4_msgs/include/px4_msgs/px4_msgs/msg/detail/fuel_tank_status__traits.hpp
[69.398s] -- Up-to-date: /home/pavel/ws_ros2/install/px4_msgs/include/px4_msgs/px4_msgs/msg/detail/sensor_mag__traits.hpp
[69.398s] -- Up-to-date: /home/pavel/ws_ros2/install/px4_msgs/include/px4_msgs/px4_msgs/msg/detail/actuator_armed__type_support.hpp
[69.398s] -- Up-to-date: /home/pavel/ws_ros2/install/px4_msgs/include/px4_msgs/px4_msgs/msg/detail/parameter_update__type_support.hpp
[69.398s] -- Up-to-date: /home/pavel/ws_ros2/install/px4_msgs/include/px4_msgs/px4_msgs/msg/detail/follow_target__type_support.hpp
[69.398s] -- Up-to-date: /home/pavel/ws_ros2/install/px4_msgs/include/px4_msgs/px4_msgs/msg/detail/rate_ctrl_status__type_support.hpp
[69.398s] -- Up-to-date: /home/pavel/ws_ros2/install/px4_msgs/include/px4_msgs/px4_msgs/msg/detail/parameter_set_value_request__traits.hpp
[69.399s] -- Up-to-date: /home/pavel/ws_ros2/install/px4_msgs/include/px4_msgs/px4_msgs/msg/detail/vehicle_odometry__builder.hpp
[69.399s] -- Up-to-date: /home/pavel/ws_ros2/install/px4_msgs/include/px4_msgs/px4_msgs/msg/detail/follow_target_status__builder.hpp
[69.399s] -- Up-to-date: /home/pavel/ws_ros2/install/px4_msgs/include/px4_msgs/px4_msgs/msg/detail/landing_gear_wheel__struct.hpp
[69.399s] -- Up-to-date: /home/pavel/ws_ros2/install/px4_msgs/include/px4_msgs/px4_msgs/msg/detail/tecs_status__builder.hpp
[69.399s] -- Up-to-date: /home/pavel/ws_ros2/install/px4_msgs/include/px4_msgs/px4_msgs/msg/detail/buffer128__traits.hpp
[69.399s] -- Up-to-date: /home/pavel/ws_ros2/install/px4_msgs/include/px4_msgs/px4_msgs/msg/detail/mag_worker_data__traits.hpp
[69.399s] -- Up-to-date: /home/pavel/ws_ros2/install/px4_msgs/include/px4_msgs/px4_msgs/msg/detail/position_setpoint__struct.hpp
[69.399s] -- Up-to-date: /home/pavel/ws_ros2/install/px4_msgs/include/px4_msgs/px4_msgs/msg/detail/vehicle_magnetometer__type_support.hpp
[69.399s] -- Up-to-date: /home/pavel/ws_ros2/install/px4_msgs/include/px4_msgs/px4_msgs/msg/detail/input_rc__type_support.hpp
[69.399s] -- Up-to-date: /home/pavel/ws_ros2/install/px4_msgs/include/px4_msgs/px4_msgs/msg/detail/rtl_time_estimate__type_support.hpp
[69.399s] -- Up-to-date: /home/pavel/ws_ros2/install/px4_msgs/include/px4_msgs/px4_msgs/msg/detail/sensor_gyro_fifo__builder.hpp
[69.399s] -- Up-to-date: /home/pavel/ws_ros2/install/px4_msgs/include/px4_msgs/px4_msgs/msg/detail/vehicle_global_position__struct.hpp
[69.399s] -- Up-to-date: /home/pavel/ws_ros2/install/px4_msgs/include/px4_msgs/px4_msgs/msg/detail/figure_eight_status__traits.hpp
[69.399s] -- Up-to-date: /home/pavel/ws_ros2/install/px4_msgs/include/px4_msgs/px4_msgs/msg/detail/position_setpoint__type_support.hpp
[69.399s] -- Up-to-date: /home/pavel/ws_ros2/install/px4_msgs/include/px4_msgs/px4_msgs/msg/detail/ping__builder.hpp
[69.399s] -- Up-to-date: /home/pavel/ws_ros2/install/px4_msgs/include/px4_msgs/px4_msgs/msg/detail/parameter_set_value_response__struct.hpp
[69.399s] -- Up-to-date: /home/pavel/ws_ros2/install/px4_msgs/include/px4_msgs/px4_msgs/msg/detail/internal_combustion_engine_status__builder.hpp
[69.399s] -- Up-to-date: /home/pavel/ws_ros2/install/px4_msgs/include/px4_msgs/px4_msgs/msg/detail/vehicle_imu_status__struct.hpp
[69.399s] -- Up-to-date: /home/pavel/ws_ros2/install/px4_msgs/include/px4_msgs/px4_msgs/msg/detail/vehicle_command__struct.hpp
[69.399s] -- Up-to-date: /home/pavel/ws_ros2/install/px4_msgs/include/px4_msgs/px4_msgs/msg/detail/px4io_status__builder.hpp
[69.399s] -- Up-to-date: /home/pavel/ws_ros2/install/px4_msgs/include/px4_msgs/px4_msgs/msg/detail/power_button_state__builder.hpp
[69.399s] -- Up-to-date: /home/pavel/ws_ros2/install/px4_msgs/include/px4_msgs/px4_msgs/msg/detail/px4io_status__type_support.hpp
[69.400s] -- Up-to-date: /home/pavel/ws_ros2/install/px4_msgs/include/px4_msgs/px4_msgs/msg/detail/landing_target_innovations__struct.hpp
[69.400s] -- Up-to-date: /home/pavel/ws_ros2/install/px4_msgs/include/px4_msgs/px4_msgs/msg/detail/battery_status__struct.hpp
[69.400s] -- Up-to-date: /home/pavel/ws_ros2/install/px4_msgs/include/px4_msgs/px4_msgs/msg/detail/estimator_status__type_support.hpp
[69.400s] -- Up-to-date: /home/pavel/ws_ros2/install/px4_msgs/include/px4_msgs/px4_msgs/msg/detail/vehicle_constraints__struct.hpp
[69.400s] -- Up-to-date: /home/pavel/ws_ros2/install/px4_msgs/include/px4_msgs/px4_msgs/msg/detail/vehicle_angular_acceleration_setpoint__struct.hpp
[69.400s] -- Up-to-date: /home/pavel/ws_ros2/install/px4_msgs/include/px4_msgs/px4_msgs/msg/detail/orbit_status__builder.hpp
[69.400s] -- Up-to-date: /home/pavel/ws_ros2/install/px4_msgs/include/px4_msgs/px4_msgs/msg/detail/vehicle_thrust_setpoint__builder.hpp
[69.400s] -- Up-to-date: /home/pavel/ws_ros2/install/px4_msgs/include/px4_msgs/px4_msgs/msg/detail/trajectory_setpoint__traits.hpp
[69.400s] -- Up-to-date: /home/pavel/ws_ros2/install/px4_msgs/include/px4_msgs/px4_msgs/msg/detail/trajectory_bezier__builder.hpp
[69.400s] -- Up-to-date: /home/pavel/ws_ros2/install/px4_msgs/include/px4_msgs/px4_msgs/msg/detail/rc_channels__type_support.hpp
[69.400s] -- Up-to-date: /home/pavel/ws_ros2/install/px4_msgs/include/px4_msgs/px4_msgs/msg/detail/pwm_input__struct.hpp
[69.400s] -- Up-to-date: /home/pavel/ws_ros2/install/px4_msgs/include/px4_msgs/px4_msgs/msg/detail/debug_vect__traits.hpp
[69.400s] -- Up-to-date: /home/pavel/ws_ros2/install/px4_msgs/include/px4_msgs/px4_msgs/msg/detail/position_setpoint_triplet__traits.hpp
[69.400s] -- Up-to-date: /home/pavel/ws_ros2/install/px4_msgs/include/px4_msgs/px4_msgs/msg/detail/qshell_retval__type_support.hpp
[69.400s] -- Up-to-date: /home/pavel/ws_ros2/install/px4_msgs/include/px4_msgs/px4_msgs/msg/detail/autotune_attitude_control_status__builder.hpp
[69.400s] -- Up-to-date: /home/pavel/ws_ros2/install/px4_msgs/include/px4_msgs/px4_msgs/msg/detail/vehicle_angular_acceleration_setpoint__type_support.hpp
[69.400s] -- Up-to-date: /home/pavel/ws_ros2/install/px4_msgs/include/px4_msgs/px4_msgs/msg/detail/register_ext_component_request__traits.hpp
[69.400s] -- Up-to-date: /home/pavel/ws_ros2/install/px4_msgs/include/px4_msgs/px4_msgs/msg/detail/estimator_selector_status__struct.hpp
[69.400s] -- Up-to-date: /home/pavel/ws_ros2/install/px4_msgs/include/px4_msgs/px4_msgs/msg/detail/ulog_stream__traits.hpp
[69.400s] -- Up-to-date: /home/pavel/ws_ros2/install/px4_msgs/include/px4_msgs/px4_msgs/msg/detail/differential_drive_setpoint__traits.hpp
[69.400s] -- Up-to-date: /home/pavel/ws_ros2/install/px4_msgs/include/px4_msgs/px4_msgs/msg/detail/cellular_status__struct.hpp
[69.401s] -- Up-to-date: /home/pavel/ws_ros2/install/px4_msgs/include/px4_msgs/px4_msgs/msg/detail/control_allocator_status__struct.hpp
[69.401s] -- Up-to-date: /home/pavel/ws_ros2/install/px4_msgs/include/px4_msgs/px4_msgs/msg/detail/estimator_bias3d__struct.hpp
[69.401s] -- Up-to-date: /home/pavel/ws_ros2/install/px4_msgs/include/px4_msgs/px4_msgs/msg/detail/camera_status__builder.hpp
[69.401s] -- Up-to-date: /home/pavel/ws_ros2/install/px4_msgs/include/px4_msgs/px4_msgs/msg/detail/vehicle_trajectory_waypoint__traits.hpp
[69.401s] -- Up-to-date: /home/pavel/ws_ros2/install/px4_msgs/include/px4_msgs/px4_msgs/msg/detail/normalized_unsigned_setpoint__traits.hpp
[69.401s] -- Up-to-date: /home/pavel/ws_ros2/install/px4_msgs/include/px4_msgs/px4_msgs/msg/detail/trajectory_bezier__traits.hpp
[69.401s] -- Up-to-date: /home/pavel/ws_ros2/install/px4_msgs/include/px4_msgs/px4_msgs/msg/detail/timesync_status__struct.hpp
[69.401s] -- Up-to-date: /home/pavel/ws_ros2/install/px4_msgs/include/px4_msgs/px4_msgs/msg/detail/internal_combustion_engine_status__struct.hpp
[69.401s] -- Up-to-date: /home/pavel/ws_ros2/install/px4_msgs/include/px4_msgs/px4_msgs/msg/detail/iridiumsbd_status__struct.hpp
[69.401s] -- Up-to-date: /home/pavel/ws_ros2/install/px4_msgs/include/px4_msgs/px4_msgs/msg/detail/generator_status__builder.hpp
[69.401s] -- Up-to-date: /home/pavel/ws_ros2/install/px4_msgs/include/px4_msgs/px4_msgs/msg/detail/sensor_accel_fifo__type_support.hpp
[69.401s] -- Up-to-date: /home/pavel/ws_ros2/install/px4_msgs/include/px4_msgs/px4_msgs/msg/detail/estimator_aid_source3d__struct.hpp
[69.401s] -- Up-to-date: /home/pavel/ws_ros2/install/px4_msgs/include/px4_msgs/px4_msgs/msg/detail/power_button_state__traits.hpp
[69.401s] -- Up-to-date: /home/pavel/ws_ros2/install/px4_msgs/include/px4_msgs/px4_msgs/msg/detail/gimbal_controls__struct.hpp
[69.401s] -- Up-to-date: /home/pavel/ws_ros2/install/px4_msgs/include/px4_msgs/px4_msgs/msg/detail/sensor_gyro_fft__type_support.hpp
[69.401s] -- Up-to-date: /home/pavel/ws_ros2/install/px4_msgs/include/px4_msgs/px4_msgs/msg/detail/gimbal_manager_information__type_support.hpp
[69.401s] -- Up-to-date: /home/pavel/ws_ros2/install/px4_msgs/include/px4_msgs/px4_msgs/msg/detail/vehicle_rates_setpoint__builder.hpp
[69.401s] -- Up-to-date: /home/pavel/ws_ros2/install/px4_msgs/include/px4_msgs/px4_msgs/msg/detail/actuator_armed__struct.hpp
[69.401s] -- Up-to-date: /home/pavel/ws_ros2/install/px4_msgs/include/px4_msgs/px4_msgs/msg/detail/takeoff_status__traits.hpp
[69.401s] -- Up-to-date: /home/pavel/ws_ros2/install/px4_msgs/include/px4_msgs/px4_msgs/msg/detail/vehicle_optical_flow_vel__builder.hpp
[69.401s] -- Up-to-date: /home/pavel/ws_ros2/install/px4_msgs/include/px4_msgs/px4_msgs/msg/detail/vtol_vehicle_status__struct.hpp
[69.402s] -- Up-to-date: /home/pavel/ws_ros2/install/px4_msgs/include/px4_msgs/px4_msgs/msg/detail/heater_status__traits.hpp
[69.402s] -- Up-to-date: /home/pavel/ws_ros2/install/px4_msgs/include/px4_msgs/px4_msgs/msg/detail/arming_check_request__type_support.hpp
[69.402s] -- Up-to-date: /home/pavel/ws_ros2/install/px4_msgs/include/px4_msgs/px4_msgs/msg/detail/gps_dump__struct.hpp
[69.402s] -- Up-to-date: /home/pavel/ws_ros2/install/px4_msgs/include/px4_msgs/px4_msgs/msg/detail/navigator_mission_item__type_support.hpp
[69.402s] -- Up-to-date: /home/pavel/ws_ros2/install/px4_msgs/include/px4_msgs/px4_msgs/msg/detail/vehicle_constraints__traits.hpp
[69.402s] -- Up-to-date: /home/pavel/ws_ros2/install/px4_msgs/include/px4_msgs/px4_msgs/msg/detail/distance_sensor__struct.hpp
[69.402s] -- Up-to-date: /home/pavel/ws_ros2/install/px4_msgs/include/px4_msgs/px4_msgs/msg/detail/transponder_report__type_support.hpp
[69.402s] -- Up-to-date: /home/pavel/ws_ros2/install/px4_msgs/include/px4_msgs/px4_msgs/msg/detail/vehicle_command_ack__struct.hpp
[69.402s] -- Up-to-date: /home/pavel/ws_ros2/install/px4_msgs/include/px4_msgs/px4_msgs/msg/detail/follow_target_status__traits.hpp
[69.402s] -- Up-to-date: /home/pavel/ws_ros2/install/px4_msgs/include/px4_msgs/px4_msgs/msg/detail/log_message__type_support.hpp
[69.402s] -- Up-to-date: /home/pavel/ws_ros2/install/px4_msgs/include/px4_msgs/px4_msgs/msg/detail/power_monitor__traits.hpp
[69.402s] -- Up-to-date: /home/pavel/ws_ros2/install/px4_msgs/include/px4_msgs/px4_msgs/msg/detail/ulog_stream_ack__traits.hpp
[69.402s] -- Up-to-date: /home/pavel/ws_ros2/install/px4_msgs/include/px4_msgs/px4_msgs/msg/detail/sensor_preflight_mag__type_support.hpp
[69.402s] -- Up-to-date: /home/pavel/ws_ros2/install/px4_msgs/include/px4_msgs/px4_msgs/msg/detail/vehicle_constraints__type_support.hpp
[69.402s] -- Up-to-date: /home/pavel/ws_ros2/install/px4_msgs/include/px4_msgs/px4_msgs/msg/detail/control_allocator_status__type_support.hpp
[69.402s] -- Up-to-date: /home/pavel/ws_ros2/install/px4_msgs/include/px4_msgs/px4_msgs/msg/detail/mission_result__struct.hpp
[69.402s] -- Up-to-date: /home/pavel/ws_ros2/install/px4_msgs/include/px4_msgs/px4_msgs/msg/detail/obstacle_distance__type_support.hpp
[69.402s] -- Up-to-date: /home/pavel/ws_ros2/install/px4_msgs/include/px4_msgs/px4_msgs/msg/detail/sensors_status_imu__traits.hpp
[69.402s] -- Up-to-date: /home/pavel/ws_ros2/install/px4_msgs/include/px4_msgs/px4_msgs/msg/detail/landing_target_pose__traits.hpp
[69.402s] -- Up-to-date: /home/pavel/ws_ros2/install/px4_msgs/include/px4_msgs/px4_msgs/msg/detail/log_message__struct.hpp
[69.403s] -- Up-to-date: /home/pavel/ws_ros2/install/px4_msgs/include/px4_msgs/px4_msgs/msg/detail/sensor_baro__builder.hpp
[69.403s] -- Up-to-date: /home/pavel/ws_ros2/install/px4_msgs/include/px4_msgs/px4_msgs/msg/detail/vehicle_magnetometer__builder.hpp
[69.403s] -- Up-to-date: /home/pavel/ws_ros2/install/px4_msgs/include/px4_msgs/px4_msgs/msg/detail/rc_parameter_map__type_support.hpp
[69.403s] -- Up-to-date: /home/pavel/ws_ros2/install/px4_msgs/include/px4_msgs/px4_msgs/msg/detail/mount_orientation__struct.hpp
[69.403s] -- Up-to-date: /home/pavel/ws_ros2/install/px4_msgs/include/px4_msgs/px4_msgs/msg/detail/debug_vect__builder.hpp
[69.403s] -- Up-to-date: /home/pavel/ws_ros2/install/px4_msgs/include/px4_msgs/px4_msgs/msg/detail/cpuload__struct.hpp
[69.403s] -- Up-to-date: /home/pavel/ws_ros2/install/px4_msgs/include/px4_msgs/px4_msgs/msg/detail/sensors_status__traits.hpp
[69.403s] -- Up-to-date: /home/pavel/ws_ros2/install/px4_msgs/include/px4_msgs/px4_msgs/msg/detail/actuator_servos__type_support.hpp
[69.403s] -- Up-to-date: /home/pavel/ws_ros2/install/px4_msgs/include/px4_msgs/px4_msgs/msg/detail/estimator_sensor_bias__struct.hpp
[69.403s] -- Up-to-date: /home/pavel/ws_ros2/install/px4_msgs/include/px4_msgs/px4_msgs/msg/detail/telemetry_status__builder.hpp
[69.403s] -- Up-to-date: /home/pavel/ws_ros2/install/px4_msgs/include/px4_msgs/px4_msgs/msg/detail/yaw_estimator_status__type_support.hpp
[69.403s] -- Up-to-date: /home/pavel/ws_ros2/install/px4_msgs/include/px4_msgs/px4_msgs/msg/detail/velocity_limits__traits.hpp
[69.403s] -- Up-to-date: /home/pavel/ws_ros2/install/px4_msgs/include/px4_msgs/px4_msgs/msg/detail/follow_target__builder.hpp
[69.403s] -- Up-to-date: /home/pavel/ws_ros2/install/px4_msgs/include/px4_msgs/px4_msgs/msg/detail/debug_value__traits.hpp
[69.403s] -- Up-to-date: /home/pavel/ws_ros2/install/px4_msgs/include/px4_msgs/px4_msgs/msg/detail/sensor_gyro_fifo__struct.hpp
[69.403s] -- Up-to-date: /home/pavel/ws_ros2/install/px4_msgs/include/px4_msgs/px4_msgs/msg/detail/satellite_info__traits.hpp
[69.403s] -- Up-to-date: /home/pavel/ws_ros2/install/px4_msgs/include/px4_msgs/px4_msgs/msg/detail/estimator_innovations__type_support.hpp
[69.403s] -- Up-to-date: /home/pavel/ws_ros2/install/px4_msgs/include/px4_msgs/px4_msgs/msg/detail/vehicle_angular_velocity__struct.hpp
[69.403s] -- Up-to-date: /home/pavel/ws_ros2/install/px4_msgs/include/px4_msgs/px4_msgs/msg/detail/estimator_aid_source1d__traits.hpp
[69.403s] -- Up-to-date: /home/pavel/ws_ros2/install/px4_msgs/include/px4_msgs/px4_msgs/msg/detail/manual_control_switches__traits.hpp
[69.403s] -- Up-to-date: /home/pavel/ws_ros2/install/px4_msgs/include/px4_msgs/px4_msgs/msg/detail/trajectory_setpoint__type_support.hpp
[69.404s] -- Up-to-date: /home/pavel/ws_ros2/install/px4_msgs/include/px4_msgs/px4_msgs/msg/detail/vehicle_status__type_support.hpp
[69.404s] -- Up-to-date: /home/pavel/ws_ros2/install/px4_msgs/include/px4_msgs/px4_msgs/msg/detail/landing_gear_wheel__builder.hpp
[69.404s] -- Up-to-date: /home/pavel/ws_ros2/install/px4_msgs/include/px4_msgs/px4_msgs/msg/detail/transponder_report__struct.hpp
[69.404s] -- Up-to-date: /home/pavel/ws_ros2/install/px4_msgs/include/px4_msgs/px4_msgs/msg/detail/parameter_set_value_response__type_support.hpp
[69.404s] -- Up-to-date: /home/pavel/ws_ros2/install/px4_msgs/include/px4_msgs/px4_msgs/msg/detail/pwm_input__traits.hpp
[69.404s] -- Up-to-date: /home/pavel/ws_ros2/install/px4_msgs/include/px4_msgs/px4_msgs/msg/detail/vehicle_optical_flow__traits.hpp
[69.404s] -- Up-to-date: /home/pavel/ws_ros2/install/px4_msgs/include/px4_msgs/px4_msgs/msg/detail/rpm__struct.hpp
[69.404s] -- Up-to-date: /home/pavel/ws_ros2/install/px4_msgs/include/px4_msgs/px4_msgs/msg/detail/rc_channels__traits.hpp
[69.404s] -- Up-to-date: /home/pavel/ws_ros2/install/px4_msgs/include/px4_msgs/px4_msgs/msg/detail/camera_capture__struct.hpp
[69.404s] -- Up-to-date: /home/pavel/ws_ros2/install/px4_msgs/include/px4_msgs/px4_msgs/msg/detail/hover_thrust_estimate__builder.hpp
[69.404s] -- Up-to-date: /home/pavel/ws_ros2/install/px4_msgs/include/px4_msgs/px4_msgs/msg/detail/vehicle_local_position__builder.hpp
[69.404s] -- Up-to-date: /home/pavel/ws_ros2/install/px4_msgs/include/px4_msgs/px4_msgs/msg/detail/heater_status__struct.hpp
[69.404s] -- Up-to-date: /home/pavel/ws_ros2/install/px4_msgs/include/px4_msgs/px4_msgs/msg/detail/figure_eight_status__builder.hpp
[69.404s] -- Up-to-date: /home/pavel/ws_ros2/install/px4_msgs/include/px4_msgs/px4_msgs/msg/detail/vehicle_roi__traits.hpp
[69.404s] -- Up-to-date: /home/pavel/ws_ros2/install/px4_msgs/include/px4_msgs/px4_msgs/msg/detail/rc_channels__builder.hpp
[69.404s] -- Up-to-date: /home/pavel/ws_ros2/install/px4_msgs/include/px4_msgs/px4_msgs/msg/detail/vehicle_attitude__type_support.hpp
[69.404s] -- Up-to-date: /home/pavel/ws_ros2/install/px4_msgs/include/px4_msgs/px4_msgs/msg/gpio_out.hpp
[69.404s] -- Up-to-date: /home/pavel/ws_ros2/install/px4_msgs/include/px4_msgs/px4_msgs/msg/dataman_response.hpp
[69.404s] -- Up-to-date: /home/pavel/ws_ros2/install/px4_msgs/include/px4_msgs/px4_msgs/msg/vehicle_imu.hpp
[69.404s] -- Up-to-date: /home/pavel/ws_ros2/install/px4_msgs/include/px4_msgs/px4_msgs/msg/arming_check_reply.hpp
[69.404s] -- Up-to-date: /home/pavel/ws_ros2/install/px4_msgs/include/px4_msgs/px4_msgs/msg/power_button_state.hpp
[69.404s] -- Up-to-date: /home/pavel/ws_ros2/install/px4_msgs/include/px4_msgs/px4_msgs/msg/vehicle_acceleration.hpp
[69.405s] -- Up-to-date: /home/pavel/ws_ros2/install/px4_msgs/include/px4_msgs/px4_msgs/msg/px4io_status.hpp
[69.405s] -- Up-to-date: /home/pavel/ws_ros2/install/px4_msgs/include/px4_msgs/px4_msgs/msg/mag_worker_data.hpp
[69.405s] -- Up-to-date: /home/pavel/ws_ros2/install/px4_msgs/include/px4_msgs/px4_msgs/msg/vehicle_attitude.hpp
[69.405s] -- Up-to-date: /home/pavel/ws_ros2/install/px4_msgs/include/px4_msgs/px4_msgs/msg/orb_test_medium.hpp
[69.405s] -- Up-to-date: /home/pavel/ws_ros2/install/px4_msgs/include/px4_msgs/px4_msgs/msg/flight_phase_estimation.hpp
[69.405s] -- Up-to-date: /home/pavel/ws_ros2/install/px4_msgs/include/px4_msgs/px4_msgs/msg/collision_constraints.hpp
[69.405s] -- Up-to-date: /home/pavel/ws_ros2/install/px4_msgs/include/px4_msgs/px4_msgs/msg/distance_sensor.hpp
[69.405s] -- Up-to-date: /home/pavel/ws_ros2/install/px4_msgs/include/px4_msgs/px4_msgs/msg/logger_status.hpp
[69.405s] -- Up-to-date: /home/pavel/ws_ros2/install/px4_msgs/include/px4_msgs/px4_msgs/msg/sensor_correction.hpp
[69.405s] -- Up-to-date: /home/pavel/ws_ros2/install/px4_msgs/include/px4_msgs/px4_msgs/msg/vehicle_roi.hpp
[69.405s] -- Up-to-date: /home/pavel/ws_ros2/install/px4_msgs/include/px4_msgs/px4_msgs/msg/yaw_estimator_status.hpp
[69.405s] -- Up-to-date: /home/pavel/ws_ros2/install/px4_msgs/include/px4_msgs/px4_msgs/msg/estimator_bias3d.hpp
[69.405s] -- Up-to-date: /home/pavel/ws_ros2/install/px4_msgs/include/px4_msgs/px4_msgs/msg/vtol_vehicle_status.hpp
[69.405s] -- Up-to-date: /home/pavel/ws_ros2/install/px4_msgs/include/px4_msgs/px4_msgs/msg/sensor_accel.hpp
[69.405s] -- Up-to-date: /home/pavel/ws_ros2/install/px4_msgs/include/px4_msgs/px4_msgs/msg/sensors_status.hpp
[69.405s] -- Up-to-date: /home/pavel/ws_ros2/install/px4_msgs/include/px4_msgs/px4_msgs/msg/pwm_input.hpp
[69.405s] -- Up-to-date: /home/pavel/ws_ros2/install/px4_msgs/include/px4_msgs/px4_msgs/msg/vehicle_command.hpp
[69.405s] -- Up-to-date: /home/pavel/ws_ros2/install/px4_msgs/include/px4_msgs/px4_msgs/msg/battery_status.hpp
[69.405s] -- Up-to-date: /home/pavel/ws_ros2/install/px4_msgs/include/px4_msgs/px4_msgs/msg/failsafe_flags.hpp
[69.405s] -- Up-to-date: /home/pavel/ws_ros2/install/px4_msgs/include/px4_msgs/px4_msgs/msg/sensor_preflight_mag.hpp
[69.405s] -- Up-to-date: /home/pavel/ws_ros2/install/px4_msgs/include/px4_msgs/px4_msgs/msg/buffer128.hpp
[69.406s] -- Up-to-date: /home/pavel/ws_ros2/install/px4_msgs/include/px4_msgs/px4_msgs/msg/ping.hpp
[69.406s] -- Up-to-date: /home/pavel/ws_ros2/install/px4_msgs/include/px4_msgs/px4_msgs/msg/collision_report.hpp
[69.406s] -- Up-to-date: /home/pavel/ws_ros2/install/px4_msgs/include/px4_msgs/px4_msgs/msg/landing_target_innovations.hpp
[69.406s] -- Up-to-date: /home/pavel/ws_ros2/install/px4_msgs/include/px4_msgs/px4_msgs/msg/rc_parameter_map.hpp
[69.406s] -- Up-to-date: /home/pavel/ws_ros2/install/px4_msgs/include/px4_msgs/px4_msgs/msg/generator_status.hpp
[69.406s] -- Up-to-date: /home/pavel/ws_ros2/install/px4_msgs/include/px4_msgs/px4_msgs/msg/actuator_servos.hpp
[69.406s] -- Up-to-date: /home/pavel/ws_ros2/install/px4_msgs/include/px4_msgs/px4_msgs/msg/actuator_outputs.hpp
[69.406s] -- Up-to-date: /home/pavel/ws_ros2/install/px4_msgs/include/px4_msgs/px4_msgs/msg/hover_thrust_estimate.hpp
[69.406s] -- Up-to-date: /home/pavel/ws_ros2/install/px4_msgs/include/px4_msgs/px4_msgs/msg/log_message.hpp
[69.406s] -- Up-to-date: /home/pavel/ws_ros2/install/px4_msgs/include/px4_msgs/px4_msgs/msg/task_stack_info.hpp
[69.406s] -- Up-to-date: /home/pavel/ws_ros2/install/px4_msgs/include/px4_msgs/px4_msgs/msg/parameter_set_used_request.hpp
[69.406s] -- Up-to-date: /home/pavel/ws_ros2/install/px4_msgs/include/px4_msgs/px4_msgs/msg/mavlink_log.hpp
[69.406s] -- Up-to-date: /home/pavel/ws_ros2/install/px4_msgs/include/px4_msgs/px4_msgs/msg/gimbal_manager_set_manual_control.hpp
[69.406s] -- Up-to-date: /home/pavel/ws_ros2/install/px4_msgs/include/px4_msgs/px4_msgs/msg/sensor_gyro_fft.hpp
[69.406s] -- Up-to-date: /home/pavel/ws_ros2/install/px4_msgs/include/px4_msgs/px4_msgs/msg/actuator_servos_trim.hpp
[69.406s] -- Up-to-date: /home/pavel/ws_ros2/install/px4_msgs/include/px4_msgs/px4_msgs/msg/sensor_combined.hpp
[69.406s] -- Up-to-date: /home/pavel/ws_ros2/install/px4_msgs/include/px4_msgs/px4_msgs/msg/rtl_status.hpp
[69.406s] -- Up-to-date: /home/pavel/ws_ros2/install/px4_msgs/include/px4_msgs/px4_msgs/msg/position_setpoint_triplet.hpp
[69.406s] -- Up-to-date: /home/pavel/ws_ros2/install/px4_msgs/include/px4_msgs/px4_msgs/msg/action_request.hpp
[69.407s] -- Up-to-date: /home/pavel/ws_ros2/install/px4_msgs/include/px4_msgs/px4_msgs/msg/orb_test.hpp
[69.407s] -- Up-to-date: /home/pavel/ws_ros2/install/px4_msgs/include/px4_msgs/px4_msgs/msg/onboard_computer_status.hpp
[69.407s] -- Up-to-date: /home/pavel/ws_ros2/install/px4_msgs/include/px4_msgs/px4_msgs/msg/velocity_limits.hpp
[69.407s] -- Up-to-date: /home/pavel/ws_ros2/install/px4_msgs/include/px4_msgs/px4_msgs/msg/vehicle_optical_flow_vel.hpp
[69.407s] -- Up-to-date: /home/pavel/ws_ros2/install/px4_msgs/include/px4_msgs/px4_msgs/msg/estimator_sensor_bias.hpp
[69.407s] -- Up-to-date: /home/pavel/ws_ros2/install/px4_msgs/include/px4_msgs/px4_msgs/msg/gimbal_controls.hpp
[69.407s] -- Up-to-date: /home/pavel/ws_ros2/install/px4_msgs/include/px4_msgs/px4_msgs/msg/follow_target_estimator.hpp
[69.407s] -- Up-to-date: /home/pavel/ws_ros2/install/px4_msgs/include/px4_msgs/px4_msgs/msg/mode_completed.hpp
[69.407s] -- Up-to-date: /home/pavel/ws_ros2/install/px4_msgs/include/px4_msgs/px4_msgs/msg/pps_capture.hpp
[69.407s] -- Up-to-date: /home/pavel/ws_ros2/install/px4_msgs/include/px4_msgs/px4_msgs/msg/gps_dump.hpp
[69.407s] -- Up-to-date: /home/pavel/ws_ros2/install/px4_msgs/include/px4_msgs/px4_msgs/msg/goto_setpoint.hpp
[69.407s] -- Up-to-date: /home/pavel/ws_ros2/install/px4_msgs/include/px4_msgs/px4_msgs/msg/mount_orientation.hpp
[69.407s] -- Up-to-date: /home/pavel/ws_ros2/install/px4_msgs/include/px4_msgs/px4_msgs/msg/register_ext_component_reply.hpp
[69.407s] -- Up-to-date: /home/pavel/ws_ros2/install/px4_msgs/include/px4_msgs/px4_msgs/msg/rpm.hpp
[69.407s] -- Up-to-date: /home/pavel/ws_ros2/install/px4_msgs/include/px4_msgs/px4_msgs/msg/uavcan_parameter_value.hpp
[69.407s] -- Up-to-date: /home/pavel/ws_ros2/install/px4_msgs/include/px4_msgs/px4_msgs/msg/adc_report.hpp
[69.407s] -- Up-to-date: /home/pavel/ws_ros2/install/px4_msgs/include/px4_msgs/px4_msgs/msg/esc_status.hpp
[69.407s] -- Up-to-date: /home/pavel/ws_ros2/install/px4_msgs/include/px4_msgs/px4_msgs/msg/internal_combustion_engine_status.hpp
[69.407s] -- Up-to-date: /home/pavel/ws_ros2/install/px4_msgs/include/px4_msgs/px4_msgs/msg/follow_target_status.hpp
[69.407s] -- Up-to-date: /home/pavel/ws_ros2/install/px4_msgs/include/px4_msgs/px4_msgs/msg/qshell_retval.hpp
[69.407s] -- Up-to-date: /home/pavel/ws_ros2/install/px4_msgs/include/px4_msgs/px4_msgs/msg/launch_detection_status.hpp
[69.408s] -- Up-to-date: /home/pavel/ws_ros2/install/px4_msgs/include/px4_msgs/px4_msgs/msg/camera_status.hpp
[69.408s] -- Up-to-date: /home/pavel/ws_ros2/install/px4_msgs/include/px4_msgs/px4_msgs/msg/estimator_aid_source3d.hpp
[69.408s] -- Up-to-date: /home/pavel/ws_ros2/install/px4_msgs/include/px4_msgs/px4_msgs/msg/gimbal_manager_status.hpp
[69.408s] -- Up-to-date: /home/pavel/ws_ros2/install/px4_msgs/include/px4_msgs/px4_msgs/msg/radio_status.hpp
[69.408s] -- Up-to-date: /home/pavel/ws_ros2/install/px4_msgs/include/px4_msgs/px4_msgs/msg/esc_report.hpp
[69.408s] -- Up-to-date: /home/pavel/ws_ros2/install/px4_msgs/include/px4_msgs/px4_msgs/msg/vehicle_torque_setpoint.hpp
[69.408s] -- Up-to-date: /home/pavel/ws_ros2/install/px4_msgs/include/px4_msgs/px4_msgs/msg/sensor_gnss_relative.hpp
[69.408s] -- Up-to-date: /home/pavel/ws_ros2/install/px4_msgs/include/px4_msgs/px4_msgs/msg/rate_ctrl_status.hpp
[69.408s] -- Up-to-date: /home/pavel/ws_ros2/install/px4_msgs/include/px4_msgs/px4_msgs/msg/camera_trigger.hpp
[69.408s] -- Up-to-date: /home/pavel/ws_ros2/install/px4_msgs/include/px4_msgs/px4_msgs/msg/obstacle_distance.hpp
[69.408s] -- Up-to-date: /home/pavel/ws_ros2/install/px4_msgs/include/px4_msgs/px4_msgs/msg/input_rc.hpp
[69.408s] -- Up-to-date: /home/pavel/ws_ros2/install/px4_msgs/include/px4_msgs/px4_msgs/msg/estimator_event_flags.hpp
[69.408s] -- Up-to-date: /home/pavel/ws_ros2/install/px4_msgs/include/px4_msgs/px4_msgs/msg/register_ext_component_request.hpp
[69.408s] -- Up-to-date: /home/pavel/ws_ros2/install/px4_msgs/include/px4_msgs/px4_msgs/msg/home_position.hpp
[69.408s] -- Up-to-date: /home/pavel/ws_ros2/install/px4_msgs/include/px4_msgs/px4_msgs/msg/gpio_config.hpp
[69.408s] -- Up-to-date: /home/pavel/ws_ros2/install/px4_msgs/include/px4_msgs/px4_msgs/msg/tiltrotor_extra_controls.hpp
[69.408s] -- Up-to-date: /home/pavel/ws_ros2/install/px4_msgs/include/px4_msgs/px4_msgs/msg/gimbal_device_information.hpp
[69.408s] -- Up-to-date: /home/pavel/ws_ros2/install/px4_msgs/include/px4_msgs/px4_msgs/msg/vehicle_thrust_setpoint.hpp
[69.408s] -- Up-to-date: /home/pavel/ws_ros2/install/px4_msgs/include/px4_msgs/px4_msgs/msg/qshell_req.hpp
[69.408s] -- Up-to-date: /home/pavel/ws_ros2/install/px4_msgs/include/px4_msgs/px4_msgs/msg/vehicle_imu_status.hpp
[69.408s] -- Up-to-date: /home/pavel/ws_ros2/install/px4_msgs/include/px4_msgs/px4_msgs/msg/sensor_gyro_fifo.hpp
[69.409s] -- Up-to-date: /home/pavel/ws_ros2/install/px4_msgs/include/px4_msgs/px4_msgs/msg/gimbal_device_attitude_status.hpp
[69.409s] -- Up-to-date: /home/pavel/ws_ros2/install/px4_msgs/include/px4_msgs/px4_msgs/msg/message_format_response.hpp
[69.409s] -- Up-to-date: /home/pavel/ws_ros2/install/px4_msgs/include/px4_msgs/px4_msgs/msg/estimator_status_flags.hpp
[69.409s] -- Up-to-date: /home/pavel/ws_ros2/install/px4_msgs/include/px4_msgs/px4_msgs/msg/landing_target_pose.hpp
[69.409s] -- Up-to-date: /home/pavel/ws_ros2/install/px4_msgs/include/px4_msgs/px4_msgs/msg/sensor_gps.hpp
[69.409s] -- Up-to-date: /home/pavel/ws_ros2/install/px4_msgs/include/px4_msgs/px4_msgs/msg/autotune_attitude_control_status.hpp
[69.409s] -- Up-to-date: /home/pavel/ws_ros2/install/px4_msgs/include/px4_msgs/px4_msgs/msg/normalized_unsigned_setpoint.hpp
[69.409s] -- Up-to-date: /home/pavel/ws_ros2/install/px4_msgs/include/px4_msgs/px4_msgs/msg/vehicle_constraints.hpp
[69.409s] -- Up-to-date: /home/pavel/ws_ros2/install/px4_msgs/include/px4_msgs/px4_msgs/msg/manual_control_switches.hpp
[69.409s] -- Up-to-date: /home/pavel/ws_ros2/install/px4_msgs/include/px4_msgs/px4_msgs/msg/sensor_gyro.hpp
[69.409s] -- Up-to-date: /home/pavel/ws_ros2/install/px4_msgs/include/px4_msgs/px4_msgs/msg/wind.hpp
[69.409s] -- Up-to-date: /home/pavel/ws_ros2/install/px4_msgs/include/px4_msgs/px4_msgs/msg/trajectory_waypoint.hpp
[69.409s] -- Up-to-date: /home/pavel/ws_ros2/install/px4_msgs/include/px4_msgs/px4_msgs/msg/irlock_report.hpp
[69.409s] -- Up-to-date: /home/pavel/ws_ros2/install/px4_msgs/include/px4_msgs/px4_msgs/msg/sensor_mag.hpp
[69.409s] -- Up-to-date: /home/pavel/ws_ros2/install/px4_msgs/include/px4_msgs/px4_msgs/msg/vehicle_land_detected.hpp
[69.409s] -- Up-to-date: /home/pavel/ws_ros2/install/px4_msgs/include/px4_msgs/px4_msgs/msg/airspeed_validated.hpp
[69.409s] -- Up-to-date: /home/pavel/ws_ros2/install/px4_msgs/include/px4_msgs/px4_msgs/msg/estimator_innovations.hpp
[69.409s] -- Up-to-date: /home/pavel/ws_ros2/install/px4_msgs/include/px4_msgs/px4_msgs/msg/power_monitor.hpp
[69.409s] -- Up-to-date: /home/pavel/ws_ros2/install/px4_msgs/include/px4_msgs/px4_msgs/msg/cpuload.hpp
[69.409s] -- Up-to-date: /home/pavel/ws_ros2/install/px4_msgs/include/px4_msgs/px4_msgs/msg/uavcan_parameter_request.hpp
[69.409s] -- Up-to-date: /home/pavel/ws_ros2/install/px4_msgs/include/px4_msgs/px4_msgs/msg/actuator_armed.hpp
[69.410s] -- Up-to-date: /home/pavel/ws_ros2/install/px4_msgs/include/px4_msgs/px4_msgs/msg/failure_detector_status.hpp
[69.410s] -- Up-to-date: /home/pavel/ws_ros2/install/px4_msgs/include/px4_msgs/px4_msgs/msg/actuator_controls_status.hpp
[69.410s] -- Up-to-date: /home/pavel/ws_ros2/install/px4_msgs/include/px4_msgs/px4_msgs/msg/rover_ackermann_guidance_status.hpp
[69.410s] -- Up-to-date: /home/pavel/ws_ros2/install/px4_msgs/include/px4_msgs/px4_msgs/msg/debug_key_value.hpp
[69.410s] -- Up-to-date: /home/pavel/ws_ros2/install/px4_msgs/include/px4_msgs/px4_msgs/msg/estimator_aid_source1d.hpp
[69.410s] -- Up-to-date: /home/pavel/ws_ros2/install/px4_msgs/include/px4_msgs/px4_msgs/msg/gimbal_device_set_attitude.hpp
[69.410s] -- Up-to-date: /home/pavel/ws_ros2/install/px4_msgs/include/px4_msgs/px4_msgs/msg/telemetry_status.hpp
[69.410s] -- Up-to-date: /home/pavel/ws_ros2/install/px4_msgs/include/px4_msgs/px4_msgs/msg/vehicle_command_ack.hpp
[69.410s] -- Up-to-date: /home/pavel/ws_ros2/install/px4_msgs/include/px4_msgs/px4_msgs/msg/estimator_gps_status.hpp
[69.410s] -- Up-to-date: /home/pavel/ws_ros2/install/px4_msgs/include/px4_msgs/px4_msgs/msg/trajectory_setpoint.hpp
[69.410s] -- Up-to-date: /home/pavel/ws_ros2/install/px4_msgs/include/px4_msgs/px4_msgs/msg/airspeed.hpp
[69.410s] -- Up-to-date: /home/pavel/ws_ros2/install/px4_msgs/include/px4_msgs/px4_msgs/msg/geofence_result.hpp
[69.410s] -- Up-to-date: /home/pavel/ws_ros2/install/px4_msgs/include/px4_msgs/px4_msgs/msg/mission.hpp
[69.410s] -- Up-to-date: /home/pavel/ws_ros2/install/px4_msgs/include/px4_msgs/px4_msgs/msg/gimbal_manager_information.hpp
[69.410s] -- Up-to-date: /home/pavel/ws_ros2/install/px4_msgs/include/px4_msgs/px4_msgs/msg/actuator_test.hpp
[69.410s] -- Up-to-date: /home/pavel/ws_ros2/install/px4_msgs/include/px4_msgs/px4_msgs/msg/sensor_accel_fifo.hpp
[69.410s] -- Up-to-date: /home/pavel/ws_ros2/install/px4_msgs/include/px4_msgs/px4_msgs/msg/follow_target.hpp
[69.410s] -- Up-to-date: /home/pavel/ws_ros2/install/px4_msgs/include/px4_msgs/px4_msgs/msg/position_setpoint.hpp
[69.410s] -- Up-to-date: /home/pavel/ws_ros2/install/px4_msgs/include/px4_msgs/px4_msgs/msg/landing_gear.hpp
[69.410s] -- Up-to-date: /home/pavel/ws_ros2/install/px4_msgs/include/px4_msgs/px4_msgs/msg/differential_pressure.hpp
[69.410s] -- Up-to-date: /home/pavel/ws_ros2/install/px4_msgs/include/px4_msgs/px4_msgs/msg/sensor_hygrometer.hpp
[69.411s] -- Up-to-date: /home/pavel/ws_ros2/install/px4_msgs/include/px4_msgs/px4_msgs/msg/takeoff_status.hpp
[69.411s] -- Up-to-date: /home/pavel/ws_ros2/install/px4_msgs/include/px4_msgs/px4_msgs/msg/offboard_control_mode.hpp
[69.411s] -- Up-to-date: /home/pavel/ws_ros2/install/px4_msgs/include/px4_msgs/px4_msgs/msg/estimator_selector_status.hpp
[69.411s] -- Up-to-date: /home/pavel/ws_ros2/install/px4_msgs/include/px4_msgs/px4_msgs/msg/sensor_optical_flow.hpp
[69.411s] -- Up-to-date: /home/pavel/ws_ros2/install/px4_msgs/include/px4_msgs/px4_msgs/msg/position_controller_landing_status.hpp
[69.411s] -- Up-to-date: /home/pavel/ws_ros2/install/px4_msgs/include/px4_msgs/px4_msgs/msg/geofence_status.hpp
[69.411s] -- Up-to-date: /home/pavel/ws_ros2/install/px4_msgs/include/px4_msgs/px4_msgs/msg/airspeed_wind.hpp
[69.411s] -- Up-to-date: /home/pavel/ws_ros2/install/px4_msgs/include/px4_msgs/px4_msgs/msg/sensor_airflow.hpp
[69.411s] -- Up-to-date: /home/pavel/ws_ros2/install/px4_msgs/include/px4_msgs/px4_msgs/msg/orbit_status.hpp
[69.411s] -- Up-to-date: /home/pavel/ws_ros2/install/px4_msgs/include/px4_msgs/px4_msgs/msg/fuel_tank_status.hpp
[69.411s] -- Up-to-date: /home/pavel/ws_ros2/install/px4_msgs/include/px4_msgs/px4_msgs/msg/config_overrides.hpp
[69.411s] -- Up-to-date: /home/pavel/ws_ros2/install/px4_msgs/include/px4_msgs/px4_msgs/msg/camera_capture.hpp
[69.411s] -- Up-to-date: /home/pavel/ws_ros2/install/px4_msgs/include/px4_msgs/px4_msgs/msg/parameter_set_value_response.hpp
[69.411s] -- Up-to-date: /home/pavel/ws_ros2/install/px4_msgs/include/px4_msgs/px4_msgs/msg/differential_drive_setpoint.hpp
[69.411s] -- Up-to-date: /home/pavel/ws_ros2/install/px4_msgs/include/px4_msgs/px4_msgs/msg/button_event.hpp
[69.411s] -- Up-to-date: /home/pavel/ws_ros2/install/px4_msgs/include/px4_msgs/px4_msgs/msg/control_allocator_status.hpp
[69.411s] -- Up-to-date: /home/pavel/ws_ros2/install/px4_msgs/include/px4_msgs/px4_msgs/msg/debug_vect.hpp
[69.411s] -- Up-to-date: /home/pavel/ws_ros2/install/px4_msgs/include/px4_msgs/px4_msgs/msg/ulog_stream.hpp
[69.411s] -- Up-to-date: /home/pavel/ws_ros2/install/px4_msgs/include/px4_msgs/px4_msgs/msg/gps_inject_data.hpp
[69.411s] -- Up-to-date: /home/pavel/ws_ros2/install/px4_msgs/include/px4_msgs/px4_msgs/msg/health_report.hpp
[69.411s] -- Up-to-date: /home/pavel/ws_ros2/install/px4_msgs/include/px4_msgs/px4_msgs/msg/parameter_reset_request.hpp
[69.412s] -- Up-to-date: /home/pavel/ws_ros2/install/px4_msgs/include/px4_msgs/px4_msgs/msg/vehicle_trajectory_waypoint.hpp
[69.412s] -- Up-to-date: /home/pavel/ws_ros2/install/px4_msgs/include/px4_msgs/px4_msgs/msg/satellite_info.hpp
[69.412s] -- Up-to-date: /home/pavel/ws_ros2/install/px4_msgs/include/px4_msgs/px4_msgs/msg/vehicle_local_position_setpoint.hpp
[69.412s] -- Up-to-date: /home/pavel/ws_ros2/install/px4_msgs/include/px4_msgs/px4_msgs/msg/estimator_status.hpp
[69.412s] -- Up-to-date: /home/pavel/ws_ros2/install/px4_msgs/include/px4_msgs/px4_msgs/msg/sensor_uwb.hpp
[69.412s] -- Up-to-date: /home/pavel/ws_ros2/install/px4_msgs/include/px4_msgs/px4_msgs/msg/rc_channels.hpp
[69.412s] -- Up-to-date: /home/pavel/ws_ros2/install/px4_msgs/include/px4_msgs/px4_msgs/msg/rosidl_generator_cpp__visibility_control.hpp
[69.412s] -- Up-to-date: /home/pavel/ws_ros2/install/px4_msgs/include/px4_msgs/px4_msgs/msg/figure_eight_status.hpp
[69.412s] -- Up-to-date: /home/pavel/ws_ros2/install/px4_msgs/include/px4_msgs/px4_msgs/msg/trajectory_bezier.hpp
[69.412s] -- Up-to-date: /home/pavel/ws_ros2/install/px4_msgs/include/px4_msgs/px4_msgs/msg/system_power.hpp
[69.412s] -- Up-to-date: /home/pavel/ws_ros2/install/px4_msgs/include/px4_msgs/px4_msgs/msg/vehicle_angular_acceleration_setpoint.hpp
[69.412s] -- Up-to-date: /home/pavel/ws_ros2/install/px4_msgs/include/px4_msgs/px4_msgs/msg/tune_control.hpp
[69.412s] -- Up-to-date: /home/pavel/ws_ros2/install/px4_msgs/include/px4_msgs/px4_msgs/msg/vehicle_air_data.hpp
[69.412s] -- Up-to-date: /home/pavel/ws_ros2/install/px4_msgs/include/px4_msgs/px4_msgs/msg/rtl_time_estimate.hpp
[69.412s] -- Up-to-date: /home/pavel/ws_ros2/install/px4_msgs/include/px4_msgs/px4_msgs/msg/heater_status.hpp
[69.412s] -- Up-to-date: /home/pavel/ws_ros2/install/px4_msgs/include/px4_msgs/px4_msgs/msg/estimator_aid_source2d.hpp
[69.412s] -- Up-to-date: /home/pavel/ws_ros2/install/px4_msgs/include/px4_msgs/px4_msgs/msg/parameter_update.hpp
[69.412s] -- Up-to-date: /home/pavel/ws_ros2/install/px4_msgs/include/px4_msgs/px4_msgs/msg/vehicle_optical_flow.hpp
[69.412s] -- Up-to-date: /home/pavel/ws_ros2/install/px4_msgs/include/px4_msgs/px4_msgs/msg/unregister_ext_component.hpp
[69.412s] -- Up-to-date: /home/pavel/ws_ros2/install/px4_msgs/include/px4_msgs/px4_msgs/msg/arming_check_request.hpp
[69.412s] -- Up-to-date: /home/pavel/ws_ros2/install/px4_msgs/include/px4_msgs/px4_msgs/msg/can_interface_status.hpp
[69.412s] -- Up-to-date: /home/pavel/ws_ros2/install/px4_msgs/include/px4_msgs/px4_msgs/msg/vehicle_odometry.hpp
[69.413s] -- Up-to-date: /home/pavel/ws_ros2/install/px4_msgs/include/px4_msgs/px4_msgs/msg/orb_test_large.hpp
[69.413s] -- Up-to-date: /home/pavel/ws_ros2/install/px4_msgs/include/px4_msgs/px4_msgs/msg/cellular_status.hpp
[69.413s] -- Up-to-date: /home/pavel/ws_ros2/install/px4_msgs/include/px4_msgs/px4_msgs/msg/manual_control_setpoint.hpp
[69.413s] -- Up-to-date: /home/pavel/ws_ros2/install/px4_msgs/include/px4_msgs/px4_msgs/msg/vehicle_magnetometer.hpp
[69.413s] -- Up-to-date: /home/pavel/ws_ros2/install/px4_msgs/include/px4_msgs/px4_msgs/msg/dataman_request.hpp
[69.413s] -- Up-to-date: /home/pavel/ws_ros2/install/px4_msgs/include/px4_msgs/px4_msgs/msg/tecs_status.hpp
[69.413s] -- Up-to-date: /home/pavel/ws_ros2/install/px4_msgs/include/px4_msgs/px4_msgs/msg/sensor_selection.hpp
[69.413s] -- Up-to-date: /home/pavel/ws_ros2/install/px4_msgs/include/px4_msgs/px4_msgs/msg/timesync_status.hpp
[69.413s] -- Up-to-date: /home/pavel/ws_ros2/install/px4_msgs/include/px4_msgs/px4_msgs/msg/ekf2_timestamps.hpp
[69.413s] -- Up-to-date: /home/pavel/ws_ros2/install/px4_msgs/include/px4_msgs/px4_msgs/msg/vehicle_local_position.hpp
[69.413s] -- Up-to-date: /home/pavel/ws_ros2/install/px4_msgs/include/px4_msgs/px4_msgs/msg/vehicle_status.hpp
[69.413s] -- Up-to-date: /home/pavel/ws_ros2/install/px4_msgs/include/px4_msgs/px4_msgs/msg/magnetometer_bias_estimate.hpp
[69.413s] -- Up-to-date: /home/pavel/ws_ros2/install/px4_msgs/include/px4_msgs/px4_msgs/msg/vehicle_trajectory_bezier.hpp
[69.413s] -- Up-to-date: /home/pavel/ws_ros2/install/px4_msgs/include/px4_msgs/px4_msgs/msg/event.hpp
[69.413s] -- Up-to-date: /home/pavel/ws_ros2/install/px4_msgs/include/px4_msgs/px4_msgs/msg/estimator_bias.hpp
[69.413s] -- Up-to-date: /home/pavel/ws_ros2/install/px4_msgs/include/px4_msgs/px4_msgs/msg/mission_result.hpp
[69.413s] -- Up-to-date: /home/pavel/ws_ros2/install/px4_msgs/include/px4_msgs/px4_msgs/msg/vehicle_control_mode.hpp
[69.413s] -- Up-to-date: /home/pavel/ws_ros2/install/px4_msgs/include/px4_msgs/px4_msgs/msg/gimbal_manager_set_attitude.hpp
[69.413s] -- Up-to-date: /home/pavel/ws_ros2/install/px4_msgs/include/px4_msgs/px4_msgs
[69.413s] -- Up-to-date: /home/pavel/ws_ros2/install/px4_msgs/include/px4_msgs/px4_msgs/srv
[69.413s] -- Up-to-date: /home/pavel/ws_ros2/install/px4_msgs/include/px4_msgs/px4_msgs/srv/detail
[69.414s] -- Up-to-date: /home/pavel/ws_ros2/install/px4_msgs/include/px4_msgs/px4_msgs/srv/detail/vehicle_command__rosidl_typesupport_fastrtps_cpp.hpp
[69.414s] -- Up-to-date: /home/pavel/ws_ros2/install/px4_msgs/include/px4_msgs/px4_msgs/srv/detail/dds_fastrtps
[69.414s] -- Up-to-date: /home/pavel/ws_ros2/install/px4_msgs/include/px4_msgs/px4_msgs/msg
[69.414s] -- Up-to-date: /home/pavel/ws_ros2/install/px4_msgs/include/px4_msgs/px4_msgs/msg/detail
[69.414s] -- Up-to-date: /home/pavel/ws_ros2/install/px4_msgs/include/px4_msgs/px4_msgs/msg/detail/sensor_selection__rosidl_typesupport_fastrtps_cpp.hpp
[69.414s] -- Up-to-date: /home/pavel/ws_ros2/install/px4_msgs/include/px4_msgs/px4_msgs/msg/detail/message_format_response__rosidl_typesupport_fastrtps_cpp.hpp
[69.414s] -- Up-to-date: /home/pavel/ws_ros2/install/px4_msgs/include/px4_msgs/px4_msgs/msg/detail/camera_trigger__rosidl_typesupport_fastrtps_cpp.hpp
[69.414s] -- Up-to-date: /home/pavel/ws_ros2/install/px4_msgs/include/px4_msgs/px4_msgs/msg/detail/vehicle_command__rosidl_typesupport_fastrtps_cpp.hpp
[69.414s] -- Up-to-date: /home/pavel/ws_ros2/install/px4_msgs/include/px4_msgs/px4_msgs/msg/detail/register_ext_component_request__rosidl_typesupport_fastrtps_cpp.hpp
[69.414s] -- Up-to-date: /home/pavel/ws_ros2/install/px4_msgs/include/px4_msgs/px4_msgs/msg/detail/arming_check_request__rosidl_typesupport_fastrtps_cpp.hpp
[69.414s] -- Up-to-date: /home/pavel/ws_ros2/install/px4_msgs/include/px4_msgs/px4_msgs/msg/detail/logger_status__rosidl_typesupport_fastrtps_cpp.hpp
[69.414s] -- Up-to-date: /home/pavel/ws_ros2/install/px4_msgs/include/px4_msgs/px4_msgs/msg/detail/unregister_ext_component__rosidl_typesupport_fastrtps_cpp.hpp
[69.414s] -- Up-to-date: /home/pavel/ws_ros2/install/px4_msgs/include/px4_msgs/px4_msgs/msg/detail/gimbal_controls__rosidl_typesupport_fastrtps_cpp.hpp
[69.414s] -- Up-to-date: /home/pavel/ws_ros2/install/px4_msgs/include/px4_msgs/px4_msgs/msg/detail/landing_target_pose__rosidl_typesupport_fastrtps_cpp.hpp
[69.414s] -- Up-to-date: /home/pavel/ws_ros2/install/px4_msgs/include/px4_msgs/px4_msgs/msg/detail/ulog_stream__rosidl_typesupport_fastrtps_cpp.hpp
[69.414s] -- Up-to-date: /home/pavel/ws_ros2/install/px4_msgs/include/px4_msgs/px4_msgs/msg/detail/vehicle_magnetometer__rosidl_typesupport_fastrtps_cpp.hpp
[69.414s] -- Up-to-date: /home/pavel/ws_ros2/install/px4_msgs/include/px4_msgs/px4_msgs/msg/detail/can_interface_status__rosidl_typesupport_fastrtps_cpp.hpp
[69.414s] -- Up-to-date: /home/pavel/ws_ros2/install/px4_msgs/include/px4_msgs/px4_msgs/msg/detail/estimator_aid_source2d__rosidl_typesupport_fastrtps_cpp.hpp
[69.414s] -- Up-to-date: /home/pavel/ws_ros2/install/px4_msgs/include/px4_msgs/px4_msgs/msg/detail/sensors_status_imu__rosidl_typesupport_fastrtps_cpp.hpp
[69.414s] -- Up-to-date: /home/pavel/ws_ros2/install/px4_msgs/include/px4_msgs/px4_msgs/msg/detail/vehicle_attitude_setpoint__rosidl_typesupport_fastrtps_cpp.hpp
[69.414s] -- Up-to-date: /home/pavel/ws_ros2/install/px4_msgs/include/px4_msgs/px4_msgs/msg/detail/log_message__rosidl_typesupport_fastrtps_cpp.hpp
[69.414s] -- Up-to-date: /home/pavel/ws_ros2/install/px4_msgs/include/px4_msgs/px4_msgs/msg/detail/vehicle_angular_acceleration_setpoint__rosidl_typesupport_fastrtps_cpp.hpp
[69.414s] -- Up-to-date: /home/pavel/ws_ros2/install/px4_msgs/include/px4_msgs/px4_msgs/msg/detail/obstacle_distance__rosidl_typesupport_fastrtps_cpp.hpp
[69.415s] -- Up-to-date: /home/pavel/ws_ros2/install/px4_msgs/include/px4_msgs/px4_msgs/msg/detail/sensor_uwb__rosidl_typesupport_fastrtps_cpp.hpp
[69.415s] -- Up-to-date: /home/pavel/ws_ros2/install/px4_msgs/include/px4_msgs/px4_msgs/msg/detail/estimator_aid_source1d__rosidl_typesupport_fastrtps_cpp.hpp
[69.415s] -- Up-to-date: /home/pavel/ws_ros2/install/px4_msgs/include/px4_msgs/px4_msgs/msg/detail/debug_vect__rosidl_typesupport_fastrtps_cpp.hpp
[69.415s] -- Up-to-date: /home/pavel/ws_ros2/install/px4_msgs/include/px4_msgs/px4_msgs/msg/detail/vehicle_attitude__rosidl_typesupport_fastrtps_cpp.hpp
[69.415s] -- Up-to-date: /home/pavel/ws_ros2/install/px4_msgs/include/px4_msgs/px4_msgs/msg/detail/parameter_update__rosidl_typesupport_fastrtps_cpp.hpp
[69.415s] -- Up-to-date: /home/pavel/ws_ros2/install/px4_msgs/include/px4_msgs/px4_msgs/msg/detail/vehicle_trajectory_waypoint__rosidl_typesupport_fastrtps_cpp.hpp
[69.415s] -- Up-to-date: /home/pavel/ws_ros2/install/px4_msgs/include/px4_msgs/px4_msgs/msg/detail/flight_phase_estimation__rosidl_typesupport_fastrtps_cpp.hpp
[69.415s] -- Up-to-date: /home/pavel/ws_ros2/install/px4_msgs/include/px4_msgs/px4_msgs/msg/detail/gps_dump__rosidl_typesupport_fastrtps_cpp.hpp
[69.415s] -- Up-to-date: /home/pavel/ws_ros2/install/px4_msgs/include/px4_msgs/px4_msgs/msg/detail/estimator_selector_status__rosidl_typesupport_fastrtps_cpp.hpp
[69.415s] -- Up-to-date: /home/pavel/ws_ros2/install/px4_msgs/include/px4_msgs/px4_msgs/msg/detail/sensors_status__rosidl_typesupport_fastrtps_cpp.hpp
[69.415s] -- Up-to-date: /home/pavel/ws_ros2/install/px4_msgs/include/px4_msgs/px4_msgs/msg/detail/px4io_status__rosidl_typesupport_fastrtps_cpp.hpp
[69.415s] -- Up-to-date: /home/pavel/ws_ros2/install/px4_msgs/include/px4_msgs/px4_msgs/msg/detail/gimbal_device_attitude_status__rosidl_typesupport_fastrtps_cpp.hpp
[69.415s] -- Up-to-date: /home/pavel/ws_ros2/install/px4_msgs/include/px4_msgs/px4_msgs/msg/detail/magnetometer_bias_estimate__rosidl_typesupport_fastrtps_cpp.hpp
[69.415s] -- Up-to-date: /home/pavel/ws_ros2/install/px4_msgs/include/px4_msgs/px4_msgs/msg/detail/vehicle_angular_velocity__rosidl_typesupport_fastrtps_cpp.hpp
[69.415s] -- Up-to-date: /home/pavel/ws_ros2/install/px4_msgs/include/px4_msgs/px4_msgs/msg/detail/trajectory_bezier__rosidl_typesupport_fastrtps_cpp.hpp
[69.415s] -- Up-to-date: /home/pavel/ws_ros2/install/px4_msgs/include/px4_msgs/px4_msgs/msg/detail/failsafe_flags__rosidl_typesupport_fastrtps_cpp.hpp
[69.415s] -- Up-to-date: /home/pavel/ws_ros2/install/px4_msgs/include/px4_msgs/px4_msgs/msg/detail/system_power__rosidl_typesupport_fastrtps_cpp.hpp
[69.415s] -- Up-to-date: /home/pavel/ws_ros2/install/px4_msgs/include/px4_msgs/px4_msgs/msg/detail/vehicle_odometry__rosidl_typesupport_fastrtps_cpp.hpp
[69.415s] -- Up-to-date: /home/pavel/ws_ros2/install/px4_msgs/include/px4_msgs/px4_msgs/msg/detail/irlock_report__rosidl_typesupport_fastrtps_cpp.hpp
[69.415s] -- Up-to-date: /home/pavel/ws_ros2/install/px4_msgs/include/px4_msgs/px4_msgs/msg/detail/tune_control__rosidl_typesupport_fastrtps_cpp.hpp
[69.415s] -- Up-to-date: /home/pavel/ws_ros2/install/px4_msgs/include/px4_msgs/px4_msgs/msg/detail/iridiumsbd_status__rosidl_typesupport_fastrtps_cpp.hpp
[69.416s] -- Up-to-date: /home/pavel/ws_ros2/install/px4_msgs/include/px4_msgs/px4_msgs/msg/detail/register_ext_component_reply__rosidl_typesupport_fastrtps_cpp.hpp
[69.416s] -- Up-to-date: /home/pavel/ws_ros2/install/px4_msgs/include/px4_msgs/px4_msgs/msg/detail/actuator_servos_trim__rosidl_typesupport_fastrtps_cpp.hpp
[69.416s] -- Up-to-date: /home/pavel/ws_ros2/install/px4_msgs/include/px4_msgs/px4_msgs/msg/detail/estimator_states__rosidl_typesupport_fastrtps_cpp.hpp
[69.416s] -- Up-to-date: /home/pavel/ws_ros2/install/px4_msgs/include/px4_msgs/px4_msgs/msg/detail/rover_ackermann_guidance_status__rosidl_typesupport_fastrtps_cpp.hpp
[69.416s] -- Up-to-date: /home/pavel/ws_ros2/install/px4_msgs/include/px4_msgs/px4_msgs/msg/detail/trajectory_setpoint__rosidl_typesupport_fastrtps_cpp.hpp
[69.416s] -- Up-to-date: /home/pavel/ws_ros2/install/px4_msgs/include/px4_msgs/px4_msgs/msg/detail/follow_target_estimator__rosidl_typesupport_fastrtps_cpp.hpp
[69.416s] -- Up-to-date: /home/pavel/ws_ros2/install/px4_msgs/include/px4_msgs/px4_msgs/msg/detail/offboard_control_mode__rosidl_typesupport_fastrtps_cpp.hpp
[69.416s] -- Up-to-date: /home/pavel/ws_ros2/install/px4_msgs/include/px4_msgs/px4_msgs/msg/detail/camera_status__rosidl_typesupport_fastrtps_cpp.hpp
[69.416s] -- Up-to-date: /home/pavel/ws_ros2/install/px4_msgs/include/px4_msgs/px4_msgs/msg/detail/timesync_status__rosidl_typesupport_fastrtps_cpp.hpp
[69.416s] -- Up-to-date: /home/pavel/ws_ros2/install/px4_msgs/include/px4_msgs/px4_msgs/msg/detail/transponder_report__rosidl_typesupport_fastrtps_cpp.hpp
[69.416s] -- Up-to-date: /home/pavel/ws_ros2/install/px4_msgs/include/px4_msgs/px4_msgs/msg/detail/task_stack_info__rosidl_typesupport_fastrtps_cpp.hpp
[69.416s] -- Up-to-date: /home/pavel/ws_ros2/install/px4_msgs/include/px4_msgs/px4_msgs/msg/detail/cellular_status__rosidl_typesupport_fastrtps_cpp.hpp
[69.416s] -- Up-to-date: /home/pavel/ws_ros2/install/px4_msgs/include/px4_msgs/px4_msgs/msg/detail/gimbal_manager_information__rosidl_typesupport_fastrtps_cpp.hpp
[69.416s] -- Up-to-date: /home/pavel/ws_ros2/install/px4_msgs/include/px4_msgs/px4_msgs/msg/detail/sensor_accel_fifo__rosidl_typesupport_fastrtps_cpp.hpp
[69.416s] -- Up-to-date: /home/pavel/ws_ros2/install/px4_msgs/include/px4_msgs/px4_msgs/msg/detail/estimator_status_flags__rosidl_typesupport_fastrtps_cpp.hpp
[69.416s] -- Up-to-date: /home/pavel/ws_ros2/install/px4_msgs/include/px4_msgs/px4_msgs/msg/detail/satellite_info__rosidl_typesupport_fastrtps_cpp.hpp
[69.416s] -- Up-to-date: /home/pavel/ws_ros2/install/px4_msgs/include/px4_msgs/px4_msgs/msg/detail/parameter_set_value_response__rosidl_typesupport_fastrtps_cpp.hpp
[69.416s] -- Up-to-date: /home/pavel/ws_ros2/install/px4_msgs/include/px4_msgs/px4_msgs/msg/detail/estimator_bias__rosidl_typesupport_fastrtps_cpp.hpp
[69.416s] -- Up-to-date: /home/pavel/ws_ros2/install/px4_msgs/include/px4_msgs/px4_msgs/msg/detail/rc_channels__rosidl_typesupport_fastrtps_cpp.hpp
[69.416s] -- Up-to-date: /home/pavel/ws_ros2/install/px4_msgs/include/px4_msgs/px4_msgs/msg/detail/position_controller_landing_status__rosidl_typesupport_fastrtps_cpp.hpp
[69.416s] -- Up-to-date: /home/pavel/ws_ros2/install/px4_msgs/include/px4_msgs/px4_msgs/msg/detail/gimbal_manager_status__rosidl_typesupport_fastrtps_cpp.hpp
[69.416s] -- Up-to-date: /home/pavel/ws_ros2/install/px4_msgs/include/px4_msgs/px4_msgs/msg/detail/differential_pressure__rosidl_typesupport_fastrtps_cpp.hpp
[69.417s] -- Up-to-date: /home/pavel/ws_ros2/install/px4_msgs/include/px4_msgs/px4_msgs/msg/detail/collision_report__rosidl_typesupport_fastrtps_cpp.hpp
[69.417s] -- Up-to-date: /home/pavel/ws_ros2/install/px4_msgs/include/px4_msgs/px4_msgs/msg/detail/tiltrotor_extra_controls__rosidl_typesupport_fastrtps_cpp.hpp
[69.417s] -- Up-to-date: /home/pavel/ws_ros2/install/px4_msgs/include/px4_msgs/px4_msgs/msg/detail/autotune_attitude_control_status__rosidl_typesupport_fastrtps_cpp.hpp
[69.417s] -- Up-to-date: /home/pavel/ws_ros2/install/px4_msgs/include/px4_msgs/px4_msgs/msg/detail/vtol_vehicle_status__rosidl_typesupport_fastrtps_cpp.hpp
[69.417s] -- Up-to-date: /home/pavel/ws_ros2/install/px4_msgs/include/px4_msgs/px4_msgs/msg/detail/qshell_retval__rosidl_typesupport_fastrtps_cpp.hpp
[69.417s] -- Up-to-date: /home/pavel/ws_ros2/install/px4_msgs/include/px4_msgs/px4_msgs/msg/detail/vehicle_imu_status__rosidl_typesupport_fastrtps_cpp.hpp
[69.417s] -- Up-to-date: /home/pavel/ws_ros2/install/px4_msgs/include/px4_msgs/px4_msgs/msg/detail/npfg_status__rosidl_typesupport_fastrtps_cpp.hpp
[69.417s] -- Up-to-date: /home/pavel/ws_ros2/install/px4_msgs/include/px4_msgs/px4_msgs/msg/detail/sensor_preflight_mag__rosidl_typesupport_fastrtps_cpp.hpp
[69.417s] -- Up-to-date: /home/pavel/ws_ros2/install/px4_msgs/include/px4_msgs/px4_msgs/msg/detail/esc_status__rosidl_typesupport_fastrtps_cpp.hpp
[69.417s] -- Up-to-date: /home/pavel/ws_ros2/install/px4_msgs/include/px4_msgs/px4_msgs/msg/detail/debug_key_value__rosidl_typesupport_fastrtps_cpp.hpp
[69.417s] -- Up-to-date: /home/pavel/ws_ros2/install/px4_msgs/include/px4_msgs/px4_msgs/msg/detail/gimbal_device_information__rosidl_typesupport_fastrtps_cpp.hpp
[69.417s] -- Up-to-date: /home/pavel/ws_ros2/install/px4_msgs/include/px4_msgs/px4_msgs/msg/detail/failure_detector_status__rosidl_typesupport_fastrtps_cpp.hpp
[69.417s] -- Up-to-date: /home/pavel/ws_ros2/install/px4_msgs/include/px4_msgs/px4_msgs/msg/detail/follow_target_status__rosidl_typesupport_fastrtps_cpp.hpp
[69.417s] -- Up-to-date: /home/pavel/ws_ros2/install/px4_msgs/include/px4_msgs/px4_msgs/msg/detail/estimator_status__rosidl_typesupport_fastrtps_cpp.hpp
[69.417s] -- Up-to-date: /home/pavel/ws_ros2/install/px4_msgs/include/px4_msgs/px4_msgs/msg/detail/pps_capture__rosidl_typesupport_fastrtps_cpp.hpp
[69.417s] -- Up-to-date: /home/pavel/ws_ros2/install/px4_msgs/include/px4_msgs/px4_msgs/msg/detail/trajectory_waypoint__rosidl_typesupport_fastrtps_cpp.hpp
[69.417s] -- Up-to-date: /home/pavel/ws_ros2/install/px4_msgs/include/px4_msgs/px4_msgs/msg/detail/gpio_in__rosidl_typesupport_fastrtps_cpp.hpp
[69.417s] -- Up-to-date: /home/pavel/ws_ros2/install/px4_msgs/include/px4_msgs/px4_msgs/msg/detail/wheel_encoders__rosidl_typesupport_fastrtps_cpp.hpp
[69.417s] -- Up-to-date: /home/pavel/ws_ros2/install/px4_msgs/include/px4_msgs/px4_msgs/msg/detail/manual_control_setpoint__rosidl_typesupport_fastrtps_cpp.hpp
[69.417s] -- Up-to-date: /home/pavel/ws_ros2/install/px4_msgs/include/px4_msgs/px4_msgs/msg/detail/config_overrides__rosidl_typesupport_fastrtps_cpp.hpp
[69.417s] -- Up-to-date: /home/pavel/ws_ros2/install/px4_msgs/include/px4_msgs/px4_msgs/msg/detail/ulog_stream_ack__rosidl_typesupport_fastrtps_cpp.hpp
[69.417s] -- Up-to-date: /home/pavel/ws_ros2/install/px4_msgs/include/px4_msgs/px4_msgs/msg/detail/battery_status__rosidl_typesupport_fastrtps_cpp.hpp
[69.418s] -- Up-to-date: /home/pavel/ws_ros2/install/px4_msgs/include/px4_msgs/px4_msgs/msg/detail/vehicle_thrust_setpoint__rosidl_typesupport_fastrtps_cpp.hpp
[69.418s] -- Up-to-date: /home/pavel/ws_ros2/install/px4_msgs/include/px4_msgs/px4_msgs/msg/detail/mission_result__rosidl_typesupport_fastrtps_cpp.hpp
[69.418s] -- Up-to-date: /home/pavel/ws_ros2/install/px4_msgs/include/px4_msgs/px4_msgs/msg/detail/sensor_gyro__rosidl_typesupport_fastrtps_cpp.hpp
[69.418s] -- Up-to-date: /home/pavel/ws_ros2/install/px4_msgs/include/px4_msgs/px4_msgs/msg/detail/mag_worker_data__rosidl_typesupport_fastrtps_cpp.hpp
[69.418s] -- Up-to-date: /home/pavel/ws_ros2/install/px4_msgs/include/px4_msgs/px4_msgs/msg/detail/parameter_reset_request__rosidl_typesupport_fastrtps_cpp.hpp
[69.418s] -- Up-to-date: /home/pavel/ws_ros2/install/px4_msgs/include/px4_msgs/px4_msgs/msg/detail/debug_value__rosidl_typesupport_fastrtps_cpp.hpp
[69.418s] -- Up-to-date: /home/pavel/ws_ros2/install/px4_msgs/include/px4_msgs/px4_msgs/msg/detail/vehicle_air_data__rosidl_typesupport_fastrtps_cpp.hpp
[69.418s] -- Up-to-date: /home/pavel/ws_ros2/install/px4_msgs/include/px4_msgs/px4_msgs/msg/detail/vehicle_trajectory_bezier__rosidl_typesupport_fastrtps_cpp.hpp
[69.418s] -- Up-to-date: /home/pavel/ws_ros2/install/px4_msgs/include/px4_msgs/px4_msgs/msg/detail/message_format_request__rosidl_typesupport_fastrtps_cpp.hpp
[69.418s] -- Up-to-date: /home/pavel/ws_ros2/install/px4_msgs/include/px4_msgs/px4_msgs/msg/detail/vehicle_optical_flow_vel__rosidl_typesupport_fastrtps_cpp.hpp
[69.418s] -- Up-to-date: /home/pavel/ws_ros2/install/px4_msgs/include/px4_msgs/px4_msgs/msg/detail/takeoff_status__rosidl_typesupport_fastrtps_cpp.hpp
[69.418s] -- Up-to-date: /home/pavel/ws_ros2/install/px4_msgs/include/px4_msgs/px4_msgs/msg/detail/input_rc__rosidl_typesupport_fastrtps_cpp.hpp
[69.418s] -- Up-to-date: /home/pavel/ws_ros2/install/px4_msgs/include/px4_msgs/px4_msgs/msg/detail/gimbal_manager_set_manual_control__rosidl_typesupport_fastrtps_cpp.hpp
[69.418s] -- Up-to-date: /home/pavel/ws_ros2/install/px4_msgs/include/px4_msgs/px4_msgs/msg/detail/vehicle_command_ack__rosidl_typesupport_fastrtps_cpp.hpp
[69.418s] -- Up-to-date: /home/pavel/ws_ros2/install/px4_msgs/include/px4_msgs/px4_msgs/msg/detail/sensor_hygrometer__rosidl_typesupport_fastrtps_cpp.hpp
[69.418s] -- Up-to-date: /home/pavel/ws_ros2/install/px4_msgs/include/px4_msgs/px4_msgs/msg/detail/gimbal_manager_set_attitude__rosidl_typesupport_fastrtps_cpp.hpp
[69.418s] -- Up-to-date: /home/pavel/ws_ros2/install/px4_msgs/include/px4_msgs/px4_msgs/msg/detail/actuator_test__rosidl_typesupport_fastrtps_cpp.hpp
[69.418s] -- Up-to-date: /home/pavel/ws_ros2/install/px4_msgs/include/px4_msgs/px4_msgs/msg/detail/mode_completed__rosidl_typesupport_fastrtps_cpp.hpp
[69.418s] -- Up-to-date: /home/pavel/ws_ros2/install/px4_msgs/include/px4_msgs/px4_msgs/msg/detail/goto_setpoint__rosidl_typesupport_fastrtps_cpp.hpp
[69.418s] -- Up-to-date: /home/pavel/ws_ros2/install/px4_msgs/include/px4_msgs/px4_msgs/msg/detail/vehicle_local_position__rosidl_typesupport_fastrtps_cpp.hpp
[69.418s] -- Up-to-date: /home/pavel/ws_ros2/install/px4_msgs/include/px4_msgs/px4_msgs/msg/detail/mavlink_tunnel__rosidl_typesupport_fastrtps_cpp.hpp
[69.418s] -- Up-to-date: /home/pavel/ws_ros2/install/px4_msgs/include/px4_msgs/px4_msgs/msg/detail/power_monitor__rosidl_typesupport_fastrtps_cpp.hpp
[69.419s] -- Up-to-date: /home/pavel/ws_ros2/install/px4_msgs/include/px4_msgs/px4_msgs/msg/detail/actuator_motors__rosidl_typesupport_fastrtps_cpp.hpp
[69.419s] -- Up-to-date: /home/pavel/ws_ros2/install/px4_msgs/include/px4_msgs/px4_msgs/msg/detail/collision_constraints__rosidl_typesupport_fastrtps_cpp.hpp
[69.419s] -- Up-to-date: /home/pavel/ws_ros2/install/px4_msgs/include/px4_msgs/px4_msgs/msg/detail/landing_gear__rosidl_typesupport_fastrtps_cpp.hpp
[69.419s] -- Up-to-date: /home/pavel/ws_ros2/install/px4_msgs/include/px4_msgs/px4_msgs/msg/detail/arming_check_reply__rosidl_typesupport_fastrtps_cpp.hpp
[69.419s] -- Up-to-date: /home/pavel/ws_ros2/install/px4_msgs/include/px4_msgs/px4_msgs/msg/detail/position_setpoint_triplet__rosidl_typesupport_fastrtps_cpp.hpp
[69.419s] -- Up-to-date: /home/pavel/ws_ros2/install/px4_msgs/include/px4_msgs/px4_msgs/msg/detail/sensor_accel__rosidl_typesupport_fastrtps_cpp.hpp
[69.419s] -- Up-to-date: /home/pavel/ws_ros2/install/px4_msgs/include/px4_msgs/px4_msgs/msg/detail/event__rosidl_typesupport_fastrtps_cpp.hpp
[69.419s] -- Up-to-date: /home/pavel/ws_ros2/install/px4_msgs/include/px4_msgs/px4_msgs/msg/detail/orb_test_large__rosidl_typesupport_fastrtps_cpp.hpp
[69.419s] -- Up-to-date: /home/pavel/ws_ros2/install/px4_msgs/include/px4_msgs/px4_msgs/msg/detail/uavcan_parameter_request__rosidl_typesupport_fastrtps_cpp.hpp
[69.419s] -- Up-to-date: /home/pavel/ws_ros2/install/px4_msgs/include/px4_msgs/px4_msgs/msg/detail/actuator_servos__rosidl_typesupport_fastrtps_cpp.hpp
[69.419s] -- Up-to-date: /home/pavel/ws_ros2/install/px4_msgs/include/px4_msgs/px4_msgs/msg/detail/gripper__rosidl_typesupport_fastrtps_cpp.hpp
[69.419s] -- Up-to-date: /home/pavel/ws_ros2/install/px4_msgs/include/px4_msgs/px4_msgs/msg/detail/power_button_state__rosidl_typesupport_fastrtps_cpp.hpp
[69.419s] -- Up-to-date: /home/pavel/ws_ros2/install/px4_msgs/include/px4_msgs/px4_msgs/msg/detail/generator_status__rosidl_typesupport_fastrtps_cpp.hpp
[69.419s] -- Up-to-date: /home/pavel/ws_ros2/install/px4_msgs/include/px4_msgs/px4_msgs/msg/detail/onboard_computer_status__rosidl_typesupport_fastrtps_cpp.hpp
[69.419s] -- Up-to-date: /home/pavel/ws_ros2/install/px4_msgs/include/px4_msgs/px4_msgs/msg/detail/hover_thrust_estimate__rosidl_typesupport_fastrtps_cpp.hpp
[69.419s] -- Up-to-date: /home/pavel/ws_ros2/install/px4_msgs/include/px4_msgs/px4_msgs/msg/detail/action_request__rosidl_typesupport_fastrtps_cpp.hpp
[69.419s] -- Up-to-date: /home/pavel/ws_ros2/install/px4_msgs/include/px4_msgs/px4_msgs/msg/detail/mavlink_log__rosidl_typesupport_fastrtps_cpp.hpp
[69.419s] -- Up-to-date: /home/pavel/ws_ros2/install/px4_msgs/include/px4_msgs/px4_msgs/msg/detail/geofence_result__rosidl_typesupport_fastrtps_cpp.hpp
[69.419s] -- Up-to-date: /home/pavel/ws_ros2/install/px4_msgs/include/px4_msgs/px4_msgs/msg/detail/dds_fastrtps
[69.419s] -- Up-to-date: /home/pavel/ws_ros2/install/px4_msgs/include/px4_msgs/px4_msgs/msg/detail/vehicle_imu__rosidl_typesupport_fastrtps_cpp.hpp
[69.419s] -- Up-to-date: /home/pavel/ws_ros2/install/px4_msgs/include/px4_msgs/px4_msgs/msg/detail/vehicle_optical_flow__rosidl_typesupport_fastrtps_cpp.hpp
[69.420s] -- Up-to-date: /home/pavel/ws_ros2/install/px4_msgs/include/px4_msgs/px4_msgs/msg/detail/vehicle_land_detected__rosidl_typesupport_fastrtps_cpp.hpp
[69.420s] -- Up-to-date: /home/pavel/ws_ros2/install/px4_msgs/include/px4_msgs/px4_msgs/msg/detail/normalized_unsigned_setpoint__rosidl_typesupport_fastrtps_cpp.hpp
[69.420s] -- Up-to-date: /home/pavel/ws_ros2/install/px4_msgs/include/px4_msgs/px4_msgs/msg/detail/sensor_combined__rosidl_typesupport_fastrtps_cpp.hpp
[69.420s] -- Up-to-date: /home/pavel/ws_ros2/install/px4_msgs/include/px4_msgs/px4_msgs/msg/detail/mount_orientation__rosidl_typesupport_fastrtps_cpp.hpp
[69.420s] -- Up-to-date: /home/pavel/ws_ros2/install/px4_msgs/include/px4_msgs/px4_msgs/msg/detail/sensor_gyro_fifo__rosidl_typesupport_fastrtps_cpp.hpp
[69.420s] -- Up-to-date: /home/pavel/ws_ros2/install/px4_msgs/include/px4_msgs/px4_msgs/msg/detail/differential_drive_setpoint__rosidl_typesupport_fastrtps_cpp.hpp
[69.420s] -- Up-to-date: /home/pavel/ws_ros2/install/px4_msgs/include/px4_msgs/px4_msgs/msg/detail/navigator_mission_item__rosidl_typesupport_fastrtps_cpp.hpp
[69.420s] -- Up-to-date: /home/pavel/ws_ros2/install/px4_msgs/include/px4_msgs/px4_msgs/msg/detail/landing_target_innovations__rosidl_typesupport_fastrtps_cpp.hpp
[69.420s] -- Up-to-date: /home/pavel/ws_ros2/install/px4_msgs/include/px4_msgs/px4_msgs/msg/detail/airspeed_validated__rosidl_typesupport_fastrtps_cpp.hpp
[69.420s] -- Up-to-date: /home/pavel/ws_ros2/install/px4_msgs/include/px4_msgs/px4_msgs/msg/detail/estimator_gps_status__rosidl_typesupport_fastrtps_cpp.hpp
[69.420s] -- Up-to-date: /home/pavel/ws_ros2/install/px4_msgs/include/px4_msgs/px4_msgs/msg/detail/gpio_config__rosidl_typesupport_fastrtps_cpp.hpp
[69.420s] -- Up-to-date: /home/pavel/ws_ros2/install/px4_msgs/include/px4_msgs/px4_msgs/msg/detail/sensor_gyro_fft__rosidl_typesupport_fastrtps_cpp.hpp
[69.420s] -- Up-to-date: /home/pavel/ws_ros2/install/px4_msgs/include/px4_msgs/px4_msgs/msg/detail/dataman_request__rosidl_typesupport_fastrtps_cpp.hpp
[69.420s] -- Up-to-date: /home/pavel/ws_ros2/install/px4_msgs/include/px4_msgs/px4_msgs/msg/detail/wind__rosidl_typesupport_fastrtps_cpp.hpp
[69.420s] -- Up-to-date: /home/pavel/ws_ros2/install/px4_msgs/include/px4_msgs/px4_msgs/msg/detail/rate_ctrl_status__rosidl_typesupport_fastrtps_cpp.hpp
[69.420s] -- Up-to-date: /home/pavel/ws_ros2/install/px4_msgs/include/px4_msgs/px4_msgs/msg/detail/rc_parameter_map__rosidl_typesupport_fastrtps_cpp.hpp
[69.420s] -- Up-to-date: /home/pavel/ws_ros2/install/px4_msgs/include/px4_msgs/px4_msgs/msg/detail/orb_test__rosidl_typesupport_fastrtps_cpp.hpp
[69.420s] -- Up-to-date: /home/pavel/ws_ros2/install/px4_msgs/include/px4_msgs/px4_msgs/msg/detail/tecs_status__rosidl_typesupport_fastrtps_cpp.hpp
[69.420s] -- Up-to-date: /home/pavel/ws_ros2/install/px4_msgs/include/px4_msgs/px4_msgs/msg/detail/parameter_set_used_request__rosidl_typesupport_fastrtps_cpp.hpp
[69.420s] -- Up-to-date: /home/pavel/ws_ros2/install/px4_msgs/include/px4_msgs/px4_msgs/msg/detail/ping__rosidl_typesupport_fastrtps_cpp.hpp
[69.420s] -- Up-to-date: /home/pavel/ws_ros2/install/px4_msgs/include/px4_msgs/px4_msgs/msg/detail/radio_status__rosidl_typesupport_fastrtps_cpp.hpp
[69.420s] -- Up-to-date: /home/pavel/ws_ros2/install/px4_msgs/include/px4_msgs/px4_msgs/msg/detail/geofence_status__rosidl_typesupport_fastrtps_cpp.hpp
[69.421s] -- Up-to-date: /home/pavel/ws_ros2/install/px4_msgs/include/px4_msgs/px4_msgs/msg/detail/dataman_response__rosidl_typesupport_fastrtps_cpp.hpp
[69.421s] -- Up-to-date: /home/pavel/ws_ros2/install/px4_msgs/include/px4_msgs/px4_msgs/msg/detail/debug_array__rosidl_typesupport_fastrtps_cpp.hpp
[69.421s] -- Up-to-date: /home/pavel/ws_ros2/install/px4_msgs/include/px4_msgs/px4_msgs/msg/detail/gpio_out__rosidl_typesupport_fastrtps_cpp.hpp
[69.421s] -- Up-to-date: /home/pavel/ws_ros2/install/px4_msgs/include/px4_msgs/px4_msgs/msg/detail/qshell_req__rosidl_typesupport_fastrtps_cpp.hpp
[69.421s] -- Up-to-date: /home/pavel/ws_ros2/install/px4_msgs/include/px4_msgs/px4_msgs/msg/detail/parameter_set_value_request__rosidl_typesupport_fastrtps_cpp.hpp
[69.421s] -- Up-to-date: /home/pavel/ws_ros2/install/px4_msgs/include/px4_msgs/px4_msgs/msg/detail/adc_report__rosidl_typesupport_fastrtps_cpp.hpp
[69.421s] -- Up-to-date: /home/pavel/ws_ros2/install/px4_msgs/include/px4_msgs/px4_msgs/msg/detail/velocity_limits__rosidl_typesupport_fastrtps_cpp.hpp
[69.421s] -- Up-to-date: /home/pavel/ws_ros2/install/px4_msgs/include/px4_msgs/px4_msgs/msg/detail/estimator_sensor_bias__rosidl_typesupport_fastrtps_cpp.hpp
[69.421s] -- Up-to-date: /home/pavel/ws_ros2/install/px4_msgs/include/px4_msgs/px4_msgs/msg/detail/internal_combustion_engine_status__rosidl_typesupport_fastrtps_cpp.hpp
[69.421s] -- Up-to-date: /home/pavel/ws_ros2/install/px4_msgs/include/px4_msgs/px4_msgs/msg/detail/rtl_status__rosidl_typesupport_fastrtps_cpp.hpp
[69.421s] -- Up-to-date: /home/pavel/ws_ros2/install/px4_msgs/include/px4_msgs/px4_msgs/msg/detail/sensor_baro__rosidl_typesupport_fastrtps_cpp.hpp
[69.421s] -- Up-to-date: /home/pavel/ws_ros2/install/px4_msgs/include/px4_msgs/px4_msgs/msg/detail/vehicle_constraints__rosidl_typesupport_fastrtps_cpp.hpp
[69.421s] -- Up-to-date: /home/pavel/ws_ros2/install/px4_msgs/include/px4_msgs/px4_msgs/msg/detail/telemetry_status__rosidl_typesupport_fastrtps_cpp.hpp
[69.421s] -- Up-to-date: /home/pavel/ws_ros2/install/px4_msgs/include/px4_msgs/px4_msgs/msg/detail/home_position__rosidl_typesupport_fastrtps_cpp.hpp
[69.421s] -- Up-to-date: /home/pavel/ws_ros2/install/px4_msgs/include/px4_msgs/px4_msgs/msg/detail/gimbal_device_set_attitude__rosidl_typesupport_fastrtps_cpp.hpp
[69.421s] -- Up-to-date: /home/pavel/ws_ros2/install/px4_msgs/include/px4_msgs/px4_msgs/msg/detail/yaw_estimator_status__rosidl_typesupport_fastrtps_cpp.hpp
[69.421s] -- Up-to-date: /home/pavel/ws_ros2/install/px4_msgs/include/px4_msgs/px4_msgs/msg/detail/distance_sensor__rosidl_typesupport_fastrtps_cpp.hpp
[69.421s] -- Up-to-date: /home/pavel/ws_ros2/install/px4_msgs/include/px4_msgs/px4_msgs/msg/detail/estimator_aid_source3d__rosidl_typesupport_fastrtps_cpp.hpp
[69.421s] -- Up-to-date: /home/pavel/ws_ros2/install/px4_msgs/include/px4_msgs/px4_msgs/msg/detail/sensor_airflow__rosidl_typesupport_fastrtps_cpp.hpp
[69.421s] -- Up-to-date: /home/pavel/ws_ros2/install/px4_msgs/include/px4_msgs/px4_msgs/msg/detail/sensor_gps__rosidl_typesupport_fastrtps_cpp.hpp
[69.421s] -- Up-to-date: /home/pavel/ws_ros2/install/px4_msgs/include/px4_msgs/px4_msgs/msg/detail/buffer128__rosidl_typesupport_fastrtps_cpp.hpp
[69.422s] -- Up-to-date: /home/pavel/ws_ros2/install/px4_msgs/include/px4_msgs/px4_msgs/msg/detail/landing_gear_wheel__rosidl_typesupport_fastrtps_cpp.hpp
[69.422s] -- Up-to-date: /home/pavel/ws_ros2/install/px4_msgs/include/px4_msgs/px4_msgs/msg/detail/cpuload__rosidl_typesupport_fastrtps_cpp.hpp
[69.422s] -- Up-to-date: /home/pavel/ws_ros2/install/px4_msgs/include/px4_msgs/px4_msgs/msg/detail/button_event__rosidl_typesupport_fastrtps_cpp.hpp
[69.422s] -- Up-to-date: /home/pavel/ws_ros2/install/px4_msgs/include/px4_msgs/px4_msgs/msg/detail/camera_capture__rosidl_typesupport_fastrtps_cpp.hpp
[69.422s] -- Up-to-date: /home/pavel/ws_ros2/install/px4_msgs/include/px4_msgs/px4_msgs/msg/detail/vehicle_torque_setpoint__rosidl_typesupport_fastrtps_cpp.hpp
[69.422s] -- Up-to-date: /home/pavel/ws_ros2/install/px4_msgs/include/px4_msgs/px4_msgs/msg/detail/estimator_event_flags__rosidl_typesupport_fastrtps_cpp.hpp
[69.422s] -- Up-to-date: /home/pavel/ws_ros2/install/px4_msgs/include/px4_msgs/px4_msgs/msg/detail/manual_control_switches__rosidl_typesupport_fastrtps_cpp.hpp
[69.422s] -- Up-to-date: /home/pavel/ws_ros2/install/px4_msgs/include/px4_msgs/px4_msgs/msg/detail/launch_detection_status__rosidl_typesupport_fastrtps_cpp.hpp
[69.422s] -- Up-to-date: /home/pavel/ws_ros2/install/px4_msgs/include/px4_msgs/px4_msgs/msg/detail/pwm_input__rosidl_typesupport_fastrtps_cpp.hpp
[69.422s] -- Up-to-date: /home/pavel/ws_ros2/install/px4_msgs/include/px4_msgs/px4_msgs/msg/detail/uavcan_parameter_value__rosidl_typesupport_fastrtps_cpp.hpp
[69.422s] -- Up-to-date: /home/pavel/ws_ros2/install/px4_msgs/include/px4_msgs/px4_msgs/msg/detail/led_control__rosidl_typesupport_fastrtps_cpp.hpp
[69.422s] -- Up-to-date: /home/pavel/ws_ros2/install/px4_msgs/include/px4_msgs/px4_msgs/msg/detail/vehicle_acceleration__rosidl_typesupport_fastrtps_cpp.hpp
[69.422s] -- Up-to-date: /home/pavel/ws_ros2/install/px4_msgs/include/px4_msgs/px4_msgs/msg/detail/sensor_correction__rosidl_typesupport_fastrtps_cpp.hpp
[69.422s] -- Up-to-date: /home/pavel/ws_ros2/install/px4_msgs/include/px4_msgs/px4_msgs/msg/detail/sensor_optical_flow__rosidl_typesupport_fastrtps_cpp.hpp
[69.422s] -- Up-to-date: /home/pavel/ws_ros2/install/px4_msgs/include/px4_msgs/px4_msgs/msg/detail/fuel_tank_status__rosidl_typesupport_fastrtps_cpp.hpp
[69.422s] -- Up-to-date: /home/pavel/ws_ros2/install/px4_msgs/include/px4_msgs/px4_msgs/msg/detail/vehicle_roi__rosidl_typesupport_fastrtps_cpp.hpp
[69.422s] -- Up-to-date: /home/pavel/ws_ros2/install/px4_msgs/include/px4_msgs/px4_msgs/msg/detail/rpm__rosidl_typesupport_fastrtps_cpp.hpp
[69.422s] -- Up-to-date: /home/pavel/ws_ros2/install/px4_msgs/include/px4_msgs/px4_msgs/msg/detail/position_setpoint__rosidl_typesupport_fastrtps_cpp.hpp
[69.422s] -- Up-to-date: /home/pavel/ws_ros2/install/px4_msgs/include/px4_msgs/px4_msgs/msg/detail/actuator_armed__rosidl_typesupport_fastrtps_cpp.hpp
[69.422s] -- Up-to-date: /home/pavel/ws_ros2/install/px4_msgs/include/px4_msgs/px4_msgs/msg/detail/health_report__rosidl_typesupport_fastrtps_cpp.hpp
[69.422s] -- Up-to-date: /home/pavel/ws_ros2/install/px4_msgs/include/px4_msgs/px4_msgs/msg/detail/estimator_bias3d__rosidl_typesupport_fastrtps_cpp.hpp
[69.422s] -- Up-to-date: /home/pavel/ws_ros2/install/px4_msgs/include/px4_msgs/px4_msgs/msg/detail/orbit_status__rosidl_typesupport_fastrtps_cpp.hpp
[69.423s] -- Up-to-date: /home/pavel/ws_ros2/install/px4_msgs/include/px4_msgs/px4_msgs/msg/detail/vehicle_control_mode__rosidl_typesupport_fastrtps_cpp.hpp
[69.423s] -- Up-to-date: /home/pavel/ws_ros2/install/px4_msgs/include/px4_msgs/px4_msgs/msg/detail/actuator_controls_status__rosidl_typesupport_fastrtps_cpp.hpp
[69.423s] -- Up-to-date: /home/pavel/ws_ros2/install/px4_msgs/include/px4_msgs/px4_msgs/msg/detail/vehicle_status__rosidl_typesupport_fastrtps_cpp.hpp
[69.423s] -- Up-to-date: /home/pavel/ws_ros2/install/px4_msgs/include/px4_msgs/px4_msgs/msg/detail/vehicle_local_position_setpoint__rosidl_typesupport_fastrtps_cpp.hpp
[69.423s] -- Up-to-date: /home/pavel/ws_ros2/install/px4_msgs/include/px4_msgs/px4_msgs/msg/detail/control_allocator_status__rosidl_typesupport_fastrtps_cpp.hpp
[69.423s] -- Up-to-date: /home/pavel/ws_ros2/install/px4_msgs/include/px4_msgs/px4_msgs/msg/detail/airspeed_wind__rosidl_typesupport_fastrtps_cpp.hpp
[69.423s] -- Up-to-date: /home/pavel/ws_ros2/install/px4_msgs/include/px4_msgs/px4_msgs/msg/detail/estimator_innovations__rosidl_typesupport_fastrtps_cpp.hpp
[69.423s] -- Up-to-date: /home/pavel/ws_ros2/install/px4_msgs/include/px4_msgs/px4_msgs/msg/detail/vehicle_rates_setpoint__rosidl_typesupport_fastrtps_cpp.hpp
[69.423s] -- Up-to-date: /home/pavel/ws_ros2/install/px4_msgs/include/px4_msgs/px4_msgs/msg/detail/gpio_request__rosidl_typesupport_fastrtps_cpp.hpp
[69.423s] -- Up-to-date: /home/pavel/ws_ros2/install/px4_msgs/include/px4_msgs/px4_msgs/msg/detail/airspeed__rosidl_typesupport_fastrtps_cpp.hpp
[69.423s] -- Up-to-date: /home/pavel/ws_ros2/install/px4_msgs/include/px4_msgs/px4_msgs/msg/detail/vehicle_global_position__rosidl_typesupport_fastrtps_cpp.hpp
[69.423s] -- Up-to-date: /home/pavel/ws_ros2/install/px4_msgs/include/px4_msgs/px4_msgs/msg/detail/ekf2_timestamps__rosidl_typesupport_fastrtps_cpp.hpp
[69.423s] -- Up-to-date: /home/pavel/ws_ros2/install/px4_msgs/include/px4_msgs/px4_msgs/msg/detail/position_controller_status__rosidl_typesupport_fastrtps_cpp.hpp
[69.423s] -- Up-to-date: /home/pavel/ws_ros2/install/px4_msgs/include/px4_msgs/px4_msgs/msg/detail/mission__rosidl_typesupport_fastrtps_cpp.hpp
[69.423s] -- Up-to-date: /home/pavel/ws_ros2/install/px4_msgs/include/px4_msgs/px4_msgs/msg/detail/orb_test_medium__rosidl_typesupport_fastrtps_cpp.hpp
[69.423s] -- Up-to-date: /home/pavel/ws_ros2/install/px4_msgs/include/px4_msgs/px4_msgs/msg/detail/figure_eight_status__rosidl_typesupport_fastrtps_cpp.hpp
[69.423s] -- Up-to-date: /home/pavel/ws_ros2/install/px4_msgs/include/px4_msgs/px4_msgs/msg/detail/rtl_time_estimate__rosidl_typesupport_fastrtps_cpp.hpp
[69.423s] -- Up-to-date: /home/pavel/ws_ros2/install/px4_msgs/include/px4_msgs/px4_msgs/msg/detail/actuator_outputs__rosidl_typesupport_fastrtps_cpp.hpp
[69.423s] -- Up-to-date: /home/pavel/ws_ros2/install/px4_msgs/include/px4_msgs/px4_msgs/msg/detail/sensor_gnss_relative__rosidl_typesupport_fastrtps_cpp.hpp
[69.423s] -- Up-to-date: /home/pavel/ws_ros2/install/px4_msgs/include/px4_msgs/px4_msgs/msg/detail/esc_report__rosidl_typesupport_fastrtps_cpp.hpp
[69.423s] -- Up-to-date: /home/pavel/ws_ros2/install/px4_msgs/include/px4_msgs/px4_msgs/msg/detail/follow_target__rosidl_typesupport_fastrtps_cpp.hpp
[69.423s] -- Up-to-date: /home/pavel/ws_ros2/install/px4_msgs/include/px4_msgs/px4_msgs/msg/detail/heater_status__rosidl_typesupport_fastrtps_cpp.hpp
[69.424s] -- Up-to-date: /home/pavel/ws_ros2/install/px4_msgs/include/px4_msgs/px4_msgs/msg/detail/gps_inject_data__rosidl_typesupport_fastrtps_cpp.hpp
[69.424s] -- Up-to-date: /home/pavel/ws_ros2/install/px4_msgs/include/px4_msgs/px4_msgs/msg/detail/sensor_mag__rosidl_typesupport_fastrtps_cpp.hpp
[69.424s] -- Up-to-date: /home/pavel/ws_ros2/install/px4_msgs/include/px4_msgs/px4_msgs/msg/rosidl_typesupport_fastrtps_cpp__visibility_control.h
[69.424s] -- Installing: /home/pavel/ws_ros2/install/px4_msgs/lib/libpx4_msgs__rosidl_typesupport_fastrtps_cpp.so
[69.424s] -- Set runtime path of "/home/pavel/ws_ros2/install/px4_msgs/lib/libpx4_msgs__rosidl_typesupport_fastrtps_cpp.so" to ""
[69.424s] -- Up-to-date: /home/pavel/ws_ros2/install/px4_msgs/include/px4_msgs/px4_msgs
[69.424s] -- Up-to-date: /home/pavel/ws_ros2/install/px4_msgs/include/px4_msgs/px4_msgs/srv
[69.424s] -- Up-to-date: /home/pavel/ws_ros2/install/px4_msgs/include/px4_msgs/px4_msgs/srv/detail
[69.424s] -- Up-to-date: /home/pavel/ws_ros2/install/px4_msgs/include/px4_msgs/px4_msgs/srv/detail/vehicle_command__rosidl_typesupport_introspection_c.h
[69.424s] -- Up-to-date: /home/pavel/ws_ros2/install/px4_msgs/include/px4_msgs/px4_msgs/srv/detail/vehicle_command__type_support.c
[69.424s] -- Up-to-date: /home/pavel/ws_ros2/install/px4_msgs/include/px4_msgs/px4_msgs/msg
[69.424s] -- Up-to-date: /home/pavel/ws_ros2/install/px4_msgs/include/px4_msgs/px4_msgs/msg/detail
[69.424s] -- Up-to-date: /home/pavel/ws_ros2/install/px4_msgs/include/px4_msgs/px4_msgs/msg/detail/gimbal_controls__type_support.c
[69.424s] -- Up-to-date: /home/pavel/ws_ros2/install/px4_msgs/include/px4_msgs/px4_msgs/msg/detail/vehicle_attitude_setpoint__rosidl_typesupport_introspection_c.h
[69.424s] -- Up-to-date: /home/pavel/ws_ros2/install/px4_msgs/include/px4_msgs/px4_msgs/msg/detail/gimbal_manager_information__rosidl_typesupport_introspection_c.h
[69.424s] -- Up-to-date: /home/pavel/ws_ros2/install/px4_msgs/include/px4_msgs/px4_msgs/msg/detail/failsafe_flags__rosidl_typesupport_introspection_c.h
[69.424s] -- Up-to-date: /home/pavel/ws_ros2/install/px4_msgs/include/px4_msgs/px4_msgs/msg/detail/actuator_test__rosidl_typesupport_introspection_c.h
[69.424s] -- Up-to-date: /home/pavel/ws_ros2/install/px4_msgs/include/px4_msgs/px4_msgs/msg/detail/landing_gear__type_support.c
[69.424s] -- Up-to-date: /home/pavel/ws_ros2/install/px4_msgs/include/px4_msgs/px4_msgs/msg/detail/trajectory_bezier__rosidl_typesupport_introspection_c.h
[69.424s] -- Up-to-date: /home/pavel/ws_ros2/install/px4_msgs/include/px4_msgs/px4_msgs/msg/detail/goto_setpoint__type_support.c
[69.424s] -- Up-to-date: /home/pavel/ws_ros2/install/px4_msgs/include/px4_msgs/px4_msgs/msg/detail/sensor_accel_fifo__type_support.c
[69.425s] -- Up-to-date: /home/pavel/ws_ros2/install/px4_msgs/include/px4_msgs/px4_msgs/msg/detail/qshell_retval__type_support.c
[69.425s] -- Up-to-date: /home/pavel/ws_ros2/install/px4_msgs/include/px4_msgs/px4_msgs/msg/detail/estimator_bias3d__type_support.c
[69.425s] -- Up-to-date: /home/pavel/ws_ros2/install/px4_msgs/include/px4_msgs/px4_msgs/msg/detail/generator_status__rosidl_typesupport_introspection_c.h
[69.425s] -- Up-to-date: /home/pavel/ws_ros2/install/px4_msgs/include/px4_msgs/px4_msgs/msg/detail/sensor_preflight_mag__type_support.c
[69.425s] -- Up-to-date: /home/pavel/ws_ros2/install/px4_msgs/include/px4_msgs/px4_msgs/msg/detail/geofence_result__rosidl_typesupport_introspection_c.h
[69.425s] -- Up-to-date: /home/pavel/ws_ros2/install/px4_msgs/include/px4_msgs/px4_msgs/msg/detail/sensor_gps__type_support.c
[69.425s] -- Up-to-date: /home/pavel/ws_ros2/install/px4_msgs/include/px4_msgs/px4_msgs/msg/detail/vehicle_roi__rosidl_typesupport_introspection_c.h
[69.425s] -- Up-to-date: /home/pavel/ws_ros2/install/px4_msgs/include/px4_msgs/px4_msgs/msg/detail/vehicle_global_position__type_support.c
[69.425s] -- Up-to-date: /home/pavel/ws_ros2/install/px4_msgs/include/px4_msgs/px4_msgs/msg/detail/orb_test__type_support.c
[69.425s] -- Up-to-date: /home/pavel/ws_ros2/install/px4_msgs/include/px4_msgs/px4_msgs/msg/detail/gimbal_controls__rosidl_typesupport_introspection_c.h
[69.425s] -- Up-to-date: /home/pavel/ws_ros2/install/px4_msgs/include/px4_msgs/px4_msgs/msg/detail/sensors_status__rosidl_typesupport_introspection_c.h
[69.425s] -- Up-to-date: /home/pavel/ws_ros2/install/px4_msgs/include/px4_msgs/px4_msgs/msg/detail/takeoff_status__rosidl_typesupport_introspection_c.h
[69.425s] -- Up-to-date: /home/pavel/ws_ros2/install/px4_msgs/include/px4_msgs/px4_msgs/msg/detail/magnetometer_bias_estimate__type_support.c
[69.425s] -- Up-to-date: /home/pavel/ws_ros2/install/px4_msgs/include/px4_msgs/px4_msgs/msg/detail/logger_status__rosidl_typesupport_introspection_c.h
[69.425s] -- Up-to-date: /home/pavel/ws_ros2/install/px4_msgs/include/px4_msgs/px4_msgs/msg/detail/register_ext_component_request__type_support.c
[69.425s] -- Up-to-date: /home/pavel/ws_ros2/install/px4_msgs/include/px4_msgs/px4_msgs/msg/detail/satellite_info__type_support.c
[69.425s] -- Up-to-date: /home/pavel/ws_ros2/install/px4_msgs/include/px4_msgs/px4_msgs/msg/detail/input_rc__type_support.c
[69.425s] -- Up-to-date: /home/pavel/ws_ros2/install/px4_msgs/include/px4_msgs/px4_msgs/msg/detail/estimator_event_flags__rosidl_typesupport_introspection_c.h
[69.425s] -- Up-to-date: /home/pavel/ws_ros2/install/px4_msgs/include/px4_msgs/px4_msgs/msg/detail/qshell_req__rosidl_typesupport_introspection_c.h
[69.425s] -- Up-to-date: /home/pavel/ws_ros2/install/px4_msgs/include/px4_msgs/px4_msgs/msg/detail/arming_check_reply__rosidl_typesupport_introspection_c.h
[69.425s] -- Up-to-date: /home/pavel/ws_ros2/install/px4_msgs/include/px4_msgs/px4_msgs/msg/detail/can_interface_status__type_support.c
[69.425s] -- Up-to-date: /home/pavel/ws_ros2/install/px4_msgs/include/px4_msgs/px4_msgs/msg/detail/manual_control_setpoint__rosidl_typesupport_introspection_c.h
[69.426s] -- Up-to-date: /home/pavel/ws_ros2/install/px4_msgs/include/px4_msgs/px4_msgs/msg/detail/gpio_out__rosidl_typesupport_introspection_c.h
[69.426s] -- Up-to-date: /home/pavel/ws_ros2/install/px4_msgs/include/px4_msgs/px4_msgs/msg/detail/dataman_response__type_support.c
[69.426s] -- Up-to-date: /home/pavel/ws_ros2/install/px4_msgs/include/px4_msgs/px4_msgs/msg/detail/vehicle_thrust_setpoint__rosidl_typesupport_introspection_c.h
[69.426s] -- Up-to-date: /home/pavel/ws_ros2/install/px4_msgs/include/px4_msgs/px4_msgs/msg/detail/tecs_status__type_support.c
[69.426s] -- Up-to-date: /home/pavel/ws_ros2/install/px4_msgs/include/px4_msgs/px4_msgs/msg/detail/estimator_sensor_bias__type_support.c
[69.426s] -- Up-to-date: /home/pavel/ws_ros2/install/px4_msgs/include/px4_msgs/px4_msgs/msg/detail/dataman_response__rosidl_typesupport_introspection_c.h
[69.426s] -- Up-to-date: /home/pavel/ws_ros2/install/px4_msgs/include/px4_msgs/px4_msgs/msg/detail/vehicle_imu__type_support.c
[69.426s] -- Up-to-date: /home/pavel/ws_ros2/install/px4_msgs/include/px4_msgs/px4_msgs/msg/detail/camera_status__type_support.c
[69.426s] -- Up-to-date: /home/pavel/ws_ros2/install/px4_msgs/include/px4_msgs/px4_msgs/msg/detail/position_setpoint_triplet__rosidl_typesupport_introspection_c.h
[69.426s] -- Up-to-date: /home/pavel/ws_ros2/install/px4_msgs/include/px4_msgs/px4_msgs/msg/detail/config_overrides__type_support.c
[69.426s] -- Up-to-date: /home/pavel/ws_ros2/install/px4_msgs/include/px4_msgs/px4_msgs/msg/detail/sensor_baro__rosidl_typesupport_introspection_c.h
[69.426s] -- Up-to-date: /home/pavel/ws_ros2/install/px4_msgs/include/px4_msgs/px4_msgs/msg/detail/parameter_update__type_support.c
[69.426s] -- Up-to-date: /home/pavel/ws_ros2/install/px4_msgs/include/px4_msgs/px4_msgs/msg/detail/mount_orientation__rosidl_typesupport_introspection_c.h
[69.426s] -- Up-to-date: /home/pavel/ws_ros2/install/px4_msgs/include/px4_msgs/px4_msgs/msg/detail/wheel_encoders__type_support.c
[69.426s] -- Up-to-date: /home/pavel/ws_ros2/install/px4_msgs/include/px4_msgs/px4_msgs/msg/detail/mavlink_log__type_support.c
[69.426s] -- Up-to-date: /home/pavel/ws_ros2/install/px4_msgs/include/px4_msgs/px4_msgs/msg/detail/vehicle_local_position_setpoint__type_support.c
[69.426s] -- Up-to-date: /home/pavel/ws_ros2/install/px4_msgs/include/px4_msgs/px4_msgs/msg/detail/estimator_states__type_support.c
[69.426s] -- Up-to-date: /home/pavel/ws_ros2/install/px4_msgs/include/px4_msgs/px4_msgs/msg/detail/pwm_input__rosidl_typesupport_introspection_c.h
[69.426s] -- Up-to-date: /home/pavel/ws_ros2/install/px4_msgs/include/px4_msgs/px4_msgs/msg/detail/trajectory_bezier__type_support.c
[69.426s] -- Up-to-date: /home/pavel/ws_ros2/install/px4_msgs/include/px4_msgs/px4_msgs/msg/detail/rate_ctrl_status__type_support.c
[69.426s] -- Up-to-date: /home/pavel/ws_ros2/install/px4_msgs/include/px4_msgs/px4_msgs/msg/detail/sensor_uwb__rosidl_typesupport_introspection_c.h
[69.426s] -- Up-to-date: /home/pavel/ws_ros2/install/px4_msgs/include/px4_msgs/px4_msgs/msg/detail/sensor_gyro_fifo__rosidl_typesupport_introspection_c.h
[69.427s] -- Up-to-date: /home/pavel/ws_ros2/install/px4_msgs/include/px4_msgs/px4_msgs/msg/detail/gimbal_manager_status__type_support.c
[69.427s] -- Up-to-date: /home/pavel/ws_ros2/install/px4_msgs/include/px4_msgs/px4_msgs/msg/detail/control_allocator_status__type_support.c
[69.427s] -- Up-to-date: /home/pavel/ws_ros2/install/px4_msgs/include/px4_msgs/px4_msgs/msg/detail/sensor_optical_flow__type_support.c
[69.427s] -- Up-to-date: /home/pavel/ws_ros2/install/px4_msgs/include/px4_msgs/px4_msgs/msg/detail/input_rc__rosidl_typesupport_introspection_c.h
[69.427s] -- Up-to-date: /home/pavel/ws_ros2/install/px4_msgs/include/px4_msgs/px4_msgs/msg/detail/register_ext_component_reply__rosidl_typesupport_introspection_c.h
[69.427s] -- Up-to-date: /home/pavel/ws_ros2/install/px4_msgs/include/px4_msgs/px4_msgs/msg/detail/vehicle_trajectory_waypoint__rosidl_typesupport_introspection_c.h
[69.427s] -- Up-to-date: /home/pavel/ws_ros2/install/px4_msgs/include/px4_msgs/px4_msgs/msg/detail/power_button_state__rosidl_typesupport_introspection_c.h
[69.427s] -- Up-to-date: /home/pavel/ws_ros2/install/px4_msgs/include/px4_msgs/px4_msgs/msg/detail/vehicle_control_mode__type_support.c
[69.427s] -- Up-to-date: /home/pavel/ws_ros2/install/px4_msgs/include/px4_msgs/px4_msgs/msg/detail/vehicle_air_data__type_support.c
[69.427s] -- Up-to-date: /home/pavel/ws_ros2/install/px4_msgs/include/px4_msgs/px4_msgs/msg/detail/rtl_time_estimate__rosidl_typesupport_introspection_c.h
[69.427s] -- Up-to-date: /home/pavel/ws_ros2/install/px4_msgs/include/px4_msgs/px4_msgs/msg/detail/vehicle_angular_velocity__type_support.c
[69.427s] -- Up-to-date: /home/pavel/ws_ros2/install/px4_msgs/include/px4_msgs/px4_msgs/msg/detail/gpio_in__type_support.c
[69.427s] -- Up-to-date: /home/pavel/ws_ros2/install/px4_msgs/include/px4_msgs/px4_msgs/msg/detail/airspeed_validated__type_support.c
[69.427s] -- Up-to-date: /home/pavel/ws_ros2/install/px4_msgs/include/px4_msgs/px4_msgs/msg/detail/failsafe_flags__type_support.c
[69.427s] -- Up-to-date: /home/pavel/ws_ros2/install/px4_msgs/include/px4_msgs/px4_msgs/msg/detail/actuator_outputs__rosidl_typesupport_introspection_c.h
[69.427s] -- Up-to-date: /home/pavel/ws_ros2/install/px4_msgs/include/px4_msgs/px4_msgs/msg/detail/actuator_servos_trim__rosidl_typesupport_introspection_c.h
[69.427s] -- Up-to-date: /home/pavel/ws_ros2/install/px4_msgs/include/px4_msgs/px4_msgs/msg/detail/collision_report__type_support.c
[69.427s] -- Up-to-date: /home/pavel/ws_ros2/install/px4_msgs/include/px4_msgs/px4_msgs/msg/detail/vehicle_trajectory_waypoint__type_support.c
[69.427s] -- Up-to-date: /home/pavel/ws_ros2/install/px4_msgs/include/px4_msgs/px4_msgs/msg/detail/airspeed__type_support.c
[69.427s] -- Up-to-date: /home/pavel/ws_ros2/install/px4_msgs/include/px4_msgs/px4_msgs/msg/detail/hover_thrust_estimate__type_support.c
[69.427s] -- Up-to-date: /home/pavel/ws_ros2/install/px4_msgs/include/px4_msgs/px4_msgs/msg/detail/qshell_req__type_support.c
[69.427s] -- Up-to-date: /home/pavel/ws_ros2/install/px4_msgs/include/px4_msgs/px4_msgs/msg/detail/message_format_request__rosidl_typesupport_introspection_c.h
[69.428s] -- Up-to-date: /home/pavel/ws_ros2/install/px4_msgs/include/px4_msgs/px4_msgs/msg/detail/ulog_stream_ack__rosidl_typesupport_introspection_c.h
[69.428s] -- Up-to-date: /home/pavel/ws_ros2/install/px4_msgs/include/px4_msgs/px4_msgs/msg/detail/actuator_motors__rosidl_typesupport_introspection_c.h
[69.428s] -- Up-to-date: /home/pavel/ws_ros2/install/px4_msgs/include/px4_msgs/px4_msgs/msg/detail/geofence_result__type_support.c
[69.428s] -- Up-to-date: /home/pavel/ws_ros2/install/px4_msgs/include/px4_msgs/px4_msgs/msg/detail/obstacle_distance__rosidl_typesupport_introspection_c.h
[69.428s] -- Up-to-date: /home/pavel/ws_ros2/install/px4_msgs/include/px4_msgs/px4_msgs/msg/detail/debug_value__type_support.c
[69.428s] -- Up-to-date: /home/pavel/ws_ros2/install/px4_msgs/include/px4_msgs/px4_msgs/msg/detail/actuator_outputs__type_support.c
[69.428s] -- Up-to-date: /home/pavel/ws_ros2/install/px4_msgs/include/px4_msgs/px4_msgs/msg/detail/estimator_bias__type_support.c
[69.428s] -- Up-to-date: /home/pavel/ws_ros2/install/px4_msgs/include/px4_msgs/px4_msgs/msg/detail/task_stack_info__rosidl_typesupport_introspection_c.h
[69.428s] -- Up-to-date: /home/pavel/ws_ros2/install/px4_msgs/include/px4_msgs/px4_msgs/msg/detail/log_message__type_support.c
[69.428s] -- Up-to-date: /home/pavel/ws_ros2/install/px4_msgs/include/px4_msgs/px4_msgs/msg/detail/pps_capture__type_support.c
[69.428s] -- Up-to-date: /home/pavel/ws_ros2/install/px4_msgs/include/px4_msgs/px4_msgs/msg/detail/sensors_status_imu__rosidl_typesupport_introspection_c.h
[69.428s] -- Up-to-date: /home/pavel/ws_ros2/install/px4_msgs/include/px4_msgs/px4_msgs/msg/detail/vehicle_torque_setpoint__rosidl_typesupport_introspection_c.h
[69.428s] -- Up-to-date: /home/pavel/ws_ros2/install/px4_msgs/include/px4_msgs/px4_msgs/msg/detail/vehicle_status__rosidl_typesupport_introspection_c.h
[69.428s] -- Up-to-date: /home/pavel/ws_ros2/install/px4_msgs/include/px4_msgs/px4_msgs/msg/detail/estimator_event_flags__type_support.c
[69.428s] -- Up-to-date: /home/pavel/ws_ros2/install/px4_msgs/include/px4_msgs/px4_msgs/msg/detail/vehicle_command_ack__rosidl_typesupport_introspection_c.h
[69.428s] -- Up-to-date: /home/pavel/ws_ros2/install/px4_msgs/include/px4_msgs/px4_msgs/msg/detail/transponder_report__type_support.c
[69.428s] -- Up-to-date: /home/pavel/ws_ros2/install/px4_msgs/include/px4_msgs/px4_msgs/msg/detail/follow_target_status__type_support.c
[69.428s] -- Up-to-date: /home/pavel/ws_ros2/install/px4_msgs/include/px4_msgs/px4_msgs/msg/detail/actuator_test__type_support.c
[69.428s] -- Up-to-date: /home/pavel/ws_ros2/install/px4_msgs/include/px4_msgs/px4_msgs/msg/detail/npfg_status__rosidl_typesupport_introspection_c.h
[69.428s] -- Up-to-date: /home/pavel/ws_ros2/install/px4_msgs/include/px4_msgs/px4_msgs/msg/detail/landing_target_innovations__rosidl_typesupport_introspection_c.h
[69.428s] -- Up-to-date: /home/pavel/ws_ros2/install/px4_msgs/include/px4_msgs/px4_msgs/msg/detail/position_setpoint_triplet__type_support.c
[69.429s] -- Up-to-date: /home/pavel/ws_ros2/install/px4_msgs/include/px4_msgs/px4_msgs/msg/detail/landing_target_innovations__type_support.c
[69.429s] -- Up-to-date: /home/pavel/ws_ros2/install/px4_msgs/include/px4_msgs/px4_msgs/msg/detail/sensor_accel__rosidl_typesupport_introspection_c.h
[69.429s] -- Up-to-date: /home/pavel/ws_ros2/install/px4_msgs/include/px4_msgs/px4_msgs/msg/detail/buffer128__rosidl_typesupport_introspection_c.h
[69.429s] -- Up-to-date: /home/pavel/ws_ros2/install/px4_msgs/include/px4_msgs/px4_msgs/msg/detail/actuator_servos_trim__type_support.c
[69.429s] -- Up-to-date: /home/pavel/ws_ros2/install/px4_msgs/include/px4_msgs/px4_msgs/msg/detail/trajectory_waypoint__rosidl_typesupport_introspection_c.h
[69.429s] -- Up-to-date: /home/pavel/ws_ros2/install/px4_msgs/include/px4_msgs/px4_msgs/msg/detail/follow_target_status__rosidl_typesupport_introspection_c.h
[69.429s] -- Up-to-date: /home/pavel/ws_ros2/install/px4_msgs/include/px4_msgs/px4_msgs/msg/detail/launch_detection_status__type_support.c
[69.429s] -- Up-to-date: /home/pavel/ws_ros2/install/px4_msgs/include/px4_msgs/px4_msgs/msg/detail/position_controller_status__type_support.c
[69.429s] -- Up-to-date: /home/pavel/ws_ros2/install/px4_msgs/include/px4_msgs/px4_msgs/msg/detail/geofence_status__type_support.c
[69.429s] -- Up-to-date: /home/pavel/ws_ros2/install/px4_msgs/include/px4_msgs/px4_msgs/msg/detail/sensor_gyro_fft__type_support.c
[69.429s] -- Up-to-date: /home/pavel/ws_ros2/install/px4_msgs/include/px4_msgs/px4_msgs/msg/detail/differential_pressure__type_support.c
[69.429s] -- Up-to-date: /home/pavel/ws_ros2/install/px4_msgs/include/px4_msgs/px4_msgs/msg/detail/vehicle_attitude__rosidl_typesupport_introspection_c.h
[69.429s] -- Up-to-date: /home/pavel/ws_ros2/install/px4_msgs/include/px4_msgs/px4_msgs/msg/detail/camera_status__rosidl_typesupport_introspection_c.h
[69.429s] -- Up-to-date: /home/pavel/ws_ros2/install/px4_msgs/include/px4_msgs/px4_msgs/msg/detail/gps_dump__rosidl_typesupport_introspection_c.h
[69.429s] -- Up-to-date: /home/pavel/ws_ros2/install/px4_msgs/include/px4_msgs/px4_msgs/msg/detail/sensor_selection__rosidl_typesupport_introspection_c.h
[69.429s] -- Up-to-date: /home/pavel/ws_ros2/install/px4_msgs/include/px4_msgs/px4_msgs/msg/detail/gripper__rosidl_typesupport_introspection_c.h
[69.429s] -- Up-to-date: /home/pavel/ws_ros2/install/px4_msgs/include/px4_msgs/px4_msgs/msg/detail/gimbal_manager_set_attitude__type_support.c
[69.429s] -- Up-to-date: /home/pavel/ws_ros2/install/px4_msgs/include/px4_msgs/px4_msgs/msg/detail/estimator_aid_source1d__rosidl_typesupport_introspection_c.h
[69.429s] -- Up-to-date: /home/pavel/ws_ros2/install/px4_msgs/include/px4_msgs/px4_msgs/msg/detail/sensor_correction__type_support.c
[69.429s] -- Up-to-date: /home/pavel/ws_ros2/install/px4_msgs/include/px4_msgs/px4_msgs/msg/detail/esc_report__rosidl_typesupport_introspection_c.h
[69.429s] -- Up-to-date: /home/pavel/ws_ros2/install/px4_msgs/include/px4_msgs/px4_msgs/msg/detail/rtl_time_estimate__type_support.c
[69.429s] -- Up-to-date: /home/pavel/ws_ros2/install/px4_msgs/include/px4_msgs/px4_msgs/msg/detail/sensor_gyro_fft__rosidl_typesupport_introspection_c.h
[69.430s] -- Up-to-date: /home/pavel/ws_ros2/install/px4_msgs/include/px4_msgs/px4_msgs/msg/detail/differential_drive_setpoint__rosidl_typesupport_introspection_c.h
[69.430s] -- Up-to-date: /home/pavel/ws_ros2/install/px4_msgs/include/px4_msgs/px4_msgs/msg/detail/manual_control_setpoint__type_support.c
[69.430s] -- Up-to-date: /home/pavel/ws_ros2/install/px4_msgs/include/px4_msgs/px4_msgs/msg/detail/flight_phase_estimation__type_support.c
[69.430s] -- Up-to-date: /home/pavel/ws_ros2/install/px4_msgs/include/px4_msgs/px4_msgs/msg/detail/timesync_status__rosidl_typesupport_introspection_c.h
[69.430s] -- Up-to-date: /home/pavel/ws_ros2/install/px4_msgs/include/px4_msgs/px4_msgs/msg/detail/differential_pressure__rosidl_typesupport_introspection_c.h
[69.430s] -- Up-to-date: /home/pavel/ws_ros2/install/px4_msgs/include/px4_msgs/px4_msgs/msg/detail/parameter_set_value_response__type_support.c
[69.430s] -- Up-to-date: /home/pavel/ws_ros2/install/px4_msgs/include/px4_msgs/px4_msgs/msg/detail/ulog_stream__rosidl_typesupport_introspection_c.h
[69.430s] -- Up-to-date: /home/pavel/ws_ros2/install/px4_msgs/include/px4_msgs/px4_msgs/msg/detail/led_control__rosidl_typesupport_introspection_c.h
[69.430s] -- Up-to-date: /home/pavel/ws_ros2/install/px4_msgs/include/px4_msgs/px4_msgs/msg/detail/heater_status__rosidl_typesupport_introspection_c.h
[69.430s] -- Up-to-date: /home/pavel/ws_ros2/install/px4_msgs/include/px4_msgs/px4_msgs/msg/detail/gimbal_manager_set_manual_control__type_support.c
[69.430s] -- Up-to-date: /home/pavel/ws_ros2/install/px4_msgs/include/px4_msgs/px4_msgs/msg/detail/ping__type_support.c
[69.430s] -- Up-to-date: /home/pavel/ws_ros2/install/px4_msgs/include/px4_msgs/px4_msgs/msg/detail/rate_ctrl_status__rosidl_typesupport_introspection_c.h
[69.430s] -- Up-to-date: /home/pavel/ws_ros2/install/px4_msgs/include/px4_msgs/px4_msgs/msg/detail/parameter_update__rosidl_typesupport_introspection_c.h
[69.430s] -- Up-to-date: /home/pavel/ws_ros2/install/px4_msgs/include/px4_msgs/px4_msgs/msg/detail/vehicle_land_detected__rosidl_typesupport_introspection_c.h
[69.430s] -- Up-to-date: /home/pavel/ws_ros2/install/px4_msgs/include/px4_msgs/px4_msgs/msg/detail/health_report__type_support.c
[69.430s] -- Up-to-date: /home/pavel/ws_ros2/install/px4_msgs/include/px4_msgs/px4_msgs/msg/detail/rpm__type_support.c
[69.430s] -- Up-to-date: /home/pavel/ws_ros2/install/px4_msgs/include/px4_msgs/px4_msgs/msg/detail/vehicle_optical_flow_vel__type_support.c
[69.430s] -- Up-to-date: /home/pavel/ws_ros2/install/px4_msgs/include/px4_msgs/px4_msgs/msg/detail/vehicle_constraints__rosidl_typesupport_introspection_c.h
[69.430s] -- Up-to-date: /home/pavel/ws_ros2/install/px4_msgs/include/px4_msgs/px4_msgs/msg/detail/event__type_support.c
[69.430s] -- Up-to-date: /home/pavel/ws_ros2/install/px4_msgs/include/px4_msgs/px4_msgs/msg/detail/px4io_status__rosidl_typesupport_introspection_c.h
[69.430s] -- Up-to-date: /home/pavel/ws_ros2/install/px4_msgs/include/px4_msgs/px4_msgs/msg/detail/landing_gear_wheel__type_support.c
[69.430s] -- Up-to-date: /home/pavel/ws_ros2/install/px4_msgs/include/px4_msgs/px4_msgs/msg/detail/led_control__type_support.c
[69.431s] -- Up-to-date: /home/pavel/ws_ros2/install/px4_msgs/include/px4_msgs/px4_msgs/msg/detail/gimbal_device_attitude_status__type_support.c
[69.431s] -- Up-to-date: /home/pavel/ws_ros2/install/px4_msgs/include/px4_msgs/px4_msgs/msg/detail/sensor_selection__type_support.c
[69.431s] -- Up-to-date: /home/pavel/ws_ros2/install/px4_msgs/include/px4_msgs/px4_msgs/msg/detail/vehicle_attitude__type_support.c
[69.431s] -- Up-to-date: /home/pavel/ws_ros2/install/px4_msgs/include/px4_msgs/px4_msgs/msg/detail/battery_status__type_support.c
[69.431s] -- Up-to-date: /home/pavel/ws_ros2/install/px4_msgs/include/px4_msgs/px4_msgs/msg/detail/sensors_status_imu__type_support.c
[69.431s] -- Up-to-date: /home/pavel/ws_ros2/install/px4_msgs/include/px4_msgs/px4_msgs/msg/detail/mode_completed__type_support.c
[69.431s] -- Up-to-date: /home/pavel/ws_ros2/install/px4_msgs/include/px4_msgs/px4_msgs/msg/detail/debug_vect__type_support.c
[69.431s] -- Up-to-date: /home/pavel/ws_ros2/install/px4_msgs/include/px4_msgs/px4_msgs/msg/detail/gpio_config__type_support.c
[69.431s] -- Up-to-date: /home/pavel/ws_ros2/install/px4_msgs/include/px4_msgs/px4_msgs/msg/detail/landing_gear_wheel__rosidl_typesupport_introspection_c.h
[69.431s] -- Up-to-date: /home/pavel/ws_ros2/install/px4_msgs/include/px4_msgs/px4_msgs/msg/detail/landing_target_pose__type_support.c
[69.431s] -- Up-to-date: /home/pavel/ws_ros2/install/px4_msgs/include/px4_msgs/px4_msgs/msg/detail/gimbal_manager_set_attitude__rosidl_typesupport_introspection_c.h
[69.431s] -- Up-to-date: /home/pavel/ws_ros2/install/px4_msgs/include/px4_msgs/px4_msgs/msg/detail/unregister_ext_component__rosidl_typesupport_introspection_c.h
[69.431s] -- Up-to-date: /home/pavel/ws_ros2/install/px4_msgs/include/px4_msgs/px4_msgs/msg/detail/estimator_sensor_bias__rosidl_typesupport_introspection_c.h
[69.431s] -- Up-to-date: /home/pavel/ws_ros2/install/px4_msgs/include/px4_msgs/px4_msgs/msg/detail/mavlink_tunnel__rosidl_typesupport_introspection_c.h
[69.431s] -- Up-to-date: /home/pavel/ws_ros2/install/px4_msgs/include/px4_msgs/px4_msgs/msg/detail/telemetry_status__type_support.c
[69.431s] -- Up-to-date: /home/pavel/ws_ros2/install/px4_msgs/include/px4_msgs/px4_msgs/msg/detail/debug_key_value__rosidl_typesupport_introspection_c.h
[69.431s] -- Up-to-date: /home/pavel/ws_ros2/install/px4_msgs/include/px4_msgs/px4_msgs/msg/detail/cpuload__rosidl_typesupport_introspection_c.h
[69.431s] -- Up-to-date: /home/pavel/ws_ros2/install/px4_msgs/include/px4_msgs/px4_msgs/msg/detail/sensor_accel_fifo__rosidl_typesupport_introspection_c.h
[69.431s] -- Up-to-date: /home/pavel/ws_ros2/install/px4_msgs/include/px4_msgs/px4_msgs/msg/detail/vehicle_optical_flow__type_support.c
[69.431s] -- Up-to-date: /home/pavel/ws_ros2/install/px4_msgs/include/px4_msgs/px4_msgs/msg/detail/collision_constraints__type_support.c
[69.431s] -- Up-to-date: /home/pavel/ws_ros2/install/px4_msgs/include/px4_msgs/px4_msgs/msg/detail/gimbal_device_information__rosidl_typesupport_introspection_c.h
[69.432s] -- Up-to-date: /home/pavel/ws_ros2/install/px4_msgs/include/px4_msgs/px4_msgs/msg/detail/sensor_mag__rosidl_typesupport_introspection_c.h
[69.432s] -- Up-to-date: /home/pavel/ws_ros2/install/px4_msgs/include/px4_msgs/px4_msgs/msg/detail/mavlink_tunnel__type_support.c
[69.432s] -- Up-to-date: /home/pavel/ws_ros2/install/px4_msgs/include/px4_msgs/px4_msgs/msg/detail/estimator_aid_source3d__rosidl_typesupport_introspection_c.h
[69.432s] -- Up-to-date: /home/pavel/ws_ros2/install/px4_msgs/include/px4_msgs/px4_msgs/msg/detail/vehicle_magnetometer__rosidl_typesupport_introspection_c.h
[69.432s] -- Up-to-date: /home/pavel/ws_ros2/install/px4_msgs/include/px4_msgs/px4_msgs/msg/detail/actuator_controls_status__type_support.c
[69.432s] -- Up-to-date: /home/pavel/ws_ros2/install/px4_msgs/include/px4_msgs/px4_msgs/msg/detail/vehicle_local_position__rosidl_typesupport_introspection_c.h
[69.432s] -- Up-to-date: /home/pavel/ws_ros2/install/px4_msgs/include/px4_msgs/px4_msgs/msg/detail/orb_test_large__rosidl_typesupport_introspection_c.h
[69.432s] -- Up-to-date: /home/pavel/ws_ros2/install/px4_msgs/include/px4_msgs/px4_msgs/msg/detail/gps_inject_data__type_support.c
[69.432s] -- Up-to-date: /home/pavel/ws_ros2/install/px4_msgs/include/px4_msgs/px4_msgs/msg/detail/estimator_status_flags__rosidl_typesupport_introspection_c.h
[69.432s] -- Up-to-date: /home/pavel/ws_ros2/install/px4_msgs/include/px4_msgs/px4_msgs/msg/detail/sensor_mag__type_support.c
[69.432s] -- Up-to-date: /home/pavel/ws_ros2/install/px4_msgs/include/px4_msgs/px4_msgs/msg/detail/actuator_motors__type_support.c
[69.432s] -- Up-to-date: /home/pavel/ws_ros2/install/px4_msgs/include/px4_msgs/px4_msgs/msg/detail/orb_test_medium__rosidl_typesupport_introspection_c.h
[69.432s] -- Up-to-date: /home/pavel/ws_ros2/install/px4_msgs/include/px4_msgs/px4_msgs/msg/detail/debug_key_value__type_support.c
[69.432s] -- Up-to-date: /home/pavel/ws_ros2/install/px4_msgs/include/px4_msgs/px4_msgs/msg/detail/gpio_in__rosidl_typesupport_introspection_c.h
[69.432s] -- Up-to-date: /home/pavel/ws_ros2/install/px4_msgs/include/px4_msgs/px4_msgs/msg/detail/trajectory_setpoint__type_support.c
[69.432s] -- Up-to-date: /home/pavel/ws_ros2/install/px4_msgs/include/px4_msgs/px4_msgs/msg/detail/satellite_info__rosidl_typesupport_introspection_c.h
[69.432s] -- Up-to-date: /home/pavel/ws_ros2/install/px4_msgs/include/px4_msgs/px4_msgs/msg/detail/estimator_selector_status__type_support.c
[69.432s] -- Up-to-date: /home/pavel/ws_ros2/install/px4_msgs/include/px4_msgs/px4_msgs/msg/detail/figure_eight_status__type_support.c
[69.432s] -- Up-to-date: /home/pavel/ws_ros2/install/px4_msgs/include/px4_msgs/px4_msgs/msg/detail/obstacle_distance__type_support.c
[69.432s] -- Up-to-date: /home/pavel/ws_ros2/install/px4_msgs/include/px4_msgs/px4_msgs/msg/detail/orbit_status__type_support.c
[69.432s] -- Up-to-date: /home/pavel/ws_ros2/install/px4_msgs/include/px4_msgs/px4_msgs/msg/detail/actuator_armed__type_support.c
[69.432s] -- Up-to-date: /home/pavel/ws_ros2/install/px4_msgs/include/px4_msgs/px4_msgs/msg/detail/rover_ackermann_guidance_status__type_support.c
[69.433s] -- Up-to-date: /home/pavel/ws_ros2/install/px4_msgs/include/px4_msgs/px4_msgs/msg/detail/rc_parameter_map__type_support.c
[69.433s] -- Up-to-date: /home/pavel/ws_ros2/install/px4_msgs/include/px4_msgs/px4_msgs/msg/detail/vehicle_imu__rosidl_typesupport_introspection_c.h
[69.433s] -- Up-to-date: /home/pavel/ws_ros2/install/px4_msgs/include/px4_msgs/px4_msgs/msg/detail/sensor_hygrometer__rosidl_typesupport_introspection_c.h
[69.433s] -- Up-to-date: /home/pavel/ws_ros2/install/px4_msgs/include/px4_msgs/px4_msgs/msg/detail/airspeed_wind__rosidl_typesupport_introspection_c.h
[69.433s] -- Up-to-date: /home/pavel/ws_ros2/install/px4_msgs/include/px4_msgs/px4_msgs/msg/detail/distance_sensor__rosidl_typesupport_introspection_c.h
[69.433s] -- Up-to-date: /home/pavel/ws_ros2/install/px4_msgs/include/px4_msgs/px4_msgs/msg/detail/autotune_attitude_control_status__type_support.c
[69.433s] -- Up-to-date: /home/pavel/ws_ros2/install/px4_msgs/include/px4_msgs/px4_msgs/msg/detail/generator_status__type_support.c
[69.433s] -- Up-to-date: /home/pavel/ws_ros2/install/px4_msgs/include/px4_msgs/px4_msgs/msg/detail/onboard_computer_status__rosidl_typesupport_introspection_c.h
[69.433s] -- Up-to-date: /home/pavel/ws_ros2/install/px4_msgs/include/px4_msgs/px4_msgs/msg/detail/vehicle_control_mode__rosidl_typesupport_introspection_c.h
[69.433s] -- Up-to-date: /home/pavel/ws_ros2/install/px4_msgs/include/px4_msgs/px4_msgs/msg/detail/camera_capture__type_support.c
[69.433s] -- Up-to-date: /home/pavel/ws_ros2/install/px4_msgs/include/px4_msgs/px4_msgs/msg/detail/sensor_combined__type_support.c
[69.433s] -- Up-to-date: /home/pavel/ws_ros2/install/px4_msgs/include/px4_msgs/px4_msgs/msg/detail/actuator_servos__type_support.c
[69.433s] -- Up-to-date: /home/pavel/ws_ros2/install/px4_msgs/include/px4_msgs/px4_msgs/msg/detail/vehicle_rates_setpoint__rosidl_typesupport_introspection_c.h
[69.433s] -- Up-to-date: /home/pavel/ws_ros2/install/px4_msgs/include/px4_msgs/px4_msgs/msg/detail/camera_trigger__type_support.c
[69.433s] -- Up-to-date: /home/pavel/ws_ros2/install/px4_msgs/include/px4_msgs/px4_msgs/msg/detail/gpio_out__type_support.c
[69.433s] -- Up-to-date: /home/pavel/ws_ros2/install/px4_msgs/include/px4_msgs/px4_msgs/msg/detail/airspeed_wind__type_support.c
[69.433s] -- Up-to-date: /home/pavel/ws_ros2/install/px4_msgs/include/px4_msgs/px4_msgs/msg/detail/mission_result__rosidl_typesupport_introspection_c.h
[69.433s] -- Up-to-date: /home/pavel/ws_ros2/install/px4_msgs/include/px4_msgs/px4_msgs/msg/detail/debug_vect__rosidl_typesupport_introspection_c.h
[69.433s] -- Up-to-date: /home/pavel/ws_ros2/install/px4_msgs/include/px4_msgs/px4_msgs/msg/detail/rover_ackermann_guidance_status__rosidl_typesupport_introspection_c.h
[69.433s] -- Up-to-date: /home/pavel/ws_ros2/install/px4_msgs/include/px4_msgs/px4_msgs/msg/detail/cellular_status__type_support.c
[69.433s] -- Up-to-date: /home/pavel/ws_ros2/install/px4_msgs/include/px4_msgs/px4_msgs/msg/detail/vehicle_acceleration__rosidl_typesupport_introspection_c.h
[69.433s] -- Up-to-date: /home/pavel/ws_ros2/install/px4_msgs/include/px4_msgs/px4_msgs/msg/detail/telemetry_status__rosidl_typesupport_introspection_c.h
[69.434s] -- Up-to-date: /home/pavel/ws_ros2/install/px4_msgs/include/px4_msgs/px4_msgs/msg/detail/figure_eight_status__rosidl_typesupport_introspection_c.h
[69.434s] -- Up-to-date: /home/pavel/ws_ros2/install/px4_msgs/include/px4_msgs/px4_msgs/msg/detail/launch_detection_status__rosidl_typesupport_introspection_c.h
[69.434s] -- Up-to-date: /home/pavel/ws_ros2/install/px4_msgs/include/px4_msgs/px4_msgs/msg/detail/vehicle_odometry__type_support.c
[69.434s] -- Up-to-date: /home/pavel/ws_ros2/install/px4_msgs/include/px4_msgs/px4_msgs/msg/detail/offboard_control_mode__rosidl_typesupport_introspection_c.h
[69.434s] -- Up-to-date: /home/pavel/ws_ros2/install/px4_msgs/include/px4_msgs/px4_msgs/msg/detail/register_ext_component_request__rosidl_typesupport_introspection_c.h
[69.434s] -- Up-to-date: /home/pavel/ws_ros2/install/px4_msgs/include/px4_msgs/px4_msgs/msg/detail/actuator_armed__rosidl_typesupport_introspection_c.h
[69.434s] -- Up-to-date: /home/pavel/ws_ros2/install/px4_msgs/include/px4_msgs/px4_msgs/msg/detail/camera_trigger__rosidl_typesupport_introspection_c.h
[69.434s] -- Up-to-date: /home/pavel/ws_ros2/install/px4_msgs/include/px4_msgs/px4_msgs/msg/detail/uavcan_parameter_value__type_support.c
[69.434s] -- Up-to-date: /home/pavel/ws_ros2/install/px4_msgs/include/px4_msgs/px4_msgs/msg/detail/irlock_report__type_support.c
[69.434s] -- Up-to-date: /home/pavel/ws_ros2/install/px4_msgs/include/px4_msgs/px4_msgs/msg/detail/tune_control__rosidl_typesupport_introspection_c.h
[69.434s] -- Up-to-date: /home/pavel/ws_ros2/install/px4_msgs/include/px4_msgs/px4_msgs/msg/detail/normalized_unsigned_setpoint__type_support.c
[69.434s] -- Up-to-date: /home/pavel/ws_ros2/install/px4_msgs/include/px4_msgs/px4_msgs/msg/detail/magnetometer_bias_estimate__rosidl_typesupport_introspection_c.h
[69.434s] -- Up-to-date: /home/pavel/ws_ros2/install/px4_msgs/include/px4_msgs/px4_msgs/msg/detail/mount_orientation__type_support.c
[69.434s] -- Up-to-date: /home/pavel/ws_ros2/install/px4_msgs/include/px4_msgs/px4_msgs/msg/detail/vehicle_command__rosidl_typesupport_introspection_c.h
[69.434s] -- Up-to-date: /home/pavel/ws_ros2/install/px4_msgs/include/px4_msgs/px4_msgs/msg/detail/debug_array__rosidl_typesupport_introspection_c.h
[69.434s] -- Up-to-date: /home/pavel/ws_ros2/install/px4_msgs/include/px4_msgs/px4_msgs/msg/detail/esc_status__rosidl_typesupport_introspection_c.h
[69.434s] -- Up-to-date: /home/pavel/ws_ros2/install/px4_msgs/include/px4_msgs/px4_msgs/msg/detail/sensor_optical_flow__rosidl_typesupport_introspection_c.h
[69.434s] -- Up-to-date: /home/pavel/ws_ros2/install/px4_msgs/include/px4_msgs/px4_msgs/msg/detail/can_interface_status__rosidl_typesupport_introspection_c.h
[69.434s] -- Up-to-date: /home/pavel/ws_ros2/install/px4_msgs/include/px4_msgs/px4_msgs/msg/detail/vehicle_attitude_setpoint__type_support.c
[69.434s] -- Up-to-date: /home/pavel/ws_ros2/install/px4_msgs/include/px4_msgs/px4_msgs/msg/detail/estimator_innovations__rosidl_typesupport_introspection_c.h
[69.434s] -- Up-to-date: /home/pavel/ws_ros2/install/px4_msgs/include/px4_msgs/px4_msgs/msg/detail/sensor_uwb__type_support.c
[69.435s] -- Up-to-date: /home/pavel/ws_ros2/install/px4_msgs/include/px4_msgs/px4_msgs/msg/detail/vehicle_land_detected__type_support.c
[69.435s] -- Up-to-date: /home/pavel/ws_ros2/install/px4_msgs/include/px4_msgs/px4_msgs/msg/detail/vehicle_optical_flow__rosidl_typesupport_introspection_c.h
[69.435s] -- Up-to-date: /home/pavel/ws_ros2/install/px4_msgs/include/px4_msgs/px4_msgs/msg/detail/mission_result__type_support.c
[69.435s] -- Up-to-date: /home/pavel/ws_ros2/install/px4_msgs/include/px4_msgs/px4_msgs/msg/detail/radio_status__rosidl_typesupport_introspection_c.h
[69.435s] -- Up-to-date: /home/pavel/ws_ros2/install/px4_msgs/include/px4_msgs/px4_msgs/msg/detail/vehicle_trajectory_bezier__type_support.c
[69.435s] -- Up-to-date: /home/pavel/ws_ros2/install/px4_msgs/include/px4_msgs/px4_msgs/msg/detail/estimator_status__type_support.c
[69.435s] -- Up-to-date: /home/pavel/ws_ros2/install/px4_msgs/include/px4_msgs/px4_msgs/msg/detail/goto_setpoint__rosidl_typesupport_introspection_c.h
[69.435s] -- Up-to-date: /home/pavel/ws_ros2/install/px4_msgs/include/px4_msgs/px4_msgs/msg/detail/health_report__rosidl_typesupport_introspection_c.h
[69.435s] -- Up-to-date: /home/pavel/ws_ros2/install/px4_msgs/include/px4_msgs/px4_msgs/msg/detail/adc_report__type_support.c
[69.435s] -- Up-to-date: /home/pavel/ws_ros2/install/px4_msgs/include/px4_msgs/px4_msgs/msg/detail/sensor_preflight_mag__rosidl_typesupport_introspection_c.h
[69.435s] -- Up-to-date: /home/pavel/ws_ros2/install/px4_msgs/include/px4_msgs/px4_msgs/msg/detail/onboard_computer_status__type_support.c
[69.435s] -- Up-to-date: /home/pavel/ws_ros2/install/px4_msgs/include/px4_msgs/px4_msgs/msg/detail/follow_target_estimator__rosidl_typesupport_introspection_c.h
[69.435s] -- Up-to-date: /home/pavel/ws_ros2/install/px4_msgs/include/px4_msgs/px4_msgs/msg/detail/arming_check_request__type_support.c
[69.435s] -- Up-to-date: /home/pavel/ws_ros2/install/px4_msgs/include/px4_msgs/px4_msgs/msg/detail/system_power__rosidl_typesupport_introspection_c.h
[69.435s] -- Up-to-date: /home/pavel/ws_ros2/install/px4_msgs/include/px4_msgs/px4_msgs/msg/detail/sensor_gnss_relative__rosidl_typesupport_introspection_c.h
[69.435s] -- Up-to-date: /home/pavel/ws_ros2/install/px4_msgs/include/px4_msgs/px4_msgs/msg/detail/rc_channels__type_support.c
[69.435s] -- Up-to-date: /home/pavel/ws_ros2/install/px4_msgs/include/px4_msgs/px4_msgs/msg/detail/sensors_status__type_support.c
[69.435s] -- Up-to-date: /home/pavel/ws_ros2/install/px4_msgs/include/px4_msgs/px4_msgs/msg/detail/pwm_input__type_support.c
[69.435s] -- Up-to-date: /home/pavel/ws_ros2/install/px4_msgs/include/px4_msgs/px4_msgs/msg/detail/vehicle_angular_velocity__rosidl_typesupport_introspection_c.h
[69.435s] -- Up-to-date: /home/pavel/ws_ros2/install/px4_msgs/include/px4_msgs/px4_msgs/msg/detail/velocity_limits__rosidl_typesupport_introspection_c.h
[69.435s] -- Up-to-date: /home/pavel/ws_ros2/install/px4_msgs/include/px4_msgs/px4_msgs/msg/detail/power_monitor__rosidl_typesupport_introspection_c.h
[69.435s] -- Up-to-date: /home/pavel/ws_ros2/install/px4_msgs/include/px4_msgs/px4_msgs/msg/detail/gimbal_manager_information__type_support.c
[69.436s] -- Up-to-date: /home/pavel/ws_ros2/install/px4_msgs/include/px4_msgs/px4_msgs/msg/detail/gpio_config__rosidl_typesupport_introspection_c.h
[69.436s] -- Up-to-date: /home/pavel/ws_ros2/install/px4_msgs/include/px4_msgs/px4_msgs/msg/detail/sensor_gyro_fifo__type_support.c
[69.436s] -- Up-to-date: /home/pavel/ws_ros2/install/px4_msgs/include/px4_msgs/px4_msgs/msg/detail/rc_parameter_map__rosidl_typesupport_introspection_c.h
[69.436s] -- Up-to-date: /home/pavel/ws_ros2/install/px4_msgs/include/px4_msgs/px4_msgs/msg/detail/mission__type_support.c
[69.436s] -- Up-to-date: /home/pavel/ws_ros2/install/px4_msgs/include/px4_msgs/px4_msgs/msg/detail/failure_detector_status__rosidl_typesupport_introspection_c.h
[69.436s] -- Up-to-date: /home/pavel/ws_ros2/install/px4_msgs/include/px4_msgs/px4_msgs/msg/detail/button_event__rosidl_typesupport_introspection_c.h
[69.436s] -- Up-to-date: /home/pavel/ws_ros2/install/px4_msgs/include/px4_msgs/px4_msgs/msg/detail/uavcan_parameter_value__rosidl_typesupport_introspection_c.h
[69.436s] -- Up-to-date: /home/pavel/ws_ros2/install/px4_msgs/include/px4_msgs/px4_msgs/msg/detail/tecs_status__rosidl_typesupport_introspection_c.h
[69.436s] -- Up-to-date: /home/pavel/ws_ros2/install/px4_msgs/include/px4_msgs/px4_msgs/msg/detail/parameter_reset_request__type_support.c
[69.436s] -- Up-to-date: /home/pavel/ws_ros2/install/px4_msgs/include/px4_msgs/px4_msgs/msg/detail/estimator_states__rosidl_typesupport_introspection_c.h
[69.436s] -- Up-to-date: /home/pavel/ws_ros2/install/px4_msgs/include/px4_msgs/px4_msgs/msg/detail/home_position__type_support.c
[69.436s] -- Up-to-date: /home/pavel/ws_ros2/install/px4_msgs/include/px4_msgs/px4_msgs/msg/detail/vehicle_imu_status__type_support.c
[69.436s] -- Up-to-date: /home/pavel/ws_ros2/install/px4_msgs/include/px4_msgs/px4_msgs/msg/detail/rtl_status__type_support.c
[69.436s] -- Up-to-date: /home/pavel/ws_ros2/install/px4_msgs/include/px4_msgs/px4_msgs/msg/detail/gripper__type_support.c
[69.436s] -- Up-to-date: /home/pavel/ws_ros2/install/px4_msgs/include/px4_msgs/px4_msgs/msg/detail/vehicle_odometry__rosidl_typesupport_introspection_c.h
[69.436s] -- Up-to-date: /home/pavel/ws_ros2/install/px4_msgs/include/px4_msgs/px4_msgs/msg/detail/vehicle_local_position__type_support.c
[69.436s] -- Up-to-date: /home/pavel/ws_ros2/install/px4_msgs/include/px4_msgs/px4_msgs/msg/detail/airspeed_validated__rosidl_typesupport_introspection_c.h
[69.436s] -- Up-to-date: /home/pavel/ws_ros2/install/px4_msgs/include/px4_msgs/px4_msgs/msg/detail/estimator_gps_status__type_support.c
[69.436s] -- Up-to-date: /home/pavel/ws_ros2/install/px4_msgs/include/px4_msgs/px4_msgs/msg/detail/estimator_bias__rosidl_typesupport_introspection_c.h
[69.436s] -- Up-to-date: /home/pavel/ws_ros2/install/px4_msgs/include/px4_msgs/px4_msgs/msg/detail/navigator_mission_item__rosidl_typesupport_introspection_c.h
[69.436s] -- Up-to-date: /home/pavel/ws_ros2/install/px4_msgs/include/px4_msgs/px4_msgs/msg/detail/ekf2_timestamps__type_support.c
[69.436s] -- Up-to-date: /home/pavel/ws_ros2/install/px4_msgs/include/px4_msgs/px4_msgs/msg/detail/landing_target_pose__rosidl_typesupport_introspection_c.h
[69.437s] -- Up-to-date: /home/pavel/ws_ros2/install/px4_msgs/include/px4_msgs/px4_msgs/msg/detail/failure_detector_status__type_support.c
[69.437s] -- Up-to-date: /home/pavel/ws_ros2/install/px4_msgs/include/px4_msgs/px4_msgs/msg/detail/dataman_request__type_support.c
[69.437s] -- Up-to-date: /home/pavel/ws_ros2/install/px4_msgs/include/px4_msgs/px4_msgs/msg/detail/estimator_selector_status__rosidl_typesupport_introspection_c.h
[69.437s] -- Up-to-date: /home/pavel/ws_ros2/install/px4_msgs/include/px4_msgs/px4_msgs/msg/detail/home_position__rosidl_typesupport_introspection_c.h
[69.437s] -- Up-to-date: /home/pavel/ws_ros2/install/px4_msgs/include/px4_msgs/px4_msgs/msg/detail/vehicle_rates_setpoint__type_support.c
[69.437s] -- Up-to-date: /home/pavel/ws_ros2/install/px4_msgs/include/px4_msgs/px4_msgs/msg/detail/navigator_mission_item__type_support.c
[69.437s] -- Up-to-date: /home/pavel/ws_ros2/install/px4_msgs/include/px4_msgs/px4_msgs/msg/detail/mavlink_log__rosidl_typesupport_introspection_c.h
[69.437s] -- Up-to-date: /home/pavel/ws_ros2/install/px4_msgs/include/px4_msgs/px4_msgs/msg/detail/autotune_attitude_control_status__rosidl_typesupport_introspection_c.h
[69.437s] -- Up-to-date: /home/pavel/ws_ros2/install/px4_msgs/include/px4_msgs/px4_msgs/msg/detail/position_setpoint__rosidl_typesupport_introspection_c.h
[69.437s] -- Up-to-date: /home/pavel/ws_ros2/install/px4_msgs/include/px4_msgs/px4_msgs/msg/detail/vehicle_angular_acceleration_setpoint__rosidl_typesupport_introspection_c.h
[69.437s] -- Up-to-date: /home/pavel/ws_ros2/install/px4_msgs/include/px4_msgs/px4_msgs/msg/detail/sensor_airflow__rosidl_typesupport_introspection_c.h
[69.437s] -- Up-to-date: /home/pavel/ws_ros2/install/px4_msgs/include/px4_msgs/px4_msgs/msg/detail/uavcan_parameter_request__rosidl_typesupport_introspection_c.h
[69.437s] -- Up-to-date: /home/pavel/ws_ros2/install/px4_msgs/include/px4_msgs/px4_msgs/msg/detail/gimbal_device_set_attitude__rosidl_typesupport_introspection_c.h
[69.437s] -- Up-to-date: /home/pavel/ws_ros2/install/px4_msgs/include/px4_msgs/px4_msgs/msg/detail/sensor_correction__rosidl_typesupport_introspection_c.h
[69.437s] -- Up-to-date: /home/pavel/ws_ros2/install/px4_msgs/include/px4_msgs/px4_msgs/msg/detail/vtol_vehicle_status__rosidl_typesupport_introspection_c.h
[69.437s] -- Up-to-date: /home/pavel/ws_ros2/install/px4_msgs/include/px4_msgs/px4_msgs/msg/detail/position_controller_landing_status__rosidl_typesupport_introspection_c.h
[69.437s] -- Up-to-date: /home/pavel/ws_ros2/install/px4_msgs/include/px4_msgs/px4_msgs/msg/detail/tiltrotor_extra_controls__rosidl_typesupport_introspection_c.h
[69.437s] -- Up-to-date: /home/pavel/ws_ros2/install/px4_msgs/include/px4_msgs/px4_msgs/msg/detail/trajectory_setpoint__rosidl_typesupport_introspection_c.h
[69.437s] -- Up-to-date: /home/pavel/ws_ros2/install/px4_msgs/include/px4_msgs/px4_msgs/msg/detail/mission__rosidl_typesupport_introspection_c.h
[69.437s] -- Up-to-date: /home/pavel/ws_ros2/install/px4_msgs/include/px4_msgs/px4_msgs/msg/detail/position_controller_landing_status__type_support.c
[69.437s] -- Up-to-date: /home/pavel/ws_ros2/install/px4_msgs/include/px4_msgs/px4_msgs/msg/detail/rc_channels__rosidl_typesupport_introspection_c.h
[69.438s] -- Up-to-date: /home/pavel/ws_ros2/install/px4_msgs/include/px4_msgs/px4_msgs/msg/detail/gimbal_device_set_attitude__type_support.c
[69.438s] -- Up-to-date: /home/pavel/ws_ros2/install/px4_msgs/include/px4_msgs/px4_msgs/msg/detail/cellular_status__rosidl_typesupport_introspection_c.h
[69.438s] -- Up-to-date: /home/pavel/ws_ros2/install/px4_msgs/include/px4_msgs/px4_msgs/msg/detail/rtl_status__rosidl_typesupport_introspection_c.h
[69.438s] -- Up-to-date: /home/pavel/ws_ros2/install/px4_msgs/include/px4_msgs/px4_msgs/msg/detail/task_stack_info__type_support.c
[69.438s] -- Up-to-date: /home/pavel/ws_ros2/install/px4_msgs/include/px4_msgs/px4_msgs/msg/detail/position_setpoint__type_support.c
[69.438s] -- Up-to-date: /home/pavel/ws_ros2/install/px4_msgs/include/px4_msgs/px4_msgs/msg/detail/actuator_controls_status__rosidl_typesupport_introspection_c.h
[69.438s] -- Up-to-date: /home/pavel/ws_ros2/install/px4_msgs/include/px4_msgs/px4_msgs/msg/detail/gps_dump__type_support.c
[69.438s] -- Up-to-date: /home/pavel/ws_ros2/install/px4_msgs/include/px4_msgs/px4_msgs/msg/detail/ulog_stream__type_support.c
[69.438s] -- Up-to-date: /home/pavel/ws_ros2/install/px4_msgs/include/px4_msgs/px4_msgs/msg/detail/follow_target__type_support.c
[69.438s] -- Up-to-date: /home/pavel/ws_ros2/install/px4_msgs/include/px4_msgs/px4_msgs/msg/detail/follow_target_estimator__type_support.c
[69.438s] -- Up-to-date: /home/pavel/ws_ros2/install/px4_msgs/include/px4_msgs/px4_msgs/msg/detail/estimator_aid_source1d__type_support.c
[69.438s] -- Up-to-date: /home/pavel/ws_ros2/install/px4_msgs/include/px4_msgs/px4_msgs/msg/detail/iridiumsbd_status__rosidl_typesupport_introspection_c.h
[69.438s] -- Up-to-date: /home/pavel/ws_ros2/install/px4_msgs/include/px4_msgs/px4_msgs/msg/detail/flight_phase_estimation__rosidl_typesupport_introspection_c.h
[69.438s] -- Up-to-date: /home/pavel/ws_ros2/install/px4_msgs/include/px4_msgs/px4_msgs/msg/detail/control_allocator_status__rosidl_typesupport_introspection_c.h
[69.438s] -- Up-to-date: /home/pavel/ws_ros2/install/px4_msgs/include/px4_msgs/px4_msgs/msg/detail/estimator_status_flags__type_support.c
[69.438s] -- Up-to-date: /home/pavel/ws_ros2/install/px4_msgs/include/px4_msgs/px4_msgs/msg/detail/qshell_retval__rosidl_typesupport_introspection_c.h
[69.438s] -- Up-to-date: /home/pavel/ws_ros2/install/px4_msgs/include/px4_msgs/px4_msgs/msg/detail/estimator_bias3d__rosidl_typesupport_introspection_c.h
[69.438s] -- Up-to-date: /home/pavel/ws_ros2/install/px4_msgs/include/px4_msgs/px4_msgs/msg/detail/estimator_aid_source2d__rosidl_typesupport_introspection_c.h
[69.438s] -- Up-to-date: /home/pavel/ws_ros2/install/px4_msgs/include/px4_msgs/px4_msgs/msg/detail/vehicle_acceleration__type_support.c
[69.438s] -- Up-to-date: /home/pavel/ws_ros2/install/px4_msgs/include/px4_msgs/px4_msgs/msg/detail/airspeed__rosidl_typesupport_introspection_c.h
[69.438s] -- Up-to-date: /home/pavel/ws_ros2/install/px4_msgs/include/px4_msgs/px4_msgs/msg/detail/vehicle_torque_setpoint__type_support.c
[69.438s] -- Up-to-date: /home/pavel/ws_ros2/install/px4_msgs/include/px4_msgs/px4_msgs/msg/detail/collision_constraints__rosidl_typesupport_introspection_c.h
[69.439s] -- Up-to-date: /home/pavel/ws_ros2/install/px4_msgs/include/px4_msgs/px4_msgs/msg/detail/debug_value__rosidl_typesupport_introspection_c.h
[69.439s] -- Up-to-date: /home/pavel/ws_ros2/install/px4_msgs/include/px4_msgs/px4_msgs/msg/detail/wheel_encoders__rosidl_typesupport_introspection_c.h
[69.439s] -- Up-to-date: /home/pavel/ws_ros2/install/px4_msgs/include/px4_msgs/px4_msgs/msg/detail/gimbal_manager_status__rosidl_typesupport_introspection_c.h
[69.439s] -- Up-to-date: /home/pavel/ws_ros2/install/px4_msgs/include/px4_msgs/px4_msgs/msg/detail/vehicle_roi__type_support.c
[69.439s] -- Up-to-date: /home/pavel/ws_ros2/install/px4_msgs/include/px4_msgs/px4_msgs/msg/detail/velocity_limits__type_support.c
[69.439s] -- Up-to-date: /home/pavel/ws_ros2/install/px4_msgs/include/px4_msgs/px4_msgs/msg/detail/vehicle_thrust_setpoint__type_support.c
[69.439s] -- Up-to-date: /home/pavel/ws_ros2/install/px4_msgs/include/px4_msgs/px4_msgs/msg/detail/estimator_gps_status__rosidl_typesupport_introspection_c.h
[69.439s] -- Up-to-date: /home/pavel/ws_ros2/install/px4_msgs/include/px4_msgs/px4_msgs/msg/detail/distance_sensor__type_support.c
[69.439s] -- Up-to-date: /home/pavel/ws_ros2/install/px4_msgs/include/px4_msgs/px4_msgs/msg/detail/orb_test_medium__type_support.c
[69.439s] -- Up-to-date: /home/pavel/ws_ros2/install/px4_msgs/include/px4_msgs/px4_msgs/msg/detail/orb_test_large__type_support.c
[69.439s] -- Up-to-date: /home/pavel/ws_ros2/install/px4_msgs/include/px4_msgs/px4_msgs/msg/detail/follow_target__rosidl_typesupport_introspection_c.h
[69.439s] -- Up-to-date: /home/pavel/ws_ros2/install/px4_msgs/include/px4_msgs/px4_msgs/msg/detail/mag_worker_data__type_support.c
[69.439s] -- Up-to-date: /home/pavel/ws_ros2/install/px4_msgs/include/px4_msgs/px4_msgs/msg/detail/position_controller_status__rosidl_typesupport_introspection_c.h
[69.439s] -- Up-to-date: /home/pavel/ws_ros2/install/px4_msgs/include/px4_msgs/px4_msgs/msg/detail/register_ext_component_reply__type_support.c
[69.439s] -- Up-to-date: /home/pavel/ws_ros2/install/px4_msgs/include/px4_msgs/px4_msgs/msg/detail/parameter_set_value_request__type_support.c
[69.439s] -- Up-to-date: /home/pavel/ws_ros2/install/px4_msgs/include/px4_msgs/px4_msgs/msg/detail/log_message__rosidl_typesupport_introspection_c.h
[69.439s] -- Up-to-date: /home/pavel/ws_ros2/install/px4_msgs/include/px4_msgs/px4_msgs/msg/detail/differential_drive_setpoint__type_support.c
[69.439s] -- Up-to-date: /home/pavel/ws_ros2/install/px4_msgs/include/px4_msgs/px4_msgs/msg/detail/tune_control__type_support.c
[69.439s] -- Up-to-date: /home/pavel/ws_ros2/install/px4_msgs/include/px4_msgs/px4_msgs/msg/detail/message_format_request__type_support.c
[69.439s] -- Up-to-date: /home/pavel/ws_ros2/install/px4_msgs/include/px4_msgs/px4_msgs/msg/detail/yaw_estimator_status__type_support.c
[69.439s] -- Up-to-date: /home/pavel/ws_ros2/install/px4_msgs/include/px4_msgs/px4_msgs/msg/detail/adc_report__rosidl_typesupport_introspection_c.h
[69.439s] -- Up-to-date: /home/pavel/ws_ros2/install/px4_msgs/include/px4_msgs/px4_msgs/msg/detail/sensor_gnss_relative__type_support.c
[69.440s] -- Up-to-date: /home/pavel/ws_ros2/install/px4_msgs/include/px4_msgs/px4_msgs/msg/detail/gpio_request__rosidl_typesupport_introspection_c.h
[69.440s] -- Up-to-date: /home/pavel/ws_ros2/install/px4_msgs/include/px4_msgs/px4_msgs/msg/detail/wind__type_support.c
[69.440s] -- Up-to-date: /home/pavel/ws_ros2/install/px4_msgs/include/px4_msgs/px4_msgs/msg/detail/cpuload__type_support.c
[69.440s] -- Up-to-date: /home/pavel/ws_ros2/install/px4_msgs/include/px4_msgs/px4_msgs/msg/detail/sensor_hygrometer__type_support.c
[69.440s] -- Up-to-date: /home/pavel/ws_ros2/install/px4_msgs/include/px4_msgs/px4_msgs/msg/detail/arming_check_request__rosidl_typesupport_introspection_c.h
[69.440s] -- Up-to-date: /home/pavel/ws_ros2/install/px4_msgs/include/px4_msgs/px4_msgs/msg/detail/estimator_aid_source2d__type_support.c
[69.440s] -- Up-to-date: /home/pavel/ws_ros2/install/px4_msgs/include/px4_msgs/px4_msgs/msg/detail/action_request__rosidl_typesupport_introspection_c.h
[69.440s] -- Up-to-date: /home/pavel/ws_ros2/install/px4_msgs/include/px4_msgs/px4_msgs/msg/detail/estimator_status__rosidl_typesupport_introspection_c.h
[69.440s] -- Up-to-date: /home/pavel/ws_ros2/install/px4_msgs/include/px4_msgs/px4_msgs/msg/detail/gps_inject_data__rosidl_typesupport_introspection_c.h
[69.440s] -- Up-to-date: /home/pavel/ws_ros2/install/px4_msgs/include/px4_msgs/px4_msgs/msg/detail/tiltrotor_extra_controls__type_support.c
[69.440s] -- Up-to-date: /home/pavel/ws_ros2/install/px4_msgs/include/px4_msgs/px4_msgs/msg/detail/parameter_set_used_request__rosidl_typesupport_introspection_c.h
[69.440s] -- Up-to-date: /home/pavel/ws_ros2/install/px4_msgs/include/px4_msgs/px4_msgs/msg/detail/vehicle_command_ack__type_support.c
[69.440s] -- Up-to-date: /home/pavel/ws_ros2/install/px4_msgs/include/px4_msgs/px4_msgs/msg/detail/trajectory_waypoint__type_support.c
[69.440s] -- Up-to-date: /home/pavel/ws_ros2/install/px4_msgs/include/px4_msgs/px4_msgs/msg/detail/logger_status__type_support.c
[69.440s] -- Up-to-date: /home/pavel/ws_ros2/install/px4_msgs/include/px4_msgs/px4_msgs/msg/detail/takeoff_status__type_support.c
[69.440s] -- Up-to-date: /home/pavel/ws_ros2/install/px4_msgs/include/px4_msgs/px4_msgs/msg/detail/iridiumsbd_status__type_support.c
[69.440s] -- Up-to-date: /home/pavel/ws_ros2/install/px4_msgs/include/px4_msgs/px4_msgs/msg/detail/rpm__rosidl_typesupport_introspection_c.h
[69.440s] -- Up-to-date: /home/pavel/ws_ros2/install/px4_msgs/include/px4_msgs/px4_msgs/msg/detail/sensor_gyro__rosidl_typesupport_introspection_c.h
[69.440s] -- Up-to-date: /home/pavel/ws_ros2/install/px4_msgs/include/px4_msgs/px4_msgs/msg/detail/yaw_estimator_status__rosidl_typesupport_introspection_c.h
[69.440s] -- Up-to-date: /home/pavel/ws_ros2/install/px4_msgs/include/px4_msgs/px4_msgs/msg/detail/ekf2_timestamps__rosidl_typesupport_introspection_c.h
[69.440s] -- Up-to-date: /home/pavel/ws_ros2/install/px4_msgs/include/px4_msgs/px4_msgs/msg/detail/message_format_response__type_support.c
[69.441s] -- Up-to-date: /home/pavel/ws_ros2/install/px4_msgs/include/px4_msgs/px4_msgs/msg/detail/battery_status__rosidl_typesupport_introspection_c.h
[69.441s] -- Up-to-date: /home/pavel/ws_ros2/install/px4_msgs/include/px4_msgs/px4_msgs/msg/detail/npfg_status__type_support.c
[69.441s] -- Up-to-date: /home/pavel/ws_ros2/install/px4_msgs/include/px4_msgs/px4_msgs/msg/detail/arming_check_reply__type_support.c
[69.441s] -- Up-to-date: /home/pavel/ws_ros2/install/px4_msgs/include/px4_msgs/px4_msgs/msg/detail/fuel_tank_status__rosidl_typesupport_introspection_c.h
[69.441s] -- Up-to-date: /home/pavel/ws_ros2/install/px4_msgs/include/px4_msgs/px4_msgs/msg/detail/vtol_vehicle_status__type_support.c
[69.441s] -- Up-to-date: /home/pavel/ws_ros2/install/px4_msgs/include/px4_msgs/px4_msgs/msg/detail/buffer128__type_support.c
[69.441s] -- Up-to-date: /home/pavel/ws_ros2/install/px4_msgs/include/px4_msgs/px4_msgs/msg/detail/vehicle_imu_status__rosidl_typesupport_introspection_c.h
[69.441s] -- Up-to-date: /home/pavel/ws_ros2/install/px4_msgs/include/px4_msgs/px4_msgs/msg/detail/internal_combustion_engine_status__rosidl_typesupport_introspection_c.h
[69.441s] -- Up-to-date: /home/pavel/ws_ros2/install/px4_msgs/include/px4_msgs/px4_msgs/msg/detail/geofence_status__rosidl_typesupport_introspection_c.h
[69.441s] -- Up-to-date: /home/pavel/ws_ros2/install/px4_msgs/include/px4_msgs/px4_msgs/msg/detail/timesync_status__type_support.c
[69.441s] -- Up-to-date: /home/pavel/ws_ros2/install/px4_msgs/include/px4_msgs/px4_msgs/msg/detail/vehicle_command__type_support.c
[69.441s] -- Up-to-date: /home/pavel/ws_ros2/install/px4_msgs/include/px4_msgs/px4_msgs/msg/detail/esc_report__type_support.c
[69.441s] -- Up-to-date: /home/pavel/ws_ros2/install/px4_msgs/include/px4_msgs/px4_msgs/msg/detail/internal_combustion_engine_status__type_support.c
[69.441s] -- Up-to-date: /home/pavel/ws_ros2/install/px4_msgs/include/px4_msgs/px4_msgs/msg/detail/mag_worker_data__rosidl_typesupport_introspection_c.h
[69.441s] -- Up-to-date: /home/pavel/ws_ros2/install/px4_msgs/include/px4_msgs/px4_msgs/msg/detail/button_event__type_support.c
[69.441s] -- Up-to-date: /home/pavel/ws_ros2/install/px4_msgs/include/px4_msgs/px4_msgs/msg/detail/gpio_request__type_support.c
[69.441s] -- Up-to-date: /home/pavel/ws_ros2/install/px4_msgs/include/px4_msgs/px4_msgs/msg/detail/landing_gear__rosidl_typesupport_introspection_c.h
[69.441s] -- Up-to-date: /home/pavel/ws_ros2/install/px4_msgs/include/px4_msgs/px4_msgs/msg/detail/vehicle_trajectory_bezier__rosidl_typesupport_introspection_c.h
[69.441s] -- Up-to-date: /home/pavel/ws_ros2/install/px4_msgs/include/px4_msgs/px4_msgs/msg/detail/vehicle_constraints__type_support.c
[69.441s] -- Up-to-date: /home/pavel/ws_ros2/install/px4_msgs/include/px4_msgs/px4_msgs/msg/detail/config_overrides__rosidl_typesupport_introspection_c.h
[69.441s] -- Up-to-date: /home/pavel/ws_ros2/install/px4_msgs/include/px4_msgs/px4_msgs/msg/detail/gimbal_manager_set_manual_control__rosidl_typesupport_introspection_c.h
[69.441s] -- Up-to-date: /home/pavel/ws_ros2/install/px4_msgs/include/px4_msgs/px4_msgs/msg/detail/vehicle_local_position_setpoint__rosidl_typesupport_introspection_c.h
[69.442s] -- Up-to-date: /home/pavel/ws_ros2/install/px4_msgs/include/px4_msgs/px4_msgs/msg/detail/parameter_reset_request__rosidl_typesupport_introspection_c.h
[69.442s] -- Up-to-date: /home/pavel/ws_ros2/install/px4_msgs/include/px4_msgs/px4_msgs/msg/detail/ulog_stream_ack__type_support.c
[69.442s] -- Up-to-date: /home/pavel/ws_ros2/install/px4_msgs/include/px4_msgs/px4_msgs/msg/detail/vehicle_global_position__rosidl_typesupport_introspection_c.h
[69.442s] -- Up-to-date: /home/pavel/ws_ros2/install/px4_msgs/include/px4_msgs/px4_msgs/msg/detail/vehicle_air_data__rosidl_typesupport_introspection_c.h
[69.442s] -- Up-to-date: /home/pavel/ws_ros2/install/px4_msgs/include/px4_msgs/px4_msgs/msg/detail/parameter_set_value_request__rosidl_typesupport_introspection_c.h
[69.442s] -- Up-to-date: /home/pavel/ws_ros2/install/px4_msgs/include/px4_msgs/px4_msgs/msg/detail/unregister_ext_component__type_support.c
[69.442s] -- Up-to-date: /home/pavel/ws_ros2/install/px4_msgs/include/px4_msgs/px4_msgs/msg/detail/orb_test__rosidl_typesupport_introspection_c.h
[69.442s] -- Up-to-date: /home/pavel/ws_ros2/install/px4_msgs/include/px4_msgs/px4_msgs/msg/detail/estimator_aid_source3d__type_support.c
[69.442s] -- Up-to-date: /home/pavel/ws_ros2/install/px4_msgs/include/px4_msgs/px4_msgs/msg/detail/ping__rosidl_typesupport_introspection_c.h
[69.442s] -- Up-to-date: /home/pavel/ws_ros2/install/px4_msgs/include/px4_msgs/px4_msgs/msg/detail/sensor_gps__rosidl_typesupport_introspection_c.h
[69.442s] -- Up-to-date: /home/pavel/ws_ros2/install/px4_msgs/include/px4_msgs/px4_msgs/msg/detail/power_monitor__type_support.c
[69.442s] -- Up-to-date: /home/pavel/ws_ros2/install/px4_msgs/include/px4_msgs/px4_msgs/msg/detail/event__rosidl_typesupport_introspection_c.h
[69.442s] -- Up-to-date: /home/pavel/ws_ros2/install/px4_msgs/include/px4_msgs/px4_msgs/msg/detail/px4io_status__type_support.c
[69.442s] -- Up-to-date: /home/pavel/ws_ros2/install/px4_msgs/include/px4_msgs/px4_msgs/msg/detail/esc_status__type_support.c
[69.442s] -- Up-to-date: /home/pavel/ws_ros2/install/px4_msgs/include/px4_msgs/px4_msgs/msg/detail/debug_array__type_support.c
[69.442s] -- Up-to-date: /home/pavel/ws_ros2/install/px4_msgs/include/px4_msgs/px4_msgs/msg/detail/pps_capture__rosidl_typesupport_introspection_c.h
[69.442s] -- Up-to-date: /home/pavel/ws_ros2/install/px4_msgs/include/px4_msgs/px4_msgs/msg/detail/actuator_servos__rosidl_typesupport_introspection_c.h
[69.442s] -- Up-to-date: /home/pavel/ws_ros2/install/px4_msgs/include/px4_msgs/px4_msgs/msg/detail/collision_report__rosidl_typesupport_introspection_c.h
[69.442s] -- Up-to-date: /home/pavel/ws_ros2/install/px4_msgs/include/px4_msgs/px4_msgs/msg/detail/system_power__type_support.c
[69.442s] -- Up-to-date: /home/pavel/ws_ros2/install/px4_msgs/include/px4_msgs/px4_msgs/msg/detail/vehicle_status__type_support.c
[69.442s] -- Up-to-date: /home/pavel/ws_ros2/install/px4_msgs/include/px4_msgs/px4_msgs/msg/detail/radio_status__type_support.c
[69.443s] -- Up-to-date: /home/pavel/ws_ros2/install/px4_msgs/include/px4_msgs/px4_msgs/msg/detail/heater_status__type_support.c
[69.443s] -- Up-to-date: /home/pavel/ws_ros2/install/px4_msgs/include/px4_msgs/px4_msgs/msg/detail/sensor_accel__type_support.c
[69.443s] -- Up-to-date: /home/pavel/ws_ros2/install/px4_msgs/include/px4_msgs/px4_msgs/msg/detail/uavcan_parameter_request__type_support.c
[69.443s] -- Up-to-date: /home/pavel/ws_ros2/install/px4_msgs/include/px4_msgs/px4_msgs/msg/detail/mode_completed__rosidl_typesupport_introspection_c.h
[69.443s] -- Up-to-date: /home/pavel/ws_ros2/install/px4_msgs/include/px4_msgs/px4_msgs/msg/detail/action_request__type_support.c
[69.443s] -- Up-to-date: /home/pavel/ws_ros2/install/px4_msgs/include/px4_msgs/px4_msgs/msg/detail/transponder_report__rosidl_typesupport_introspection_c.h
[69.443s] -- Up-to-date: /home/pavel/ws_ros2/install/px4_msgs/include/px4_msgs/px4_msgs/msg/detail/gimbal_device_information__type_support.c
[69.443s] -- Up-to-date: /home/pavel/ws_ros2/install/px4_msgs/include/px4_msgs/px4_msgs/msg/detail/power_button_state__type_support.c
[69.443s] -- Up-to-date: /home/pavel/ws_ros2/install/px4_msgs/include/px4_msgs/px4_msgs/msg/detail/hover_thrust_estimate__rosidl_typesupport_introspection_c.h
[69.443s] -- Up-to-date: /home/pavel/ws_ros2/install/px4_msgs/include/px4_msgs/px4_msgs/msg/detail/sensor_airflow__type_support.c
[69.443s] -- Up-to-date: /home/pavel/ws_ros2/install/px4_msgs/include/px4_msgs/px4_msgs/msg/detail/camera_capture__rosidl_typesupport_introspection_c.h
[69.443s] -- Up-to-date: /home/pavel/ws_ros2/install/px4_msgs/include/px4_msgs/px4_msgs/msg/detail/manual_control_switches__type_support.c
[69.443s] -- Up-to-date: /home/pavel/ws_ros2/install/px4_msgs/include/px4_msgs/px4_msgs/msg/detail/parameter_set_value_response__rosidl_typesupport_introspection_c.h
[69.443s] -- Up-to-date: /home/pavel/ws_ros2/install/px4_msgs/include/px4_msgs/px4_msgs/msg/detail/message_format_response__rosidl_typesupport_introspection_c.h
[69.443s] -- Up-to-date: /home/pavel/ws_ros2/install/px4_msgs/include/px4_msgs/px4_msgs/msg/detail/vehicle_optical_flow_vel__rosidl_typesupport_introspection_c.h
[69.443s] -- Up-to-date: /home/pavel/ws_ros2/install/px4_msgs/include/px4_msgs/px4_msgs/msg/detail/vehicle_magnetometer__type_support.c
[69.443s] -- Up-to-date: /home/pavel/ws_ros2/install/px4_msgs/include/px4_msgs/px4_msgs/msg/detail/estimator_innovations__type_support.c
[69.443s] -- Up-to-date: /home/pavel/ws_ros2/install/px4_msgs/include/px4_msgs/px4_msgs/msg/detail/irlock_report__rosidl_typesupport_introspection_c.h
[69.443s] -- Up-to-date: /home/pavel/ws_ros2/install/px4_msgs/include/px4_msgs/px4_msgs/msg/detail/offboard_control_mode__type_support.c
[69.443s] -- Up-to-date: /home/pavel/ws_ros2/install/px4_msgs/include/px4_msgs/px4_msgs/msg/detail/fuel_tank_status__type_support.c
[69.443s] -- Up-to-date: /home/pavel/ws_ros2/install/px4_msgs/include/px4_msgs/px4_msgs/msg/detail/sensor_combined__rosidl_typesupport_introspection_c.h
[69.443s] -- Up-to-date: /home/pavel/ws_ros2/install/px4_msgs/include/px4_msgs/px4_msgs/msg/detail/manual_control_switches__rosidl_typesupport_introspection_c.h
[69.444s] -- Up-to-date: /home/pavel/ws_ros2/install/px4_msgs/include/px4_msgs/px4_msgs/msg/detail/gimbal_device_attitude_status__rosidl_typesupport_introspection_c.h
[69.444s] -- Up-to-date: /home/pavel/ws_ros2/install/px4_msgs/include/px4_msgs/px4_msgs/msg/detail/normalized_unsigned_setpoint__rosidl_typesupport_introspection_c.h
[69.444s] -- Up-to-date: /home/pavel/ws_ros2/install/px4_msgs/include/px4_msgs/px4_msgs/msg/detail/sensor_baro__type_support.c
[69.444s] -- Up-to-date: /home/pavel/ws_ros2/install/px4_msgs/include/px4_msgs/px4_msgs/msg/detail/wind__rosidl_typesupport_introspection_c.h
[69.444s] -- Up-to-date: /home/pavel/ws_ros2/install/px4_msgs/include/px4_msgs/px4_msgs/msg/detail/dataman_request__rosidl_typesupport_introspection_c.h
[69.444s] -- Up-to-date: /home/pavel/ws_ros2/install/px4_msgs/include/px4_msgs/px4_msgs/msg/detail/parameter_set_used_request__type_support.c
[69.444s] -- Up-to-date: /home/pavel/ws_ros2/install/px4_msgs/include/px4_msgs/px4_msgs/msg/detail/sensor_gyro__type_support.c
[69.444s] -- Up-to-date: /home/pavel/ws_ros2/install/px4_msgs/include/px4_msgs/px4_msgs/msg/detail/vehicle_angular_acceleration_setpoint__type_support.c
[69.444s] -- Up-to-date: /home/pavel/ws_ros2/install/px4_msgs/include/px4_msgs/px4_msgs/msg/detail/orbit_status__rosidl_typesupport_introspection_c.h
[69.444s] -- Up-to-date: /home/pavel/ws_ros2/install/px4_msgs/include/px4_msgs/px4_msgs/msg/rosidl_typesupport_introspection_c__visibility_control.h
[69.444s] -- Installing: /home/pavel/ws_ros2/install/px4_msgs/lib/libpx4_msgs__rosidl_typesupport_introspection_c.so
[69.444s] -- Set runtime path of "/home/pavel/ws_ros2/install/px4_msgs/lib/libpx4_msgs__rosidl_typesupport_introspection_c.so" to ""
[69.444s] -- Installing: /home/pavel/ws_ros2/install/px4_msgs/lib/libpx4_msgs__rosidl_typesupport_c.so
[69.444s] -- Set runtime path of "/home/pavel/ws_ros2/install/px4_msgs/lib/libpx4_msgs__rosidl_typesupport_c.so" to ""
[69.444s] -- Up-to-date: /home/pavel/ws_ros2/install/px4_msgs/include/px4_msgs/px4_msgs
[69.444s] -- Up-to-date: /home/pavel/ws_ros2/install/px4_msgs/include/px4_msgs/px4_msgs/srv
[69.444s] -- Up-to-date: /home/pavel/ws_ros2/install/px4_msgs/include/px4_msgs/px4_msgs/srv/detail
[69.444s] -- Up-to-date: /home/pavel/ws_ros2/install/px4_msgs/include/px4_msgs/px4_msgs/srv/detail/vehicle_command__rosidl_typesupport_introspection_cpp.hpp
[69.444s] -- Up-to-date: /home/pavel/ws_ros2/install/px4_msgs/include/px4_msgs/px4_msgs/srv/detail/vehicle_command__type_support.cpp
[69.444s] -- Up-to-date: /home/pavel/ws_ros2/install/px4_msgs/include/px4_msgs/px4_msgs/msg
[69.444s] -- Up-to-date: /home/pavel/ws_ros2/install/px4_msgs/include/px4_msgs/px4_msgs/msg/detail
[69.444s] -- Up-to-date: /home/pavel/ws_ros2/install/px4_msgs/include/px4_msgs/px4_msgs/msg/detail/estimator_event_flags__type_support.cpp
[69.445s] -- Up-to-date: /home/pavel/ws_ros2/install/px4_msgs/include/px4_msgs/px4_msgs/msg/detail/vehicle_global_position__rosidl_typesupport_introspection_cpp.hpp
[69.445s] -- Up-to-date: /home/pavel/ws_ros2/install/px4_msgs/include/px4_msgs/px4_msgs/msg/detail/figure_eight_status__rosidl_typesupport_introspection_cpp.hpp
[69.445s] -- Up-to-date: /home/pavel/ws_ros2/install/px4_msgs/include/px4_msgs/px4_msgs/msg/detail/collision_report__type_support.cpp
[69.445s] -- Up-to-date: /home/pavel/ws_ros2/install/px4_msgs/include/px4_msgs/px4_msgs/msg/detail/gpio_config__rosidl_typesupport_introspection_cpp.hpp
[69.445s] -- Up-to-date: /home/pavel/ws_ros2/install/px4_msgs/include/px4_msgs/px4_msgs/msg/detail/sensor_airflow__rosidl_typesupport_introspection_cpp.hpp
[69.445s] -- Up-to-date: /home/pavel/ws_ros2/install/px4_msgs/include/px4_msgs/px4_msgs/msg/detail/estimator_aid_source3d__rosidl_typesupport_introspection_cpp.hpp
[69.445s] -- Up-to-date: /home/pavel/ws_ros2/install/px4_msgs/include/px4_msgs/px4_msgs/msg/detail/mag_worker_data__type_support.cpp
[69.445s] -- Up-to-date: /home/pavel/ws_ros2/install/px4_msgs/include/px4_msgs/px4_msgs/msg/detail/offboard_control_mode__type_support.cpp
[69.445s] -- Up-to-date: /home/pavel/ws_ros2/install/px4_msgs/include/px4_msgs/px4_msgs/msg/detail/follow_target_status__rosidl_typesupport_introspection_cpp.hpp
[69.445s] -- Up-to-date: /home/pavel/ws_ros2/install/px4_msgs/include/px4_msgs/px4_msgs/msg/detail/camera_status__type_support.cpp
[69.445s] -- Up-to-date: /home/pavel/ws_ros2/install/px4_msgs/include/px4_msgs/px4_msgs/msg/detail/debug_array__type_support.cpp
[69.445s] -- Up-to-date: /home/pavel/ws_ros2/install/px4_msgs/include/px4_msgs/px4_msgs/msg/detail/rpm__type_support.cpp
[69.445s] -- Up-to-date: /home/pavel/ws_ros2/install/px4_msgs/include/px4_msgs/px4_msgs/msg/detail/cellular_status__rosidl_typesupport_introspection_cpp.hpp
[69.445s] -- Up-to-date: /home/pavel/ws_ros2/install/px4_msgs/include/px4_msgs/px4_msgs/msg/detail/arming_check_request__type_support.cpp
[69.445s] -- Up-to-date: /home/pavel/ws_ros2/install/px4_msgs/include/px4_msgs/px4_msgs/msg/detail/ulog_stream_ack__rosidl_typesupport_introspection_cpp.hpp
[69.445s] -- Up-to-date: /home/pavel/ws_ros2/install/px4_msgs/include/px4_msgs/px4_msgs/msg/detail/mode_completed__rosidl_typesupport_introspection_cpp.hpp
[69.445s] -- Up-to-date: /home/pavel/ws_ros2/install/px4_msgs/include/px4_msgs/px4_msgs/msg/detail/manual_control_setpoint__rosidl_typesupport_introspection_cpp.hpp
[69.445s] -- Up-to-date: /home/pavel/ws_ros2/install/px4_msgs/include/px4_msgs/px4_msgs/msg/detail/sensor_gps__rosidl_typesupport_introspection_cpp.hpp
[69.445s] -- Up-to-date: /home/pavel/ws_ros2/install/px4_msgs/include/px4_msgs/px4_msgs/msg/detail/power_button_state__rosidl_typesupport_introspection_cpp.hpp
[69.445s] -- Up-to-date: /home/pavel/ws_ros2/install/px4_msgs/include/px4_msgs/px4_msgs/msg/detail/gimbal_manager_set_manual_control__type_support.cpp
[69.445s] -- Up-to-date: /home/pavel/ws_ros2/install/px4_msgs/include/px4_msgs/px4_msgs/msg/detail/estimator_gps_status__type_support.cpp
[69.445s] -- Up-to-date: /home/pavel/ws_ros2/install/px4_msgs/include/px4_msgs/px4_msgs/msg/detail/rover_ackermann_guidance_status__type_support.cpp
[69.446s] -- Up-to-date: /home/pavel/ws_ros2/install/px4_msgs/include/px4_msgs/px4_msgs/msg/detail/arming_check_reply__type_support.cpp
[69.446s] -- Up-to-date: /home/pavel/ws_ros2/install/px4_msgs/include/px4_msgs/px4_msgs/msg/detail/vehicle_trajectory_bezier__rosidl_typesupport_introspection_cpp.hpp
[69.446s] -- Up-to-date: /home/pavel/ws_ros2/install/px4_msgs/include/px4_msgs/px4_msgs/msg/detail/distance_sensor__type_support.cpp
[69.446s] -- Up-to-date: /home/pavel/ws_ros2/install/px4_msgs/include/px4_msgs/px4_msgs/msg/detail/estimator_aid_source2d__type_support.cpp
[69.446s] -- Up-to-date: /home/pavel/ws_ros2/install/px4_msgs/include/px4_msgs/px4_msgs/msg/detail/log_message__type_support.cpp
[69.446s] -- Up-to-date: /home/pavel/ws_ros2/install/px4_msgs/include/px4_msgs/px4_msgs/msg/detail/wheel_encoders__rosidl_typesupport_introspection_cpp.hpp
[69.446s] -- Up-to-date: /home/pavel/ws_ros2/install/px4_msgs/include/px4_msgs/px4_msgs/msg/detail/system_power__rosidl_typesupport_introspection_cpp.hpp
[69.446s] -- Up-to-date: /home/pavel/ws_ros2/install/px4_msgs/include/px4_msgs/px4_msgs/msg/detail/onboard_computer_status__type_support.cpp
[69.446s] -- Up-to-date: /home/pavel/ws_ros2/install/px4_msgs/include/px4_msgs/px4_msgs/msg/detail/gimbal_manager_set_attitude__type_support.cpp
[69.446s] -- Up-to-date: /home/pavel/ws_ros2/install/px4_msgs/include/px4_msgs/px4_msgs/msg/detail/orb_test__type_support.cpp
[69.446s] -- Up-to-date: /home/pavel/ws_ros2/install/px4_msgs/include/px4_msgs/px4_msgs/msg/detail/vehicle_acceleration__rosidl_typesupport_introspection_cpp.hpp
[69.446s] -- Up-to-date: /home/pavel/ws_ros2/install/px4_msgs/include/px4_msgs/px4_msgs/msg/detail/yaw_estimator_status__rosidl_typesupport_introspection_cpp.hpp
[69.446s] -- Up-to-date: /home/pavel/ws_ros2/install/px4_msgs/include/px4_msgs/px4_msgs/msg/detail/onboard_computer_status__rosidl_typesupport_introspection_cpp.hpp
[69.446s] -- Up-to-date: /home/pavel/ws_ros2/install/px4_msgs/include/px4_msgs/px4_msgs/msg/detail/position_setpoint_triplet__rosidl_typesupport_introspection_cpp.hpp
[69.446s] -- Up-to-date: /home/pavel/ws_ros2/install/px4_msgs/include/px4_msgs/px4_msgs/msg/detail/timesync_status__rosidl_typesupport_introspection_cpp.hpp
[69.446s] -- Up-to-date: /home/pavel/ws_ros2/install/px4_msgs/include/px4_msgs/px4_msgs/msg/detail/follow_target_estimator__rosidl_typesupport_introspection_cpp.hpp
[69.446s] -- Up-to-date: /home/pavel/ws_ros2/install/px4_msgs/include/px4_msgs/px4_msgs/msg/detail/mavlink_tunnel__type_support.cpp
[69.446s] -- Up-to-date: /home/pavel/ws_ros2/install/px4_msgs/include/px4_msgs/px4_msgs/msg/detail/vehicle_magnetometer__type_support.cpp
[69.446s] -- Up-to-date: /home/pavel/ws_ros2/install/px4_msgs/include/px4_msgs/px4_msgs/msg/detail/parameter_set_value_request__rosidl_typesupport_introspection_cpp.hpp
[69.446s] -- Up-to-date: /home/pavel/ws_ros2/install/px4_msgs/include/px4_msgs/px4_msgs/msg/detail/uavcan_parameter_value__type_support.cpp
[69.446s] -- Up-to-date: /home/pavel/ws_ros2/install/px4_msgs/include/px4_msgs/px4_msgs/msg/detail/estimator_aid_source3d__type_support.cpp
[69.446s] -- Up-to-date: /home/pavel/ws_ros2/install/px4_msgs/include/px4_msgs/px4_msgs/msg/detail/manual_control_switches__rosidl_typesupport_introspection_cpp.hpp
[69.447s] -- Up-to-date: /home/pavel/ws_ros2/install/px4_msgs/include/px4_msgs/px4_msgs/msg/detail/logger_status__type_support.cpp
[69.447s] -- Up-to-date: /home/pavel/ws_ros2/install/px4_msgs/include/px4_msgs/px4_msgs/msg/detail/register_ext_component_request__rosidl_typesupport_introspection_cpp.hpp
[69.447s] -- Up-to-date: /home/pavel/ws_ros2/install/px4_msgs/include/px4_msgs/px4_msgs/msg/detail/qshell_retval__type_support.cpp
[69.447s] -- Up-to-date: /home/pavel/ws_ros2/install/px4_msgs/include/px4_msgs/px4_msgs/msg/detail/gpio_out__rosidl_typesupport_introspection_cpp.hpp
[69.447s] -- Up-to-date: /home/pavel/ws_ros2/install/px4_msgs/include/px4_msgs/px4_msgs/msg/detail/normalized_unsigned_setpoint__rosidl_typesupport_introspection_cpp.hpp
[69.447s] -- Up-to-date: /home/pavel/ws_ros2/install/px4_msgs/include/px4_msgs/px4_msgs/msg/detail/landing_gear__type_support.cpp
[69.447s] -- Up-to-date: /home/pavel/ws_ros2/install/px4_msgs/include/px4_msgs/px4_msgs/msg/detail/actuator_servos_trim__type_support.cpp
[69.447s] -- Up-to-date: /home/pavel/ws_ros2/install/px4_msgs/include/px4_msgs/px4_msgs/msg/detail/esc_report__rosidl_typesupport_introspection_cpp.hpp
[69.447s] -- Up-to-date: /home/pavel/ws_ros2/install/px4_msgs/include/px4_msgs/px4_msgs/msg/detail/health_report__rosidl_typesupport_introspection_cpp.hpp
[69.447s] -- Up-to-date: /home/pavel/ws_ros2/install/px4_msgs/include/px4_msgs/px4_msgs/msg/detail/gpio_config__type_support.cpp
[69.447s] -- Up-to-date: /home/pavel/ws_ros2/install/px4_msgs/include/px4_msgs/px4_msgs/msg/detail/gripper__type_support.cpp
[69.447s] -- Up-to-date: /home/pavel/ws_ros2/install/px4_msgs/include/px4_msgs/px4_msgs/msg/detail/px4io_status__type_support.cpp
[69.447s] -- Up-to-date: /home/pavel/ws_ros2/install/px4_msgs/include/px4_msgs/px4_msgs/msg/detail/tune_control__type_support.cpp
[69.447s] -- Up-to-date: /home/pavel/ws_ros2/install/px4_msgs/include/px4_msgs/px4_msgs/msg/detail/geofence_result__type_support.cpp
[69.447s] -- Up-to-date: /home/pavel/ws_ros2/install/px4_msgs/include/px4_msgs/px4_msgs/msg/detail/estimator_gps_status__rosidl_typesupport_introspection_cpp.hpp
[69.447s] -- Up-to-date: /home/pavel/ws_ros2/install/px4_msgs/include/px4_msgs/px4_msgs/msg/detail/rc_parameter_map__rosidl_typesupport_introspection_cpp.hpp
[69.447s] -- Up-to-date: /home/pavel/ws_ros2/install/px4_msgs/include/px4_msgs/px4_msgs/msg/detail/led_control__type_support.cpp
[69.447s] -- Up-to-date: /home/pavel/ws_ros2/install/px4_msgs/include/px4_msgs/px4_msgs/msg/detail/estimator_status_flags__type_support.cpp
[69.447s] -- Up-to-date: /home/pavel/ws_ros2/install/px4_msgs/include/px4_msgs/px4_msgs/msg/detail/sensor_accel_fifo__rosidl_typesupport_introspection_cpp.hpp
[69.447s] -- Up-to-date: /home/pavel/ws_ros2/install/px4_msgs/include/px4_msgs/px4_msgs/msg/detail/power_monitor__type_support.cpp
[69.447s] -- Up-to-date: /home/pavel/ws_ros2/install/px4_msgs/include/px4_msgs/px4_msgs/msg/detail/actuator_outputs__rosidl_typesupport_introspection_cpp.hpp
[69.448s] -- Up-to-date: /home/pavel/ws_ros2/install/px4_msgs/include/px4_msgs/px4_msgs/msg/detail/mavlink_log__rosidl_typesupport_introspection_cpp.hpp
[69.448s] -- Up-to-date: /home/pavel/ws_ros2/install/px4_msgs/include/px4_msgs/px4_msgs/msg/detail/mission_result__rosidl_typesupport_introspection_cpp.hpp
[69.448s] -- Up-to-date: /home/pavel/ws_ros2/install/px4_msgs/include/px4_msgs/px4_msgs/msg/detail/sensor_airflow__type_support.cpp
[69.448s] -- Up-to-date: /home/pavel/ws_ros2/install/px4_msgs/include/px4_msgs/px4_msgs/msg/detail/actuator_servos_trim__rosidl_typesupport_introspection_cpp.hpp
[69.448s] -- Up-to-date: /home/pavel/ws_ros2/install/px4_msgs/include/px4_msgs/px4_msgs/msg/detail/vehicle_optical_flow_vel__type_support.cpp
[69.448s] -- Up-to-date: /home/pavel/ws_ros2/install/px4_msgs/include/px4_msgs/px4_msgs/msg/detail/can_interface_status__type_support.cpp
[69.448s] -- Up-to-date: /home/pavel/ws_ros2/install/px4_msgs/include/px4_msgs/px4_msgs/msg/detail/airspeed__type_support.cpp
[69.448s] -- Up-to-date: /home/pavel/ws_ros2/install/px4_msgs/include/px4_msgs/px4_msgs/msg/detail/geofence_status__rosidl_typesupport_introspection_cpp.hpp
[69.448s] -- Up-to-date: /home/pavel/ws_ros2/install/px4_msgs/include/px4_msgs/px4_msgs/msg/detail/collision_constraints__type_support.cpp
[69.448s] -- Up-to-date: /home/pavel/ws_ros2/install/px4_msgs/include/px4_msgs/px4_msgs/msg/detail/actuator_motors__type_support.cpp
[69.448s] -- Up-to-date: /home/pavel/ws_ros2/install/px4_msgs/include/px4_msgs/px4_msgs/msg/detail/offboard_control_mode__rosidl_typesupport_introspection_cpp.hpp
[69.448s] -- Up-to-date: /home/pavel/ws_ros2/install/px4_msgs/include/px4_msgs/px4_msgs/msg/detail/vehicle_status__rosidl_typesupport_introspection_cpp.hpp
[69.448s] -- Up-to-date: /home/pavel/ws_ros2/install/px4_msgs/include/px4_msgs/px4_msgs/msg/detail/uavcan_parameter_request__type_support.cpp
[69.448s] -- Up-to-date: /home/pavel/ws_ros2/install/px4_msgs/include/px4_msgs/px4_msgs/msg/detail/mission_result__type_support.cpp
[69.448s] -- Up-to-date: /home/pavel/ws_ros2/install/px4_msgs/include/px4_msgs/px4_msgs/msg/detail/message_format_request__rosidl_typesupport_introspection_cpp.hpp
[69.448s] -- Up-to-date: /home/pavel/ws_ros2/install/px4_msgs/include/px4_msgs/px4_msgs/msg/detail/sensor_gyro_fifo__type_support.cpp
[69.448s] -- Up-to-date: /home/pavel/ws_ros2/install/px4_msgs/include/px4_msgs/px4_msgs/msg/detail/trajectory_setpoint__rosidl_typesupport_introspection_cpp.hpp
[69.448s] -- Up-to-date: /home/pavel/ws_ros2/install/px4_msgs/include/px4_msgs/px4_msgs/msg/detail/mission__type_support.cpp
[69.448s] -- Up-to-date: /home/pavel/ws_ros2/install/px4_msgs/include/px4_msgs/px4_msgs/msg/detail/parameter_reset_request__rosidl_typesupport_introspection_cpp.hpp
[69.448s] -- Up-to-date: /home/pavel/ws_ros2/install/px4_msgs/include/px4_msgs/px4_msgs/msg/detail/collision_report__rosidl_typesupport_introspection_cpp.hpp
[69.448s] -- Up-to-date: /home/pavel/ws_ros2/install/px4_msgs/include/px4_msgs/px4_msgs/msg/detail/landing_target_innovations__type_support.cpp
[69.448s] -- Up-to-date: /home/pavel/ws_ros2/install/px4_msgs/include/px4_msgs/px4_msgs/msg/detail/vtol_vehicle_status__type_support.cpp
[69.449s] -- Up-to-date: /home/pavel/ws_ros2/install/px4_msgs/include/px4_msgs/px4_msgs/msg/detail/pwm_input__type_support.cpp
[69.449s] -- Up-to-date: /home/pavel/ws_ros2/install/px4_msgs/include/px4_msgs/px4_msgs/msg/detail/yaw_estimator_status__type_support.cpp
[69.449s] -- Up-to-date: /home/pavel/ws_ros2/install/px4_msgs/include/px4_msgs/px4_msgs/msg/detail/timesync_status__type_support.cpp
[69.449s] -- Up-to-date: /home/pavel/ws_ros2/install/px4_msgs/include/px4_msgs/px4_msgs/msg/detail/magnetometer_bias_estimate__rosidl_typesupport_introspection_cpp.hpp
[69.449s] -- Up-to-date: /home/pavel/ws_ros2/install/px4_msgs/include/px4_msgs/px4_msgs/msg/detail/debug_value__rosidl_typesupport_introspection_cpp.hpp
[69.449s] -- Up-to-date: /home/pavel/ws_ros2/install/px4_msgs/include/px4_msgs/px4_msgs/msg/detail/mavlink_tunnel__rosidl_typesupport_introspection_cpp.hpp
[69.449s] -- Up-to-date: /home/pavel/ws_ros2/install/px4_msgs/include/px4_msgs/px4_msgs/msg/detail/vehicle_imu_status__rosidl_typesupport_introspection_cpp.hpp
[69.449s] -- Up-to-date: /home/pavel/ws_ros2/install/px4_msgs/include/px4_msgs/px4_msgs/msg/detail/autotune_attitude_control_status__rosidl_typesupport_introspection_cpp.hpp
[69.449s] -- Up-to-date: /home/pavel/ws_ros2/install/px4_msgs/include/px4_msgs/px4_msgs/msg/detail/parameter_set_used_request__type_support.cpp
[69.449s] -- Up-to-date: /home/pavel/ws_ros2/install/px4_msgs/include/px4_msgs/px4_msgs/msg/detail/rc_parameter_map__type_support.cpp
[69.449s] -- Up-to-date: /home/pavel/ws_ros2/install/px4_msgs/include/px4_msgs/px4_msgs/msg/detail/geofence_status__type_support.cpp
[69.449s] -- Up-to-date: /home/pavel/ws_ros2/install/px4_msgs/include/px4_msgs/px4_msgs/msg/detail/actuator_armed__rosidl_typesupport_introspection_cpp.hpp
[69.449s] -- Up-to-date: /home/pavel/ws_ros2/install/px4_msgs/include/px4_msgs/px4_msgs/msg/detail/trajectory_waypoint__rosidl_typesupport_introspection_cpp.hpp
[69.449s] -- Up-to-date: /home/pavel/ws_ros2/install/px4_msgs/include/px4_msgs/px4_msgs/msg/detail/figure_eight_status__type_support.cpp
[69.449s] -- Up-to-date: /home/pavel/ws_ros2/install/px4_msgs/include/px4_msgs/px4_msgs/msg/detail/health_report__type_support.cpp
[69.449s] -- Up-to-date: /home/pavel/ws_ros2/install/px4_msgs/include/px4_msgs/px4_msgs/msg/detail/sensor_gnss_relative__type_support.cpp
[69.449s] -- Up-to-date: /home/pavel/ws_ros2/install/px4_msgs/include/px4_msgs/px4_msgs/msg/detail/flight_phase_estimation__rosidl_typesupport_introspection_cpp.hpp
[69.449s] -- Up-to-date: /home/pavel/ws_ros2/install/px4_msgs/include/px4_msgs/px4_msgs/msg/detail/position_controller_landing_status__type_support.cpp
[69.449s] -- Up-to-date: /home/pavel/ws_ros2/install/px4_msgs/include/px4_msgs/px4_msgs/msg/detail/gpio_out__type_support.cpp
[69.449s] -- Up-to-date: /home/pavel/ws_ros2/install/px4_msgs/include/px4_msgs/px4_msgs/msg/detail/parameter_update__rosidl_typesupport_introspection_cpp.hpp
[69.449s] -- Up-to-date: /home/pavel/ws_ros2/install/px4_msgs/include/px4_msgs/px4_msgs/msg/detail/distance_sensor__rosidl_typesupport_introspection_cpp.hpp
[69.449s] -- Up-to-date: /home/pavel/ws_ros2/install/px4_msgs/include/px4_msgs/px4_msgs/msg/detail/vehicle_acceleration__type_support.cpp
[69.450s] -- Up-to-date: /home/pavel/ws_ros2/install/px4_msgs/include/px4_msgs/px4_msgs/msg/detail/vehicle_roi__type_support.cpp
[69.450s] -- Up-to-date: /home/pavel/ws_ros2/install/px4_msgs/include/px4_msgs/px4_msgs/msg/detail/vehicle_optical_flow__type_support.cpp
[69.450s] -- Up-to-date: /home/pavel/ws_ros2/install/px4_msgs/include/px4_msgs/px4_msgs/msg/detail/adc_report__type_support.cpp
[69.450s] -- Up-to-date: /home/pavel/ws_ros2/install/px4_msgs/include/px4_msgs/px4_msgs/msg/detail/gimbal_device_attitude_status__rosidl_typesupport_introspection_cpp.hpp
[69.450s] -- Up-to-date: /home/pavel/ws_ros2/install/px4_msgs/include/px4_msgs/px4_msgs/msg/detail/sensor_gyro_fft__rosidl_typesupport_introspection_cpp.hpp
[69.450s] -- Up-to-date: /home/pavel/ws_ros2/install/px4_msgs/include/px4_msgs/px4_msgs/msg/detail/failsafe_flags__rosidl_typesupport_introspection_cpp.hpp
[69.450s] -- Up-to-date: /home/pavel/ws_ros2/install/px4_msgs/include/px4_msgs/px4_msgs/msg/detail/trajectory_bezier__rosidl_typesupport_introspection_cpp.hpp
[69.450s] -- Up-to-date: /home/pavel/ws_ros2/install/px4_msgs/include/px4_msgs/px4_msgs/msg/detail/vehicle_local_position_setpoint__rosidl_typesupport_introspection_cpp.hpp
[69.450s] -- Up-to-date: /home/pavel/ws_ros2/install/px4_msgs/include/px4_msgs/px4_msgs/msg/detail/parameter_update__type_support.cpp
[69.450s] -- Up-to-date: /home/pavel/ws_ros2/install/px4_msgs/include/px4_msgs/px4_msgs/msg/detail/gripper__rosidl_typesupport_introspection_cpp.hpp
[69.450s] -- Up-to-date: /home/pavel/ws_ros2/install/px4_msgs/include/px4_msgs/px4_msgs/msg/detail/rtl_status__type_support.cpp
[69.450s] -- Up-to-date: /home/pavel/ws_ros2/install/px4_msgs/include/px4_msgs/px4_msgs/msg/detail/ping__rosidl_typesupport_introspection_cpp.hpp
[69.450s] -- Up-to-date: /home/pavel/ws_ros2/install/px4_msgs/include/px4_msgs/px4_msgs/msg/detail/power_monitor__rosidl_typesupport_introspection_cpp.hpp
[69.450s] -- Up-to-date: /home/pavel/ws_ros2/install/px4_msgs/include/px4_msgs/px4_msgs/msg/detail/dataman_response__rosidl_typesupport_introspection_cpp.hpp
[69.450s] -- Up-to-date: /home/pavel/ws_ros2/install/px4_msgs/include/px4_msgs/px4_msgs/msg/detail/tiltrotor_extra_controls__type_support.cpp
[69.450s] -- Up-to-date: /home/pavel/ws_ros2/install/px4_msgs/include/px4_msgs/px4_msgs/msg/detail/camera_trigger__rosidl_typesupport_introspection_cpp.hpp
[69.450s] -- Up-to-date: /home/pavel/ws_ros2/install/px4_msgs/include/px4_msgs/px4_msgs/msg/detail/position_setpoint__rosidl_typesupport_introspection_cpp.hpp
[69.450s] -- Up-to-date: /home/pavel/ws_ros2/install/px4_msgs/include/px4_msgs/px4_msgs/msg/detail/wheel_encoders__type_support.cpp
[69.450s] -- Up-to-date: /home/pavel/ws_ros2/install/px4_msgs/include/px4_msgs/px4_msgs/msg/detail/airspeed_validated__rosidl_typesupport_introspection_cpp.hpp
[69.450s] -- Up-to-date: /home/pavel/ws_ros2/install/px4_msgs/include/px4_msgs/px4_msgs/msg/detail/parameter_set_value_request__type_support.cpp
[69.450s] -- Up-to-date: /home/pavel/ws_ros2/install/px4_msgs/include/px4_msgs/px4_msgs/msg/detail/tecs_status__type_support.cpp
[69.450s] -- Up-to-date: /home/pavel/ws_ros2/install/px4_msgs/include/px4_msgs/px4_msgs/msg/detail/action_request__type_support.cpp
[69.451s] -- Up-to-date: /home/pavel/ws_ros2/install/px4_msgs/include/px4_msgs/px4_msgs/msg/detail/sensors_status__rosidl_typesupport_introspection_cpp.hpp
[69.451s] -- Up-to-date: /home/pavel/ws_ros2/install/px4_msgs/include/px4_msgs/px4_msgs/msg/detail/launch_detection_status__type_support.cpp
[69.451s] -- Up-to-date: /home/pavel/ws_ros2/install/px4_msgs/include/px4_msgs/px4_msgs/msg/detail/rtl_status__rosidl_typesupport_introspection_cpp.hpp
[69.451s] -- Up-to-date: /home/pavel/ws_ros2/install/px4_msgs/include/px4_msgs/px4_msgs/msg/detail/arming_check_request__rosidl_typesupport_introspection_cpp.hpp
[69.451s] -- Up-to-date: /home/pavel/ws_ros2/install/px4_msgs/include/px4_msgs/px4_msgs/msg/detail/vehicle_local_position__rosidl_typesupport_introspection_cpp.hpp
[69.451s] -- Up-to-date: /home/pavel/ws_ros2/install/px4_msgs/include/px4_msgs/px4_msgs/msg/detail/rc_channels__type_support.cpp
[69.451s] -- Up-to-date: /home/pavel/ws_ros2/install/px4_msgs/include/px4_msgs/px4_msgs/msg/detail/control_allocator_status__type_support.cpp
[69.451s] -- Up-to-date: /home/pavel/ws_ros2/install/px4_msgs/include/px4_msgs/px4_msgs/msg/detail/gpio_in__type_support.cpp
[69.451s] -- Up-to-date: /home/pavel/ws_ros2/install/px4_msgs/include/px4_msgs/px4_msgs/msg/detail/vehicle_thrust_setpoint__rosidl_typesupport_introspection_cpp.hpp
[69.451s] -- Up-to-date: /home/pavel/ws_ros2/install/px4_msgs/include/px4_msgs/px4_msgs/msg/detail/sensor_uwb__rosidl_typesupport_introspection_cpp.hpp
[69.451s] -- Up-to-date: /home/pavel/ws_ros2/install/px4_msgs/include/px4_msgs/px4_msgs/msg/detail/gps_dump__rosidl_typesupport_introspection_cpp.hpp
[69.451s] -- Up-to-date: /home/pavel/ws_ros2/install/px4_msgs/include/px4_msgs/px4_msgs/msg/detail/estimator_sensor_bias__rosidl_typesupport_introspection_cpp.hpp
[69.451s] -- Up-to-date: /home/pavel/ws_ros2/install/px4_msgs/include/px4_msgs/px4_msgs/msg/detail/register_ext_component_reply__type_support.cpp
[69.451s] -- Up-to-date: /home/pavel/ws_ros2/install/px4_msgs/include/px4_msgs/px4_msgs/msg/detail/gps_inject_data__rosidl_typesupport_introspection_cpp.hpp
[69.451s] -- Up-to-date: /home/pavel/ws_ros2/install/px4_msgs/include/px4_msgs/px4_msgs/msg/detail/config_overrides__type_support.cpp
[69.451s] -- Up-to-date: /home/pavel/ws_ros2/install/px4_msgs/include/px4_msgs/px4_msgs/msg/detail/sensor_gnss_relative__rosidl_typesupport_introspection_cpp.hpp
[69.451s] -- Up-to-date: /home/pavel/ws_ros2/install/px4_msgs/include/px4_msgs/px4_msgs/msg/detail/vehicle_global_position__type_support.cpp
[69.451s] -- Up-to-date: /home/pavel/ws_ros2/install/px4_msgs/include/px4_msgs/px4_msgs/msg/detail/estimator_innovations__rosidl_typesupport_introspection_cpp.hpp
[69.451s] -- Up-to-date: /home/pavel/ws_ros2/install/px4_msgs/include/px4_msgs/px4_msgs/msg/detail/estimator_bias3d__rosidl_typesupport_introspection_cpp.hpp
[69.451s] -- Up-to-date: /home/pavel/ws_ros2/install/px4_msgs/include/px4_msgs/px4_msgs/msg/detail/gimbal_device_attitude_status__type_support.cpp
[69.452s] -- Up-to-date: /home/pavel/ws_ros2/install/px4_msgs/include/px4_msgs/px4_msgs/msg/detail/estimator_aid_source1d__type_support.cpp
[69.452s] -- Up-to-date: /home/pavel/ws_ros2/install/px4_msgs/include/px4_msgs/px4_msgs/msg/detail/goto_setpoint__type_support.cpp
[69.452s] -- Up-to-date: /home/pavel/ws_ros2/install/px4_msgs/include/px4_msgs/px4_msgs/msg/detail/velocity_limits__rosidl_typesupport_introspection_cpp.hpp
[69.452s] -- Up-to-date: /home/pavel/ws_ros2/install/px4_msgs/include/px4_msgs/px4_msgs/msg/detail/position_setpoint_triplet__type_support.cpp
[69.452s] -- Up-to-date: /home/pavel/ws_ros2/install/px4_msgs/include/px4_msgs/px4_msgs/msg/detail/event__rosidl_typesupport_introspection_cpp.hpp
[69.452s] -- Up-to-date: /home/pavel/ws_ros2/install/px4_msgs/include/px4_msgs/px4_msgs/msg/detail/failure_detector_status__type_support.cpp
[69.452s] -- Up-to-date: /home/pavel/ws_ros2/install/px4_msgs/include/px4_msgs/px4_msgs/msg/detail/mission__rosidl_typesupport_introspection_cpp.hpp
[69.452s] -- Up-to-date: /home/pavel/ws_ros2/install/px4_msgs/include/px4_msgs/px4_msgs/msg/detail/unregister_ext_component__rosidl_typesupport_introspection_cpp.hpp
[69.452s] -- Up-to-date: /home/pavel/ws_ros2/install/px4_msgs/include/px4_msgs/px4_msgs/msg/detail/sensor_uwb__type_support.cpp
[69.452s] -- Up-to-date: /home/pavel/ws_ros2/install/px4_msgs/include/px4_msgs/px4_msgs/msg/detail/rate_ctrl_status__type_support.cpp
[69.452s] -- Up-to-date: /home/pavel/ws_ros2/install/px4_msgs/include/px4_msgs/px4_msgs/msg/detail/vehicle_angular_velocity__rosidl_typesupport_introspection_cpp.hpp
[69.452s] -- Up-to-date: /home/pavel/ws_ros2/install/px4_msgs/include/px4_msgs/px4_msgs/msg/detail/vehicle_constraints__type_support.cpp
[69.452s] -- Up-to-date: /home/pavel/ws_ros2/install/px4_msgs/include/px4_msgs/px4_msgs/msg/detail/vehicle_optical_flow__rosidl_typesupport_introspection_cpp.hpp
[69.452s] -- Up-to-date: /home/pavel/ws_ros2/install/px4_msgs/include/px4_msgs/px4_msgs/msg/detail/vehicle_land_detected__rosidl_typesupport_introspection_cpp.hpp
[69.452s] -- Up-to-date: /home/pavel/ws_ros2/install/px4_msgs/include/px4_msgs/px4_msgs/msg/detail/action_request__rosidl_typesupport_introspection_cpp.hpp
[69.452s] -- Up-to-date: /home/pavel/ws_ros2/install/px4_msgs/include/px4_msgs/px4_msgs/msg/detail/gpio_request__type_support.cpp
[69.452s] -- Up-to-date: /home/pavel/ws_ros2/install/px4_msgs/include/px4_msgs/px4_msgs/msg/detail/vehicle_command_ack__type_support.cpp
[69.452s] -- Up-to-date: /home/pavel/ws_ros2/install/px4_msgs/include/px4_msgs/px4_msgs/msg/detail/power_button_state__type_support.cpp
[69.452s] -- Up-to-date: /home/pavel/ws_ros2/install/px4_msgs/include/px4_msgs/px4_msgs/msg/detail/vehicle_land_detected__type_support.cpp
[69.452s] -- Up-to-date: /home/pavel/ws_ros2/install/px4_msgs/include/px4_msgs/px4_msgs/msg/detail/rover_ackermann_guidance_status__rosidl_typesupport_introspection_cpp.hpp
[69.453s] -- Up-to-date: /home/pavel/ws_ros2/install/px4_msgs/include/px4_msgs/px4_msgs/msg/detail/failsafe_flags__type_support.cpp
[69.453s] -- Up-to-date: /home/pavel/ws_ros2/install/px4_msgs/include/px4_msgs/px4_msgs/msg/detail/debug_array__rosidl_typesupport_introspection_cpp.hpp
[69.453s] -- Up-to-date: /home/pavel/ws_ros2/install/px4_msgs/include/px4_msgs/px4_msgs/msg/detail/obstacle_distance__type_support.cpp
[69.453s] -- Up-to-date: /home/pavel/ws_ros2/install/px4_msgs/include/px4_msgs/px4_msgs/msg/detail/dataman_request__rosidl_typesupport_introspection_cpp.hpp
[69.453s] -- Up-to-date: /home/pavel/ws_ros2/install/px4_msgs/include/px4_msgs/px4_msgs/msg/detail/vehicle_local_position_setpoint__type_support.cpp
[69.453s] -- Up-to-date: /home/pavel/ws_ros2/install/px4_msgs/include/px4_msgs/px4_msgs/msg/detail/vehicle_trajectory_bezier__type_support.cpp
[69.453s] -- Up-to-date: /home/pavel/ws_ros2/install/px4_msgs/include/px4_msgs/px4_msgs/msg/detail/airspeed_wind__rosidl_typesupport_introspection_cpp.hpp
[69.453s] -- Up-to-date: /home/pavel/ws_ros2/install/px4_msgs/include/px4_msgs/px4_msgs/msg/detail/parameter_set_value_response__rosidl_typesupport_introspection_cpp.hpp
[69.453s] -- Up-to-date: /home/pavel/ws_ros2/install/px4_msgs/include/px4_msgs/px4_msgs/msg/detail/battery_status__type_support.cpp
[69.453s] -- Up-to-date: /home/pavel/ws_ros2/install/px4_msgs/include/px4_msgs/px4_msgs/msg/detail/actuator_test__rosidl_typesupport_introspection_cpp.hpp
[69.453s] -- Up-to-date: /home/pavel/ws_ros2/install/px4_msgs/include/px4_msgs/px4_msgs/msg/detail/pps_capture__rosidl_typesupport_introspection_cpp.hpp
[69.453s] -- Up-to-date: /home/pavel/ws_ros2/install/px4_msgs/include/px4_msgs/px4_msgs/msg/detail/vehicle_angular_acceleration_setpoint__type_support.cpp
[69.453s] -- Up-to-date: /home/pavel/ws_ros2/install/px4_msgs/include/px4_msgs/px4_msgs/msg/detail/npfg_status__rosidl_typesupport_introspection_cpp.hpp
[69.453s] -- Up-to-date: /home/pavel/ws_ros2/install/px4_msgs/include/px4_msgs/px4_msgs/msg/detail/actuator_servos__type_support.cpp
[69.453s] -- Up-to-date: /home/pavel/ws_ros2/install/px4_msgs/include/px4_msgs/px4_msgs/msg/detail/actuator_motors__rosidl_typesupport_introspection_cpp.hpp
[69.453s] -- Up-to-date: /home/pavel/ws_ros2/install/px4_msgs/include/px4_msgs/px4_msgs/msg/detail/gimbal_manager_set_manual_control__rosidl_typesupport_introspection_cpp.hpp
[69.453s] -- Up-to-date: /home/pavel/ws_ros2/install/px4_msgs/include/px4_msgs/px4_msgs/msg/detail/takeoff_status__type_support.cpp
[69.453s] -- Up-to-date: /home/pavel/ws_ros2/install/px4_msgs/include/px4_msgs/px4_msgs/msg/detail/fuel_tank_status__type_support.cpp
[69.453s] -- Up-to-date: /home/pavel/ws_ros2/install/px4_msgs/include/px4_msgs/px4_msgs/msg/detail/airspeed_wind__type_support.cpp
[69.453s] -- Up-to-date: /home/pavel/ws_ros2/install/px4_msgs/include/px4_msgs/px4_msgs/msg/detail/gps_inject_data__type_support.cpp
[69.453s] -- Up-to-date: /home/pavel/ws_ros2/install/px4_msgs/include/px4_msgs/px4_msgs/msg/detail/manual_control_switches__type_support.cpp
[69.454s] -- Up-to-date: /home/pavel/ws_ros2/install/px4_msgs/include/px4_msgs/px4_msgs/msg/detail/debug_vect__type_support.cpp
[69.454s] -- Up-to-date: /home/pavel/ws_ros2/install/px4_msgs/include/px4_msgs/px4_msgs/msg/detail/flight_phase_estimation__type_support.cpp
[69.454s] -- Up-to-date: /home/pavel/ws_ros2/install/px4_msgs/include/px4_msgs/px4_msgs/msg/detail/camera_capture__rosidl_typesupport_introspection_cpp.hpp
[69.454s] -- Up-to-date: /home/pavel/ws_ros2/install/px4_msgs/include/px4_msgs/px4_msgs/msg/detail/vehicle_air_data__type_support.cpp
[69.454s] -- Up-to-date: /home/pavel/ws_ros2/install/px4_msgs/include/px4_msgs/px4_msgs/msg/detail/input_rc__rosidl_typesupport_introspection_cpp.hpp
[69.454s] -- Up-to-date: /home/pavel/ws_ros2/install/px4_msgs/include/px4_msgs/px4_msgs/msg/detail/esc_status__rosidl_typesupport_introspection_cpp.hpp
[69.454s] -- Up-to-date: /home/pavel/ws_ros2/install/px4_msgs/include/px4_msgs/px4_msgs/msg/detail/unregister_ext_component__type_support.cpp
[69.454s] -- Up-to-date: /home/pavel/ws_ros2/install/px4_msgs/include/px4_msgs/px4_msgs/msg/detail/ping__type_support.cpp
[69.454s] -- Up-to-date: /home/pavel/ws_ros2/install/px4_msgs/include/px4_msgs/px4_msgs/msg/detail/qshell_req__rosidl_typesupport_introspection_cpp.hpp
[69.454s] -- Up-to-date: /home/pavel/ws_ros2/install/px4_msgs/include/px4_msgs/px4_msgs/msg/detail/landing_gear_wheel__rosidl_typesupport_introspection_cpp.hpp
[69.454s] -- Up-to-date: /home/pavel/ws_ros2/install/px4_msgs/include/px4_msgs/px4_msgs/msg/detail/trajectory_waypoint__type_support.cpp
[69.454s] -- Up-to-date: /home/pavel/ws_ros2/install/px4_msgs/include/px4_msgs/px4_msgs/msg/detail/config_overrides__rosidl_typesupport_introspection_cpp.hpp
[69.454s] -- Up-to-date: /home/pavel/ws_ros2/install/px4_msgs/include/px4_msgs/px4_msgs/msg/detail/position_controller_status__rosidl_typesupport_introspection_cpp.hpp
[69.454s] -- Up-to-date: /home/pavel/ws_ros2/install/px4_msgs/include/px4_msgs/px4_msgs/msg/detail/airspeed_validated__type_support.cpp
[69.454s] -- Up-to-date: /home/pavel/ws_ros2/install/px4_msgs/include/px4_msgs/px4_msgs/msg/detail/uavcan_parameter_value__rosidl_typesupport_introspection_cpp.hpp
[69.454s] -- Up-to-date: /home/pavel/ws_ros2/install/px4_msgs/include/px4_msgs/px4_msgs/msg/detail/orb_test_medium__rosidl_typesupport_introspection_cpp.hpp
[69.454s] -- Up-to-date: /home/pavel/ws_ros2/install/px4_msgs/include/px4_msgs/px4_msgs/msg/detail/can_interface_status__rosidl_typesupport_introspection_cpp.hpp
[69.454s] -- Up-to-date: /home/pavel/ws_ros2/install/px4_msgs/include/px4_msgs/px4_msgs/msg/detail/sensor_mag__rosidl_typesupport_introspection_cpp.hpp
[69.454s] -- Up-to-date: /home/pavel/ws_ros2/install/px4_msgs/include/px4_msgs/px4_msgs/msg/detail/vehicle_rates_setpoint__type_support.cpp
[69.454s] -- Up-to-date: /home/pavel/ws_ros2/install/px4_msgs/include/px4_msgs/px4_msgs/msg/detail/gimbal_device_set_attitude__type_support.cpp
[69.455s] -- Up-to-date: /home/pavel/ws_ros2/install/px4_msgs/include/px4_msgs/px4_msgs/msg/detail/sensor_mag__type_support.cpp
[69.455s] -- Up-to-date: /home/pavel/ws_ros2/install/px4_msgs/include/px4_msgs/px4_msgs/msg/detail/log_message__rosidl_typesupport_introspection_cpp.hpp
[69.455s] -- Up-to-date: /home/pavel/ws_ros2/install/px4_msgs/include/px4_msgs/px4_msgs/msg/detail/ulog_stream__rosidl_typesupport_introspection_cpp.hpp
[69.455s] -- Up-to-date: /home/pavel/ws_ros2/install/px4_msgs/include/px4_msgs/px4_msgs/msg/detail/landing_target_pose__rosidl_typesupport_introspection_cpp.hpp
[69.455s] -- Up-to-date: /home/pavel/ws_ros2/install/px4_msgs/include/px4_msgs/px4_msgs/msg/detail/vehicle_trajectory_waypoint__type_support.cpp
[69.455s] -- Up-to-date: /home/pavel/ws_ros2/install/px4_msgs/include/px4_msgs/px4_msgs/msg/detail/estimator_bias3d__type_support.cpp
[69.455s] -- Up-to-date: /home/pavel/ws_ros2/install/px4_msgs/include/px4_msgs/px4_msgs/msg/detail/home_position__type_support.cpp
[69.455s] -- Up-to-date: /home/pavel/ws_ros2/install/px4_msgs/include/px4_msgs/px4_msgs/msg/detail/internal_combustion_engine_status__rosidl_typesupport_introspection_cpp.hpp
[69.455s] -- Up-to-date: /home/pavel/ws_ros2/install/px4_msgs/include/px4_msgs/px4_msgs/msg/detail/vehicle_control_mode__type_support.cpp
[69.455s] -- Up-to-date: /home/pavel/ws_ros2/install/px4_msgs/include/px4_msgs/px4_msgs/msg/detail/satellite_info__rosidl_typesupport_introspection_cpp.hpp
[69.455s] -- Up-to-date: /home/pavel/ws_ros2/install/px4_msgs/include/px4_msgs/px4_msgs/msg/detail/sensor_baro__rosidl_typesupport_introspection_cpp.hpp
[69.455s] -- Up-to-date: /home/pavel/ws_ros2/install/px4_msgs/include/px4_msgs/px4_msgs/msg/detail/tecs_status__rosidl_typesupport_introspection_cpp.hpp
[69.455s] -- Up-to-date: /home/pavel/ws_ros2/install/px4_msgs/include/px4_msgs/px4_msgs/msg/detail/satellite_info__type_support.cpp
[69.455s] -- Up-to-date: /home/pavel/ws_ros2/install/px4_msgs/include/px4_msgs/px4_msgs/msg/detail/wind__type_support.cpp
[69.455s] -- Up-to-date: /home/pavel/ws_ros2/install/px4_msgs/include/px4_msgs/px4_msgs/msg/detail/vehicle_command__rosidl_typesupport_introspection_cpp.hpp
[69.455s] -- Up-to-date: /home/pavel/ws_ros2/install/px4_msgs/include/px4_msgs/px4_msgs/msg/detail/battery_status__rosidl_typesupport_introspection_cpp.hpp
[69.455s] -- Up-to-date: /home/pavel/ws_ros2/install/px4_msgs/include/px4_msgs/px4_msgs/msg/detail/hover_thrust_estimate__type_support.cpp
[69.455s] -- Up-to-date: /home/pavel/ws_ros2/install/px4_msgs/include/px4_msgs/px4_msgs/msg/detail/normalized_unsigned_setpoint__type_support.cpp
[69.455s] -- Up-to-date: /home/pavel/ws_ros2/install/px4_msgs/include/px4_msgs/px4_msgs/msg/detail/uavcan_parameter_request__rosidl_typesupport_introspection_cpp.hpp
[69.455s] -- Up-to-date: /home/pavel/ws_ros2/install/px4_msgs/include/px4_msgs/px4_msgs/msg/detail/gimbal_device_set_attitude__rosidl_typesupport_introspection_cpp.hpp
[69.455s] -- Up-to-date: /home/pavel/ws_ros2/install/px4_msgs/include/px4_msgs/px4_msgs/msg/detail/task_stack_info__rosidl_typesupport_introspection_cpp.hpp
[69.456s] -- Up-to-date: /home/pavel/ws_ros2/install/px4_msgs/include/px4_msgs/px4_msgs/msg/detail/vehicle_angular_acceleration_setpoint__rosidl_typesupport_introspection_cpp.hpp
[69.456s] -- Up-to-date: /home/pavel/ws_ros2/install/px4_msgs/include/px4_msgs/px4_msgs/msg/detail/irlock_report__rosidl_typesupport_introspection_cpp.hpp
[69.456s] -- Up-to-date: /home/pavel/ws_ros2/install/px4_msgs/include/px4_msgs/px4_msgs/msg/detail/manual_control_setpoint__type_support.cpp
[69.456s] -- Up-to-date: /home/pavel/ws_ros2/install/px4_msgs/include/px4_msgs/px4_msgs/msg/detail/heater_status__rosidl_typesupport_introspection_cpp.hpp
[69.456s] -- Up-to-date: /home/pavel/ws_ros2/install/px4_msgs/include/px4_msgs/px4_msgs/msg/detail/vehicle_command_ack__rosidl_typesupport_introspection_cpp.hpp
[69.456s] -- Up-to-date: /home/pavel/ws_ros2/install/px4_msgs/include/px4_msgs/px4_msgs/msg/detail/rate_ctrl_status__rosidl_typesupport_introspection_cpp.hpp
[69.456s] -- Up-to-date: /home/pavel/ws_ros2/install/px4_msgs/include/px4_msgs/px4_msgs/msg/detail/estimator_status__rosidl_typesupport_introspection_cpp.hpp
[69.456s] -- Up-to-date: /home/pavel/ws_ros2/install/px4_msgs/include/px4_msgs/px4_msgs/msg/detail/message_format_response__type_support.cpp
[69.456s] -- Up-to-date: /home/pavel/ws_ros2/install/px4_msgs/include/px4_msgs/px4_msgs/msg/detail/magnetometer_bias_estimate__type_support.cpp
[69.456s] -- Up-to-date: /home/pavel/ws_ros2/install/px4_msgs/include/px4_msgs/px4_msgs/msg/detail/actuator_test__type_support.cpp
[69.456s] -- Up-to-date: /home/pavel/ws_ros2/install/px4_msgs/include/px4_msgs/px4_msgs/msg/detail/mount_orientation__rosidl_typesupport_introspection_cpp.hpp
[69.456s] -- Up-to-date: /home/pavel/ws_ros2/install/px4_msgs/include/px4_msgs/px4_msgs/msg/detail/mavlink_log__type_support.cpp
[69.456s] -- Up-to-date: /home/pavel/ws_ros2/install/px4_msgs/include/px4_msgs/px4_msgs/msg/detail/pps_capture__type_support.cpp
[69.456s] -- Up-to-date: /home/pavel/ws_ros2/install/px4_msgs/include/px4_msgs/px4_msgs/msg/detail/vehicle_command__type_support.cpp
[69.456s] -- Up-to-date: /home/pavel/ws_ros2/install/px4_msgs/include/px4_msgs/px4_msgs/msg/detail/estimator_bias__type_support.cpp
[69.456s] -- Up-to-date: /home/pavel/ws_ros2/install/px4_msgs/include/px4_msgs/px4_msgs/msg/detail/sensor_correction__rosidl_typesupport_introspection_cpp.hpp
[69.456s] -- Up-to-date: /home/pavel/ws_ros2/install/px4_msgs/include/px4_msgs/px4_msgs/msg/detail/estimator_innovations__type_support.cpp
[69.456s] -- Up-to-date: /home/pavel/ws_ros2/install/px4_msgs/include/px4_msgs/px4_msgs/msg/detail/landing_target_innovations__rosidl_typesupport_introspection_cpp.hpp
[69.456s] -- Up-to-date: /home/pavel/ws_ros2/install/px4_msgs/include/px4_msgs/px4_msgs/msg/detail/sensor_accel__rosidl_typesupport_introspection_cpp.hpp
[69.456s] -- Up-to-date: /home/pavel/ws_ros2/install/px4_msgs/include/px4_msgs/px4_msgs/msg/detail/differential_pressure__type_support.cpp
[69.456s] -- Up-to-date: /home/pavel/ws_ros2/install/px4_msgs/include/px4_msgs/px4_msgs/msg/detail/actuator_outputs__type_support.cpp
[69.456s] -- Up-to-date: /home/pavel/ws_ros2/install/px4_msgs/include/px4_msgs/px4_msgs/msg/detail/gimbal_controls__type_support.cpp
[69.457s] -- Up-to-date: /home/pavel/ws_ros2/install/px4_msgs/include/px4_msgs/px4_msgs/msg/detail/vtol_vehicle_status__rosidl_typesupport_introspection_cpp.hpp
[69.457s] -- Up-to-date: /home/pavel/ws_ros2/install/px4_msgs/include/px4_msgs/px4_msgs/msg/detail/button_event__rosidl_typesupport_introspection_cpp.hpp
[69.457s] -- Up-to-date: /home/pavel/ws_ros2/install/px4_msgs/include/px4_msgs/px4_msgs/msg/detail/transponder_report__rosidl_typesupport_introspection_cpp.hpp
[69.457s] -- Up-to-date: /home/pavel/ws_ros2/install/px4_msgs/include/px4_msgs/px4_msgs/msg/detail/esc_report__type_support.cpp
[69.457s] -- Up-to-date: /home/pavel/ws_ros2/install/px4_msgs/include/px4_msgs/px4_msgs/msg/detail/vehicle_torque_setpoint__rosidl_typesupport_introspection_cpp.hpp
[69.457s] -- Up-to-date: /home/pavel/ws_ros2/install/px4_msgs/include/px4_msgs/px4_msgs/msg/detail/trajectory_setpoint__type_support.cpp
[69.457s] -- Up-to-date: /home/pavel/ws_ros2/install/px4_msgs/include/px4_msgs/px4_msgs/msg/detail/estimator_status_flags__rosidl_typesupport_introspection_cpp.hpp
[69.457s] -- Up-to-date: /home/pavel/ws_ros2/install/px4_msgs/include/px4_msgs/px4_msgs/msg/detail/collision_constraints__rosidl_typesupport_introspection_cpp.hpp
[69.457s] -- Up-to-date: /home/pavel/ws_ros2/install/px4_msgs/include/px4_msgs/px4_msgs/msg/detail/goto_setpoint__rosidl_typesupport_introspection_cpp.hpp
[69.457s] -- Up-to-date: /home/pavel/ws_ros2/install/px4_msgs/include/px4_msgs/px4_msgs/msg/detail/sensor_correction__type_support.cpp
[69.457s] -- Up-to-date: /home/pavel/ws_ros2/install/px4_msgs/include/px4_msgs/px4_msgs/msg/detail/estimator_states__type_support.cpp
[69.457s] -- Up-to-date: /home/pavel/ws_ros2/install/px4_msgs/include/px4_msgs/px4_msgs/msg/detail/sensor_gyro__rosidl_typesupport_introspection_cpp.hpp
[69.457s] -- Up-to-date: /home/pavel/ws_ros2/install/px4_msgs/include/px4_msgs/px4_msgs/msg/detail/actuator_controls_status__type_support.cpp
[69.457s] -- Up-to-date: /home/pavel/ws_ros2/install/px4_msgs/include/px4_msgs/px4_msgs/msg/detail/sensor_optical_flow__rosidl_typesupport_introspection_cpp.hpp
[69.457s] -- Up-to-date: /home/pavel/ws_ros2/install/px4_msgs/include/px4_msgs/px4_msgs/msg/detail/position_setpoint__type_support.cpp
[69.457s] -- Up-to-date: /home/pavel/ws_ros2/install/px4_msgs/include/px4_msgs/px4_msgs/msg/detail/gimbal_device_information__type_support.cpp
[69.457s] -- Up-to-date: /home/pavel/ws_ros2/install/px4_msgs/include/px4_msgs/px4_msgs/msg/detail/telemetry_status__rosidl_typesupport_introspection_cpp.hpp
[69.457s] -- Up-to-date: /home/pavel/ws_ros2/install/px4_msgs/include/px4_msgs/px4_msgs/msg/detail/ekf2_timestamps__rosidl_typesupport_introspection_cpp.hpp
[69.457s] -- Up-to-date: /home/pavel/ws_ros2/install/px4_msgs/include/px4_msgs/px4_msgs/msg/detail/rc_channels__rosidl_typesupport_introspection_cpp.hpp
[69.457s] -- Up-to-date: /home/pavel/ws_ros2/install/px4_msgs/include/px4_msgs/px4_msgs/msg/detail/vehicle_attitude__type_support.cpp
[69.457s] -- Up-to-date: /home/pavel/ws_ros2/install/px4_msgs/include/px4_msgs/px4_msgs/msg/detail/sensor_gyro__type_support.cpp
[69.458s] -- Up-to-date: /home/pavel/ws_ros2/install/px4_msgs/include/px4_msgs/px4_msgs/msg/detail/vehicle_odometry__rosidl_typesupport_introspection_cpp.hpp
[69.458s] -- Up-to-date: /home/pavel/ws_ros2/install/px4_msgs/include/px4_msgs/px4_msgs/msg/detail/mode_completed__type_support.cpp
[69.458s] -- Up-to-date: /home/pavel/ws_ros2/install/px4_msgs/include/px4_msgs/px4_msgs/msg/detail/sensor_accel_fifo__type_support.cpp
[69.458s] -- Up-to-date: /home/pavel/ws_ros2/install/px4_msgs/include/px4_msgs/px4_msgs/msg/detail/estimator_selector_status__rosidl_typesupport_introspection_cpp.hpp
[69.458s] -- Up-to-date: /home/pavel/ws_ros2/install/px4_msgs/include/px4_msgs/px4_msgs/msg/detail/heater_status__type_support.cpp
[69.458s] -- Up-to-date: /home/pavel/ws_ros2/install/px4_msgs/include/px4_msgs/px4_msgs/msg/detail/vehicle_magnetometer__rosidl_typesupport_introspection_cpp.hpp
[69.458s] -- Up-to-date: /home/pavel/ws_ros2/install/px4_msgs/include/px4_msgs/px4_msgs/msg/detail/sensor_gyro_fifo__rosidl_typesupport_introspection_cpp.hpp
[69.458s] -- Up-to-date: /home/pavel/ws_ros2/install/px4_msgs/include/px4_msgs/px4_msgs/msg/detail/vehicle_air_data__rosidl_typesupport_introspection_cpp.hpp
[69.458s] -- Up-to-date: /home/pavel/ws_ros2/install/px4_msgs/include/px4_msgs/px4_msgs/msg/detail/iridiumsbd_status__type_support.cpp
[69.458s] -- Up-to-date: /home/pavel/ws_ros2/install/px4_msgs/include/px4_msgs/px4_msgs/msg/detail/vehicle_angular_velocity__type_support.cpp
[69.458s] -- Up-to-date: /home/pavel/ws_ros2/install/px4_msgs/include/px4_msgs/px4_msgs/msg/detail/cpuload__rosidl_typesupport_introspection_cpp.hpp
[69.458s] -- Up-to-date: /home/pavel/ws_ros2/install/px4_msgs/include/px4_msgs/px4_msgs/msg/detail/parameter_reset_request__type_support.cpp
[69.458s] -- Up-to-date: /home/pavel/ws_ros2/install/px4_msgs/include/px4_msgs/px4_msgs/msg/detail/landing_target_pose__type_support.cpp
[69.458s] -- Up-to-date: /home/pavel/ws_ros2/install/px4_msgs/include/px4_msgs/px4_msgs/msg/detail/estimator_aid_source1d__rosidl_typesupport_introspection_cpp.hpp
[69.458s] -- Up-to-date: /home/pavel/ws_ros2/install/px4_msgs/include/px4_msgs/px4_msgs/msg/detail/estimator_bias__rosidl_typesupport_introspection_cpp.hpp
[69.458s] -- Up-to-date: /home/pavel/ws_ros2/install/px4_msgs/include/px4_msgs/px4_msgs/msg/detail/wind__rosidl_typesupport_introspection_cpp.hpp
[69.458s] -- Up-to-date: /home/pavel/ws_ros2/install/px4_msgs/include/px4_msgs/px4_msgs/msg/detail/adc_report__rosidl_typesupport_introspection_cpp.hpp
[69.458s] -- Up-to-date: /home/pavel/ws_ros2/install/px4_msgs/include/px4_msgs/px4_msgs/msg/detail/follow_target_status__type_support.cpp
[69.458s] -- Up-to-date: /home/pavel/ws_ros2/install/px4_msgs/include/px4_msgs/px4_msgs/msg/detail/orbit_status__rosidl_typesupport_introspection_cpp.hpp
[69.458s] -- Up-to-date: /home/pavel/ws_ros2/install/px4_msgs/include/px4_msgs/px4_msgs/msg/detail/sensor_combined__type_support.cpp
[69.459s] -- Up-to-date: /home/pavel/ws_ros2/install/px4_msgs/include/px4_msgs/px4_msgs/msg/detail/register_ext_component_reply__rosidl_typesupport_introspection_cpp.hpp
[69.459s] -- Up-to-date: /home/pavel/ws_ros2/install/px4_msgs/include/px4_msgs/px4_msgs/msg/detail/cellular_status__type_support.cpp
[69.459s] -- Up-to-date: /home/pavel/ws_ros2/install/px4_msgs/include/px4_msgs/px4_msgs/msg/detail/rtl_time_estimate__type_support.cpp
[69.459s] -- Up-to-date: /home/pavel/ws_ros2/install/px4_msgs/include/px4_msgs/px4_msgs/msg/detail/ulog_stream__type_support.cpp
[69.459s] -- Up-to-date: /home/pavel/ws_ros2/install/px4_msgs/include/px4_msgs/px4_msgs/msg/detail/parameter_set_value_response__type_support.cpp
[69.459s] -- Up-to-date: /home/pavel/ws_ros2/install/px4_msgs/include/px4_msgs/px4_msgs/msg/detail/tiltrotor_extra_controls__rosidl_typesupport_introspection_cpp.hpp
[69.459s] -- Up-to-date: /home/pavel/ws_ros2/install/px4_msgs/include/px4_msgs/px4_msgs/msg/detail/gimbal_controls__rosidl_typesupport_introspection_cpp.hpp
[69.459s] -- Up-to-date: /home/pavel/ws_ros2/install/px4_msgs/include/px4_msgs/px4_msgs/msg/detail/debug_vect__rosidl_typesupport_introspection_cpp.hpp
[69.459s] -- Up-to-date: /home/pavel/ws_ros2/install/px4_msgs/include/px4_msgs/px4_msgs/msg/detail/message_format_request__type_support.cpp
[69.459s] -- Up-to-date: /home/pavel/ws_ros2/install/px4_msgs/include/px4_msgs/px4_msgs/msg/detail/buffer128__type_support.cpp
[69.459s] -- Up-to-date: /home/pavel/ws_ros2/install/px4_msgs/include/px4_msgs/px4_msgs/msg/detail/position_controller_status__type_support.cpp
[69.459s] -- Up-to-date: /home/pavel/ws_ros2/install/px4_msgs/include/px4_msgs/px4_msgs/msg/detail/camera_trigger__type_support.cpp
[69.459s] -- Up-to-date: /home/pavel/ws_ros2/install/px4_msgs/include/px4_msgs/px4_msgs/msg/detail/sensor_preflight_mag__rosidl_typesupport_introspection_cpp.hpp
[69.459s] -- Up-to-date: /home/pavel/ws_ros2/install/px4_msgs/include/px4_msgs/px4_msgs/msg/detail/vehicle_roi__rosidl_typesupport_introspection_cpp.hpp
[69.459s] -- Up-to-date: /home/pavel/ws_ros2/install/px4_msgs/include/px4_msgs/px4_msgs/msg/detail/actuator_servos__rosidl_typesupport_introspection_cpp.hpp
[69.459s] -- Up-to-date: /home/pavel/ws_ros2/install/px4_msgs/include/px4_msgs/px4_msgs/msg/detail/navigator_mission_item__rosidl_typesupport_introspection_cpp.hpp
[69.459s] -- Up-to-date: /home/pavel/ws_ros2/install/px4_msgs/include/px4_msgs/px4_msgs/msg/detail/obstacle_distance__rosidl_typesupport_introspection_cpp.hpp
[69.459s] -- Up-to-date: /home/pavel/ws_ros2/install/px4_msgs/include/px4_msgs/px4_msgs/msg/detail/vehicle_rates_setpoint__rosidl_typesupport_introspection_cpp.hpp
[69.459s] -- Up-to-date: /home/pavel/ws_ros2/install/px4_msgs/include/px4_msgs/px4_msgs/msg/detail/sensor_selection__type_support.cpp
[69.459s] -- Up-to-date: /home/pavel/ws_ros2/install/px4_msgs/include/px4_msgs/px4_msgs/msg/detail/sensor_selection__rosidl_typesupport_introspection_cpp.hpp
[69.459s] -- Up-to-date: /home/pavel/ws_ros2/install/px4_msgs/include/px4_msgs/px4_msgs/msg/detail/irlock_report__type_support.cpp
[69.460s] -- Up-to-date: /home/pavel/ws_ros2/install/px4_msgs/include/px4_msgs/px4_msgs/msg/detail/landing_gear_wheel__type_support.cpp
[69.460s] -- Up-to-date: /home/pavel/ws_ros2/install/px4_msgs/include/px4_msgs/px4_msgs/msg/detail/hover_thrust_estimate__rosidl_typesupport_introspection_cpp.hpp
[69.460s] -- Up-to-date: /home/pavel/ws_ros2/install/px4_msgs/include/px4_msgs/px4_msgs/msg/detail/rtl_time_estimate__rosidl_typesupport_introspection_cpp.hpp
[69.460s] -- Up-to-date: /home/pavel/ws_ros2/install/px4_msgs/include/px4_msgs/px4_msgs/msg/detail/sensor_baro__type_support.cpp
[69.460s] -- Up-to-date: /home/pavel/ws_ros2/install/px4_msgs/include/px4_msgs/px4_msgs/msg/detail/actuator_armed__type_support.cpp
[69.460s] -- Up-to-date: /home/pavel/ws_ros2/install/px4_msgs/include/px4_msgs/px4_msgs/msg/detail/differential_pressure__rosidl_typesupport_introspection_cpp.hpp
[69.460s] -- Up-to-date: /home/pavel/ws_ros2/install/px4_msgs/include/px4_msgs/px4_msgs/msg/detail/vehicle_attitude_setpoint__rosidl_typesupport_introspection_cpp.hpp
[69.460s] -- Up-to-date: /home/pavel/ws_ros2/install/px4_msgs/include/px4_msgs/px4_msgs/msg/detail/gpio_request__rosidl_typesupport_introspection_cpp.hpp
[69.460s] -- Up-to-date: /home/pavel/ws_ros2/install/px4_msgs/include/px4_msgs/px4_msgs/msg/detail/estimator_sensor_bias__type_support.cpp
[69.460s] -- Up-to-date: /home/pavel/ws_ros2/install/px4_msgs/include/px4_msgs/px4_msgs/msg/detail/transponder_report__type_support.cpp
[69.460s] -- Up-to-date: /home/pavel/ws_ros2/install/px4_msgs/include/px4_msgs/px4_msgs/msg/detail/gimbal_manager_information__type_support.cpp
[69.460s] -- Up-to-date: /home/pavel/ws_ros2/install/px4_msgs/include/px4_msgs/px4_msgs/msg/detail/actuator_controls_status__rosidl_typesupport_introspection_cpp.hpp
[69.460s] -- Up-to-date: /home/pavel/ws_ros2/install/px4_msgs/include/px4_msgs/px4_msgs/msg/detail/sensor_gps__type_support.cpp
[69.460s] -- Up-to-date: /home/pavel/ws_ros2/install/px4_msgs/include/px4_msgs/px4_msgs/msg/detail/event__type_support.cpp
[69.460s] -- Up-to-date: /home/pavel/ws_ros2/install/px4_msgs/include/px4_msgs/px4_msgs/msg/detail/sensor_accel__type_support.cpp
[69.460s] -- Up-to-date: /home/pavel/ws_ros2/install/px4_msgs/include/px4_msgs/px4_msgs/msg/detail/cpuload__type_support.cpp
[69.460s] -- Up-to-date: /home/pavel/ws_ros2/install/px4_msgs/include/px4_msgs/px4_msgs/msg/detail/geofence_result__rosidl_typesupport_introspection_cpp.hpp
[69.460s] -- Up-to-date: /home/pavel/ws_ros2/install/px4_msgs/include/px4_msgs/px4_msgs/msg/detail/debug_key_value__type_support.cpp
[69.460s] -- Up-to-date: /home/pavel/ws_ros2/install/px4_msgs/include/px4_msgs/px4_msgs/msg/detail/estimator_event_flags__rosidl_typesupport_introspection_cpp.hpp
[69.460s] -- Up-to-date: /home/pavel/ws_ros2/install/px4_msgs/include/px4_msgs/px4_msgs/msg/detail/esc_status__type_support.cpp
[69.460s] -- Up-to-date: /home/pavel/ws_ros2/install/px4_msgs/include/px4_msgs/px4_msgs/msg/detail/sensors_status_imu__rosidl_typesupport_introspection_cpp.hpp
[69.461s] -- Up-to-date: /home/pavel/ws_ros2/install/px4_msgs/include/px4_msgs/px4_msgs/msg/detail/vehicle_imu__type_support.cpp
[69.461s] -- Up-to-date: /home/pavel/ws_ros2/install/px4_msgs/include/px4_msgs/px4_msgs/msg/detail/vehicle_optical_flow_vel__rosidl_typesupport_introspection_cpp.hpp
[69.461s] -- Up-to-date: /home/pavel/ws_ros2/install/px4_msgs/include/px4_msgs/px4_msgs/msg/detail/ulog_stream_ack__type_support.cpp
[69.461s] -- Up-to-date: /home/pavel/ws_ros2/install/px4_msgs/include/px4_msgs/px4_msgs/msg/detail/input_rc__type_support.cpp
[69.461s] -- Up-to-date: /home/pavel/ws_ros2/install/px4_msgs/include/px4_msgs/px4_msgs/msg/detail/message_format_response__rosidl_typesupport_introspection_cpp.hpp
[69.461s] -- Up-to-date: /home/pavel/ws_ros2/install/px4_msgs/include/px4_msgs/px4_msgs/msg/detail/follow_target__rosidl_typesupport_introspection_cpp.hpp
[69.461s] -- Up-to-date: /home/pavel/ws_ros2/install/px4_msgs/include/px4_msgs/px4_msgs/msg/detail/npfg_status__type_support.cpp
[69.461s] -- Up-to-date: /home/pavel/ws_ros2/install/px4_msgs/include/px4_msgs/px4_msgs/msg/detail/orb_test_large__type_support.cpp
[69.461s] -- Up-to-date: /home/pavel/ws_ros2/install/px4_msgs/include/px4_msgs/px4_msgs/msg/detail/autotune_attitude_control_status__type_support.cpp
[69.461s] -- Up-to-date: /home/pavel/ws_ros2/install/px4_msgs/include/px4_msgs/px4_msgs/msg/detail/takeoff_status__rosidl_typesupport_introspection_cpp.hpp
[69.461s] -- Up-to-date: /home/pavel/ws_ros2/install/px4_msgs/include/px4_msgs/px4_msgs/msg/detail/estimator_states__rosidl_typesupport_introspection_cpp.hpp
[69.461s] -- Up-to-date: /home/pavel/ws_ros2/install/px4_msgs/include/px4_msgs/px4_msgs/msg/detail/differential_drive_setpoint__type_support.cpp
[69.461s] -- Up-to-date: /home/pavel/ws_ros2/install/px4_msgs/include/px4_msgs/px4_msgs/msg/detail/generator_status__rosidl_typesupport_introspection_cpp.hpp
[69.461s] -- Up-to-date: /home/pavel/ws_ros2/install/px4_msgs/include/px4_msgs/px4_msgs/msg/detail/sensor_preflight_mag__type_support.cpp
[69.461s] -- Up-to-date: /home/pavel/ws_ros2/install/px4_msgs/include/px4_msgs/px4_msgs/msg/detail/gpio_in__rosidl_typesupport_introspection_cpp.hpp
[69.461s] -- Up-to-date: /home/pavel/ws_ros2/install/px4_msgs/include/px4_msgs/px4_msgs/msg/detail/vehicle_imu__rosidl_typesupport_introspection_cpp.hpp
[69.461s] -- Up-to-date: /home/pavel/ws_ros2/install/px4_msgs/include/px4_msgs/px4_msgs/msg/detail/orb_test__rosidl_typesupport_introspection_cpp.hpp
[69.461s] -- Up-to-date: /home/pavel/ws_ros2/install/px4_msgs/include/px4_msgs/px4_msgs/msg/detail/qshell_req__type_support.cpp
[69.461s] -- Up-to-date: /home/pavel/ws_ros2/install/px4_msgs/include/px4_msgs/px4_msgs/msg/detail/arming_check_reply__rosidl_typesupport_introspection_cpp.hpp
[69.461s] -- Up-to-date: /home/pavel/ws_ros2/install/px4_msgs/include/px4_msgs/px4_msgs/msg/detail/airspeed__rosidl_typesupport_introspection_cpp.hpp
[69.462s] -- Up-to-date: /home/pavel/ws_ros2/install/px4_msgs/include/px4_msgs/px4_msgs/msg/detail/orb_test_medium__type_support.cpp
[69.462s] -- Up-to-date: /home/pavel/ws_ros2/install/px4_msgs/include/px4_msgs/px4_msgs/msg/detail/trajectory_bezier__type_support.cpp
[69.462s] -- Up-to-date: /home/pavel/ws_ros2/install/px4_msgs/include/px4_msgs/px4_msgs/msg/detail/internal_combustion_engine_status__type_support.cpp
[69.462s] -- Up-to-date: /home/pavel/ws_ros2/install/px4_msgs/include/px4_msgs/px4_msgs/msg/detail/button_event__type_support.cpp
[69.462s] -- Up-to-date: /home/pavel/ws_ros2/install/px4_msgs/include/px4_msgs/px4_msgs/msg/detail/vehicle_torque_setpoint__type_support.cpp
[69.462s] -- Up-to-date: /home/pavel/ws_ros2/install/px4_msgs/include/px4_msgs/px4_msgs/msg/detail/sensors_status_imu__type_support.cpp
[69.462s] -- Up-to-date: /home/pavel/ws_ros2/install/px4_msgs/include/px4_msgs/px4_msgs/msg/detail/vehicle_status__type_support.cpp
[69.462s] -- Up-to-date: /home/pavel/ws_ros2/install/px4_msgs/include/px4_msgs/px4_msgs/msg/detail/differential_drive_setpoint__rosidl_typesupport_introspection_cpp.hpp
[69.462s] -- Up-to-date: /home/pavel/ws_ros2/install/px4_msgs/include/px4_msgs/px4_msgs/msg/detail/gimbal_manager_information__rosidl_typesupport_introspection_cpp.hpp
[69.462s] -- Up-to-date: /home/pavel/ws_ros2/install/px4_msgs/include/px4_msgs/px4_msgs/msg/detail/control_allocator_status__rosidl_typesupport_introspection_cpp.hpp
[69.462s] -- Up-to-date: /home/pavel/ws_ros2/install/px4_msgs/include/px4_msgs/px4_msgs/msg/detail/orb_test_large__rosidl_typesupport_introspection_cpp.hpp
[69.462s] -- Up-to-date: /home/pavel/ws_ros2/install/px4_msgs/include/px4_msgs/px4_msgs/msg/detail/orbit_status__type_support.cpp
[69.462s] -- Up-to-date: /home/pavel/ws_ros2/install/px4_msgs/include/px4_msgs/px4_msgs/msg/detail/gimbal_manager_status__rosidl_typesupport_introspection_cpp.hpp
[69.462s] -- Up-to-date: /home/pavel/ws_ros2/install/px4_msgs/include/px4_msgs/px4_msgs/msg/detail/camera_capture__type_support.cpp
[69.462s] -- Up-to-date: /home/pavel/ws_ros2/install/px4_msgs/include/px4_msgs/px4_msgs/msg/detail/vehicle_odometry__type_support.cpp
[69.462s] -- Up-to-date: /home/pavel/ws_ros2/install/px4_msgs/include/px4_msgs/px4_msgs/msg/detail/sensor_combined__rosidl_typesupport_introspection_cpp.hpp
[69.462s] -- Up-to-date: /home/pavel/ws_ros2/install/px4_msgs/include/px4_msgs/px4_msgs/msg/detail/estimator_aid_source2d__rosidl_typesupport_introspection_cpp.hpp
[69.462s] -- Up-to-date: /home/pavel/ws_ros2/install/px4_msgs/include/px4_msgs/px4_msgs/msg/detail/gps_dump__type_support.cpp
[69.462s] -- Up-to-date: /home/pavel/ws_ros2/install/px4_msgs/include/px4_msgs/px4_msgs/msg/detail/velocity_limits__type_support.cpp
[69.462s] -- Up-to-date: /home/pavel/ws_ros2/install/px4_msgs/include/px4_msgs/px4_msgs/msg/detail/radio_status__type_support.cpp
[69.462s] -- Up-to-date: /home/pavel/ws_ros2/install/px4_msgs/include/px4_msgs/px4_msgs/msg/detail/sensor_optical_flow__type_support.cpp
[69.463s] -- Up-to-date: /home/pavel/ws_ros2/install/px4_msgs/include/px4_msgs/px4_msgs/msg/detail/parameter_set_used_request__rosidl_typesupport_introspection_cpp.hpp
[69.463s] -- Up-to-date: /home/pavel/ws_ros2/install/px4_msgs/include/px4_msgs/px4_msgs/msg/detail/vehicle_constraints__rosidl_typesupport_introspection_cpp.hpp
[69.463s] -- Up-to-date: /home/pavel/ws_ros2/install/px4_msgs/include/px4_msgs/px4_msgs/msg/detail/vehicle_attitude__rosidl_typesupport_introspection_cpp.hpp
[69.463s] -- Up-to-date: /home/pavel/ws_ros2/install/px4_msgs/include/px4_msgs/px4_msgs/msg/detail/system_power__type_support.cpp
[69.463s] -- Up-to-date: /home/pavel/ws_ros2/install/px4_msgs/include/px4_msgs/px4_msgs/msg/detail/navigator_mission_item__type_support.cpp
[69.463s] -- Up-to-date: /home/pavel/ws_ros2/install/px4_msgs/include/px4_msgs/px4_msgs/msg/detail/vehicle_attitude_setpoint__type_support.cpp
[69.463s] -- Up-to-date: /home/pavel/ws_ros2/install/px4_msgs/include/px4_msgs/px4_msgs/msg/detail/landing_gear__rosidl_typesupport_introspection_cpp.hpp
[69.463s] -- Up-to-date: /home/pavel/ws_ros2/install/px4_msgs/include/px4_msgs/px4_msgs/msg/detail/rpm__rosidl_typesupport_introspection_cpp.hpp
[69.463s] -- Up-to-date: /home/pavel/ws_ros2/install/px4_msgs/include/px4_msgs/px4_msgs/msg/detail/mount_orientation__type_support.cpp
[69.463s] -- Up-to-date: /home/pavel/ws_ros2/install/px4_msgs/include/px4_msgs/px4_msgs/msg/detail/mag_worker_data__rosidl_typesupport_introspection_cpp.hpp
[69.463s] -- Up-to-date: /home/pavel/ws_ros2/install/px4_msgs/include/px4_msgs/px4_msgs/msg/detail/radio_status__rosidl_typesupport_introspection_cpp.hpp
[69.463s] -- Up-to-date: /home/pavel/ws_ros2/install/px4_msgs/include/px4_msgs/px4_msgs/msg/detail/ekf2_timestamps__type_support.cpp
[69.463s] -- Up-to-date: /home/pavel/ws_ros2/install/px4_msgs/include/px4_msgs/px4_msgs/msg/detail/home_position__rosidl_typesupport_introspection_cpp.hpp
[69.463s] -- Up-to-date: /home/pavel/ws_ros2/install/px4_msgs/include/px4_msgs/px4_msgs/msg/detail/iridiumsbd_status__rosidl_typesupport_introspection_cpp.hpp
[69.463s] -- Up-to-date: /home/pavel/ws_ros2/install/px4_msgs/include/px4_msgs/px4_msgs/msg/detail/launch_detection_status__rosidl_typesupport_introspection_cpp.hpp
[69.463s] -- Up-to-date: /home/pavel/ws_ros2/install/px4_msgs/include/px4_msgs/px4_msgs/msg/detail/vehicle_local_position__type_support.cpp
[69.463s] -- Up-to-date: /home/pavel/ws_ros2/install/px4_msgs/include/px4_msgs/px4_msgs/msg/detail/gimbal_manager_set_attitude__rosidl_typesupport_introspection_cpp.hpp
[69.463s] -- Up-to-date: /home/pavel/ws_ros2/install/px4_msgs/include/px4_msgs/px4_msgs/msg/detail/gimbal_manager_status__type_support.cpp
[69.463s] -- Up-to-date: /home/pavel/ws_ros2/install/px4_msgs/include/px4_msgs/px4_msgs/msg/detail/dataman_response__type_support.cpp
[69.463s] -- Up-to-date: /home/pavel/ws_ros2/install/px4_msgs/include/px4_msgs/px4_msgs/msg/detail/follow_target__type_support.cpp
[69.464s] -- Up-to-date: /home/pavel/ws_ros2/install/px4_msgs/include/px4_msgs/px4_msgs/msg/detail/estimator_selector_status__type_support.cpp
[69.464s] -- Up-to-date: /home/pavel/ws_ros2/install/px4_msgs/include/px4_msgs/px4_msgs/msg/detail/vehicle_control_mode__rosidl_typesupport_introspection_cpp.hpp
[69.464s] -- Up-to-date: /home/pavel/ws_ros2/install/px4_msgs/include/px4_msgs/px4_msgs/msg/detail/sensor_hygrometer__type_support.cpp
[69.464s] -- Up-to-date: /home/pavel/ws_ros2/install/px4_msgs/include/px4_msgs/px4_msgs/msg/detail/logger_status__rosidl_typesupport_introspection_cpp.hpp
[69.464s] -- Up-to-date: /home/pavel/ws_ros2/install/px4_msgs/include/px4_msgs/px4_msgs/msg/detail/generator_status__type_support.cpp
[69.464s] -- Up-to-date: /home/pavel/ws_ros2/install/px4_msgs/include/px4_msgs/px4_msgs/msg/detail/tune_control__rosidl_typesupport_introspection_cpp.hpp
[69.464s] -- Up-to-date: /home/pavel/ws_ros2/install/px4_msgs/include/px4_msgs/px4_msgs/msg/detail/estimator_status__type_support.cpp
[69.464s] -- Up-to-date: /home/pavel/ws_ros2/install/px4_msgs/include/px4_msgs/px4_msgs/msg/detail/task_stack_info__type_support.cpp
[69.464s] -- Up-to-date: /home/pavel/ws_ros2/install/px4_msgs/include/px4_msgs/px4_msgs/msg/detail/qshell_retval__rosidl_typesupport_introspection_cpp.hpp
[69.464s] -- Up-to-date: /home/pavel/ws_ros2/install/px4_msgs/include/px4_msgs/px4_msgs/msg/detail/telemetry_status__type_support.cpp
[69.464s] -- Up-to-date: /home/pavel/ws_ros2/install/px4_msgs/include/px4_msgs/px4_msgs/msg/detail/led_control__rosidl_typesupport_introspection_cpp.hpp
[69.464s] -- Up-to-date: /home/pavel/ws_ros2/install/px4_msgs/include/px4_msgs/px4_msgs/msg/detail/position_controller_landing_status__rosidl_typesupport_introspection_cpp.hpp
[69.464s] -- Up-to-date: /home/pavel/ws_ros2/install/px4_msgs/include/px4_msgs/px4_msgs/msg/detail/follow_target_estimator__type_support.cpp
[69.464s] -- Up-to-date: /home/pavel/ws_ros2/install/px4_msgs/include/px4_msgs/px4_msgs/msg/detail/sensors_status__type_support.cpp
[69.464s] -- Up-to-date: /home/pavel/ws_ros2/install/px4_msgs/include/px4_msgs/px4_msgs/msg/detail/debug_value__type_support.cpp
[69.464s] -- Up-to-date: /home/pavel/ws_ros2/install/px4_msgs/include/px4_msgs/px4_msgs/msg/detail/gimbal_device_information__rosidl_typesupport_introspection_cpp.hpp
[69.464s] -- Up-to-date: /home/pavel/ws_ros2/install/px4_msgs/include/px4_msgs/px4_msgs/msg/detail/fuel_tank_status__rosidl_typesupport_introspection_cpp.hpp
[69.464s] -- Up-to-date: /home/pavel/ws_ros2/install/px4_msgs/include/px4_msgs/px4_msgs/msg/detail/vehicle_imu_status__type_support.cpp
[69.464s] -- Up-to-date: /home/pavel/ws_ros2/install/px4_msgs/include/px4_msgs/px4_msgs/msg/detail/vehicle_thrust_setpoint__type_support.cpp
[69.464s] -- Up-to-date: /home/pavel/ws_ros2/install/px4_msgs/include/px4_msgs/px4_msgs/msg/detail/sensor_gyro_fft__type_support.cpp
[69.464s] -- Up-to-date: /home/pavel/ws_ros2/install/px4_msgs/include/px4_msgs/px4_msgs/msg/detail/debug_key_value__rosidl_typesupport_introspection_cpp.hpp
[69.465s] -- Up-to-date: /home/pavel/ws_ros2/install/px4_msgs/include/px4_msgs/px4_msgs/msg/detail/vehicle_trajectory_waypoint__rosidl_typesupport_introspection_cpp.hpp
[69.465s] -- Up-to-date: /home/pavel/ws_ros2/install/px4_msgs/include/px4_msgs/px4_msgs/msg/detail/failure_detector_status__rosidl_typesupport_introspection_cpp.hpp
[69.465s] -- Up-to-date: /home/pavel/ws_ros2/install/px4_msgs/include/px4_msgs/px4_msgs/msg/detail/dataman_request__type_support.cpp
[69.465s] -- Up-to-date: /home/pavel/ws_ros2/install/px4_msgs/include/px4_msgs/px4_msgs/msg/detail/buffer128__rosidl_typesupport_introspection_cpp.hpp
[69.465s] -- Up-to-date: /home/pavel/ws_ros2/install/px4_msgs/include/px4_msgs/px4_msgs/msg/detail/register_ext_component_request__type_support.cpp
[69.465s] -- Up-to-date: /home/pavel/ws_ros2/install/px4_msgs/include/px4_msgs/px4_msgs/msg/detail/px4io_status__rosidl_typesupport_introspection_cpp.hpp
[69.465s] -- Up-to-date: /home/pavel/ws_ros2/install/px4_msgs/include/px4_msgs/px4_msgs/msg/detail/camera_status__rosidl_typesupport_introspection_cpp.hpp
[69.465s] -- Up-to-date: /home/pavel/ws_ros2/install/px4_msgs/include/px4_msgs/px4_msgs/msg/detail/sensor_hygrometer__rosidl_typesupport_introspection_cpp.hpp
[69.465s] -- Up-to-date: /home/pavel/ws_ros2/install/px4_msgs/include/px4_msgs/px4_msgs/msg/detail/pwm_input__rosidl_typesupport_introspection_cpp.hpp
[69.465s] -- Installing: /home/pavel/ws_ros2/install/px4_msgs/lib/libpx4_msgs__rosidl_typesupport_introspection_cpp.so
[69.465s] -- Set runtime path of "/home/pavel/ws_ros2/install/px4_msgs/lib/libpx4_msgs__rosidl_typesupport_introspection_cpp.so" to ""
[69.465s] -- Installing: /home/pavel/ws_ros2/install/px4_msgs/lib/libpx4_msgs__rosidl_typesupport_cpp.so
[69.465s] -- Set runtime path of "/home/pavel/ws_ros2/install/px4_msgs/lib/libpx4_msgs__rosidl_typesupport_cpp.so" to ""
[69.465s] -- Up-to-date: /home/pavel/ws_ros2/install/px4_msgs/share/px4_msgs/environment/pythonpath.sh
[69.465s] -- Up-to-date: /home/pavel/ws_ros2/install/px4_msgs/share/px4_msgs/environment/pythonpath.dsv
[69.465s] -- Up-to-date: /home/pavel/ws_ros2/install/px4_msgs/local/lib/python3.10/dist-packages/px4_msgs-2.0.1-py3.10.egg-info
[69.465s] -- Installing: /home/pavel/ws_ros2/install/px4_msgs/local/lib/python3.10/dist-packages/px4_msgs-2.0.1-py3.10.egg-info/dependency_links.txt
[69.465s] -- Installing: /home/pavel/ws_ros2/install/px4_msgs/local/lib/python3.10/dist-packages/px4_msgs-2.0.1-py3.10.egg-info/PKG-INFO
[69.465s] -- Installing: /home/pavel/ws_ros2/install/px4_msgs/local/lib/python3.10/dist-packages/px4_msgs-2.0.1-py3.10.egg-info/top_level.txt
[69.465s] -- Installing: /home/pavel/ws_ros2/install/px4_msgs/local/lib/python3.10/dist-packages/px4_msgs-2.0.1-py3.10.egg-info/SOURCES.txt
[69.466s] -- Up-to-date: /home/pavel/ws_ros2/install/px4_msgs/local/lib/python3.10/dist-packages/px4_msgs
[69.466s] -- Up-to-date: /home/pavel/ws_ros2/install/px4_msgs/local/lib/python3.10/dist-packages/px4_msgs/_px4_msgs_s.ep.rosidl_typesupport_introspection_c.c
[69.466s] -- Up-to-date: /home/pavel/ws_ros2/install/px4_msgs/local/lib/python3.10/dist-packages/px4_msgs/__init__.py
[69.466s] -- Installing: /home/pavel/ws_ros2/install/px4_msgs/local/lib/python3.10/dist-packages/px4_msgs/px4_msgs_s__rosidl_typesupport_fastrtps_c.cpython-310-x86_64-linux-gnu.so
[69.466s] -- Up-to-date: /home/pavel/ws_ros2/install/px4_msgs/local/lib/python3.10/dist-packages/px4_msgs/_px4_msgs_s.ep.rosidl_typesupport_fastrtps_c.c
[69.466s] -- Installing: /home/pavel/ws_ros2/install/px4_msgs/local/lib/python3.10/dist-packages/px4_msgs/libpx4_msgs__rosidl_generator_py.so
[69.466s] -- Up-to-date: /home/pavel/ws_ros2/install/px4_msgs/local/lib/python3.10/dist-packages/px4_msgs/srv
[69.466s] -- Up-to-date: /home/pavel/ws_ros2/install/px4_msgs/local/lib/python3.10/dist-packages/px4_msgs/srv/_vehicle_command_s.c
[69.466s] -- Up-to-date: /home/pavel/ws_ros2/install/px4_msgs/local/lib/python3.10/dist-packages/px4_msgs/srv/__init__.py
[69.466s] -- Up-to-date: /home/pavel/ws_ros2/install/px4_msgs/local/lib/python3.10/dist-packages/px4_msgs/srv/_vehicle_command.py
[69.466s] -- Up-to-date: /home/pavel/ws_ros2/install/px4_msgs/local/lib/python3.10/dist-packages/px4_msgs/msg
[69.466s] -- Up-to-date: /home/pavel/ws_ros2/install/px4_msgs/local/lib/python3.10/dist-packages/px4_msgs/msg/_vehicle_angular_acceleration_setpoint.py
[69.466s] -- Up-to-date: /home/pavel/ws_ros2/install/px4_msgs/local/lib/python3.10/dist-packages/px4_msgs/msg/_control_allocator_status_s.c
[69.466s] -- Up-to-date: /home/pavel/ws_ros2/install/px4_msgs/local/lib/python3.10/dist-packages/px4_msgs/msg/_rover_ackermann_guidance_status.py
[69.466s] -- Up-to-date: /home/pavel/ws_ros2/install/px4_msgs/local/lib/python3.10/dist-packages/px4_msgs/msg/_offboard_control_mode.py
[69.466s] -- Up-to-date: /home/pavel/ws_ros2/install/px4_msgs/local/lib/python3.10/dist-packages/px4_msgs/msg/_rtl_status_s.c
[69.466s] -- Up-to-date: /home/pavel/ws_ros2/install/px4_msgs/local/lib/python3.10/dist-packages/px4_msgs/msg/_launch_detection_status_s.c
[69.466s] -- Up-to-date: /home/pavel/ws_ros2/install/px4_msgs/local/lib/python3.10/dist-packages/px4_msgs/msg/_wind.py
[69.466s] -- Up-to-date: /home/pavel/ws_ros2/install/px4_msgs/local/lib/python3.10/dist-packages/px4_msgs/msg/_npfg_status_s.c
[69.466s] -- Up-to-date: /home/pavel/ws_ros2/install/px4_msgs/local/lib/python3.10/dist-packages/px4_msgs/msg/_action_request_s.c
[69.466s] -- Up-to-date: /home/pavel/ws_ros2/install/px4_msgs/local/lib/python3.10/dist-packages/px4_msgs/msg/_logger_status_s.c
[69.467s] -- Up-to-date: /home/pavel/ws_ros2/install/px4_msgs/local/lib/python3.10/dist-packages/px4_msgs/msg/_dataman_request.py
[69.467s] -- Up-to-date: /home/pavel/ws_ros2/install/px4_msgs/local/lib/python3.10/dist-packages/px4_msgs/msg/_pwm_input_s.c
[69.467s] -- Up-to-date: /home/pavel/ws_ros2/install/px4_msgs/local/lib/python3.10/dist-packages/px4_msgs/msg/_follow_target_s.c
[69.467s] -- Up-to-date: /home/pavel/ws_ros2/install/px4_msgs/local/lib/python3.10/dist-packages/px4_msgs/msg/_rover_ackermann_guidance_status_s.c
[69.467s] -- Up-to-date: /home/pavel/ws_ros2/install/px4_msgs/local/lib/python3.10/dist-packages/px4_msgs/msg/_tecs_status_s.c
[69.467s] -- Up-to-date: /home/pavel/ws_ros2/install/px4_msgs/local/lib/python3.10/dist-packages/px4_msgs/msg/_power_monitor.py
[69.467s] -- Up-to-date: /home/pavel/ws_ros2/install/px4_msgs/local/lib/python3.10/dist-packages/px4_msgs/msg/_differential_pressure_s.c
[69.467s] -- Up-to-date: /home/pavel/ws_ros2/install/px4_msgs/local/lib/python3.10/dist-packages/px4_msgs/msg/_estimator_event_flags.py
[69.467s] -- Up-to-date: /home/pavel/ws_ros2/install/px4_msgs/local/lib/python3.10/dist-packages/px4_msgs/msg/_estimator_bias.py
[69.467s] -- Up-to-date: /home/pavel/ws_ros2/install/px4_msgs/local/lib/python3.10/dist-packages/px4_msgs/msg/_sensor_gyro_fifo.py
[69.467s] -- Up-to-date: /home/pavel/ws_ros2/install/px4_msgs/local/lib/python3.10/dist-packages/px4_msgs/msg/_follow_target.py
[69.467s] -- Up-to-date: /home/pavel/ws_ros2/install/px4_msgs/local/lib/python3.10/dist-packages/px4_msgs/msg/_vehicle_constraints_s.c
[69.467s] -- Up-to-date: /home/pavel/ws_ros2/install/px4_msgs/local/lib/python3.10/dist-packages/px4_msgs/msg/_sensor_uwb.py
[69.467s] -- Up-to-date: /home/pavel/ws_ros2/install/px4_msgs/local/lib/python3.10/dist-packages/px4_msgs/msg/_arming_check_reply_s.c
[69.467s] -- Up-to-date: /home/pavel/ws_ros2/install/px4_msgs/local/lib/python3.10/dist-packages/px4_msgs/msg/_estimator_states_s.c
[69.467s] -- Up-to-date: /home/pavel/ws_ros2/install/px4_msgs/local/lib/python3.10/dist-packages/px4_msgs/msg/_gripper.py
[69.467s] -- Up-to-date: /home/pavel/ws_ros2/install/px4_msgs/local/lib/python3.10/dist-packages/px4_msgs/msg/_gimbal_device_information.py
[69.467s] -- Up-to-date: /home/pavel/ws_ros2/install/px4_msgs/local/lib/python3.10/dist-packages/px4_msgs/msg/_orbit_status_s.c
[69.467s] -- Up-to-date: /home/pavel/ws_ros2/install/px4_msgs/local/lib/python3.10/dist-packages/px4_msgs/msg/_trajectory_waypoint.py
[69.468s] -- Up-to-date: /home/pavel/ws_ros2/install/px4_msgs/local/lib/python3.10/dist-packages/px4_msgs/msg/_estimator_status_flags.py
[69.468s] -- Up-to-date: /home/pavel/ws_ros2/install/px4_msgs/local/lib/python3.10/dist-packages/px4_msgs/msg/_vehicle_global_position.py
[69.468s] -- Up-to-date: /home/pavel/ws_ros2/install/px4_msgs/local/lib/python3.10/dist-packages/px4_msgs/msg/_can_interface_status_s.c
[69.468s] -- Up-to-date: /home/pavel/ws_ros2/install/px4_msgs/local/lib/python3.10/dist-packages/px4_msgs/msg/_parameter_update_s.c
[69.468s] -- Up-to-date: /home/pavel/ws_ros2/install/px4_msgs/local/lib/python3.10/dist-packages/px4_msgs/msg/_geofence_result_s.c
[69.468s] -- Up-to-date: /home/pavel/ws_ros2/install/px4_msgs/local/lib/python3.10/dist-packages/px4_msgs/msg/_transponder_report.py
[69.468s] -- Up-to-date: /home/pavel/ws_ros2/install/px4_msgs/local/lib/python3.10/dist-packages/px4_msgs/msg/_vehicle_optical_flow.py
[69.468s] -- Up-to-date: /home/pavel/ws_ros2/install/px4_msgs/local/lib/python3.10/dist-packages/px4_msgs/msg/_navigator_mission_item_s.c
[69.468s] -- Up-to-date: /home/pavel/ws_ros2/install/px4_msgs/local/lib/python3.10/dist-packages/px4_msgs/msg/_action_request.py
[69.468s] -- Up-to-date: /home/pavel/ws_ros2/install/px4_msgs/local/lib/python3.10/dist-packages/px4_msgs/msg/_gimbal_manager_status.py
[69.468s] -- Up-to-date: /home/pavel/ws_ros2/install/px4_msgs/local/lib/python3.10/dist-packages/px4_msgs/msg/_ekf2_timestamps.py
[69.468s] -- Up-to-date: /home/pavel/ws_ros2/install/px4_msgs/local/lib/python3.10/dist-packages/px4_msgs/msg/_actuator_test.py
[69.468s] -- Up-to-date: /home/pavel/ws_ros2/install/px4_msgs/local/lib/python3.10/dist-packages/px4_msgs/msg/_can_interface_status.py
[69.468s] -- Up-to-date: /home/pavel/ws_ros2/install/px4_msgs/local/lib/python3.10/dist-packages/px4_msgs/msg/_generator_status.py
[69.468s] -- Up-to-date: /home/pavel/ws_ros2/install/px4_msgs/local/lib/python3.10/dist-packages/px4_msgs/msg/_parameter_set_used_request.py
[69.468s] -- Up-to-date: /home/pavel/ws_ros2/install/px4_msgs/local/lib/python3.10/dist-packages/px4_msgs/msg/_mag_worker_data_s.c
[69.468s] -- Up-to-date: /home/pavel/ws_ros2/install/px4_msgs/local/lib/python3.10/dist-packages/px4_msgs/msg/_health_report.py
[69.468s] -- Up-to-date: /home/pavel/ws_ros2/install/px4_msgs/local/lib/python3.10/dist-packages/px4_msgs/msg/_vehicle_command_s.c
[69.468s] -- Up-to-date: /home/pavel/ws_ros2/install/px4_msgs/local/lib/python3.10/dist-packages/px4_msgs/msg/_vehicle_optical_flow_vel_s.c
[69.468s] -- Up-to-date: /home/pavel/ws_ros2/install/px4_msgs/local/lib/python3.10/dist-packages/px4_msgs/msg/_estimator_event_flags_s.c
[69.469s] -- Up-to-date: /home/pavel/ws_ros2/install/px4_msgs/local/lib/python3.10/dist-packages/px4_msgs/msg/_gpio_config_s.c
[69.469s] -- Up-to-date: /home/pavel/ws_ros2/install/px4_msgs/local/lib/python3.10/dist-packages/px4_msgs/msg/_fuel_tank_status.py
[69.469s] -- Up-to-date: /home/pavel/ws_ros2/install/px4_msgs/local/lib/python3.10/dist-packages/px4_msgs/msg/_parameter_set_value_response_s.c
[69.469s] -- Up-to-date: /home/pavel/ws_ros2/install/px4_msgs/local/lib/python3.10/dist-packages/px4_msgs/msg/_parameter_set_used_request_s.c
[69.469s] -- Up-to-date: /home/pavel/ws_ros2/install/px4_msgs/local/lib/python3.10/dist-packages/px4_msgs/msg/_sensor_gyro.py
[69.469s] -- Up-to-date: /home/pavel/ws_ros2/install/px4_msgs/local/lib/python3.10/dist-packages/px4_msgs/msg/_actuator_motors_s.c
[69.469s] -- Up-to-date: /home/pavel/ws_ros2/install/px4_msgs/local/lib/python3.10/dist-packages/px4_msgs/msg/_satellite_info_s.c
[69.469s] -- Up-to-date: /home/pavel/ws_ros2/install/px4_msgs/local/lib/python3.10/dist-packages/px4_msgs/msg/_buffer128_s.c
[69.469s] -- Up-to-date: /home/pavel/ws_ros2/install/px4_msgs/local/lib/python3.10/dist-packages/px4_msgs/msg/_vehicle_roi_s.c
[69.469s] -- Up-to-date: /home/pavel/ws_ros2/install/px4_msgs/local/lib/python3.10/dist-packages/px4_msgs/msg/_vehicle_optical_flow_s.c
[69.469s] -- Up-to-date: /home/pavel/ws_ros2/install/px4_msgs/local/lib/python3.10/dist-packages/px4_msgs/msg/_sensor_correction.py
[69.469s] -- Up-to-date: /home/pavel/ws_ros2/install/px4_msgs/local/lib/python3.10/dist-packages/px4_msgs/msg/_gimbal_device_attitude_status.py
[69.469s] -- Up-to-date: /home/pavel/ws_ros2/install/px4_msgs/local/lib/python3.10/dist-packages/px4_msgs/msg/_vehicle_angular_velocity.py
[69.469s] -- Up-to-date: /home/pavel/ws_ros2/install/px4_msgs/local/lib/python3.10/dist-packages/px4_msgs/msg/_sensors_status_s.c
[69.469s] -- Up-to-date: /home/pavel/ws_ros2/install/px4_msgs/local/lib/python3.10/dist-packages/px4_msgs/msg/_estimator_innovations.py
[69.469s] -- Up-to-date: /home/pavel/ws_ros2/install/px4_msgs/local/lib/python3.10/dist-packages/px4_msgs/msg/_geofence_status_s.c
[69.469s] -- Up-to-date: /home/pavel/ws_ros2/install/px4_msgs/local/lib/python3.10/dist-packages/px4_msgs/msg/_sensor_gyro_fft_s.c
[69.469s] -- Up-to-date: /home/pavel/ws_ros2/install/px4_msgs/local/lib/python3.10/dist-packages/px4_msgs/msg/_debug_array_s.c
[69.469s] -- Up-to-date: /home/pavel/ws_ros2/install/px4_msgs/local/lib/python3.10/dist-packages/px4_msgs/msg/_event_s.c
[69.470s] -- Up-to-date: /home/pavel/ws_ros2/install/px4_msgs/local/lib/python3.10/dist-packages/px4_msgs/msg/_qshell_retval.py
[69.470s] -- Up-to-date: /home/pavel/ws_ros2/install/px4_msgs/local/lib/python3.10/dist-packages/px4_msgs/msg/_cpuload.py
[69.470s] -- Up-to-date: /home/pavel/ws_ros2/install/px4_msgs/local/lib/python3.10/dist-packages/px4_msgs/msg/_actuator_servos.py
[69.470s] -- Up-to-date: /home/pavel/ws_ros2/install/px4_msgs/local/lib/python3.10/dist-packages/px4_msgs/msg/_vehicle_attitude.py
[69.470s] -- Up-to-date: /home/pavel/ws_ros2/install/px4_msgs/local/lib/python3.10/dist-packages/px4_msgs/msg/_position_controller_landing_status.py
[69.470s] -- Up-to-date: /home/pavel/ws_ros2/install/px4_msgs/local/lib/python3.10/dist-packages/px4_msgs/msg/_register_ext_component_reply_s.c
[69.470s] -- Up-to-date: /home/pavel/ws_ros2/install/px4_msgs/local/lib/python3.10/dist-packages/px4_msgs/msg/__init__.py
[69.470s] -- Up-to-date: /home/pavel/ws_ros2/install/px4_msgs/local/lib/python3.10/dist-packages/px4_msgs/msg/_landing_gear_wheel_s.c
[69.470s] -- Up-to-date: /home/pavel/ws_ros2/install/px4_msgs/local/lib/python3.10/dist-packages/px4_msgs/msg/_mavlink_tunnel.py
[69.470s] -- Up-to-date: /home/pavel/ws_ros2/install/px4_msgs/local/lib/python3.10/dist-packages/px4_msgs/msg/_position_setpoint_triplet.py
[69.470s] -- Up-to-date: /home/pavel/ws_ros2/install/px4_msgs/local/lib/python3.10/dist-packages/px4_msgs/msg/_pps_capture.py
[69.470s] -- Up-to-date: /home/pavel/ws_ros2/install/px4_msgs/local/lib/python3.10/dist-packages/px4_msgs/msg/_position_controller_status_s.c
[69.470s] -- Up-to-date: /home/pavel/ws_ros2/install/px4_msgs/local/lib/python3.10/dist-packages/px4_msgs/msg/_vehicle_attitude_setpoint.py
[69.470s] -- Up-to-date: /home/pavel/ws_ros2/install/px4_msgs/local/lib/python3.10/dist-packages/px4_msgs/msg/_actuator_test_s.c
[69.470s] -- Up-to-date: /home/pavel/ws_ros2/install/px4_msgs/local/lib/python3.10/dist-packages/px4_msgs/msg/_cellular_status_s.c
[69.470s] -- Up-to-date: /home/pavel/ws_ros2/install/px4_msgs/local/lib/python3.10/dist-packages/px4_msgs/msg/_led_control_s.c
[69.470s] -- Up-to-date: /home/pavel/ws_ros2/install/px4_msgs/local/lib/python3.10/dist-packages/px4_msgs/msg/_vtol_vehicle_status.py
[69.470s] -- Up-to-date: /home/pavel/ws_ros2/install/px4_msgs/local/lib/python3.10/dist-packages/px4_msgs/msg/_tiltrotor_extra_controls.py
[69.470s] -- Up-to-date: /home/pavel/ws_ros2/install/px4_msgs/local/lib/python3.10/dist-packages/px4_msgs/msg/_vehicle_acceleration.py
[69.470s] -- Up-to-date: /home/pavel/ws_ros2/install/px4_msgs/local/lib/python3.10/dist-packages/px4_msgs/msg/_onboard_computer_status_s.c
[69.471s] -- Up-to-date: /home/pavel/ws_ros2/install/px4_msgs/local/lib/python3.10/dist-packages/px4_msgs/msg/_position_controller_landing_status_s.c
[69.471s] -- Up-to-date: /home/pavel/ws_ros2/install/px4_msgs/local/lib/python3.10/dist-packages/px4_msgs/msg/_failure_detector_status.py
[69.471s] -- Up-to-date: /home/pavel/ws_ros2/install/px4_msgs/local/lib/python3.10/dist-packages/px4_msgs/msg/_unregister_ext_component_s.c
[69.471s] -- Up-to-date: /home/pavel/ws_ros2/install/px4_msgs/local/lib/python3.10/dist-packages/px4_msgs/msg/_message_format_response_s.c
[69.471s] -- Up-to-date: /home/pavel/ws_ros2/install/px4_msgs/local/lib/python3.10/dist-packages/px4_msgs/msg/_control_allocator_status.py
[69.471s] -- Up-to-date: /home/pavel/ws_ros2/install/px4_msgs/local/lib/python3.10/dist-packages/px4_msgs/msg/_airspeed_s.c
[69.471s] -- Up-to-date: /home/pavel/ws_ros2/install/px4_msgs/local/lib/python3.10/dist-packages/px4_msgs/msg/_sensor_combined.py
[69.471s] -- Up-to-date: /home/pavel/ws_ros2/install/px4_msgs/local/lib/python3.10/dist-packages/px4_msgs/msg/_camera_capture.py
[69.471s] -- Up-to-date: /home/pavel/ws_ros2/install/px4_msgs/local/lib/python3.10/dist-packages/px4_msgs/msg/_manual_control_switches_s.c
[69.471s] -- Up-to-date: /home/pavel/ws_ros2/install/px4_msgs/local/lib/python3.10/dist-packages/px4_msgs/msg/_obstacle_distance.py
[69.471s] -- Up-to-date: /home/pavel/ws_ros2/install/px4_msgs/local/lib/python3.10/dist-packages/px4_msgs/msg/_orb_test_s.c
[69.471s] -- Up-to-date: /home/pavel/ws_ros2/install/px4_msgs/local/lib/python3.10/dist-packages/px4_msgs/msg/_debug_value_s.c
[69.471s] -- Up-to-date: /home/pavel/ws_ros2/install/px4_msgs/local/lib/python3.10/dist-packages/px4_msgs/msg/_debug_vect_s.c
[69.471s] -- Up-to-date: /home/pavel/ws_ros2/install/px4_msgs/local/lib/python3.10/dist-packages/px4_msgs/msg/_differential_drive_setpoint_s.c
[69.471s] -- Up-to-date: /home/pavel/ws_ros2/install/px4_msgs/local/lib/python3.10/dist-packages/px4_msgs/msg/_gimbal_device_attitude_status_s.c
[69.471s] -- Up-to-date: /home/pavel/ws_ros2/install/px4_msgs/local/lib/python3.10/dist-packages/px4_msgs/msg/_gpio_in_s.c
[69.471s] -- Up-to-date: /home/pavel/ws_ros2/install/px4_msgs/local/lib/python3.10/dist-packages/px4_msgs/msg/_actuator_controls_status_s.c
[69.471s] -- Up-to-date: /home/pavel/ws_ros2/install/px4_msgs/local/lib/python3.10/dist-packages/px4_msgs/msg/_vehicle_thrust_setpoint_s.c
[69.471s] -- Up-to-date: /home/pavel/ws_ros2/install/px4_msgs/local/lib/python3.10/dist-packages/px4_msgs/msg/_uavcan_parameter_request_s.c
[69.471s] -- Up-to-date: /home/pavel/ws_ros2/install/px4_msgs/local/lib/python3.10/dist-packages/px4_msgs/msg/_gimbal_manager_status_s.c
[69.472s] -- Up-to-date: /home/pavel/ws_ros2/install/px4_msgs/local/lib/python3.10/dist-packages/px4_msgs/msg/_landing_gear_wheel.py
[69.472s] -- Up-to-date: /home/pavel/ws_ros2/install/px4_msgs/local/lib/python3.10/dist-packages/px4_msgs/msg/_qshell_req_s.c
[69.472s] -- Up-to-date: /home/pavel/ws_ros2/install/px4_msgs/local/lib/python3.10/dist-packages/px4_msgs/msg/_mission_result.py
[69.472s] -- Up-to-date: /home/pavel/ws_ros2/install/px4_msgs/local/lib/python3.10/dist-packages/px4_msgs/msg/_gimbal_device_set_attitude.py
[69.472s] -- Up-to-date: /home/pavel/ws_ros2/install/px4_msgs/local/lib/python3.10/dist-packages/px4_msgs/msg/_vehicle_rates_setpoint.py
[69.472s] -- Up-to-date: /home/pavel/ws_ros2/install/px4_msgs/local/lib/python3.10/dist-packages/px4_msgs/msg/_gimbal_manager_information.py
[69.472s] -- Up-to-date: /home/pavel/ws_ros2/install/px4_msgs/local/lib/python3.10/dist-packages/px4_msgs/msg/_yaw_estimator_status.py
[69.472s] -- Up-to-date: /home/pavel/ws_ros2/install/px4_msgs/local/lib/python3.10/dist-packages/px4_msgs/msg/_estimator_bias3d.py
[69.472s] -- Up-to-date: /home/pavel/ws_ros2/install/px4_msgs/local/lib/python3.10/dist-packages/px4_msgs/msg/_register_ext_component_reply.py
[69.472s] -- Up-to-date: /home/pavel/ws_ros2/install/px4_msgs/local/lib/python3.10/dist-packages/px4_msgs/msg/_failsafe_flags.py
[69.472s] -- Up-to-date: /home/pavel/ws_ros2/install/px4_msgs/local/lib/python3.10/dist-packages/px4_msgs/msg/_vehicle_imu_s.c
[69.472s] -- Up-to-date: /home/pavel/ws_ros2/install/px4_msgs/local/lib/python3.10/dist-packages/px4_msgs/msg/_estimator_status_s.c
[69.472s] -- Up-to-date: /home/pavel/ws_ros2/install/px4_msgs/local/lib/python3.10/dist-packages/px4_msgs/msg/_iridiumsbd_status.py
[69.472s] -- Up-to-date: /home/pavel/ws_ros2/install/px4_msgs/local/lib/python3.10/dist-packages/px4_msgs/msg/_vehicle_air_data_s.c
[69.472s] -- Up-to-date: /home/pavel/ws_ros2/install/px4_msgs/local/lib/python3.10/dist-packages/px4_msgs/msg/_telemetry_status.py
[69.472s] -- Up-to-date: /home/pavel/ws_ros2/install/px4_msgs/local/lib/python3.10/dist-packages/px4_msgs/msg/_unregister_ext_component.py
[69.472s] -- Up-to-date: /home/pavel/ws_ros2/install/px4_msgs/local/lib/python3.10/dist-packages/px4_msgs/msg/_log_message_s.c
[69.472s] -- Up-to-date: /home/pavel/ws_ros2/install/px4_msgs/local/lib/python3.10/dist-packages/px4_msgs/msg/_gps_inject_data_s.c
[69.472s] -- Up-to-date: /home/pavel/ws_ros2/install/px4_msgs/local/lib/python3.10/dist-packages/px4_msgs/msg/_position_setpoint_triplet_s.c
[69.473s] -- Up-to-date: /home/pavel/ws_ros2/install/px4_msgs/local/lib/python3.10/dist-packages/px4_msgs/msg/_sensors_status_imu_s.c
[69.473s] -- Up-to-date: /home/pavel/ws_ros2/install/px4_msgs/local/lib/python3.10/dist-packages/px4_msgs/msg/_event.py
[69.473s] -- Up-to-date: /home/pavel/ws_ros2/install/px4_msgs/local/lib/python3.10/dist-packages/px4_msgs/msg/_vehicle_odometry_s.c
[69.473s] -- Up-to-date: /home/pavel/ws_ros2/install/px4_msgs/local/lib/python3.10/dist-packages/px4_msgs/msg/_sensor_accel_fifo.py
[69.473s] -- Up-to-date: /home/pavel/ws_ros2/install/px4_msgs/local/lib/python3.10/dist-packages/px4_msgs/msg/_estimator_bias3d_s.c
[69.473s] -- Up-to-date: /home/pavel/ws_ros2/install/px4_msgs/local/lib/python3.10/dist-packages/px4_msgs/msg/_velocity_limits_s.c
[69.473s] -- Up-to-date: /home/pavel/ws_ros2/install/px4_msgs/local/lib/python3.10/dist-packages/px4_msgs/msg/_tiltrotor_extra_controls_s.c
[69.473s] -- Up-to-date: /home/pavel/ws_ros2/install/px4_msgs/local/lib/python3.10/dist-packages/px4_msgs/msg/_fuel_tank_status_s.c
[69.473s] -- Up-to-date: /home/pavel/ws_ros2/install/px4_msgs/local/lib/python3.10/dist-packages/px4_msgs/msg/_sensor_hygrometer.py
[69.473s] -- Up-to-date: /home/pavel/ws_ros2/install/px4_msgs/local/lib/python3.10/dist-packages/px4_msgs/msg/_airspeed_wind_s.c
[69.473s] -- Up-to-date: /home/pavel/ws_ros2/install/px4_msgs/local/lib/python3.10/dist-packages/px4_msgs/msg/_message_format_response.py
[69.473s] -- Up-to-date: /home/pavel/ws_ros2/install/px4_msgs/local/lib/python3.10/dist-packages/px4_msgs/msg/_ulog_stream_ack.py
[69.473s] -- Up-to-date: /home/pavel/ws_ros2/install/px4_msgs/local/lib/python3.10/dist-packages/px4_msgs/msg/_magnetometer_bias_estimate.py
[69.473s] -- Up-to-date: /home/pavel/ws_ros2/install/px4_msgs/local/lib/python3.10/dist-packages/px4_msgs/msg/_button_event.py
[69.473s] -- Up-to-date: /home/pavel/ws_ros2/install/px4_msgs/local/lib/python3.10/dist-packages/px4_msgs/msg/_heater_status_s.c
[69.473s] -- Up-to-date: /home/pavel/ws_ros2/install/px4_msgs/local/lib/python3.10/dist-packages/px4_msgs/msg/_launch_detection_status.py
[69.473s] -- Up-to-date: /home/pavel/ws_ros2/install/px4_msgs/local/lib/python3.10/dist-packages/px4_msgs/msg/_register_ext_component_request_s.c
[69.473s] -- Up-to-date: /home/pavel/ws_ros2/install/px4_msgs/local/lib/python3.10/dist-packages/px4_msgs/msg/_vtol_vehicle_status_s.c
[69.473s] -- Up-to-date: /home/pavel/ws_ros2/install/px4_msgs/local/lib/python3.10/dist-packages/px4_msgs/msg/_vehicle_angular_acceleration_setpoint_s.c
[69.473s] -- Up-to-date: /home/pavel/ws_ros2/install/px4_msgs/local/lib/python3.10/dist-packages/px4_msgs/msg/_airspeed_validated.py
[69.474s] -- Up-to-date: /home/pavel/ws_ros2/install/px4_msgs/local/lib/python3.10/dist-packages/px4_msgs/msg/_tecs_status.py
[69.474s] -- Up-to-date: /home/pavel/ws_ros2/install/px4_msgs/local/lib/python3.10/dist-packages/px4_msgs/msg/_cellular_status.py
[69.474s] -- Up-to-date: /home/pavel/ws_ros2/install/px4_msgs/local/lib/python3.10/dist-packages/px4_msgs/msg/_failsafe_flags_s.c
[69.474s] -- Up-to-date: /home/pavel/ws_ros2/install/px4_msgs/local/lib/python3.10/dist-packages/px4_msgs/msg/_system_power_s.c
[69.474s] -- Up-to-date: /home/pavel/ws_ros2/install/px4_msgs/local/lib/python3.10/dist-packages/px4_msgs/msg/_mode_completed.py
[69.474s] -- Up-to-date: /home/pavel/ws_ros2/install/px4_msgs/local/lib/python3.10/dist-packages/px4_msgs/msg/_sensor_mag_s.c
[69.474s] -- Up-to-date: /home/pavel/ws_ros2/install/px4_msgs/local/lib/python3.10/dist-packages/px4_msgs/msg/_actuator_servos_trim.py
[69.474s] -- Up-to-date: /home/pavel/ws_ros2/install/px4_msgs/local/lib/python3.10/dist-packages/px4_msgs/msg/_iridiumsbd_status_s.c
[69.474s] -- Up-to-date: /home/pavel/ws_ros2/install/px4_msgs/local/lib/python3.10/dist-packages/px4_msgs/msg/_camera_status.py
[69.474s] -- Up-to-date: /home/pavel/ws_ros2/install/px4_msgs/local/lib/python3.10/dist-packages/px4_msgs/msg/_vehicle_land_detected_s.c
[69.474s] -- Up-to-date: /home/pavel/ws_ros2/install/px4_msgs/local/lib/python3.10/dist-packages/px4_msgs/msg/_sensors_status.py
[69.474s] -- Up-to-date: /home/pavel/ws_ros2/install/px4_msgs/local/lib/python3.10/dist-packages/px4_msgs/msg/_landing_gear_s.c
[69.474s] -- Up-to-date: /home/pavel/ws_ros2/install/px4_msgs/local/lib/python3.10/dist-packages/px4_msgs/msg/_sensors_status_imu.py
[69.474s] -- Up-to-date: /home/pavel/ws_ros2/install/px4_msgs/local/lib/python3.10/dist-packages/px4_msgs/msg/_sensor_gps.py
[69.474s] -- Up-to-date: /home/pavel/ws_ros2/install/px4_msgs/local/lib/python3.10/dist-packages/px4_msgs/msg/_ekf2_timestamps_s.c
[69.474s] -- Up-to-date: /home/pavel/ws_ros2/install/px4_msgs/local/lib/python3.10/dist-packages/px4_msgs/msg/_vehicle_trajectory_waypoint.py
[69.474s] -- Up-to-date: /home/pavel/ws_ros2/install/px4_msgs/local/lib/python3.10/dist-packages/px4_msgs/msg/_cpuload_s.c
[69.474s] -- Up-to-date: /home/pavel/ws_ros2/install/px4_msgs/local/lib/python3.10/dist-packages/px4_msgs/msg/_yaw_estimator_status_s.c
[69.475s] -- Up-to-date: /home/pavel/ws_ros2/install/px4_msgs/local/lib/python3.10/dist-packages/px4_msgs/msg/_vehicle_global_position_s.c
[69.475s] -- Up-to-date: /home/pavel/ws_ros2/install/px4_msgs/local/lib/python3.10/dist-packages/px4_msgs/msg/_vehicle_trajectory_bezier_s.c
[69.475s] -- Up-to-date: /home/pavel/ws_ros2/install/px4_msgs/local/lib/python3.10/dist-packages/px4_msgs/msg/_adc_report.py
[69.475s] -- Up-to-date: /home/pavel/ws_ros2/install/px4_msgs/local/lib/python3.10/dist-packages/px4_msgs/msg/_velocity_limits.py
[69.475s] -- Up-to-date: /home/pavel/ws_ros2/install/px4_msgs/local/lib/python3.10/dist-packages/px4_msgs/msg/_timesync_status.py
[69.475s] -- Up-to-date: /home/pavel/ws_ros2/install/px4_msgs/local/lib/python3.10/dist-packages/px4_msgs/msg/_arming_check_reply.py
[69.475s] -- Up-to-date: /home/pavel/ws_ros2/install/px4_msgs/local/lib/python3.10/dist-packages/px4_msgs/msg/_sensor_preflight_mag.py
[69.475s] -- Up-to-date: /home/pavel/ws_ros2/install/px4_msgs/local/lib/python3.10/dist-packages/px4_msgs/msg/_gimbal_manager_set_manual_control_s.c
[69.475s] -- Up-to-date: /home/pavel/ws_ros2/install/px4_msgs/local/lib/python3.10/dist-packages/px4_msgs/msg/_telemetry_status_s.c
[69.475s] -- Up-to-date: /home/pavel/ws_ros2/install/px4_msgs/local/lib/python3.10/dist-packages/px4_msgs/msg/_vehicle_constraints.py
[69.475s] -- Up-to-date: /home/pavel/ws_ros2/install/px4_msgs/local/lib/python3.10/dist-packages/px4_msgs/msg/_led_control.py
[69.475s] -- Up-to-date: /home/pavel/ws_ros2/install/px4_msgs/local/lib/python3.10/dist-packages/px4_msgs/msg/_vehicle_acceleration_s.c
[69.475s] -- Up-to-date: /home/pavel/ws_ros2/install/px4_msgs/local/lib/python3.10/dist-packages/px4_msgs/msg/_timesync_status_s.c
[69.475s] -- Up-to-date: /home/pavel/ws_ros2/install/px4_msgs/local/lib/python3.10/dist-packages/px4_msgs/msg/_arming_check_request_s.c
[69.475s] -- Up-to-date: /home/pavel/ws_ros2/install/px4_msgs/local/lib/python3.10/dist-packages/px4_msgs/msg/_camera_capture_s.c
[69.475s] -- Up-to-date: /home/pavel/ws_ros2/install/px4_msgs/local/lib/python3.10/dist-packages/px4_msgs/msg/_collision_report.py
[69.475s] -- Up-to-date: /home/pavel/ws_ros2/install/px4_msgs/local/lib/python3.10/dist-packages/px4_msgs/msg/_rate_ctrl_status.py
[69.475s] -- Up-to-date: /home/pavel/ws_ros2/install/px4_msgs/local/lib/python3.10/dist-packages/px4_msgs/msg/_vehicle_torque_setpoint_s.c
[69.475s] -- Up-to-date: /home/pavel/ws_ros2/install/px4_msgs/local/lib/python3.10/dist-packages/px4_msgs/msg/_power_monitor_s.c
[69.475s] -- Up-to-date: /home/pavel/ws_ros2/install/px4_msgs/local/lib/python3.10/dist-packages/px4_msgs/msg/_vehicle_status_s.c
[69.476s] -- Up-to-date: /home/pavel/ws_ros2/install/px4_msgs/local/lib/python3.10/dist-packages/px4_msgs/msg/_landing_target_pose.py
[69.476s] -- Up-to-date: /home/pavel/ws_ros2/install/px4_msgs/local/lib/python3.10/dist-packages/px4_msgs/msg/_autotune_attitude_control_status.py
[69.476s] -- Up-to-date: /home/pavel/ws_ros2/install/px4_msgs/local/lib/python3.10/dist-packages/px4_msgs/msg/_heater_status.py
[69.476s] -- Up-to-date: /home/pavel/ws_ros2/install/px4_msgs/local/lib/python3.10/dist-packages/px4_msgs/msg/_vehicle_command.py
[69.476s] -- Up-to-date: /home/pavel/ws_ros2/install/px4_msgs/local/lib/python3.10/dist-packages/px4_msgs/msg/_follow_target_status.py
[69.476s] -- Up-to-date: /home/pavel/ws_ros2/install/px4_msgs/local/lib/python3.10/dist-packages/px4_msgs/msg/_ulog_stream_ack_s.c
[69.476s] -- Up-to-date: /home/pavel/ws_ros2/install/px4_msgs/local/lib/python3.10/dist-packages/px4_msgs/msg/_landing_target_pose_s.c
[69.476s] -- Up-to-date: /home/pavel/ws_ros2/install/px4_msgs/local/lib/python3.10/dist-packages/px4_msgs/msg/_gimbal_manager_set_manual_control.py
[69.476s] -- Up-to-date: /home/pavel/ws_ros2/install/px4_msgs/local/lib/python3.10/dist-packages/px4_msgs/msg/_estimator_status_flags_s.c
[69.476s] -- Up-to-date: /home/pavel/ws_ros2/install/px4_msgs/local/lib/python3.10/dist-packages/px4_msgs/msg/_rate_ctrl_status_s.c
[69.476s] -- Up-to-date: /home/pavel/ws_ros2/install/px4_msgs/local/lib/python3.10/dist-packages/px4_msgs/msg/_sensor_gps_s.c
[69.476s] -- Up-to-date: /home/pavel/ws_ros2/install/px4_msgs/local/lib/python3.10/dist-packages/px4_msgs/msg/_takeoff_status_s.c
[69.476s] -- Up-to-date: /home/pavel/ws_ros2/install/px4_msgs/local/lib/python3.10/dist-packages/px4_msgs/msg/_vehicle_land_detected.py
[69.476s] -- Up-to-date: /home/pavel/ws_ros2/install/px4_msgs/local/lib/python3.10/dist-packages/px4_msgs/msg/_orb_test.py
[69.476s] -- Up-to-date: /home/pavel/ws_ros2/install/px4_msgs/local/lib/python3.10/dist-packages/px4_msgs/msg/_task_stack_info.py
[69.476s] -- Up-to-date: /home/pavel/ws_ros2/install/px4_msgs/local/lib/python3.10/dist-packages/px4_msgs/msg/_vehicle_trajectory_waypoint_s.c
[69.476s] -- Up-to-date: /home/pavel/ws_ros2/install/px4_msgs/local/lib/python3.10/dist-packages/px4_msgs/msg/_rtl_time_estimate.py
[69.476s] -- Up-to-date: /home/pavel/ws_ros2/install/px4_msgs/local/lib/python3.10/dist-packages/px4_msgs/msg/_sensor_optical_flow.py
[69.476s] -- Up-to-date: /home/pavel/ws_ros2/install/px4_msgs/local/lib/python3.10/dist-packages/px4_msgs/msg/_vehicle_imu_status.py
[69.477s] -- Up-to-date: /home/pavel/ws_ros2/install/px4_msgs/local/lib/python3.10/dist-packages/px4_msgs/msg/_dataman_response.py
[69.477s] -- Up-to-date: /home/pavel/ws_ros2/install/px4_msgs/local/lib/python3.10/dist-packages/px4_msgs/msg/_trajectory_waypoint_s.c
[69.477s] -- Up-to-date: /home/pavel/ws_ros2/install/px4_msgs/local/lib/python3.10/dist-packages/px4_msgs/msg/_uavcan_parameter_request.py
[69.477s] -- Up-to-date: /home/pavel/ws_ros2/install/px4_msgs/local/lib/python3.10/dist-packages/px4_msgs/msg/_distance_sensor.py
[69.477s] -- Up-to-date: /home/pavel/ws_ros2/install/px4_msgs/local/lib/python3.10/dist-packages/px4_msgs/msg/_distance_sensor_s.c
[69.477s] -- Up-to-date: /home/pavel/ws_ros2/install/px4_msgs/local/lib/python3.10/dist-packages/px4_msgs/msg/_rtl_status.py
[69.477s] -- Up-to-date: /home/pavel/ws_ros2/install/px4_msgs/local/lib/python3.10/dist-packages/px4_msgs/msg/_ulog_stream.py
[69.477s] -- Up-to-date: /home/pavel/ws_ros2/install/px4_msgs/local/lib/python3.10/dist-packages/px4_msgs/msg/_airspeed_validated_s.c
[69.477s] -- Up-to-date: /home/pavel/ws_ros2/install/px4_msgs/local/lib/python3.10/dist-packages/px4_msgs/msg/_input_rc_s.c
[69.477s] -- Up-to-date: /home/pavel/ws_ros2/install/px4_msgs/local/lib/python3.10/dist-packages/px4_msgs/msg/_takeoff_status.py
[69.477s] -- Up-to-date: /home/pavel/ws_ros2/install/px4_msgs/local/lib/python3.10/dist-packages/px4_msgs/msg/_sensor_gyro_fifo_s.c
[69.477s] -- Up-to-date: /home/pavel/ws_ros2/install/px4_msgs/local/lib/python3.10/dist-packages/px4_msgs/msg/_actuator_outputs.py
[69.477s] -- Up-to-date: /home/pavel/ws_ros2/install/px4_msgs/local/lib/python3.10/dist-packages/px4_msgs/msg/_debug_array.py
[69.477s] -- Up-to-date: /home/pavel/ws_ros2/install/px4_msgs/local/lib/python3.10/dist-packages/px4_msgs/msg/_vehicle_thrust_setpoint.py
[69.477s] -- Up-to-date: /home/pavel/ws_ros2/install/px4_msgs/local/lib/python3.10/dist-packages/px4_msgs/msg/_battery_status.py
[69.477s] -- Up-to-date: /home/pavel/ws_ros2/install/px4_msgs/local/lib/python3.10/dist-packages/px4_msgs/msg/_sensor_mag.py
[69.477s] -- Up-to-date: /home/pavel/ws_ros2/install/px4_msgs/local/lib/python3.10/dist-packages/px4_msgs/msg/_onboard_computer_status.py
[69.477s] -- Up-to-date: /home/pavel/ws_ros2/install/px4_msgs/local/lib/python3.10/dist-packages/px4_msgs/msg/_gimbal_device_set_attitude_s.c
[69.477s] -- Up-to-date: /home/pavel/ws_ros2/install/px4_msgs/local/lib/python3.10/dist-packages/px4_msgs/msg/_collision_constraints.py
[69.477s] -- Up-to-date: /home/pavel/ws_ros2/install/px4_msgs/local/lib/python3.10/dist-packages/px4_msgs/msg/_orbit_status.py
[69.478s] -- Up-to-date: /home/pavel/ws_ros2/install/px4_msgs/local/lib/python3.10/dist-packages/px4_msgs/msg/_ping.py
[69.478s] -- Up-to-date: /home/pavel/ws_ros2/install/px4_msgs/local/lib/python3.10/dist-packages/px4_msgs/msg/_tune_control_s.c
[69.478s] -- Up-to-date: /home/pavel/ws_ros2/install/px4_msgs/local/lib/python3.10/dist-packages/px4_msgs/msg/_vehicle_angular_velocity_s.c
[69.478s] -- Up-to-date: /home/pavel/ws_ros2/install/px4_msgs/local/lib/python3.10/dist-packages/px4_msgs/msg/_orb_test_large_s.c
[69.478s] -- Up-to-date: /home/pavel/ws_ros2/install/px4_msgs/local/lib/python3.10/dist-packages/px4_msgs/msg/_rc_channels.py
[69.478s] -- Up-to-date: /home/pavel/ws_ros2/install/px4_msgs/local/lib/python3.10/dist-packages/px4_msgs/msg/_collision_report_s.c
[69.478s] -- Up-to-date: /home/pavel/ws_ros2/install/px4_msgs/local/lib/python3.10/dist-packages/px4_msgs/msg/_mission_result_s.c
[69.478s] -- Up-to-date: /home/pavel/ws_ros2/install/px4_msgs/local/lib/python3.10/dist-packages/px4_msgs/msg/_camera_status_s.c
[69.478s] -- Up-to-date: /home/pavel/ws_ros2/install/px4_msgs/local/lib/python3.10/dist-packages/px4_msgs/msg/_wind_s.c
[69.478s] -- Up-to-date: /home/pavel/ws_ros2/install/px4_msgs/local/lib/python3.10/dist-packages/px4_msgs/msg/_gpio_out.py
[69.478s] -- Up-to-date: /home/pavel/ws_ros2/install/px4_msgs/local/lib/python3.10/dist-packages/px4_msgs/msg/_vehicle_magnetometer_s.c
[69.478s] -- Up-to-date: /home/pavel/ws_ros2/install/px4_msgs/local/lib/python3.10/dist-packages/px4_msgs/msg/_uavcan_parameter_value.py
[69.478s] -- Up-to-date: /home/pavel/ws_ros2/install/px4_msgs/local/lib/python3.10/dist-packages/px4_msgs/msg/_actuator_outputs_s.c
[69.478s] -- Up-to-date: /home/pavel/ws_ros2/install/px4_msgs/local/lib/python3.10/dist-packages/px4_msgs/msg/_landing_gear.py
[69.478s] -- Up-to-date: /home/pavel/ws_ros2/install/px4_msgs/local/lib/python3.10/dist-packages/px4_msgs/msg/_rc_parameter_map.py
[69.478s] -- Up-to-date: /home/pavel/ws_ros2/install/px4_msgs/local/lib/python3.10/dist-packages/px4_msgs/msg/_vehicle_imu_status_s.c
[69.478s] -- Up-to-date: /home/pavel/ws_ros2/install/px4_msgs/local/lib/python3.10/dist-packages/px4_msgs/msg/_estimator_aid_source2d_s.c
[69.478s] -- Up-to-date: /home/pavel/ws_ros2/install/px4_msgs/local/lib/python3.10/dist-packages/px4_msgs/msg/_trajectory_bezier.py
[69.478s] -- Up-to-date: /home/pavel/ws_ros2/install/px4_msgs/local/lib/python3.10/dist-packages/px4_msgs/msg/_airspeed.py
[69.479s] -- Up-to-date: /home/pavel/ws_ros2/install/px4_msgs/local/lib/python3.10/dist-packages/px4_msgs/msg/_flight_phase_estimation.py
[69.479s] -- Up-to-date: /home/pavel/ws_ros2/install/px4_msgs/local/lib/python3.10/dist-packages/px4_msgs/msg/_esc_status_s.c
[69.479s] -- Up-to-date: /home/pavel/ws_ros2/install/px4_msgs/local/lib/python3.10/dist-packages/px4_msgs/msg/_power_button_state.py
[69.479s] -- Up-to-date: /home/pavel/ws_ros2/install/px4_msgs/local/lib/python3.10/dist-packages/px4_msgs/msg/_sensor_accel_fifo_s.c
[69.479s] -- Up-to-date: /home/pavel/ws_ros2/install/px4_msgs/local/lib/python3.10/dist-packages/px4_msgs/msg/_vehicle_attitude_setpoint_s.c
[69.479s] -- Up-to-date: /home/pavel/ws_ros2/install/px4_msgs/local/lib/python3.10/dist-packages/px4_msgs/msg/_message_format_request.py
[69.479s] -- Up-to-date: /home/pavel/ws_ros2/install/px4_msgs/local/lib/python3.10/dist-packages/px4_msgs/msg/_gimbal_device_information_s.c
[69.479s] -- Up-to-date: /home/pavel/ws_ros2/install/px4_msgs/local/lib/python3.10/dist-packages/px4_msgs/msg/_sensor_gyro_s.c
[69.479s] -- Up-to-date: /home/pavel/ws_ros2/install/px4_msgs/local/lib/python3.10/dist-packages/px4_msgs/msg/_orb_test_medium.py
[69.479s] -- Up-to-date: /home/pavel/ws_ros2/install/px4_msgs/local/lib/python3.10/dist-packages/px4_msgs/msg/_manual_control_switches.py
[69.479s] -- Up-to-date: /home/pavel/ws_ros2/install/px4_msgs/local/lib/python3.10/dist-packages/px4_msgs/msg/_ping_s.c
[69.479s] -- Up-to-date: /home/pavel/ws_ros2/install/px4_msgs/local/lib/python3.10/dist-packages/px4_msgs/msg/_sensor_hygrometer_s.c
[69.479s] -- Up-to-date: /home/pavel/ws_ros2/install/px4_msgs/local/lib/python3.10/dist-packages/px4_msgs/msg/_orb_test_medium_s.c
[69.479s] -- Up-to-date: /home/pavel/ws_ros2/install/px4_msgs/local/lib/python3.10/dist-packages/px4_msgs/msg/_rc_parameter_map_s.c
[69.479s] -- Up-to-date: /home/pavel/ws_ros2/install/px4_msgs/local/lib/python3.10/dist-packages/px4_msgs/msg/_system_power.py
[69.479s] -- Up-to-date: /home/pavel/ws_ros2/install/px4_msgs/local/lib/python3.10/dist-packages/px4_msgs/msg/_dataman_response_s.c
[69.479s] -- Up-to-date: /home/pavel/ws_ros2/install/px4_msgs/local/lib/python3.10/dist-packages/px4_msgs/msg/_estimator_selector_status.py
[69.479s] -- Up-to-date: /home/pavel/ws_ros2/install/px4_msgs/local/lib/python3.10/dist-packages/px4_msgs/msg/_vehicle_trajectory_bezier.py
[69.479s] -- Up-to-date: /home/pavel/ws_ros2/install/px4_msgs/local/lib/python3.10/dist-packages/px4_msgs/msg/_radio_status.py
[69.479s] -- Up-to-date: /home/pavel/ws_ros2/install/px4_msgs/local/lib/python3.10/dist-packages/px4_msgs/msg/_satellite_info.py
[69.480s] -- Up-to-date: /home/pavel/ws_ros2/install/px4_msgs/local/lib/python3.10/dist-packages/px4_msgs/msg/_generator_status_s.c
[69.480s] -- Up-to-date: /home/pavel/ws_ros2/install/px4_msgs/local/lib/python3.10/dist-packages/px4_msgs/msg/_hover_thrust_estimate_s.c
[69.480s] -- Up-to-date: /home/pavel/ws_ros2/install/px4_msgs/local/lib/python3.10/dist-packages/px4_msgs/msg/_mavlink_log_s.c
[69.480s] -- Up-to-date: /home/pavel/ws_ros2/install/px4_msgs/local/lib/python3.10/dist-packages/px4_msgs/msg/_airspeed_wind.py
[69.480s] -- Up-to-date: /home/pavel/ws_ros2/install/px4_msgs/local/lib/python3.10/dist-packages/px4_msgs/msg/_actuator_armed.py
[69.480s] -- Up-to-date: /home/pavel/ws_ros2/install/px4_msgs/local/lib/python3.10/dist-packages/px4_msgs/msg/_parameter_set_value_response.py
[69.480s] -- Up-to-date: /home/pavel/ws_ros2/install/px4_msgs/local/lib/python3.10/dist-packages/px4_msgs/msg/_obstacle_distance_s.c
[69.480s] -- Up-to-date: /home/pavel/ws_ros2/install/px4_msgs/local/lib/python3.10/dist-packages/px4_msgs/msg/_navigator_mission_item.py
[69.480s] -- Up-to-date: /home/pavel/ws_ros2/install/px4_msgs/local/lib/python3.10/dist-packages/px4_msgs/msg/_vehicle_air_data.py
[69.480s] -- Up-to-date: /home/pavel/ws_ros2/install/px4_msgs/local/lib/python3.10/dist-packages/px4_msgs/msg/_figure_eight_status_s.c
[69.480s] -- Up-to-date: /home/pavel/ws_ros2/install/px4_msgs/local/lib/python3.10/dist-packages/px4_msgs/msg/_gimbal_manager_set_attitude_s.c
[69.480s] -- Up-to-date: /home/pavel/ws_ros2/install/px4_msgs/local/lib/python3.10/dist-packages/px4_msgs/msg/_vehicle_torque_setpoint.py
[69.480s] -- Up-to-date: /home/pavel/ws_ros2/install/px4_msgs/local/lib/python3.10/dist-packages/px4_msgs/msg/_sensor_accel.py
[69.480s] -- Up-to-date: /home/pavel/ws_ros2/install/px4_msgs/local/lib/python3.10/dist-packages/px4_msgs/msg/_mag_worker_data.py
[69.480s] -- Up-to-date: /home/pavel/ws_ros2/install/px4_msgs/local/lib/python3.10/dist-packages/px4_msgs/msg/_autotune_attitude_control_status_s.c
[69.480s] -- Up-to-date: /home/pavel/ws_ros2/install/px4_msgs/local/lib/python3.10/dist-packages/px4_msgs/msg/_offboard_control_mode_s.c
[69.480s] -- Up-to-date: /home/pavel/ws_ros2/install/px4_msgs/local/lib/python3.10/dist-packages/px4_msgs/msg/_gps_inject_data.py
[69.480s] -- Up-to-date: /home/pavel/ws_ros2/install/px4_msgs/local/lib/python3.10/dist-packages/px4_msgs/msg/_goto_setpoint.py
[69.480s] -- Up-to-date: /home/pavel/ws_ros2/install/px4_msgs/local/lib/python3.10/dist-packages/px4_msgs/msg/_irlock_report_s.c
[69.480s] -- Up-to-date: /home/pavel/ws_ros2/install/px4_msgs/local/lib/python3.10/dist-packages/px4_msgs/msg/_esc_report_s.c
[69.481s] -- Up-to-date: /home/pavel/ws_ros2/install/px4_msgs/local/lib/python3.10/dist-packages/px4_msgs/msg/_flight_phase_estimation_s.c
[69.481s] -- Up-to-date: /home/pavel/ws_ros2/install/px4_msgs/local/lib/python3.10/dist-packages/px4_msgs/msg/_config_overrides_s.c
[69.481s] -- Up-to-date: /home/pavel/ws_ros2/install/px4_msgs/local/lib/python3.10/dist-packages/px4_msgs/msg/_vehicle_odometry.py
[69.481s] -- Up-to-date: /home/pavel/ws_ros2/install/px4_msgs/local/lib/python3.10/dist-packages/px4_msgs/msg/_camera_trigger_s.c
[69.481s] -- Up-to-date: /home/pavel/ws_ros2/install/px4_msgs/local/lib/python3.10/dist-packages/px4_msgs/msg/_px4io_status_s.c
[69.481s] -- Up-to-date: /home/pavel/ws_ros2/install/px4_msgs/local/lib/python3.10/dist-packages/px4_msgs/msg/_mavlink_log.py
[69.481s] -- Up-to-date: /home/pavel/ws_ros2/install/px4_msgs/local/lib/python3.10/dist-packages/px4_msgs/msg/_geofence_result.py
[69.481s] -- Up-to-date: /home/pavel/ws_ros2/install/px4_msgs/local/lib/python3.10/dist-packages/px4_msgs/msg/_normalized_unsigned_setpoint.py
[69.481s] -- Up-to-date: /home/pavel/ws_ros2/install/px4_msgs/local/lib/python3.10/dist-packages/px4_msgs/msg/_vehicle_local_position_setpoint_s.c
[69.481s] -- Up-to-date: /home/pavel/ws_ros2/install/px4_msgs/local/lib/python3.10/dist-packages/px4_msgs/msg/_esc_status.py
[69.481s] -- Up-to-date: /home/pavel/ws_ros2/install/px4_msgs/local/lib/python3.10/dist-packages/px4_msgs/msg/_actuator_armed_s.c
[69.481s] -- Up-to-date: /home/pavel/ws_ros2/install/px4_msgs/local/lib/python3.10/dist-packages/px4_msgs/msg/_sensor_gnss_relative.py
[69.481s] -- Up-to-date: /home/pavel/ws_ros2/install/px4_msgs/local/lib/python3.10/dist-packages/px4_msgs/msg/_battery_status_s.c
[69.481s] -- Up-to-date: /home/pavel/ws_ros2/install/px4_msgs/local/lib/python3.10/dist-packages/px4_msgs/msg/_qshell_retval_s.c
[69.481s] -- Up-to-date: /home/pavel/ws_ros2/install/px4_msgs/local/lib/python3.10/dist-packages/px4_msgs/msg/_debug_key_value.py
[69.481s] -- Up-to-date: /home/pavel/ws_ros2/install/px4_msgs/local/lib/python3.10/dist-packages/px4_msgs/msg/_vehicle_control_mode_s.c
[69.481s] -- Up-to-date: /home/pavel/ws_ros2/install/px4_msgs/local/lib/python3.10/dist-packages/px4_msgs/msg/_actuator_controls_status.py
[69.481s] -- Up-to-date: /home/pavel/ws_ros2/install/px4_msgs/local/lib/python3.10/dist-packages/px4_msgs/msg/_sensor_gyro_fft.py
[69.481s] -- Up-to-date: /home/pavel/ws_ros2/install/px4_msgs/local/lib/python3.10/dist-packages/px4_msgs/msg/_mode_completed_s.c
[69.481s] -- Up-to-date: /home/pavel/ws_ros2/install/px4_msgs/local/lib/python3.10/dist-packages/px4_msgs/msg/_parameter_reset_request_s.c
[69.482s] -- Up-to-date: /home/pavel/ws_ros2/install/px4_msgs/local/lib/python3.10/dist-packages/px4_msgs/msg/_adc_report_s.c
[69.482s] -- Up-to-date: /home/pavel/ws_ros2/install/px4_msgs/local/lib/python3.10/dist-packages/px4_msgs/msg/_vehicle_local_position.py
[69.482s] -- Up-to-date: /home/pavel/ws_ros2/install/px4_msgs/local/lib/python3.10/dist-packages/px4_msgs/msg/_gpio_config.py
[69.482s] -- Up-to-date: /home/pavel/ws_ros2/install/px4_msgs/local/lib/python3.10/dist-packages/px4_msgs/msg/_mount_orientation_s.c
[69.482s] -- Up-to-date: /home/pavel/ws_ros2/install/px4_msgs/local/lib/python3.10/dist-packages/px4_msgs/msg/_gpio_in.py
[69.482s] -- Up-to-date: /home/pavel/ws_ros2/install/px4_msgs/local/lib/python3.10/dist-packages/px4_msgs/msg/_estimator_bias_s.c
[69.482s] -- Up-to-date: /home/pavel/ws_ros2/install/px4_msgs/local/lib/python3.10/dist-packages/px4_msgs/msg/_arming_check_request.py
[69.482s] -- Up-to-date: /home/pavel/ws_ros2/install/px4_msgs/local/lib/python3.10/dist-packages/px4_msgs/msg/_log_message.py
[69.482s] -- Up-to-date: /home/pavel/ws_ros2/install/px4_msgs/local/lib/python3.10/dist-packages/px4_msgs/msg/_gps_dump_s.c
[69.482s] -- Up-to-date: /home/pavel/ws_ros2/install/px4_msgs/local/lib/python3.10/dist-packages/px4_msgs/msg/_vehicle_rates_setpoint_s.c
[69.482s] -- Up-to-date: /home/pavel/ws_ros2/install/px4_msgs/local/lib/python3.10/dist-packages/px4_msgs/msg/_parameter_set_value_request.py
[69.482s] -- Up-to-date: /home/pavel/ws_ros2/install/px4_msgs/local/lib/python3.10/dist-packages/px4_msgs/msg/_estimator_aid_source1d.py
[69.482s] -- Up-to-date: /home/pavel/ws_ros2/install/px4_msgs/local/lib/python3.10/dist-packages/px4_msgs/msg/_sensor_baro_s.c
[69.482s] -- Up-to-date: /home/pavel/ws_ros2/install/px4_msgs/local/lib/python3.10/dist-packages/px4_msgs/msg/_gpio_request.py
[69.482s] -- Up-to-date: /home/pavel/ws_ros2/install/px4_msgs/local/lib/python3.10/dist-packages/px4_msgs/msg/_gripper_s.c
[69.482s] -- Up-to-date: /home/pavel/ws_ros2/install/px4_msgs/local/lib/python3.10/dist-packages/px4_msgs/msg/_trajectory_setpoint.py
[69.482s] -- Up-to-date: /home/pavel/ws_ros2/install/px4_msgs/local/lib/python3.10/dist-packages/px4_msgs/msg/_sensor_optical_flow_s.c
[69.482s] -- Up-to-date: /home/pavel/ws_ros2/install/px4_msgs/local/lib/python3.10/dist-packages/px4_msgs/msg/_position_controller_status.py
[69.482s] -- Up-to-date: /home/pavel/ws_ros2/install/px4_msgs/local/lib/python3.10/dist-packages/px4_msgs/msg/_parameter_reset_request.py
[69.482s] -- Up-to-date: /home/pavel/ws_ros2/install/px4_msgs/local/lib/python3.10/dist-packages/px4_msgs/msg/_sensor_airflow.py
[69.483s] -- Up-to-date: /home/pavel/ws_ros2/install/px4_msgs/local/lib/python3.10/dist-packages/px4_msgs/msg/_vehicle_control_mode.py
[69.483s] -- Up-to-date: /home/pavel/ws_ros2/install/px4_msgs/local/lib/python3.10/dist-packages/px4_msgs/msg/_debug_value.py
[69.483s] -- Up-to-date: /home/pavel/ws_ros2/install/px4_msgs/local/lib/python3.10/dist-packages/px4_msgs/msg/_gps_dump.py
[69.483s] -- Up-to-date: /home/pavel/ws_ros2/install/px4_msgs/local/lib/python3.10/dist-packages/px4_msgs/msg/_landing_target_innovations_s.c
[69.483s] -- Up-to-date: /home/pavel/ws_ros2/install/px4_msgs/local/lib/python3.10/dist-packages/px4_msgs/msg/_differential_pressure.py
[69.483s] -- Up-to-date: /home/pavel/ws_ros2/install/px4_msgs/local/lib/python3.10/dist-packages/px4_msgs/msg/_sensor_selection_s.c
[69.483s] -- Up-to-date: /home/pavel/ws_ros2/install/px4_msgs/local/lib/python3.10/dist-packages/px4_msgs/msg/_sensor_accel_s.c
[69.483s] -- Up-to-date: /home/pavel/ws_ros2/install/px4_msgs/local/lib/python3.10/dist-packages/px4_msgs/msg/_estimator_gps_status.py
[69.483s] -- Up-to-date: /home/pavel/ws_ros2/install/px4_msgs/local/lib/python3.10/dist-packages/px4_msgs/msg/_vehicle_attitude_s.c
[69.483s] -- Up-to-date: /home/pavel/ws_ros2/install/px4_msgs/local/lib/python3.10/dist-packages/px4_msgs/msg/_sensor_preflight_mag_s.c
[69.483s] -- Up-to-date: /home/pavel/ws_ros2/install/px4_msgs/local/lib/python3.10/dist-packages/px4_msgs/msg/_vehicle_imu.py
[69.483s] -- Up-to-date: /home/pavel/ws_ros2/install/px4_msgs/local/lib/python3.10/dist-packages/px4_msgs/msg/_config_overrides.py
[69.483s] -- Up-to-date: /home/pavel/ws_ros2/install/px4_msgs/local/lib/python3.10/dist-packages/px4_msgs/msg/_failure_detector_status_s.c
[69.483s] -- Up-to-date: /home/pavel/ws_ros2/install/px4_msgs/local/lib/python3.10/dist-packages/px4_msgs/msg/_estimator_selector_status_s.c
[69.483s] -- Up-to-date: /home/pavel/ws_ros2/install/px4_msgs/local/lib/python3.10/dist-packages/px4_msgs/msg/_health_report_s.c
[69.483s] -- Up-to-date: /home/pavel/ws_ros2/install/px4_msgs/local/lib/python3.10/dist-packages/px4_msgs/msg/_gimbal_controls_s.c
[69.483s] -- Up-to-date: /home/pavel/ws_ros2/install/px4_msgs/local/lib/python3.10/dist-packages/px4_msgs/msg/_follow_target_status_s.c
[69.483s] -- Up-to-date: /home/pavel/ws_ros2/install/px4_msgs/local/lib/python3.10/dist-packages/px4_msgs/msg/_hover_thrust_estimate.py
[69.483s] -- Up-to-date: /home/pavel/ws_ros2/install/px4_msgs/local/lib/python3.10/dist-packages/px4_msgs/msg/_actuator_servos_s.c
[69.484s] -- Up-to-date: /home/pavel/ws_ros2/install/px4_msgs/local/lib/python3.10/dist-packages/px4_msgs/msg/_button_event_s.c
[69.484s] -- Up-to-date: /home/pavel/ws_ros2/install/px4_msgs/local/lib/python3.10/dist-packages/px4_msgs/msg/_buffer128.py
[69.484s] -- Up-to-date: /home/pavel/ws_ros2/install/px4_msgs/local/lib/python3.10/dist-packages/px4_msgs/msg/_gpio_out_s.c
[69.484s] -- Up-to-date: /home/pavel/ws_ros2/install/px4_msgs/local/lib/python3.10/dist-packages/px4_msgs/msg/_input_rc.py
[69.484s] -- Up-to-date: /home/pavel/ws_ros2/install/px4_msgs/local/lib/python3.10/dist-packages/px4_msgs/msg/_vehicle_magnetometer.py
[69.484s] -- Up-to-date: /home/pavel/ws_ros2/install/px4_msgs/local/lib/python3.10/dist-packages/px4_msgs/msg/_estimator_status.py
[69.484s] -- Up-to-date: /home/pavel/ws_ros2/install/px4_msgs/local/lib/python3.10/dist-packages/px4_msgs/msg/_sensor_correction_s.c
[69.484s] -- Up-to-date: /home/pavel/ws_ros2/install/px4_msgs/local/lib/python3.10/dist-packages/px4_msgs/msg/_gpio_request_s.c
[69.484s] -- Up-to-date: /home/pavel/ws_ros2/install/px4_msgs/local/lib/python3.10/dist-packages/px4_msgs/msg/_mavlink_tunnel_s.c
[69.484s] -- Up-to-date: /home/pavel/ws_ros2/install/px4_msgs/local/lib/python3.10/dist-packages/px4_msgs/msg/_normalized_unsigned_setpoint_s.c
[69.484s] -- Up-to-date: /home/pavel/ws_ros2/install/px4_msgs/local/lib/python3.10/dist-packages/px4_msgs/msg/_debug_key_value_s.c
[69.484s] -- Up-to-date: /home/pavel/ws_ros2/install/px4_msgs/local/lib/python3.10/dist-packages/px4_msgs/msg/_gimbal_manager_information_s.c
[69.484s] -- Up-to-date: /home/pavel/ws_ros2/install/px4_msgs/local/lib/python3.10/dist-packages/px4_msgs/msg/_radio_status_s.c
[69.484s] -- Up-to-date: /home/pavel/ws_ros2/install/px4_msgs/local/lib/python3.10/dist-packages/px4_msgs/msg/_camera_trigger.py
[69.484s] -- Up-to-date: /home/pavel/ws_ros2/install/px4_msgs/local/lib/python3.10/dist-packages/px4_msgs/msg/_parameter_set_value_request_s.c
[69.484s] -- Up-to-date: /home/pavel/ws_ros2/install/px4_msgs/local/lib/python3.10/dist-packages/px4_msgs/msg/_estimator_states.py
[69.484s] -- Up-to-date: /home/pavel/ws_ros2/install/px4_msgs/local/lib/python3.10/dist-packages/px4_msgs/msg/_uavcan_parameter_value_s.c
[69.484s] -- Up-to-date: /home/pavel/ws_ros2/install/px4_msgs/local/lib/python3.10/dist-packages/px4_msgs/msg/_estimator_aid_source3d.py
[69.484s] -- Up-to-date: /home/pavel/ws_ros2/install/px4_msgs/local/lib/python3.10/dist-packages/px4_msgs/msg/_rpm.py
[69.484s] -- Up-to-date: /home/pavel/ws_ros2/install/px4_msgs/local/lib/python3.10/dist-packages/px4_msgs/msg/_orb_test_large.py
[69.485s] -- Up-to-date: /home/pavel/ws_ros2/install/px4_msgs/local/lib/python3.10/dist-packages/px4_msgs/msg/_rtl_time_estimate_s.c
[69.485s] -- Up-to-date: /home/pavel/ws_ros2/install/px4_msgs/local/lib/python3.10/dist-packages/px4_msgs/msg/_trajectory_setpoint_s.c
[69.485s] -- Up-to-date: /home/pavel/ws_ros2/install/px4_msgs/local/lib/python3.10/dist-packages/px4_msgs/msg/_vehicle_local_position_setpoint.py
[69.485s] -- Up-to-date: /home/pavel/ws_ros2/install/px4_msgs/local/lib/python3.10/dist-packages/px4_msgs/msg/_home_position_s.c
[69.485s] -- Up-to-date: /home/pavel/ws_ros2/install/px4_msgs/local/lib/python3.10/dist-packages/px4_msgs/msg/_register_ext_component_request.py
[69.485s] -- Up-to-date: /home/pavel/ws_ros2/install/px4_msgs/local/lib/python3.10/dist-packages/px4_msgs/msg/_sensor_uwb_s.c
[69.485s] -- Up-to-date: /home/pavel/ws_ros2/install/px4_msgs/local/lib/python3.10/dist-packages/px4_msgs/msg/_estimator_sensor_bias.py
[69.485s] -- Up-to-date: /home/pavel/ws_ros2/install/px4_msgs/local/lib/python3.10/dist-packages/px4_msgs/msg/_vehicle_command_ack.py
[69.485s] -- Up-to-date: /home/pavel/ws_ros2/install/px4_msgs/local/lib/python3.10/dist-packages/px4_msgs/msg/_vehicle_status.py
[69.485s] -- Up-to-date: /home/pavel/ws_ros2/install/px4_msgs/local/lib/python3.10/dist-packages/px4_msgs/msg/_figure_eight_status.py
[69.485s] -- Up-to-date: /home/pavel/ws_ros2/install/px4_msgs/local/lib/python3.10/dist-packages/px4_msgs/msg/_logger_status.py
[69.485s] -- Up-to-date: /home/pavel/ws_ros2/install/px4_msgs/local/lib/python3.10/dist-packages/px4_msgs/msg/_manual_control_setpoint.py
[69.485s] -- Up-to-date: /home/pavel/ws_ros2/install/px4_msgs/local/lib/python3.10/dist-packages/px4_msgs/msg/_manual_control_setpoint_s.c
[69.485s] -- Up-to-date: /home/pavel/ws_ros2/install/px4_msgs/local/lib/python3.10/dist-packages/px4_msgs/msg/_estimator_aid_source3d_s.c
[69.485s] -- Up-to-date: /home/pavel/ws_ros2/install/px4_msgs/local/lib/python3.10/dist-packages/px4_msgs/msg/_geofence_status.py
[69.485s] -- Up-to-date: /home/pavel/ws_ros2/install/px4_msgs/local/lib/python3.10/dist-packages/px4_msgs/msg/_internal_combustion_engine_status.py
[69.485s] -- Up-to-date: /home/pavel/ws_ros2/install/px4_msgs/local/lib/python3.10/dist-packages/px4_msgs/msg/_mission.py
[69.485s] -- Up-to-date: /home/pavel/ws_ros2/install/px4_msgs/local/lib/python3.10/dist-packages/px4_msgs/msg/_vehicle_command_ack_s.c
[69.485s] -- Up-to-date: /home/pavel/ws_ros2/install/px4_msgs/local/lib/python3.10/dist-packages/px4_msgs/msg/_position_setpoint_s.c
[69.486s] -- Up-to-date: /home/pavel/ws_ros2/install/px4_msgs/local/lib/python3.10/dist-packages/px4_msgs/msg/_mount_orientation.py
[69.486s] -- Up-to-date: /home/pavel/ws_ros2/install/px4_msgs/local/lib/python3.10/dist-packages/px4_msgs/msg/_goto_setpoint_s.c
[69.486s] -- Up-to-date: /home/pavel/ws_ros2/install/px4_msgs/local/lib/python3.10/dist-packages/px4_msgs/msg/_px4io_status.py
[69.486s] -- Up-to-date: /home/pavel/ws_ros2/install/px4_msgs/local/lib/python3.10/dist-packages/px4_msgs/msg/_gimbal_manager_set_attitude.py
[69.486s] -- Up-to-date: /home/pavel/ws_ros2/install/px4_msgs/local/lib/python3.10/dist-packages/px4_msgs/msg/_pwm_input.py
[69.486s] -- Up-to-date: /home/pavel/ws_ros2/install/px4_msgs/local/lib/python3.10/dist-packages/px4_msgs/msg/_sensor_combined_s.c
[69.486s] -- Up-to-date: /home/pavel/ws_ros2/install/px4_msgs/local/lib/python3.10/dist-packages/px4_msgs/msg/_estimator_aid_source2d.py
[69.486s] -- Up-to-date: /home/pavel/ws_ros2/install/px4_msgs/local/lib/python3.10/dist-packages/px4_msgs/msg/_landing_target_innovations.py
[69.486s] -- Up-to-date: /home/pavel/ws_ros2/install/px4_msgs/local/lib/python3.10/dist-packages/px4_msgs/msg/_wheel_encoders.py
[69.486s] -- Up-to-date: /home/pavel/ws_ros2/install/px4_msgs/local/lib/python3.10/dist-packages/px4_msgs/msg/_home_position.py
[69.486s] -- Up-to-date: /home/pavel/ws_ros2/install/px4_msgs/local/lib/python3.10/dist-packages/px4_msgs/msg/_vehicle_roi.py
[69.486s] -- Up-to-date: /home/pavel/ws_ros2/install/px4_msgs/local/lib/python3.10/dist-packages/px4_msgs/msg/_qshell_req.py
[69.486s] -- Up-to-date: /home/pavel/ws_ros2/install/px4_msgs/local/lib/python3.10/dist-packages/px4_msgs/msg/_task_stack_info_s.c
[69.486s] -- Up-to-date: /home/pavel/ws_ros2/install/px4_msgs/local/lib/python3.10/dist-packages/px4_msgs/msg/_position_setpoint.py
[69.486s] -- Up-to-date: /home/pavel/ws_ros2/install/px4_msgs/local/lib/python3.10/dist-packages/px4_msgs/msg/_trajectory_bezier_s.c
[69.486s] -- Up-to-date: /home/pavel/ws_ros2/install/px4_msgs/local/lib/python3.10/dist-packages/px4_msgs/msg/_follow_target_estimator.py
[69.486s] -- Up-to-date: /home/pavel/ws_ros2/install/px4_msgs/local/lib/python3.10/dist-packages/px4_msgs/msg/_irlock_report.py
[69.486s] -- Up-to-date: /home/pavel/ws_ros2/install/px4_msgs/local/lib/python3.10/dist-packages/px4_msgs/msg/_vehicle_optical_flow_vel.py
[69.486s] -- Up-to-date: /home/pavel/ws_ros2/install/px4_msgs/local/lib/python3.10/dist-packages/px4_msgs/msg/_message_format_request_s.c
[69.486s] -- Up-to-date: /home/pavel/ws_ros2/install/px4_msgs/local/lib/python3.10/dist-packages/px4_msgs/msg/_sensor_airflow_s.c
[69.487s] -- Up-to-date: /home/pavel/ws_ros2/install/px4_msgs/local/lib/python3.10/dist-packages/px4_msgs/msg/_estimator_sensor_bias_s.c
[69.487s] -- Up-to-date: /home/pavel/ws_ros2/install/px4_msgs/local/lib/python3.10/dist-packages/px4_msgs/msg/_estimator_gps_status_s.c
[69.487s] -- Up-to-date: /home/pavel/ws_ros2/install/px4_msgs/local/lib/python3.10/dist-packages/px4_msgs/msg/_transponder_report_s.c
[69.487s] -- Up-to-date: /home/pavel/ws_ros2/install/px4_msgs/local/lib/python3.10/dist-packages/px4_msgs/msg/_actuator_servos_trim_s.c
[69.487s] -- Up-to-date: /home/pavel/ws_ros2/install/px4_msgs/local/lib/python3.10/dist-packages/px4_msgs/msg/_internal_combustion_engine_status_s.c
[69.487s] -- Up-to-date: /home/pavel/ws_ros2/install/px4_msgs/local/lib/python3.10/dist-packages/px4_msgs/msg/_npfg_status.py
[69.487s] -- Up-to-date: /home/pavel/ws_ros2/install/px4_msgs/local/lib/python3.10/dist-packages/px4_msgs/msg/_sensor_gnss_relative_s.c
[69.487s] -- Up-to-date: /home/pavel/ws_ros2/install/px4_msgs/local/lib/python3.10/dist-packages/px4_msgs/msg/_power_button_state_s.c
[69.487s] -- Up-to-date: /home/pavel/ws_ros2/install/px4_msgs/local/lib/python3.10/dist-packages/px4_msgs/msg/_debug_vect.py
[69.487s] -- Up-to-date: /home/pavel/ws_ros2/install/px4_msgs/local/lib/python3.10/dist-packages/px4_msgs/msg/_magnetometer_bias_estimate_s.c
[69.487s] -- Up-to-date: /home/pavel/ws_ros2/install/px4_msgs/local/lib/python3.10/dist-packages/px4_msgs/msg/_estimator_innovations_s.c
[69.487s] -- Up-to-date: /home/pavel/ws_ros2/install/px4_msgs/local/lib/python3.10/dist-packages/px4_msgs/msg/_rc_channels_s.c
[69.487s] -- Up-to-date: /home/pavel/ws_ros2/install/px4_msgs/local/lib/python3.10/dist-packages/px4_msgs/msg/_follow_target_estimator_s.c
[69.487s] -- Up-to-date: /home/pavel/ws_ros2/install/px4_msgs/local/lib/python3.10/dist-packages/px4_msgs/msg/_collision_constraints_s.c
[69.487s] -- Up-to-date: /home/pavel/ws_ros2/install/px4_msgs/local/lib/python3.10/dist-packages/px4_msgs/msg/_actuator_motors.py
[69.487s] -- Up-to-date: /home/pavel/ws_ros2/install/px4_msgs/local/lib/python3.10/dist-packages/px4_msgs/msg/_esc_report.py
[69.487s] -- Up-to-date: /home/pavel/ws_ros2/install/px4_msgs/local/lib/python3.10/dist-packages/px4_msgs/msg/_gimbal_controls.py
[69.487s] -- Up-to-date: /home/pavel/ws_ros2/install/px4_msgs/local/lib/python3.10/dist-packages/px4_msgs/msg/_sensor_baro.py
[69.487s] -- Up-to-date: /home/pavel/ws_ros2/install/px4_msgs/local/lib/python3.10/dist-packages/px4_msgs/msg/_wheel_encoders_s.c
[69.487s] -- Up-to-date: /home/pavel/ws_ros2/install/px4_msgs/local/lib/python3.10/dist-packages/px4_msgs/msg/_parameter_update.py
[69.488s] -- Up-to-date: /home/pavel/ws_ros2/install/px4_msgs/local/lib/python3.10/dist-packages/px4_msgs/msg/_tune_control.py
[69.488s] -- Up-to-date: /home/pavel/ws_ros2/install/px4_msgs/local/lib/python3.10/dist-packages/px4_msgs/msg/_estimator_aid_source1d_s.c
[69.488s] -- Up-to-date: /home/pavel/ws_ros2/install/px4_msgs/local/lib/python3.10/dist-packages/px4_msgs/msg/_mission_s.c
[69.488s] -- Up-to-date: /home/pavel/ws_ros2/install/px4_msgs/local/lib/python3.10/dist-packages/px4_msgs/msg/_pps_capture_s.c
[69.488s] -- Up-to-date: /home/pavel/ws_ros2/install/px4_msgs/local/lib/python3.10/dist-packages/px4_msgs/msg/_sensor_selection.py
[69.488s] -- Up-to-date: /home/pavel/ws_ros2/install/px4_msgs/local/lib/python3.10/dist-packages/px4_msgs/msg/_rpm_s.c
[69.488s] -- Up-to-date: /home/pavel/ws_ros2/install/px4_msgs/local/lib/python3.10/dist-packages/px4_msgs/msg/_vehicle_local_position_s.c
[69.488s] -- Up-to-date: /home/pavel/ws_ros2/install/px4_msgs/local/lib/python3.10/dist-packages/px4_msgs/msg/_differential_drive_setpoint.py
[69.488s] -- Up-to-date: /home/pavel/ws_ros2/install/px4_msgs/local/lib/python3.10/dist-packages/px4_msgs/msg/_ulog_stream_s.c
[69.488s] -- Up-to-date: /home/pavel/ws_ros2/install/px4_msgs/local/lib/python3.10/dist-packages/px4_msgs/msg/_dataman_request_s.c
[69.488s] -- Installing: /home/pavel/ws_ros2/install/px4_msgs/local/lib/python3.10/dist-packages/px4_msgs/px4_msgs_s__rosidl_typesupport_introspection_c.cpython-310-x86_64-linux-gnu.so
[69.488s] -- Up-to-date: /home/pavel/ws_ros2/install/px4_msgs/local/lib/python3.10/dist-packages/px4_msgs/_px4_msgs_s.ep.rosidl_typesupport_c.c
[69.488s] -- Installing: /home/pavel/ws_ros2/install/px4_msgs/local/lib/python3.10/dist-packages/px4_msgs/px4_msgs_s__rosidl_typesupport_c.cpython-310-x86_64-linux-gnu.so
[69.488s] Listing '/home/pavel/ws_ros2/install/px4_msgs/local/lib/python3.10/dist-packages/px4_msgs'...
[69.488s] Listing '/home/pavel/ws_ros2/install/px4_msgs/local/lib/python3.10/dist-packages/px4_msgs/msg'...
[69.488s] Listing '/home/pavel/ws_ros2/install/px4_msgs/local/lib/python3.10/dist-packages/px4_msgs/srv'...
[69.488s] -- Installing: /home/pavel/ws_ros2/install/px4_msgs/local/lib/python3.10/dist-packages/px4_msgs/px4_msgs_s__rosidl_typesupport_fastrtps_c.cpython-310-x86_64-linux-gnu.so
[69.488s] -- Set runtime path of "/home/pavel/ws_ros2/install/px4_msgs/local/lib/python3.10/dist-packages/px4_msgs/px4_msgs_s__rosidl_typesupport_fastrtps_c.cpython-310-x86_64-linux-gnu.so" to ""
[69.488s] -- Installing: /home/pavel/ws_ros2/install/px4_msgs/local/lib/python3.10/dist-packages/px4_msgs/px4_msgs_s__rosidl_typesupport_introspection_c.cpython-310-x86_64-linux-gnu.so
[69.488s] -- Set runtime path of "/home/pavel/ws_ros2/install/px4_msgs/local/lib/python3.10/dist-packages/px4_msgs/px4_msgs_s__rosidl_typesupport_introspection_c.cpython-310-x86_64-linux-gnu.so" to ""
[69.489s] -- Installing: /home/pavel/ws_ros2/install/px4_msgs/local/lib/python3.10/dist-packages/px4_msgs/px4_msgs_s__rosidl_typesupport_c.cpython-310-x86_64-linux-gnu.so
[69.489s] -- Set runtime path of "/home/pavel/ws_ros2/install/px4_msgs/local/lib/python3.10/dist-packages/px4_msgs/px4_msgs_s__rosidl_typesupport_c.cpython-310-x86_64-linux-gnu.so" to ""
[69.489s] -- Installing: /home/pavel/ws_ros2/install/px4_msgs/lib/libpx4_msgs__rosidl_generator_py.so
[69.489s] -- Set runtime path of "/home/pavel/ws_ros2/install/px4_msgs/lib/libpx4_msgs__rosidl_generator_py.so" to ""
[69.489s] -- Up-to-date: /home/pavel/ws_ros2/install/px4_msgs/share/px4_msgs/msg/ActionRequest.idl
[69.489s] -- Up-to-date: /home/pavel/ws_ros2/install/px4_msgs/share/px4_msgs/msg/ActuatorArmed.idl
[69.489s] -- Up-to-date: /home/pavel/ws_ros2/install/px4_msgs/share/px4_msgs/msg/ActuatorControlsStatus.idl
[69.489s] -- Up-to-date: /home/pavel/ws_ros2/install/px4_msgs/share/px4_msgs/msg/ActuatorMotors.idl
[69.489s] -- Up-to-date: /home/pavel/ws_ros2/install/px4_msgs/share/px4_msgs/msg/ActuatorOutputs.idl
[69.489s] -- Up-to-date: /home/pavel/ws_ros2/install/px4_msgs/share/px4_msgs/msg/ActuatorServos.idl
[69.489s] -- Up-to-date: /home/pavel/ws_ros2/install/px4_msgs/share/px4_msgs/msg/ActuatorServosTrim.idl
[69.489s] -- Up-to-date: /home/pavel/ws_ros2/install/px4_msgs/share/px4_msgs/msg/ActuatorTest.idl
[69.489s] -- Up-to-date: /home/pavel/ws_ros2/install/px4_msgs/share/px4_msgs/msg/AdcReport.idl
[69.489s] -- Up-to-date: /home/pavel/ws_ros2/install/px4_msgs/share/px4_msgs/msg/Airspeed.idl
[69.489s] -- Up-to-date: /home/pavel/ws_ros2/install/px4_msgs/share/px4_msgs/msg/AirspeedValidated.idl
[69.489s] -- Up-to-date: /home/pavel/ws_ros2/install/px4_msgs/share/px4_msgs/msg/AirspeedWind.idl
[69.489s] -- Up-to-date: /home/pavel/ws_ros2/install/px4_msgs/share/px4_msgs/msg/ArmingCheckReply.idl
[69.489s] -- Up-to-date: /home/pavel/ws_ros2/install/px4_msgs/share/px4_msgs/msg/ArmingCheckRequest.idl
[69.489s] -- Up-to-date: /home/pavel/ws_ros2/install/px4_msgs/share/px4_msgs/msg/AutotuneAttitudeControlStatus.idl
[69.489s] -- Up-to-date: /home/pavel/ws_ros2/install/px4_msgs/share/px4_msgs/msg/BatteryStatus.idl
[69.490s] -- Up-to-date: /home/pavel/ws_ros2/install/px4_msgs/share/px4_msgs/msg/Buffer128.idl
[69.490s] -- Up-to-date: /home/pavel/ws_ros2/install/px4_msgs/share/px4_msgs/msg/ButtonEvent.idl
[69.490s] -- Up-to-date: /home/pavel/ws_ros2/install/px4_msgs/share/px4_msgs/msg/CameraCapture.idl
[69.490s] -- Up-to-date: /home/pavel/ws_ros2/install/px4_msgs/share/px4_msgs/msg/CameraStatus.idl
[69.490s] -- Up-to-date: /home/pavel/ws_ros2/install/px4_msgs/share/px4_msgs/msg/CameraTrigger.idl
[69.490s] -- Up-to-date: /home/pavel/ws_ros2/install/px4_msgs/share/px4_msgs/msg/CanInterfaceStatus.idl
[69.490s] -- Up-to-date: /home/pavel/ws_ros2/install/px4_msgs/share/px4_msgs/msg/CellularStatus.idl
[69.490s] -- Up-to-date: /home/pavel/ws_ros2/install/px4_msgs/share/px4_msgs/msg/CollisionConstraints.idl
[69.490s] -- Up-to-date: /home/pavel/ws_ros2/install/px4_msgs/share/px4_msgs/msg/CollisionReport.idl
[69.490s] -- Up-to-date: /home/pavel/ws_ros2/install/px4_msgs/share/px4_msgs/msg/ConfigOverrides.idl
[69.490s] -- Up-to-date: /home/pavel/ws_ros2/install/px4_msgs/share/px4_msgs/msg/ControlAllocatorStatus.idl
[69.490s] -- Up-to-date: /home/pavel/ws_ros2/install/px4_msgs/share/px4_msgs/msg/Cpuload.idl
[69.490s] -- Up-to-date: /home/pavel/ws_ros2/install/px4_msgs/share/px4_msgs/msg/DatamanRequest.idl
[69.490s] -- Up-to-date: /home/pavel/ws_ros2/install/px4_msgs/share/px4_msgs/msg/DatamanResponse.idl
[69.490s] -- Up-to-date: /home/pavel/ws_ros2/install/px4_msgs/share/px4_msgs/msg/DebugArray.idl
[69.490s] -- Up-to-date: /home/pavel/ws_ros2/install/px4_msgs/share/px4_msgs/msg/DebugKeyValue.idl
[69.490s] -- Up-to-date: /home/pavel/ws_ros2/install/px4_msgs/share/px4_msgs/msg/DebugValue.idl
[69.490s] -- Up-to-date: /home/pavel/ws_ros2/install/px4_msgs/share/px4_msgs/msg/DebugVect.idl
[69.490s] -- Up-to-date: /home/pavel/ws_ros2/install/px4_msgs/share/px4_msgs/msg/DifferentialDriveSetpoint.idl
[69.491s] -- Up-to-date: /home/pavel/ws_ros2/install/px4_msgs/share/px4_msgs/msg/DifferentialPressure.idl
[69.491s] -- Up-to-date: /home/pavel/ws_ros2/install/px4_msgs/share/px4_msgs/msg/DistanceSensor.idl
[69.491s] -- Up-to-date: /home/pavel/ws_ros2/install/px4_msgs/share/px4_msgs/msg/Ekf2Timestamps.idl
[69.491s] -- Up-to-date: /home/pavel/ws_ros2/install/px4_msgs/share/px4_msgs/msg/EscReport.idl
[69.491s] -- Up-to-date: /home/pavel/ws_ros2/install/px4_msgs/share/px4_msgs/msg/EscStatus.idl
[69.491s] -- Up-to-date: /home/pavel/ws_ros2/install/px4_msgs/share/px4_msgs/msg/EstimatorAidSource1d.idl
[69.491s] -- Up-to-date: /home/pavel/ws_ros2/install/px4_msgs/share/px4_msgs/msg/EstimatorAidSource2d.idl
[69.491s] -- Up-to-date: /home/pavel/ws_ros2/install/px4_msgs/share/px4_msgs/msg/EstimatorAidSource3d.idl
[69.491s] -- Up-to-date: /home/pavel/ws_ros2/install/px4_msgs/share/px4_msgs/msg/EstimatorBias.idl
[69.491s] -- Up-to-date: /home/pavel/ws_ros2/install/px4_msgs/share/px4_msgs/msg/EstimatorBias3d.idl
[69.491s] -- Up-to-date: /home/pavel/ws_ros2/install/px4_msgs/share/px4_msgs/msg/EstimatorEventFlags.idl
[69.491s] -- Up-to-date: /home/pavel/ws_ros2/install/px4_msgs/share/px4_msgs/msg/EstimatorGpsStatus.idl
[69.491s] -- Up-to-date: /home/pavel/ws_ros2/install/px4_msgs/share/px4_msgs/msg/EstimatorInnovations.idl
[69.491s] -- Up-to-date: /home/pavel/ws_ros2/install/px4_msgs/share/px4_msgs/msg/EstimatorSelectorStatus.idl
[69.491s] -- Up-to-date: /home/pavel/ws_ros2/install/px4_msgs/share/px4_msgs/msg/EstimatorSensorBias.idl
[69.491s] -- Up-to-date: /home/pavel/ws_ros2/install/px4_msgs/share/px4_msgs/msg/EstimatorStates.idl
[69.491s] -- Up-to-date: /home/pavel/ws_ros2/install/px4_msgs/share/px4_msgs/msg/EstimatorStatus.idl
[69.491s] -- Up-to-date: /home/pavel/ws_ros2/install/px4_msgs/share/px4_msgs/msg/EstimatorStatusFlags.idl
[69.491s] -- Up-to-date: /home/pavel/ws_ros2/install/px4_msgs/share/px4_msgs/msg/Event.idl
[69.491s] -- Up-to-date: /home/pavel/ws_ros2/install/px4_msgs/share/px4_msgs/msg/FailsafeFlags.idl
[69.492s] -- Up-to-date: /home/pavel/ws_ros2/install/px4_msgs/share/px4_msgs/msg/FailureDetectorStatus.idl
[69.492s] -- Up-to-date: /home/pavel/ws_ros2/install/px4_msgs/share/px4_msgs/msg/FigureEightStatus.idl
[69.492s] -- Up-to-date: /home/pavel/ws_ros2/install/px4_msgs/share/px4_msgs/msg/FlightPhaseEstimation.idl
[69.492s] -- Up-to-date: /home/pavel/ws_ros2/install/px4_msgs/share/px4_msgs/msg/FollowTarget.idl
[69.492s] -- Up-to-date: /home/pavel/ws_ros2/install/px4_msgs/share/px4_msgs/msg/FollowTargetEstimator.idl
[69.492s] -- Up-to-date: /home/pavel/ws_ros2/install/px4_msgs/share/px4_msgs/msg/FollowTargetStatus.idl
[69.492s] -- Up-to-date: /home/pavel/ws_ros2/install/px4_msgs/share/px4_msgs/msg/FuelTankStatus.idl
[69.492s] -- Up-to-date: /home/pavel/ws_ros2/install/px4_msgs/share/px4_msgs/msg/GeneratorStatus.idl
[69.492s] -- Up-to-date: /home/pavel/ws_ros2/install/px4_msgs/share/px4_msgs/msg/GeofenceResult.idl
[69.492s] -- Up-to-date: /home/pavel/ws_ros2/install/px4_msgs/share/px4_msgs/msg/GeofenceStatus.idl
[69.492s] -- Up-to-date: /home/pavel/ws_ros2/install/px4_msgs/share/px4_msgs/msg/GimbalControls.idl
[69.492s] -- Up-to-date: /home/pavel/ws_ros2/install/px4_msgs/share/px4_msgs/msg/GimbalDeviceAttitudeStatus.idl
[69.492s] -- Up-to-date: /home/pavel/ws_ros2/install/px4_msgs/share/px4_msgs/msg/GimbalDeviceInformation.idl
[69.492s] -- Up-to-date: /home/pavel/ws_ros2/install/px4_msgs/share/px4_msgs/msg/GimbalDeviceSetAttitude.idl
[69.492s] -- Up-to-date: /home/pavel/ws_ros2/install/px4_msgs/share/px4_msgs/msg/GimbalManagerInformation.idl
[69.492s] -- Up-to-date: /home/pavel/ws_ros2/install/px4_msgs/share/px4_msgs/msg/GimbalManagerSetAttitude.idl
[69.492s] -- Up-to-date: /home/pavel/ws_ros2/install/px4_msgs/share/px4_msgs/msg/GimbalManagerSetManualControl.idl
[69.492s] -- Up-to-date: /home/pavel/ws_ros2/install/px4_msgs/share/px4_msgs/msg/GimbalManagerStatus.idl
[69.492s] -- Up-to-date: /home/pavel/ws_ros2/install/px4_msgs/share/px4_msgs/msg/GotoSetpoint.idl
[69.492s] -- Up-to-date: /home/pavel/ws_ros2/install/px4_msgs/share/px4_msgs/msg/GpioConfig.idl
[69.493s] -- Up-to-date: /home/pavel/ws_ros2/install/px4_msgs/share/px4_msgs/msg/GpioIn.idl
[69.493s] -- Up-to-date: /home/pavel/ws_ros2/install/px4_msgs/share/px4_msgs/msg/GpioOut.idl
[69.493s] -- Up-to-date: /home/pavel/ws_ros2/install/px4_msgs/share/px4_msgs/msg/GpioRequest.idl
[69.493s] -- Up-to-date: /home/pavel/ws_ros2/install/px4_msgs/share/px4_msgs/msg/GpsDump.idl
[69.493s] -- Up-to-date: /home/pavel/ws_ros2/install/px4_msgs/share/px4_msgs/msg/GpsInjectData.idl
[69.493s] -- Up-to-date: /home/pavel/ws_ros2/install/px4_msgs/share/px4_msgs/msg/Gripper.idl
[69.493s] -- Up-to-date: /home/pavel/ws_ros2/install/px4_msgs/share/px4_msgs/msg/HealthReport.idl
[69.493s] -- Up-to-date: /home/pavel/ws_ros2/install/px4_msgs/share/px4_msgs/msg/HeaterStatus.idl
[69.493s] -- Up-to-date: /home/pavel/ws_ros2/install/px4_msgs/share/px4_msgs/msg/HomePosition.idl
[69.493s] -- Up-to-date: /home/pavel/ws_ros2/install/px4_msgs/share/px4_msgs/msg/HoverThrustEstimate.idl
[69.493s] -- Up-to-date: /home/pavel/ws_ros2/install/px4_msgs/share/px4_msgs/msg/InputRc.idl
[69.493s] -- Up-to-date: /home/pavel/ws_ros2/install/px4_msgs/share/px4_msgs/msg/InternalCombustionEngineStatus.idl
[69.494s] -- Up-to-date: /home/pavel/ws_ros2/install/px4_msgs/share/px4_msgs/msg/IridiumsbdStatus.idl
[69.494s] -- Up-to-date: /home/pavel/ws_ros2/install/px4_msgs/share/px4_msgs/msg/IrlockReport.idl
[69.494s] -- Up-to-date: /home/pavel/ws_ros2/install/px4_msgs/share/px4_msgs/msg/LandingGear.idl
[69.495s] -- Up-to-date: /home/pavel/ws_ros2/install/px4_msgs/share/px4_msgs/msg/LandingGearWheel.idl
[69.495s] -- Up-to-date: /home/pavel/ws_ros2/install/px4_msgs/share/px4_msgs/msg/LandingTargetInnovations.idl
[69.495s] -- Up-to-date: /home/pavel/ws_ros2/install/px4_msgs/share/px4_msgs/msg/LandingTargetPose.idl
[69.496s] -- Up-to-date: /home/pavel/ws_ros2/install/px4_msgs/share/px4_msgs/msg/LaunchDetectionStatus.idl
[69.496s] -- Up-to-date: /home/pavel/ws_ros2/install/px4_msgs/share/px4_msgs/msg/LedControl.idl
[69.496s] -- Up-to-date: /home/pavel/ws_ros2/install/px4_msgs/share/px4_msgs/msg/LogMessage.idl
[69.497s] -- Up-to-date: /home/pavel/ws_ros2/install/px4_msgs/share/px4_msgs/msg/LoggerStatus.idl
[69.497s] -- Up-to-date: /home/pavel/ws_ros2/install/px4_msgs/share/px4_msgs/msg/MagWorkerData.idl
[69.497s] -- Up-to-date: /home/pavel/ws_ros2/install/px4_msgs/share/px4_msgs/msg/MagnetometerBiasEstimate.idl
[69.498s] -- Up-to-date: /home/pavel/ws_ros2/install/px4_msgs/share/px4_msgs/msg/ManualControlSetpoint.idl
[69.498s] -- Up-to-date: /home/pavel/ws_ros2/install/px4_msgs/share/px4_msgs/msg/ManualControlSwitches.idl
[69.498s] -- Up-to-date: /home/pavel/ws_ros2/install/px4_msgs/share/px4_msgs/msg/MavlinkLog.idl
[69.498s] -- Up-to-date: /home/pavel/ws_ros2/install/px4_msgs/share/px4_msgs/msg/MavlinkTunnel.idl
[69.499s] -- Up-to-date: /home/pavel/ws_ros2/install/px4_msgs/share/px4_msgs/msg/MessageFormatRequest.idl
[69.499s] -- Up-to-date: /home/pavel/ws_ros2/install/px4_msgs/share/px4_msgs/msg/MessageFormatResponse.idl
[69.499s] -- Up-to-date: /home/pavel/ws_ros2/install/px4_msgs/share/px4_msgs/msg/Mission.idl
[69.500s] -- Up-to-date: /home/pavel/ws_ros2/install/px4_msgs/share/px4_msgs/msg/MissionResult.idl
[69.500s] -- Up-to-date: /home/pavel/ws_ros2/install/px4_msgs/share/px4_msgs/msg/ModeCompleted.idl
[69.501s] -- Up-to-date: /home/pavel/ws_ros2/install/px4_msgs/share/px4_msgs/msg/MountOrientation.idl
[69.501s] -- Up-to-date: /home/pavel/ws_ros2/install/px4_msgs/share/px4_msgs/msg/NavigatorMissionItem.idl
[69.501s] -- Up-to-date: /home/pavel/ws_ros2/install/px4_msgs/share/px4_msgs/msg/NormalizedUnsignedSetpoint.idl
[69.502s] -- Up-to-date: /home/pavel/ws_ros2/install/px4_msgs/share/px4_msgs/msg/NpfgStatus.idl
[69.502s] -- Up-to-date: /home/pavel/ws_ros2/install/px4_msgs/share/px4_msgs/msg/ObstacleDistance.idl
[69.502s] -- Up-to-date: /home/pavel/ws_ros2/install/px4_msgs/share/px4_msgs/msg/OffboardControlMode.idl
[69.503s] -- Up-to-date: /home/pavel/ws_ros2/install/px4_msgs/share/px4_msgs/msg/OnboardComputerStatus.idl
[69.503s] -- Up-to-date: /home/pavel/ws_ros2/install/px4_msgs/share/px4_msgs/msg/OrbTest.idl
[69.503s] -- Up-to-date: /home/pavel/ws_ros2/install/px4_msgs/share/px4_msgs/msg/OrbTestLarge.idl
[69.504s] -- Up-to-date: /home/pavel/ws_ros2/install/px4_msgs/share/px4_msgs/msg/OrbTestMedium.idl
[69.504s] -- Up-to-date: /home/pavel/ws_ros2/install/px4_msgs/share/px4_msgs/msg/OrbitStatus.idl
[69.504s] -- Up-to-date: /home/pavel/ws_ros2/install/px4_msgs/share/px4_msgs/msg/ParameterResetRequest.idl
[69.505s] -- Up-to-date: /home/pavel/ws_ros2/install/px4_msgs/share/px4_msgs/msg/ParameterSetUsedRequest.idl
[69.505s] -- Up-to-date: /home/pavel/ws_ros2/install/px4_msgs/share/px4_msgs/msg/ParameterSetValueRequest.idl
[69.505s] -- Up-to-date: /home/pavel/ws_ros2/install/px4_msgs/share/px4_msgs/msg/ParameterSetValueResponse.idl
[69.506s] -- Up-to-date: /home/pavel/ws_ros2/install/px4_msgs/share/px4_msgs/msg/ParameterUpdate.idl
[69.506s] -- Up-to-date: /home/pavel/ws_ros2/install/px4_msgs/share/px4_msgs/msg/Ping.idl
[69.506s] -- Up-to-date: /home/pavel/ws_ros2/install/px4_msgs/share/px4_msgs/msg/PositionControllerLandingStatus.idl
[69.506s] -- Up-to-date: /home/pavel/ws_ros2/install/px4_msgs/share/px4_msgs/msg/PositionControllerStatus.idl
[69.507s] -- Up-to-date: /home/pavel/ws_ros2/install/px4_msgs/share/px4_msgs/msg/PositionSetpoint.idl
[69.507s] -- Up-to-date: /home/pavel/ws_ros2/install/px4_msgs/share/px4_msgs/msg/PositionSetpointTriplet.idl
[69.507s] -- Up-to-date: /home/pavel/ws_ros2/install/px4_msgs/share/px4_msgs/msg/PowerButtonState.idl
[69.508s] -- Up-to-date: /home/pavel/ws_ros2/install/px4_msgs/share/px4_msgs/msg/PowerMonitor.idl
[69.508s] -- Up-to-date: /home/pavel/ws_ros2/install/px4_msgs/share/px4_msgs/msg/PpsCapture.idl
[69.509s] -- Up-to-date: /home/pavel/ws_ros2/install/px4_msgs/share/px4_msgs/msg/PwmInput.idl
[69.509s] -- Up-to-date: /home/pavel/ws_ros2/install/px4_msgs/share/px4_msgs/msg/Px4ioStatus.idl
[69.509s] -- Up-to-date: /home/pavel/ws_ros2/install/px4_msgs/share/px4_msgs/msg/QshellReq.idl
[69.510s] -- Up-to-date: /home/pavel/ws_ros2/install/px4_msgs/share/px4_msgs/msg/QshellRetval.idl
[69.510s] -- Up-to-date: /home/pavel/ws_ros2/install/px4_msgs/share/px4_msgs/msg/RadioStatus.idl
[69.510s] -- Up-to-date: /home/pavel/ws_ros2/install/px4_msgs/share/px4_msgs/msg/RateCtrlStatus.idl
[69.511s] -- Up-to-date: /home/pavel/ws_ros2/install/px4_msgs/share/px4_msgs/msg/RcChannels.idl
[69.511s] -- Up-to-date: /home/pavel/ws_ros2/install/px4_msgs/share/px4_msgs/msg/RcParameterMap.idl
[69.511s] -- Up-to-date: /home/pavel/ws_ros2/install/px4_msgs/share/px4_msgs/msg/RegisterExtComponentReply.idl
[69.512s] -- Up-to-date: /home/pavel/ws_ros2/install/px4_msgs/share/px4_msgs/msg/RegisterExtComponentRequest.idl
[69.512s] -- Up-to-date: /home/pavel/ws_ros2/install/px4_msgs/share/px4_msgs/msg/RoverAckermannGuidanceStatus.idl
[69.512s] -- Up-to-date: /home/pavel/ws_ros2/install/px4_msgs/share/px4_msgs/msg/Rpm.idl
[69.513s] -- Up-to-date: /home/pavel/ws_ros2/install/px4_msgs/share/px4_msgs/msg/RtlStatus.idl
[69.513s] -- Up-to-date: /home/pavel/ws_ros2/install/px4_msgs/share/px4_msgs/msg/RtlTimeEstimate.idl
[69.513s] -- Up-to-date: /home/pavel/ws_ros2/install/px4_msgs/share/px4_msgs/msg/SatelliteInfo.idl
[69.514s] -- Up-to-date: /home/pavel/ws_ros2/install/px4_msgs/share/px4_msgs/msg/SensorAccel.idl
[69.514s] -- Up-to-date: /home/pavel/ws_ros2/install/px4_msgs/share/px4_msgs/msg/SensorAccelFifo.idl
[69.514s] -- Up-to-date: /home/pavel/ws_ros2/install/px4_msgs/share/px4_msgs/msg/SensorAirflow.idl
[69.515s] -- Up-to-date: /home/pavel/ws_ros2/install/px4_msgs/share/px4_msgs/msg/SensorBaro.idl
[69.515s] -- Up-to-date: /home/pavel/ws_ros2/install/px4_msgs/share/px4_msgs/msg/SensorCombined.idl
[69.515s] -- Up-to-date: /home/pavel/ws_ros2/install/px4_msgs/share/px4_msgs/msg/SensorCorrection.idl
[69.515s] -- Up-to-date: /home/pavel/ws_ros2/install/px4_msgs/share/px4_msgs/msg/SensorGnssRelative.idl
[69.516s] -- Up-to-date: /home/pavel/ws_ros2/install/px4_msgs/share/px4_msgs/msg/SensorGps.idl
[69.516s] -- Up-to-date: /home/pavel/ws_ros2/install/px4_msgs/share/px4_msgs/msg/SensorGyro.idl
[69.516s] -- Up-to-date: /home/pavel/ws_ros2/install/px4_msgs/share/px4_msgs/msg/SensorGyroFft.idl
[69.517s] -- Up-to-date: /home/pavel/ws_ros2/install/px4_msgs/share/px4_msgs/msg/SensorGyroFifo.idl
[69.517s] -- Up-to-date: /home/pavel/ws_ros2/install/px4_msgs/share/px4_msgs/msg/SensorHygrometer.idl
[69.518s] -- Up-to-date: /home/pavel/ws_ros2/install/px4_msgs/share/px4_msgs/msg/SensorMag.idl
[69.518s] -- Up-to-date: /home/pavel/ws_ros2/install/px4_msgs/share/px4_msgs/msg/SensorOpticalFlow.idl
[69.518s] -- Up-to-date: /home/pavel/ws_ros2/install/px4_msgs/share/px4_msgs/msg/SensorPreflightMag.idl
[69.519s] -- Up-to-date: /home/pavel/ws_ros2/install/px4_msgs/share/px4_msgs/msg/SensorSelection.idl
[69.519s] -- Up-to-date: /home/pavel/ws_ros2/install/px4_msgs/share/px4_msgs/msg/SensorUwb.idl
[69.519s] -- Up-to-date: /home/pavel/ws_ros2/install/px4_msgs/share/px4_msgs/msg/SensorsStatus.idl
[69.520s] -- Up-to-date: /home/pavel/ws_ros2/install/px4_msgs/share/px4_msgs/msg/SensorsStatusImu.idl
[69.520s] -- Up-to-date: /home/pavel/ws_ros2/install/px4_msgs/share/px4_msgs/msg/SystemPower.idl
[69.520s] -- Up-to-date: /home/pavel/ws_ros2/install/px4_msgs/share/px4_msgs/msg/TakeoffStatus.idl
[69.521s] -- Up-to-date: /home/pavel/ws_ros2/install/px4_msgs/share/px4_msgs/msg/TaskStackInfo.idl
[69.521s] -- Up-to-date: /home/pavel/ws_ros2/install/px4_msgs/share/px4_msgs/msg/TecsStatus.idl
[69.521s] -- Up-to-date: /home/pavel/ws_ros2/install/px4_msgs/share/px4_msgs/msg/TelemetryStatus.idl
[69.522s] -- Up-to-date: /home/pavel/ws_ros2/install/px4_msgs/share/px4_msgs/msg/TiltrotorExtraControls.idl
[69.522s] -- Up-to-date: /home/pavel/ws_ros2/install/px4_msgs/share/px4_msgs/msg/TimesyncStatus.idl
[69.522s] -- Up-to-date: /home/pavel/ws_ros2/install/px4_msgs/share/px4_msgs/msg/TrajectoryBezier.idl
[69.522s] -- Up-to-date: /home/pavel/ws_ros2/install/px4_msgs/share/px4_msgs/msg/TrajectorySetpoint.idl
[69.523s] -- Up-to-date: /home/pavel/ws_ros2/install/px4_msgs/share/px4_msgs/msg/TrajectoryWaypoint.idl
[69.523s] -- Up-to-date: /home/pavel/ws_ros2/install/px4_msgs/share/px4_msgs/msg/TransponderReport.idl
[69.523s] -- Up-to-date: /home/pavel/ws_ros2/install/px4_msgs/share/px4_msgs/msg/TuneControl.idl
[69.524s] -- Up-to-date: /home/pavel/ws_ros2/install/px4_msgs/share/px4_msgs/msg/UavcanParameterRequest.idl
[69.524s] -- Up-to-date: /home/pavel/ws_ros2/install/px4_msgs/share/px4_msgs/msg/UavcanParameterValue.idl
[69.524s] -- Up-to-date: /home/pavel/ws_ros2/install/px4_msgs/share/px4_msgs/msg/UlogStream.idl
[69.525s] -- Up-to-date: /home/pavel/ws_ros2/install/px4_msgs/share/px4_msgs/msg/UlogStreamAck.idl
[69.525s] -- Up-to-date: /home/pavel/ws_ros2/install/px4_msgs/share/px4_msgs/msg/UnregisterExtComponent.idl
[69.525s] -- Up-to-date: /home/pavel/ws_ros2/install/px4_msgs/share/px4_msgs/msg/VehicleAcceleration.idl
[69.526s] -- Up-to-date: /home/pavel/ws_ros2/install/px4_msgs/share/px4_msgs/msg/VehicleAirData.idl
[69.526s] -- Up-to-date: /home/pavel/ws_ros2/install/px4_msgs/share/px4_msgs/msg/VehicleAngularAccelerationSetpoint.idl
[69.526s] -- Up-to-date: /home/pavel/ws_ros2/install/px4_msgs/share/px4_msgs/msg/VehicleAngularVelocity.idl
[69.527s] -- Up-to-date: /home/pavel/ws_ros2/install/px4_msgs/share/px4_msgs/msg/VehicleAttitude.idl
[69.527s] -- Up-to-date: /home/pavel/ws_ros2/install/px4_msgs/share/px4_msgs/msg/VehicleAttitudeSetpoint.idl
[69.527s] -- Up-to-date: /home/pavel/ws_ros2/install/px4_msgs/share/px4_msgs/msg/VehicleCommand.idl
[69.528s] -- Up-to-date: /home/pavel/ws_ros2/install/px4_msgs/share/px4_msgs/msg/VehicleCommandAck.idl
[69.528s] -- Up-to-date: /home/pavel/ws_ros2/install/px4_msgs/share/px4_msgs/msg/VehicleConstraints.idl
[69.528s] -- Up-to-date: /home/pavel/ws_ros2/install/px4_msgs/share/px4_msgs/msg/VehicleControlMode.idl
[69.529s] -- Up-to-date: /home/pavel/ws_ros2/install/px4_msgs/share/px4_msgs/msg/VehicleGlobalPosition.idl
[69.529s] -- Up-to-date: /home/pavel/ws_ros2/install/px4_msgs/share/px4_msgs/msg/VehicleImu.idl
[69.529s] -- Up-to-date: /home/pavel/ws_ros2/install/px4_msgs/share/px4_msgs/msg/VehicleImuStatus.idl
[69.530s] -- Up-to-date: /home/pavel/ws_ros2/install/px4_msgs/share/px4_msgs/msg/VehicleLandDetected.idl
[69.530s] -- Up-to-date: /home/pavel/ws_ros2/install/px4_msgs/share/px4_msgs/msg/VehicleLocalPosition.idl
[69.530s] -- Up-to-date: /home/pavel/ws_ros2/install/px4_msgs/share/px4_msgs/msg/VehicleLocalPositionSetpoint.idl
[69.531s] -- Up-to-date: /home/pavel/ws_ros2/install/px4_msgs/share/px4_msgs/msg/VehicleMagnetometer.idl
[69.531s] -- Up-to-date: /home/pavel/ws_ros2/install/px4_msgs/share/px4_msgs/msg/VehicleOdometry.idl
[69.531s] -- Up-to-date: /home/pavel/ws_ros2/install/px4_msgs/share/px4_msgs/msg/VehicleOpticalFlow.idl
[69.531s] -- Up-to-date: /home/pavel/ws_ros2/install/px4_msgs/share/px4_msgs/msg/VehicleOpticalFlowVel.idl
[69.532s] -- Up-to-date: /home/pavel/ws_ros2/install/px4_msgs/share/px4_msgs/msg/VehicleRatesSetpoint.idl
[69.532s] -- Up-to-date: /home/pavel/ws_ros2/install/px4_msgs/share/px4_msgs/msg/VehicleRoi.idl
[69.532s] -- Up-to-date: /home/pavel/ws_ros2/install/px4_msgs/share/px4_msgs/msg/VehicleStatus.idl
[69.533s] -- Up-to-date: /home/pavel/ws_ros2/install/px4_msgs/share/px4_msgs/msg/VehicleThrustSetpoint.idl
[69.533s] -- Up-to-date: /home/pavel/ws_ros2/install/px4_msgs/share/px4_msgs/msg/VehicleTorqueSetpoint.idl
[69.533s] -- Up-to-date: /home/pavel/ws_ros2/install/px4_msgs/share/px4_msgs/msg/VehicleTrajectoryBezier.idl
[69.534s] -- Up-to-date: /home/pavel/ws_ros2/install/px4_msgs/share/px4_msgs/msg/VehicleTrajectoryWaypoint.idl
[69.534s] -- Up-to-date: /home/pavel/ws_ros2/install/px4_msgs/share/px4_msgs/msg/VelocityLimits.idl
[69.534s] -- Up-to-date: /home/pavel/ws_ros2/install/px4_msgs/share/px4_msgs/msg/VtolVehicleStatus.idl
[69.535s] -- Up-to-date: /home/pavel/ws_ros2/install/px4_msgs/share/px4_msgs/msg/WheelEncoders.idl
[69.535s] -- Up-to-date: /home/pavel/ws_ros2/install/px4_msgs/share/px4_msgs/msg/Wind.idl
[69.535s] -- Up-to-date: /home/pavel/ws_ros2/install/px4_msgs/share/px4_msgs/msg/YawEstimatorStatus.idl
[69.536s] -- Up-to-date: /home/pavel/ws_ros2/install/px4_msgs/share/px4_msgs/srv/VehicleCommand.idl
[69.536s] -- Up-to-date: /home/pavel/ws_ros2/install/px4_msgs/share/px4_msgs/msg/ActionRequest.msg
[69.537s] -- Up-to-date: /home/pavel/ws_ros2/install/px4_msgs/share/px4_msgs/msg/ActuatorArmed.msg
[69.537s] -- Up-to-date: /home/pavel/ws_ros2/install/px4_msgs/share/px4_msgs/msg/ActuatorControlsStatus.msg
[69.537s] -- Up-to-date: /home/pavel/ws_ros2/install/px4_msgs/share/px4_msgs/msg/ActuatorMotors.msg
[69.538s] -- Up-to-date: /home/pavel/ws_ros2/install/px4_msgs/share/px4_msgs/msg/ActuatorOutputs.msg
[69.538s] -- Up-to-date: /home/pavel/ws_ros2/install/px4_msgs/share/px4_msgs/msg/ActuatorServos.msg
[69.538s] -- Up-to-date: /home/pavel/ws_ros2/install/px4_msgs/share/px4_msgs/msg/ActuatorServosTrim.msg
[69.539s] -- Up-to-date: /home/pavel/ws_ros2/install/px4_msgs/share/px4_msgs/msg/ActuatorTest.msg
[69.539s] -- Up-to-date: /home/pavel/ws_ros2/install/px4_msgs/share/px4_msgs/msg/AdcReport.msg
[69.539s] -- Up-to-date: /home/pavel/ws_ros2/install/px4_msgs/share/px4_msgs/msg/Airspeed.msg
[69.539s] -- Up-to-date: /home/pavel/ws_ros2/install/px4_msgs/share/px4_msgs/msg/AirspeedValidated.msg
[69.540s] -- Up-to-date: /home/pavel/ws_ros2/install/px4_msgs/share/px4_msgs/msg/AirspeedWind.msg
[69.540s] -- Up-to-date: /home/pavel/ws_ros2/install/px4_msgs/share/px4_msgs/msg/ArmingCheckReply.msg
[69.540s] -- Up-to-date: /home/pavel/ws_ros2/install/px4_msgs/share/px4_msgs/msg/ArmingCheckRequest.msg
[69.541s] -- Up-to-date: /home/pavel/ws_ros2/install/px4_msgs/share/px4_msgs/msg/AutotuneAttitudeControlStatus.msg
[69.541s] -- Up-to-date: /home/pavel/ws_ros2/install/px4_msgs/share/px4_msgs/msg/BatteryStatus.msg
[69.541s] -- Up-to-date: /home/pavel/ws_ros2/install/px4_msgs/share/px4_msgs/msg/Buffer128.msg
[69.542s] -- Up-to-date: /home/pavel/ws_ros2/install/px4_msgs/share/px4_msgs/msg/ButtonEvent.msg
[69.542s] -- Up-to-date: /home/pavel/ws_ros2/install/px4_msgs/share/px4_msgs/msg/CameraCapture.msg
[69.542s] -- Up-to-date: /home/pavel/ws_ros2/install/px4_msgs/share/px4_msgs/msg/CameraStatus.msg
[69.543s] -- Up-to-date: /home/pavel/ws_ros2/install/px4_msgs/share/px4_msgs/msg/CameraTrigger.msg
[69.543s] -- Up-to-date: /home/pavel/ws_ros2/install/px4_msgs/share/px4_msgs/msg/CanInterfaceStatus.msg
[69.543s] -- Up-to-date: /home/pavel/ws_ros2/install/px4_msgs/share/px4_msgs/msg/CellularStatus.msg
[69.544s] -- Up-to-date: /home/pavel/ws_ros2/install/px4_msgs/share/px4_msgs/msg/CollisionConstraints.msg
[69.544s] -- Up-to-date: /home/pavel/ws_ros2/install/px4_msgs/share/px4_msgs/msg/CollisionReport.msg
[69.544s] -- Up-to-date: /home/pavel/ws_ros2/install/px4_msgs/share/px4_msgs/msg/ConfigOverrides.msg
[69.545s] -- Up-to-date: /home/pavel/ws_ros2/install/px4_msgs/share/px4_msgs/msg/ControlAllocatorStatus.msg
[69.545s] -- Up-to-date: /home/pavel/ws_ros2/install/px4_msgs/share/px4_msgs/msg/Cpuload.msg
[69.545s] -- Up-to-date: /home/pavel/ws_ros2/install/px4_msgs/share/px4_msgs/msg/DatamanRequest.msg
[69.546s] -- Up-to-date: /home/pavel/ws_ros2/install/px4_msgs/share/px4_msgs/msg/DatamanResponse.msg
[69.546s] -- Up-to-date: /home/pavel/ws_ros2/install/px4_msgs/share/px4_msgs/msg/DebugArray.msg
[69.546s] -- Up-to-date: /home/pavel/ws_ros2/install/px4_msgs/share/px4_msgs/msg/DebugKeyValue.msg
[69.547s] -- Up-to-date: /home/pavel/ws_ros2/install/px4_msgs/share/px4_msgs/msg/DebugValue.msg
[69.547s] -- Up-to-date: /home/pavel/ws_ros2/install/px4_msgs/share/px4_msgs/msg/DebugVect.msg
[69.547s] -- Up-to-date: /home/pavel/ws_ros2/install/px4_msgs/share/px4_msgs/msg/DifferentialDriveSetpoint.msg
[69.548s] -- Up-to-date: /home/pavel/ws_ros2/install/px4_msgs/share/px4_msgs/msg/DifferentialPressure.msg
[69.548s] -- Up-to-date: /home/pavel/ws_ros2/install/px4_msgs/share/px4_msgs/msg/DistanceSensor.msg
[69.548s] -- Up-to-date: /home/pavel/ws_ros2/install/px4_msgs/share/px4_msgs/msg/Ekf2Timestamps.msg
[69.548s] -- Up-to-date: /home/pavel/ws_ros2/install/px4_msgs/share/px4_msgs/msg/EscReport.msg
[69.549s] -- Up-to-date: /home/pavel/ws_ros2/install/px4_msgs/share/px4_msgs/msg/EscStatus.msg
[69.549s] -- Up-to-date: /home/pavel/ws_ros2/install/px4_msgs/share/px4_msgs/msg/EstimatorAidSource1d.msg
[69.549s] -- Up-to-date: /home/pavel/ws_ros2/install/px4_msgs/share/px4_msgs/msg/EstimatorAidSource2d.msg
[69.550s] -- Up-to-date: /home/pavel/ws_ros2/install/px4_msgs/share/px4_msgs/msg/EstimatorAidSource3d.msg
[69.550s] -- Up-to-date: /home/pavel/ws_ros2/install/px4_msgs/share/px4_msgs/msg/EstimatorBias.msg
[69.550s] -- Up-to-date: /home/pavel/ws_ros2/install/px4_msgs/share/px4_msgs/msg/EstimatorBias3d.msg
[69.551s] -- Up-to-date: /home/pavel/ws_ros2/install/px4_msgs/share/px4_msgs/msg/EstimatorEventFlags.msg
[69.551s] -- Up-to-date: /home/pavel/ws_ros2/install/px4_msgs/share/px4_msgs/msg/EstimatorGpsStatus.msg
[69.551s] -- Up-to-date: /home/pavel/ws_ros2/install/px4_msgs/share/px4_msgs/msg/EstimatorInnovations.msg
[69.552s] -- Up-to-date: /home/pavel/ws_ros2/install/px4_msgs/share/px4_msgs/msg/EstimatorSelectorStatus.msg
[69.552s] -- Up-to-date: /home/pavel/ws_ros2/install/px4_msgs/share/px4_msgs/msg/EstimatorSensorBias.msg
[69.552s] -- Up-to-date: /home/pavel/ws_ros2/install/px4_msgs/share/px4_msgs/msg/EstimatorStates.msg
[69.553s] -- Up-to-date: /home/pavel/ws_ros2/install/px4_msgs/share/px4_msgs/msg/EstimatorStatus.msg
[69.553s] -- Up-to-date: /home/pavel/ws_ros2/install/px4_msgs/share/px4_msgs/msg/EstimatorStatusFlags.msg
[69.553s] -- Up-to-date: /home/pavel/ws_ros2/install/px4_msgs/share/px4_msgs/msg/Event.msg
[69.554s] -- Up-to-date: /home/pavel/ws_ros2/install/px4_msgs/share/px4_msgs/msg/FailsafeFlags.msg
[69.554s] -- Up-to-date: /home/pavel/ws_ros2/install/px4_msgs/share/px4_msgs/msg/FailureDetectorStatus.msg
[69.554s] -- Up-to-date: /home/pavel/ws_ros2/install/px4_msgs/share/px4_msgs/msg/FigureEightStatus.msg
[69.555s] -- Up-to-date: /home/pavel/ws_ros2/install/px4_msgs/share/px4_msgs/msg/FlightPhaseEstimation.msg
[69.555s] -- Up-to-date: /home/pavel/ws_ros2/install/px4_msgs/share/px4_msgs/msg/FollowTarget.msg
[69.555s] -- Up-to-date: /home/pavel/ws_ros2/install/px4_msgs/share/px4_msgs/msg/FollowTargetEstimator.msg
[69.556s] -- Up-to-date: /home/pavel/ws_ros2/install/px4_msgs/share/px4_msgs/msg/FollowTargetStatus.msg
[69.556s] -- Up-to-date: /home/pavel/ws_ros2/install/px4_msgs/share/px4_msgs/msg/FuelTankStatus.msg
[69.556s] -- Up-to-date: /home/pavel/ws_ros2/install/px4_msgs/share/px4_msgs/msg/GeneratorStatus.msg
[69.557s] -- Up-to-date: /home/pavel/ws_ros2/install/px4_msgs/share/px4_msgs/msg/GeofenceResult.msg
[69.557s] -- Up-to-date: /home/pavel/ws_ros2/install/px4_msgs/share/px4_msgs/msg/GeofenceStatus.msg
[69.557s] -- Up-to-date: /home/pavel/ws_ros2/install/px4_msgs/share/px4_msgs/msg/GimbalControls.msg
[69.557s] -- Up-to-date: /home/pavel/ws_ros2/install/px4_msgs/share/px4_msgs/msg/GimbalDeviceAttitudeStatus.msg
[69.558s] -- Up-to-date: /home/pavel/ws_ros2/install/px4_msgs/share/px4_msgs/msg/GimbalDeviceInformation.msg
[69.558s] -- Up-to-date: /home/pavel/ws_ros2/install/px4_msgs/share/px4_msgs/msg/GimbalDeviceSetAttitude.msg
[69.558s] -- Up-to-date: /home/pavel/ws_ros2/install/px4_msgs/share/px4_msgs/msg/GimbalManagerInformation.msg
[69.559s] -- Up-to-date: /home/pavel/ws_ros2/install/px4_msgs/share/px4_msgs/msg/GimbalManagerSetAttitude.msg
[69.559s] -- Up-to-date: /home/pavel/ws_ros2/install/px4_msgs/share/px4_msgs/msg/GimbalManagerSetManualControl.msg
[69.559s] -- Up-to-date: /home/pavel/ws_ros2/install/px4_msgs/share/px4_msgs/msg/GimbalManagerStatus.msg
[69.560s] -- Up-to-date: /home/pavel/ws_ros2/install/px4_msgs/share/px4_msgs/msg/GotoSetpoint.msg
[69.560s] -- Up-to-date: /home/pavel/ws_ros2/install/px4_msgs/share/px4_msgs/msg/GpioConfig.msg
[69.560s] -- Up-to-date: /home/pavel/ws_ros2/install/px4_msgs/share/px4_msgs/msg/GpioIn.msg
[69.561s] -- Up-to-date: /home/pavel/ws_ros2/install/px4_msgs/share/px4_msgs/msg/GpioOut.msg
[69.561s] -- Up-to-date: /home/pavel/ws_ros2/install/px4_msgs/share/px4_msgs/msg/GpioRequest.msg
[69.561s] -- Up-to-date: /home/pavel/ws_ros2/install/px4_msgs/share/px4_msgs/msg/GpsDump.msg
[69.562s] -- Up-to-date: /home/pavel/ws_ros2/install/px4_msgs/share/px4_msgs/msg/GpsInjectData.msg
[69.562s] -- Up-to-date: /home/pavel/ws_ros2/install/px4_msgs/share/px4_msgs/msg/Gripper.msg
[69.562s] -- Up-to-date: /home/pavel/ws_ros2/install/px4_msgs/share/px4_msgs/msg/HealthReport.msg
[69.563s] -- Up-to-date: /home/pavel/ws_ros2/install/px4_msgs/share/px4_msgs/msg/HeaterStatus.msg
[69.563s] -- Up-to-date: /home/pavel/ws_ros2/install/px4_msgs/share/px4_msgs/msg/HomePosition.msg
[69.563s] -- Up-to-date: /home/pavel/ws_ros2/install/px4_msgs/share/px4_msgs/msg/HoverThrustEstimate.msg
[69.564s] -- Up-to-date: /home/pavel/ws_ros2/install/px4_msgs/share/px4_msgs/msg/InputRc.msg
[69.564s] -- Up-to-date: /home/pavel/ws_ros2/install/px4_msgs/share/px4_msgs/msg/InternalCombustionEngineStatus.msg
[69.564s] -- Up-to-date: /home/pavel/ws_ros2/install/px4_msgs/share/px4_msgs/msg/IridiumsbdStatus.msg
[69.565s] -- Up-to-date: /home/pavel/ws_ros2/install/px4_msgs/share/px4_msgs/msg/IrlockReport.msg
[69.565s] -- Up-to-date: /home/pavel/ws_ros2/install/px4_msgs/share/px4_msgs/msg/LandingGear.msg
[69.565s] -- Up-to-date: /home/pavel/ws_ros2/install/px4_msgs/share/px4_msgs/msg/LandingGearWheel.msg
[69.566s] -- Up-to-date: /home/pavel/ws_ros2/install/px4_msgs/share/px4_msgs/msg/LandingTargetInnovations.msg
[69.566s] -- Up-to-date: /home/pavel/ws_ros2/install/px4_msgs/share/px4_msgs/msg/LandingTargetPose.msg
[69.566s] -- Up-to-date: /home/pavel/ws_ros2/install/px4_msgs/share/px4_msgs/msg/LaunchDetectionStatus.msg
[69.567s] -- Up-to-date: /home/pavel/ws_ros2/install/px4_msgs/share/px4_msgs/msg/LedControl.msg
[69.567s] -- Up-to-date: /home/pavel/ws_ros2/install/px4_msgs/share/px4_msgs/msg/LogMessage.msg
[69.567s] -- Up-to-date: /home/pavel/ws_ros2/install/px4_msgs/share/px4_msgs/msg/LoggerStatus.msg
[69.568s] -- Up-to-date: /home/pavel/ws_ros2/install/px4_msgs/share/px4_msgs/msg/MagWorkerData.msg
[69.568s] -- Up-to-date: /home/pavel/ws_ros2/install/px4_msgs/share/px4_msgs/msg/MagnetometerBiasEstimate.msg
[69.568s] -- Up-to-date: /home/pavel/ws_ros2/install/px4_msgs/share/px4_msgs/msg/ManualControlSetpoint.msg
[69.569s] -- Up-to-date: /home/pavel/ws_ros2/install/px4_msgs/share/px4_msgs/msg/ManualControlSwitches.msg
[69.569s] -- Up-to-date: /home/pavel/ws_ros2/install/px4_msgs/share/px4_msgs/msg/MavlinkLog.msg
[69.569s] -- Up-to-date: /home/pavel/ws_ros2/install/px4_msgs/share/px4_msgs/msg/MavlinkTunnel.msg
[69.570s] -- Up-to-date: /home/pavel/ws_ros2/install/px4_msgs/share/px4_msgs/msg/MessageFormatRequest.msg
[69.570s] -- Up-to-date: /home/pavel/ws_ros2/install/px4_msgs/share/px4_msgs/msg/MessageFormatResponse.msg
[69.570s] -- Up-to-date: /home/pavel/ws_ros2/install/px4_msgs/share/px4_msgs/msg/Mission.msg
[69.571s] -- Up-to-date: /home/pavel/ws_ros2/install/px4_msgs/share/px4_msgs/msg/MissionResult.msg
[69.571s] -- Up-to-date: /home/pavel/ws_ros2/install/px4_msgs/share/px4_msgs/msg/ModeCompleted.msg
[69.571s] -- Up-to-date: /home/pavel/ws_ros2/install/px4_msgs/share/px4_msgs/msg/MountOrientation.msg
[69.572s] -- Up-to-date: /home/pavel/ws_ros2/install/px4_msgs/share/px4_msgs/msg/NavigatorMissionItem.msg
[69.572s] -- Up-to-date: /home/pavel/ws_ros2/install/px4_msgs/share/px4_msgs/msg/NormalizedUnsignedSetpoint.msg
[69.572s] -- Up-to-date: /home/pavel/ws_ros2/install/px4_msgs/share/px4_msgs/msg/NpfgStatus.msg
[69.573s] -- Up-to-date: /home/pavel/ws_ros2/install/px4_msgs/share/px4_msgs/msg/ObstacleDistance.msg
[69.573s] -- Up-to-date: /home/pavel/ws_ros2/install/px4_msgs/share/px4_msgs/msg/OffboardControlMode.msg
[69.573s] -- Up-to-date: /home/pavel/ws_ros2/install/px4_msgs/share/px4_msgs/msg/OnboardComputerStatus.msg
[69.574s] -- Up-to-date: /home/pavel/ws_ros2/install/px4_msgs/share/px4_msgs/msg/OrbTest.msg
[69.574s] -- Up-to-date: /home/pavel/ws_ros2/install/px4_msgs/share/px4_msgs/msg/OrbTestLarge.msg
[69.574s] -- Up-to-date: /home/pavel/ws_ros2/install/px4_msgs/share/px4_msgs/msg/OrbTestMedium.msg
[69.574s] -- Up-to-date: /home/pavel/ws_ros2/install/px4_msgs/share/px4_msgs/msg/OrbitStatus.msg
[69.575s] -- Up-to-date: /home/pavel/ws_ros2/install/px4_msgs/share/px4_msgs/msg/ParameterResetRequest.msg
[69.575s] -- Up-to-date: /home/pavel/ws_ros2/install/px4_msgs/share/px4_msgs/msg/ParameterSetUsedRequest.msg
[69.575s] -- Up-to-date: /home/pavel/ws_ros2/install/px4_msgs/share/px4_msgs/msg/ParameterSetValueRequest.msg
[69.576s] -- Up-to-date: /home/pavel/ws_ros2/install/px4_msgs/share/px4_msgs/msg/ParameterSetValueResponse.msg
[69.576s] -- Up-to-date: /home/pavel/ws_ros2/install/px4_msgs/share/px4_msgs/msg/ParameterUpdate.msg
[69.576s] -- Up-to-date: /home/pavel/ws_ros2/install/px4_msgs/share/px4_msgs/msg/Ping.msg
[69.577s] -- Up-to-date: /home/pavel/ws_ros2/install/px4_msgs/share/px4_msgs/msg/PositionControllerLandingStatus.msg
[69.577s] -- Up-to-date: /home/pavel/ws_ros2/install/px4_msgs/share/px4_msgs/msg/PositionControllerStatus.msg
[69.577s] -- Up-to-date: /home/pavel/ws_ros2/install/px4_msgs/share/px4_msgs/msg/PositionSetpoint.msg
[69.578s] -- Up-to-date: /home/pavel/ws_ros2/install/px4_msgs/share/px4_msgs/msg/PositionSetpointTriplet.msg
[69.578s] -- Up-to-date: /home/pavel/ws_ros2/install/px4_msgs/share/px4_msgs/msg/PowerButtonState.msg
[69.578s] -- Up-to-date: /home/pavel/ws_ros2/install/px4_msgs/share/px4_msgs/msg/PowerMonitor.msg
[69.579s] -- Up-to-date: /home/pavel/ws_ros2/install/px4_msgs/share/px4_msgs/msg/PpsCapture.msg
[69.579s] -- Up-to-date: /home/pavel/ws_ros2/install/px4_msgs/share/px4_msgs/msg/PwmInput.msg
[69.579s] -- Up-to-date: /home/pavel/ws_ros2/install/px4_msgs/share/px4_msgs/msg/Px4ioStatus.msg
[69.580s] -- Up-to-date: /home/pavel/ws_ros2/install/px4_msgs/share/px4_msgs/msg/QshellReq.msg
[69.580s] -- Up-to-date: /home/pavel/ws_ros2/install/px4_msgs/share/px4_msgs/msg/QshellRetval.msg
[69.581s] -- Up-to-date: /home/pavel/ws_ros2/install/px4_msgs/share/px4_msgs/msg/RadioStatus.msg
[69.581s] -- Up-to-date: /home/pavel/ws_ros2/install/px4_msgs/share/px4_msgs/msg/RateCtrlStatus.msg
[69.581s] -- Up-to-date: /home/pavel/ws_ros2/install/px4_msgs/share/px4_msgs/msg/RcChannels.msg
[69.582s] -- Up-to-date: /home/pavel/ws_ros2/install/px4_msgs/share/px4_msgs/msg/RcParameterMap.msg
[69.582s] -- Up-to-date: /home/pavel/ws_ros2/install/px4_msgs/share/px4_msgs/msg/RegisterExtComponentReply.msg
[69.582s] -- Up-to-date: /home/pavel/ws_ros2/install/px4_msgs/share/px4_msgs/msg/RegisterExtComponentRequest.msg
[69.582s] -- Up-to-date: /home/pavel/ws_ros2/install/px4_msgs/share/px4_msgs/msg/RoverAckermannGuidanceStatus.msg
[69.583s] -- Up-to-date: /home/pavel/ws_ros2/install/px4_msgs/share/px4_msgs/msg/Rpm.msg
[69.583s] -- Up-to-date: /home/pavel/ws_ros2/install/px4_msgs/share/px4_msgs/msg/RtlStatus.msg
[69.583s] -- Up-to-date: /home/pavel/ws_ros2/install/px4_msgs/share/px4_msgs/msg/RtlTimeEstimate.msg
[69.584s] -- Up-to-date: /home/pavel/ws_ros2/install/px4_msgs/share/px4_msgs/msg/SatelliteInfo.msg
[69.585s] -- Up-to-date: /home/pavel/ws_ros2/install/px4_msgs/share/px4_msgs/msg/SensorAccel.msg
[69.585s] -- Up-to-date: /home/pavel/ws_ros2/install/px4_msgs/share/px4_msgs/msg/SensorAccelFifo.msg
[69.585s] -- Up-to-date: /home/pavel/ws_ros2/install/px4_msgs/share/px4_msgs/msg/SensorAirflow.msg
[69.585s] -- Up-to-date: /home/pavel/ws_ros2/install/px4_msgs/share/px4_msgs/msg/SensorBaro.msg
[69.586s] -- Up-to-date: /home/pavel/ws_ros2/install/px4_msgs/share/px4_msgs/msg/SensorCombined.msg
[69.586s] -- Up-to-date: /home/pavel/ws_ros2/install/px4_msgs/share/px4_msgs/msg/SensorCorrection.msg
[69.586s] -- Up-to-date: /home/pavel/ws_ros2/install/px4_msgs/share/px4_msgs/msg/SensorGnssRelative.msg
[69.587s] -- Up-to-date: /home/pavel/ws_ros2/install/px4_msgs/share/px4_msgs/msg/SensorGps.msg
[69.587s] -- Up-to-date: /home/pavel/ws_ros2/install/px4_msgs/share/px4_msgs/msg/SensorGyro.msg
[69.588s] -- Up-to-date: /home/pavel/ws_ros2/install/px4_msgs/share/px4_msgs/msg/SensorGyroFft.msg
[69.588s] -- Up-to-date: /home/pavel/ws_ros2/install/px4_msgs/share/px4_msgs/msg/SensorGyroFifo.msg
[69.588s] -- Up-to-date: /home/pavel/ws_ros2/install/px4_msgs/share/px4_msgs/msg/SensorHygrometer.msg
[69.589s] -- Up-to-date: /home/pavel/ws_ros2/install/px4_msgs/share/px4_msgs/msg/SensorMag.msg
[69.589s] -- Up-to-date: /home/pavel/ws_ros2/install/px4_msgs/share/px4_msgs/msg/SensorOpticalFlow.msg
[69.589s] -- Up-to-date: /home/pavel/ws_ros2/install/px4_msgs/share/px4_msgs/msg/SensorPreflightMag.msg
[69.590s] -- Up-to-date: /home/pavel/ws_ros2/install/px4_msgs/share/px4_msgs/msg/SensorSelection.msg
[69.590s] -- Up-to-date: /home/pavel/ws_ros2/install/px4_msgs/share/px4_msgs/msg/SensorUwb.msg
[69.590s] -- Up-to-date: /home/pavel/ws_ros2/install/px4_msgs/share/px4_msgs/msg/SensorsStatus.msg
[69.591s] -- Up-to-date: /home/pavel/ws_ros2/install/px4_msgs/share/px4_msgs/msg/SensorsStatusImu.msg
[69.591s] -- Up-to-date: /home/pavel/ws_ros2/install/px4_msgs/share/px4_msgs/msg/SystemPower.msg
[69.591s] -- Up-to-date: /home/pavel/ws_ros2/install/px4_msgs/share/px4_msgs/msg/TakeoffStatus.msg
[69.592s] -- Up-to-date: /home/pavel/ws_ros2/install/px4_msgs/share/px4_msgs/msg/TaskStackInfo.msg
[69.592s] -- Up-to-date: /home/pavel/ws_ros2/install/px4_msgs/share/px4_msgs/msg/TecsStatus.msg
[69.592s] -- Up-to-date: /home/pavel/ws_ros2/install/px4_msgs/share/px4_msgs/msg/TelemetryStatus.msg
[69.593s] -- Up-to-date: /home/pavel/ws_ros2/install/px4_msgs/share/px4_msgs/msg/TiltrotorExtraControls.msg
[69.593s] -- Up-to-date: /home/pavel/ws_ros2/install/px4_msgs/share/px4_msgs/msg/TimesyncStatus.msg
[69.593s] -- Up-to-date: /home/pavel/ws_ros2/install/px4_msgs/share/px4_msgs/msg/TrajectoryBezier.msg
[69.594s] -- Up-to-date: /home/pavel/ws_ros2/install/px4_msgs/share/px4_msgs/msg/TrajectorySetpoint.msg
[69.594s] -- Up-to-date: /home/pavel/ws_ros2/install/px4_msgs/share/px4_msgs/msg/TrajectoryWaypoint.msg
[69.594s] -- Up-to-date: /home/pavel/ws_ros2/install/px4_msgs/share/px4_msgs/msg/TransponderReport.msg
[69.594s] -- Up-to-date: /home/pavel/ws_ros2/install/px4_msgs/share/px4_msgs/msg/TuneControl.msg
[69.595s] -- Up-to-date: /home/pavel/ws_ros2/install/px4_msgs/share/px4_msgs/msg/UavcanParameterRequest.msg
[69.595s] -- Up-to-date: /home/pavel/ws_ros2/install/px4_msgs/share/px4_msgs/msg/UavcanParameterValue.msg
[69.596s] -- Up-to-date: /home/pavel/ws_ros2/install/px4_msgs/share/px4_msgs/msg/UlogStream.msg
[69.596s] -- Up-to-date: /home/pavel/ws_ros2/install/px4_msgs/share/px4_msgs/msg/UlogStreamAck.msg
[69.596s] -- Up-to-date: /home/pavel/ws_ros2/install/px4_msgs/share/px4_msgs/msg/UnregisterExtComponent.msg
[69.597s] -- Up-to-date: /home/pavel/ws_ros2/install/px4_msgs/share/px4_msgs/msg/VehicleAcceleration.msg
[69.597s] -- Up-to-date: /home/pavel/ws_ros2/install/px4_msgs/share/px4_msgs/msg/VehicleAirData.msg
[69.597s] -- Up-to-date: /home/pavel/ws_ros2/install/px4_msgs/share/px4_msgs/msg/VehicleAngularAccelerationSetpoint.msg
[69.598s] -- Up-to-date: /home/pavel/ws_ros2/install/px4_msgs/share/px4_msgs/msg/VehicleAngularVelocity.msg
[69.598s] -- Up-to-date: /home/pavel/ws_ros2/install/px4_msgs/share/px4_msgs/msg/VehicleAttitude.msg
[69.598s] -- Up-to-date: /home/pavel/ws_ros2/install/px4_msgs/share/px4_msgs/msg/VehicleAttitudeSetpoint.msg
[69.599s] -- Up-to-date: /home/pavel/ws_ros2/install/px4_msgs/share/px4_msgs/msg/VehicleCommand.msg
[69.599s] -- Up-to-date: /home/pavel/ws_ros2/install/px4_msgs/share/px4_msgs/msg/VehicleCommandAck.msg
[69.599s] -- Up-to-date: /home/pavel/ws_ros2/install/px4_msgs/share/px4_msgs/msg/VehicleConstraints.msg
[69.600s] -- Up-to-date: /home/pavel/ws_ros2/install/px4_msgs/share/px4_msgs/msg/VehicleControlMode.msg
[69.600s] -- Up-to-date: /home/pavel/ws_ros2/install/px4_msgs/share/px4_msgs/msg/VehicleGlobalPosition.msg
[69.600s] -- Up-to-date: /home/pavel/ws_ros2/install/px4_msgs/share/px4_msgs/msg/VehicleImu.msg
[69.601s] -- Up-to-date: /home/pavel/ws_ros2/install/px4_msgs/share/px4_msgs/msg/VehicleImuStatus.msg
[69.601s] -- Up-to-date: /home/pavel/ws_ros2/install/px4_msgs/share/px4_msgs/msg/VehicleLandDetected.msg
[69.601s] -- Up-to-date: /home/pavel/ws_ros2/install/px4_msgs/share/px4_msgs/msg/VehicleLocalPosition.msg
[69.602s] -- Up-to-date: /home/pavel/ws_ros2/install/px4_msgs/share/px4_msgs/msg/VehicleLocalPositionSetpoint.msg
[69.602s] -- Up-to-date: /home/pavel/ws_ros2/install/px4_msgs/share/px4_msgs/msg/VehicleMagnetometer.msg
[69.602s] -- Up-to-date: /home/pavel/ws_ros2/install/px4_msgs/share/px4_msgs/msg/VehicleOdometry.msg
[69.603s] -- Up-to-date: /home/pavel/ws_ros2/install/px4_msgs/share/px4_msgs/msg/VehicleOpticalFlow.msg
[69.603s] -- Up-to-date: /home/pavel/ws_ros2/install/px4_msgs/share/px4_msgs/msg/VehicleOpticalFlowVel.msg
[69.604s] -- Up-to-date: /home/pavel/ws_ros2/install/px4_msgs/share/px4_msgs/msg/VehicleRatesSetpoint.msg
[69.604s] -- Up-to-date: /home/pavel/ws_ros2/install/px4_msgs/share/px4_msgs/msg/VehicleRoi.msg
[69.604s] -- Up-to-date: /home/pavel/ws_ros2/install/px4_msgs/share/px4_msgs/msg/VehicleStatus.msg
[69.604s] -- Up-to-date: /home/pavel/ws_ros2/install/px4_msgs/share/px4_msgs/msg/VehicleThrustSetpoint.msg
[69.605s] -- Up-to-date: /home/pavel/ws_ros2/install/px4_msgs/share/px4_msgs/msg/VehicleTorqueSetpoint.msg
[69.605s] -- Up-to-date: /home/pavel/ws_ros2/install/px4_msgs/share/px4_msgs/msg/VehicleTrajectoryBezier.msg
[69.605s] -- Up-to-date: /home/pavel/ws_ros2/install/px4_msgs/share/px4_msgs/msg/VehicleTrajectoryWaypoint.msg
[69.606s] -- Up-to-date: /home/pavel/ws_ros2/install/px4_msgs/share/px4_msgs/msg/VelocityLimits.msg
[69.606s] -- Up-to-date: /home/pavel/ws_ros2/install/px4_msgs/share/px4_msgs/msg/VtolVehicleStatus.msg
[69.607s] -- Up-to-date: /home/pavel/ws_ros2/install/px4_msgs/share/px4_msgs/msg/WheelEncoders.msg
[69.607s] -- Up-to-date: /home/pavel/ws_ros2/install/px4_msgs/share/px4_msgs/msg/Wind.msg
[69.607s] -- Up-to-date: /home/pavel/ws_ros2/install/px4_msgs/share/px4_msgs/msg/YawEstimatorStatus.msg
[69.608s] -- Up-to-date: /home/pavel/ws_ros2/install/px4_msgs/share/px4_msgs/srv/VehicleCommand.srv
[69.608s] -- Up-to-date: /home/pavel/ws_ros2/install/px4_msgs/share/px4_msgs/srv/VehicleCommand_Request.msg
[69.608s] -- Up-to-date: /home/pavel/ws_ros2/install/px4_msgs/share/px4_msgs/srv/VehicleCommand_Response.msg
[69.609s] -- Up-to-date: /home/pavel/ws_ros2/install/px4_msgs/share/ament_index/resource_index/package_run_dependencies/px4_msgs
[69.609s] -- Up-to-date: /home/pavel/ws_ros2/install/px4_msgs/share/ament_index/resource_index/parent_prefix_path/px4_msgs
[69.610s] -- Up-to-date: /home/pavel/ws_ros2/install/px4_msgs/share/px4_msgs/environment/ament_prefix_path.sh
[69.610s] -- Up-to-date: /home/pavel/ws_ros2/install/px4_msgs/share/px4_msgs/environment/ament_prefix_path.dsv
[69.610s] -- Up-to-date: /home/pavel/ws_ros2/install/px4_msgs/share/px4_msgs/environment/path.sh
[69.611s] -- Up-to-date: /home/pavel/ws_ros2/install/px4_msgs/share/px4_msgs/environment/path.dsv
[69.611s] -- Up-to-date: /home/pavel/ws_ros2/install/px4_msgs/share/px4_msgs/local_setup.bash
[69.611s] -- Up-to-date: /home/pavel/ws_ros2/install/px4_msgs/share/px4_msgs/local_setup.sh
[69.612s] -- Up-to-date: /home/pavel/ws_ros2/install/px4_msgs/share/px4_msgs/local_setup.zsh
[69.612s] -- Up-to-date: /home/pavel/ws_ros2/install/px4_msgs/share/px4_msgs/local_setup.dsv
[69.613s] -- Installing: /home/pavel/ws_ros2/install/px4_msgs/share/px4_msgs/package.dsv
[69.613s] -- Up-to-date: /home/pavel/ws_ros2/install/px4_msgs/share/ament_index/resource_index/packages/px4_msgs
[69.614s] -- Up-to-date: /home/pavel/ws_ros2/install/px4_msgs/share/px4_msgs/cmake/export_px4_msgs__rosidl_generator_cExport.cmake
[69.615s] -- Up-to-date: /home/pavel/ws_ros2/install/px4_msgs/share/px4_msgs/cmake/export_px4_msgs__rosidl_generator_cExport-noconfig.cmake
[69.615s] -- Up-to-date: /home/pavel/ws_ros2/install/px4_msgs/share/px4_msgs/cmake/export_px4_msgs__rosidl_typesupport_fastrtps_cExport.cmake
[69.615s] -- Up-to-date: /home/pavel/ws_ros2/install/px4_msgs/share/px4_msgs/cmake/export_px4_msgs__rosidl_typesupport_fastrtps_cExport-noconfig.cmake
[69.616s] -- Up-to-date: /home/pavel/ws_ros2/install/px4_msgs/share/px4_msgs/cmake/export_px4_msgs__rosidl_generator_cppExport.cmake
[69.616s] -- Up-to-date: /home/pavel/ws_ros2/install/px4_msgs/share/px4_msgs/cmake/export_px4_msgs__rosidl_typesupport_fastrtps_cppExport.cmake
[69.617s] -- Up-to-date: /home/pavel/ws_ros2/install/px4_msgs/share/px4_msgs/cmake/export_px4_msgs__rosidl_typesupport_fastrtps_cppExport-noconfig.cmake
[69.617s] -- Up-to-date: /home/pavel/ws_ros2/install/px4_msgs/share/px4_msgs/cmake/px4_msgs__rosidl_typesupport_introspection_cExport.cmake
[69.618s] -- Up-to-date: /home/pavel/ws_ros2/install/px4_msgs/share/px4_msgs/cmake/px4_msgs__rosidl_typesupport_introspection_cExport-noconfig.cmake
[69.618s] -- Up-to-date: /home/pavel/ws_ros2/install/px4_msgs/share/px4_msgs/cmake/px4_msgs__rosidl_typesupport_cExport.cmake
[69.619s] -- Up-to-date: /home/pavel/ws_ros2/install/px4_msgs/share/px4_msgs/cmake/px4_msgs__rosidl_typesupport_cExport-noconfig.cmake
[69.619s] -- Up-to-date: /home/pavel/ws_ros2/install/px4_msgs/share/px4_msgs/cmake/px4_msgs__rosidl_typesupport_introspection_cppExport.cmake
[69.620s] -- Up-to-date: /home/pavel/ws_ros2/install/px4_msgs/share/px4_msgs/cmake/px4_msgs__rosidl_typesupport_introspection_cppExport-noconfig.cmake
[69.620s] -- Up-to-date: /home/pavel/ws_ros2/install/px4_msgs/share/px4_msgs/cmake/px4_msgs__rosidl_typesupport_cppExport.cmake
[69.620s] -- Up-to-date: /home/pavel/ws_ros2/install/px4_msgs/share/px4_msgs/cmake/px4_msgs__rosidl_typesupport_cppExport-noconfig.cmake
[69.621s] -- Up-to-date: /home/pavel/ws_ros2/install/px4_msgs/share/px4_msgs/cmake/export_px4_msgs__rosidl_generator_pyExport.cmake
[69.621s] -- Up-to-date: /home/pavel/ws_ros2/install/px4_msgs/share/px4_msgs/cmake/export_px4_msgs__rosidl_generator_pyExport-noconfig.cmake
[69.622s] -- Up-to-date: /home/pavel/ws_ros2/install/px4_msgs/share/px4_msgs/cmake/rosidl_cmake-extras.cmake
[69.622s] -- Up-to-date: /home/pavel/ws_ros2/install/px4_msgs/share/px4_msgs/cmake/ament_cmake_export_dependencies-extras.cmake
[69.622s] -- Up-to-date: /home/pavel/ws_ros2/install/px4_msgs/share/px4_msgs/cmake/ament_cmake_export_include_directories-extras.cmake
[69.623s] -- Up-to-date: /home/pavel/ws_ros2/install/px4_msgs/share/px4_msgs/cmake/ament_cmake_export_libraries-extras.cmake
[69.623s] -- Up-to-date: /home/pavel/ws_ros2/install/px4_msgs/share/px4_msgs/cmake/ament_cmake_export_targets-extras.cmake
[69.623s] -- Up-to-date: /home/pavel/ws_ros2/install/px4_msgs/share/px4_msgs/cmake/rosidl_cmake_export_typesupport_targets-extras.cmake
[69.624s] -- Up-to-date: /home/pavel/ws_ros2/install/px4_msgs/share/px4_msgs/cmake/rosidl_cmake_export_typesupport_libraries-extras.cmake
[69.624s] -- Up-to-date: /home/pavel/ws_ros2/install/px4_msgs/share/px4_msgs/cmake/px4_msgsConfig.cmake
[69.624s] -- Up-to-date: /home/pavel/ws_ros2/install/px4_msgs/share/px4_msgs/cmake/px4_msgsConfig-version.cmake
[69.624s] -- Up-to-date: /home/pavel/ws_ros2/install/px4_msgs/share/px4_msgs/package.xml
[69.629s] Invoked command in '/home/pavel/ws_ros2/build/px4_msgs' returned '0': CMAKE_PREFIX_PATH=/opt/ros/humble /usr/bin/cmake --install /home/pavel/ws_ros2/build/px4_msgs
