[0.000000] (-) TimerEvent: {}
[0.000901] (px4_msgs) JobQueued: {'identifier': 'px4_msgs', 'dependencies': OrderedDict()}
[0.000935] (px4_ros_com) JobQueued: {'identifier': 'px4_ros_com', 'dependencies': OrderedDict([('px4_msgs', '/home/pavel/ws_ros2/install/px4_msgs')])}
[0.000960] (px4_msgs) JobStarted: {'identifier': 'px4_msgs'}
[0.012723] (px4_msgs) JobProgress: {'identifier': 'px4_msgs', 'progress': 'cmake'}
[0.014751] (px4_msgs) JobProgress: {'identifier': 'px4_msgs', 'progress': 'build'}
[0.014793] (px4_msgs) Command: {'cmd': ['/usr/bin/cmake', '--build', '/home/pavel/ws_ros2/build/px4_msgs', '--', '-j12', '-l12'], 'cwd': '/home/pavel/ws_ros2/build/px4_msgs', 'env': OrderedDict([('LESSOPEN', '| /usr/bin/lesspipe %s'), ('USER', 'pavel'), ('LC_TIME', 'ro_RO.UTF-8'), ('XDG_SESSION_TYPE', 'wayland'), ('SHLVL', '1'), ('LD_LIBRARY_PATH', '/usr/lib/x86_64-linux-gnu/gazebo-11/plugins:/opt/ros/humble/opt/rviz_ogre_vendor/lib:/opt/ros/humble/lib/x86_64-linux-gnu:/opt/ros/humble/lib'), ('HOME', '/home/pavel'), ('OLDPWD', '/home/pavel'), ('DESKTOP_SESSION', 'ubuntu'), ('NVM_BIN', '/home/pavel/.nvm/versions/node/v20.13.1/bin'), ('NVM_INC', '/home/pavel/.nvm/versions/node/v20.13.1/include/node'), ('ROS_PYTHON_VERSION', '3'), ('GNOME_SHELL_SESSION_MODE', 'ubuntu'), ('GTK_MODULES', 'gail:atk-bridge'), ('LC_MONETARY', 'ro_RO.UTF-8'), ('SYSTEMD_EXEC_PID', '2268'), ('DBUS_SESSION_BUS_ADDRESS', 'unix:path=/run/user/1000/bus'), ('COLORTERM', 'truecolor'), ('NVM_DIR', '/home/pavel/.nvm'), ('IM_CONFIG_PHASE', '1'), ('WAYLAND_DISPLAY', 'wayland-0'), ('ROS_DISTRO', 'humble'), ('LOGNAME', 'pavel'), ('_', '/usr/bin/colcon'), ('ROS_VERSION', '2'), ('XDG_SESSION_CLASS', 'user'), ('USERNAME', 'pavel'), ('TERM', 'xterm-256color'), ('GNOME_DESKTOP_SESSION_ID', 'this-is-deprecated'), ('ROS_LOCALHOST_ONLY', '0'), ('PATH', '/opt/ros/humble/bin:/home/pavel/.nvm/versions/node/v20.13.1/bin:/opt/gcc-arm-none-eabi-9-2020-q2-update/bin:/home/pavel/.local/bin:/usr/local/sbin:/usr/local/bin:/usr/sbin:/usr/bin:/sbin:/bin:/usr/games:/usr/local/games:/snap/bin:/snap/bin'), ('SESSION_MANAGER', 'local/UbuntuLapBean:@/tmp/.ICE-unix/2238,unix/UbuntuLapBean:/tmp/.ICE-unix/2238'), ('XDG_MENU_PREFIX', 'gnome-'), ('LC_ADDRESS', 'ro_RO.UTF-8'), ('GNOME_TERMINAL_SCREEN', '/org/gnome/Terminal/screen/c142e6c4_12e7_41f8_9875_6b86aa254577'), ('GNOME_SETUP_DISPLAY', ':1'), ('XDG_RUNTIME_DIR', '/run/user/1000'), ('DISPLAY', ':0'), ('LANG', 'en_US.UTF-8'), ('XDG_CURRENT_DESKTOP', 'ubuntu:GNOME'), ('LC_TELEPHONE', 'ro_RO.UTF-8'), ('XMODIFIERS', '@im=ibus'), ('XDG_SESSION_DESKTOP', 'ubuntu'), ('XAUTHORITY', '/run/user/1000/.mutter-Xwaylandauth.8MMB82'), ('LS_COLORS', 'rs=0:di=01;34:ln=01;36:mh=00:pi=40;33:so=01;35:do=01;35:bd=40;33;01:cd=40;33;01:or=40;31;01:mi=00:su=37;41:sg=30;43:ca=30;41:tw=30;42:ow=34;42:st=37;44:ex=01;32:*.tar=01;31:*.tgz=01;31:*.arc=01;31:*.arj=01;31:*.taz=01;31:*.lha=01;31:*.lz4=01;31:*.lzh=01;31:*.lzma=01;31:*.tlz=01;31:*.txz=01;31:*.tzo=01;31:*.t7z=01;31:*.zip=01;31:*.z=01;31:*.dz=01;31:*.gz=01;31:*.lrz=01;31:*.lz=01;31:*.lzo=01;31:*.xz=01;31:*.zst=01;31:*.tzst=01;31:*.bz2=01;31:*.bz=01;31:*.tbz=01;31:*.tbz2=01;31:*.tz=01;31:*.deb=01;31:*.rpm=01;31:*.jar=01;31:*.war=01;31:*.ear=01;31:*.sar=01;31:*.rar=01;31:*.alz=01;31:*.ace=01;31:*.zoo=01;31:*.cpio=01;31:*.7z=01;31:*.rz=01;31:*.cab=01;31:*.wim=01;31:*.swm=01;31:*.dwm=01;31:*.esd=01;31:*.jpg=01;35:*.jpeg=01;35:*.mjpg=01;35:*.mjpeg=01;35:*.gif=01;35:*.bmp=01;35:*.pbm=01;35:*.pgm=01;35:*.ppm=01;35:*.tga=01;35:*.xbm=01;35:*.xpm=01;35:*.tif=01;35:*.tiff=01;35:*.png=01;35:*.svg=01;35:*.svgz=01;35:*.mng=01;35:*.pcx=01;35:*.mov=01;35:*.mpg=01;35:*.mpeg=01;35:*.m2v=01;35:*.mkv=01;35:*.webm=01;35:*.webp=01;35:*.ogm=01;35:*.mp4=01;35:*.m4v=01;35:*.mp4v=01;35:*.vob=01;35:*.qt=01;35:*.nuv=01;35:*.wmv=01;35:*.asf=01;35:*.rm=01;35:*.rmvb=01;35:*.flc=01;35:*.avi=01;35:*.fli=01;35:*.flv=01;35:*.gl=01;35:*.dl=01;35:*.xcf=01;35:*.xwd=01;35:*.yuv=01;35:*.cgm=01;35:*.emf=01;35:*.ogv=01;35:*.ogx=01;35:*.aac=00;36:*.au=00;36:*.flac=00;36:*.m4a=00;36:*.mid=00;36:*.midi=00;36:*.mka=00;36:*.mp3=00;36:*.mpc=00;36:*.ogg=00;36:*.ra=00;36:*.wav=00;36:*.oga=00;36:*.opus=00;36:*.spx=00;36:*.xspf=00;36:'), ('GNOME_TERMINAL_SERVICE', ':1.108'), ('SSH_AGENT_LAUNCHER', 'gnome-keyring'), ('SSH_AUTH_SOCK', '/run/user/1000/keyring/ssh'), ('AMENT_PREFIX_PATH', '/opt/ros/humble'), ('SHELL', '/bin/bash'), ('LC_NAME', 'ro_RO.UTF-8'), ('QT_ACCESSIBILITY', '1'), ('GDMSESSION', 'ubuntu'), ('LESSCLOSE', '/usr/bin/lesspipe %s %s'), ('LC_MEASUREMENT', 'ro_RO.UTF-8'), ('LC_IDENTIFICATION', 'ro_RO.UTF-8'), ('QT_IM_MODULE', 'ibus'), ('PWD', '/home/pavel/ws_ros2/build/px4_msgs'), ('LC_ALL', 'en_US.UTF-8'), ('XDG_CONFIG_DIRS', '/etc/xdg/xdg-ubuntu:/etc/xdg'), ('NVM_CD_FLAGS', ''), ('XDG_DATA_DIRS', '/usr/share/ubuntu:/usr/local/share/:/usr/share/:/var/lib/snapd/desktop'), ('PYTHONPATH', '/opt/ros/humble/lib/python3.10/site-packages:/opt/ros/humble/local/lib/python3.10/dist-packages'), ('LC_NUMERIC', 'ro_RO.UTF-8'), ('LC_PAPER', 'ro_RO.UTF-8'), ('COLCON', '1'), ('VTE_VERSION', '6800'), ('CMAKE_PREFIX_PATH', '/opt/ros/humble')]), 'shell': False}
[0.100009] (-) TimerEvent: {}
[0.200278] (-) TimerEvent: {}
[0.300526] (-) TimerEvent: {}
[0.400835] (-) TimerEvent: {}
[0.501099] (-) TimerEvent: {}
[0.601337] (-) TimerEvent: {}
[0.704708] (-) TimerEvent: {}
[0.772642] (px4_msgs) StdoutLine: {'line': b'[  0%] Built target px4_msgs__cpp\n'}
[0.804812] (-) TimerEvent: {}
[0.811551] (px4_msgs) StdoutLine: {'line': b'[ 12%] Built target px4_msgs__rosidl_generator_c\n'}
[0.900509] (px4_msgs) StdoutLine: {'line': b'[ 24%] Built target px4_msgs__rosidl_typesupport_cpp\n'}
[0.902252] (px4_msgs) StdoutLine: {'line': b'[ 37%] Built target px4_msgs__rosidl_typesupport_c\n'}
[0.904896] (-) TimerEvent: {}
[0.913702] (px4_msgs) StdoutLine: {'line': b'[ 37%] Built target ament_cmake_python_copy_px4_msgs\n'}
[0.918921] (px4_msgs) StdoutLine: {'line': b'[ 50%] Built target px4_msgs__rosidl_typesupport_introspection_cpp\n'}
[0.924747] (px4_msgs) StdoutLine: {'line': b'[ 63%] Built target px4_msgs__rosidl_typesupport_introspection_c\n'}
[0.928168] (px4_msgs) StdoutLine: {'line': b'[ 75%] Built target px4_msgs__rosidl_typesupport_fastrtps_cpp\n'}
[0.960659] (px4_msgs) StdoutLine: {'line': b'[ 88%] Built target px4_msgs__rosidl_typesupport_fastrtps_c\n'}
[0.982677] (px4_msgs) StdoutLine: {'line': b'[ 88%] Built target px4_msgs\n'}
[1.004990] (-) TimerEvent: {}
[1.011103] (px4_msgs) StdoutLine: {'line': b'[ 88%] Built target px4_msgs__py\n'}
[1.105101] (-) TimerEvent: {}
[1.133248] (px4_msgs) StdoutLine: {'line': b'[100%] Built target px4_msgs__rosidl_generator_py\n'}
[1.144076] (px4_msgs) StdoutLine: {'line': b'running egg_info\n'}
[1.169736] (px4_msgs) StdoutLine: {'line': b'writing px4_msgs.egg-info/PKG-INFO\n'}
[1.169932] (px4_msgs) StdoutLine: {'line': b'writing dependency_links to px4_msgs.egg-info/dependency_links.txt\n'}
[1.170030] (px4_msgs) StdoutLine: {'line': b'writing top-level names to px4_msgs.egg-info/top_level.txt\n'}
[1.170115] (px4_msgs) StdoutLine: {'line': b'[100%] Built target px4_msgs__rosidl_typesupport_c__pyext\n'}
[1.173820] (px4_msgs) StdoutLine: {'line': b'[100%] Built target px4_msgs__rosidl_typesupport_introspection_c__pyext\n'}
[1.177165] (px4_msgs) StdoutLine: {'line': b'[100%] Built target px4_msgs__rosidl_typesupport_fastrtps_c__pyext\n'}
[1.205188] (-) TimerEvent: {}
[1.234128] (px4_msgs) StdoutLine: {'line': b"reading manifest file 'px4_msgs.egg-info/SOURCES.txt'\n"}
[1.239841] (px4_msgs) StdoutLine: {'line': b"writing manifest file 'px4_msgs.egg-info/SOURCES.txt'\n"}
[1.272243] (px4_msgs) StdoutLine: {'line': b'[100%] Built target ament_cmake_python_build_px4_msgs_egg\n'}
[1.283463] (px4_msgs) CommandEnded: {'returncode': 0}
[1.305298] (-) TimerEvent: {}
[1.405536] (-) TimerEvent: {}
[1.505792] (-) TimerEvent: {}
[1.606059] (-) TimerEvent: {}
[1.706321] (-) TimerEvent: {}
[1.807622] (-) TimerEvent: {}
[1.907883] (-) TimerEvent: {}
[2.008109] (-) TimerEvent: {}
[2.108337] (-) TimerEvent: {}
[2.208567] (-) TimerEvent: {}
[2.308761] (-) TimerEvent: {}
[2.409060] (-) TimerEvent: {}
[2.509263] (-) TimerEvent: {}
[2.609489] (-) TimerEvent: {}
[2.709682] (-) TimerEvent: {}
[2.809912] (-) TimerEvent: {}
[2.910226] (-) TimerEvent: {}
[3.010417] (-) TimerEvent: {}
[3.112818] (-) TimerEvent: {}
[3.213043] (-) TimerEvent: {}
[3.313356] (-) TimerEvent: {}
[3.413580] (-) TimerEvent: {}
[3.513773] (-) TimerEvent: {}
[3.613966] (-) TimerEvent: {}
[3.717716] (-) TimerEvent: {}
[3.817940] (-) TimerEvent: {}
[3.918167] (-) TimerEvent: {}
[4.018390] (-) TimerEvent: {}
[4.118651] (-) TimerEvent: {}
[4.219609] (-) TimerEvent: {}
[4.319827] (-) TimerEvent: {}
[4.420070] (-) TimerEvent: {}
[4.520297] (-) TimerEvent: {}
[4.620525] (-) TimerEvent: {}
[4.720725] (-) TimerEvent: {}
[4.821006] (-) TimerEvent: {}
[4.921265] (-) TimerEvent: {}
[5.021498] (-) TimerEvent: {}
[5.121825] (-) TimerEvent: {}
[5.222057] (-) TimerEvent: {}
[5.322305] (-) TimerEvent: {}
[5.422507] (-) TimerEvent: {}
[5.522755] (-) TimerEvent: {}
[5.622966] (-) TimerEvent: {}
[5.723256] (-) TimerEvent: {}
[5.761930] (px4_msgs) JobProgress: {'identifier': 'px4_msgs', 'progress': 'install'}
[5.770786] (px4_msgs) Command: {'cmd': ['/usr/bin/cmake', '--install', '/home/pavel/ws_ros2/build/px4_msgs'], 'cwd': '/home/pavel/ws_ros2/build/px4_msgs', 'env': OrderedDict([('LESSOPEN', '| /usr/bin/lesspipe %s'), ('USER', 'pavel'), ('LC_TIME', 'ro_RO.UTF-8'), ('XDG_SESSION_TYPE', 'wayland'), ('SHLVL', '1'), ('LD_LIBRARY_PATH', '/usr/lib/x86_64-linux-gnu/gazebo-11/plugins:/opt/ros/humble/opt/rviz_ogre_vendor/lib:/opt/ros/humble/lib/x86_64-linux-gnu:/opt/ros/humble/lib'), ('HOME', '/home/pavel'), ('OLDPWD', '/home/pavel'), ('DESKTOP_SESSION', 'ubuntu'), ('NVM_BIN', '/home/pavel/.nvm/versions/node/v20.13.1/bin'), ('NVM_INC', '/home/pavel/.nvm/versions/node/v20.13.1/include/node'), ('ROS_PYTHON_VERSION', '3'), ('GNOME_SHELL_SESSION_MODE', 'ubuntu'), ('GTK_MODULES', 'gail:atk-bridge'), ('LC_MONETARY', 'ro_RO.UTF-8'), ('SYSTEMD_EXEC_PID', '2268'), ('DBUS_SESSION_BUS_ADDRESS', 'unix:path=/run/user/1000/bus'), ('COLORTERM', 'truecolor'), ('NVM_DIR', '/home/pavel/.nvm'), ('IM_CONFIG_PHASE', '1'), ('WAYLAND_DISPLAY', 'wayland-0'), ('ROS_DISTRO', 'humble'), ('LOGNAME', 'pavel'), ('_', '/usr/bin/colcon'), ('ROS_VERSION', '2'), ('XDG_SESSION_CLASS', 'user'), ('USERNAME', 'pavel'), ('TERM', 'xterm-256color'), ('GNOME_DESKTOP_SESSION_ID', 'this-is-deprecated'), ('ROS_LOCALHOST_ONLY', '0'), ('PATH', '/opt/ros/humble/bin:/home/pavel/.nvm/versions/node/v20.13.1/bin:/opt/gcc-arm-none-eabi-9-2020-q2-update/bin:/home/pavel/.local/bin:/usr/local/sbin:/usr/local/bin:/usr/sbin:/usr/bin:/sbin:/bin:/usr/games:/usr/local/games:/snap/bin:/snap/bin'), ('SESSION_MANAGER', 'local/UbuntuLapBean:@/tmp/.ICE-unix/2238,unix/UbuntuLapBean:/tmp/.ICE-unix/2238'), ('XDG_MENU_PREFIX', 'gnome-'), ('LC_ADDRESS', 'ro_RO.UTF-8'), ('GNOME_TERMINAL_SCREEN', '/org/gnome/Terminal/screen/c142e6c4_12e7_41f8_9875_6b86aa254577'), ('GNOME_SETUP_DISPLAY', ':1'), ('XDG_RUNTIME_DIR', '/run/user/1000'), ('DISPLAY', ':0'), ('LANG', 'en_US.UTF-8'), ('XDG_CURRENT_DESKTOP', 'ubuntu:GNOME'), ('LC_TELEPHONE', 'ro_RO.UTF-8'), ('XMODIFIERS', '@im=ibus'), ('XDG_SESSION_DESKTOP', 'ubuntu'), ('XAUTHORITY', '/run/user/1000/.mutter-Xwaylandauth.8MMB82'), ('LS_COLORS', 'rs=0:di=01;34:ln=01;36:mh=00:pi=40;33:so=01;35:do=01;35:bd=40;33;01:cd=40;33;01:or=40;31;01:mi=00:su=37;41:sg=30;43:ca=30;41:tw=30;42:ow=34;42:st=37;44:ex=01;32:*.tar=01;31:*.tgz=01;31:*.arc=01;31:*.arj=01;31:*.taz=01;31:*.lha=01;31:*.lz4=01;31:*.lzh=01;31:*.lzma=01;31:*.tlz=01;31:*.txz=01;31:*.tzo=01;31:*.t7z=01;31:*.zip=01;31:*.z=01;31:*.dz=01;31:*.gz=01;31:*.lrz=01;31:*.lz=01;31:*.lzo=01;31:*.xz=01;31:*.zst=01;31:*.tzst=01;31:*.bz2=01;31:*.bz=01;31:*.tbz=01;31:*.tbz2=01;31:*.tz=01;31:*.deb=01;31:*.rpm=01;31:*.jar=01;31:*.war=01;31:*.ear=01;31:*.sar=01;31:*.rar=01;31:*.alz=01;31:*.ace=01;31:*.zoo=01;31:*.cpio=01;31:*.7z=01;31:*.rz=01;31:*.cab=01;31:*.wim=01;31:*.swm=01;31:*.dwm=01;31:*.esd=01;31:*.jpg=01;35:*.jpeg=01;35:*.mjpg=01;35:*.mjpeg=01;35:*.gif=01;35:*.bmp=01;35:*.pbm=01;35:*.pgm=01;35:*.ppm=01;35:*.tga=01;35:*.xbm=01;35:*.xpm=01;35:*.tif=01;35:*.tiff=01;35:*.png=01;35:*.svg=01;35:*.svgz=01;35:*.mng=01;35:*.pcx=01;35:*.mov=01;35:*.mpg=01;35:*.mpeg=01;35:*.m2v=01;35:*.mkv=01;35:*.webm=01;35:*.webp=01;35:*.ogm=01;35:*.mp4=01;35:*.m4v=01;35:*.mp4v=01;35:*.vob=01;35:*.qt=01;35:*.nuv=01;35:*.wmv=01;35:*.asf=01;35:*.rm=01;35:*.rmvb=01;35:*.flc=01;35:*.avi=01;35:*.fli=01;35:*.flv=01;35:*.gl=01;35:*.dl=01;35:*.xcf=01;35:*.xwd=01;35:*.yuv=01;35:*.cgm=01;35:*.emf=01;35:*.ogv=01;35:*.ogx=01;35:*.aac=00;36:*.au=00;36:*.flac=00;36:*.m4a=00;36:*.mid=00;36:*.midi=00;36:*.mka=00;36:*.mp3=00;36:*.mpc=00;36:*.ogg=00;36:*.ra=00;36:*.wav=00;36:*.oga=00;36:*.opus=00;36:*.spx=00;36:*.xspf=00;36:'), ('GNOME_TERMINAL_SERVICE', ':1.108'), ('SSH_AGENT_LAUNCHER', 'gnome-keyring'), ('SSH_AUTH_SOCK', '/run/user/1000/keyring/ssh'), ('AMENT_PREFIX_PATH', '/opt/ros/humble'), ('SHELL', '/bin/bash'), ('LC_NAME', 'ro_RO.UTF-8'), ('QT_ACCESSIBILITY', '1'), ('GDMSESSION', 'ubuntu'), ('LESSCLOSE', '/usr/bin/lesspipe %s %s'), ('LC_MEASUREMENT', 'ro_RO.UTF-8'), ('LC_IDENTIFICATION', 'ro_RO.UTF-8'), ('QT_IM_MODULE', 'ibus'), ('PWD', '/home/pavel/ws_ros2/build/px4_msgs'), ('LC_ALL', 'en_US.UTF-8'), ('XDG_CONFIG_DIRS', '/etc/xdg/xdg-ubuntu:/etc/xdg'), ('NVM_CD_FLAGS', ''), ('XDG_DATA_DIRS', '/usr/share/ubuntu:/usr/local/share/:/usr/share/:/var/lib/snapd/desktop'), ('PYTHONPATH', '/opt/ros/humble/lib/python3.10/site-packages:/opt/ros/humble/local/lib/python3.10/dist-packages'), ('LC_NUMERIC', 'ro_RO.UTF-8'), ('LC_PAPER', 'ro_RO.UTF-8'), ('COLCON', '1'), ('VTE_VERSION', '6800'), ('CMAKE_PREFIX_PATH', '/opt/ros/humble')]), 'shell': False}
[5.783407] (px4_msgs) StdoutLine: {'line': b'-- Install configuration: ""\n'}
[5.784372] (px4_msgs) StdoutLine: {'line': b'-- Up-to-date: /home/pavel/ws_ros2/install/px4_msgs/share/ament_index/resource_index/rosidl_interfaces/px4_msgs\n'}
[5.784663] (px4_msgs) StdoutLine: {'line': b'-- Up-to-date: /home/pavel/ws_ros2/install/px4_msgs/include/px4_msgs/px4_msgs\n'}
[5.784869] (px4_msgs) StdoutLine: {'line': b'-- Up-to-date: /home/pavel/ws_ros2/install/px4_msgs/include/px4_msgs/px4_msgs/srv\n'}
[5.785025] (px4_msgs) StdoutLine: {'line': b'-- Up-to-date: /home/pavel/ws_ros2/install/px4_msgs/include/px4_msgs/px4_msgs/srv/vehicle_command.h\n'}
[5.785090] (px4_msgs) StdoutLine: {'line': b'-- Up-to-date: /home/pavel/ws_ros2/install/px4_msgs/include/px4_msgs/px4_msgs/srv/detail\n'}
[5.785242] (px4_msgs) StdoutLine: {'line': b'-- Up-to-date: /home/pavel/ws_ros2/install/px4_msgs/include/px4_msgs/px4_msgs/srv/detail/vehicle_command__struct.h\n'}
[5.785311] (px4_msgs) StdoutLine: {'line': b'-- Up-to-date: /home/pavel/ws_ros2/install/px4_msgs/include/px4_msgs/px4_msgs/srv/detail/vehicle_command__type_support.h\n'}
[5.785388] (px4_msgs) StdoutLine: {'line': b'-- Up-to-date: /home/pavel/ws_ros2/install/px4_msgs/include/px4_msgs/px4_msgs/srv/detail/vehicle_command__functions.c\n'}
[5.785473] (px4_msgs) StdoutLine: {'line': b'-- Up-to-date: /home/pavel/ws_ros2/install/px4_msgs/include/px4_msgs/px4_msgs/srv/detail/vehicle_command__functions.h\n'}
[5.785591] (px4_msgs) StdoutLine: {'line': b'-- Up-to-date: /home/pavel/ws_ros2/install/px4_msgs/include/px4_msgs/px4_msgs/msg\n'}
[5.785720] (px4_msgs) StdoutLine: {'line': b'-- Up-to-date: /home/pavel/ws_ros2/install/px4_msgs/include/px4_msgs/px4_msgs/msg/vehicle_optical_flow.h\n'}
[5.785800] (px4_msgs) StdoutLine: {'line': b'-- Up-to-date: /home/pavel/ws_ros2/install/px4_msgs/include/px4_msgs/px4_msgs/msg/system_power.h\n'}
[5.785906] (px4_msgs) StdoutLine: {'line': b'-- Up-to-date: /home/pavel/ws_ros2/install/px4_msgs/include/px4_msgs/px4_msgs/msg/vehicle_attitude.h\n'}
[5.785978] (px4_msgs) StdoutLine: {'line': b'-- Up-to-date: /home/pavel/ws_ros2/install/px4_msgs/include/px4_msgs/px4_msgs/msg/gps_inject_data.h\n'}
[5.786031] (px4_msgs) StdoutLine: {'line': b'-- Up-to-date: /home/pavel/ws_ros2/install/px4_msgs/include/px4_msgs/px4_msgs/msg/dataman_response.h\n'}
[5.786083] (px4_msgs) StdoutLine: {'line': b'-- Up-to-date: /home/pavel/ws_ros2/install/px4_msgs/include/px4_msgs/px4_msgs/msg/tecs_status.h\n'}
[5.786135] (px4_msgs) StdoutLine: {'line': b'-- Up-to-date: /home/pavel/ws_ros2/install/px4_msgs/include/px4_msgs/px4_msgs/msg/vehicle_command.h\n'}
[5.786194] (px4_msgs) StdoutLine: {'line': b'-- Up-to-date: /home/pavel/ws_ros2/install/px4_msgs/include/px4_msgs/px4_msgs/msg/rate_ctrl_status.h\n'}
[5.786246] (px4_msgs) StdoutLine: {'line': b'-- Up-to-date: /home/pavel/ws_ros2/install/px4_msgs/include/px4_msgs/px4_msgs/msg/tiltrotor_extra_controls.h\n'}
[5.786297] (px4_msgs) StdoutLine: {'line': b'-- Up-to-date: /home/pavel/ws_ros2/install/px4_msgs/include/px4_msgs/px4_msgs/msg/estimator_states.h\n'}
[5.786354] (px4_msgs) StdoutLine: {'line': b'-- Up-to-date: /home/pavel/ws_ros2/install/px4_msgs/include/px4_msgs/px4_msgs/msg/estimator_gps_status.h\n'}
[5.786407] (px4_msgs) StdoutLine: {'line': b'-- Up-to-date: /home/pavel/ws_ros2/install/px4_msgs/include/px4_msgs/px4_msgs/msg/sensor_airflow.h\n'}
[5.786457] (px4_msgs) StdoutLine: {'line': b'-- Up-to-date: /home/pavel/ws_ros2/install/px4_msgs/include/px4_msgs/px4_msgs/msg/actuator_controls_status.h\n'}
[5.786508] (px4_msgs) StdoutLine: {'line': b'-- Up-to-date: /home/pavel/ws_ros2/install/px4_msgs/include/px4_msgs/px4_msgs/msg/dataman_request.h\n'}
[5.786558] (px4_msgs) StdoutLine: {'line': b'-- Up-to-date: /home/pavel/ws_ros2/install/px4_msgs/include/px4_msgs/px4_msgs/msg/vehicle_control_mode.h\n'}
[5.786617] (px4_msgs) StdoutLine: {'line': b'-- Up-to-date: /home/pavel/ws_ros2/install/px4_msgs/include/px4_msgs/px4_msgs/msg/vehicle_magnetometer.h\n'}
[5.786709] (px4_msgs) StdoutLine: {'line': b'-- Up-to-date: /home/pavel/ws_ros2/install/px4_msgs/include/px4_msgs/px4_msgs/msg/trajectory_bezier.h\n'}
[5.786806] (px4_msgs) StdoutLine: {'line': b'-- Up-to-date: /home/pavel/ws_ros2/install/px4_msgs/include/px4_msgs/px4_msgs/msg/normalized_unsigned_setpoint.h\n'}
[5.786896] (px4_msgs) StdoutLine: {'line': b'-- Up-to-date: /home/pavel/ws_ros2/install/px4_msgs/include/px4_msgs/px4_msgs/msg/parameter_set_value_response.h\n'}
[5.786979] (px4_msgs) StdoutLine: {'line': b'-- Up-to-date: /home/pavel/ws_ros2/install/px4_msgs/include/px4_msgs/px4_msgs/msg/sensors_status.h\n'}
[5.787035] (px4_msgs) StdoutLine: {'line': b'-- Up-to-date: /home/pavel/ws_ros2/install/px4_msgs/include/px4_msgs/px4_msgs/msg/vehicle_roi.h\n'}
[5.787089] (px4_msgs) StdoutLine: {'line': b'-- Up-to-date: /home/pavel/ws_ros2/install/px4_msgs/include/px4_msgs/px4_msgs/msg/airspeed_wind.h\n'}
[5.787143] (px4_msgs) StdoutLine: {'line': b'-- Up-to-date: /home/pavel/ws_ros2/install/px4_msgs/include/px4_msgs/px4_msgs/msg/gps_dump.h\n'}
[5.787197] (px4_msgs) StdoutLine: {'line': b'-- Up-to-date: /home/pavel/ws_ros2/install/px4_msgs/include/px4_msgs/px4_msgs/msg/position_setpoint_triplet.h\n'}
[5.787251] (px4_msgs) StdoutLine: {'line': b'-- Up-to-date: /home/pavel/ws_ros2/install/px4_msgs/include/px4_msgs/px4_msgs/msg/flight_phase_estimation.h\n'}
[5.787305] (px4_msgs) StdoutLine: {'line': b'-- Up-to-date: /home/pavel/ws_ros2/install/px4_msgs/include/px4_msgs/px4_msgs/msg/follow_target_status.h\n'}
[5.787359] (px4_msgs) StdoutLine: {'line': b'-- Up-to-date: /home/pavel/ws_ros2/install/px4_msgs/include/px4_msgs/px4_msgs/msg/detail\n'}
[5.787413] (px4_msgs) StdoutLine: {'line': b'-- Up-to-date: /home/pavel/ws_ros2/install/px4_msgs/include/px4_msgs/px4_msgs/msg/detail/actuator_motors__type_support.h\n'}
[5.787467] (px4_msgs) StdoutLine: {'line': b'-- Up-to-date: /home/pavel/ws_ros2/install/px4_msgs/include/px4_msgs/px4_msgs/msg/detail/radio_status__functions.h\n'}
[5.787521] (px4_msgs) StdoutLine: {'line': b'-- Up-to-date: /home/pavel/ws_ros2/install/px4_msgs/include/px4_msgs/px4_msgs/msg/detail/camera_status__functions.c\n'}
[5.787578] (px4_msgs) StdoutLine: {'line': b'-- Up-to-date: /home/pavel/ws_ros2/install/px4_msgs/include/px4_msgs/px4_msgs/msg/detail/can_interface_status__functions.h\n'}
[5.787705] (px4_msgs) StdoutLine: {'line': b'-- Up-to-date: /home/pavel/ws_ros2/install/px4_msgs/include/px4_msgs/px4_msgs/msg/detail/launch_detection_status__struct.h\n'}
[5.787767] (px4_msgs) StdoutLine: {'line': b'-- Up-to-date: /home/pavel/ws_ros2/install/px4_msgs/include/px4_msgs/px4_msgs/msg/detail/can_interface_status__struct.h\n'}
[5.787822] (px4_msgs) StdoutLine: {'line': b'-- Up-to-date: /home/pavel/ws_ros2/install/px4_msgs/include/px4_msgs/px4_msgs/msg/detail/estimator_bias__functions.c\n'}
[5.787901] (px4_msgs) StdoutLine: {'line': b'-- Up-to-date: /home/pavel/ws_ros2/install/px4_msgs/include/px4_msgs/px4_msgs/msg/detail/actuator_servos_trim__functions.h\n'}
[5.787956] (px4_msgs) StdoutLine: {'line': b'-- Up-to-date: /home/pavel/ws_ros2/install/px4_msgs/include/px4_msgs/px4_msgs/msg/detail/yaw_estimator_status__functions.h\n'}
[5.788011] (px4_msgs) StdoutLine: {'line': b'-- Up-to-date: /home/pavel/ws_ros2/install/px4_msgs/include/px4_msgs/px4_msgs/msg/detail/timesync_status__functions.h\n'}
[5.788065] (px4_msgs) StdoutLine: {'line': b'-- Up-to-date: /home/pavel/ws_ros2/install/px4_msgs/include/px4_msgs/px4_msgs/msg/detail/sensor_gps__struct.h\n'}
[5.788119] (px4_msgs) StdoutLine: {'line': b'-- Up-to-date: /home/pavel/ws_ros2/install/px4_msgs/include/px4_msgs/px4_msgs/msg/detail/gimbal_device_set_attitude__struct.h\n'}
[5.788174] (px4_msgs) StdoutLine: {'line': b'-- Up-to-date: /home/pavel/ws_ros2/install/px4_msgs/include/px4_msgs/px4_msgs/msg/detail/px4io_status__functions.c\n'}
[5.788227] (px4_msgs) StdoutLine: {'line': b'-- Up-to-date: /home/pavel/ws_ros2/install/px4_msgs/include/px4_msgs/px4_msgs/msg/detail/estimator_aid_source3d__struct.h\n'}
[5.788282] (px4_msgs) StdoutLine: {'line': b'-- Up-to-date: /home/pavel/ws_ros2/install/px4_msgs/include/px4_msgs/px4_msgs/msg/detail/logger_status__struct.h\n'}
[5.788336] (px4_msgs) StdoutLine: {'line': b'-- Up-to-date: /home/pavel/ws_ros2/install/px4_msgs/include/px4_msgs/px4_msgs/msg/detail/follow_target_status__struct.h\n'}
[5.788390] (px4_msgs) StdoutLine: {'line': b'-- Up-to-date: /home/pavel/ws_ros2/install/px4_msgs/include/px4_msgs/px4_msgs/msg/detail/estimator_states__functions.h\n'}
[5.788444] (px4_msgs) StdoutLine: {'line': b'-- Up-to-date: /home/pavel/ws_ros2/install/px4_msgs/include/px4_msgs/px4_msgs/msg/detail/camera_capture__functions.c\n'}
[5.788512] (px4_msgs) StdoutLine: {'line': b'-- Up-to-date: /home/pavel/ws_ros2/install/px4_msgs/include/px4_msgs/px4_msgs/msg/detail/geofence_status__type_support.h\n'}
[5.788568] (px4_msgs) StdoutLine: {'line': b'-- Up-to-date: /home/pavel/ws_ros2/install/px4_msgs/include/px4_msgs/px4_msgs/msg/detail/rpm__type_support.h\n'}
[5.788701] (px4_msgs) StdoutLine: {'line': b'-- Up-to-date: /home/pavel/ws_ros2/install/px4_msgs/include/px4_msgs/px4_msgs/msg/detail/sensor_accel_fifo__functions.c\n'}
[5.788778] (px4_msgs) StdoutLine: {'line': b'-- Up-to-date: /home/pavel/ws_ros2/install/px4_msgs/include/px4_msgs/px4_msgs/msg/detail/battery_status__type_support.h\n'}
[5.788833] (px4_msgs) StdoutLine: {'line': b'-- Up-to-date: /home/pavel/ws_ros2/install/px4_msgs/include/px4_msgs/px4_msgs/msg/detail/vehicle_magnetometer__type_support.h\n'}
[5.788887] (px4_msgs) StdoutLine: {'line': b'-- Up-to-date: /home/pavel/ws_ros2/install/px4_msgs/include/px4_msgs/px4_msgs/msg/detail/position_controller_landing_status__struct.h\n'}
[5.788940] (px4_msgs) StdoutLine: {'line': b'-- Up-to-date: /home/pavel/ws_ros2/install/px4_msgs/include/px4_msgs/px4_msgs/msg/detail/parameter_reset_request__functions.h\n'}
[5.788994] (px4_msgs) StdoutLine: {'line': b'-- Up-to-date: /home/pavel/ws_ros2/install/px4_msgs/include/px4_msgs/px4_msgs/msg/detail/differential_drive_setpoint__type_support.h\n'}
[5.789048] (px4_msgs) StdoutLine: {'line': b'-- Up-to-date: /home/pavel/ws_ros2/install/px4_msgs/include/px4_msgs/px4_msgs/msg/detail/pps_capture__functions.c\n'}
[5.789162] (px4_msgs) StdoutLine: {'line': b'-- Up-to-date: /home/pavel/ws_ros2/install/px4_msgs/include/px4_msgs/px4_msgs/msg/detail/sensor_combined__functions.c\n'}
[5.789218] (px4_msgs) StdoutLine: {'line': b'-- Up-to-date: /home/pavel/ws_ros2/install/px4_msgs/include/px4_msgs/px4_msgs/msg/detail/estimator_aid_source2d__struct.h\n'}
[5.789272] (px4_msgs) StdoutLine: {'line': b'-- Up-to-date: /home/pavel/ws_ros2/install/px4_msgs/include/px4_msgs/px4_msgs/msg/detail/system_power__functions.c\n'}
[5.789325] (px4_msgs) StdoutLine: {'line': b'-- Up-to-date: /home/pavel/ws_ros2/install/px4_msgs/include/px4_msgs/px4_msgs/msg/detail/internal_combustion_engine_status__type_support.h\n'}
[5.789413] (px4_msgs) StdoutLine: {'line': b'-- Up-to-date: /home/pavel/ws_ros2/install/px4_msgs/include/px4_msgs/px4_msgs/msg/detail/sensor_accel_fifo__type_support.h\n'}
[5.789467] (px4_msgs) StdoutLine: {'line': b'-- Up-to-date: /home/pavel/ws_ros2/install/px4_msgs/include/px4_msgs/px4_msgs/msg/detail/gpio_out__type_support.h\n'}
[5.789522] (px4_msgs) StdoutLine: {'line': b'-- Up-to-date: /home/pavel/ws_ros2/install/px4_msgs/include/px4_msgs/px4_msgs/msg/detail/mavlink_tunnel__functions.h\n'}
[5.789580] (px4_msgs) StdoutLine: {'line': b'-- Up-to-date: /home/pavel/ws_ros2/install/px4_msgs/include/px4_msgs/px4_msgs/msg/detail/airspeed_wind__type_support.h\n'}
[5.789691] (px4_msgs) StdoutLine: {'line': b'-- Up-to-date: /home/pavel/ws_ros2/install/px4_msgs/include/px4_msgs/px4_msgs/msg/detail/vehicle_roi__functions.h\n'}
[5.789748] (px4_msgs) StdoutLine: {'line': b'-- Up-to-date: /home/pavel/ws_ros2/install/px4_msgs/include/px4_msgs/px4_msgs/msg/detail/vehicle_local_position__type_support.h\n'}
[5.789803] (px4_msgs) StdoutLine: {'line': b'-- Up-to-date: /home/pavel/ws_ros2/install/px4_msgs/include/px4_msgs/px4_msgs/msg/detail/action_request__struct.h\n'}
[5.789856] (px4_msgs) StdoutLine: {'line': b'-- Up-to-date: /home/pavel/ws_ros2/install/px4_msgs/include/px4_msgs/px4_msgs/msg/detail/landing_target_pose__struct.h\n'}
[5.789909] (px4_msgs) StdoutLine: {'line': b'-- Up-to-date: /home/pavel/ws_ros2/install/px4_msgs/include/px4_msgs/px4_msgs/msg/detail/vehicle_imu__functions.c\n'}
[5.789962] (px4_msgs) StdoutLine: {'line': b'-- Up-to-date: /home/pavel/ws_ros2/install/px4_msgs/include/px4_msgs/px4_msgs/msg/detail/uavcan_parameter_value__functions.c\n'}
[5.790015] (px4_msgs) StdoutLine: {'line': b'-- Up-to-date: /home/pavel/ws_ros2/install/px4_msgs/include/px4_msgs/px4_msgs/msg/detail/sensor_gyro__functions.c\n'}
[5.790068] (px4_msgs) StdoutLine: {'line': b'-- Up-to-date: /home/pavel/ws_ros2/install/px4_msgs/include/px4_msgs/px4_msgs/msg/detail/geofence_status__struct.h\n'}
[5.790121] (px4_msgs) StdoutLine: {'line': b'-- Up-to-date: /home/pavel/ws_ros2/install/px4_msgs/include/px4_msgs/px4_msgs/msg/detail/gimbal_manager_status__struct.h\n'}
[5.790173] (px4_msgs) StdoutLine: {'line': b'-- Up-to-date: /home/pavel/ws_ros2/install/px4_msgs/include/px4_msgs/px4_msgs/msg/detail/vehicle_command_ack__struct.h\n'}
[5.790226] (px4_msgs) StdoutLine: {'line': b'-- Up-to-date: /home/pavel/ws_ros2/install/px4_msgs/include/px4_msgs/px4_msgs/msg/detail/dataman_response__type_support.h\n'}
[5.790280] (px4_msgs) StdoutLine: {'line': b'-- Up-to-date: /home/pavel/ws_ros2/install/px4_msgs/include/px4_msgs/px4_msgs/msg/detail/gimbal_controls__type_support.h\n'}
[5.790332] (px4_msgs) StdoutLine: {'line': b'-- Up-to-date: /home/pavel/ws_ros2/install/px4_msgs/include/px4_msgs/px4_msgs/msg/detail/position_controller_landing_status__functions.h\n'}
[5.790385] (px4_msgs) StdoutLine: {'line': b'-- Up-to-date: /home/pavel/ws_ros2/install/px4_msgs/include/px4_msgs/px4_msgs/msg/detail/geofence_result__struct.h\n'}
[5.790451] (px4_msgs) StdoutLine: {'line': b'-- Up-to-date: /home/pavel/ws_ros2/install/px4_msgs/include/px4_msgs/px4_msgs/msg/detail/arming_check_request__functions.c\n'}
[5.790507] (px4_msgs) StdoutLine: {'line': b'-- Up-to-date: /home/pavel/ws_ros2/install/px4_msgs/include/px4_msgs/px4_msgs/msg/detail/input_rc__struct.h\n'}
[5.790560] (px4_msgs) StdoutLine: {'line': b'-- Up-to-date: /home/pavel/ws_ros2/install/px4_msgs/include/px4_msgs/px4_msgs/msg/detail/unregister_ext_component__functions.c\n'}
[5.790712] (px4_msgs) StdoutLine: {'line': b'-- Up-to-date: /home/pavel/ws_ros2/install/px4_msgs/include/px4_msgs/px4_msgs/msg/detail/unregister_ext_component__functions.h\n'}
[5.790788] (px4_msgs) StdoutLine: {'line': b'-- Up-to-date: /home/pavel/ws_ros2/install/px4_msgs/include/px4_msgs/px4_msgs/msg/detail/sensor_mag__functions.c\n'}
[5.790843] (px4_msgs) StdoutLine: {'line': b'-- Up-to-date: /home/pavel/ws_ros2/install/px4_msgs/include/px4_msgs/px4_msgs/msg/detail/estimator_bias3d__type_support.h\n'}
[5.790921] (px4_msgs) StdoutLine: {'line': b'-- Up-to-date: /home/pavel/ws_ros2/install/px4_msgs/include/px4_msgs/px4_msgs/msg/detail/tiltrotor_extra_controls__functions.h\n'}
[5.790976] (px4_msgs) StdoutLine: {'line': b'-- Up-to-date: /home/pavel/ws_ros2/install/px4_msgs/include/px4_msgs/px4_msgs/msg/detail/trajectory_setpoint__functions.h\n'}
[5.791029] (px4_msgs) StdoutLine: {'line': b'-- Up-to-date: /home/pavel/ws_ros2/install/px4_msgs/include/px4_msgs/px4_msgs/msg/detail/takeoff_status__functions.c\n'}
[5.791083] (px4_msgs) StdoutLine: {'line': b'-- Up-to-date: /home/pavel/ws_ros2/install/px4_msgs/include/px4_msgs/px4_msgs/msg/detail/actuator_motors__struct.h\n'}
[5.791135] (px4_msgs) StdoutLine: {'line': b'-- Up-to-date: /home/pavel/ws_ros2/install/px4_msgs/include/px4_msgs/px4_msgs/msg/detail/estimator_status_flags__type_support.h\n'}
[5.791189] (px4_msgs) StdoutLine: {'line': b'-- Up-to-date: /home/pavel/ws_ros2/install/px4_msgs/include/px4_msgs/px4_msgs/msg/detail/sensor_gyro_fifo__struct.h\n'}
[5.791243] (px4_msgs) StdoutLine: {'line': b'-- Up-to-date: /home/pavel/ws_ros2/install/px4_msgs/include/px4_msgs/px4_msgs/msg/detail/vehicle_command__struct.h\n'}
[5.791357] (px4_msgs) StdoutLine: {'line': b'-- Up-to-date: /home/pavel/ws_ros2/install/px4_msgs/include/px4_msgs/px4_msgs/msg/detail/estimator_aid_source3d__functions.c\n'}
[5.791412] (px4_msgs) StdoutLine: {'line': b'-- Up-to-date: /home/pavel/ws_ros2/install/px4_msgs/include/px4_msgs/px4_msgs/msg/detail/navigator_mission_item__type_support.h\n'}
[5.791465] (px4_msgs) StdoutLine: {'line': b'-- Up-to-date: /home/pavel/ws_ros2/install/px4_msgs/include/px4_msgs/px4_msgs/msg/detail/internal_combustion_engine_status__struct.h\n'}
[5.791519] (px4_msgs) StdoutLine: {'line': b'-- Up-to-date: /home/pavel/ws_ros2/install/px4_msgs/include/px4_msgs/px4_msgs/msg/detail/estimator_gps_status__functions.c\n'}
[5.791572] (px4_msgs) StdoutLine: {'line': b'-- Up-to-date: /home/pavel/ws_ros2/install/px4_msgs/include/px4_msgs/px4_msgs/msg/detail/vehicle_acceleration__functions.c\n'}
[5.791768] (px4_msgs) StdoutLine: {'line': b'-- Up-to-date: /home/pavel/ws_ros2/install/px4_msgs/include/px4_msgs/px4_msgs/msg/detail/vehicle_status__struct.h\n'}
[5.791823] (px4_msgs) StdoutLine: {'line': b'-- Up-to-date: /home/pavel/ws_ros2/install/px4_msgs/include/px4_msgs/px4_msgs/msg/detail/orb_test_medium__struct.h\n'}
[5.791877] (px4_msgs) StdoutLine: {'line': b'-- Up-to-date: /home/pavel/ws_ros2/install/px4_msgs/include/px4_msgs/px4_msgs/msg/detail/tecs_status__functions.c\n'}
[5.791930] (px4_msgs) StdoutLine: {'line': b'-- Up-to-date: /home/pavel/ws_ros2/install/px4_msgs/include/px4_msgs/px4_msgs/msg/detail/rpm__functions.c\n'}
[5.791984] (px4_msgs) StdoutLine: {'line': b'-- Up-to-date: /home/pavel/ws_ros2/install/px4_msgs/include/px4_msgs/px4_msgs/msg/detail/debug_array__struct.h\n'}
[5.792037] (px4_msgs) StdoutLine: {'line': b'-- Up-to-date: /home/pavel/ws_ros2/install/px4_msgs/include/px4_msgs/px4_msgs/msg/detail/vehicle_rates_setpoint__functions.h\n'}
[5.792090] (px4_msgs) StdoutLine: {'line': b'-- Up-to-date: /home/pavel/ws_ros2/install/px4_msgs/include/px4_msgs/px4_msgs/msg/detail/vehicle_constraints__functions.c\n'}
[5.792143] (px4_msgs) StdoutLine: {'line': b'-- Up-to-date: /home/pavel/ws_ros2/install/px4_msgs/include/px4_msgs/px4_msgs/msg/detail/vehicle_torque_setpoint__functions.c\n'}
[5.792196] (px4_msgs) StdoutLine: {'line': b'-- Up-to-date: /home/pavel/ws_ros2/install/px4_msgs/include/px4_msgs/px4_msgs/msg/detail/register_ext_component_reply__type_support.h\n'}
[5.792250] (px4_msgs) StdoutLine: {'line': b'-- Up-to-date: /home/pavel/ws_ros2/install/px4_msgs/include/px4_msgs/px4_msgs/msg/detail/landing_gear_wheel__functions.c\n'}
[5.792303] (px4_msgs) StdoutLine: {'line': b'-- Up-to-date: /home/pavel/ws_ros2/install/px4_msgs/include/px4_msgs/px4_msgs/msg/detail/vehicle_attitude_setpoint__functions.c\n'}
[5.792356] (px4_msgs) StdoutLine: {'line': b'-- Up-to-date: /home/pavel/ws_ros2/install/px4_msgs/include/px4_msgs/px4_msgs/msg/detail/register_ext_component_request__functions.h\n'}
[5.792461] (px4_msgs) StdoutLine: {'line': b'-- Up-to-date: /home/pavel/ws_ros2/install/px4_msgs/include/px4_msgs/px4_msgs/msg/detail/vehicle_local_position__functions.h\n'}
[5.792515] (px4_msgs) StdoutLine: {'line': b'-- Up-to-date: /home/pavel/ws_ros2/install/px4_msgs/include/px4_msgs/px4_msgs/msg/detail/rpm__struct.h\n'}
[5.792605] (px4_msgs) StdoutLine: {'line': b'-- Up-to-date: /home/pavel/ws_ros2/install/px4_msgs/include/px4_msgs/px4_msgs/msg/detail/position_controller_landing_status__functions.c\n'}
[5.792663] (px4_msgs) StdoutLine: {'line': b'-- Up-to-date: /home/pavel/ws_ros2/install/px4_msgs/include/px4_msgs/px4_msgs/msg/detail/fuel_tank_status__functions.h\n'}
[5.792717] (px4_msgs) StdoutLine: {'line': b'-- Up-to-date: /home/pavel/ws_ros2/install/px4_msgs/include/px4_msgs/px4_msgs/msg/detail/iridiumsbd_status__functions.h\n'}
[5.792771] (px4_msgs) StdoutLine: {'line': b'-- Up-to-date: /home/pavel/ws_ros2/install/px4_msgs/include/px4_msgs/px4_msgs/msg/detail/health_report__functions.h\n'}
[5.792824] (px4_msgs) StdoutLine: {'line': b'-- Up-to-date: /home/pavel/ws_ros2/install/px4_msgs/include/px4_msgs/px4_msgs/msg/detail/estimator_innovations__functions.c\n'}
[5.792878] (px4_msgs) StdoutLine: {'line': b'-- Up-to-date: /home/pavel/ws_ros2/install/px4_msgs/include/px4_msgs/px4_msgs/msg/detail/log_message__struct.h\n'}
[5.792930] (px4_msgs) StdoutLine: {'line': b'-- Up-to-date: /home/pavel/ws_ros2/install/px4_msgs/include/px4_msgs/px4_msgs/msg/detail/navigator_mission_item__struct.h\n'}
[5.792983] (px4_msgs) StdoutLine: {'line': b'-- Up-to-date: /home/pavel/ws_ros2/install/px4_msgs/include/px4_msgs/px4_msgs/msg/detail/vehicle_trajectory_bezier__functions.h\n'}
[5.793036] (px4_msgs) StdoutLine: {'line': b'-- Up-to-date: /home/pavel/ws_ros2/install/px4_msgs/include/px4_msgs/px4_msgs/msg/detail/mavlink_log__struct.h\n'}
[5.793090] (px4_msgs) StdoutLine: {'line': b'-- Up-to-date: /home/pavel/ws_ros2/install/px4_msgs/include/px4_msgs/px4_msgs/msg/detail/trajectory_waypoint__functions.h\n'}
[5.793143] (px4_msgs) StdoutLine: {'line': b'-- Up-to-date: /home/pavel/ws_ros2/install/px4_msgs/include/px4_msgs/px4_msgs/msg/detail/ekf2_timestamps__functions.c\n'}
[5.793196] (px4_msgs) StdoutLine: {'line': b'-- Up-to-date: /home/pavel/ws_ros2/install/px4_msgs/include/px4_msgs/px4_msgs/msg/detail/cellular_status__struct.h\n'}
[5.793249] (px4_msgs) StdoutLine: {'line': b'-- Up-to-date: /home/pavel/ws_ros2/install/px4_msgs/include/px4_msgs/px4_msgs/msg/detail/magnetometer_bias_estimate__functions.h\n'}
[5.793302] (px4_msgs) StdoutLine: {'line': b'-- Up-to-date: /home/pavel/ws_ros2/install/px4_msgs/include/px4_msgs/px4_msgs/msg/detail/home_position__functions.h\n'}
[5.793432] (px4_msgs) StdoutLine: {'line': b'-- Up-to-date: /home/pavel/ws_ros2/install/px4_msgs/include/px4_msgs/px4_msgs/msg/detail/sensor_accel_fifo__functions.h\n'}
[5.793487] (px4_msgs) StdoutLine: {'line': b'-- Up-to-date: /home/pavel/ws_ros2/install/px4_msgs/include/px4_msgs/px4_msgs/msg/detail/qshell_req__type_support.h\n'}
[5.793541] (px4_msgs) StdoutLine: {'line': b'-- Up-to-date: /home/pavel/ws_ros2/install/px4_msgs/include/px4_msgs/px4_msgs/msg/detail/event__type_support.h\n'}
[5.793599] (px4_msgs) StdoutLine: {'line': b'-- Up-to-date: /home/pavel/ws_ros2/install/px4_msgs/include/px4_msgs/px4_msgs/msg/detail/camera_trigger__functions.h\n'}
[5.793716] (px4_msgs) StdoutLine: {'line': b'-- Up-to-date: /home/pavel/ws_ros2/install/px4_msgs/include/px4_msgs/px4_msgs/msg/detail/collision_report__struct.h\n'}
[5.793787] (px4_msgs) StdoutLine: {'line': b'-- Up-to-date: /home/pavel/ws_ros2/install/px4_msgs/include/px4_msgs/px4_msgs/msg/detail/collision_constraints__struct.h\n'}
[5.793842] (px4_msgs) StdoutLine: {'line': b'-- Up-to-date: /home/pavel/ws_ros2/install/px4_msgs/include/px4_msgs/px4_msgs/msg/detail/sensor_combined__functions.h\n'}
[5.793896] (px4_msgs) StdoutLine: {'line': b'-- Up-to-date: /home/pavel/ws_ros2/install/px4_msgs/include/px4_msgs/px4_msgs/msg/detail/debug_key_value__struct.h\n'}
[5.793949] (px4_msgs) StdoutLine: {'line': b'-- Up-to-date: /home/pavel/ws_ros2/install/px4_msgs/include/px4_msgs/px4_msgs/msg/detail/config_overrides__functions.h\n'}
[5.794040] (px4_msgs) StdoutLine: {'line': b'-- Up-to-date: /home/pavel/ws_ros2/install/px4_msgs/include/px4_msgs/px4_msgs/msg/detail/vehicle_status__type_support.h\n'}
[5.794095] (px4_msgs) StdoutLine: {'line': b'-- Up-to-date: /home/pavel/ws_ros2/install/px4_msgs/include/px4_msgs/px4_msgs/msg/detail/onboard_computer_status__functions.c\n'}
[5.794148] (px4_msgs) StdoutLine: {'line': b'-- Up-to-date: /home/pavel/ws_ros2/install/px4_msgs/include/px4_msgs/px4_msgs/msg/detail/dataman_request__functions.c\n'}
[5.794202] (px4_msgs) StdoutLine: {'line': b'-- Up-to-date: /home/pavel/ws_ros2/install/px4_msgs/include/px4_msgs/px4_msgs/msg/detail/event__struct.h\n'}
[5.794255] (px4_msgs) StdoutLine: {'line': b'-- Up-to-date: /home/pavel/ws_ros2/install/px4_msgs/include/px4_msgs/px4_msgs/msg/detail/actuator_motors__functions.c\n'}
[5.794308] (px4_msgs) StdoutLine: {'line': b'-- Up-to-date: /home/pavel/ws_ros2/install/px4_msgs/include/px4_msgs/px4_msgs/msg/detail/mode_completed__functions.c\n'}
[5.794361] (px4_msgs) StdoutLine: {'line': b'-- Up-to-date: /home/pavel/ws_ros2/install/px4_msgs/include/px4_msgs/px4_msgs/msg/detail/position_setpoint__type_support.h\n'}
[5.794414] (px4_msgs) StdoutLine: {'line': b'-- Up-to-date: /home/pavel/ws_ros2/install/px4_msgs/include/px4_msgs/px4_msgs/msg/detail/gps_dump__functions.h\n'}
[5.794466] (px4_msgs) StdoutLine: {'line': b'-- Up-to-date: /home/pavel/ws_ros2/install/px4_msgs/include/px4_msgs/px4_msgs/msg/detail/vehicle_air_data__functions.h\n'}
[5.794534] (px4_msgs) StdoutLine: {'line': b'-- Up-to-date: /home/pavel/ws_ros2/install/px4_msgs/include/px4_msgs/px4_msgs/msg/detail/iridiumsbd_status__struct.h\n'}
[5.794593] (px4_msgs) StdoutLine: {'line': b'-- Up-to-date: /home/pavel/ws_ros2/install/px4_msgs/include/px4_msgs/px4_msgs/msg/detail/tune_control__type_support.h\n'}
[5.794718] (px4_msgs) StdoutLine: {'line': b'-- Up-to-date: /home/pavel/ws_ros2/install/px4_msgs/include/px4_msgs/px4_msgs/msg/detail/vehicle_odometry__functions.c\n'}
[5.794789] (px4_msgs) StdoutLine: {'line': b'-- Up-to-date: /home/pavel/ws_ros2/install/px4_msgs/include/px4_msgs/px4_msgs/msg/detail/estimator_selector_status__functions.h\n'}
[5.794843] (px4_msgs) StdoutLine: {'line': b'-- Up-to-date: /home/pavel/ws_ros2/install/px4_msgs/include/px4_msgs/px4_msgs/msg/detail/vehicle_odometry__functions.h\n'}
[5.794896] (px4_msgs) StdoutLine: {'line': b'-- Up-to-date: /home/pavel/ws_ros2/install/px4_msgs/include/px4_msgs/px4_msgs/msg/detail/sensor_airflow__functions.c\n'}
[5.794950] (px4_msgs) StdoutLine: {'line': b'-- Up-to-date: /home/pavel/ws_ros2/install/px4_msgs/include/px4_msgs/px4_msgs/msg/detail/vehicle_air_data__struct.h\n'}
[5.795003] (px4_msgs) StdoutLine: {'line': b'-- Up-to-date: /home/pavel/ws_ros2/install/px4_msgs/include/px4_msgs/px4_msgs/msg/detail/buffer128__type_support.h\n'}
[5.795057] (px4_msgs) StdoutLine: {'line': b'-- Up-to-date: /home/pavel/ws_ros2/install/px4_msgs/include/px4_msgs/px4_msgs/msg/detail/rtl_time_estimate__functions.c\n'}
[5.795110] (px4_msgs) StdoutLine: {'line': b'-- Up-to-date: /home/pavel/ws_ros2/install/px4_msgs/include/px4_msgs/px4_msgs/msg/detail/normalized_unsigned_setpoint__type_support.h\n'}
[5.795164] (px4_msgs) StdoutLine: {'line': b'-- Up-to-date: /home/pavel/ws_ros2/install/px4_msgs/include/px4_msgs/px4_msgs/msg/detail/landing_target_innovations__type_support.h\n'}
[5.795218] (px4_msgs) StdoutLine: {'line': b'-- Up-to-date: /home/pavel/ws_ros2/install/px4_msgs/include/px4_msgs/px4_msgs/msg/detail/message_format_request__functions.c\n'}
[5.795271] (px4_msgs) StdoutLine: {'line': b'-- Up-to-date: /home/pavel/ws_ros2/install/px4_msgs/include/px4_msgs/px4_msgs/msg/detail/gimbal_manager_information__struct.h\n'}
[5.795324] (px4_msgs) StdoutLine: {'line': b'-- Up-to-date: /home/pavel/ws_ros2/install/px4_msgs/include/px4_msgs/px4_msgs/msg/detail/power_button_state__functions.h\n'}
[5.795377] (px4_msgs) StdoutLine: {'line': b'-- Up-to-date: /home/pavel/ws_ros2/install/px4_msgs/include/px4_msgs/px4_msgs/msg/detail/sensor_selection__struct.h\n'}
[5.795447] (px4_msgs) StdoutLine: {'line': b'-- Up-to-date: /home/pavel/ws_ros2/install/px4_msgs/include/px4_msgs/px4_msgs/msg/detail/npfg_status__type_support.h\n'}
[5.795501] (px4_msgs) StdoutLine: {'line': b'-- Up-to-date: /home/pavel/ws_ros2/install/px4_msgs/include/px4_msgs/px4_msgs/msg/detail/task_stack_info__functions.c\n'}
[5.795660] (px4_msgs) StdoutLine: {'line': b'-- Up-to-date: /home/pavel/ws_ros2/install/px4_msgs/include/px4_msgs/px4_msgs/msg/detail/estimator_status_flags__functions.h\n'}
[5.795756] (px4_msgs) StdoutLine: {'line': b'-- Up-to-date: /home/pavel/ws_ros2/install/px4_msgs/include/px4_msgs/px4_msgs/msg/detail/qshell_req__functions.h\n'}
[5.795811] (px4_msgs) StdoutLine: {'line': b'-- Up-to-date: /home/pavel/ws_ros2/install/px4_msgs/include/px4_msgs/px4_msgs/msg/detail/sensor_gnss_relative__struct.h\n'}
[5.795864] (px4_msgs) StdoutLine: {'line': b'-- Up-to-date: /home/pavel/ws_ros2/install/px4_msgs/include/px4_msgs/px4_msgs/msg/detail/debug_value__functions.h\n'}
[5.795918] (px4_msgs) StdoutLine: {'line': b'-- Up-to-date: /home/pavel/ws_ros2/install/px4_msgs/include/px4_msgs/px4_msgs/msg/detail/ping__type_support.h\n'}
[5.795970] (px4_msgs) StdoutLine: {'line': b'-- Up-to-date: /home/pavel/ws_ros2/install/px4_msgs/include/px4_msgs/px4_msgs/msg/detail/gimbal_manager_set_manual_control__functions.c\n'}
[5.796024] (px4_msgs) StdoutLine: {'line': b'-- Up-to-date: /home/pavel/ws_ros2/install/px4_msgs/include/px4_msgs/px4_msgs/msg/detail/airspeed_wind__functions.h\n'}
[5.796077] (px4_msgs) StdoutLine: {'line': b'-- Up-to-date: /home/pavel/ws_ros2/install/px4_msgs/include/px4_msgs/px4_msgs/msg/detail/vehicle_optical_flow__functions.h\n'}
[5.796131] (px4_msgs) StdoutLine: {'line': b'-- Up-to-date: /home/pavel/ws_ros2/install/px4_msgs/include/px4_msgs/px4_msgs/msg/detail/parameter_set_value_response__functions.c\n'}
[5.796184] (px4_msgs) StdoutLine: {'line': b'-- Up-to-date: /home/pavel/ws_ros2/install/px4_msgs/include/px4_msgs/px4_msgs/msg/detail/orbit_status__struct.h\n'}
[5.796237] (px4_msgs) StdoutLine: {'line': b'-- Up-to-date: /home/pavel/ws_ros2/install/px4_msgs/include/px4_msgs/px4_msgs/msg/detail/vehicle_constraints__functions.h\n'}
[5.796290] (px4_msgs) StdoutLine: {'line': b'-- Up-to-date: /home/pavel/ws_ros2/install/px4_msgs/include/px4_msgs/px4_msgs/msg/detail/vehicle_constraints__struct.h\n'}
[5.796343] (px4_msgs) StdoutLine: {'line': b'-- Up-to-date: /home/pavel/ws_ros2/install/px4_msgs/include/px4_msgs/px4_msgs/msg/detail/estimator_selector_status__struct.h\n'}
[5.796396] (px4_msgs) StdoutLine: {'line': b'-- Up-to-date: /home/pavel/ws_ros2/install/px4_msgs/include/px4_msgs/px4_msgs/msg/detail/sensor_airflow__struct.h\n'}
[5.796464] (px4_msgs) StdoutLine: {'line': b'-- Up-to-date: /home/pavel/ws_ros2/install/px4_msgs/include/px4_msgs/px4_msgs/msg/detail/velocity_limits__struct.h\n'}
[5.796519] (px4_msgs) StdoutLine: {'line': b'-- Up-to-date: /home/pavel/ws_ros2/install/px4_msgs/include/px4_msgs/px4_msgs/msg/detail/ulog_stream__type_support.h\n'}
[5.796573] (px4_msgs) StdoutLine: {'line': b'-- Up-to-date: /home/pavel/ws_ros2/install/px4_msgs/include/px4_msgs/px4_msgs/msg/detail/rc_channels__functions.c\n'}
[5.796715] (px4_msgs) StdoutLine: {'line': b'-- Up-to-date: /home/pavel/ws_ros2/install/px4_msgs/include/px4_msgs/px4_msgs/msg/detail/input_rc__functions.h\n'}
[5.796771] (px4_msgs) StdoutLine: {'line': b'-- Up-to-date: /home/pavel/ws_ros2/install/px4_msgs/include/px4_msgs/px4_msgs/msg/detail/onboard_computer_status__struct.h\n'}
[5.796825] (px4_msgs) StdoutLine: {'line': b'-- Up-to-date: /home/pavel/ws_ros2/install/px4_msgs/include/px4_msgs/px4_msgs/msg/detail/vehicle_rates_setpoint__struct.h\n'}
[5.796878] (px4_msgs) StdoutLine: {'line': b'-- Up-to-date: /home/pavel/ws_ros2/install/px4_msgs/include/px4_msgs/px4_msgs/msg/detail/mount_orientation__type_support.h\n'}
[5.796931] (px4_msgs) StdoutLine: {'line': b'-- Up-to-date: /home/pavel/ws_ros2/install/px4_msgs/include/px4_msgs/px4_msgs/msg/detail/gimbal_device_information__type_support.h\n'}
[5.797017] (px4_msgs) StdoutLine: {'line': b'-- Up-to-date: /home/pavel/ws_ros2/install/px4_msgs/include/px4_msgs/px4_msgs/msg/detail/sensor_gnss_relative__functions.c\n'}
[5.797070] (px4_msgs) StdoutLine: {'line': b'-- Up-to-date: /home/pavel/ws_ros2/install/px4_msgs/include/px4_msgs/px4_msgs/msg/detail/ping__functions.c\n'}
[5.797124] (px4_msgs) StdoutLine: {'line': b'-- Up-to-date: /home/pavel/ws_ros2/install/px4_msgs/include/px4_msgs/px4_msgs/msg/detail/vehicle_torque_setpoint__struct.h\n'}
[5.797177] (px4_msgs) StdoutLine: {'line': b'-- Up-to-date: /home/pavel/ws_ros2/install/px4_msgs/include/px4_msgs/px4_msgs/msg/detail/landing_gear_wheel__struct.h\n'}
[5.797230] (px4_msgs) StdoutLine: {'line': b'-- Up-to-date: /home/pavel/ws_ros2/install/px4_msgs/include/px4_msgs/px4_msgs/msg/detail/magnetometer_bias_estimate__functions.c\n'}
[5.797284] (px4_msgs) StdoutLine: {'line': b'-- Up-to-date: /home/pavel/ws_ros2/install/px4_msgs/include/px4_msgs/px4_msgs/msg/detail/trajectory_bezier__functions.h\n'}
[5.797337] (px4_msgs) StdoutLine: {'line': b'-- Up-to-date: /home/pavel/ws_ros2/install/px4_msgs/include/px4_msgs/px4_msgs/msg/detail/estimator_event_flags__type_support.h\n'}
[5.797390] (px4_msgs) StdoutLine: {'line': b'-- Up-to-date: /home/pavel/ws_ros2/install/px4_msgs/include/px4_msgs/px4_msgs/msg/detail/orb_test_large__type_support.h\n'}
[5.797443] (px4_msgs) StdoutLine: {'line': b'-- Up-to-date: /home/pavel/ws_ros2/install/px4_msgs/include/px4_msgs/px4_msgs/msg/detail/parameter_set_value_request__functions.h\n'}
[5.797497] (px4_msgs) StdoutLine: {'line': b'-- Up-to-date: /home/pavel/ws_ros2/install/px4_msgs/include/px4_msgs/px4_msgs/msg/detail/sensors_status_imu__type_support.h\n'}
[5.797549] (px4_msgs) StdoutLine: {'line': b'-- Up-to-date: /home/pavel/ws_ros2/install/px4_msgs/include/px4_msgs/px4_msgs/msg/detail/gimbal_manager_status__functions.c\n'}
[5.797613] (px4_msgs) StdoutLine: {'line': b'-- Up-to-date: /home/pavel/ws_ros2/install/px4_msgs/include/px4_msgs/px4_msgs/msg/detail/sensor_gyro__functions.h\n'}
[5.797743] (px4_msgs) StdoutLine: {'line': b'-- Up-to-date: /home/pavel/ws_ros2/install/px4_msgs/include/px4_msgs/px4_msgs/msg/detail/yaw_estimator_status__type_support.h\n'}
[5.797799] (px4_msgs) StdoutLine: {'line': b'-- Up-to-date: /home/pavel/ws_ros2/install/px4_msgs/include/px4_msgs/px4_msgs/msg/detail/parameter_set_value_request__struct.h\n'}
[5.797853] (px4_msgs) StdoutLine: {'line': b'-- Up-to-date: /home/pavel/ws_ros2/install/px4_msgs/include/px4_msgs/px4_msgs/msg/detail/dataman_response__functions.h\n'}
[5.797907] (px4_msgs) StdoutLine: {'line': b'-- Up-to-date: /home/pavel/ws_ros2/install/px4_msgs/include/px4_msgs/px4_msgs/msg/detail/estimator_bias3d__functions.h\n'}
[5.797961] (px4_msgs) StdoutLine: {'line': b'-- Up-to-date: /home/pavel/ws_ros2/install/px4_msgs/include/px4_msgs/px4_msgs/msg/detail/estimator_bias__type_support.h\n'}
[5.798015] (px4_msgs) StdoutLine: {'line': b'-- Up-to-date: /home/pavel/ws_ros2/install/px4_msgs/include/px4_msgs/px4_msgs/msg/detail/rc_parameter_map__functions.h\n'}
[5.798068] (px4_msgs) StdoutLine: {'line': b'-- Up-to-date: /home/pavel/ws_ros2/install/px4_msgs/include/px4_msgs/px4_msgs/msg/detail/tiltrotor_extra_controls__type_support.h\n'}
[5.798122] (px4_msgs) StdoutLine: {'line': b'-- Up-to-date: /home/pavel/ws_ros2/install/px4_msgs/include/px4_msgs/px4_msgs/msg/detail/actuator_servos__functions.c\n'}
[5.798175] (px4_msgs) StdoutLine: {'line': b'-- Up-to-date: /home/pavel/ws_ros2/install/px4_msgs/include/px4_msgs/px4_msgs/msg/detail/message_format_request__struct.h\n'}
[5.798229] (px4_msgs) StdoutLine: {'line': b'-- Up-to-date: /home/pavel/ws_ros2/install/px4_msgs/include/px4_msgs/px4_msgs/msg/detail/config_overrides__type_support.h\n'}
[5.798282] (px4_msgs) StdoutLine: {'line': b'-- Up-to-date: /home/pavel/ws_ros2/install/px4_msgs/include/px4_msgs/px4_msgs/msg/detail/sensors_status_imu__functions.c\n'}
[5.798336] (px4_msgs) StdoutLine: {'line': b'-- Up-to-date: /home/pavel/ws_ros2/install/px4_msgs/include/px4_msgs/px4_msgs/msg/detail/airspeed_wind__struct.h\n'}
[5.798454] (px4_msgs) StdoutLine: {'line': b'-- Up-to-date: /home/pavel/ws_ros2/install/px4_msgs/include/px4_msgs/px4_msgs/msg/detail/rtl_status__functions.h\n'}
[5.798505] (px4_msgs) StdoutLine: {'line': b'-- Up-to-date: /home/pavel/ws_ros2/install/px4_msgs/include/px4_msgs/px4_msgs/msg/detail/uavcan_parameter_request__struct.h\n'}
[5.798558] (px4_msgs) StdoutLine: {'line': b'-- Up-to-date: /home/pavel/ws_ros2/install/px4_msgs/include/px4_msgs/px4_msgs/msg/detail/manual_control_switches__functions.c\n'}
[5.798674] (px4_msgs) StdoutLine: {'line': b'-- Up-to-date: /home/pavel/ws_ros2/install/px4_msgs/include/px4_msgs/px4_msgs/msg/detail/tiltrotor_extra_controls__functions.c\n'}
[5.798763] (px4_msgs) StdoutLine: {'line': b'-- Up-to-date: /home/pavel/ws_ros2/install/px4_msgs/include/px4_msgs/px4_msgs/msg/detail/mission__functions.c\n'}
[5.798819] (px4_msgs) StdoutLine: {'line': b'-- Up-to-date: /home/pavel/ws_ros2/install/px4_msgs/include/px4_msgs/px4_msgs/msg/detail/mission__functions.h\n'}
[5.798874] (px4_msgs) StdoutLine: {'line': b'-- Up-to-date: /home/pavel/ws_ros2/install/px4_msgs/include/px4_msgs/px4_msgs/msg/detail/gimbal_device_set_attitude__functions.h\n'}
[5.798927] (px4_msgs) StdoutLine: {'line': b'-- Up-to-date: /home/pavel/ws_ros2/install/px4_msgs/include/px4_msgs/px4_msgs/msg/detail/mission_result__struct.h\n'}
[5.798982] (px4_msgs) StdoutLine: {'line': b'-- Up-to-date: /home/pavel/ws_ros2/install/px4_msgs/include/px4_msgs/px4_msgs/msg/detail/failsafe_flags__type_support.h\n'}
[5.799035] (px4_msgs) StdoutLine: {'line': b'-- Up-to-date: /home/pavel/ws_ros2/install/px4_msgs/include/px4_msgs/px4_msgs/msg/detail/vehicle_air_data__type_support.h\n'}
[5.799089] (px4_msgs) StdoutLine: {'line': b'-- Up-to-date: /home/pavel/ws_ros2/install/px4_msgs/include/px4_msgs/px4_msgs/msg/detail/gpio_request__functions.h\n'}
[5.799142] (px4_msgs) StdoutLine: {'line': b'-- Up-to-date: /home/pavel/ws_ros2/install/px4_msgs/include/px4_msgs/px4_msgs/msg/detail/heater_status__type_support.h\n'}
[5.799195] (px4_msgs) StdoutLine: {'line': b'-- Up-to-date: /home/pavel/ws_ros2/install/px4_msgs/include/px4_msgs/px4_msgs/msg/detail/sensor_selection__functions.c\n'}
[5.799249] (px4_msgs) StdoutLine: {'line': b'-- Up-to-date: /home/pavel/ws_ros2/install/px4_msgs/include/px4_msgs/px4_msgs/msg/detail/control_allocator_status__functions.h\n'}
[5.799302] (px4_msgs) StdoutLine: {'line': b'-- Up-to-date: /home/pavel/ws_ros2/install/px4_msgs/include/px4_msgs/px4_msgs/msg/detail/parameter_update__type_support.h\n'}
[5.799355] (px4_msgs) StdoutLine: {'line': b'-- Up-to-date: /home/pavel/ws_ros2/install/px4_msgs/include/px4_msgs/px4_msgs/msg/detail/system_power__struct.h\n'}
[5.799409] (px4_msgs) StdoutLine: {'line': b'-- Up-to-date: /home/pavel/ws_ros2/install/px4_msgs/include/px4_msgs/px4_msgs/msg/detail/flight_phase_estimation__functions.c\n'}
[5.799462] (px4_msgs) StdoutLine: {'line': b'-- Up-to-date: /home/pavel/ws_ros2/install/px4_msgs/include/px4_msgs/px4_msgs/msg/detail/vehicle_imu_status__functions.h\n'}
[5.799516] (px4_msgs) StdoutLine: {'line': b'-- Up-to-date: /home/pavel/ws_ros2/install/px4_msgs/include/px4_msgs/px4_msgs/msg/detail/arming_check_request__struct.h\n'}
[5.799569] (px4_msgs) StdoutLine: {'line': b'-- Up-to-date: /home/pavel/ws_ros2/install/px4_msgs/include/px4_msgs/px4_msgs/msg/detail/buffer128__functions.h\n'}
[5.799705] (px4_msgs) StdoutLine: {'line': b'-- Up-to-date: /home/pavel/ws_ros2/install/px4_msgs/include/px4_msgs/px4_msgs/msg/detail/rtl_time_estimate__functions.h\n'}
[5.799780] (px4_msgs) StdoutLine: {'line': b'-- Up-to-date: /home/pavel/ws_ros2/install/px4_msgs/include/px4_msgs/px4_msgs/msg/detail/mavlink_log__functions.h\n'}
[5.799877] (px4_msgs) StdoutLine: {'line': b'-- Up-to-date: /home/pavel/ws_ros2/install/px4_msgs/include/px4_msgs/px4_msgs/msg/detail/system_power__functions.h\n'}
[5.799934] (px4_msgs) StdoutLine: {'line': b'-- Up-to-date: /home/pavel/ws_ros2/install/px4_msgs/include/px4_msgs/px4_msgs/msg/detail/irlock_report__functions.c\n'}
[5.800004] (px4_msgs) StdoutLine: {'line': b'-- Up-to-date: /home/pavel/ws_ros2/install/px4_msgs/include/px4_msgs/px4_msgs/msg/detail/trajectory_setpoint__type_support.h\n'}
[5.800065] (px4_msgs) StdoutLine: {'line': b'-- Up-to-date: /home/pavel/ws_ros2/install/px4_msgs/include/px4_msgs/px4_msgs/msg/detail/arming_check_request__type_support.h\n'}
[5.800119] (px4_msgs) StdoutLine: {'line': b'-- Up-to-date: /home/pavel/ws_ros2/install/px4_msgs/include/px4_msgs/px4_msgs/msg/detail/orb_test_medium__functions.c\n'}
[5.800172] (px4_msgs) StdoutLine: {'line': b'-- Up-to-date: /home/pavel/ws_ros2/install/px4_msgs/include/px4_msgs/px4_msgs/msg/detail/autotune_attitude_control_status__struct.h\n'}
[5.800226] (px4_msgs) StdoutLine: {'line': b'-- Up-to-date: /home/pavel/ws_ros2/install/px4_msgs/include/px4_msgs/px4_msgs/msg/detail/orb_test__functions.h\n'}
[5.800279] (px4_msgs) StdoutLine: {'line': b'-- Up-to-date: /home/pavel/ws_ros2/install/px4_msgs/include/px4_msgs/px4_msgs/msg/detail/sensor_gyro_fifo__functions.c\n'}
[5.800333] (px4_msgs) StdoutLine: {'line': b'-- Up-to-date: /home/pavel/ws_ros2/install/px4_msgs/include/px4_msgs/px4_msgs/msg/detail/rpm__functions.h\n'}
[5.800386] (px4_msgs) StdoutLine: {'line': b'-- Up-to-date: /home/pavel/ws_ros2/install/px4_msgs/include/px4_msgs/px4_msgs/msg/detail/actuator_servos_trim__struct.h\n'}
[5.800452] (px4_msgs) StdoutLine: {'line': b'-- Up-to-date: /home/pavel/ws_ros2/install/px4_msgs/include/px4_msgs/px4_msgs/msg/detail/position_controller_status__functions.c\n'}
[5.800508] (px4_msgs) StdoutLine: {'line': b'-- Up-to-date: /home/pavel/ws_ros2/install/px4_msgs/include/px4_msgs/px4_msgs/msg/detail/mission__type_support.h\n'}
[5.800563] (px4_msgs) StdoutLine: {'line': b'-- Up-to-date: /home/pavel/ws_ros2/install/px4_msgs/include/px4_msgs/px4_msgs/msg/detail/vehicle_control_mode__functions.c\n'}
[5.800667] (px4_msgs) StdoutLine: {'line': b'-- Up-to-date: /home/pavel/ws_ros2/install/px4_msgs/include/px4_msgs/px4_msgs/msg/detail/gimbal_manager_set_manual_control__struct.h\n'}
[5.800746] (px4_msgs) StdoutLine: {'line': b'-- Up-to-date: /home/pavel/ws_ros2/install/px4_msgs/include/px4_msgs/px4_msgs/msg/detail/estimator_bias3d__struct.h\n'}
[5.800801] (px4_msgs) StdoutLine: {'line': b'-- Up-to-date: /home/pavel/ws_ros2/install/px4_msgs/include/px4_msgs/px4_msgs/msg/detail/generator_status__type_support.h\n'}
[5.800855] (px4_msgs) StdoutLine: {'line': b'-- Up-to-date: /home/pavel/ws_ros2/install/px4_msgs/include/px4_msgs/px4_msgs/msg/detail/rtl_status__struct.h\n'}
[5.800909] (px4_msgs) StdoutLine: {'line': b'-- Up-to-date: /home/pavel/ws_ros2/install/px4_msgs/include/px4_msgs/px4_msgs/msg/detail/manual_control_setpoint__functions.c\n'}
[5.800964] (px4_msgs) StdoutLine: {'line': b'-- Up-to-date: /home/pavel/ws_ros2/install/px4_msgs/include/px4_msgs/px4_msgs/msg/detail/sensor_uwb__functions.c\n'}
[5.801018] (px4_msgs) StdoutLine: {'line': b'-- Up-to-date: /home/pavel/ws_ros2/install/px4_msgs/include/px4_msgs/px4_msgs/msg/detail/figure_eight_status__functions.c\n'}
[5.801071] (px4_msgs) StdoutLine: {'line': b'-- Up-to-date: /home/pavel/ws_ros2/install/px4_msgs/include/px4_msgs/px4_msgs/msg/detail/orb_test_large__functions.h\n'}
[5.801125] (px4_msgs) StdoutLine: {'line': b'-- Up-to-date: /home/pavel/ws_ros2/install/px4_msgs/include/px4_msgs/px4_msgs/msg/detail/rc_channels__type_support.h\n'}
[5.801178] (px4_msgs) StdoutLine: {'line': b'-- Up-to-date: /home/pavel/ws_ros2/install/px4_msgs/include/px4_msgs/px4_msgs/msg/detail/vehicle_rates_setpoint__functions.c\n'}
[5.801232] (px4_msgs) StdoutLine: {'line': b'-- Up-to-date: /home/pavel/ws_ros2/install/px4_msgs/include/px4_msgs/px4_msgs/msg/detail/orb_test_large__struct.h\n'}
[5.801285] (px4_msgs) StdoutLine: {'line': b'-- Up-to-date: /home/pavel/ws_ros2/install/px4_msgs/include/px4_msgs/px4_msgs/msg/detail/follow_target__functions.h\n'}
[5.801337] (px4_msgs) StdoutLine: {'line': b'-- Up-to-date: /home/pavel/ws_ros2/install/px4_msgs/include/px4_msgs/px4_msgs/msg/detail/unregister_ext_component__type_support.h\n'}
[5.801391] (px4_msgs) StdoutLine: {'line': b'-- Up-to-date: /home/pavel/ws_ros2/install/px4_msgs/include/px4_msgs/px4_msgs/msg/detail/adc_report__functions.h\n'}
[5.801462] (px4_msgs) StdoutLine: {'line': b'-- Up-to-date: /home/pavel/ws_ros2/install/px4_msgs/include/px4_msgs/px4_msgs/msg/detail/sensor_mag__type_support.h\n'}
[5.801515] (px4_msgs) StdoutLine: {'line': b'-- Up-to-date: /home/pavel/ws_ros2/install/px4_msgs/include/px4_msgs/px4_msgs/msg/detail/ekf2_timestamps__functions.h\n'}
[5.801568] (px4_msgs) StdoutLine: {'line': b'-- Up-to-date: /home/pavel/ws_ros2/install/px4_msgs/include/px4_msgs/px4_msgs/msg/detail/position_setpoint_triplet__functions.c\n'}
[5.801699] (px4_msgs) StdoutLine: {'line': b'-- Up-to-date: /home/pavel/ws_ros2/install/px4_msgs/include/px4_msgs/px4_msgs/msg/detail/gpio_in__functions.h\n'}
[5.801776] (px4_msgs) StdoutLine: {'line': b'-- Up-to-date: /home/pavel/ws_ros2/install/px4_msgs/include/px4_msgs/px4_msgs/msg/detail/orbit_status__functions.h\n'}
[5.801831] (px4_msgs) StdoutLine: {'line': b'-- Up-to-date: /home/pavel/ws_ros2/install/px4_msgs/include/px4_msgs/px4_msgs/msg/detail/vehicle_local_position__struct.h\n'}
[5.801886] (px4_msgs) StdoutLine: {'line': b'-- Up-to-date: /home/pavel/ws_ros2/install/px4_msgs/include/px4_msgs/px4_msgs/msg/detail/estimator_aid_source1d__struct.h\n'}
[5.801993] (px4_msgs) StdoutLine: {'line': b'-- Up-to-date: /home/pavel/ws_ros2/install/px4_msgs/include/px4_msgs/px4_msgs/msg/detail/gimbal_manager_set_attitude__functions.c\n'}
[5.802050] (px4_msgs) StdoutLine: {'line': b'-- Up-to-date: /home/pavel/ws_ros2/install/px4_msgs/include/px4_msgs/px4_msgs/msg/detail/rover_ackermann_guidance_status__type_support.h\n'}
[5.802106] (px4_msgs) StdoutLine: {'line': b'-- Up-to-date: /home/pavel/ws_ros2/install/px4_msgs/include/px4_msgs/px4_msgs/msg/detail/config_overrides__functions.c\n'}
[5.802160] (px4_msgs) StdoutLine: {'line': b'-- Up-to-date: /home/pavel/ws_ros2/install/px4_msgs/include/px4_msgs/px4_msgs/msg/detail/actuator_test__functions.h\n'}
[5.802214] (px4_msgs) StdoutLine: {'line': b'-- Up-to-date: /home/pavel/ws_ros2/install/px4_msgs/include/px4_msgs/px4_msgs/msg/detail/cpuload__type_support.h\n'}
[5.802267] (px4_msgs) StdoutLine: {'line': b'-- Up-to-date: /home/pavel/ws_ros2/install/px4_msgs/include/px4_msgs/px4_msgs/msg/detail/manual_control_switches__type_support.h\n'}
[5.802321] (px4_msgs) StdoutLine: {'line': b'-- Up-to-date: /home/pavel/ws_ros2/install/px4_msgs/include/px4_msgs/px4_msgs/msg/detail/actuator_outputs__functions.h\n'}
[5.802389] (px4_msgs) StdoutLine: {'line': b'-- Up-to-date: /home/pavel/ws_ros2/install/px4_msgs/include/px4_msgs/px4_msgs/msg/detail/actuator_controls_status__functions.h\n'}
[5.802446] (px4_msgs) StdoutLine: {'line': b'-- Up-to-date: /home/pavel/ws_ros2/install/px4_msgs/include/px4_msgs/px4_msgs/msg/detail/follow_target_status__functions.c\n'}
[5.802500] (px4_msgs) StdoutLine: {'line': b'-- Up-to-date: /home/pavel/ws_ros2/install/px4_msgs/include/px4_msgs/px4_msgs/msg/detail/vehicle_rates_setpoint__type_support.h\n'}
[5.802553] (px4_msgs) StdoutLine: {'line': b'-- Up-to-date: /home/pavel/ws_ros2/install/px4_msgs/include/px4_msgs/px4_msgs/msg/detail/vehicle_magnetometer__struct.h\n'}
[5.802618] (px4_msgs) StdoutLine: {'line': b'-- Up-to-date: /home/pavel/ws_ros2/install/px4_msgs/include/px4_msgs/px4_msgs/msg/detail/vehicle_status__functions.c\n'}
[5.802734] (px4_msgs) StdoutLine: {'line': b'-- Up-to-date: /home/pavel/ws_ros2/install/px4_msgs/include/px4_msgs/px4_msgs/msg/detail/vehicle_odometry__struct.h\n'}
[5.802788] (px4_msgs) StdoutLine: {'line': b'-- Up-to-date: /home/pavel/ws_ros2/install/px4_msgs/include/px4_msgs/px4_msgs/msg/detail/sensor_hygrometer__functions.h\n'}
[5.802843] (px4_msgs) StdoutLine: {'line': b'-- Up-to-date: /home/pavel/ws_ros2/install/px4_msgs/include/px4_msgs/px4_msgs/msg/detail/estimator_event_flags__functions.c\n'}
[5.802896] (px4_msgs) StdoutLine: {'line': b'-- Up-to-date: /home/pavel/ws_ros2/install/px4_msgs/include/px4_msgs/px4_msgs/msg/detail/irlock_report__struct.h\n'}
[5.802950] (px4_msgs) StdoutLine: {'line': b'-- Up-to-date: /home/pavel/ws_ros2/install/px4_msgs/include/px4_msgs/px4_msgs/msg/detail/orbit_status__type_support.h\n'}
[5.803052] (px4_msgs) StdoutLine: {'line': b'-- Up-to-date: /home/pavel/ws_ros2/install/px4_msgs/include/px4_msgs/px4_msgs/msg/detail/follow_target_estimator__functions.c\n'}
[5.803118] (px4_msgs) StdoutLine: {'line': b'-- Up-to-date: /home/pavel/ws_ros2/install/px4_msgs/include/px4_msgs/px4_msgs/msg/detail/gimbal_manager_information__functions.c\n'}
[5.803181] (px4_msgs) StdoutLine: {'line': b'-- Up-to-date: /home/pavel/ws_ros2/install/px4_msgs/include/px4_msgs/px4_msgs/msg/detail/vehicle_optical_flow__functions.c\n'}
[5.803242] (px4_msgs) StdoutLine: {'line': b'-- Up-to-date: /home/pavel/ws_ros2/install/px4_msgs/include/px4_msgs/px4_msgs/msg/detail/sensor_hygrometer__functions.c\n'}
[5.803302] (px4_msgs) StdoutLine: {'line': b'-- Up-to-date: /home/pavel/ws_ros2/install/px4_msgs/include/px4_msgs/px4_msgs/msg/detail/flight_phase_estimation__functions.h\n'}
[5.803361] (px4_msgs) StdoutLine: {'line': b'-- Up-to-date: /home/pavel/ws_ros2/install/px4_msgs/include/px4_msgs/px4_msgs/msg/detail/differential_drive_setpoint__functions.c\n'}
[5.803421] (px4_msgs) StdoutLine: {'line': b'-- Up-to-date: /home/pavel/ws_ros2/install/px4_msgs/include/px4_msgs/px4_msgs/msg/detail/vehicle_status__functions.h\n'}
[5.803480] (px4_msgs) StdoutLine: {'line': b'-- Up-to-date: /home/pavel/ws_ros2/install/px4_msgs/include/px4_msgs/px4_msgs/msg/detail/airspeed_validated__functions.c\n'}
[5.803538] (px4_msgs) StdoutLine: {'line': b'-- Up-to-date: /home/pavel/ws_ros2/install/px4_msgs/include/px4_msgs/px4_msgs/msg/detail/logger_status__type_support.h\n'}
[5.803617] (px4_msgs) StdoutLine: {'line': b'-- Up-to-date: /home/pavel/ws_ros2/install/px4_msgs/include/px4_msgs/px4_msgs/msg/detail/px4io_status__struct.h\n'}
[5.803747] (px4_msgs) StdoutLine: {'line': b'-- Up-to-date: /home/pavel/ws_ros2/install/px4_msgs/include/px4_msgs/px4_msgs/msg/detail/distance_sensor__struct.h\n'}
[5.803803] (px4_msgs) StdoutLine: {'line': b'-- Up-to-date: /home/pavel/ws_ros2/install/px4_msgs/include/px4_msgs/px4_msgs/msg/detail/vehicle_optical_flow__type_support.h\n'}
[5.803859] (px4_msgs) StdoutLine: {'line': b'-- Up-to-date: /home/pavel/ws_ros2/install/px4_msgs/include/px4_msgs/px4_msgs/msg/detail/sensor_selection__functions.h\n'}
[5.803913] (px4_msgs) StdoutLine: {'line': b'-- Up-to-date: /home/pavel/ws_ros2/install/px4_msgs/include/px4_msgs/px4_msgs/msg/detail/sensor_mag__functions.h\n'}
[5.803966] (px4_msgs) StdoutLine: {'line': b'-- Up-to-date: /home/pavel/ws_ros2/install/px4_msgs/include/px4_msgs/px4_msgs/msg/detail/sensor_hygrometer__type_support.h\n'}
[5.804019] (px4_msgs) StdoutLine: {'line': b'-- Up-to-date: /home/pavel/ws_ros2/install/px4_msgs/include/px4_msgs/px4_msgs/msg/detail/logger_status__functions.h\n'}
[5.804072] (px4_msgs) StdoutLine: {'line': b'-- Up-to-date: /home/pavel/ws_ros2/install/px4_msgs/include/px4_msgs/px4_msgs/msg/detail/gimbal_device_set_attitude__functions.c\n'}
[5.804191] (px4_msgs) StdoutLine: {'line': b'-- Up-to-date: /home/pavel/ws_ros2/install/px4_msgs/include/px4_msgs/px4_msgs/msg/detail/sensor_optical_flow__functions.h\n'}
[5.804249] (px4_msgs) StdoutLine: {'line': b'-- Up-to-date: /home/pavel/ws_ros2/install/px4_msgs/include/px4_msgs/px4_msgs/msg/detail/vehicle_land_detected__functions.c\n'}
[5.804303] (px4_msgs) StdoutLine: {'line': b'-- Up-to-date: /home/pavel/ws_ros2/install/px4_msgs/include/px4_msgs/px4_msgs/msg/detail/takeoff_status__functions.h\n'}
[5.804357] (px4_msgs) StdoutLine: {'line': b'-- Up-to-date: /home/pavel/ws_ros2/install/px4_msgs/include/px4_msgs/px4_msgs/msg/detail/estimator_status_flags__struct.h\n'}
[5.804410] (px4_msgs) StdoutLine: {'line': b'-- Up-to-date: /home/pavel/ws_ros2/install/px4_msgs/include/px4_msgs/px4_msgs/msg/detail/transponder_report__struct.h\n'}
[5.804496] (px4_msgs) StdoutLine: {'line': b'-- Up-to-date: /home/pavel/ws_ros2/install/px4_msgs/include/px4_msgs/px4_msgs/msg/detail/parameter_reset_request__type_support.h\n'}
[5.804552] (px4_msgs) StdoutLine: {'line': b'-- Up-to-date: /home/pavel/ws_ros2/install/px4_msgs/include/px4_msgs/px4_msgs/msg/detail/actuator_outputs__type_support.h\n'}
[5.804656] (px4_msgs) StdoutLine: {'line': b'-- Up-to-date: /home/pavel/ws_ros2/install/px4_msgs/include/px4_msgs/px4_msgs/msg/detail/debug_value__functions.c\n'}
[5.804727] (px4_msgs) StdoutLine: {'line': b'-- Up-to-date: /home/pavel/ws_ros2/install/px4_msgs/include/px4_msgs/px4_msgs/msg/detail/action_request__type_support.h\n'}
[5.804776] (px4_msgs) StdoutLine: {'line': b'-- Up-to-date: /home/pavel/ws_ros2/install/px4_msgs/include/px4_msgs/px4_msgs/msg/detail/sensor_accel__functions.c\n'}
[5.804830] (px4_msgs) StdoutLine: {'line': b'-- Up-to-date: /home/pavel/ws_ros2/install/px4_msgs/include/px4_msgs/px4_msgs/msg/detail/arming_check_request__functions.h\n'}
[5.804884] (px4_msgs) StdoutLine: {'line': b'-- Up-to-date: /home/pavel/ws_ros2/install/px4_msgs/include/px4_msgs/px4_msgs/msg/detail/input_rc__type_support.h\n'}
[5.804938] (px4_msgs) StdoutLine: {'line': b'-- Up-to-date: /home/pavel/ws_ros2/install/px4_msgs/include/px4_msgs/px4_msgs/msg/detail/px4io_status__type_support.h\n'}
[5.804992] (px4_msgs) StdoutLine: {'line': b'-- Up-to-date: /home/pavel/ws_ros2/install/px4_msgs/include/px4_msgs/px4_msgs/msg/detail/sensor_baro__functions.h\n'}
[5.805045] (px4_msgs) StdoutLine: {'line': b'-- Up-to-date: /home/pavel/ws_ros2/install/px4_msgs/include/px4_msgs/px4_msgs/msg/detail/gps_inject_data__struct.h\n'}
[5.805097] (px4_msgs) StdoutLine: {'line': b'-- Up-to-date: /home/pavel/ws_ros2/install/px4_msgs/include/px4_msgs/px4_msgs/msg/detail/vehicle_angular_velocity__type_support.h\n'}
[5.805150] (px4_msgs) StdoutLine: {'line': b'-- Up-to-date: /home/pavel/ws_ros2/install/px4_msgs/include/px4_msgs/px4_msgs/msg/detail/collision_constraints__functions.c\n'}
[5.805203] (px4_msgs) StdoutLine: {'line': b'-- Up-to-date: /home/pavel/ws_ros2/install/px4_msgs/include/px4_msgs/px4_msgs/msg/detail/sensor_preflight_mag__functions.h\n'}
[5.805256] (px4_msgs) StdoutLine: {'line': b'-- Up-to-date: /home/pavel/ws_ros2/install/px4_msgs/include/px4_msgs/px4_msgs/msg/detail/offboard_control_mode__struct.h\n'}
[5.805309] (px4_msgs) StdoutLine: {'line': b'-- Up-to-date: /home/pavel/ws_ros2/install/px4_msgs/include/px4_msgs/px4_msgs/msg/detail/rover_ackermann_guidance_status__functions.h\n'}
[5.805362] (px4_msgs) StdoutLine: {'line': b'-- Up-to-date: /home/pavel/ws_ros2/install/px4_msgs/include/px4_msgs/px4_msgs/msg/detail/collision_report__functions.h\n'}
[5.805416] (px4_msgs) StdoutLine: {'line': b'-- Up-to-date: /home/pavel/ws_ros2/install/px4_msgs/include/px4_msgs/px4_msgs/msg/detail/rc_channels__struct.h\n'}
[5.805470] (px4_msgs) StdoutLine: {'line': b'-- Up-to-date: /home/pavel/ws_ros2/install/px4_msgs/include/px4_msgs/px4_msgs/msg/detail/battery_status__functions.h\n'}
[5.805524] (px4_msgs) StdoutLine: {'line': b'-- Up-to-date: /home/pavel/ws_ros2/install/px4_msgs/include/px4_msgs/px4_msgs/msg/detail/vehicle_imu__functions.h\n'}
[5.805582] (px4_msgs) StdoutLine: {'line': b'-- Up-to-date: /home/pavel/ws_ros2/install/px4_msgs/include/px4_msgs/px4_msgs/msg/detail/sensor_selection__type_support.h\n'}
[5.805657] (px4_msgs) StdoutLine: {'line': b'-- Up-to-date: /home/pavel/ws_ros2/install/px4_msgs/include/px4_msgs/px4_msgs/msg/detail/gimbal_device_attitude_status__type_support.h\n'}
[5.805712] (px4_msgs) StdoutLine: {'line': b'-- Up-to-date: /home/pavel/ws_ros2/install/px4_msgs/include/px4_msgs/px4_msgs/msg/detail/qshell_req__struct.h\n'}
[5.805765] (px4_msgs) StdoutLine: {'line': b'-- Up-to-date: /home/pavel/ws_ros2/install/px4_msgs/include/px4_msgs/px4_msgs/msg/detail/radio_status__functions.c\n'}
[5.805818] (px4_msgs) StdoutLine: {'line': b'-- Up-to-date: /home/pavel/ws_ros2/install/px4_msgs/include/px4_msgs/px4_msgs/msg/detail/action_request__functions.c\n'}
[5.805872] (px4_msgs) StdoutLine: {'line': b'-- Up-to-date: /home/pavel/ws_ros2/install/px4_msgs/include/px4_msgs/px4_msgs/msg/detail/npfg_status__functions.c\n'}
[5.805930] (px4_msgs) StdoutLine: {'line': b'-- Up-to-date: /home/pavel/ws_ros2/install/px4_msgs/include/px4_msgs/px4_msgs/msg/detail/airspeed__functions.h\n'}
[5.806050] (px4_msgs) StdoutLine: {'line': b'-- Up-to-date: /home/pavel/ws_ros2/install/px4_msgs/include/px4_msgs/px4_msgs/msg/detail/trajectory_bezier__struct.h\n'}
[5.806105] (px4_msgs) StdoutLine: {'line': b'-- Up-to-date: /home/pavel/ws_ros2/install/px4_msgs/include/px4_msgs/px4_msgs/msg/detail/goto_setpoint__functions.h\n'}
[5.806159] (px4_msgs) StdoutLine: {'line': b'-- Up-to-date: /home/pavel/ws_ros2/install/px4_msgs/include/px4_msgs/px4_msgs/msg/detail/hover_thrust_estimate__functions.c\n'}
[5.806285] (px4_msgs) StdoutLine: {'line': b'-- Up-to-date: /home/pavel/ws_ros2/install/px4_msgs/include/px4_msgs/px4_msgs/msg/detail/vtol_vehicle_status__functions.h\n'}
[5.806341] (px4_msgs) StdoutLine: {'line': b'-- Up-to-date: /home/pavel/ws_ros2/install/px4_msgs/include/px4_msgs/px4_msgs/msg/detail/home_position__struct.h\n'}
[5.806395] (px4_msgs) StdoutLine: {'line': b'-- Up-to-date: /home/pavel/ws_ros2/install/px4_msgs/include/px4_msgs/px4_msgs/msg/detail/parameter_set_used_request__type_support.h\n'}
[5.806471] (px4_msgs) StdoutLine: {'line': b'-- Up-to-date: /home/pavel/ws_ros2/install/px4_msgs/include/px4_msgs/px4_msgs/msg/detail/sensor_accel__functions.h\n'}
[5.806527] (px4_msgs) StdoutLine: {'line': b'-- Up-to-date: /home/pavel/ws_ros2/install/px4_msgs/include/px4_msgs/px4_msgs/msg/detail/ulog_stream_ack__functions.c\n'}
[5.806587] (px4_msgs) StdoutLine: {'line': b'-- Up-to-date: /home/pavel/ws_ros2/install/px4_msgs/include/px4_msgs/px4_msgs/msg/detail/mission_result__functions.c\n'}
[5.806698] (px4_msgs) StdoutLine: {'line': b'-- Up-to-date: /home/pavel/ws_ros2/install/px4_msgs/include/px4_msgs/px4_msgs/msg/detail/distance_sensor__type_support.h\n'}
[5.806754] (px4_msgs) StdoutLine: {'line': b'-- Up-to-date: /home/pavel/ws_ros2/install/px4_msgs/include/px4_msgs/px4_msgs/msg/detail/power_monitor__functions.h\n'}
[5.806809] (px4_msgs) StdoutLine: {'line': b'-- Up-to-date: /home/pavel/ws_ros2/install/px4_msgs/include/px4_msgs/px4_msgs/msg/detail/orb_test_large__functions.c\n'}
[5.806862] (px4_msgs) StdoutLine: {'line': b'-- Up-to-date: /home/pavel/ws_ros2/install/px4_msgs/include/px4_msgs/px4_msgs/msg/detail/wheel_encoders__functions.c\n'}
[5.806915] (px4_msgs) StdoutLine: {'line': b'-- Up-to-date: /home/pavel/ws_ros2/install/px4_msgs/include/px4_msgs/px4_msgs/msg/detail/landing_gear_wheel__functions.h\n'}
[5.806969] (px4_msgs) StdoutLine: {'line': b'-- Up-to-date: /home/pavel/ws_ros2/install/px4_msgs/include/px4_msgs/px4_msgs/msg/detail/landing_target_pose__functions.c\n'}
[5.807022] (px4_msgs) StdoutLine: {'line': b'-- Up-to-date: /home/pavel/ws_ros2/install/px4_msgs/include/px4_msgs/px4_msgs/msg/detail/estimator_aid_source2d__functions.h\n'}
[5.807075] (px4_msgs) StdoutLine: {'line': b'-- Up-to-date: /home/pavel/ws_ros2/install/px4_msgs/include/px4_msgs/px4_msgs/msg/detail/pwm_input__functions.h\n'}
[5.807129] (px4_msgs) StdoutLine: {'line': b'-- Up-to-date: /home/pavel/ws_ros2/install/px4_msgs/include/px4_msgs/px4_msgs/msg/detail/internal_combustion_engine_status__functions.h\n'}
[5.807183] (px4_msgs) StdoutLine: {'line': b'-- Up-to-date: /home/pavel/ws_ros2/install/px4_msgs/include/px4_msgs/px4_msgs/msg/detail/gimbal_controls__struct.h\n'}
[5.807236] (px4_msgs) StdoutLine: {'line': b'-- Up-to-date: /home/pavel/ws_ros2/install/px4_msgs/include/px4_msgs/px4_msgs/msg/detail/ping__struct.h\n'}
[5.807289] (px4_msgs) StdoutLine: {'line': b'-- Up-to-date: /home/pavel/ws_ros2/install/px4_msgs/include/px4_msgs/px4_msgs/msg/detail/orb_test_medium__functions.h\n'}
[5.807343] (px4_msgs) StdoutLine: {'line': b'-- Up-to-date: /home/pavel/ws_ros2/install/px4_msgs/include/px4_msgs/px4_msgs/msg/detail/vehicle_trajectory_bezier__functions.c\n'}
[5.807396] (px4_msgs) StdoutLine: {'line': b'-- Up-to-date: /home/pavel/ws_ros2/install/px4_msgs/include/px4_msgs/px4_msgs/msg/detail/sensor_uwb__type_support.h\n'}
[5.807449] (px4_msgs) StdoutLine: {'line': b'-- Up-to-date: /home/pavel/ws_ros2/install/px4_msgs/include/px4_msgs/px4_msgs/msg/detail/vehicle_angular_acceleration_setpoint__struct.h\n'}
[5.807503] (px4_msgs) StdoutLine: {'line': b'-- Up-to-date: /home/pavel/ws_ros2/install/px4_msgs/include/px4_msgs/px4_msgs/msg/detail/camera_status__type_support.h\n'}
[5.807573] (px4_msgs) StdoutLine: {'line': b'-- Up-to-date: /home/pavel/ws_ros2/install/px4_msgs/include/px4_msgs/px4_msgs/msg/detail/actuator_test__struct.h\n'}
[5.807722] (px4_msgs) StdoutLine: {'line': b'-- Up-to-date: /home/pavel/ws_ros2/install/px4_msgs/include/px4_msgs/px4_msgs/msg/detail/offboard_control_mode__functions.h\n'}
[5.807772] (px4_msgs) StdoutLine: {'line': b'-- Up-to-date: /home/pavel/ws_ros2/install/px4_msgs/include/px4_msgs/px4_msgs/msg/detail/estimator_selector_status__functions.c\n'}
[5.807821] (px4_msgs) StdoutLine: {'line': b'-- Up-to-date: /home/pavel/ws_ros2/install/px4_msgs/include/px4_msgs/px4_msgs/msg/detail/actuator_servos__functions.h\n'}
[5.807875] (px4_msgs) StdoutLine: {'line': b'-- Up-to-date: /home/pavel/ws_ros2/install/px4_msgs/include/px4_msgs/px4_msgs/msg/detail/message_format_response__functions.c\n'}
[5.807928] (px4_msgs) StdoutLine: {'line': b'-- Up-to-date: /home/pavel/ws_ros2/install/px4_msgs/include/px4_msgs/px4_msgs/msg/detail/debug_value__struct.h\n'}
[5.807982] (px4_msgs) StdoutLine: {'line': b'-- Up-to-date: /home/pavel/ws_ros2/install/px4_msgs/include/px4_msgs/px4_msgs/msg/detail/estimator_sensor_bias__struct.h\n'}
[5.808035] (px4_msgs) StdoutLine: {'line': b'-- Up-to-date: /home/pavel/ws_ros2/install/px4_msgs/include/px4_msgs/px4_msgs/msg/detail/takeoff_status__type_support.h\n'}
[5.808088] (px4_msgs) StdoutLine: {'line': b'-- Up-to-date: /home/pavel/ws_ros2/install/px4_msgs/include/px4_msgs/px4_msgs/msg/detail/home_position__functions.c\n'}
[5.808141] (px4_msgs) StdoutLine: {'line': b'-- Up-to-date: /home/pavel/ws_ros2/install/px4_msgs/include/px4_msgs/px4_msgs/msg/detail/trajectory_bezier__functions.c\n'}
[5.808194] (px4_msgs) StdoutLine: {'line': b'-- Up-to-date: /home/pavel/ws_ros2/install/px4_msgs/include/px4_msgs/px4_msgs/msg/detail/sensor_correction__struct.h\n'}
[5.808247] (px4_msgs) StdoutLine: {'line': b'-- Up-to-date: /home/pavel/ws_ros2/install/px4_msgs/include/px4_msgs/px4_msgs/msg/detail/cellular_status__functions.c\n'}
[5.808365] (px4_msgs) StdoutLine: {'line': b'-- Up-to-date: /home/pavel/ws_ros2/install/px4_msgs/include/px4_msgs/px4_msgs/msg/detail/offboard_control_mode__type_support.h\n'}
[5.808441] (px4_msgs) StdoutLine: {'line': b'-- Up-to-date: /home/pavel/ws_ros2/install/px4_msgs/include/px4_msgs/px4_msgs/msg/detail/esc_report__struct.h\n'}
[5.808498] (px4_msgs) StdoutLine: {'line': b'-- Up-to-date: /home/pavel/ws_ros2/install/px4_msgs/include/px4_msgs/px4_msgs/msg/detail/rate_ctrl_status__functions.c\n'}
[5.808552] (px4_msgs) StdoutLine: {'line': b'-- Up-to-date: /home/pavel/ws_ros2/install/px4_msgs/include/px4_msgs/px4_msgs/msg/detail/iridiumsbd_status__type_support.h\n'}
[5.808640] (px4_msgs) StdoutLine: {'line': b'-- Up-to-date: /home/pavel/ws_ros2/install/px4_msgs/include/px4_msgs/px4_msgs/msg/detail/manual_control_setpoint__functions.h\n'}
[5.808709] (px4_msgs) StdoutLine: {'line': b'-- Up-to-date: /home/pavel/ws_ros2/install/px4_msgs/include/px4_msgs/px4_msgs/msg/detail/debug_array__functions.c\n'}
[5.808764] (px4_msgs) StdoutLine: {'line': b'-- Up-to-date: /home/pavel/ws_ros2/install/px4_msgs/include/px4_msgs/px4_msgs/msg/detail/orb_test__type_support.h\n'}
[5.808818] (px4_msgs) StdoutLine: {'line': b'-- Up-to-date: /home/pavel/ws_ros2/install/px4_msgs/include/px4_msgs/px4_msgs/msg/detail/sensor_optical_flow__struct.h\n'}
[5.808871] (px4_msgs) StdoutLine: {'line': b'-- Up-to-date: /home/pavel/ws_ros2/install/px4_msgs/include/px4_msgs/px4_msgs/msg/detail/uavcan_parameter_request__functions.c\n'}
[5.808924] (px4_msgs) StdoutLine: {'line': b'-- Up-to-date: /home/pavel/ws_ros2/install/px4_msgs/include/px4_msgs/px4_msgs/msg/detail/timesync_status__type_support.h\n'}
[5.808978] (px4_msgs) StdoutLine: {'line': b'-- Up-to-date: /home/pavel/ws_ros2/install/px4_msgs/include/px4_msgs/px4_msgs/msg/detail/gpio_config__type_support.h\n'}
[5.809031] (px4_msgs) StdoutLine: {'line': b'-- Up-to-date: /home/pavel/ws_ros2/install/px4_msgs/include/px4_msgs/px4_msgs/msg/detail/sensor_uwb__struct.h\n'}
[5.809122] (px4_msgs) StdoutLine: {'line': b'-- Up-to-date: /home/pavel/ws_ros2/install/px4_msgs/include/px4_msgs/px4_msgs/msg/detail/landing_gear__functions.h\n'}
[5.809177] (px4_msgs) StdoutLine: {'line': b'-- Up-to-date: /home/pavel/ws_ros2/install/px4_msgs/include/px4_msgs/px4_msgs/msg/detail/gimbal_device_attitude_status__struct.h\n'}
[5.809231] (px4_msgs) StdoutLine: {'line': b'-- Up-to-date: /home/pavel/ws_ros2/install/px4_msgs/include/px4_msgs/px4_msgs/msg/detail/vehicle_air_data__functions.c\n'}
[5.809284] (px4_msgs) StdoutLine: {'line': b'-- Up-to-date: /home/pavel/ws_ros2/install/px4_msgs/include/px4_msgs/px4_msgs/msg/detail/actuator_motors__functions.h\n'}
[5.809338] (px4_msgs) StdoutLine: {'line': b'-- Up-to-date: /home/pavel/ws_ros2/install/px4_msgs/include/px4_msgs/px4_msgs/msg/detail/position_controller_status__struct.h\n'}
[5.809391] (px4_msgs) StdoutLine: {'line': b'-- Up-to-date: /home/pavel/ws_ros2/install/px4_msgs/include/px4_msgs/px4_msgs/msg/detail/mount_orientation__struct.h\n'}
[5.809444] (px4_msgs) StdoutLine: {'line': b'-- Up-to-date: /home/pavel/ws_ros2/install/px4_msgs/include/px4_msgs/px4_msgs/msg/detail/radio_status__type_support.h\n'}
[5.809497] (px4_msgs) StdoutLine: {'line': b'-- Up-to-date: /home/pavel/ws_ros2/install/px4_msgs/include/px4_msgs/px4_msgs/msg/detail/actuator_controls_status__struct.h\n'}
[5.809550] (px4_msgs) StdoutLine: {'line': b'-- Up-to-date: /home/pavel/ws_ros2/install/px4_msgs/include/px4_msgs/px4_msgs/msg/detail/heater_status__struct.h\n'}
[5.809613] (px4_msgs) StdoutLine: {'line': b'-- Up-to-date: /home/pavel/ws_ros2/install/px4_msgs/include/px4_msgs/px4_msgs/msg/detail/gimbal_manager_status__type_support.h\n'}
[5.809743] (px4_msgs) StdoutLine: {'line': b'-- Up-to-date: /home/pavel/ws_ros2/install/px4_msgs/include/px4_msgs/px4_msgs/msg/detail/rtl_time_estimate__struct.h\n'}
[5.809799] (px4_msgs) StdoutLine: {'line': b'-- Up-to-date: /home/pavel/ws_ros2/install/px4_msgs/include/px4_msgs/px4_msgs/msg/detail/launch_detection_status__functions.c\n'}
[5.809852] (px4_msgs) StdoutLine: {'line': b'-- Up-to-date: /home/pavel/ws_ros2/install/px4_msgs/include/px4_msgs/px4_msgs/msg/detail/position_setpoint__struct.h\n'}
[5.809905] (px4_msgs) StdoutLine: {'line': b'-- Up-to-date: /home/pavel/ws_ros2/install/px4_msgs/include/px4_msgs/px4_msgs/msg/detail/rc_channels__functions.h\n'}
[5.809957] (px4_msgs) StdoutLine: {'line': b'-- Up-to-date: /home/pavel/ws_ros2/install/px4_msgs/include/px4_msgs/px4_msgs/msg/detail/internal_combustion_engine_status__functions.c\n'}
[5.810010] (px4_msgs) StdoutLine: {'line': b'-- Up-to-date: /home/pavel/ws_ros2/install/px4_msgs/include/px4_msgs/px4_msgs/msg/detail/uavcan_parameter_value__struct.h\n'}
[5.810063] (px4_msgs) StdoutLine: {'line': b'-- Up-to-date: /home/pavel/ws_ros2/install/px4_msgs/include/px4_msgs/px4_msgs/msg/detail/sensor_baro__struct.h\n'}
[5.810115] (px4_msgs) StdoutLine: {'line': b'-- Up-to-date: /home/pavel/ws_ros2/install/px4_msgs/include/px4_msgs/px4_msgs/msg/detail/heater_status__functions.c\n'}
[5.810168] (px4_msgs) StdoutLine: {'line': b'-- Up-to-date: /home/pavel/ws_ros2/install/px4_msgs/include/px4_msgs/px4_msgs/msg/detail/normalized_unsigned_setpoint__functions.h\n'}
[5.810221] (px4_msgs) StdoutLine: {'line': b'-- Up-to-date: /home/pavel/ws_ros2/install/px4_msgs/include/px4_msgs/px4_msgs/msg/detail/position_controller_status__type_support.h\n'}
[5.810329] (px4_msgs) StdoutLine: {'line': b'-- Up-to-date: /home/pavel/ws_ros2/install/px4_msgs/include/px4_msgs/px4_msgs/msg/detail/satellite_info__functions.h\n'}
[5.810395] (px4_msgs) StdoutLine: {'line': b'-- Up-to-date: /home/pavel/ws_ros2/install/px4_msgs/include/px4_msgs/px4_msgs/msg/detail/estimator_event_flags__struct.h\n'}
[5.810488] (px4_msgs) StdoutLine: {'line': b'-- Up-to-date: /home/pavel/ws_ros2/install/px4_msgs/include/px4_msgs/px4_msgs/msg/detail/autotune_attitude_control_status__type_support.h\n'}
[5.810543] (px4_msgs) StdoutLine: {'line': b'-- Up-to-date: /home/pavel/ws_ros2/install/px4_msgs/include/px4_msgs/px4_msgs/msg/detail/velocity_limits__type_support.h\n'}
[5.810623] (px4_msgs) StdoutLine: {'line': b'-- Up-to-date: /home/pavel/ws_ros2/install/px4_msgs/include/px4_msgs/px4_msgs/msg/detail/system_power__type_support.h\n'}
[5.810674] (px4_msgs) StdoutLine: {'line': b'-- Up-to-date: /home/pavel/ws_ros2/install/px4_msgs/include/px4_msgs/px4_msgs/msg/detail/rc_parameter_map__type_support.h\n'}
[5.810726] (px4_msgs) StdoutLine: {'line': b'-- Up-to-date: /home/pavel/ws_ros2/install/px4_msgs/include/px4_msgs/px4_msgs/msg/detail/estimator_states__functions.c\n'}
[5.810780] (px4_msgs) StdoutLine: {'line': b'-- Up-to-date: /home/pavel/ws_ros2/install/px4_msgs/include/px4_msgs/px4_msgs/msg/detail/rtl_time_estimate__type_support.h\n'}
[5.810833] (px4_msgs) StdoutLine: {'line': b'-- Up-to-date: /home/pavel/ws_ros2/install/px4_msgs/include/px4_msgs/px4_msgs/msg/detail/register_ext_component_request__functions.c\n'}
[5.810886] (px4_msgs) StdoutLine: {'line': b'-- Up-to-date: /home/pavel/ws_ros2/install/px4_msgs/include/px4_msgs/px4_msgs/msg/detail/sensors_status__functions.c\n'}
[5.810938] (px4_msgs) StdoutLine: {'line': b'-- Up-to-date: /home/pavel/ws_ros2/install/px4_msgs/include/px4_msgs/px4_msgs/msg/detail/px4io_status__functions.h\n'}
[5.810991] (px4_msgs) StdoutLine: {'line': b'-- Up-to-date: /home/pavel/ws_ros2/install/px4_msgs/include/px4_msgs/px4_msgs/msg/detail/vehicle_land_detected__functions.h\n'}
[5.811043] (px4_msgs) StdoutLine: {'line': b'-- Up-to-date: /home/pavel/ws_ros2/install/px4_msgs/include/px4_msgs/px4_msgs/msg/detail/uavcan_parameter_request__type_support.h\n'}
[5.811096] (px4_msgs) StdoutLine: {'line': b'-- Up-to-date: /home/pavel/ws_ros2/install/px4_msgs/include/px4_msgs/px4_msgs/msg/detail/landing_gear__type_support.h\n'}
[5.811148] (px4_msgs) StdoutLine: {'line': b'-- Up-to-date: /home/pavel/ws_ros2/install/px4_msgs/include/px4_msgs/px4_msgs/msg/detail/mode_completed__struct.h\n'}
[5.811201] (px4_msgs) StdoutLine: {'line': b'-- Up-to-date: /home/pavel/ws_ros2/install/px4_msgs/include/px4_msgs/px4_msgs/msg/detail/task_stack_info__struct.h\n'}
[5.811253] (px4_msgs) StdoutLine: {'line': b'-- Up-to-date: /home/pavel/ws_ros2/install/px4_msgs/include/px4_msgs/px4_msgs/msg/detail/parameter_set_value_request__type_support.h\n'}
[5.811306] (px4_msgs) StdoutLine: {'line': b'-- Up-to-date: /home/pavel/ws_ros2/install/px4_msgs/include/px4_msgs/px4_msgs/msg/detail/velocity_limits__functions.h\n'}
[5.811358] (px4_msgs) StdoutLine: {'line': b'-- Up-to-date: /home/pavel/ws_ros2/install/px4_msgs/include/px4_msgs/px4_msgs/msg/detail/gimbal_manager_information__functions.h\n'}
[5.811410] (px4_msgs) StdoutLine: {'line': b'-- Up-to-date: /home/pavel/ws_ros2/install/px4_msgs/include/px4_msgs/px4_msgs/msg/detail/figure_eight_status__type_support.h\n'}
[5.811463] (px4_msgs) StdoutLine: {'line': b'-- Up-to-date: /home/pavel/ws_ros2/install/px4_msgs/include/px4_msgs/px4_msgs/msg/detail/ulog_stream__functions.h\n'}
[5.811516] (px4_msgs) StdoutLine: {'line': b'-- Up-to-date: /home/pavel/ws_ros2/install/px4_msgs/include/px4_msgs/px4_msgs/msg/detail/sensor_gps__functions.h\n'}
[5.811569] (px4_msgs) StdoutLine: {'line': b'-- Up-to-date: /home/pavel/ws_ros2/install/px4_msgs/include/px4_msgs/px4_msgs/msg/detail/position_setpoint_triplet__type_support.h\n'}
[5.811719] (px4_msgs) StdoutLine: {'line': b'-- Up-to-date: /home/pavel/ws_ros2/install/px4_msgs/include/px4_msgs/px4_msgs/msg/detail/telemetry_status__type_support.h\n'}
[5.811793] (px4_msgs) StdoutLine: {'line': b'-- Up-to-date: /home/pavel/ws_ros2/install/px4_msgs/include/px4_msgs/px4_msgs/msg/detail/mavlink_tunnel__functions.c\n'}
[5.811847] (px4_msgs) StdoutLine: {'line': b'-- Up-to-date: /home/pavel/ws_ros2/install/px4_msgs/include/px4_msgs/px4_msgs/msg/detail/wind__struct.h\n'}
[5.811901] (px4_msgs) StdoutLine: {'line': b'-- Up-to-date: /home/pavel/ws_ros2/install/px4_msgs/include/px4_msgs/px4_msgs/msg/detail/gpio_request__struct.h\n'}
[5.811954] (px4_msgs) StdoutLine: {'line': b'-- Up-to-date: /home/pavel/ws_ros2/install/px4_msgs/include/px4_msgs/px4_msgs/msg/detail/differential_drive_setpoint__struct.h\n'}
[5.812030] (px4_msgs) StdoutLine: {'line': b'-- Up-to-date: /home/pavel/ws_ros2/install/px4_msgs/include/px4_msgs/px4_msgs/msg/detail/hover_thrust_estimate__struct.h\n'}
[5.812085] (px4_msgs) StdoutLine: {'line': b'-- Up-to-date: /home/pavel/ws_ros2/install/px4_msgs/include/px4_msgs/px4_msgs/msg/detail/estimator_innovations__struct.h\n'}
[5.812138] (px4_msgs) StdoutLine: {'line': b'-- Up-to-date: /home/pavel/ws_ros2/install/px4_msgs/include/px4_msgs/px4_msgs/msg/detail/rc_parameter_map__struct.h\n'}
[5.812191] (px4_msgs) StdoutLine: {'line': b'-- Up-to-date: /home/pavel/ws_ros2/install/px4_msgs/include/px4_msgs/px4_msgs/msg/detail/vehicle_torque_setpoint__functions.h\n'}
[5.812315] (px4_msgs) StdoutLine: {'line': b'-- Up-to-date: /home/pavel/ws_ros2/install/px4_msgs/include/px4_msgs/px4_msgs/msg/detail/gpio_out__struct.h\n'}
[5.812371] (px4_msgs) StdoutLine: {'line': b'-- Up-to-date: /home/pavel/ws_ros2/install/px4_msgs/include/px4_msgs/px4_msgs/msg/detail/sensor_gyro_fifo__functions.h\n'}
[5.812424] (px4_msgs) StdoutLine: {'line': b'-- Up-to-date: /home/pavel/ws_ros2/install/px4_msgs/include/px4_msgs/px4_msgs/msg/detail/sensor_optical_flow__type_support.h\n'}
[5.812477] (px4_msgs) StdoutLine: {'line': b'-- Up-to-date: /home/pavel/ws_ros2/install/px4_msgs/include/px4_msgs/px4_msgs/msg/detail/estimator_states__type_support.h\n'}
[5.812556] (px4_msgs) StdoutLine: {'line': b'-- Up-to-date: /home/pavel/ws_ros2/install/px4_msgs/include/px4_msgs/px4_msgs/msg/detail/flight_phase_estimation__type_support.h\n'}
[5.812643] (px4_msgs) StdoutLine: {'line': b'-- Up-to-date: /home/pavel/ws_ros2/install/px4_msgs/include/px4_msgs/px4_msgs/msg/detail/estimator_aid_source1d__functions.h\n'}
[5.812720] (px4_msgs) StdoutLine: {'line': b'-- Up-to-date: /home/pavel/ws_ros2/install/px4_msgs/include/px4_msgs/px4_msgs/msg/detail/sensor_gyro__type_support.h\n'}
[5.812775] (px4_msgs) StdoutLine: {'line': b'-- Up-to-date: /home/pavel/ws_ros2/install/px4_msgs/include/px4_msgs/px4_msgs/msg/detail/task_stack_info__type_support.h\n'}
[5.812829] (px4_msgs) StdoutLine: {'line': b'-- Up-to-date: /home/pavel/ws_ros2/install/px4_msgs/include/px4_msgs/px4_msgs/msg/detail/follow_target__struct.h\n'}
[5.812882] (px4_msgs) StdoutLine: {'line': b'-- Up-to-date: /home/pavel/ws_ros2/install/px4_msgs/include/px4_msgs/px4_msgs/msg/detail/wheel_encoders__type_support.h\n'}
[5.812935] (px4_msgs) StdoutLine: {'line': b'-- Up-to-date: /home/pavel/ws_ros2/install/px4_msgs/include/px4_msgs/px4_msgs/msg/detail/rover_ackermann_guidance_status__functions.c\n'}
[5.812989] (px4_msgs) StdoutLine: {'line': b'-- Up-to-date: /home/pavel/ws_ros2/install/px4_msgs/include/px4_msgs/px4_msgs/msg/detail/vehicle_constraints__type_support.h\n'}
[5.813042] (px4_msgs) StdoutLine: {'line': b'-- Up-to-date: /home/pavel/ws_ros2/install/px4_msgs/include/px4_msgs/px4_msgs/msg/detail/led_control__functions.c\n'}
[5.813095] (px4_msgs) StdoutLine: {'line': b'-- Up-to-date: /home/pavel/ws_ros2/install/px4_msgs/include/px4_msgs/px4_msgs/msg/detail/sensor_preflight_mag__type_support.h\n'}
[5.813148] (px4_msgs) StdoutLine: {'line': b'-- Up-to-date: /home/pavel/ws_ros2/install/px4_msgs/include/px4_msgs/px4_msgs/msg/detail/actuator_armed__functions.h\n'}
[5.813201] (px4_msgs) StdoutLine: {'line': b'-- Up-to-date: /home/pavel/ws_ros2/install/px4_msgs/include/px4_msgs/px4_msgs/msg/detail/failsafe_flags__functions.c\n'}
[5.813254] (px4_msgs) StdoutLine: {'line': b'-- Up-to-date: /home/pavel/ws_ros2/install/px4_msgs/include/px4_msgs/px4_msgs/msg/detail/message_format_response__type_support.h\n'}
[5.813307] (px4_msgs) StdoutLine: {'line': b'-- Up-to-date: /home/pavel/ws_ros2/install/px4_msgs/include/px4_msgs/px4_msgs/msg/detail/estimator_status_flags__functions.c\n'}
[5.813360] (px4_msgs) StdoutLine: {'line': b'-- Up-to-date: /home/pavel/ws_ros2/install/px4_msgs/include/px4_msgs/px4_msgs/msg/detail/camera_status__functions.h\n'}
[5.813413] (px4_msgs) StdoutLine: {'line': b'-- Up-to-date: /home/pavel/ws_ros2/install/px4_msgs/include/px4_msgs/px4_msgs/msg/detail/sensor_preflight_mag__functions.c\n'}
[5.813481] (px4_msgs) StdoutLine: {'line': b'-- Up-to-date: /home/pavel/ws_ros2/install/px4_msgs/include/px4_msgs/px4_msgs/msg/detail/wind__type_support.h\n'}
[5.813535] (px4_msgs) StdoutLine: {'line': b'-- Up-to-date: /home/pavel/ws_ros2/install/px4_msgs/include/px4_msgs/px4_msgs/msg/detail/pwm_input__struct.h\n'}
[5.813594] (px4_msgs) StdoutLine: {'line': b'-- Up-to-date: /home/pavel/ws_ros2/install/px4_msgs/include/px4_msgs/px4_msgs/msg/detail/wheel_encoders__struct.h\n'}
[5.813755] (px4_msgs) StdoutLine: {'line': b'-- Up-to-date: /home/pavel/ws_ros2/install/px4_msgs/include/px4_msgs/px4_msgs/msg/detail/vehicle_land_detected__struct.h\n'}
[5.813811] (px4_msgs) StdoutLine: {'line': b'-- Up-to-date: /home/pavel/ws_ros2/install/px4_msgs/include/px4_msgs/px4_msgs/msg/detail/geofence_result__functions.c\n'}
[5.813865] (px4_msgs) StdoutLine: {'line': b'-- Up-to-date: /home/pavel/ws_ros2/install/px4_msgs/include/px4_msgs/px4_msgs/msg/detail/obstacle_distance__type_support.h\n'}
[5.813919] (px4_msgs) StdoutLine: {'line': b'-- Up-to-date: /home/pavel/ws_ros2/install/px4_msgs/include/px4_msgs/px4_msgs/msg/detail/yaw_estimator_status__functions.c\n'}
[5.813973] (px4_msgs) StdoutLine: {'line': b'-- Up-to-date: /home/pavel/ws_ros2/install/px4_msgs/include/px4_msgs/px4_msgs/msg/detail/button_event__functions.c\n'}
[5.814026] (px4_msgs) StdoutLine: {'line': b'-- Up-to-date: /home/pavel/ws_ros2/install/px4_msgs/include/px4_msgs/px4_msgs/msg/detail/position_setpoint_triplet__struct.h\n'}
[5.814079] (px4_msgs) StdoutLine: {'line': b'-- Up-to-date: /home/pavel/ws_ros2/install/px4_msgs/include/px4_msgs/px4_msgs/msg/detail/gpio_in__type_support.h\n'}
[5.814132] (px4_msgs) StdoutLine: {'line': b'-- Up-to-date: /home/pavel/ws_ros2/install/px4_msgs/include/px4_msgs/px4_msgs/msg/detail/actuator_controls_status__type_support.h\n'}
[5.814186] (px4_msgs) StdoutLine: {'line': b'-- Up-to-date: /home/pavel/ws_ros2/install/px4_msgs/include/px4_msgs/px4_msgs/msg/detail/vehicle_global_position__type_support.h\n'}
[5.814254] (px4_msgs) StdoutLine: {'line': b'-- Up-to-date: /home/pavel/ws_ros2/install/px4_msgs/include/px4_msgs/px4_msgs/msg/detail/mag_worker_data__functions.h\n'}
[5.814311] (px4_msgs) StdoutLine: {'line': b'-- Up-to-date: /home/pavel/ws_ros2/install/px4_msgs/include/px4_msgs/px4_msgs/msg/detail/led_control__functions.h\n'}
[5.814364] (px4_msgs) StdoutLine: {'line': b'-- Up-to-date: /home/pavel/ws_ros2/install/px4_msgs/include/px4_msgs/px4_msgs/msg/detail/sensor_gnss_relative__type_support.h\n'}
[5.814417] (px4_msgs) StdoutLine: {'line': b'-- Up-to-date: /home/pavel/ws_ros2/install/px4_msgs/include/px4_msgs/px4_msgs/msg/detail/gpio_config__functions.h\n'}
[5.814470] (px4_msgs) StdoutLine: {'line': b'-- Up-to-date: /home/pavel/ws_ros2/install/px4_msgs/include/px4_msgs/px4_msgs/msg/detail/sensor_gnss_relative__functions.h\n'}
[5.814524] (px4_msgs) StdoutLine: {'line': b'-- Up-to-date: /home/pavel/ws_ros2/install/px4_msgs/include/px4_msgs/px4_msgs/msg/detail/irlock_report__type_support.h\n'}
[5.814682] (px4_msgs) StdoutLine: {'line': b'-- Up-to-date: /home/pavel/ws_ros2/install/px4_msgs/include/px4_msgs/px4_msgs/msg/detail/manual_control_setpoint__struct.h\n'}
[5.814750] (px4_msgs) StdoutLine: {'line': b'-- Up-to-date: /home/pavel/ws_ros2/install/px4_msgs/include/px4_msgs/px4_msgs/msg/detail/trajectory_waypoint__struct.h\n'}
[5.814800] (px4_msgs) StdoutLine: {'line': b'-- Up-to-date: /home/pavel/ws_ros2/install/px4_msgs/include/px4_msgs/px4_msgs/msg/detail/actuator_test__functions.c\n'}
[5.814848] (px4_msgs) StdoutLine: {'line': b'-- Up-to-date: /home/pavel/ws_ros2/install/px4_msgs/include/px4_msgs/px4_msgs/msg/detail/register_ext_component_request__struct.h\n'}
[5.814897] (px4_msgs) StdoutLine: {'line': b'-- Up-to-date: /home/pavel/ws_ros2/install/px4_msgs/include/px4_msgs/px4_msgs/msg/detail/camera_trigger__functions.c\n'}
[5.814945] (px4_msgs) StdoutLine: {'line': b'-- Up-to-date: /home/pavel/ws_ros2/install/px4_msgs/include/px4_msgs/px4_msgs/msg/detail/goto_setpoint__struct.h\n'}
[5.815014] (px4_msgs) StdoutLine: {'line': b'-- Up-to-date: /home/pavel/ws_ros2/install/px4_msgs/include/px4_msgs/px4_msgs/msg/detail/uavcan_parameter_value__functions.h\n'}
[5.815069] (px4_msgs) StdoutLine: {'line': b'-- Up-to-date: /home/pavel/ws_ros2/install/px4_msgs/include/px4_msgs/px4_msgs/msg/detail/vehicle_imu__struct.h\n'}
[5.815123] (px4_msgs) StdoutLine: {'line': b'-- Up-to-date: /home/pavel/ws_ros2/install/px4_msgs/include/px4_msgs/px4_msgs/msg/detail/vehicle_trajectory_waypoint__functions.c\n'}
[5.815176] (px4_msgs) StdoutLine: {'line': b'-- Up-to-date: /home/pavel/ws_ros2/install/px4_msgs/include/px4_msgs/px4_msgs/msg/detail/estimator_event_flags__functions.h\n'}
[5.815230] (px4_msgs) StdoutLine: {'line': b'-- Up-to-date: /home/pavel/ws_ros2/install/px4_msgs/include/px4_msgs/px4_msgs/msg/detail/uavcan_parameter_request__functions.h\n'}
[5.815283] (px4_msgs) StdoutLine: {'line': b'-- Up-to-date: /home/pavel/ws_ros2/install/px4_msgs/include/px4_msgs/px4_msgs/msg/detail/parameter_update__functions.h\n'}
[5.815336] (px4_msgs) StdoutLine: {'line': b'-- Up-to-date: /home/pavel/ws_ros2/install/px4_msgs/include/px4_msgs/px4_msgs/msg/detail/vehicle_optical_flow_vel__struct.h\n'}
[5.815389] (px4_msgs) StdoutLine: {'line': b'-- Up-to-date: /home/pavel/ws_ros2/install/px4_msgs/include/px4_msgs/px4_msgs/msg/detail/tune_control__struct.h\n'}
[5.815442] (px4_msgs) StdoutLine: {'line': b'-- Up-to-date: /home/pavel/ws_ros2/install/px4_msgs/include/px4_msgs/px4_msgs/msg/detail/control_allocator_status__type_support.h\n'}
[5.815495] (px4_msgs) StdoutLine: {'line': b'-- Up-to-date: /home/pavel/ws_ros2/install/px4_msgs/include/px4_msgs/px4_msgs/msg/detail/message_format_response__functions.h\n'}
[5.815548] (px4_msgs) StdoutLine: {'line': b'-- Up-to-date: /home/pavel/ws_ros2/install/px4_msgs/include/px4_msgs/px4_msgs/msg/detail/sensor_gps__functions.c\n'}
[5.815610] (px4_msgs) StdoutLine: {'line': b'-- Up-to-date: /home/pavel/ws_ros2/install/px4_msgs/include/px4_msgs/px4_msgs/msg/detail/autotune_attitude_control_status__functions.c\n'}
[5.815734] (px4_msgs) StdoutLine: {'line': b'-- Up-to-date: /home/pavel/ws_ros2/install/px4_msgs/include/px4_msgs/px4_msgs/msg/detail/ulog_stream__functions.c\n'}
[5.815789] (px4_msgs) StdoutLine: {'line': b'-- Up-to-date: /home/pavel/ws_ros2/install/px4_msgs/include/px4_msgs/px4_msgs/msg/detail/vehicle_angular_acceleration_setpoint__type_support.h\n'}
[5.815843] (px4_msgs) StdoutLine: {'line': b'-- Up-to-date: /home/pavel/ws_ros2/install/px4_msgs/include/px4_msgs/px4_msgs/msg/detail/position_controller_landing_status__type_support.h\n'}
[5.815897] (px4_msgs) StdoutLine: {'line': b'-- Up-to-date: /home/pavel/ws_ros2/install/px4_msgs/include/px4_msgs/px4_msgs/msg/detail/satellite_info__type_support.h\n'}
[5.815950] (px4_msgs) StdoutLine: {'line': b'-- Up-to-date: /home/pavel/ws_ros2/install/px4_msgs/include/px4_msgs/px4_msgs/msg/detail/estimator_sensor_bias__type_support.h\n'}
[5.816003] (px4_msgs) StdoutLine: {'line': b'-- Up-to-date: /home/pavel/ws_ros2/install/px4_msgs/include/px4_msgs/px4_msgs/msg/detail/mission__struct.h\n'}
[5.816056] (px4_msgs) StdoutLine: {'line': b'-- Up-to-date: /home/pavel/ws_ros2/install/px4_msgs/include/px4_msgs/px4_msgs/msg/detail/sensors_status__struct.h\n'}
[5.816123] (px4_msgs) StdoutLine: {'line': b'-- Up-to-date: /home/pavel/ws_ros2/install/px4_msgs/include/px4_msgs/px4_msgs/msg/detail/timesync_status__struct.h\n'}
[5.816178] (px4_msgs) StdoutLine: {'line': b'-- Up-to-date: /home/pavel/ws_ros2/install/px4_msgs/include/px4_msgs/px4_msgs/msg/detail/gripper__functions.h\n'}
[5.816231] (px4_msgs) StdoutLine: {'line': b'-- Up-to-date: /home/pavel/ws_ros2/install/px4_msgs/include/px4_msgs/px4_msgs/msg/detail/wind__functions.h\n'}
[5.816284] (px4_msgs) StdoutLine: {'line': b'-- Up-to-date: /home/pavel/ws_ros2/install/px4_msgs/include/px4_msgs/px4_msgs/msg/detail/action_request__functions.h\n'}
[5.816337] (px4_msgs) StdoutLine: {'line': b'-- Up-to-date: /home/pavel/ws_ros2/install/px4_msgs/include/px4_msgs/px4_msgs/msg/detail/gimbal_device_information__functions.c\n'}
[5.816459] (px4_msgs) StdoutLine: {'line': b'-- Up-to-date: /home/pavel/ws_ros2/install/px4_msgs/include/px4_msgs/px4_msgs/msg/detail/vehicle_torque_setpoint__type_support.h\n'}
[5.816515] (px4_msgs) StdoutLine: {'line': b'-- Up-to-date: /home/pavel/ws_ros2/install/px4_msgs/include/px4_msgs/px4_msgs/msg/detail/arming_check_reply__type_support.h\n'}
[5.816569] (px4_msgs) StdoutLine: {'line': b'-- Up-to-date: /home/pavel/ws_ros2/install/px4_msgs/include/px4_msgs/px4_msgs/msg/detail/vehicle_magnetometer__functions.h\n'}
[5.816654] (px4_msgs) StdoutLine: {'line': b'-- Up-to-date: /home/pavel/ws_ros2/install/px4_msgs/include/px4_msgs/px4_msgs/msg/detail/gimbal_manager_set_attitude__type_support.h\n'}
[5.816763] (px4_msgs) StdoutLine: {'line': b'-- Up-to-date: /home/pavel/ws_ros2/install/px4_msgs/include/px4_msgs/px4_msgs/msg/detail/distance_sensor__functions.c\n'}
[5.816819] (px4_msgs) StdoutLine: {'line': b'-- Up-to-date: /home/pavel/ws_ros2/install/px4_msgs/include/px4_msgs/px4_msgs/msg/detail/sensor_gyro_fft__functions.h\n'}
[5.816880] (px4_msgs) StdoutLine: {'line': b'-- Up-to-date: /home/pavel/ws_ros2/install/px4_msgs/include/px4_msgs/px4_msgs/msg/detail/sensor_preflight_mag__struct.h\n'}
[5.816939] (px4_msgs) StdoutLine: {'line': b'-- Up-to-date: /home/pavel/ws_ros2/install/px4_msgs/include/px4_msgs/px4_msgs/msg/detail/landing_target_innovations__functions.c\n'}
[5.816998] (px4_msgs) StdoutLine: {'line': b'-- Up-to-date: /home/pavel/ws_ros2/install/px4_msgs/include/px4_msgs/px4_msgs/msg/detail/npfg_status__struct.h\n'}
[5.817056] (px4_msgs) StdoutLine: {'line': b'-- Up-to-date: /home/pavel/ws_ros2/install/px4_msgs/include/px4_msgs/px4_msgs/msg/detail/event__functions.h\n'}
[5.817114] (px4_msgs) StdoutLine: {'line': b'-- Up-to-date: /home/pavel/ws_ros2/install/px4_msgs/include/px4_msgs/px4_msgs/msg/detail/vtol_vehicle_status__type_support.h\n'}
[5.817172] (px4_msgs) StdoutLine: {'line': b'-- Up-to-date: /home/pavel/ws_ros2/install/px4_msgs/include/px4_msgs/px4_msgs/msg/detail/power_button_state__type_support.h\n'}
[5.817230] (px4_msgs) StdoutLine: {'line': b'-- Up-to-date: /home/pavel/ws_ros2/install/px4_msgs/include/px4_msgs/px4_msgs/msg/detail/navigator_mission_item__functions.c\n'}
[5.817288] (px4_msgs) StdoutLine: {'line': b'-- Up-to-date: /home/pavel/ws_ros2/install/px4_msgs/include/px4_msgs/px4_msgs/msg/detail/estimator_aid_source2d__functions.c\n'}
[5.817346] (px4_msgs) StdoutLine: {'line': b'-- Up-to-date: /home/pavel/ws_ros2/install/px4_msgs/include/px4_msgs/px4_msgs/msg/detail/vehicle_trajectory_waypoint__struct.h\n'}
[5.817404] (px4_msgs) StdoutLine: {'line': b'-- Up-to-date: /home/pavel/ws_ros2/install/px4_msgs/include/px4_msgs/px4_msgs/msg/detail/normalized_unsigned_setpoint__functions.c\n'}
[5.817462] (px4_msgs) StdoutLine: {'line': b'-- Up-to-date: /home/pavel/ws_ros2/install/px4_msgs/include/px4_msgs/px4_msgs/msg/detail/goto_setpoint__type_support.h\n'}
[5.817518] (px4_msgs) StdoutLine: {'line': b'-- Up-to-date: /home/pavel/ws_ros2/install/px4_msgs/include/px4_msgs/px4_msgs/msg/detail/adc_report__type_support.h\n'}
[5.817580] (px4_msgs) StdoutLine: {'line': b'-- Up-to-date: /home/pavel/ws_ros2/install/px4_msgs/include/px4_msgs/px4_msgs/msg/detail/sensor_gyro_fft__functions.c\n'}
[5.817714] (px4_msgs) StdoutLine: {'line': b'-- Up-to-date: /home/pavel/ws_ros2/install/px4_msgs/include/px4_msgs/px4_msgs/msg/detail/vehicle_angular_velocity__functions.h\n'}
[5.817766] (px4_msgs) StdoutLine: {'line': b'-- Up-to-date: /home/pavel/ws_ros2/install/px4_msgs/include/px4_msgs/px4_msgs/msg/detail/vehicle_global_position__functions.h\n'}
[5.817816] (px4_msgs) StdoutLine: {'line': b'-- Up-to-date: /home/pavel/ws_ros2/install/px4_msgs/include/px4_msgs/px4_msgs/msg/detail/vehicle_command_ack__type_support.h\n'}
[5.817864] (px4_msgs) StdoutLine: {'line': b'-- Up-to-date: /home/pavel/ws_ros2/install/px4_msgs/include/px4_msgs/px4_msgs/msg/detail/onboard_computer_status__functions.h\n'}
[5.817912] (px4_msgs) StdoutLine: {'line': b'-- Up-to-date: /home/pavel/ws_ros2/install/px4_msgs/include/px4_msgs/px4_msgs/msg/detail/cpuload__functions.h\n'}
[5.817967] (px4_msgs) StdoutLine: {'line': b'-- Up-to-date: /home/pavel/ws_ros2/install/px4_msgs/include/px4_msgs/px4_msgs/msg/detail/vehicle_trajectory_waypoint__type_support.h\n'}
[5.818015] (px4_msgs) StdoutLine: {'line': b'-- Up-to-date: /home/pavel/ws_ros2/install/px4_msgs/include/px4_msgs/px4_msgs/msg/detail/geofence_result__functions.h\n'}
[5.818066] (px4_msgs) StdoutLine: {'line': b'-- Up-to-date: /home/pavel/ws_ros2/install/px4_msgs/include/px4_msgs/px4_msgs/msg/detail/estimator_innovations__functions.h\n'}
[5.818120] (px4_msgs) StdoutLine: {'line': b'-- Up-to-date: /home/pavel/ws_ros2/install/px4_msgs/include/px4_msgs/px4_msgs/msg/detail/config_overrides__struct.h\n'}
[5.818173] (px4_msgs) StdoutLine: {'line': b'-- Up-to-date: /home/pavel/ws_ros2/install/px4_msgs/include/px4_msgs/px4_msgs/msg/detail/cellular_status__functions.h\n'}
[5.818226] (px4_msgs) StdoutLine: {'line': b'-- Up-to-date: /home/pavel/ws_ros2/install/px4_msgs/include/px4_msgs/px4_msgs/msg/detail/ekf2_timestamps__type_support.h\n'}
[5.818279] (px4_msgs) StdoutLine: {'line': b'-- Up-to-date: /home/pavel/ws_ros2/install/px4_msgs/include/px4_msgs/px4_msgs/msg/detail/actuator_armed__struct.h\n'}
[5.818332] (px4_msgs) StdoutLine: {'line': b'-- Up-to-date: /home/pavel/ws_ros2/install/px4_msgs/include/px4_msgs/px4_msgs/msg/detail/transponder_report__functions.c\n'}
[5.818384] (px4_msgs) StdoutLine: {'line': b'-- Up-to-date: /home/pavel/ws_ros2/install/px4_msgs/include/px4_msgs/px4_msgs/msg/detail/qshell_req__functions.c\n'}
[5.818437] (px4_msgs) StdoutLine: {'line': b'-- Up-to-date: /home/pavel/ws_ros2/install/px4_msgs/include/px4_msgs/px4_msgs/msg/detail/wind__functions.c\n'}
[5.818489] (px4_msgs) StdoutLine: {'line': b'-- Up-to-date: /home/pavel/ws_ros2/install/px4_msgs/include/px4_msgs/px4_msgs/msg/detail/pwm_input__type_support.h\n'}
[5.818543] (px4_msgs) StdoutLine: {'line': b'-- Up-to-date: /home/pavel/ws_ros2/install/px4_msgs/include/px4_msgs/px4_msgs/msg/detail/unregister_ext_component__struct.h\n'}
[5.818600] (px4_msgs) StdoutLine: {'line': b'-- Up-to-date: /home/pavel/ws_ros2/install/px4_msgs/include/px4_msgs/px4_msgs/msg/detail/gpio_in__functions.c\n'}
[5.818675] (px4_msgs) StdoutLine: {'line': b'-- Up-to-date: /home/pavel/ws_ros2/install/px4_msgs/include/px4_msgs/px4_msgs/msg/detail/vehicle_attitude__struct.h\n'}
[5.818733] (px4_msgs) StdoutLine: {'line': b'-- Up-to-date: /home/pavel/ws_ros2/install/px4_msgs/include/px4_msgs/px4_msgs/msg/detail/actuator_outputs__struct.h\n'}
[5.818781] (px4_msgs) StdoutLine: {'line': b'-- Up-to-date: /home/pavel/ws_ros2/install/px4_msgs/include/px4_msgs/px4_msgs/msg/detail/sensor_baro__type_support.h\n'}
[5.818829] (px4_msgs) StdoutLine: {'line': b'-- Up-to-date: /home/pavel/ws_ros2/install/px4_msgs/include/px4_msgs/px4_msgs/msg/detail/transponder_report__type_support.h\n'}
[5.818876] (px4_msgs) StdoutLine: {'line': b'-- Up-to-date: /home/pavel/ws_ros2/install/px4_msgs/include/px4_msgs/px4_msgs/msg/detail/satellite_info__functions.c\n'}
[5.818924] (px4_msgs) StdoutLine: {'line': b'-- Up-to-date: /home/pavel/ws_ros2/install/px4_msgs/include/px4_msgs/px4_msgs/msg/detail/gps_dump__type_support.h\n'}
[5.818971] (px4_msgs) StdoutLine: {'line': b'-- Up-to-date: /home/pavel/ws_ros2/install/px4_msgs/include/px4_msgs/px4_msgs/msg/detail/debug_vect__functions.c\n'}
[5.819019] (px4_msgs) StdoutLine: {'line': b'-- Up-to-date: /home/pavel/ws_ros2/install/px4_msgs/include/px4_msgs/px4_msgs/msg/detail/position_setpoint__functions.c\n'}
[5.819066] (px4_msgs) StdoutLine: {'line': b'-- Up-to-date: /home/pavel/ws_ros2/install/px4_msgs/include/px4_msgs/px4_msgs/msg/detail/sensor_mag__struct.h\n'}
[5.819118] (px4_msgs) StdoutLine: {'line': b'-- Up-to-date: /home/pavel/ws_ros2/install/px4_msgs/include/px4_msgs/px4_msgs/msg/detail/airspeed_validated__struct.h\n'}
[5.819172] (px4_msgs) StdoutLine: {'line': b'-- Up-to-date: /home/pavel/ws_ros2/install/px4_msgs/include/px4_msgs/px4_msgs/msg/detail/parameter_reset_request__functions.c\n'}
[5.819226] (px4_msgs) StdoutLine: {'line': b'-- Up-to-date: /home/pavel/ws_ros2/install/px4_msgs/include/px4_msgs/px4_msgs/msg/detail/vehicle_acceleration__functions.h\n'}
[5.819292] (px4_msgs) StdoutLine: {'line': b'-- Up-to-date: /home/pavel/ws_ros2/install/px4_msgs/include/px4_msgs/px4_msgs/msg/detail/gps_inject_data__type_support.h\n'}
[5.819346] (px4_msgs) StdoutLine: {'line': b'-- Up-to-date: /home/pavel/ws_ros2/install/px4_msgs/include/px4_msgs/px4_msgs/msg/detail/vehicle_imu_status__functions.c\n'}
[5.819399] (px4_msgs) StdoutLine: {'line': b'-- Up-to-date: /home/pavel/ws_ros2/install/px4_msgs/include/px4_msgs/px4_msgs/msg/detail/offboard_control_mode__functions.c\n'}
[5.819453] (px4_msgs) StdoutLine: {'line': b'-- Up-to-date: /home/pavel/ws_ros2/install/px4_msgs/include/px4_msgs/px4_msgs/msg/detail/power_button_state__functions.c\n'}
[5.819506] (px4_msgs) StdoutLine: {'line': b'-- Up-to-date: /home/pavel/ws_ros2/install/px4_msgs/include/px4_msgs/px4_msgs/msg/detail/vehicle_roi__type_support.h\n'}
[5.819560] (px4_msgs) StdoutLine: {'line': b'-- Up-to-date: /home/pavel/ws_ros2/install/px4_msgs/include/px4_msgs/px4_msgs/msg/detail/parameter_set_used_request__struct.h\n'}
[5.819650] (px4_msgs) StdoutLine: {'line': b'-- Up-to-date: /home/pavel/ws_ros2/install/px4_msgs/include/px4_msgs/px4_msgs/msg/detail/estimator_status__functions.h\n'}
[5.819728] (px4_msgs) StdoutLine: {'line': b'-- Up-to-date: /home/pavel/ws_ros2/install/px4_msgs/include/px4_msgs/px4_msgs/msg/detail/parameter_set_used_request__functions.h\n'}
[5.819783] (px4_msgs) StdoutLine: {'line': b'-- Up-to-date: /home/pavel/ws_ros2/install/px4_msgs/include/px4_msgs/px4_msgs/msg/detail/sensor_correction__type_support.h\n'}
[5.819866] (px4_msgs) StdoutLine: {'line': b'-- Up-to-date: /home/pavel/ws_ros2/install/px4_msgs/include/px4_msgs/px4_msgs/msg/detail/gps_inject_data__functions.h\n'}
[5.819923] (px4_msgs) StdoutLine: {'line': b'-- Up-to-date: /home/pavel/ws_ros2/install/px4_msgs/include/px4_msgs/px4_msgs/msg/detail/collision_constraints__functions.h\n'}
[5.819978] (px4_msgs) StdoutLine: {'line': b'-- Up-to-date: /home/pavel/ws_ros2/install/px4_msgs/include/px4_msgs/px4_msgs/msg/detail/vtol_vehicle_status__struct.h\n'}
[5.820032] (px4_msgs) StdoutLine: {'line': b'-- Up-to-date: /home/pavel/ws_ros2/install/px4_msgs/include/px4_msgs/px4_msgs/msg/detail/gimbal_device_information__struct.h\n'}
[5.820086] (px4_msgs) StdoutLine: {'line': b'-- Up-to-date: /home/pavel/ws_ros2/install/px4_msgs/include/px4_msgs/px4_msgs/msg/detail/estimator_aid_source2d__type_support.h\n'}
[5.820140] (px4_msgs) StdoutLine: {'line': b'-- Up-to-date: /home/pavel/ws_ros2/install/px4_msgs/include/px4_msgs/px4_msgs/msg/detail/rtl_status__type_support.h\n'}
[5.820193] (px4_msgs) StdoutLine: {'line': b'-- Up-to-date: /home/pavel/ws_ros2/install/px4_msgs/include/px4_msgs/px4_msgs/msg/detail/gpio_out__functions.h\n'}
[5.820247] (px4_msgs) StdoutLine: {'line': b'-- Up-to-date: /home/pavel/ws_ros2/install/px4_msgs/include/px4_msgs/px4_msgs/msg/detail/telemetry_status__struct.h\n'}
[5.820301] (px4_msgs) StdoutLine: {'line': b'-- Up-to-date: /home/pavel/ws_ros2/install/px4_msgs/include/px4_msgs/px4_msgs/msg/detail/actuator_armed__type_support.h\n'}
[5.820354] (px4_msgs) StdoutLine: {'line': b'-- Up-to-date: /home/pavel/ws_ros2/install/px4_msgs/include/px4_msgs/px4_msgs/msg/detail/vehicle_control_mode__struct.h\n'}
[5.820408] (px4_msgs) StdoutLine: {'line': b'-- Up-to-date: /home/pavel/ws_ros2/install/px4_msgs/include/px4_msgs/px4_msgs/msg/detail/follow_target_estimator__functions.h\n'}
[5.820461] (px4_msgs) StdoutLine: {'line': b'-- Up-to-date: /home/pavel/ws_ros2/install/px4_msgs/include/px4_msgs/px4_msgs/msg/detail/estimator_gps_status__functions.h\n'}
[5.820515] (px4_msgs) StdoutLine: {'line': b'-- Up-to-date: /home/pavel/ws_ros2/install/px4_msgs/include/px4_msgs/px4_msgs/msg/detail/parameter_reset_request__struct.h\n'}
[5.820568] (px4_msgs) StdoutLine: {'line': b'-- Up-to-date: /home/pavel/ws_ros2/install/px4_msgs/include/px4_msgs/px4_msgs/msg/detail/ulog_stream_ack__struct.h\n'}
[5.820723] (px4_msgs) StdoutLine: {'line': b'-- Up-to-date: /home/pavel/ws_ros2/install/px4_msgs/include/px4_msgs/px4_msgs/msg/detail/estimator_aid_source1d__type_support.h\n'}
[5.820821] (px4_msgs) StdoutLine: {'line': b'-- Up-to-date: /home/pavel/ws_ros2/install/px4_msgs/include/px4_msgs/px4_msgs/msg/detail/gripper__struct.h\n'}
[5.820876] (px4_msgs) StdoutLine: {'line': b'-- Up-to-date: /home/pavel/ws_ros2/install/px4_msgs/include/px4_msgs/px4_msgs/msg/detail/sensor_accel__type_support.h\n'}
[5.820931] (px4_msgs) StdoutLine: {'line': b'-- Up-to-date: /home/pavel/ws_ros2/install/px4_msgs/include/px4_msgs/px4_msgs/msg/detail/qshell_retval__functions.h\n'}
[5.820985] (px4_msgs) StdoutLine: {'line': b'-- Up-to-date: /home/pavel/ws_ros2/install/px4_msgs/include/px4_msgs/px4_msgs/msg/detail/rover_ackermann_guidance_status__struct.h\n'}
[5.821039] (px4_msgs) StdoutLine: {'line': b'-- Up-to-date: /home/pavel/ws_ros2/install/px4_msgs/include/px4_msgs/px4_msgs/msg/detail/log_message__type_support.h\n'}
[5.821093] (px4_msgs) StdoutLine: {'line': b'-- Up-to-date: /home/pavel/ws_ros2/install/px4_msgs/include/px4_msgs/px4_msgs/msg/detail/follow_target_estimator__struct.h\n'}
[5.821146] (px4_msgs) StdoutLine: {'line': b'-- Up-to-date: /home/pavel/ws_ros2/install/px4_msgs/include/px4_msgs/px4_msgs/msg/detail/vehicle_attitude__functions.h\n'}
[5.821199] (px4_msgs) StdoutLine: {'line': b'-- Up-to-date: /home/pavel/ws_ros2/install/px4_msgs/include/px4_msgs/px4_msgs/msg/detail/mission_result__type_support.h\n'}
[5.821253] (px4_msgs) StdoutLine: {'line': b'-- Up-to-date: /home/pavel/ws_ros2/install/px4_msgs/include/px4_msgs/px4_msgs/msg/detail/trajectory_setpoint__functions.c\n'}
[5.821306] (px4_msgs) StdoutLine: {'line': b'-- Up-to-date: /home/pavel/ws_ros2/install/px4_msgs/include/px4_msgs/px4_msgs/msg/detail/navigator_mission_item__functions.h\n'}
[5.821359] (px4_msgs) StdoutLine: {'line': b'-- Up-to-date: /home/pavel/ws_ros2/install/px4_msgs/include/px4_msgs/px4_msgs/msg/detail/vehicle_odometry__type_support.h\n'}
[5.821412] (px4_msgs) StdoutLine: {'line': b'-- Up-to-date: /home/pavel/ws_ros2/install/px4_msgs/include/px4_msgs/px4_msgs/msg/detail/satellite_info__struct.h\n'}
[5.821465] (px4_msgs) StdoutLine: {'line': b'-- Up-to-date: /home/pavel/ws_ros2/install/px4_msgs/include/px4_msgs/px4_msgs/msg/detail/mavlink_log__functions.c\n'}
[5.821517] (px4_msgs) StdoutLine: {'line': b'-- Up-to-date: /home/pavel/ws_ros2/install/px4_msgs/include/px4_msgs/px4_msgs/msg/detail/estimator_gps_status__type_support.h\n'}
[5.821571] (px4_msgs) StdoutLine: {'line': b'-- Up-to-date: /home/pavel/ws_ros2/install/px4_msgs/include/px4_msgs/px4_msgs/msg/detail/figure_eight_status__functions.h\n'}
[5.821744] (px4_msgs) StdoutLine: {'line': b'-- Up-to-date: /home/pavel/ws_ros2/install/px4_msgs/include/px4_msgs/px4_msgs/msg/detail/sensors_status__functions.h\n'}
[5.821800] (px4_msgs) StdoutLine: {'line': b'-- Up-to-date: /home/pavel/ws_ros2/install/px4_msgs/include/px4_msgs/px4_msgs/msg/detail/vehicle_local_position_setpoint__functions.c\n'}
[5.821883] (px4_msgs) StdoutLine: {'line': b'-- Up-to-date: /home/pavel/ws_ros2/install/px4_msgs/include/px4_msgs/px4_msgs/msg/detail/failsafe_flags__functions.h\n'}
[5.821940] (px4_msgs) StdoutLine: {'line': b'-- Up-to-date: /home/pavel/ws_ros2/install/px4_msgs/include/px4_msgs/px4_msgs/msg/detail/yaw_estimator_status__struct.h\n'}
[5.821993] (px4_msgs) StdoutLine: {'line': b'-- Up-to-date: /home/pavel/ws_ros2/install/px4_msgs/include/px4_msgs/px4_msgs/msg/detail/rtl_status__functions.c\n'}
[5.822046] (px4_msgs) StdoutLine: {'line': b'-- Up-to-date: /home/pavel/ws_ros2/install/px4_msgs/include/px4_msgs/px4_msgs/msg/detail/position_setpoint_triplet__functions.h\n'}
[5.822099] (px4_msgs) StdoutLine: {'line': b'-- Up-to-date: /home/pavel/ws_ros2/install/px4_msgs/include/px4_msgs/px4_msgs/msg/detail/task_stack_info__functions.h\n'}
[5.822152] (px4_msgs) StdoutLine: {'line': b'-- Up-to-date: /home/pavel/ws_ros2/install/px4_msgs/include/px4_msgs/px4_msgs/msg/detail/estimator_selector_status__type_support.h\n'}
[5.822205] (px4_msgs) StdoutLine: {'line': b'-- Up-to-date: /home/pavel/ws_ros2/install/px4_msgs/include/px4_msgs/px4_msgs/msg/detail/vehicle_optical_flow__struct.h\n'}
[5.822273] (px4_msgs) StdoutLine: {'line': b'-- Up-to-date: /home/pavel/ws_ros2/install/px4_msgs/include/px4_msgs/px4_msgs/msg/detail/gimbal_device_set_attitude__type_support.h\n'}
[5.822327] (px4_msgs) StdoutLine: {'line': b'-- Up-to-date: /home/pavel/ws_ros2/install/px4_msgs/include/px4_msgs/px4_msgs/msg/detail/actuator_servos__type_support.h\n'}
[5.822381] (px4_msgs) StdoutLine: {'line': b'-- Up-to-date: /home/pavel/ws_ros2/install/px4_msgs/include/px4_msgs/px4_msgs/msg/detail/mag_worker_data__functions.c\n'}
[5.822434] (px4_msgs) StdoutLine: {'line': b'-- Up-to-date: /home/pavel/ws_ros2/install/px4_msgs/include/px4_msgs/px4_msgs/msg/detail/flight_phase_estimation__struct.h\n'}
[5.822486] (px4_msgs) StdoutLine: {'line': b'-- Up-to-date: /home/pavel/ws_ros2/install/px4_msgs/include/px4_msgs/px4_msgs/msg/detail/transponder_report__functions.h\n'}
[5.822539] (px4_msgs) StdoutLine: {'line': b'-- Up-to-date: /home/pavel/ws_ros2/install/px4_msgs/include/px4_msgs/px4_msgs/msg/detail/vehicle_thrust_setpoint__type_support.h\n'}
[5.822631] (px4_msgs) StdoutLine: {'line': b'-- Up-to-date: /home/pavel/ws_ros2/install/px4_msgs/include/px4_msgs/px4_msgs/msg/detail/debug_array__functions.h\n'}
[5.822757] (px4_msgs) StdoutLine: {'line': b'-- Up-to-date: /home/pavel/ws_ros2/install/px4_msgs/include/px4_msgs/px4_msgs/msg/detail/esc_status__type_support.h\n'}
[5.822812] (px4_msgs) StdoutLine: {'line': b'-- Up-to-date: /home/pavel/ws_ros2/install/px4_msgs/include/px4_msgs/px4_msgs/msg/detail/actuator_servos_trim__type_support.h\n'}
[5.822897] (px4_msgs) StdoutLine: {'line': b'-- Up-to-date: /home/pavel/ws_ros2/install/px4_msgs/include/px4_msgs/px4_msgs/msg/detail/gripper__functions.c\n'}
[5.822952] (px4_msgs) StdoutLine: {'line': b'-- Up-to-date: /home/pavel/ws_ros2/install/px4_msgs/include/px4_msgs/px4_msgs/msg/detail/manual_control_switches__functions.h\n'}
[5.823006] (px4_msgs) StdoutLine: {'line': b'-- Up-to-date: /home/pavel/ws_ros2/install/px4_msgs/include/px4_msgs/px4_msgs/msg/detail/camera_trigger__type_support.h\n'}
[5.823059] (px4_msgs) StdoutLine: {'line': b'-- Up-to-date: /home/pavel/ws_ros2/install/px4_msgs/include/px4_msgs/px4_msgs/msg/detail/vehicle_command__type_support.h\n'}
[5.823112] (px4_msgs) StdoutLine: {'line': b'-- Up-to-date: /home/pavel/ws_ros2/install/px4_msgs/include/px4_msgs/px4_msgs/msg/detail/landing_target_innovations__struct.h\n'}
[5.823165] (px4_msgs) StdoutLine: {'line': b'-- Up-to-date: /home/pavel/ws_ros2/install/px4_msgs/include/px4_msgs/px4_msgs/msg/detail/actuator_armed__functions.c\n'}
[5.823218] (px4_msgs) StdoutLine: {'line': b'-- Up-to-date: /home/pavel/ws_ros2/install/px4_msgs/include/px4_msgs/px4_msgs/msg/detail/trajectory_waypoint__functions.c\n'}
[5.823269] (-) TimerEvent: {}
[5.823359] (px4_msgs) StdoutLine: {'line': b'-- Up-to-date: /home/pavel/ws_ros2/install/px4_msgs/include/px4_msgs/px4_msgs/msg/detail/normalized_unsigned_setpoint__struct.h\n'}
[5.823421] (px4_msgs) StdoutLine: {'line': b'-- Up-to-date: /home/pavel/ws_ros2/install/px4_msgs/include/px4_msgs/px4_msgs/msg/detail/landing_gear__functions.c\n'}
[5.823477] (px4_msgs) StdoutLine: {'line': b'-- Up-to-date: /home/pavel/ws_ros2/install/px4_msgs/include/px4_msgs/px4_msgs/msg/detail/tiltrotor_extra_controls__struct.h\n'}
[5.823531] (px4_msgs) StdoutLine: {'line': b'-- Up-to-date: /home/pavel/ws_ros2/install/px4_msgs/include/px4_msgs/px4_msgs/msg/detail/failure_detector_status__functions.c\n'}
[5.823651] (px4_msgs) StdoutLine: {'line': b'-- Up-to-date: /home/pavel/ws_ros2/install/px4_msgs/include/px4_msgs/px4_msgs/msg/detail/follow_target_status__functions.h\n'}
[5.823826] (px4_msgs) StdoutLine: {'line': b'-- Up-to-date: /home/pavel/ws_ros2/install/px4_msgs/include/px4_msgs/px4_msgs/msg/detail/airspeed_validated__functions.h\n'}
[5.823908] (px4_msgs) StdoutLine: {'line': b'-- Up-to-date: /home/pavel/ws_ros2/install/px4_msgs/include/px4_msgs/px4_msgs/msg/detail/estimator_status__struct.h\n'}
[5.823978] (px4_msgs) StdoutLine: {'line': b'-- Up-to-date: /home/pavel/ws_ros2/install/px4_msgs/include/px4_msgs/px4_msgs/msg/detail/orb_test__functions.c\n'}
[5.824125] (px4_msgs) StdoutLine: {'line': b'-- Up-to-date: /home/pavel/ws_ros2/install/px4_msgs/include/px4_msgs/px4_msgs/msg/detail/debug_key_value__functions.h\n'}
[5.824189] (px4_msgs) StdoutLine: {'line': b'-- Up-to-date: /home/pavel/ws_ros2/install/px4_msgs/include/px4_msgs/px4_msgs/msg/detail/vehicle_command_ack__functions.h\n'}
[5.824247] (px4_msgs) StdoutLine: {'line': b'-- Up-to-date: /home/pavel/ws_ros2/install/px4_msgs/include/px4_msgs/px4_msgs/msg/detail/mode_completed__functions.h\n'}
[5.824302] (px4_msgs) StdoutLine: {'line': b'-- Up-to-date: /home/pavel/ws_ros2/install/px4_msgs/include/px4_msgs/px4_msgs/msg/detail/vehicle_angular_velocity__struct.h\n'}
[5.824356] (px4_msgs) StdoutLine: {'line': b'-- Up-to-date: /home/pavel/ws_ros2/install/px4_msgs/include/px4_msgs/px4_msgs/msg/detail/esc_status__functions.c\n'}
[5.824418] (px4_msgs) StdoutLine: {'line': b'-- Up-to-date: /home/pavel/ws_ros2/install/px4_msgs/include/px4_msgs/px4_msgs/msg/detail/camera_capture__functions.h\n'}
[5.824639] (px4_msgs) StdoutLine: {'line': b'-- Up-to-date: /home/pavel/ws_ros2/install/px4_msgs/include/px4_msgs/px4_msgs/msg/detail/onboard_computer_status__type_support.h\n'}
[5.824793] (px4_msgs) StdoutLine: {'line': b'-- Up-to-date: /home/pavel/ws_ros2/install/px4_msgs/include/px4_msgs/px4_msgs/msg/detail/estimator_sensor_bias__functions.c\n'}
[5.824857] (px4_msgs) StdoutLine: {'line': b'-- Up-to-date: /home/pavel/ws_ros2/install/px4_msgs/include/px4_msgs/px4_msgs/msg/detail/vehicle_trajectory_bezier__type_support.h\n'}
[5.824909] (px4_msgs) StdoutLine: {'line': b'-- Up-to-date: /home/pavel/ws_ros2/install/px4_msgs/include/px4_msgs/px4_msgs/msg/detail/gps_dump__struct.h\n'}
[5.824963] (px4_msgs) StdoutLine: {'line': b'-- Up-to-date: /home/pavel/ws_ros2/install/px4_msgs/include/px4_msgs/px4_msgs/msg/detail/gpio_request__type_support.h\n'}
[5.825016] (px4_msgs) StdoutLine: {'line': b'-- Up-to-date: /home/pavel/ws_ros2/install/px4_msgs/include/px4_msgs/px4_msgs/msg/detail/power_monitor__functions.c\n'}
[5.825068] (px4_msgs) StdoutLine: {'line': b'-- Up-to-date: /home/pavel/ws_ros2/install/px4_msgs/include/px4_msgs/px4_msgs/msg/detail/geofence_status__functions.h\n'}
[5.825121] (px4_msgs) StdoutLine: {'line': b'-- Up-to-date: /home/pavel/ws_ros2/install/px4_msgs/include/px4_msgs/px4_msgs/msg/detail/message_format_request__type_support.h\n'}
[5.825174] (px4_msgs) StdoutLine: {'line': b'-- Up-to-date: /home/pavel/ws_ros2/install/px4_msgs/include/px4_msgs/px4_msgs/msg/detail/sensor_uwb__functions.h\n'}
[5.825226] (px4_msgs) StdoutLine: {'line': b'-- Up-to-date: /home/pavel/ws_ros2/install/px4_msgs/include/px4_msgs/px4_msgs/msg/detail/pps_capture__functions.h\n'}
[5.825278] (px4_msgs) StdoutLine: {'line': b'-- Up-to-date: /home/pavel/ws_ros2/install/px4_msgs/include/px4_msgs/px4_msgs/msg/detail/goto_setpoint__functions.c\n'}
[5.825330] (px4_msgs) StdoutLine: {'line': b'-- Up-to-date: /home/pavel/ws_ros2/install/px4_msgs/include/px4_msgs/px4_msgs/msg/detail/sensor_gyro_fft__type_support.h\n'}
[5.825381] (px4_msgs) StdoutLine: {'line': b'-- Up-to-date: /home/pavel/ws_ros2/install/px4_msgs/include/px4_msgs/px4_msgs/msg/detail/power_monitor__type_support.h\n'}
[5.825491] (px4_msgs) StdoutLine: {'line': b'-- Up-to-date: /home/pavel/ws_ros2/install/px4_msgs/include/px4_msgs/px4_msgs/msg/detail/vehicle_optical_flow_vel__functions.c\n'}
[5.825539] (px4_msgs) StdoutLine: {'line': b'-- Up-to-date: /home/pavel/ws_ros2/install/px4_msgs/include/px4_msgs/px4_msgs/msg/detail/vehicle_imu_status__struct.h\n'}
[5.825602] (px4_msgs) StdoutLine: {'line': b'-- Up-to-date: /home/pavel/ws_ros2/install/px4_msgs/include/px4_msgs/px4_msgs/msg/detail/generator_status__struct.h\n'}
[5.825655] (px4_msgs) StdoutLine: {'line': b'-- Up-to-date: /home/pavel/ws_ros2/install/px4_msgs/include/px4_msgs/px4_msgs/msg/detail/can_interface_status__type_support.h\n'}
[5.825702] (px4_msgs) StdoutLine: {'line': b'-- Up-to-date: /home/pavel/ws_ros2/install/px4_msgs/include/px4_msgs/px4_msgs/msg/detail/tune_control__functions.h\n'}
[5.825756] (px4_msgs) StdoutLine: {'line': b'-- Up-to-date: /home/pavel/ws_ros2/install/px4_msgs/include/px4_msgs/px4_msgs/msg/detail/vehicle_local_position_setpoint__type_support.h\n'}
[5.825810] (px4_msgs) StdoutLine: {'line': b'-- Up-to-date: /home/pavel/ws_ros2/install/px4_msgs/include/px4_msgs/px4_msgs/msg/detail/takeoff_status__struct.h\n'}
[5.825862] (px4_msgs) StdoutLine: {'line': b'-- Up-to-date: /home/pavel/ws_ros2/install/px4_msgs/include/px4_msgs/px4_msgs/msg/detail/sensor_gyro_fft__struct.h\n'}
[5.825914] (px4_msgs) StdoutLine: {'line': b'-- Up-to-date: /home/pavel/ws_ros2/install/px4_msgs/include/px4_msgs/px4_msgs/msg/detail/follow_target__functions.c\n'}
[5.825966] (px4_msgs) StdoutLine: {'line': b'-- Up-to-date: /home/pavel/ws_ros2/install/px4_msgs/include/px4_msgs/px4_msgs/msg/detail/home_position__type_support.h\n'}
[5.826017] (px4_msgs) StdoutLine: {'line': b'-- Up-to-date: /home/pavel/ws_ros2/install/px4_msgs/include/px4_msgs/px4_msgs/msg/detail/vehicle_thrust_setpoint__struct.h\n'}
[5.826069] (px4_msgs) StdoutLine: {'line': b'-- Up-to-date: /home/pavel/ws_ros2/install/px4_msgs/include/px4_msgs/px4_msgs/msg/detail/debug_vect__functions.h\n'}
[5.826121] (px4_msgs) StdoutLine: {'line': b'-- Up-to-date: /home/pavel/ws_ros2/install/px4_msgs/include/px4_msgs/px4_msgs/msg/detail/qshell_retval__struct.h\n'}
[5.826215] (px4_msgs) StdoutLine: {'line': b'-- Up-to-date: /home/pavel/ws_ros2/install/px4_msgs/include/px4_msgs/px4_msgs/msg/detail/estimator_sensor_bias__functions.h\n'}
[5.826265] (px4_msgs) StdoutLine: {'line': b'-- Up-to-date: /home/pavel/ws_ros2/install/px4_msgs/include/px4_msgs/px4_msgs/msg/detail/parameter_update__functions.c\n'}
[5.826313] (px4_msgs) StdoutLine: {'line': b'-- Up-to-date: /home/pavel/ws_ros2/install/px4_msgs/include/px4_msgs/px4_msgs/msg/detail/collision_report__functions.c\n'}
[5.826365] (px4_msgs) StdoutLine: {'line': b'-- Up-to-date: /home/pavel/ws_ros2/install/px4_msgs/include/px4_msgs/px4_msgs/msg/detail/mavlink_tunnel__struct.h\n'}
[5.826418] (px4_msgs) StdoutLine: {'line': b'-- Up-to-date: /home/pavel/ws_ros2/install/px4_msgs/include/px4_msgs/px4_msgs/msg/detail/gpio_out__functions.c\n'}
[5.826470] (px4_msgs) StdoutLine: {'line': b'-- Up-to-date: /home/pavel/ws_ros2/install/px4_msgs/include/px4_msgs/px4_msgs/msg/detail/health_report__struct.h\n'}
[5.826523] (px4_msgs) StdoutLine: {'line': b'-- Up-to-date: /home/pavel/ws_ros2/install/px4_msgs/include/px4_msgs/px4_msgs/msg/detail/log_message__functions.h\n'}
[5.826582] (px4_msgs) StdoutLine: {'line': b'-- Up-to-date: /home/pavel/ws_ros2/install/px4_msgs/include/px4_msgs/px4_msgs/msg/detail/gimbal_controls__functions.h\n'}
[5.826702] (px4_msgs) StdoutLine: {'line': b'-- Up-to-date: /home/pavel/ws_ros2/install/px4_msgs/include/px4_msgs/px4_msgs/msg/detail/vehicle_trajectory_waypoint__functions.h\n'}
[5.826757] (px4_msgs) StdoutLine: {'line': b'-- Up-to-date: /home/pavel/ws_ros2/install/px4_msgs/include/px4_msgs/px4_msgs/msg/detail/estimator_aid_source3d__functions.h\n'}
[5.826809] (px4_msgs) StdoutLine: {'line': b'-- Up-to-date: /home/pavel/ws_ros2/install/px4_msgs/include/px4_msgs/px4_msgs/msg/detail/vehicle_control_mode__type_support.h\n'}
[5.826861] (px4_msgs) StdoutLine: {'line': b'-- Up-to-date: /home/pavel/ws_ros2/install/px4_msgs/include/px4_msgs/px4_msgs/msg/detail/vehicle_trajectory_bezier__struct.h\n'}
[5.826913] (px4_msgs) StdoutLine: {'line': b'-- Up-to-date: /home/pavel/ws_ros2/install/px4_msgs/include/px4_msgs/px4_msgs/msg/detail/dataman_response__struct.h\n'}
[5.826965] (px4_msgs) StdoutLine: {'line': b'-- Up-to-date: /home/pavel/ws_ros2/install/px4_msgs/include/px4_msgs/px4_msgs/msg/detail/gpio_in__struct.h\n'}
[5.827017] (px4_msgs) StdoutLine: {'line': b'-- Up-to-date: /home/pavel/ws_ros2/install/px4_msgs/include/px4_msgs/px4_msgs/msg/detail/sensor_accel__struct.h\n'}
[5.827069] (px4_msgs) StdoutLine: {'line': b'-- Up-to-date: /home/pavel/ws_ros2/install/px4_msgs/include/px4_msgs/px4_msgs/msg/detail/dataman_request__type_support.h\n'}
[5.827122] (px4_msgs) StdoutLine: {'line': b'-- Up-to-date: /home/pavel/ws_ros2/install/px4_msgs/include/px4_msgs/px4_msgs/msg/detail/geofence_result__type_support.h\n'}
[5.827204] (px4_msgs) StdoutLine: {'line': b'-- Up-to-date: /home/pavel/ws_ros2/install/px4_msgs/include/px4_msgs/px4_msgs/msg/detail/figure_eight_status__struct.h\n'}
[5.827267] (px4_msgs) StdoutLine: {'line': b'-- Up-to-date: /home/pavel/ws_ros2/install/px4_msgs/include/px4_msgs/px4_msgs/msg/detail/qshell_retval__type_support.h\n'}
[5.827320] (px4_msgs) StdoutLine: {'line': b'-- Up-to-date: /home/pavel/ws_ros2/install/px4_msgs/include/px4_msgs/px4_msgs/msg/detail/npfg_status__functions.h\n'}
[5.827372] (px4_msgs) StdoutLine: {'line': b'-- Up-to-date: /home/pavel/ws_ros2/install/px4_msgs/include/px4_msgs/px4_msgs/msg/detail/adc_report__struct.h\n'}
[5.827423] (px4_msgs) StdoutLine: {'line': b'-- Up-to-date: /home/pavel/ws_ros2/install/px4_msgs/include/px4_msgs/px4_msgs/msg/detail/sensor_optical_flow__functions.c\n'}
[5.827524] (px4_msgs) StdoutLine: {'line': b'-- Up-to-date: /home/pavel/ws_ros2/install/px4_msgs/include/px4_msgs/px4_msgs/msg/detail/vehicle_global_position__struct.h\n'}
[5.827587] (px4_msgs) StdoutLine: {'line': b'-- Up-to-date: /home/pavel/ws_ros2/install/px4_msgs/include/px4_msgs/px4_msgs/msg/detail/tecs_status__struct.h\n'}
[5.827692] (px4_msgs) StdoutLine: {'line': b'-- Up-to-date: /home/pavel/ws_ros2/install/px4_msgs/include/px4_msgs/px4_msgs/msg/detail/landing_target_pose__functions.h\n'}
[5.827746] (px4_msgs) StdoutLine: {'line': b'-- Up-to-date: /home/pavel/ws_ros2/install/px4_msgs/include/px4_msgs/px4_msgs/msg/detail/collision_report__type_support.h\n'}
[5.827799] (px4_msgs) StdoutLine: {'line': b'-- Up-to-date: /home/pavel/ws_ros2/install/px4_msgs/include/px4_msgs/px4_msgs/msg/detail/ulog_stream_ack__type_support.h\n'}
[5.827850] (px4_msgs) StdoutLine: {'line': b'-- Up-to-date: /home/pavel/ws_ros2/install/px4_msgs/include/px4_msgs/px4_msgs/msg/detail/radio_status__struct.h\n'}
[5.827902] (px4_msgs) StdoutLine: {'line': b'-- Up-to-date: /home/pavel/ws_ros2/install/px4_msgs/include/px4_msgs/px4_msgs/msg/detail/trajectory_waypoint__type_support.h\n'}
[5.827954] (px4_msgs) StdoutLine: {'line': b'-- Up-to-date: /home/pavel/ws_ros2/install/px4_msgs/include/px4_msgs/px4_msgs/msg/detail/vehicle_thrust_setpoint__functions.c\n'}
[5.828006] (px4_msgs) StdoutLine: {'line': b'-- Up-to-date: /home/pavel/ws_ros2/install/px4_msgs/include/px4_msgs/px4_msgs/msg/detail/estimator_status__type_support.h\n'}
[5.828057] (px4_msgs) StdoutLine: {'line': b'-- Up-to-date: /home/pavel/ws_ros2/install/px4_msgs/include/px4_msgs/px4_msgs/msg/detail/actuator_test__type_support.h\n'}
[5.828124] (px4_msgs) StdoutLine: {'line': b'-- Up-to-date: /home/pavel/ws_ros2/install/px4_msgs/include/px4_msgs/px4_msgs/msg/detail/pps_capture__struct.h\n'}
[5.828179] (px4_msgs) StdoutLine: {'line': b'-- Up-to-date: /home/pavel/ws_ros2/install/px4_msgs/include/px4_msgs/px4_msgs/msg/detail/vehicle_roi__struct.h\n'}
[5.828231] (px4_msgs) StdoutLine: {'line': b'-- Up-to-date: /home/pavel/ws_ros2/install/px4_msgs/include/px4_msgs/px4_msgs/msg/detail/led_control__struct.h\n'}
[5.828282] (px4_msgs) StdoutLine: {'line': b'-- Up-to-date: /home/pavel/ws_ros2/install/px4_msgs/include/px4_msgs/px4_msgs/msg/detail/position_setpoint__functions.h\n'}
[5.828334] (px4_msgs) StdoutLine: {'line': b'-- Up-to-date: /home/pavel/ws_ros2/install/px4_msgs/include/px4_msgs/px4_msgs/msg/detail/input_rc__functions.c\n'}
[5.828385] (px4_msgs) StdoutLine: {'line': b'-- Up-to-date: /home/pavel/ws_ros2/install/px4_msgs/include/px4_msgs/px4_msgs/msg/detail/debug_key_value__functions.c\n'}
[5.828437] (px4_msgs) StdoutLine: {'line': b'-- Up-to-date: /home/pavel/ws_ros2/install/px4_msgs/include/px4_msgs/px4_msgs/msg/detail/debug_key_value__type_support.h\n'}
[5.828489] (px4_msgs) StdoutLine: {'line': b'-- Up-to-date: /home/pavel/ws_ros2/install/px4_msgs/include/px4_msgs/px4_msgs/msg/detail/arming_check_reply__struct.h\n'}
[5.828540] (px4_msgs) StdoutLine: {'line': b'-- Up-to-date: /home/pavel/ws_ros2/install/px4_msgs/include/px4_msgs/px4_msgs/msg/detail/vehicle_thrust_setpoint__functions.h\n'}
[5.828672] (px4_msgs) StdoutLine: {'line': b'-- Up-to-date: /home/pavel/ws_ros2/install/px4_msgs/include/px4_msgs/px4_msgs/msg/detail/differential_pressure__functions.h\n'}
[5.828727] (px4_msgs) StdoutLine: {'line': b'-- Up-to-date: /home/pavel/ws_ros2/install/px4_msgs/include/px4_msgs/px4_msgs/msg/detail/sensor_baro__functions.c\n'}
[5.828780] (px4_msgs) StdoutLine: {'line': b'-- Up-to-date: /home/pavel/ws_ros2/install/px4_msgs/include/px4_msgs/px4_msgs/msg/detail/led_control__type_support.h\n'}
[5.828832] (px4_msgs) StdoutLine: {'line': b'-- Up-to-date: /home/pavel/ws_ros2/install/px4_msgs/include/px4_msgs/px4_msgs/msg/detail/pps_capture__type_support.h\n'}
[5.828883] (px4_msgs) StdoutLine: {'line': b'-- Up-to-date: /home/pavel/ws_ros2/install/px4_msgs/include/px4_msgs/px4_msgs/msg/detail/generator_status__functions.c\n'}
[5.828934] (px4_msgs) StdoutLine: {'line': b'-- Up-to-date: /home/pavel/ws_ros2/install/px4_msgs/include/px4_msgs/px4_msgs/msg/detail/velocity_limits__functions.c\n'}
[5.828986] (px4_msgs) StdoutLine: {'line': b'-- Up-to-date: /home/pavel/ws_ros2/install/px4_msgs/include/px4_msgs/px4_msgs/msg/detail/dataman_request__struct.h\n'}
[5.829038] (px4_msgs) StdoutLine: {'line': b'-- Up-to-date: /home/pavel/ws_ros2/install/px4_msgs/include/px4_msgs/px4_msgs/msg/detail/arming_check_reply__functions.h\n'}
[5.829089] (px4_msgs) StdoutLine: {'line': b'-- Up-to-date: /home/pavel/ws_ros2/install/px4_msgs/include/px4_msgs/px4_msgs/msg/detail/button_event__functions.h\n'}
[5.829140] (px4_msgs) StdoutLine: {'line': b'-- Up-to-date: /home/pavel/ws_ros2/install/px4_msgs/include/px4_msgs/px4_msgs/msg/detail/sensor_gyro__struct.h\n'}
[5.829192] (px4_msgs) StdoutLine: {'line': b'-- Up-to-date: /home/pavel/ws_ros2/install/px4_msgs/include/px4_msgs/px4_msgs/msg/detail/follow_target__type_support.h\n'}
[5.829243] (px4_msgs) StdoutLine: {'line': b'-- Up-to-date: /home/pavel/ws_ros2/install/px4_msgs/include/px4_msgs/px4_msgs/msg/detail/tecs_status__functions.h\n'}
[5.829294] (px4_msgs) StdoutLine: {'line': b'-- Up-to-date: /home/pavel/ws_ros2/install/px4_msgs/include/px4_msgs/px4_msgs/msg/detail/trajectory_bezier__type_support.h\n'}
[5.829346] (px4_msgs) StdoutLine: {'line': b'-- Up-to-date: /home/pavel/ws_ros2/install/px4_msgs/include/px4_msgs/px4_msgs/msg/detail/register_ext_component_reply__functions.c\n'}
[5.829397] (px4_msgs) StdoutLine: {'line': b'-- Up-to-date: /home/pavel/ws_ros2/install/px4_msgs/include/px4_msgs/px4_msgs/msg/detail/collision_constraints__type_support.h\n'}
[5.829820] (px4_msgs) StdoutLine: {'line': b'-- Up-to-date: /home/pavel/ws_ros2/install/px4_msgs/include/px4_msgs/px4_msgs/msg/detail/failure_detector_status__type_support.h\n'}
[5.829961] (px4_msgs) StdoutLine: {'line': b'-- Up-to-date: /home/pavel/ws_ros2/install/px4_msgs/include/px4_msgs/px4_msgs/msg/detail/magnetometer_bias_estimate__struct.h\n'}
[5.830021] (px4_msgs) StdoutLine: {'line': b'-- Up-to-date: /home/pavel/ws_ros2/install/px4_msgs/include/px4_msgs/px4_msgs/msg/detail/vehicle_attitude_setpoint__functions.h\n'}
[5.830077] (px4_msgs) StdoutLine: {'line': b'-- Up-to-date: /home/pavel/ws_ros2/install/px4_msgs/include/px4_msgs/px4_msgs/msg/detail/vehicle_optical_flow_vel__type_support.h\n'}
[5.830131] (px4_msgs) StdoutLine: {'line': b'-- Up-to-date: /home/pavel/ws_ros2/install/px4_msgs/include/px4_msgs/px4_msgs/msg/detail/manual_control_setpoint__type_support.h\n'}
[5.830183] (px4_msgs) StdoutLine: {'line': b'-- Up-to-date: /home/pavel/ws_ros2/install/px4_msgs/include/px4_msgs/px4_msgs/msg/detail/uavcan_parameter_value__type_support.h\n'}
[5.830236] (px4_msgs) StdoutLine: {'line': b'-- Up-to-date: /home/pavel/ws_ros2/install/px4_msgs/include/px4_msgs/px4_msgs/msg/detail/mag_worker_data__struct.h\n'}
[5.830289] (px4_msgs) StdoutLine: {'line': b'-- Up-to-date: /home/pavel/ws_ros2/install/px4_msgs/include/px4_msgs/px4_msgs/msg/detail/manual_control_switches__struct.h\n'}
[5.830357] (px4_msgs) StdoutLine: {'line': b'-- Up-to-date: /home/pavel/ws_ros2/install/px4_msgs/include/px4_msgs/px4_msgs/msg/detail/esc_report__functions.c\n'}
[5.830509] (px4_msgs) StdoutLine: {'line': b'-- Up-to-date: /home/pavel/ws_ros2/install/px4_msgs/include/px4_msgs/px4_msgs/msg/detail/estimator_gps_status__struct.h\n'}
[5.830563] (px4_msgs) StdoutLine: {'line': b'-- Up-to-date: /home/pavel/ws_ros2/install/px4_msgs/include/px4_msgs/px4_msgs/msg/detail/differential_drive_setpoint__functions.h\n'}
[5.830706] (px4_msgs) StdoutLine: {'line': b'-- Up-to-date: /home/pavel/ws_ros2/install/px4_msgs/include/px4_msgs/px4_msgs/msg/detail/health_report__type_support.h\n'}
[5.830785] (px4_msgs) StdoutLine: {'line': b'-- Up-to-date: /home/pavel/ws_ros2/install/px4_msgs/include/px4_msgs/px4_msgs/msg/detail/fuel_tank_status__struct.h\n'}
[5.830839] (px4_msgs) StdoutLine: {'line': b'-- Up-to-date: /home/pavel/ws_ros2/install/px4_msgs/include/px4_msgs/px4_msgs/msg/detail/airspeed__functions.c\n'}
[5.830892] (px4_msgs) StdoutLine: {'line': b'-- Up-to-date: /home/pavel/ws_ros2/install/px4_msgs/include/px4_msgs/px4_msgs/msg/detail/orb_test__struct.h\n'}
[5.830945] (px4_msgs) StdoutLine: {'line': b'-- Up-to-date: /home/pavel/ws_ros2/install/px4_msgs/include/px4_msgs/px4_msgs/msg/detail/mavlink_tunnel__type_support.h\n'}
[5.830998] (px4_msgs) StdoutLine: {'line': b'-- Up-to-date: /home/pavel/ws_ros2/install/px4_msgs/include/px4_msgs/px4_msgs/msg/detail/distance_sensor__functions.h\n'}
[5.831050] (px4_msgs) StdoutLine: {'line': b'-- Up-to-date: /home/pavel/ws_ros2/install/px4_msgs/include/px4_msgs/px4_msgs/msg/detail/qshell_retval__functions.c\n'}
[5.831103] (px4_msgs) StdoutLine: {'line': b'-- Up-to-date: /home/pavel/ws_ros2/install/px4_msgs/include/px4_msgs/px4_msgs/msg/detail/mount_orientation__functions.c\n'}
[5.831156] (px4_msgs) StdoutLine: {'line': b'-- Up-to-date: /home/pavel/ws_ros2/install/px4_msgs/include/px4_msgs/px4_msgs/msg/detail/actuator_outputs__functions.c\n'}
[5.831208] (px4_msgs) StdoutLine: {'line': b'-- Up-to-date: /home/pavel/ws_ros2/install/px4_msgs/include/px4_msgs/px4_msgs/msg/detail/camera_capture__type_support.h\n'}
[5.831260] (px4_msgs) StdoutLine: {'line': b'-- Up-to-date: /home/pavel/ws_ros2/install/px4_msgs/include/px4_msgs/px4_msgs/msg/detail/message_format_request__functions.h\n'}
[5.831312] (px4_msgs) StdoutLine: {'line': b'-- Up-to-date: /home/pavel/ws_ros2/install/px4_msgs/include/px4_msgs/px4_msgs/msg/detail/airspeed_validated__type_support.h\n'}
[5.831364] (px4_msgs) StdoutLine: {'line': b'-- Up-to-date: /home/pavel/ws_ros2/install/px4_msgs/include/px4_msgs/px4_msgs/msg/detail/gpio_config__struct.h\n'}
[5.831416] (px4_msgs) StdoutLine: {'line': b'-- Up-to-date: /home/pavel/ws_ros2/install/px4_msgs/include/px4_msgs/px4_msgs/msg/detail/sensors_status__type_support.h\n'}
[5.831469] (px4_msgs) StdoutLine: {'line': b'-- Up-to-date: /home/pavel/ws_ros2/install/px4_msgs/include/px4_msgs/px4_msgs/msg/detail/vehicle_roi__functions.c\n'}
[5.831521] (px4_msgs) StdoutLine: {'line': b'-- Up-to-date: /home/pavel/ws_ros2/install/px4_msgs/include/px4_msgs/px4_msgs/msg/detail/wheel_encoders__functions.h\n'}
[5.831573] (px4_msgs) StdoutLine: {'line': b'-- Up-to-date: /home/pavel/ws_ros2/install/px4_msgs/include/px4_msgs/px4_msgs/msg/detail/actuator_servos__struct.h\n'}
[5.831834] (px4_msgs) StdoutLine: {'line': b'-- Up-to-date: /home/pavel/ws_ros2/install/px4_msgs/include/px4_msgs/px4_msgs/msg/detail/magnetometer_bias_estimate__type_support.h\n'}
[5.831890] (px4_msgs) StdoutLine: {'line': b'-- Up-to-date: /home/pavel/ws_ros2/install/px4_msgs/include/px4_msgs/px4_msgs/msg/detail/sensor_airflow__functions.h\n'}
[5.831942] (px4_msgs) StdoutLine: {'line': b'-- Up-to-date: /home/pavel/ws_ros2/install/px4_msgs/include/px4_msgs/px4_msgs/msg/detail/cellular_status__type_support.h\n'}
[5.831995] (px4_msgs) StdoutLine: {'line': b'-- Up-to-date: /home/pavel/ws_ros2/install/px4_msgs/include/px4_msgs/px4_msgs/msg/detail/parameter_set_value_response__functions.h\n'}
[5.832048] (px4_msgs) StdoutLine: {'line': b'-- Up-to-date: /home/pavel/ws_ros2/install/px4_msgs/include/px4_msgs/px4_msgs/msg/detail/vehicle_attitude_setpoint__type_support.h\n'}
[5.832101] (px4_msgs) StdoutLine: {'line': b'-- Up-to-date: /home/pavel/ws_ros2/install/px4_msgs/include/px4_msgs/px4_msgs/msg/detail/pwm_input__functions.c\n'}
[5.832378] (px4_msgs) StdoutLine: {'line': b'-- Up-to-date: /home/pavel/ws_ros2/install/px4_msgs/include/px4_msgs/px4_msgs/msg/detail/rate_ctrl_status__functions.h\n'}
[5.832432] (px4_msgs) StdoutLine: {'line': b'-- Up-to-date: /home/pavel/ws_ros2/install/px4_msgs/include/px4_msgs/px4_msgs/msg/detail/gps_inject_data__functions.c\n'}
[5.832485] (px4_msgs) StdoutLine: {'line': b'-- Up-to-date: /home/pavel/ws_ros2/install/px4_msgs/include/px4_msgs/px4_msgs/msg/detail/sensors_status_imu__functions.h\n'}
[5.832537] (px4_msgs) StdoutLine: {'line': b'-- Up-to-date: /home/pavel/ws_ros2/install/px4_msgs/include/px4_msgs/px4_msgs/msg/detail/control_allocator_status__functions.c\n'}
[5.832665] (px4_msgs) StdoutLine: {'line': b'-- Up-to-date: /home/pavel/ws_ros2/install/px4_msgs/include/px4_msgs/px4_msgs/msg/detail/gimbal_manager_set_manual_control__type_support.h\n'}
[5.832771] (px4_msgs) StdoutLine: {'line': b'-- Up-to-date: /home/pavel/ws_ros2/install/px4_msgs/include/px4_msgs/px4_msgs/msg/detail/debug_array__type_support.h\n'}
[5.832860] (px4_msgs) StdoutLine: {'line': b'-- Up-to-date: /home/pavel/ws_ros2/install/px4_msgs/include/px4_msgs/px4_msgs/msg/detail/camera_capture__struct.h\n'}
[5.832915] (px4_msgs) StdoutLine: {'line': b'-- Up-to-date: /home/pavel/ws_ros2/install/px4_msgs/include/px4_msgs/px4_msgs/msg/detail/vehicle_attitude__functions.c\n'}
[5.832967] (px4_msgs) StdoutLine: {'line': b'-- Up-to-date: /home/pavel/ws_ros2/install/px4_msgs/include/px4_msgs/px4_msgs/msg/detail/parameter_update__struct.h\n'}
[5.833020] (px4_msgs) StdoutLine: {'line': b'-- Up-to-date: /home/pavel/ws_ros2/install/px4_msgs/include/px4_msgs/px4_msgs/msg/detail/mag_worker_data__type_support.h\n'}
[5.833072] (px4_msgs) StdoutLine: {'line': b'-- Up-to-date: /home/pavel/ws_ros2/install/px4_msgs/include/px4_msgs/px4_msgs/msg/detail/differential_pressure__struct.h\n'}
[5.833125] (px4_msgs) StdoutLine: {'line': b'-- Up-to-date: /home/pavel/ws_ros2/install/px4_msgs/include/px4_msgs/px4_msgs/msg/detail/generator_status__functions.h\n'}
[5.833177] (px4_msgs) StdoutLine: {'line': b'-- Up-to-date: /home/pavel/ws_ros2/install/px4_msgs/include/px4_msgs/px4_msgs/msg/detail/vehicle_local_position__functions.c\n'}
[5.833230] (px4_msgs) StdoutLine: {'line': b'-- Up-to-date: /home/pavel/ws_ros2/install/px4_msgs/include/px4_msgs/px4_msgs/msg/detail/sensor_correction__functions.h\n'}
[5.833283] (px4_msgs) StdoutLine: {'line': b'-- Up-to-date: /home/pavel/ws_ros2/install/px4_msgs/include/px4_msgs/px4_msgs/msg/detail/dataman_request__functions.h\n'}
[5.833335] (px4_msgs) StdoutLine: {'line': b'-- Up-to-date: /home/pavel/ws_ros2/install/px4_msgs/include/px4_msgs/px4_msgs/msg/detail/geofence_status__functions.c\n'}
[5.833387] (px4_msgs) StdoutLine: {'line': b'-- Up-to-date: /home/pavel/ws_ros2/install/px4_msgs/include/px4_msgs/px4_msgs/msg/detail/gimbal_manager_set_attitude__struct.h\n'}
[5.833439] (px4_msgs) StdoutLine: {'line': b'-- Up-to-date: /home/pavel/ws_ros2/install/px4_msgs/include/px4_msgs/px4_msgs/msg/detail/gimbal_controls__functions.c\n'}
[5.833490] (px4_msgs) StdoutLine: {'line': b'-- Up-to-date: /home/pavel/ws_ros2/install/px4_msgs/include/px4_msgs/px4_msgs/msg/detail/power_button_state__struct.h\n'}
[5.833541] (px4_msgs) StdoutLine: {'line': b'-- Up-to-date: /home/pavel/ws_ros2/install/px4_msgs/include/px4_msgs/px4_msgs/msg/detail/vehicle_angular_acceleration_setpoint__functions.h\n'}
[5.833627] (px4_msgs) StdoutLine: {'line': b'-- Up-to-date: /home/pavel/ws_ros2/install/px4_msgs/include/px4_msgs/px4_msgs/msg/detail/esc_report__type_support.h\n'}
[5.833791] (px4_msgs) StdoutLine: {'line': b'-- Up-to-date: /home/pavel/ws_ros2/install/px4_msgs/include/px4_msgs/px4_msgs/msg/detail/vehicle_attitude__type_support.h\n'}
[5.833846] (px4_msgs) StdoutLine: {'line': b'-- Up-to-date: /home/pavel/ws_ros2/install/px4_msgs/include/px4_msgs/px4_msgs/msg/detail/sensor_gps__type_support.h\n'}
[5.833900] (px4_msgs) StdoutLine: {'line': b'-- Up-to-date: /home/pavel/ws_ros2/install/px4_msgs/include/px4_msgs/px4_msgs/msg/detail/gimbal_manager_set_manual_control__functions.h\n'}
[5.833983] (px4_msgs) StdoutLine: {'line': b'-- Up-to-date: /home/pavel/ws_ros2/install/px4_msgs/include/px4_msgs/px4_msgs/msg/detail/fuel_tank_status__functions.c\n'}
[5.834037] (px4_msgs) StdoutLine: {'line': b'-- Up-to-date: /home/pavel/ws_ros2/install/px4_msgs/include/px4_msgs/px4_msgs/msg/detail/event__functions.c\n'}
[5.834090] (px4_msgs) StdoutLine: {'line': b'-- Up-to-date: /home/pavel/ws_ros2/install/px4_msgs/include/px4_msgs/px4_msgs/msg/detail/vehicle_attitude_setpoint__struct.h\n'}
[5.834142] (px4_msgs) StdoutLine: {'line': b'-- Up-to-date: /home/pavel/ws_ros2/install/px4_msgs/include/px4_msgs/px4_msgs/msg/detail/launch_detection_status__type_support.h\n'}
[5.834194] (px4_msgs) StdoutLine: {'line': b'-- Up-to-date: /home/pavel/ws_ros2/install/px4_msgs/include/px4_msgs/px4_msgs/msg/detail/dataman_response__functions.c\n'}
[5.834247] (px4_msgs) StdoutLine: {'line': b'-- Up-to-date: /home/pavel/ws_ros2/install/px4_msgs/include/px4_msgs/px4_msgs/msg/detail/heater_status__functions.h\n'}
[5.834299] (px4_msgs) StdoutLine: {'line': b'-- Up-to-date: /home/pavel/ws_ros2/install/px4_msgs/include/px4_msgs/px4_msgs/msg/detail/sensor_gyro_fifo__type_support.h\n'}
[5.834351] (px4_msgs) StdoutLine: {'line': b'-- Up-to-date: /home/pavel/ws_ros2/install/px4_msgs/include/px4_msgs/px4_msgs/msg/detail/health_report__functions.c\n'}
[5.834403] (px4_msgs) StdoutLine: {'line': b'-- Up-to-date: /home/pavel/ws_ros2/install/px4_msgs/include/px4_msgs/px4_msgs/msg/detail/differential_pressure__functions.c\n'}
[5.834455] (px4_msgs) StdoutLine: {'line': b'-- Up-to-date: /home/pavel/ws_ros2/install/px4_msgs/include/px4_msgs/px4_msgs/msg/detail/message_format_response__struct.h\n'}
[5.834590] (px4_msgs) StdoutLine: {'line': b'-- Up-to-date: /home/pavel/ws_ros2/install/px4_msgs/include/px4_msgs/px4_msgs/msg/detail/cpuload__functions.c\n'}
[5.834700] (px4_msgs) StdoutLine: {'line': b'-- Up-to-date: /home/pavel/ws_ros2/install/px4_msgs/include/px4_msgs/px4_msgs/msg/detail/parameter_set_used_request__functions.c\n'}
[5.834756] (px4_msgs) StdoutLine: {'line': b'-- Up-to-date: /home/pavel/ws_ros2/install/px4_msgs/include/px4_msgs/px4_msgs/msg/detail/mission_result__functions.h\n'}
[5.834839] (px4_msgs) StdoutLine: {'line': b'-- Up-to-date: /home/pavel/ws_ros2/install/px4_msgs/include/px4_msgs/px4_msgs/msg/detail/adc_report__functions.c\n'}
[5.834904] (px4_msgs) StdoutLine: {'line': b'-- Up-to-date: /home/pavel/ws_ros2/install/px4_msgs/include/px4_msgs/px4_msgs/msg/detail/failsafe_flags__struct.h\n'}
[5.834956] (px4_msgs) StdoutLine: {'line': b'-- Up-to-date: /home/pavel/ws_ros2/install/px4_msgs/include/px4_msgs/px4_msgs/msg/detail/camera_status__struct.h\n'}
[5.835008] (px4_msgs) StdoutLine: {'line': b'-- Up-to-date: /home/pavel/ws_ros2/install/px4_msgs/include/px4_msgs/px4_msgs/msg/detail/sensor_combined__struct.h\n'}
[5.835060] (px4_msgs) StdoutLine: {'line': b'-- Up-to-date: /home/pavel/ws_ros2/install/px4_msgs/include/px4_msgs/px4_msgs/msg/detail/battery_status__functions.c\n'}
[5.835112] (px4_msgs) StdoutLine: {'line': b'-- Up-to-date: /home/pavel/ws_ros2/install/px4_msgs/include/px4_msgs/px4_msgs/msg/detail/gimbal_device_attitude_status__functions.c\n'}
[5.835165] (px4_msgs) StdoutLine: {'line': b'-- Up-to-date: /home/pavel/ws_ros2/install/px4_msgs/include/px4_msgs/px4_msgs/msg/detail/vehicle_global_position__functions.c\n'}
[5.835218] (px4_msgs) StdoutLine: {'line': b'-- Up-to-date: /home/pavel/ws_ros2/install/px4_msgs/include/px4_msgs/px4_msgs/msg/detail/vehicle_acceleration__type_support.h\n'}
[5.835270] (px4_msgs) StdoutLine: {'line': b'-- Up-to-date: /home/pavel/ws_ros2/install/px4_msgs/include/px4_msgs/px4_msgs/msg/detail/follow_target_estimator__type_support.h\n'}
[5.835322] (px4_msgs) StdoutLine: {'line': b'-- Up-to-date: /home/pavel/ws_ros2/install/px4_msgs/include/px4_msgs/px4_msgs/msg/detail/trajectory_setpoint__struct.h\n'}
[5.835374] (px4_msgs) StdoutLine: {'line': b'-- Up-to-date: /home/pavel/ws_ros2/install/px4_msgs/include/px4_msgs/px4_msgs/msg/detail/parameter_set_value_request__functions.c\n'}
[5.835442] (px4_msgs) StdoutLine: {'line': b'-- Up-to-date: /home/pavel/ws_ros2/install/px4_msgs/include/px4_msgs/px4_msgs/msg/detail/esc_status__struct.h\n'}
[5.835496] (px4_msgs) StdoutLine: {'line': b'-- Up-to-date: /home/pavel/ws_ros2/install/px4_msgs/include/px4_msgs/px4_msgs/msg/detail/sensor_accel_fifo__struct.h\n'}
[5.835549] (px4_msgs) StdoutLine: {'line': b'-- Up-to-date: /home/pavel/ws_ros2/install/px4_msgs/include/px4_msgs/px4_msgs/msg/detail/button_event__type_support.h\n'}
[5.835661] (px4_msgs) StdoutLine: {'line': b'-- Up-to-date: /home/pavel/ws_ros2/install/px4_msgs/include/px4_msgs/px4_msgs/msg/detail/mavlink_log__type_support.h\n'}
[5.835768] (px4_msgs) StdoutLine: {'line': b'-- Up-to-date: /home/pavel/ws_ros2/install/px4_msgs/include/px4_msgs/px4_msgs/msg/detail/camera_trigger__struct.h\n'}
[5.835822] (px4_msgs) StdoutLine: {'line': b'-- Up-to-date: /home/pavel/ws_ros2/install/px4_msgs/include/px4_msgs/px4_msgs/msg/detail/airspeed_wind__functions.c\n'}
[5.835875] (px4_msgs) StdoutLine: {'line': b'-- Up-to-date: /home/pavel/ws_ros2/install/px4_msgs/include/px4_msgs/px4_msgs/msg/detail/rate_ctrl_status__struct.h\n'}
[5.835928] (px4_msgs) StdoutLine: {'line': b'-- Up-to-date: /home/pavel/ws_ros2/install/px4_msgs/include/px4_msgs/px4_msgs/msg/detail/vehicle_optical_flow_vel__functions.h\n'}
[5.835980] (px4_msgs) StdoutLine: {'line': b'-- Up-to-date: /home/pavel/ws_ros2/install/px4_msgs/include/px4_msgs/px4_msgs/msg/detail/vehicle_control_mode__functions.h\n'}
[5.836032] (px4_msgs) StdoutLine: {'line': b'-- Up-to-date: /home/pavel/ws_ros2/install/px4_msgs/include/px4_msgs/px4_msgs/msg/detail/power_monitor__struct.h\n'}
[5.836084] (px4_msgs) StdoutLine: {'line': b'-- Up-to-date: /home/pavel/ws_ros2/install/px4_msgs/include/px4_msgs/px4_msgs/msg/detail/landing_target_innovations__functions.h\n'}
[5.836136] (px4_msgs) StdoutLine: {'line': b'-- Up-to-date: /home/pavel/ws_ros2/install/px4_msgs/include/px4_msgs/px4_msgs/msg/detail/fuel_tank_status__type_support.h\n'}
[5.836189] (px4_msgs) StdoutLine: {'line': b'-- Up-to-date: /home/pavel/ws_ros2/install/px4_msgs/include/px4_msgs/px4_msgs/msg/detail/mode_completed__type_support.h\n'}
[5.836241] (px4_msgs) StdoutLine: {'line': b'-- Up-to-date: /home/pavel/ws_ros2/install/px4_msgs/include/px4_msgs/px4_msgs/msg/detail/estimator_bias3d__functions.c\n'}
[5.836293] (px4_msgs) StdoutLine: {'line': b'-- Up-to-date: /home/pavel/ws_ros2/install/px4_msgs/include/px4_msgs/px4_msgs/msg/detail/landing_target_pose__type_support.h\n'}
[5.836345] (px4_msgs) StdoutLine: {'line': b'-- Up-to-date: /home/pavel/ws_ros2/install/px4_msgs/include/px4_msgs/px4_msgs/msg/detail/obstacle_distance__functions.c\n'}
[5.836397] (px4_msgs) StdoutLine: {'line': b'-- Up-to-date: /home/pavel/ws_ros2/install/px4_msgs/include/px4_msgs/px4_msgs/msg/detail/buffer128__functions.c\n'}
[5.836449] (px4_msgs) StdoutLine: {'line': b'-- Up-to-date: /home/pavel/ws_ros2/install/px4_msgs/include/px4_msgs/px4_msgs/msg/detail/sensors_status_imu__struct.h\n'}
[5.836500] (px4_msgs) StdoutLine: {'line': b'-- Up-to-date: /home/pavel/ws_ros2/install/px4_msgs/include/px4_msgs/px4_msgs/msg/detail/estimator_bias__functions.h\n'}
[5.836552] (px4_msgs) StdoutLine: {'line': b'-- Up-to-date: /home/pavel/ws_ros2/install/px4_msgs/include/px4_msgs/px4_msgs/msg/detail/estimator_innovations__type_support.h\n'}
[5.836712] (px4_msgs) StdoutLine: {'line': b'-- Up-to-date: /home/pavel/ws_ros2/install/px4_msgs/include/px4_msgs/px4_msgs/msg/detail/sensor_airflow__type_support.h\n'}
[5.836805] (px4_msgs) StdoutLine: {'line': b'-- Up-to-date: /home/pavel/ws_ros2/install/px4_msgs/include/px4_msgs/px4_msgs/msg/detail/follow_target_status__type_support.h\n'}
[5.836860] (px4_msgs) StdoutLine: {'line': b'-- Up-to-date: /home/pavel/ws_ros2/install/px4_msgs/include/px4_msgs/px4_msgs/msg/detail/buffer128__struct.h\n'}
[5.836913] (px4_msgs) StdoutLine: {'line': b'-- Up-to-date: /home/pavel/ws_ros2/install/px4_msgs/include/px4_msgs/px4_msgs/msg/detail/vehicle_magnetometer__functions.c\n'}
[5.836999] (px4_msgs) StdoutLine: {'line': b'-- Up-to-date: /home/pavel/ws_ros2/install/px4_msgs/include/px4_msgs/px4_msgs/msg/detail/register_ext_component_request__type_support.h\n'}
[5.837053] (px4_msgs) StdoutLine: {'line': b'-- Up-to-date: /home/pavel/ws_ros2/install/px4_msgs/include/px4_msgs/px4_msgs/msg/detail/tecs_status__type_support.h\n'}
[5.837106] (px4_msgs) StdoutLine: {'line': b'-- Up-to-date: /home/pavel/ws_ros2/install/px4_msgs/include/px4_msgs/px4_msgs/msg/detail/gimbal_manager_information__type_support.h\n'}
[5.837159] (px4_msgs) StdoutLine: {'line': b'-- Up-to-date: /home/pavel/ws_ros2/install/px4_msgs/include/px4_msgs/px4_msgs/msg/detail/arming_check_reply__functions.c\n'}
[5.837212] (px4_msgs) StdoutLine: {'line': b'-- Up-to-date: /home/pavel/ws_ros2/install/px4_msgs/include/px4_msgs/px4_msgs/msg/detail/vehicle_angular_velocity__functions.c\n'}
[5.837264] (px4_msgs) StdoutLine: {'line': b'-- Up-to-date: /home/pavel/ws_ros2/install/px4_msgs/include/px4_msgs/px4_msgs/msg/detail/position_controller_status__functions.h\n'}
[5.837316] (px4_msgs) StdoutLine: {'line': b'-- Up-to-date: /home/pavel/ws_ros2/install/px4_msgs/include/px4_msgs/px4_msgs/msg/detail/iridiumsbd_status__functions.c\n'}
[5.837368] (px4_msgs) StdoutLine: {'line': b'-- Up-to-date: /home/pavel/ws_ros2/install/px4_msgs/include/px4_msgs/px4_msgs/msg/detail/launch_detection_status__functions.h\n'}
[5.837419] (px4_msgs) StdoutLine: {'line': b'-- Up-to-date: /home/pavel/ws_ros2/install/px4_msgs/include/px4_msgs/px4_msgs/msg/detail/estimator_bias__struct.h\n'}
[5.837471] (px4_msgs) StdoutLine: {'line': b'-- Up-to-date: /home/pavel/ws_ros2/install/px4_msgs/include/px4_msgs/px4_msgs/msg/detail/failure_detector_status__struct.h\n'}
[5.837522] (px4_msgs) StdoutLine: {'line': b'-- Up-to-date: /home/pavel/ws_ros2/install/px4_msgs/include/px4_msgs/px4_msgs/msg/detail/log_message__functions.c\n'}
[5.837574] (px4_msgs) StdoutLine: {'line': b'-- Up-to-date: /home/pavel/ws_ros2/install/px4_msgs/include/px4_msgs/px4_msgs/msg/detail/rc_parameter_map__functions.c\n'}
[5.837722] (px4_msgs) StdoutLine: {'line': b'-- Up-to-date: /home/pavel/ws_ros2/install/px4_msgs/include/px4_msgs/px4_msgs/msg/detail/gps_dump__functions.c\n'}
[5.837786] (px4_msgs) StdoutLine: {'line': b'-- Up-to-date: /home/pavel/ws_ros2/install/px4_msgs/include/px4_msgs/px4_msgs/msg/detail/vehicle_acceleration__struct.h\n'}
[5.837845] (px4_msgs) StdoutLine: {'line': b'-- Up-to-date: /home/pavel/ws_ros2/install/px4_msgs/include/px4_msgs/px4_msgs/msg/detail/vehicle_local_position_setpoint__struct.h\n'}
[5.837903] (px4_msgs) StdoutLine: {'line': b'-- Up-to-date: /home/pavel/ws_ros2/install/px4_msgs/include/px4_msgs/px4_msgs/msg/detail/debug_vect__type_support.h\n'}
[5.837961] (px4_msgs) StdoutLine: {'line': b'-- Up-to-date: /home/pavel/ws_ros2/install/px4_msgs/include/px4_msgs/px4_msgs/msg/detail/landing_gear__struct.h\n'}
[5.838018] (px4_msgs) StdoutLine: {'line': b'-- Up-to-date: /home/pavel/ws_ros2/install/px4_msgs/include/px4_msgs/px4_msgs/msg/detail/button_event__struct.h\n'}
[5.838075] (px4_msgs) StdoutLine: {'line': b'-- Up-to-date: /home/pavel/ws_ros2/install/px4_msgs/include/px4_msgs/px4_msgs/msg/detail/gimbal_device_information__functions.h\n'}
[5.838132] (px4_msgs) StdoutLine: {'line': b'-- Up-to-date: /home/pavel/ws_ros2/install/px4_msgs/include/px4_msgs/px4_msgs/msg/detail/estimator_status__functions.c\n'}
[5.838189] (px4_msgs) StdoutLine: {'line': b'-- Up-to-date: /home/pavel/ws_ros2/install/px4_msgs/include/px4_msgs/px4_msgs/msg/detail/vehicle_angular_acceleration_setpoint__functions.c\n'}
[5.838246] (px4_msgs) StdoutLine: {'line': b'-- Up-to-date: /home/pavel/ws_ros2/install/px4_msgs/include/px4_msgs/px4_msgs/msg/detail/orb_test_medium__type_support.h\n'}
[5.838302] (px4_msgs) StdoutLine: {'line': b'-- Up-to-date: /home/pavel/ws_ros2/install/px4_msgs/include/px4_msgs/px4_msgs/msg/detail/tune_control__functions.c\n'}
[5.838358] (px4_msgs) StdoutLine: {'line': b'-- Up-to-date: /home/pavel/ws_ros2/install/px4_msgs/include/px4_msgs/px4_msgs/msg/detail/debug_vect__struct.h\n'}
[5.838430] (px4_msgs) StdoutLine: {'line': b'-- Up-to-date: /home/pavel/ws_ros2/install/px4_msgs/include/px4_msgs/px4_msgs/msg/detail/obstacle_distance__functions.h\n'}
[5.838487] (px4_msgs) StdoutLine: {'line': b'-- Up-to-date: /home/pavel/ws_ros2/install/px4_msgs/include/px4_msgs/px4_msgs/msg/detail/hover_thrust_estimate__functions.h\n'}
[5.838543] (px4_msgs) StdoutLine: {'line': b'-- Up-to-date: /home/pavel/ws_ros2/install/px4_msgs/include/px4_msgs/px4_msgs/msg/detail/mount_orientation__functions.h\n'}
[5.838706] (px4_msgs) StdoutLine: {'line': b'-- Up-to-date: /home/pavel/ws_ros2/install/px4_msgs/include/px4_msgs/px4_msgs/msg/detail/sensor_combined__type_support.h\n'}
[5.838794] (px4_msgs) StdoutLine: {'line': b'-- Up-to-date: /home/pavel/ws_ros2/install/px4_msgs/include/px4_msgs/px4_msgs/msg/detail/parameter_set_value_response__type_support.h\n'}
[5.838875] (px4_msgs) StdoutLine: {'line': b'-- Up-to-date: /home/pavel/ws_ros2/install/px4_msgs/include/px4_msgs/px4_msgs/msg/detail/logger_status__functions.c\n'}
[5.838960] (px4_msgs) StdoutLine: {'line': b'-- Up-to-date: /home/pavel/ws_ros2/install/px4_msgs/include/px4_msgs/px4_msgs/msg/detail/can_interface_status__functions.c\n'}
[5.839015] (px4_msgs) StdoutLine: {'line': b'-- Up-to-date: /home/pavel/ws_ros2/install/px4_msgs/include/px4_msgs/px4_msgs/msg/detail/airspeed__type_support.h\n'}
[5.839067] (px4_msgs) StdoutLine: {'line': b'-- Up-to-date: /home/pavel/ws_ros2/install/px4_msgs/include/px4_msgs/px4_msgs/msg/detail/orbit_status__functions.c\n'}
[5.839120] (px4_msgs) StdoutLine: {'line': b'-- Up-to-date: /home/pavel/ws_ros2/install/px4_msgs/include/px4_msgs/px4_msgs/msg/detail/sensor_correction__functions.c\n'}
[5.839172] (px4_msgs) StdoutLine: {'line': b'-- Up-to-date: /home/pavel/ws_ros2/install/px4_msgs/include/px4_msgs/px4_msgs/msg/detail/gripper__type_support.h\n'}
[5.839224] (px4_msgs) StdoutLine: {'line': b'-- Up-to-date: /home/pavel/ws_ros2/install/px4_msgs/include/px4_msgs/px4_msgs/msg/detail/rate_ctrl_status__type_support.h\n'}
[5.839276] (px4_msgs) StdoutLine: {'line': b'-- Up-to-date: /home/pavel/ws_ros2/install/px4_msgs/include/px4_msgs/px4_msgs/msg/detail/ping__functions.h\n'}
[5.839327] (px4_msgs) StdoutLine: {'line': b'-- Up-to-date: /home/pavel/ws_ros2/install/px4_msgs/include/px4_msgs/px4_msgs/msg/detail/vehicle_command__functions.c\n'}
[5.839379] (px4_msgs) StdoutLine: {'line': b'-- Up-to-date: /home/pavel/ws_ros2/install/px4_msgs/include/px4_msgs/px4_msgs/msg/detail/gpio_config__functions.c\n'}
[5.839429] (px4_msgs) StdoutLine: {'line': b'-- Up-to-date: /home/pavel/ws_ros2/install/px4_msgs/include/px4_msgs/px4_msgs/msg/detail/actuator_servos_trim__functions.c\n'}
[5.839480] (px4_msgs) StdoutLine: {'line': b'-- Up-to-date: /home/pavel/ws_ros2/install/px4_msgs/include/px4_msgs/px4_msgs/msg/detail/esc_status__functions.h\n'}
[5.839532] (px4_msgs) StdoutLine: {'line': b'-- Up-to-date: /home/pavel/ws_ros2/install/px4_msgs/include/px4_msgs/px4_msgs/msg/detail/parameter_set_value_response__struct.h\n'}
[5.839593] (px4_msgs) StdoutLine: {'line': b'-- Up-to-date: /home/pavel/ws_ros2/install/px4_msgs/include/px4_msgs/px4_msgs/msg/detail/actuator_controls_status__functions.c\n'}
[5.839726] (px4_msgs) StdoutLine: {'line': b'-- Up-to-date: /home/pavel/ws_ros2/install/px4_msgs/include/px4_msgs/px4_msgs/msg/detail/debug_value__type_support.h\n'}
[5.839781] (px4_msgs) StdoutLine: {'line': b'-- Up-to-date: /home/pavel/ws_ros2/install/px4_msgs/include/px4_msgs/px4_msgs/msg/detail/timesync_status__functions.c\n'}
[5.839833] (px4_msgs) StdoutLine: {'line': b'-- Up-to-date: /home/pavel/ws_ros2/install/px4_msgs/include/px4_msgs/px4_msgs/msg/detail/cpuload__struct.h\n'}
[5.839885] (px4_msgs) StdoutLine: {'line': b'-- Up-to-date: /home/pavel/ws_ros2/install/px4_msgs/include/px4_msgs/px4_msgs/msg/detail/estimator_states__struct.h\n'}
[5.839936] (px4_msgs) StdoutLine: {'line': b'-- Up-to-date: /home/pavel/ws_ros2/install/px4_msgs/include/px4_msgs/px4_msgs/msg/detail/register_ext_component_reply__struct.h\n'}
[5.839988] (px4_msgs) StdoutLine: {'line': b'-- Up-to-date: /home/pavel/ws_ros2/install/px4_msgs/include/px4_msgs/px4_msgs/msg/detail/vehicle_imu_status__type_support.h\n'}
[5.840088] (px4_msgs) StdoutLine: {'line': b'-- Up-to-date: /home/pavel/ws_ros2/install/px4_msgs/include/px4_msgs/px4_msgs/msg/detail/estimator_aid_source1d__functions.c\n'}
[5.840141] (px4_msgs) StdoutLine: {'line': b'-- Up-to-date: /home/pavel/ws_ros2/install/px4_msgs/include/px4_msgs/px4_msgs/msg/detail/gimbal_manager_status__functions.h\n'}
[5.840193] (px4_msgs) StdoutLine: {'line': b'-- Up-to-date: /home/pavel/ws_ros2/install/px4_msgs/include/px4_msgs/px4_msgs/msg/detail/vehicle_imu__type_support.h\n'}
[5.840245] (px4_msgs) StdoutLine: {'line': b'-- Up-to-date: /home/pavel/ws_ros2/install/px4_msgs/include/px4_msgs/px4_msgs/msg/detail/ekf2_timestamps__struct.h\n'}
[5.840296] (px4_msgs) StdoutLine: {'line': b'-- Up-to-date: /home/pavel/ws_ros2/install/px4_msgs/include/px4_msgs/px4_msgs/msg/detail/failure_detector_status__functions.h\n'}
[5.840348] (px4_msgs) StdoutLine: {'line': b'-- Up-to-date: /home/pavel/ws_ros2/install/px4_msgs/include/px4_msgs/px4_msgs/msg/detail/autotune_attitude_control_status__functions.h\n'}
[5.840401] (px4_msgs) StdoutLine: {'line': b'-- Up-to-date: /home/pavel/ws_ros2/install/px4_msgs/include/px4_msgs/px4_msgs/msg/detail/airspeed__struct.h\n'}
[5.840452] (px4_msgs) StdoutLine: {'line': b'-- Up-to-date: /home/pavel/ws_ros2/install/px4_msgs/include/px4_msgs/px4_msgs/msg/detail/gpio_request__functions.c\n'}
[5.840504] (px4_msgs) StdoutLine: {'line': b'-- Up-to-date: /home/pavel/ws_ros2/install/px4_msgs/include/px4_msgs/px4_msgs/msg/detail/gimbal_device_attitude_status__functions.h\n'}
[5.840557] (px4_msgs) StdoutLine: {'line': b'-- Up-to-date: /home/pavel/ws_ros2/install/px4_msgs/include/px4_msgs/px4_msgs/msg/detail/telemetry_status__functions.h\n'}
[5.840638] (px4_msgs) StdoutLine: {'line': b'-- Up-to-date: /home/pavel/ws_ros2/install/px4_msgs/include/px4_msgs/px4_msgs/msg/detail/control_allocator_status__struct.h\n'}
[5.840768] (px4_msgs) StdoutLine: {'line': b'-- Up-to-date: /home/pavel/ws_ros2/install/px4_msgs/include/px4_msgs/px4_msgs/msg/detail/hover_thrust_estimate__type_support.h\n'}
[5.840823] (px4_msgs) StdoutLine: {'line': b'-- Up-to-date: /home/pavel/ws_ros2/install/px4_msgs/include/px4_msgs/px4_msgs/msg/detail/vtol_vehicle_status__functions.c\n'}
[5.840875] (px4_msgs) StdoutLine: {'line': b'-- Up-to-date: /home/pavel/ws_ros2/install/px4_msgs/include/px4_msgs/px4_msgs/msg/detail/sensor_hygrometer__struct.h\n'}
[5.840928] (px4_msgs) StdoutLine: {'line': b'-- Up-to-date: /home/pavel/ws_ros2/install/px4_msgs/include/px4_msgs/px4_msgs/msg/detail/differential_pressure__type_support.h\n'}
[5.841026] (px4_msgs) StdoutLine: {'line': b'-- Up-to-date: /home/pavel/ws_ros2/install/px4_msgs/include/px4_msgs/px4_msgs/msg/detail/ulog_stream__struct.h\n'}
[5.841081] (px4_msgs) StdoutLine: {'line': b'-- Up-to-date: /home/pavel/ws_ros2/install/px4_msgs/include/px4_msgs/px4_msgs/msg/detail/obstacle_distance__struct.h\n'}
[5.841134] (px4_msgs) StdoutLine: {'line': b'-- Up-to-date: /home/pavel/ws_ros2/install/px4_msgs/include/px4_msgs/px4_msgs/msg/detail/vehicle_command_ack__functions.c\n'}
[5.841186] (px4_msgs) StdoutLine: {'line': b'-- Up-to-date: /home/pavel/ws_ros2/install/px4_msgs/include/px4_msgs/px4_msgs/msg/detail/battery_status__struct.h\n'}
[5.841239] (px4_msgs) StdoutLine: {'line': b'-- Up-to-date: /home/pavel/ws_ros2/install/px4_msgs/include/px4_msgs/px4_msgs/msg/detail/ulog_stream_ack__functions.h\n'}
[5.841291] (px4_msgs) StdoutLine: {'line': b'-- Up-to-date: /home/pavel/ws_ros2/install/px4_msgs/include/px4_msgs/px4_msgs/msg/detail/vehicle_command__functions.h\n'}
[5.841343] (px4_msgs) StdoutLine: {'line': b'-- Up-to-date: /home/pavel/ws_ros2/install/px4_msgs/include/px4_msgs/px4_msgs/msg/detail/irlock_report__functions.h\n'}
[5.841394] (px4_msgs) StdoutLine: {'line': b'-- Up-to-date: /home/pavel/ws_ros2/install/px4_msgs/include/px4_msgs/px4_msgs/msg/detail/gimbal_manager_set_attitude__functions.h\n'}
[5.841446] (px4_msgs) StdoutLine: {'line': b'-- Up-to-date: /home/pavel/ws_ros2/install/px4_msgs/include/px4_msgs/px4_msgs/msg/detail/vehicle_local_position_setpoint__functions.h\n'}
[5.841514] (px4_msgs) StdoutLine: {'line': b'-- Up-to-date: /home/pavel/ws_ros2/install/px4_msgs/include/px4_msgs/px4_msgs/msg/detail/register_ext_component_reply__functions.h\n'}
[5.841567] (px4_msgs) StdoutLine: {'line': b'-- Up-to-date: /home/pavel/ws_ros2/install/px4_msgs/include/px4_msgs/px4_msgs/msg/detail/esc_report__functions.h\n'}
[5.841707] (px4_msgs) StdoutLine: {'line': b'-- Up-to-date: /home/pavel/ws_ros2/install/px4_msgs/include/px4_msgs/px4_msgs/msg/detail/estimator_aid_source3d__type_support.h\n'}
[5.841777] (px4_msgs) StdoutLine: {'line': b'-- Up-to-date: /home/pavel/ws_ros2/install/px4_msgs/include/px4_msgs/px4_msgs/msg/detail/vehicle_land_detected__type_support.h\n'}
[5.841830] (px4_msgs) StdoutLine: {'line': b'-- Up-to-date: /home/pavel/ws_ros2/install/px4_msgs/include/px4_msgs/px4_msgs/msg/detail/landing_gear_wheel__type_support.h\n'}
[5.841883] (px4_msgs) StdoutLine: {'line': b'-- Up-to-date: /home/pavel/ws_ros2/install/px4_msgs/include/px4_msgs/px4_msgs/msg/detail/telemetry_status__functions.c\n'}
[5.841937] (px4_msgs) StdoutLine: {'line': b'-- Up-to-date: /home/pavel/ws_ros2/install/px4_msgs/include/px4_msgs/px4_msgs/msg/control_allocator_status.h\n'}
[5.841995] (px4_msgs) StdoutLine: {'line': b'-- Up-to-date: /home/pavel/ws_ros2/install/px4_msgs/include/px4_msgs/px4_msgs/msg/cellular_status.h\n'}
[5.842053] (px4_msgs) StdoutLine: {'line': b'-- Up-to-date: /home/pavel/ws_ros2/install/px4_msgs/include/px4_msgs/px4_msgs/msg/iridiumsbd_status.h\n'}
[5.842110] (px4_msgs) StdoutLine: {'line': b'-- Up-to-date: /home/pavel/ws_ros2/install/px4_msgs/include/px4_msgs/px4_msgs/msg/estimator_bias.h\n'}
[5.842167] (px4_msgs) StdoutLine: {'line': b'-- Up-to-date: /home/pavel/ws_ros2/install/px4_msgs/include/px4_msgs/px4_msgs/msg/sensor_mag.h\n'}
[5.842224] (px4_msgs) StdoutLine: {'line': b'-- Up-to-date: /home/pavel/ws_ros2/install/px4_msgs/include/px4_msgs/px4_msgs/msg/orb_test.h\n'}
[5.842280] (px4_msgs) StdoutLine: {'line': b'-- Up-to-date: /home/pavel/ws_ros2/install/px4_msgs/include/px4_msgs/px4_msgs/msg/sensor_selection.h\n'}
[5.842337] (px4_msgs) StdoutLine: {'line': b'-- Up-to-date: /home/pavel/ws_ros2/install/px4_msgs/include/px4_msgs/px4_msgs/msg/sensor_uwb.h\n'}
[5.842393] (px4_msgs) StdoutLine: {'line': b'-- Up-to-date: /home/pavel/ws_ros2/install/px4_msgs/include/px4_msgs/px4_msgs/msg/position_controller_landing_status.h\n'}
[5.842450] (px4_msgs) StdoutLine: {'line': b'-- Up-to-date: /home/pavel/ws_ros2/install/px4_msgs/include/px4_msgs/px4_msgs/msg/sensor_preflight_mag.h\n'}
[5.842506] (px4_msgs) StdoutLine: {'line': b'-- Up-to-date: /home/pavel/ws_ros2/install/px4_msgs/include/px4_msgs/px4_msgs/msg/gimbal_controls.h\n'}
[5.842563] (px4_msgs) StdoutLine: {'line': b'-- Up-to-date: /home/pavel/ws_ros2/install/px4_msgs/include/px4_msgs/px4_msgs/msg/gimbal_device_information.h\n'}
[5.842737] (px4_msgs) StdoutLine: {'line': b'-- Up-to-date: /home/pavel/ws_ros2/install/px4_msgs/include/px4_msgs/px4_msgs/msg/navigator_mission_item.h\n'}
[5.842813] (px4_msgs) StdoutLine: {'line': b'-- Up-to-date: /home/pavel/ws_ros2/install/px4_msgs/include/px4_msgs/px4_msgs/msg/timesync_status.h\n'}
[5.842867] (px4_msgs) StdoutLine: {'line': b'-- Up-to-date: /home/pavel/ws_ros2/install/px4_msgs/include/px4_msgs/px4_msgs/msg/wheel_encoders.h\n'}
[5.842948] (px4_msgs) StdoutLine: {'line': b'-- Up-to-date: /home/pavel/ws_ros2/install/px4_msgs/include/px4_msgs/px4_msgs/msg/geofence_status.h\n'}
[5.843002] (px4_msgs) StdoutLine: {'line': b'-- Up-to-date: /home/pavel/ws_ros2/install/px4_msgs/include/px4_msgs/px4_msgs/msg/geofence_result.h\n'}
[5.843055] (px4_msgs) StdoutLine: {'line': b'-- Up-to-date: /home/pavel/ws_ros2/install/px4_msgs/include/px4_msgs/px4_msgs/msg/parameter_set_value_request.h\n'}
[5.843108] (px4_msgs) StdoutLine: {'line': b'-- Up-to-date: /home/pavel/ws_ros2/install/px4_msgs/include/px4_msgs/px4_msgs/msg/autotune_attitude_control_status.h\n'}
[5.843160] (px4_msgs) StdoutLine: {'line': b'-- Up-to-date: /home/pavel/ws_ros2/install/px4_msgs/include/px4_msgs/px4_msgs/msg/uavcan_parameter_value.h\n'}
[5.843255] (px4_msgs) StdoutLine: {'line': b'-- Up-to-date: /home/pavel/ws_ros2/install/px4_msgs/include/px4_msgs/px4_msgs/msg/logger_status.h\n'}
[5.843308] (px4_msgs) StdoutLine: {'line': b'-- Up-to-date: /home/pavel/ws_ros2/install/px4_msgs/include/px4_msgs/px4_msgs/msg/orbit_status.h\n'}
[5.843397] (px4_msgs) StdoutLine: {'line': b'-- Up-to-date: /home/pavel/ws_ros2/install/px4_msgs/include/px4_msgs/px4_msgs/msg/sensor_baro.h\n'}
[5.843450] (px4_msgs) StdoutLine: {'line': b'-- Up-to-date: /home/pavel/ws_ros2/install/px4_msgs/include/px4_msgs/px4_msgs/msg/health_report.h\n'}
[5.843503] (px4_msgs) StdoutLine: {'line': b'-- Up-to-date: /home/pavel/ws_ros2/install/px4_msgs/include/px4_msgs/px4_msgs/msg/offboard_control_mode.h\n'}
[5.843556] (px4_msgs) StdoutLine: {'line': b'-- Up-to-date: /home/pavel/ws_ros2/install/px4_msgs/include/px4_msgs/px4_msgs/msg/gpio_request.h\n'}
[5.843676] (px4_msgs) StdoutLine: {'line': b'-- Up-to-date: /home/pavel/ws_ros2/install/px4_msgs/include/px4_msgs/px4_msgs/msg/vehicle_local_position.h\n'}
[5.843751] (px4_msgs) StdoutLine: {'line': b'-- Up-to-date: /home/pavel/ws_ros2/install/px4_msgs/include/px4_msgs/px4_msgs/msg/gimbal_manager_set_attitude.h\n'}
[5.843805] (px4_msgs) StdoutLine: {'line': b'-- Up-to-date: /home/pavel/ws_ros2/install/px4_msgs/include/px4_msgs/px4_msgs/msg/home_position.h\n'}
[5.843858] (px4_msgs) StdoutLine: {'line': b'-- Up-to-date: /home/pavel/ws_ros2/install/px4_msgs/include/px4_msgs/px4_msgs/msg/camera_capture.h\n'}
[5.843910] (px4_msgs) StdoutLine: {'line': b'-- Up-to-date: /home/pavel/ws_ros2/install/px4_msgs/include/px4_msgs/px4_msgs/msg/airspeed_validated.h\n'}
[5.843962] (px4_msgs) StdoutLine: {'line': b'-- Up-to-date: /home/pavel/ws_ros2/install/px4_msgs/include/px4_msgs/px4_msgs/msg/rpm.h\n'}
[5.844014] (px4_msgs) StdoutLine: {'line': b'-- Up-to-date: /home/pavel/ws_ros2/install/px4_msgs/include/px4_msgs/px4_msgs/msg/estimator_innovations.h\n'}
[5.844065] (px4_msgs) StdoutLine: {'line': b'-- Up-to-date: /home/pavel/ws_ros2/install/px4_msgs/include/px4_msgs/px4_msgs/msg/yaw_estimator_status.h\n'}
[5.844117] (px4_msgs) StdoutLine: {'line': b'-- Up-to-date: /home/pavel/ws_ros2/install/px4_msgs/include/px4_msgs/px4_msgs/msg/heater_status.h\n'}
[5.844171] (px4_msgs) StdoutLine: {'line': b'-- Up-to-date: /home/pavel/ws_ros2/install/px4_msgs/include/px4_msgs/px4_msgs/msg/ekf2_timestamps.h\n'}
[5.844234] (px4_msgs) StdoutLine: {'line': b'-- Up-to-date: /home/pavel/ws_ros2/install/px4_msgs/include/px4_msgs/px4_msgs/msg/differential_drive_setpoint.h\n'}
[5.844290] (px4_msgs) StdoutLine: {'line': b'-- Up-to-date: /home/pavel/ws_ros2/install/px4_msgs/include/px4_msgs/px4_msgs/msg/led_control.h\n'}
[5.844342] (px4_msgs) StdoutLine: {'line': b'-- Up-to-date: /home/pavel/ws_ros2/install/px4_msgs/include/px4_msgs/px4_msgs/msg/radio_status.h\n'}
[5.844394] (px4_msgs) StdoutLine: {'line': b'-- Up-to-date: /home/pavel/ws_ros2/install/px4_msgs/include/px4_msgs/px4_msgs/msg/actuator_armed.h\n'}
[5.844445] (px4_msgs) StdoutLine: {'line': b'-- Up-to-date: /home/pavel/ws_ros2/install/px4_msgs/include/px4_msgs/px4_msgs/msg/mag_worker_data.h\n'}
[5.844496] (px4_msgs) StdoutLine: {'line': b'-- Up-to-date: /home/pavel/ws_ros2/install/px4_msgs/include/px4_msgs/px4_msgs/msg/actuator_servos_trim.h\n'}
[5.844547] (px4_msgs) StdoutLine: {'line': b'-- Up-to-date: /home/pavel/ws_ros2/install/px4_msgs/include/px4_msgs/px4_msgs/msg/gimbal_manager_set_manual_control.h\n'}
[5.844610] (px4_msgs) StdoutLine: {'line': b'-- Up-to-date: /home/pavel/ws_ros2/install/px4_msgs/include/px4_msgs/px4_msgs/msg/distance_sensor.h\n'}
[5.844763] (px4_msgs) StdoutLine: {'line': b'-- Up-to-date: /home/pavel/ws_ros2/install/px4_msgs/include/px4_msgs/px4_msgs/msg/qshell_retval.h\n'}
[5.844816] (px4_msgs) StdoutLine: {'line': b'-- Up-to-date: /home/pavel/ws_ros2/install/px4_msgs/include/px4_msgs/px4_msgs/msg/sensors_status_imu.h\n'}
[5.844867] (px4_msgs) StdoutLine: {'line': b'-- Up-to-date: /home/pavel/ws_ros2/install/px4_msgs/include/px4_msgs/px4_msgs/msg/mission.h\n'}
[5.844947] (px4_msgs) StdoutLine: {'line': b'-- Up-to-date: /home/pavel/ws_ros2/install/px4_msgs/include/px4_msgs/px4_msgs/msg/generator_status.h\n'}
[5.844998] (px4_msgs) StdoutLine: {'line': b'-- Up-to-date: /home/pavel/ws_ros2/install/px4_msgs/include/px4_msgs/px4_msgs/msg/input_rc.h\n'}
[5.845049] (px4_msgs) StdoutLine: {'line': b'-- Up-to-date: /home/pavel/ws_ros2/install/px4_msgs/include/px4_msgs/px4_msgs/msg/power_monitor.h\n'}
[5.845100] (px4_msgs) StdoutLine: {'line': b'-- Up-to-date: /home/pavel/ws_ros2/install/px4_msgs/include/px4_msgs/px4_msgs/msg/uavcan_parameter_request.h\n'}
[5.845151] (px4_msgs) StdoutLine: {'line': b'-- Up-to-date: /home/pavel/ws_ros2/install/px4_msgs/include/px4_msgs/px4_msgs/msg/actuator_motors.h\n'}
[5.845214] (px4_msgs) StdoutLine: {'line': b'-- Up-to-date: /home/pavel/ws_ros2/install/px4_msgs/include/px4_msgs/px4_msgs/msg/register_ext_component_reply.h\n'}
[5.845267] (px4_msgs) StdoutLine: {'line': b'-- Up-to-date: /home/pavel/ws_ros2/install/px4_msgs/include/px4_msgs/px4_msgs/msg/failure_detector_status.h\n'}
[5.845318] (px4_msgs) StdoutLine: {'line': b'-- Up-to-date: /home/pavel/ws_ros2/install/px4_msgs/include/px4_msgs/px4_msgs/msg/log_message.h\n'}
[5.845369] (px4_msgs) StdoutLine: {'line': b'-- Up-to-date: /home/pavel/ws_ros2/install/px4_msgs/include/px4_msgs/px4_msgs/msg/gimbal_manager_information.h\n'}
[5.845419] (px4_msgs) StdoutLine: {'line': b'-- Up-to-date: /home/pavel/ws_ros2/install/px4_msgs/include/px4_msgs/px4_msgs/msg/action_request.h\n'}
[5.845470] (px4_msgs) StdoutLine: {'line': b'-- Up-to-date: /home/pavel/ws_ros2/install/px4_msgs/include/px4_msgs/px4_msgs/msg/figure_eight_status.h\n'}
[5.845521] (px4_msgs) StdoutLine: {'line': b'-- Up-to-date: /home/pavel/ws_ros2/install/px4_msgs/include/px4_msgs/px4_msgs/msg/vehicle_acceleration.h\n'}
[5.845572] (px4_msgs) StdoutLine: {'line': b'-- Up-to-date: /home/pavel/ws_ros2/install/px4_msgs/include/px4_msgs/px4_msgs/msg/follow_target.h\n'}
[5.845755] (px4_msgs) StdoutLine: {'line': b'-- Up-to-date: /home/pavel/ws_ros2/install/px4_msgs/include/px4_msgs/px4_msgs/msg/mode_completed.h\n'}
[5.845820] (px4_msgs) StdoutLine: {'line': b'-- Up-to-date: /home/pavel/ws_ros2/install/px4_msgs/include/px4_msgs/px4_msgs/msg/parameter_reset_request.h\n'}
[5.845888] (px4_msgs) StdoutLine: {'line': b'-- Up-to-date: /home/pavel/ws_ros2/install/px4_msgs/include/px4_msgs/px4_msgs/msg/can_interface_status.h\n'}
[5.845940] (px4_msgs) StdoutLine: {'line': b'-- Up-to-date: /home/pavel/ws_ros2/install/px4_msgs/include/px4_msgs/px4_msgs/msg/onboard_computer_status.h\n'}
[5.845991] (px4_msgs) StdoutLine: {'line': b'-- Up-to-date: /home/pavel/ws_ros2/install/px4_msgs/include/px4_msgs/px4_msgs/msg/vehicle_rates_setpoint.h\n'}
[5.846042] (px4_msgs) StdoutLine: {'line': b'-- Up-to-date: /home/pavel/ws_ros2/install/px4_msgs/include/px4_msgs/px4_msgs/msg/arming_check_request.h\n'}
[5.846092] (px4_msgs) StdoutLine: {'line': b'-- Up-to-date: /home/pavel/ws_ros2/install/px4_msgs/include/px4_msgs/px4_msgs/msg/collision_constraints.h\n'}
[5.846143] (px4_msgs) StdoutLine: {'line': b'-- Up-to-date: /home/pavel/ws_ros2/install/px4_msgs/include/px4_msgs/px4_msgs/msg/landing_target_pose.h\n'}
[5.846194] (px4_msgs) StdoutLine: {'line': b'-- Up-to-date: /home/pavel/ws_ros2/install/px4_msgs/include/px4_msgs/px4_msgs/msg/manual_control_switches.h\n'}
[5.846245] (px4_msgs) StdoutLine: {'line': b'-- Up-to-date: /home/pavel/ws_ros2/install/px4_msgs/include/px4_msgs/px4_msgs/msg/message_format_request.h\n'}
[5.846296] (px4_msgs) StdoutLine: {'line': b'-- Up-to-date: /home/pavel/ws_ros2/install/px4_msgs/include/px4_msgs/px4_msgs/msg/orb_test_large.h\n'}
[5.846346] (px4_msgs) StdoutLine: {'line': b'-- Up-to-date: /home/pavel/ws_ros2/install/px4_msgs/include/px4_msgs/px4_msgs/msg/camera_status.h\n'}
[5.846397] (px4_msgs) StdoutLine: {'line': b'-- Up-to-date: /home/pavel/ws_ros2/install/px4_msgs/include/px4_msgs/px4_msgs/msg/vtol_vehicle_status.h\n'}
[5.846447] (px4_msgs) StdoutLine: {'line': b'-- Up-to-date: /home/pavel/ws_ros2/install/px4_msgs/include/px4_msgs/px4_msgs/msg/actuator_test.h\n'}
[5.846517] (px4_msgs) StdoutLine: {'line': b'-- Up-to-date: /home/pavel/ws_ros2/install/px4_msgs/include/px4_msgs/px4_msgs/msg/register_ext_component_request.h\n'}
[5.846568] (px4_msgs) StdoutLine: {'line': b'-- Up-to-date: /home/pavel/ws_ros2/install/px4_msgs/include/px4_msgs/px4_msgs/msg/pps_capture.h\n'}
[5.846673] (px4_msgs) StdoutLine: {'line': b'-- Up-to-date: /home/pavel/ws_ros2/install/px4_msgs/include/px4_msgs/px4_msgs/msg/mavlink_log.h\n'}
[5.846724] (px4_msgs) StdoutLine: {'line': b'-- Up-to-date: /home/pavel/ws_ros2/install/px4_msgs/include/px4_msgs/px4_msgs/msg/ping.h\n'}
[5.846775] (px4_msgs) StdoutLine: {'line': b'-- Up-to-date: /home/pavel/ws_ros2/install/px4_msgs/include/px4_msgs/px4_msgs/msg/transponder_report.h\n'}
[5.846825] (px4_msgs) StdoutLine: {'line': b'-- Up-to-date: /home/pavel/ws_ros2/install/px4_msgs/include/px4_msgs/px4_msgs/msg/wind.h\n'}
[5.846875] (px4_msgs) StdoutLine: {'line': b'-- Up-to-date: /home/pavel/ws_ros2/install/px4_msgs/include/px4_msgs/px4_msgs/msg/estimator_selector_status.h\n'}
[5.846925] (px4_msgs) StdoutLine: {'line': b'-- Up-to-date: /home/pavel/ws_ros2/install/px4_msgs/include/px4_msgs/px4_msgs/msg/vehicle_thrust_setpoint.h\n'}
[5.846975] (px4_msgs) StdoutLine: {'line': b'-- Up-to-date: /home/pavel/ws_ros2/install/px4_msgs/include/px4_msgs/px4_msgs/msg/airspeed.h\n'}
[5.847025] (px4_msgs) StdoutLine: {'line': b'-- Up-to-date: /home/pavel/ws_ros2/install/px4_msgs/include/px4_msgs/px4_msgs/msg/position_setpoint.h\n'}
[5.847075] (px4_msgs) StdoutLine: {'line': b'-- Up-to-date: /home/pavel/ws_ros2/install/px4_msgs/include/px4_msgs/px4_msgs/msg/vehicle_land_detected.h\n'}
[5.847125] (px4_msgs) StdoutLine: {'line': b'-- Up-to-date: /home/pavel/ws_ros2/install/px4_msgs/include/px4_msgs/px4_msgs/msg/goto_setpoint.h\n'}
[5.847175] (px4_msgs) StdoutLine: {'line': b'-- Up-to-date: /home/pavel/ws_ros2/install/px4_msgs/include/px4_msgs/px4_msgs/msg/button_event.h\n'}
[5.847225] (px4_msgs) StdoutLine: {'line': b'-- Up-to-date: /home/pavel/ws_ros2/install/px4_msgs/include/px4_msgs/px4_msgs/msg/rtl_status.h\n'}
[5.847276] (px4_msgs) StdoutLine: {'line': b'-- Up-to-date: /home/pavel/ws_ros2/install/px4_msgs/include/px4_msgs/px4_msgs/msg/landing_gear_wheel.h\n'}
[5.847341] (px4_msgs) StdoutLine: {'line': b'-- Up-to-date: /home/pavel/ws_ros2/install/px4_msgs/include/px4_msgs/px4_msgs/msg/estimator_status_flags.h\n'}
[5.847394] (px4_msgs) StdoutLine: {'line': b'-- Up-to-date: /home/pavel/ws_ros2/install/px4_msgs/include/px4_msgs/px4_msgs/msg/vehicle_angular_velocity.h\n'}
[5.847444] (px4_msgs) StdoutLine: {'line': b'-- Up-to-date: /home/pavel/ws_ros2/install/px4_msgs/include/px4_msgs/px4_msgs/msg/esc_status.h\n'}
[5.847495] (px4_msgs) StdoutLine: {'line': b'-- Up-to-date: /home/pavel/ws_ros2/install/px4_msgs/include/px4_msgs/px4_msgs/msg/px4io_status.h\n'}
[5.847545] (px4_msgs) StdoutLine: {'line': b'-- Up-to-date: /home/pavel/ws_ros2/install/px4_msgs/include/px4_msgs/px4_msgs/msg/sensor_correction.h\n'}
[5.847695] (px4_msgs) StdoutLine: {'line': b'-- Up-to-date: /home/pavel/ws_ros2/install/px4_msgs/include/px4_msgs/px4_msgs/msg/sensor_accel.h\n'}
[5.847772] (px4_msgs) StdoutLine: {'line': b'-- Up-to-date: /home/pavel/ws_ros2/install/px4_msgs/include/px4_msgs/px4_msgs/msg/mount_orientation.h\n'}
[5.847826] (px4_msgs) StdoutLine: {'line': b'-- Up-to-date: /home/pavel/ws_ros2/install/px4_msgs/include/px4_msgs/px4_msgs/msg/event.h\n'}
[5.847883] (px4_msgs) StdoutLine: {'line': b'-- Up-to-date: /home/pavel/ws_ros2/install/px4_msgs/include/px4_msgs/px4_msgs/msg/estimator_aid_source3d.h\n'}
[5.847940] (px4_msgs) StdoutLine: {'line': b'-- Up-to-date: /home/pavel/ws_ros2/install/px4_msgs/include/px4_msgs/px4_msgs/msg/vehicle_constraints.h\n'}
[5.847996] (px4_msgs) StdoutLine: {'line': b'-- Up-to-date: /home/pavel/ws_ros2/install/px4_msgs/include/px4_msgs/px4_msgs/msg/camera_trigger.h\n'}
[5.848051] (px4_msgs) StdoutLine: {'line': b'-- Up-to-date: /home/pavel/ws_ros2/install/px4_msgs/include/px4_msgs/px4_msgs/msg/vehicle_attitude_setpoint.h\n'}
[5.848150] (px4_msgs) StdoutLine: {'line': b'-- Up-to-date: /home/pavel/ws_ros2/install/px4_msgs/include/px4_msgs/px4_msgs/msg/vehicle_angular_acceleration_setpoint.h\n'}
[5.848234] (px4_msgs) StdoutLine: {'line': b'-- Up-to-date: /home/pavel/ws_ros2/install/px4_msgs/include/px4_msgs/px4_msgs/msg/unregister_ext_component.h\n'}
[5.848287] (px4_msgs) StdoutLine: {'line': b'-- Up-to-date: /home/pavel/ws_ros2/install/px4_msgs/include/px4_msgs/px4_msgs/msg/position_controller_status.h\n'}
[5.848339] (px4_msgs) StdoutLine: {'line': b'-- Up-to-date: /home/pavel/ws_ros2/install/px4_msgs/include/px4_msgs/px4_msgs/msg/sensor_hygrometer.h\n'}
[5.848389] (px4_msgs) StdoutLine: {'line': b'-- Up-to-date: /home/pavel/ws_ros2/install/px4_msgs/include/px4_msgs/px4_msgs/msg/vehicle_status.h\n'}
[5.848441] (px4_msgs) StdoutLine: {'line': b'-- Up-to-date: /home/pavel/ws_ros2/install/px4_msgs/include/px4_msgs/px4_msgs/msg/actuator_servos.h\n'}
[5.848491] (px4_msgs) StdoutLine: {'line': b'-- Up-to-date: /home/pavel/ws_ros2/install/px4_msgs/include/px4_msgs/px4_msgs/msg/orb_test_medium.h\n'}
[5.848542] (px4_msgs) StdoutLine: {'line': b'-- Up-to-date: /home/pavel/ws_ros2/install/px4_msgs/include/px4_msgs/px4_msgs/msg/estimator_event_flags.h\n'}
[5.848613] (px4_msgs) StdoutLine: {'line': b'-- Up-to-date: /home/pavel/ws_ros2/install/px4_msgs/include/px4_msgs/px4_msgs/msg/estimator_status.h\n'}
[5.848730] (px4_msgs) StdoutLine: {'line': b'-- Up-to-date: /home/pavel/ws_ros2/install/px4_msgs/include/px4_msgs/px4_msgs/msg/follow_target_estimator.h\n'}
[5.848783] (px4_msgs) StdoutLine: {'line': b'-- Up-to-date: /home/pavel/ws_ros2/install/px4_msgs/include/px4_msgs/px4_msgs/msg/landing_gear.h\n'}
[5.848835] (px4_msgs) StdoutLine: {'line': b'-- Up-to-date: /home/pavel/ws_ros2/install/px4_msgs/include/px4_msgs/px4_msgs/msg/debug_array.h\n'}
[5.848886] (px4_msgs) StdoutLine: {'line': b'-- Up-to-date: /home/pavel/ws_ros2/install/px4_msgs/include/px4_msgs/px4_msgs/msg/battery_status.h\n'}
[5.848937] (px4_msgs) StdoutLine: {'line': b'-- Up-to-date: /home/pavel/ws_ros2/install/px4_msgs/include/px4_msgs/px4_msgs/msg/task_stack_info.h\n'}
[5.848989] (px4_msgs) StdoutLine: {'line': b'-- Up-to-date: /home/pavel/ws_ros2/install/px4_msgs/include/px4_msgs/px4_msgs/msg/qshell_req.h\n'}
[5.849039] (px4_msgs) StdoutLine: {'line': b'-- Up-to-date: /home/pavel/ws_ros2/install/px4_msgs/include/px4_msgs/px4_msgs/msg/differential_pressure.h\n'}
[5.849090] (px4_msgs) StdoutLine: {'line': b'-- Up-to-date: /home/pavel/ws_ros2/install/px4_msgs/include/px4_msgs/px4_msgs/msg/sensor_gyro.h\n'}
[5.849141] (px4_msgs) StdoutLine: {'line': b'-- Up-to-date: /home/pavel/ws_ros2/install/px4_msgs/include/px4_msgs/px4_msgs/msg/rover_ackermann_guidance_status.h\n'}
[5.849191] (px4_msgs) StdoutLine: {'line': b'-- Up-to-date: /home/pavel/ws_ros2/install/px4_msgs/include/px4_msgs/px4_msgs/msg/gimbal_device_set_attitude.h\n'}
[5.849243] (px4_msgs) StdoutLine: {'line': b'-- Up-to-date: /home/pavel/ws_ros2/install/px4_msgs/include/px4_msgs/px4_msgs/msg/irlock_report.h\n'}
[5.849293] (px4_msgs) StdoutLine: {'line': b'-- Up-to-date: /home/pavel/ws_ros2/install/px4_msgs/include/px4_msgs/px4_msgs/msg/gpio_out.h\n'}
[5.849344] (px4_msgs) StdoutLine: {'line': b'-- Up-to-date: /home/pavel/ws_ros2/install/px4_msgs/include/px4_msgs/px4_msgs/msg/vehicle_optical_flow_vel.h\n'}
[5.849396] (px4_msgs) StdoutLine: {'line': b'-- Up-to-date: /home/pavel/ws_ros2/install/px4_msgs/include/px4_msgs/px4_msgs/msg/estimator_sensor_bias.h\n'}
[5.849447] (px4_msgs) StdoutLine: {'line': b'-- Up-to-date: /home/pavel/ws_ros2/install/px4_msgs/include/px4_msgs/px4_msgs/msg/rc_channels.h\n'}
[5.849513] (px4_msgs) StdoutLine: {'line': b'-- Up-to-date: /home/pavel/ws_ros2/install/px4_msgs/include/px4_msgs/px4_msgs/msg/sensor_gps.h\n'}
[5.849566] (px4_msgs) StdoutLine: {'line': b'-- Up-to-date: /home/pavel/ws_ros2/install/px4_msgs/include/px4_msgs/px4_msgs/msg/pwm_input.h\n'}
[5.849705] (px4_msgs) StdoutLine: {'line': b'-- Up-to-date: /home/pavel/ws_ros2/install/px4_msgs/include/px4_msgs/px4_msgs/msg/internal_combustion_engine_status.h\n'}
[5.849780] (px4_msgs) StdoutLine: {'line': b'-- Up-to-date: /home/pavel/ws_ros2/install/px4_msgs/include/px4_msgs/px4_msgs/msg/sensor_gyro_fifo.h\n'}
[5.849834] (px4_msgs) StdoutLine: {'line': b'-- Up-to-date: /home/pavel/ws_ros2/install/px4_msgs/include/px4_msgs/px4_msgs/msg/tune_control.h\n'}
[5.849886] (px4_msgs) StdoutLine: {'line': b'-- Up-to-date: /home/pavel/ws_ros2/install/px4_msgs/include/px4_msgs/px4_msgs/msg/manual_control_setpoint.h\n'}
[5.849938] (px4_msgs) StdoutLine: {'line': b'-- Up-to-date: /home/pavel/ws_ros2/install/px4_msgs/include/px4_msgs/px4_msgs/msg/gimbal_device_attitude_status.h\n'}
[5.849989] (px4_msgs) StdoutLine: {'line': b'-- Up-to-date: /home/pavel/ws_ros2/install/px4_msgs/include/px4_msgs/px4_msgs/msg/launch_detection_status.h\n'}
[5.850040] (px4_msgs) StdoutLine: {'line': b'-- Up-to-date: /home/pavel/ws_ros2/install/px4_msgs/include/px4_msgs/px4_msgs/msg/vehicle_imu.h\n'}
[5.850091] (px4_msgs) StdoutLine: {'line': b'-- Up-to-date: /home/pavel/ws_ros2/install/px4_msgs/include/px4_msgs/px4_msgs/msg/vehicle_torque_setpoint.h\n'}
[5.850142] (px4_msgs) StdoutLine: {'line': b'-- Up-to-date: /home/pavel/ws_ros2/install/px4_msgs/include/px4_msgs/px4_msgs/msg/power_button_state.h\n'}
[5.850193] (px4_msgs) StdoutLine: {'line': b'-- Up-to-date: /home/pavel/ws_ros2/install/px4_msgs/include/px4_msgs/px4_msgs/msg/trajectory_waypoint.h\n'}
[5.850244] (px4_msgs) StdoutLine: {'line': b'-- Up-to-date: /home/pavel/ws_ros2/install/px4_msgs/include/px4_msgs/px4_msgs/msg/landing_target_innovations.h\n'}
[5.850295] (px4_msgs) StdoutLine: {'line': b'-- Up-to-date: /home/pavel/ws_ros2/install/px4_msgs/include/px4_msgs/px4_msgs/msg/rosidl_generator_c__visibility_control.h\n'}
[5.850346] (px4_msgs) StdoutLine: {'line': b'-- Up-to-date: /home/pavel/ws_ros2/install/px4_msgs/include/px4_msgs/px4_msgs/msg/fuel_tank_status.h\n'}
[5.850396] (px4_msgs) StdoutLine: {'line': b'-- Up-to-date: /home/pavel/ws_ros2/install/px4_msgs/include/px4_msgs/px4_msgs/msg/gpio_config.h\n'}
[5.850447] (px4_msgs) StdoutLine: {'line': b'-- Up-to-date: /home/pavel/ws_ros2/install/px4_msgs/include/px4_msgs/px4_msgs/msg/buffer128.h\n'}
[5.850591] (px4_msgs) StdoutLine: {'line': b'-- Up-to-date: /home/pavel/ws_ros2/install/px4_msgs/include/px4_msgs/px4_msgs/msg/gripper.h\n'}
[5.850697] (px4_msgs) StdoutLine: {'line': b'-- Up-to-date: /home/pavel/ws_ros2/install/px4_msgs/include/px4_msgs/px4_msgs/msg/debug_vect.h\n'}
[5.850751] (px4_msgs) StdoutLine: {'line': b'-- Up-to-date: /home/pavel/ws_ros2/install/px4_msgs/include/px4_msgs/px4_msgs/msg/sensor_combined.h\n'}
[5.850802] (px4_msgs) StdoutLine: {'line': b'-- Up-to-date: /home/pavel/ws_ros2/install/px4_msgs/include/px4_msgs/px4_msgs/msg/takeoff_status.h\n'}
[5.850853] (px4_msgs) StdoutLine: {'line': b'-- Up-to-date: /home/pavel/ws_ros2/install/px4_msgs/include/px4_msgs/px4_msgs/msg/parameter_set_used_request.h\n'}
[5.850904] (px4_msgs) StdoutLine: {'line': b'-- Up-to-date: /home/pavel/ws_ros2/install/px4_msgs/include/px4_msgs/px4_msgs/msg/estimator_bias3d.h\n'}
[5.850955] (px4_msgs) StdoutLine: {'line': b'-- Up-to-date: /home/pavel/ws_ros2/install/px4_msgs/include/px4_msgs/px4_msgs/msg/debug_key_value.h\n'}
[5.851006] (px4_msgs) StdoutLine: {'line': b'-- Up-to-date: /home/pavel/ws_ros2/install/px4_msgs/include/px4_msgs/px4_msgs/msg/sensor_accel_fifo.h\n'}
[5.851057] (px4_msgs) StdoutLine: {'line': b'-- Up-to-date: /home/pavel/ws_ros2/install/px4_msgs/include/px4_msgs/px4_msgs/msg/mission_result.h\n'}
[5.851108] (px4_msgs) StdoutLine: {'line': b'-- Up-to-date: /home/pavel/ws_ros2/install/px4_msgs/include/px4_msgs/px4_msgs/msg/debug_value.h\n'}
[5.851159] (px4_msgs) StdoutLine: {'line': b'-- Up-to-date: /home/pavel/ws_ros2/install/px4_msgs/include/px4_msgs/px4_msgs/msg/gpio_in.h\n'}
[5.851209] (px4_msgs) StdoutLine: {'line': b'-- Up-to-date: /home/pavel/ws_ros2/install/px4_msgs/include/px4_msgs/px4_msgs/msg/npfg_status.h\n'}
[5.851260] (px4_msgs) StdoutLine: {'line': b'-- Up-to-date: /home/pavel/ws_ros2/install/px4_msgs/include/px4_msgs/px4_msgs/msg/vehicle_command_ack.h\n'}
[5.851329] (px4_msgs) StdoutLine: {'line': b'-- Up-to-date: /home/pavel/ws_ros2/install/px4_msgs/include/px4_msgs/px4_msgs/msg/estimator_aid_source2d.h\n'}
[5.851381] (px4_msgs) StdoutLine: {'line': b'-- Up-to-date: /home/pavel/ws_ros2/install/px4_msgs/include/px4_msgs/px4_msgs/msg/vehicle_trajectory_bezier.h\n'}
[5.851432] (px4_msgs) StdoutLine: {'line': b'-- Up-to-date: /home/pavel/ws_ros2/install/px4_msgs/include/px4_msgs/px4_msgs/msg/parameter_update.h\n'}
[5.851483] (px4_msgs) StdoutLine: {'line': b'-- Up-to-date: /home/pavel/ws_ros2/install/px4_msgs/include/px4_msgs/px4_msgs/msg/failsafe_flags.h\n'}
[5.851534] (px4_msgs) StdoutLine: {'line': b'-- Up-to-date: /home/pavel/ws_ros2/install/px4_msgs/include/px4_msgs/px4_msgs/msg/vehicle_imu_status.h\n'}
[5.851589] (px4_msgs) StdoutLine: {'line': b'-- Up-to-date: /home/pavel/ws_ros2/install/px4_msgs/include/px4_msgs/px4_msgs/msg/esc_report.h\n'}
[5.851740] (px4_msgs) StdoutLine: {'line': b'-- Up-to-date: /home/pavel/ws_ros2/install/px4_msgs/include/px4_msgs/px4_msgs/msg/gimbal_manager_status.h\n'}
[5.851818] (px4_msgs) StdoutLine: {'line': b'-- Up-to-date: /home/pavel/ws_ros2/install/px4_msgs/include/px4_msgs/px4_msgs/msg/ulog_stream.h\n'}
[5.851872] (px4_msgs) StdoutLine: {'line': b'-- Up-to-date: /home/pavel/ws_ros2/install/px4_msgs/include/px4_msgs/px4_msgs/msg/collision_report.h\n'}
[5.851922] (px4_msgs) StdoutLine: {'line': b'-- Up-to-date: /home/pavel/ws_ros2/install/px4_msgs/include/px4_msgs/px4_msgs/msg/trajectory_setpoint.h\n'}
[5.851973] (px4_msgs) StdoutLine: {'line': b'-- Up-to-date: /home/pavel/ws_ros2/install/px4_msgs/include/px4_msgs/px4_msgs/msg/actuator_outputs.h\n'}
[5.852023] (px4_msgs) StdoutLine: {'line': b'-- Up-to-date: /home/pavel/ws_ros2/install/px4_msgs/include/px4_msgs/px4_msgs/msg/satellite_info.h\n'}
[5.852073] (px4_msgs) StdoutLine: {'line': b'-- Up-to-date: /home/pavel/ws_ros2/install/px4_msgs/include/px4_msgs/px4_msgs/msg/vehicle_air_data.h\n'}
[5.852124] (px4_msgs) StdoutLine: {'line': b'-- Up-to-date: /home/pavel/ws_ros2/install/px4_msgs/include/px4_msgs/px4_msgs/msg/telemetry_status.h\n'}
[5.852174] (px4_msgs) StdoutLine: {'line': b'-- Up-to-date: /home/pavel/ws_ros2/install/px4_msgs/include/px4_msgs/px4_msgs/msg/hover_thrust_estimate.h\n'}
[5.852224] (px4_msgs) StdoutLine: {'line': b'-- Up-to-date: /home/pavel/ws_ros2/install/px4_msgs/include/px4_msgs/px4_msgs/msg/cpuload.h\n'}
[5.852275] (px4_msgs) StdoutLine: {'line': b'-- Up-to-date: /home/pavel/ws_ros2/install/px4_msgs/include/px4_msgs/px4_msgs/msg/mavlink_tunnel.h\n'}
[5.852325] (px4_msgs) StdoutLine: {'line': b'-- Up-to-date: /home/pavel/ws_ros2/install/px4_msgs/include/px4_msgs/px4_msgs/msg/obstacle_distance.h\n'}
[5.852377] (px4_msgs) StdoutLine: {'line': b'-- Up-to-date: /home/pavel/ws_ros2/install/px4_msgs/include/px4_msgs/px4_msgs/msg/velocity_limits.h\n'}
[5.852428] (px4_msgs) StdoutLine: {'line': b'-- Up-to-date: /home/pavel/ws_ros2/install/px4_msgs/include/px4_msgs/px4_msgs/msg/magnetometer_bias_estimate.h\n'}
[5.852480] (px4_msgs) StdoutLine: {'line': b'-- Up-to-date: /home/pavel/ws_ros2/install/px4_msgs/include/px4_msgs/px4_msgs/msg/ulog_stream_ack.h\n'}
[5.852531] (px4_msgs) StdoutLine: {'line': b'-- Up-to-date: /home/pavel/ws_ros2/install/px4_msgs/include/px4_msgs/px4_msgs/msg/sensor_optical_flow.h\n'}
[5.852587] (px4_msgs) StdoutLine: {'line': b'-- Up-to-date: /home/pavel/ws_ros2/install/px4_msgs/include/px4_msgs/px4_msgs/msg/sensor_gyro_fft.h\n'}
[5.852708] (px4_msgs) StdoutLine: {'line': b'-- Up-to-date: /home/pavel/ws_ros2/install/px4_msgs/include/px4_msgs/px4_msgs/msg/vehicle_odometry.h\n'}
[5.852756] (px4_msgs) StdoutLine: {'line': b'-- Up-to-date: /home/pavel/ws_ros2/install/px4_msgs/include/px4_msgs/px4_msgs/msg/rc_parameter_map.h\n'}
[5.852806] (px4_msgs) StdoutLine: {'line': b'-- Up-to-date: /home/pavel/ws_ros2/install/px4_msgs/include/px4_msgs/px4_msgs/msg/config_overrides.h\n'}
[5.852856] (px4_msgs) StdoutLine: {'line': b'-- Up-to-date: /home/pavel/ws_ros2/install/px4_msgs/include/px4_msgs/px4_msgs/msg/arming_check_reply.h\n'}
[5.852911] (px4_msgs) StdoutLine: {'line': b'-- Up-to-date: /home/pavel/ws_ros2/install/px4_msgs/include/px4_msgs/px4_msgs/msg/adc_report.h\n'}
[5.852967] (px4_msgs) StdoutLine: {'line': b'-- Up-to-date: /home/pavel/ws_ros2/install/px4_msgs/include/px4_msgs/px4_msgs/msg/vehicle_global_position.h\n'}
[5.853023] (px4_msgs) StdoutLine: {'line': b'-- Up-to-date: /home/pavel/ws_ros2/install/px4_msgs/include/px4_msgs/px4_msgs/msg/rtl_time_estimate.h\n'}
[5.853078] (px4_msgs) StdoutLine: {'line': b'-- Up-to-date: /home/pavel/ws_ros2/install/px4_msgs/include/px4_msgs/px4_msgs/msg/vehicle_local_position_setpoint.h\n'}
[5.853132] (px4_msgs) StdoutLine: {'line': b'-- Up-to-date: /home/pavel/ws_ros2/install/px4_msgs/include/px4_msgs/px4_msgs/msg/sensor_gnss_relative.h\n'}
[5.853186] (px4_msgs) StdoutLine: {'line': b'-- Up-to-date: /home/pavel/ws_ros2/install/px4_msgs/include/px4_msgs/px4_msgs/msg/vehicle_trajectory_waypoint.h\n'}
[5.853239] (px4_msgs) StdoutLine: {'line': b'-- Up-to-date: /home/pavel/ws_ros2/install/px4_msgs/include/px4_msgs/px4_msgs/msg/estimator_aid_source1d.h\n'}
[5.853290] (px4_msgs) StdoutLine: {'line': b'-- Up-to-date: /home/pavel/ws_ros2/install/px4_msgs/include/px4_msgs/px4_msgs/msg/message_format_response.h\n'}
[5.853341] (px4_msgs) StdoutLine: {'line': b'-- Up-to-date: /home/pavel/ws_ros2/install/px4_msgs/share/px4_msgs/environment/library_path.sh\n'}
[5.853391] (px4_msgs) StdoutLine: {'line': b'-- Up-to-date: /home/pavel/ws_ros2/install/px4_msgs/share/px4_msgs/environment/library_path.dsv\n'}
[5.853441] (px4_msgs) StdoutLine: {'line': b'-- Up-to-date: /home/pavel/ws_ros2/install/px4_msgs/lib/libpx4_msgs__rosidl_generator_c.so\n'}
[5.853492] (px4_msgs) StdoutLine: {'line': b'-- Up-to-date: /home/pavel/ws_ros2/install/px4_msgs/include/px4_msgs/px4_msgs\n'}
[5.853544] (px4_msgs) StdoutLine: {'line': b'-- Up-to-date: /home/pavel/ws_ros2/install/px4_msgs/include/px4_msgs/px4_msgs/srv\n'}
[5.853604] (px4_msgs) StdoutLine: {'line': b'-- Up-to-date: /home/pavel/ws_ros2/install/px4_msgs/include/px4_msgs/px4_msgs/srv/detail\n'}
[5.853687] (px4_msgs) StdoutLine: {'line': b'-- Up-to-date: /home/pavel/ws_ros2/install/px4_msgs/include/px4_msgs/px4_msgs/srv/detail/vehicle_command__rosidl_typesupport_fastrtps_c.h\n'}
[5.853739] (px4_msgs) StdoutLine: {'line': b'-- Up-to-date: /home/pavel/ws_ros2/install/px4_msgs/include/px4_msgs/px4_msgs/msg\n'}
[5.853791] (px4_msgs) StdoutLine: {'line': b'-- Up-to-date: /home/pavel/ws_ros2/install/px4_msgs/include/px4_msgs/px4_msgs/msg/detail\n'}
[5.853842] (px4_msgs) StdoutLine: {'line': b'-- Up-to-date: /home/pavel/ws_ros2/install/px4_msgs/include/px4_msgs/px4_msgs/msg/detail/orb_test_large__rosidl_typesupport_fastrtps_c.h\n'}
[5.853933] (px4_msgs) StdoutLine: {'line': b'-- Up-to-date: /home/pavel/ws_ros2/install/px4_msgs/include/px4_msgs/px4_msgs/msg/detail/actuator_test__rosidl_typesupport_fastrtps_c.h\n'}
[5.853987] (px4_msgs) StdoutLine: {'line': b'-- Up-to-date: /home/pavel/ws_ros2/install/px4_msgs/include/px4_msgs/px4_msgs/msg/detail/sensor_gyro_fft__rosidl_typesupport_fastrtps_c.h\n'}
[5.854039] (px4_msgs) StdoutLine: {'line': b'-- Up-to-date: /home/pavel/ws_ros2/install/px4_msgs/include/px4_msgs/px4_msgs/msg/detail/vehicle_optical_flow__rosidl_typesupport_fastrtps_c.h\n'}
[5.854090] (px4_msgs) StdoutLine: {'line': b'-- Up-to-date: /home/pavel/ws_ros2/install/px4_msgs/include/px4_msgs/px4_msgs/msg/detail/tiltrotor_extra_controls__rosidl_typesupport_fastrtps_c.h\n'}
[5.854142] (px4_msgs) StdoutLine: {'line': b'-- Up-to-date: /home/pavel/ws_ros2/install/px4_msgs/include/px4_msgs/px4_msgs/msg/detail/onboard_computer_status__rosidl_typesupport_fastrtps_c.h\n'}
[5.854193] (px4_msgs) StdoutLine: {'line': b'-- Up-to-date: /home/pavel/ws_ros2/install/px4_msgs/include/px4_msgs/px4_msgs/msg/detail/uavcan_parameter_value__rosidl_typesupport_fastrtps_c.h\n'}
[5.854245] (px4_msgs) StdoutLine: {'line': b'-- Up-to-date: /home/pavel/ws_ros2/install/px4_msgs/include/px4_msgs/px4_msgs/msg/detail/offboard_control_mode__rosidl_typesupport_fastrtps_c.h\n'}
[5.854296] (px4_msgs) StdoutLine: {'line': b'-- Up-to-date: /home/pavel/ws_ros2/install/px4_msgs/include/px4_msgs/px4_msgs/msg/detail/airspeed_validated__rosidl_typesupport_fastrtps_c.h\n'}
[5.854363] (px4_msgs) StdoutLine: {'line': b'-- Up-to-date: /home/pavel/ws_ros2/install/px4_msgs/include/px4_msgs/px4_msgs/msg/detail/vehicle_odometry__rosidl_typesupport_fastrtps_c.h\n'}
[5.854415] (px4_msgs) StdoutLine: {'line': b'-- Up-to-date: /home/pavel/ws_ros2/install/px4_msgs/include/px4_msgs/px4_msgs/msg/detail/vehicle_thrust_setpoint__rosidl_typesupport_fastrtps_c.h\n'}
[5.854466] (px4_msgs) StdoutLine: {'line': b'-- Up-to-date: /home/pavel/ws_ros2/install/px4_msgs/include/px4_msgs/px4_msgs/msg/detail/estimator_aid_source2d__rosidl_typesupport_fastrtps_c.h\n'}
[5.854516] (px4_msgs) StdoutLine: {'line': b'-- Up-to-date: /home/pavel/ws_ros2/install/px4_msgs/include/px4_msgs/px4_msgs/msg/detail/gimbal_manager_set_manual_control__rosidl_typesupport_fastrtps_c.h\n'}
[5.854567] (px4_msgs) StdoutLine: {'line': b'-- Up-to-date: /home/pavel/ws_ros2/install/px4_msgs/include/px4_msgs/px4_msgs/msg/detail/landing_gear__rosidl_typesupport_fastrtps_c.h\n'}
[5.854666] (px4_msgs) StdoutLine: {'line': b'-- Up-to-date: /home/pavel/ws_ros2/install/px4_msgs/include/px4_msgs/px4_msgs/msg/detail/irlock_report__rosidl_typesupport_fastrtps_c.h\n'}
[5.854769] (px4_msgs) StdoutLine: {'line': b'-- Up-to-date: /home/pavel/ws_ros2/install/px4_msgs/include/px4_msgs/px4_msgs/msg/detail/parameter_set_used_request__rosidl_typesupport_fastrtps_c.h\n'}
[5.854821] (px4_msgs) StdoutLine: {'line': b'-- Up-to-date: /home/pavel/ws_ros2/install/px4_msgs/include/px4_msgs/px4_msgs/msg/detail/failsafe_flags__rosidl_typesupport_fastrtps_c.h\n'}
[5.854902] (px4_msgs) StdoutLine: {'line': b'-- Up-to-date: /home/pavel/ws_ros2/install/px4_msgs/include/px4_msgs/px4_msgs/msg/detail/control_allocator_status__rosidl_typesupport_fastrtps_c.h\n'}
[5.854955] (px4_msgs) StdoutLine: {'line': b'-- Up-to-date: /home/pavel/ws_ros2/install/px4_msgs/include/px4_msgs/px4_msgs/msg/detail/vehicle_command__rosidl_typesupport_fastrtps_c.h\n'}
[5.855006] (px4_msgs) StdoutLine: {'line': b'-- Up-to-date: /home/pavel/ws_ros2/install/px4_msgs/include/px4_msgs/px4_msgs/msg/detail/rc_channels__rosidl_typesupport_fastrtps_c.h\n'}
[5.855057] (px4_msgs) StdoutLine: {'line': b'-- Up-to-date: /home/pavel/ws_ros2/install/px4_msgs/include/px4_msgs/px4_msgs/msg/detail/estimator_status__rosidl_typesupport_fastrtps_c.h\n'}
[5.855108] (px4_msgs) StdoutLine: {'line': b'-- Up-to-date: /home/pavel/ws_ros2/install/px4_msgs/include/px4_msgs/px4_msgs/msg/detail/unregister_ext_component__rosidl_typesupport_fastrtps_c.h\n'}
[5.855159] (px4_msgs) StdoutLine: {'line': b'-- Up-to-date: /home/pavel/ws_ros2/install/px4_msgs/include/px4_msgs/px4_msgs/msg/detail/sensors_status_imu__rosidl_typesupport_fastrtps_c.h\n'}
[5.855211] (px4_msgs) StdoutLine: {'line': b'-- Up-to-date: /home/pavel/ws_ros2/install/px4_msgs/include/px4_msgs/px4_msgs/msg/detail/vehicle_constraints__rosidl_typesupport_fastrtps_c.h\n'}
[5.855261] (px4_msgs) StdoutLine: {'line': b'-- Up-to-date: /home/pavel/ws_ros2/install/px4_msgs/include/px4_msgs/px4_msgs/msg/detail/actuator_servos__rosidl_typesupport_fastrtps_c.h\n'}
[5.855312] (px4_msgs) StdoutLine: {'line': b'-- Up-to-date: /home/pavel/ws_ros2/install/px4_msgs/include/px4_msgs/px4_msgs/msg/detail/satellite_info__rosidl_typesupport_fastrtps_c.h\n'}
[5.855362] (px4_msgs) StdoutLine: {'line': b'-- Up-to-date: /home/pavel/ws_ros2/install/px4_msgs/include/px4_msgs/px4_msgs/msg/detail/ekf2_timestamps__rosidl_typesupport_fastrtps_c.h\n'}
[5.855413] (px4_msgs) StdoutLine: {'line': b'-- Up-to-date: /home/pavel/ws_ros2/install/px4_msgs/include/px4_msgs/px4_msgs/msg/detail/estimator_bias__rosidl_typesupport_fastrtps_c.h\n'}
[5.855478] (px4_msgs) StdoutLine: {'line': b'-- Up-to-date: /home/pavel/ws_ros2/install/px4_msgs/include/px4_msgs/px4_msgs/msg/detail/actuator_armed__rosidl_typesupport_fastrtps_c.h\n'}
[5.855532] (px4_msgs) StdoutLine: {'line': b'-- Up-to-date: /home/pavel/ws_ros2/install/px4_msgs/include/px4_msgs/px4_msgs/msg/detail/position_setpoint__rosidl_typesupport_fastrtps_c.h\n'}
[5.855683] (px4_msgs) StdoutLine: {'line': b'-- Up-to-date: /home/pavel/ws_ros2/install/px4_msgs/include/px4_msgs/px4_msgs/msg/detail/vehicle_acceleration__rosidl_typesupport_fastrtps_c.h\n'}
[5.855758] (px4_msgs) StdoutLine: {'line': b'-- Up-to-date: /home/pavel/ws_ros2/install/px4_msgs/include/px4_msgs/px4_msgs/msg/detail/telemetry_status__rosidl_typesupport_fastrtps_c.h\n'}
[5.855810] (px4_msgs) StdoutLine: {'line': b'-- Up-to-date: /home/pavel/ws_ros2/install/px4_msgs/include/px4_msgs/px4_msgs/msg/detail/camera_capture__rosidl_typesupport_fastrtps_c.h\n'}
[5.855863] (px4_msgs) StdoutLine: {'line': b'-- Up-to-date: /home/pavel/ws_ros2/install/px4_msgs/include/px4_msgs/px4_msgs/msg/detail/estimator_bias3d__rosidl_typesupport_fastrtps_c.h\n'}
[5.855915] (px4_msgs) StdoutLine: {'line': b'-- Up-to-date: /home/pavel/ws_ros2/install/px4_msgs/include/px4_msgs/px4_msgs/msg/detail/sensor_combined__rosidl_typesupport_fastrtps_c.h\n'}
[5.855965] (px4_msgs) StdoutLine: {'line': b'-- Up-to-date: /home/pavel/ws_ros2/install/px4_msgs/include/px4_msgs/px4_msgs/msg/detail/gripper__rosidl_typesupport_fastrtps_c.h\n'}
[5.856017] (px4_msgs) StdoutLine: {'line': b'-- Up-to-date: /home/pavel/ws_ros2/install/px4_msgs/include/px4_msgs/px4_msgs/msg/detail/rover_ackermann_guidance_status__rosidl_typesupport_fastrtps_c.h\n'}
[5.856068] (px4_msgs) StdoutLine: {'line': b'-- Up-to-date: /home/pavel/ws_ros2/install/px4_msgs/include/px4_msgs/px4_msgs/msg/detail/input_rc__rosidl_typesupport_fastrtps_c.h\n'}
[5.856118] (px4_msgs) StdoutLine: {'line': b'-- Up-to-date: /home/pavel/ws_ros2/install/px4_msgs/include/px4_msgs/px4_msgs/msg/detail/estimator_innovations__rosidl_typesupport_fastrtps_c.h\n'}
[5.856169] (px4_msgs) StdoutLine: {'line': b'-- Up-to-date: /home/pavel/ws_ros2/install/px4_msgs/include/px4_msgs/px4_msgs/msg/detail/cpuload__rosidl_typesupport_fastrtps_c.h\n'}
[5.856219] (px4_msgs) StdoutLine: {'line': b'-- Up-to-date: /home/pavel/ws_ros2/install/px4_msgs/include/px4_msgs/px4_msgs/msg/detail/uavcan_parameter_request__rosidl_typesupport_fastrtps_c.h\n'}
[5.856270] (px4_msgs) StdoutLine: {'line': b'-- Up-to-date: /home/pavel/ws_ros2/install/px4_msgs/include/px4_msgs/px4_msgs/msg/detail/position_controller_landing_status__rosidl_typesupport_fastrtps_c.h\n'}
[5.856320] (px4_msgs) StdoutLine: {'line': b'-- Up-to-date: /home/pavel/ws_ros2/install/px4_msgs/include/px4_msgs/px4_msgs/msg/detail/ulog_stream_ack__rosidl_typesupport_fastrtps_c.h\n'}
[5.856371] (px4_msgs) StdoutLine: {'line': b'-- Up-to-date: /home/pavel/ws_ros2/install/px4_msgs/include/px4_msgs/px4_msgs/msg/detail/actuator_servos_trim__rosidl_typesupport_fastrtps_c.h\n'}
[5.856421] (px4_msgs) StdoutLine: {'line': b'-- Up-to-date: /home/pavel/ws_ros2/install/px4_msgs/include/px4_msgs/px4_msgs/msg/detail/qshell_req__rosidl_typesupport_fastrtps_c.h\n'}
[5.856472] (px4_msgs) StdoutLine: {'line': b'-- Up-to-date: /home/pavel/ws_ros2/install/px4_msgs/include/px4_msgs/px4_msgs/msg/detail/vehicle_roi__rosidl_typesupport_fastrtps_c.h\n'}
[5.856522] (px4_msgs) StdoutLine: {'line': b'-- Up-to-date: /home/pavel/ws_ros2/install/px4_msgs/include/px4_msgs/px4_msgs/msg/detail/tune_control__rosidl_typesupport_fastrtps_c.h\n'}
[5.856691] (px4_msgs) StdoutLine: {'line': b'-- Up-to-date: /home/pavel/ws_ros2/install/px4_msgs/include/px4_msgs/px4_msgs/msg/detail/vehicle_command_ack__rosidl_typesupport_fastrtps_c.h\n'}
[5.856758] (px4_msgs) StdoutLine: {'line': b'-- Up-to-date: /home/pavel/ws_ros2/install/px4_msgs/include/px4_msgs/px4_msgs/msg/detail/collision_constraints__rosidl_typesupport_fastrtps_c.h\n'}
[5.856805] (px4_msgs) StdoutLine: {'line': b'-- Up-to-date: /home/pavel/ws_ros2/install/px4_msgs/include/px4_msgs/px4_msgs/msg/detail/actuator_motors__rosidl_typesupport_fastrtps_c.h\n'}
[5.856853] (px4_msgs) StdoutLine: {'line': b'-- Up-to-date: /home/pavel/ws_ros2/install/px4_msgs/include/px4_msgs/px4_msgs/msg/detail/pps_capture__rosidl_typesupport_fastrtps_c.h\n'}
[5.856900] (px4_msgs) StdoutLine: {'line': b'-- Up-to-date: /home/pavel/ws_ros2/install/px4_msgs/include/px4_msgs/px4_msgs/msg/detail/gimbal_controls__rosidl_typesupport_fastrtps_c.h\n'}
[5.857110] (px4_msgs) StdoutLine: {'line': b'-- Up-to-date: /home/pavel/ws_ros2/install/px4_msgs/include/px4_msgs/px4_msgs/msg/detail/led_control__rosidl_typesupport_fastrtps_c.h\n'}
[5.857156] (px4_msgs) StdoutLine: {'line': b'-- Up-to-date: /home/pavel/ws_ros2/install/px4_msgs/include/px4_msgs/px4_msgs/msg/detail/parameter_reset_request__rosidl_typesupport_fastrtps_c.h\n'}
[5.857206] (px4_msgs) StdoutLine: {'line': b'-- Up-to-date: /home/pavel/ws_ros2/install/px4_msgs/include/px4_msgs/px4_msgs/msg/detail/landing_target_pose__rosidl_typesupport_fastrtps_c.h\n'}
[5.857278] (px4_msgs) StdoutLine: {'line': b'-- Up-to-date: /home/pavel/ws_ros2/install/px4_msgs/include/px4_msgs/px4_msgs/msg/detail/mavlink_tunnel__rosidl_typesupport_fastrtps_c.h\n'}
[5.857332] (px4_msgs) StdoutLine: {'line': b'-- Up-to-date: /home/pavel/ws_ros2/install/px4_msgs/include/px4_msgs/px4_msgs/msg/detail/dataman_request__rosidl_typesupport_fastrtps_c.h\n'}
[5.857383] (px4_msgs) StdoutLine: {'line': b'-- Up-to-date: /home/pavel/ws_ros2/install/px4_msgs/include/px4_msgs/px4_msgs/msg/detail/landing_target_innovations__rosidl_typesupport_fastrtps_c.h\n'}
[5.857435] (px4_msgs) StdoutLine: {'line': b'-- Up-to-date: /home/pavel/ws_ros2/install/px4_msgs/include/px4_msgs/px4_msgs/msg/detail/timesync_status__rosidl_typesupport_fastrtps_c.h\n'}
[5.857487] (px4_msgs) StdoutLine: {'line': b'-- Up-to-date: /home/pavel/ws_ros2/install/px4_msgs/include/px4_msgs/px4_msgs/msg/detail/mavlink_log__rosidl_typesupport_fastrtps_c.h\n'}
[5.857538] (px4_msgs) StdoutLine: {'line': b'-- Up-to-date: /home/pavel/ws_ros2/install/px4_msgs/include/px4_msgs/px4_msgs/msg/detail/buffer128__rosidl_typesupport_fastrtps_c.h\n'}
[5.857601] (px4_msgs) StdoutLine: {'line': b'-- Up-to-date: /home/pavel/ws_ros2/install/px4_msgs/include/px4_msgs/px4_msgs/msg/detail/vehicle_attitude__rosidl_typesupport_fastrtps_c.h\n'}
[5.857658] (px4_msgs) StdoutLine: {'line': b'-- Up-to-date: /home/pavel/ws_ros2/install/px4_msgs/include/px4_msgs/px4_msgs/msg/detail/sensor_uwb__rosidl_typesupport_fastrtps_c.h\n'}
[5.857708] (px4_msgs) StdoutLine: {'line': b'-- Up-to-date: /home/pavel/ws_ros2/install/px4_msgs/include/px4_msgs/px4_msgs/msg/detail/failure_detector_status__rosidl_typesupport_fastrtps_c.h\n'}
[5.857759] (px4_msgs) StdoutLine: {'line': b'-- Up-to-date: /home/pavel/ws_ros2/install/px4_msgs/include/px4_msgs/px4_msgs/msg/detail/vehicle_land_detected__rosidl_typesupport_fastrtps_c.h\n'}
[5.857810] (px4_msgs) StdoutLine: {'line': b'-- Up-to-date: /home/pavel/ws_ros2/install/px4_msgs/include/px4_msgs/px4_msgs/msg/detail/button_event__rosidl_typesupport_fastrtps_c.h\n'}
[5.857861] (px4_msgs) StdoutLine: {'line': b'-- Up-to-date: /home/pavel/ws_ros2/install/px4_msgs/include/px4_msgs/px4_msgs/msg/detail/gps_inject_data__rosidl_typesupport_fastrtps_c.h\n'}
[5.857912] (px4_msgs) StdoutLine: {'line': b'-- Up-to-date: /home/pavel/ws_ros2/install/px4_msgs/include/px4_msgs/px4_msgs/msg/detail/sensor_gps__rosidl_typesupport_fastrtps_c.h\n'}
[5.857963] (px4_msgs) StdoutLine: {'line': b'-- Up-to-date: /home/pavel/ws_ros2/install/px4_msgs/include/px4_msgs/px4_msgs/msg/detail/can_interface_status__rosidl_typesupport_fastrtps_c.h\n'}
[5.858015] (px4_msgs) StdoutLine: {'line': b'-- Up-to-date: /home/pavel/ws_ros2/install/px4_msgs/include/px4_msgs/px4_msgs/msg/detail/distance_sensor__rosidl_typesupport_fastrtps_c.h\n'}
[5.858066] (px4_msgs) StdoutLine: {'line': b'-- Up-to-date: /home/pavel/ws_ros2/install/px4_msgs/include/px4_msgs/px4_msgs/msg/detail/actuator_outputs__rosidl_typesupport_fastrtps_c.h\n'}
[5.858116] (px4_msgs) StdoutLine: {'line': b'-- Up-to-date: /home/pavel/ws_ros2/install/px4_msgs/include/px4_msgs/px4_msgs/msg/detail/mount_orientation__rosidl_typesupport_fastrtps_c.h\n'}
[5.858167] (px4_msgs) StdoutLine: {'line': b'-- Up-to-date: /home/pavel/ws_ros2/install/px4_msgs/include/px4_msgs/px4_msgs/msg/detail/gpio_out__rosidl_typesupport_fastrtps_c.h\n'}
[5.858218] (px4_msgs) StdoutLine: {'line': b'-- Up-to-date: /home/pavel/ws_ros2/install/px4_msgs/include/px4_msgs/px4_msgs/msg/detail/gimbal_device_set_attitude__rosidl_typesupport_fastrtps_c.h\n'}
[5.858295] (px4_msgs) StdoutLine: {'line': b'-- Up-to-date: /home/pavel/ws_ros2/install/px4_msgs/include/px4_msgs/px4_msgs/msg/detail/vehicle_trajectory_bezier__rosidl_typesupport_fastrtps_c.h\n'}
[5.858348] (px4_msgs) StdoutLine: {'line': b'-- Up-to-date: /home/pavel/ws_ros2/install/px4_msgs/include/px4_msgs/px4_msgs/msg/detail/esc_status__rosidl_typesupport_fastrtps_c.h\n'}
[5.858532] (px4_msgs) StdoutLine: {'line': b'-- Up-to-date: /home/pavel/ws_ros2/install/px4_msgs/include/px4_msgs/px4_msgs/msg/detail/estimator_states__rosidl_typesupport_fastrtps_c.h\n'}
[5.858591] (px4_msgs) StdoutLine: {'line': b'-- Up-to-date: /home/pavel/ws_ros2/install/px4_msgs/include/px4_msgs/px4_msgs/msg/detail/message_format_request__rosidl_typesupport_fastrtps_c.h\n'}
[5.858676] (px4_msgs) StdoutLine: {'line': b'-- Up-to-date: /home/pavel/ws_ros2/install/px4_msgs/include/px4_msgs/px4_msgs/msg/detail/gpio_in__rosidl_typesupport_fastrtps_c.h\n'}
[5.858729] (px4_msgs) StdoutLine: {'line': b'-- Up-to-date: /home/pavel/ws_ros2/install/px4_msgs/include/px4_msgs/px4_msgs/msg/detail/rpm__rosidl_typesupport_fastrtps_c.h\n'}
[5.858783] (px4_msgs) StdoutLine: {'line': b'-- Up-to-date: /home/pavel/ws_ros2/install/px4_msgs/include/px4_msgs/px4_msgs/msg/detail/task_stack_info__rosidl_typesupport_fastrtps_c.h\n'}
[5.858834] (px4_msgs) StdoutLine: {'line': b'-- Up-to-date: /home/pavel/ws_ros2/install/px4_msgs/include/px4_msgs/px4_msgs/msg/detail/iridiumsbd_status__rosidl_typesupport_fastrtps_c.h\n'}
[5.858884] (px4_msgs) StdoutLine: {'line': b'-- Up-to-date: /home/pavel/ws_ros2/install/px4_msgs/include/px4_msgs/px4_msgs/msg/detail/log_message__rosidl_typesupport_fastrtps_c.h\n'}
[5.858979] (px4_msgs) StdoutLine: {'line': b'-- Up-to-date: /home/pavel/ws_ros2/install/px4_msgs/include/px4_msgs/px4_msgs/msg/detail/vehicle_angular_acceleration_setpoint__rosidl_typesupport_fastrtps_c.h\n'}
[5.859035] (px4_msgs) StdoutLine: {'line': b'-- Up-to-date: /home/pavel/ws_ros2/install/px4_msgs/include/px4_msgs/px4_msgs/msg/detail/sensor_airflow__rosidl_typesupport_fastrtps_c.h\n'}
[5.859088] (px4_msgs) StdoutLine: {'line': b'-- Up-to-date: /home/pavel/ws_ros2/install/px4_msgs/include/px4_msgs/px4_msgs/msg/detail/qshell_retval__rosidl_typesupport_fastrtps_c.h\n'}
[5.859140] (px4_msgs) StdoutLine: {'line': b'-- Up-to-date: /home/pavel/ws_ros2/install/px4_msgs/include/px4_msgs/px4_msgs/msg/detail/sensor_gyro__rosidl_typesupport_fastrtps_c.h\n'}
[5.859192] (px4_msgs) StdoutLine: {'line': b'-- Up-to-date: /home/pavel/ws_ros2/install/px4_msgs/include/px4_msgs/px4_msgs/msg/detail/yaw_estimator_status__rosidl_typesupport_fastrtps_c.h\n'}
[5.859291] (px4_msgs) StdoutLine: {'line': b'-- Up-to-date: /home/pavel/ws_ros2/install/px4_msgs/include/px4_msgs/px4_msgs/msg/detail/debug_vect__rosidl_typesupport_fastrtps_c.h\n'}
[5.859348] (px4_msgs) StdoutLine: {'line': b'-- Up-to-date: /home/pavel/ws_ros2/install/px4_msgs/include/px4_msgs/px4_msgs/msg/detail/register_ext_component_reply__rosidl_typesupport_fastrtps_c.h\n'}
[5.859402] (px4_msgs) StdoutLine: {'line': b'-- Up-to-date: /home/pavel/ws_ros2/install/px4_msgs/include/px4_msgs/px4_msgs/msg/detail/position_setpoint_triplet__rosidl_typesupport_fastrtps_c.h\n'}
[5.859464] (px4_msgs) StdoutLine: {'line': b'-- Up-to-date: /home/pavel/ws_ros2/install/px4_msgs/include/px4_msgs/px4_msgs/msg/detail/launch_detection_status__rosidl_typesupport_fastrtps_c.h\n'}
[5.859536] (px4_msgs) StdoutLine: {'line': b'-- Up-to-date: /home/pavel/ws_ros2/install/px4_msgs/include/px4_msgs/px4_msgs/msg/detail/gimbal_manager_information__rosidl_typesupport_fastrtps_c.h\n'}
[5.859684] (px4_msgs) StdoutLine: {'line': b'-- Up-to-date: /home/pavel/ws_ros2/install/px4_msgs/include/px4_msgs/px4_msgs/msg/detail/sensor_baro__rosidl_typesupport_fastrtps_c.h\n'}
[5.859799] (px4_msgs) StdoutLine: {'line': b'-- Up-to-date: /home/pavel/ws_ros2/install/px4_msgs/include/px4_msgs/px4_msgs/msg/detail/velocity_limits__rosidl_typesupport_fastrtps_c.h\n'}
[5.859927] (px4_msgs) StdoutLine: {'line': b'-- Up-to-date: /home/pavel/ws_ros2/install/px4_msgs/include/px4_msgs/px4_msgs/msg/detail/logger_status__rosidl_typesupport_fastrtps_c.h\n'}
[5.859979] (px4_msgs) StdoutLine: {'line': b'-- Up-to-date: /home/pavel/ws_ros2/install/px4_msgs/include/px4_msgs/px4_msgs/msg/detail/estimator_aid_source1d__rosidl_typesupport_fastrtps_c.h\n'}
[5.860030] (px4_msgs) StdoutLine: {'line': b'-- Up-to-date: /home/pavel/ws_ros2/install/px4_msgs/include/px4_msgs/px4_msgs/msg/detail/wind__rosidl_typesupport_fastrtps_c.h\n'}
[5.860081] (px4_msgs) StdoutLine: {'line': b'-- Up-to-date: /home/pavel/ws_ros2/install/px4_msgs/include/px4_msgs/px4_msgs/msg/detail/collision_report__rosidl_typesupport_fastrtps_c.h\n'}
[5.860133] (px4_msgs) StdoutLine: {'line': b'-- Up-to-date: /home/pavel/ws_ros2/install/px4_msgs/include/px4_msgs/px4_msgs/msg/detail/npfg_status__rosidl_typesupport_fastrtps_c.h\n'}
[5.860183] (px4_msgs) StdoutLine: {'line': b'-- Up-to-date: /home/pavel/ws_ros2/install/px4_msgs/include/px4_msgs/px4_msgs/msg/detail/rc_parameter_map__rosidl_typesupport_fastrtps_c.h\n'}
[5.860233] (px4_msgs) StdoutLine: {'line': b'-- Up-to-date: /home/pavel/ws_ros2/install/px4_msgs/include/px4_msgs/px4_msgs/msg/detail/vehicle_status__rosidl_typesupport_fastrtps_c.h\n'}
[5.860285] (px4_msgs) StdoutLine: {'line': b'-- Up-to-date: /home/pavel/ws_ros2/install/px4_msgs/include/px4_msgs/px4_msgs/msg/detail/vehicle_optical_flow_vel__rosidl_typesupport_fastrtps_c.h\n'}
[5.860336] (px4_msgs) StdoutLine: {'line': b'-- Up-to-date: /home/pavel/ws_ros2/install/px4_msgs/include/px4_msgs/px4_msgs/msg/detail/fuel_tank_status__rosidl_typesupport_fastrtps_c.h\n'}
[5.860387] (px4_msgs) StdoutLine: {'line': b'-- Up-to-date: /home/pavel/ws_ros2/install/px4_msgs/include/px4_msgs/px4_msgs/msg/detail/vehicle_attitude_setpoint__rosidl_typesupport_fastrtps_c.h\n'}
[5.860438] (px4_msgs) StdoutLine: {'line': b'-- Up-to-date: /home/pavel/ws_ros2/install/px4_msgs/include/px4_msgs/px4_msgs/msg/detail/mission__rosidl_typesupport_fastrtps_c.h\n'}
[5.860529] (px4_msgs) StdoutLine: {'line': b'-- Up-to-date: /home/pavel/ws_ros2/install/px4_msgs/include/px4_msgs/px4_msgs/msg/detail/takeoff_status__rosidl_typesupport_fastrtps_c.h\n'}
[5.860583] (px4_msgs) StdoutLine: {'line': b'-- Up-to-date: /home/pavel/ws_ros2/install/px4_msgs/include/px4_msgs/px4_msgs/msg/detail/action_request__rosidl_typesupport_fastrtps_c.h\n'}
[5.860636] (px4_msgs) StdoutLine: {'line': b'-- Up-to-date: /home/pavel/ws_ros2/install/px4_msgs/include/px4_msgs/px4_msgs/msg/detail/orb_test__rosidl_typesupport_fastrtps_c.h\n'}
[5.860684] (px4_msgs) StdoutLine: {'line': b'-- Up-to-date: /home/pavel/ws_ros2/install/px4_msgs/include/px4_msgs/px4_msgs/msg/detail/vehicle_trajectory_waypoint__rosidl_typesupport_fastrtps_c.h\n'}
[5.860731] (px4_msgs) StdoutLine: {'line': b'-- Up-to-date: /home/pavel/ws_ros2/install/px4_msgs/include/px4_msgs/px4_msgs/msg/detail/power_button_state__rosidl_typesupport_fastrtps_c.h\n'}
[5.860781] (px4_msgs) StdoutLine: {'line': b'-- Up-to-date: /home/pavel/ws_ros2/install/px4_msgs/include/px4_msgs/px4_msgs/msg/detail/trajectory_waypoint__rosidl_typesupport_fastrtps_c.h\n'}
[5.860828] (px4_msgs) StdoutLine: {'line': b'-- Up-to-date: /home/pavel/ws_ros2/install/px4_msgs/include/px4_msgs/px4_msgs/msg/detail/transponder_report__rosidl_typesupport_fastrtps_c.h\n'}
[5.860874] (px4_msgs) StdoutLine: {'line': b'-- Up-to-date: /home/pavel/ws_ros2/install/px4_msgs/include/px4_msgs/px4_msgs/msg/detail/goto_setpoint__rosidl_typesupport_fastrtps_c.h\n'}
[5.860920] (px4_msgs) StdoutLine: {'line': b'-- Up-to-date: /home/pavel/ws_ros2/install/px4_msgs/include/px4_msgs/px4_msgs/msg/detail/debug_array__rosidl_typesupport_fastrtps_c.h\n'}
[5.860965] (px4_msgs) StdoutLine: {'line': b'-- Up-to-date: /home/pavel/ws_ros2/install/px4_msgs/include/px4_msgs/px4_msgs/msg/detail/rtl_status__rosidl_typesupport_fastrtps_c.h\n'}
[5.861010] (px4_msgs) StdoutLine: {'line': b'-- Up-to-date: /home/pavel/ws_ros2/install/px4_msgs/include/px4_msgs/px4_msgs/msg/detail/gimbal_device_attitude_status__rosidl_typesupport_fastrtps_c.h\n'}
[5.861060] (px4_msgs) StdoutLine: {'line': b'-- Up-to-date: /home/pavel/ws_ros2/install/px4_msgs/include/px4_msgs/px4_msgs/msg/detail/airspeed_wind__rosidl_typesupport_fastrtps_c.h\n'}
[5.861107] (px4_msgs) StdoutLine: {'line': b'-- Up-to-date: /home/pavel/ws_ros2/install/px4_msgs/include/px4_msgs/px4_msgs/msg/detail/sensor_accel_fifo__rosidl_typesupport_fastrtps_c.h\n'}
[5.861153] (px4_msgs) StdoutLine: {'line': b'-- Up-to-date: /home/pavel/ws_ros2/install/px4_msgs/include/px4_msgs/px4_msgs/msg/detail/esc_report__rosidl_typesupport_fastrtps_c.h\n'}
[5.861205] (px4_msgs) StdoutLine: {'line': b'-- Up-to-date: /home/pavel/ws_ros2/install/px4_msgs/include/px4_msgs/px4_msgs/msg/detail/ulog_stream__rosidl_typesupport_fastrtps_c.h\n'}
[5.861256] (px4_msgs) StdoutLine: {'line': b'-- Up-to-date: /home/pavel/ws_ros2/install/px4_msgs/include/px4_msgs/px4_msgs/msg/detail/orbit_status__rosidl_typesupport_fastrtps_c.h\n'}
[5.861308] (px4_msgs) StdoutLine: {'line': b'-- Up-to-date: /home/pavel/ws_ros2/install/px4_msgs/include/px4_msgs/px4_msgs/msg/detail/home_position__rosidl_typesupport_fastrtps_c.h\n'}
[5.861361] (px4_msgs) StdoutLine: {'line': b'-- Up-to-date: /home/pavel/ws_ros2/install/px4_msgs/include/px4_msgs/px4_msgs/msg/detail/sensor_hygrometer__rosidl_typesupport_fastrtps_c.h\n'}
[5.861413] (px4_msgs) StdoutLine: {'line': b'-- Up-to-date: /home/pavel/ws_ros2/install/px4_msgs/include/px4_msgs/px4_msgs/msg/detail/vehicle_magnetometer__rosidl_typesupport_fastrtps_c.h\n'}
[5.861464] (px4_msgs) StdoutLine: {'line': b'-- Up-to-date: /home/pavel/ws_ros2/install/px4_msgs/include/px4_msgs/px4_msgs/msg/detail/battery_status__rosidl_typesupport_fastrtps_c.h\n'}
[5.861517] (px4_msgs) StdoutLine: {'line': b'-- Up-to-date: /home/pavel/ws_ros2/install/px4_msgs/include/px4_msgs/px4_msgs/msg/detail/event__rosidl_typesupport_fastrtps_c.h\n'}
[5.861569] (px4_msgs) StdoutLine: {'line': b'-- Up-to-date: /home/pavel/ws_ros2/install/px4_msgs/include/px4_msgs/px4_msgs/msg/detail/actuator_controls_status__rosidl_typesupport_fastrtps_c.h\n'}
[5.861634] (px4_msgs) StdoutLine: {'line': b'-- Up-to-date: /home/pavel/ws_ros2/install/px4_msgs/include/px4_msgs/px4_msgs/msg/detail/register_ext_component_request__rosidl_typesupport_fastrtps_c.h\n'}
[5.861708] (px4_msgs) StdoutLine: {'line': b'-- Up-to-date: /home/pavel/ws_ros2/install/px4_msgs/include/px4_msgs/px4_msgs/msg/detail/differential_drive_setpoint__rosidl_typesupport_fastrtps_c.h\n'}
[5.861756] (px4_msgs) StdoutLine: {'line': b'-- Up-to-date: /home/pavel/ws_ros2/install/px4_msgs/include/px4_msgs/px4_msgs/msg/detail/radio_status__rosidl_typesupport_fastrtps_c.h\n'}
[5.861808] (px4_msgs) StdoutLine: {'line': b'-- Up-to-date: /home/pavel/ws_ros2/install/px4_msgs/include/px4_msgs/px4_msgs/msg/detail/sensors_status__rosidl_typesupport_fastrtps_c.h\n'}
[5.861859] (px4_msgs) StdoutLine: {'line': b'-- Up-to-date: /home/pavel/ws_ros2/install/px4_msgs/include/px4_msgs/px4_msgs/msg/detail/sensor_gyro_fifo__rosidl_typesupport_fastrtps_c.h\n'}
[5.861910] (px4_msgs) StdoutLine: {'line': b'-- Up-to-date: /home/pavel/ws_ros2/install/px4_msgs/include/px4_msgs/px4_msgs/msg/detail/estimator_gps_status__rosidl_typesupport_fastrtps_c.h\n'}
[5.861961] (px4_msgs) StdoutLine: {'line': b'-- Up-to-date: /home/pavel/ws_ros2/install/px4_msgs/include/px4_msgs/px4_msgs/msg/detail/camera_trigger__rosidl_typesupport_fastrtps_c.h\n'}
[5.862050] (px4_msgs) StdoutLine: {'line': b'-- Up-to-date: /home/pavel/ws_ros2/install/px4_msgs/include/px4_msgs/px4_msgs/msg/detail/generator_status__rosidl_typesupport_fastrtps_c.h\n'}
[5.862102] (px4_msgs) StdoutLine: {'line': b'-- Up-to-date: /home/pavel/ws_ros2/install/px4_msgs/include/px4_msgs/px4_msgs/msg/detail/orb_test_medium__rosidl_typesupport_fastrtps_c.h\n'}
[5.862153] (px4_msgs) StdoutLine: {'line': b'-- Up-to-date: /home/pavel/ws_ros2/install/px4_msgs/include/px4_msgs/px4_msgs/msg/detail/autotune_attitude_control_status__rosidl_typesupport_fastrtps_c.h\n'}
[5.862217] (px4_msgs) StdoutLine: {'line': b'-- Up-to-date: /home/pavel/ws_ros2/install/px4_msgs/include/px4_msgs/px4_msgs/msg/detail/gimbal_manager_set_attitude__rosidl_typesupport_fastrtps_c.h\n'}
[5.862271] (px4_msgs) StdoutLine: {'line': b'-- Up-to-date: /home/pavel/ws_ros2/install/px4_msgs/include/px4_msgs/px4_msgs/msg/detail/gps_dump__rosidl_typesupport_fastrtps_c.h\n'}
[5.862322] (px4_msgs) StdoutLine: {'line': b'-- Up-to-date: /home/pavel/ws_ros2/install/px4_msgs/include/px4_msgs/px4_msgs/msg/detail/camera_status__rosidl_typesupport_fastrtps_c.h\n'}
[5.862373] (px4_msgs) StdoutLine: {'line': b'-- Up-to-date: /home/pavel/ws_ros2/install/px4_msgs/include/px4_msgs/px4_msgs/msg/detail/mag_worker_data__rosidl_typesupport_fastrtps_c.h\n'}
[5.862424] (px4_msgs) StdoutLine: {'line': b'-- Up-to-date: /home/pavel/ws_ros2/install/px4_msgs/include/px4_msgs/px4_msgs/msg/detail/vehicle_angular_velocity__rosidl_typesupport_fastrtps_c.h\n'}
[5.862475] (px4_msgs) StdoutLine: {'line': b'-- Up-to-date: /home/pavel/ws_ros2/install/px4_msgs/include/px4_msgs/px4_msgs/msg/detail/vehicle_air_data__rosidl_typesupport_fastrtps_c.h\n'}
[5.862525] (px4_msgs) StdoutLine: {'line': b'-- Up-to-date: /home/pavel/ws_ros2/install/px4_msgs/include/px4_msgs/px4_msgs/msg/detail/vehicle_torque_setpoint__rosidl_typesupport_fastrtps_c.h\n'}
[5.862582] (px4_msgs) StdoutLine: {'line': b'-- Up-to-date: /home/pavel/ws_ros2/install/px4_msgs/include/px4_msgs/px4_msgs/msg/detail/vtol_vehicle_status__rosidl_typesupport_fastrtps_c.h\n'}
[5.862774] (px4_msgs) StdoutLine: {'line': b'-- Up-to-date: /home/pavel/ws_ros2/install/px4_msgs/include/px4_msgs/px4_msgs/msg/detail/sensor_selection__rosidl_typesupport_fastrtps_c.h\n'}
[5.862827] (px4_msgs) StdoutLine: {'line': b'-- Up-to-date: /home/pavel/ws_ros2/install/px4_msgs/include/px4_msgs/px4_msgs/msg/detail/sensor_gnss_relative__rosidl_typesupport_fastrtps_c.h\n'}
[5.862878] (px4_msgs) StdoutLine: {'line': b'-- Up-to-date: /home/pavel/ws_ros2/install/px4_msgs/include/px4_msgs/px4_msgs/msg/detail/follow_target_estimator__rosidl_typesupport_fastrtps_c.h\n'}
[5.862930] (px4_msgs) StdoutLine: {'line': b'-- Up-to-date: /home/pavel/ws_ros2/install/px4_msgs/include/px4_msgs/px4_msgs/msg/detail/magnetometer_bias_estimate__rosidl_typesupport_fastrtps_c.h\n'}
[5.862981] (px4_msgs) StdoutLine: {'line': b'-- Up-to-date: /home/pavel/ws_ros2/install/px4_msgs/include/px4_msgs/px4_msgs/msg/detail/sensor_preflight_mag__rosidl_typesupport_fastrtps_c.h\n'}
[5.863032] (px4_msgs) StdoutLine: {'line': b'-- Up-to-date: /home/pavel/ws_ros2/install/px4_msgs/include/px4_msgs/px4_msgs/msg/detail/hover_thrust_estimate__rosidl_typesupport_fastrtps_c.h\n'}
[5.863083] (px4_msgs) StdoutLine: {'line': b'-- Up-to-date: /home/pavel/ws_ros2/install/px4_msgs/include/px4_msgs/px4_msgs/msg/detail/manual_control_switches__rosidl_typesupport_fastrtps_c.h\n'}
[5.863134] (px4_msgs) StdoutLine: {'line': b'-- Up-to-date: /home/pavel/ws_ros2/install/px4_msgs/include/px4_msgs/px4_msgs/msg/detail/vehicle_control_mode__rosidl_typesupport_fastrtps_c.h\n'}
[5.863185] (px4_msgs) StdoutLine: {'line': b'-- Up-to-date: /home/pavel/ws_ros2/install/px4_msgs/include/px4_msgs/px4_msgs/msg/detail/ping__rosidl_typesupport_fastrtps_c.h\n'}
[5.863236] (px4_msgs) StdoutLine: {'line': b'-- Up-to-date: /home/pavel/ws_ros2/install/px4_msgs/include/px4_msgs/px4_msgs/msg/detail/navigator_mission_item__rosidl_typesupport_fastrtps_c.h\n'}
[5.863287] (px4_msgs) StdoutLine: {'line': b'-- Up-to-date: /home/pavel/ws_ros2/install/px4_msgs/include/px4_msgs/px4_msgs/msg/detail/sensor_correction__rosidl_typesupport_fastrtps_c.h\n'}
[5.863338] (px4_msgs) StdoutLine: {'line': b'-- Up-to-date: /home/pavel/ws_ros2/install/px4_msgs/include/px4_msgs/px4_msgs/msg/detail/debug_key_value__rosidl_typesupport_fastrtps_c.h\n'}
[5.863388] (px4_msgs) StdoutLine: {'line': b'-- Up-to-date: /home/pavel/ws_ros2/install/px4_msgs/include/px4_msgs/px4_msgs/msg/detail/position_controller_status__rosidl_typesupport_fastrtps_c.h\n'}
[5.863439] (px4_msgs) StdoutLine: {'line': b'-- Up-to-date: /home/pavel/ws_ros2/install/px4_msgs/include/px4_msgs/px4_msgs/msg/detail/sensor_optical_flow__rosidl_typesupport_fastrtps_c.h\n'}
[5.863512] (px4_msgs) StdoutLine: {'line': b'-- Up-to-date: /home/pavel/ws_ros2/install/px4_msgs/include/px4_msgs/px4_msgs/msg/detail/manual_control_setpoint__rosidl_typesupport_fastrtps_c.h\n'}
[5.863562] (px4_msgs) StdoutLine: {'line': b'-- Up-to-date: /home/pavel/ws_ros2/install/px4_msgs/include/px4_msgs/px4_msgs/msg/detail/arming_check_request__rosidl_typesupport_fastrtps_c.h\n'}
[5.863742] (px4_msgs) StdoutLine: {'line': b'-- Up-to-date: /home/pavel/ws_ros2/install/px4_msgs/include/px4_msgs/px4_msgs/msg/detail/estimator_aid_source3d__rosidl_typesupport_fastrtps_c.h\n'}
[5.863873] (px4_msgs) StdoutLine: {'line': b'-- Up-to-date: /home/pavel/ws_ros2/install/px4_msgs/include/px4_msgs/px4_msgs/msg/detail/trajectory_setpoint__rosidl_typesupport_fastrtps_c.h\n'}
[5.863974] (px4_msgs) StdoutLine: {'line': b'-- Up-to-date: /home/pavel/ws_ros2/install/px4_msgs/include/px4_msgs/px4_msgs/msg/detail/geofence_status__rosidl_typesupport_fastrtps_c.h\n'}
[5.864061] (px4_msgs) StdoutLine: {'line': b'-- Up-to-date: /home/pavel/ws_ros2/install/px4_msgs/include/px4_msgs/px4_msgs/msg/detail/landing_gear_wheel__rosidl_typesupport_fastrtps_c.h\n'}
[5.864114] (px4_msgs) StdoutLine: {'line': b'-- Up-to-date: /home/pavel/ws_ros2/install/px4_msgs/include/px4_msgs/px4_msgs/msg/detail/trajectory_bezier__rosidl_typesupport_fastrtps_c.h\n'}
[5.864165] (px4_msgs) StdoutLine: {'line': b'-- Up-to-date: /home/pavel/ws_ros2/install/px4_msgs/include/px4_msgs/px4_msgs/msg/detail/health_report__rosidl_typesupport_fastrtps_c.h\n'}
[5.864216] (px4_msgs) StdoutLine: {'line': b'-- Up-to-date: /home/pavel/ws_ros2/install/px4_msgs/include/px4_msgs/px4_msgs/msg/detail/gimbal_device_information__rosidl_typesupport_fastrtps_c.h\n'}
[5.864267] (px4_msgs) StdoutLine: {'line': b'-- Up-to-date: /home/pavel/ws_ros2/install/px4_msgs/include/px4_msgs/px4_msgs/msg/detail/dataman_response__rosidl_typesupport_fastrtps_c.h\n'}
[5.864318] (px4_msgs) StdoutLine: {'line': b'-- Up-to-date: /home/pavel/ws_ros2/install/px4_msgs/include/px4_msgs/px4_msgs/msg/detail/airspeed__rosidl_typesupport_fastrtps_c.h\n'}
[5.864369] (px4_msgs) StdoutLine: {'line': b'-- Up-to-date: /home/pavel/ws_ros2/install/px4_msgs/include/px4_msgs/px4_msgs/msg/detail/power_monitor__rosidl_typesupport_fastrtps_c.h\n'}
[5.864420] (px4_msgs) StdoutLine: {'line': b'-- Up-to-date: /home/pavel/ws_ros2/install/px4_msgs/include/px4_msgs/px4_msgs/msg/detail/debug_value__rosidl_typesupport_fastrtps_c.h\n'}
[5.864471] (px4_msgs) StdoutLine: {'line': b'-- Up-to-date: /home/pavel/ws_ros2/install/px4_msgs/include/px4_msgs/px4_msgs/msg/detail/vehicle_rates_setpoint__rosidl_typesupport_fastrtps_c.h\n'}
[5.864522] (px4_msgs) StdoutLine: {'line': b'-- Up-to-date: /home/pavel/ws_ros2/install/px4_msgs/include/px4_msgs/px4_msgs/msg/detail/parameter_set_value_response__rosidl_typesupport_fastrtps_c.h\n'}
[5.864573] (px4_msgs) StdoutLine: {'line': b'-- Up-to-date: /home/pavel/ws_ros2/install/px4_msgs/include/px4_msgs/px4_msgs/msg/detail/heater_status__rosidl_typesupport_fastrtps_c.h\n'}
[5.864654] (px4_msgs) StdoutLine: {'line': b'-- Up-to-date: /home/pavel/ws_ros2/install/px4_msgs/include/px4_msgs/px4_msgs/msg/detail/vehicle_global_position__rosidl_typesupport_fastrtps_c.h\n'}
[5.864706] (px4_msgs) StdoutLine: {'line': b'-- Up-to-date: /home/pavel/ws_ros2/install/px4_msgs/include/px4_msgs/px4_msgs/msg/detail/gpio_config__rosidl_typesupport_fastrtps_c.h\n'}
[5.864757] (px4_msgs) StdoutLine: {'line': b'-- Up-to-date: /home/pavel/ws_ros2/install/px4_msgs/include/px4_msgs/px4_msgs/msg/detail/sensor_accel__rosidl_typesupport_fastrtps_c.h\n'}
[5.864808] (px4_msgs) StdoutLine: {'line': b'-- Up-to-date: /home/pavel/ws_ros2/install/px4_msgs/include/px4_msgs/px4_msgs/msg/detail/pwm_input__rosidl_typesupport_fastrtps_c.h\n'}
[5.864859] (px4_msgs) StdoutLine: {'line': b'-- Up-to-date: /home/pavel/ws_ros2/install/px4_msgs/include/px4_msgs/px4_msgs/msg/detail/system_power__rosidl_typesupport_fastrtps_c.h\n'}
[5.864910] (px4_msgs) StdoutLine: {'line': b'-- Up-to-date: /home/pavel/ws_ros2/install/px4_msgs/include/px4_msgs/px4_msgs/msg/detail/wheel_encoders__rosidl_typesupport_fastrtps_c.h\n'}
[5.865059] (px4_msgs) StdoutLine: {'line': b'-- Up-to-date: /home/pavel/ws_ros2/install/px4_msgs/include/px4_msgs/px4_msgs/msg/detail/estimator_selector_status__rosidl_typesupport_fastrtps_c.h\n'}
[5.865112] (px4_msgs) StdoutLine: {'line': b'-- Up-to-date: /home/pavel/ws_ros2/install/px4_msgs/include/px4_msgs/px4_msgs/msg/detail/message_format_response__rosidl_typesupport_fastrtps_c.h\n'}
[5.865164] (px4_msgs) StdoutLine: {'line': b'-- Up-to-date: /home/pavel/ws_ros2/install/px4_msgs/include/px4_msgs/px4_msgs/msg/detail/vehicle_imu_status__rosidl_typesupport_fastrtps_c.h\n'}
[5.865215] (px4_msgs) StdoutLine: {'line': b'-- Up-to-date: /home/pavel/ws_ros2/install/px4_msgs/include/px4_msgs/px4_msgs/msg/detail/follow_target__rosidl_typesupport_fastrtps_c.h\n'}
[5.865266] (px4_msgs) StdoutLine: {'line': b'-- Up-to-date: /home/pavel/ws_ros2/install/px4_msgs/include/px4_msgs/px4_msgs/msg/detail/arming_check_reply__rosidl_typesupport_fastrtps_c.h\n'}
[5.865317] (px4_msgs) StdoutLine: {'line': b'-- Up-to-date: /home/pavel/ws_ros2/install/px4_msgs/include/px4_msgs/px4_msgs/msg/detail/parameter_update__rosidl_typesupport_fastrtps_c.h\n'}
[5.865367] (px4_msgs) StdoutLine: {'line': b'-- Up-to-date: /home/pavel/ws_ros2/install/px4_msgs/include/px4_msgs/px4_msgs/msg/detail/px4io_status__rosidl_typesupport_fastrtps_c.h\n'}
[5.865417] (px4_msgs) StdoutLine: {'line': b'-- Up-to-date: /home/pavel/ws_ros2/install/px4_msgs/include/px4_msgs/px4_msgs/msg/detail/vehicle_local_position_setpoint__rosidl_typesupport_fastrtps_c.h\n'}
[5.865468] (px4_msgs) StdoutLine: {'line': b'-- Up-to-date: /home/pavel/ws_ros2/install/px4_msgs/include/px4_msgs/px4_msgs/msg/detail/internal_combustion_engine_status__rosidl_typesupport_fastrtps_c.h\n'}
[5.865519] (px4_msgs) StdoutLine: {'line': b'-- Up-to-date: /home/pavel/ws_ros2/install/px4_msgs/include/px4_msgs/px4_msgs/msg/detail/gimbal_manager_status__rosidl_typesupport_fastrtps_c.h\n'}
[5.865570] (px4_msgs) StdoutLine: {'line': b'-- Up-to-date: /home/pavel/ws_ros2/install/px4_msgs/include/px4_msgs/px4_msgs/msg/detail/estimator_sensor_bias__rosidl_typesupport_fastrtps_c.h\n'}
[5.865948] (px4_msgs) StdoutLine: {'line': b'-- Up-to-date: /home/pavel/ws_ros2/install/px4_msgs/include/px4_msgs/px4_msgs/msg/detail/obstacle_distance__rosidl_typesupport_fastrtps_c.h\n'}
[5.866019] (px4_msgs) StdoutLine: {'line': b'-- Up-to-date: /home/pavel/ws_ros2/install/px4_msgs/include/px4_msgs/px4_msgs/msg/detail/sensor_mag__rosidl_typesupport_fastrtps_c.h\n'}
[5.866076] (px4_msgs) StdoutLine: {'line': b'-- Up-to-date: /home/pavel/ws_ros2/install/px4_msgs/include/px4_msgs/px4_msgs/msg/detail/follow_target_status__rosidl_typesupport_fastrtps_c.h\n'}
[5.866129] (px4_msgs) StdoutLine: {'line': b'-- Up-to-date: /home/pavel/ws_ros2/install/px4_msgs/include/px4_msgs/px4_msgs/msg/detail/estimator_event_flags__rosidl_typesupport_fastrtps_c.h\n'}
[5.866180] (px4_msgs) StdoutLine: {'line': b'-- Up-to-date: /home/pavel/ws_ros2/install/px4_msgs/include/px4_msgs/px4_msgs/msg/detail/cellular_status__rosidl_typesupport_fastrtps_c.h\n'}
[5.866231] (px4_msgs) StdoutLine: {'line': b'-- Up-to-date: /home/pavel/ws_ros2/install/px4_msgs/include/px4_msgs/px4_msgs/msg/detail/mission_result__rosidl_typesupport_fastrtps_c.h\n'}
[5.866281] (px4_msgs) StdoutLine: {'line': b'-- Up-to-date: /home/pavel/ws_ros2/install/px4_msgs/include/px4_msgs/px4_msgs/msg/detail/rtl_time_estimate__rosidl_typesupport_fastrtps_c.h\n'}
[5.866332] (px4_msgs) StdoutLine: {'line': b'-- Up-to-date: /home/pavel/ws_ros2/install/px4_msgs/include/px4_msgs/px4_msgs/msg/detail/vehicle_imu__rosidl_typesupport_fastrtps_c.h\n'}
[5.866382] (px4_msgs) StdoutLine: {'line': b'-- Up-to-date: /home/pavel/ws_ros2/install/px4_msgs/include/px4_msgs/px4_msgs/msg/detail/differential_pressure__rosidl_typesupport_fastrtps_c.h\n'}
[5.866433] (px4_msgs) StdoutLine: {'line': b'-- Up-to-date: /home/pavel/ws_ros2/install/px4_msgs/include/px4_msgs/px4_msgs/msg/detail/parameter_set_value_request__rosidl_typesupport_fastrtps_c.h\n'}
[5.866510] (px4_msgs) StdoutLine: {'line': b'-- Up-to-date: /home/pavel/ws_ros2/install/px4_msgs/include/px4_msgs/px4_msgs/msg/detail/config_overrides__rosidl_typesupport_fastrtps_c.h\n'}
[5.866561] (px4_msgs) StdoutLine: {'line': b'-- Up-to-date: /home/pavel/ws_ros2/install/px4_msgs/include/px4_msgs/px4_msgs/msg/detail/geofence_result__rosidl_typesupport_fastrtps_c.h\n'}
[5.866895] (px4_msgs) StdoutLine: {'line': b'-- Up-to-date: /home/pavel/ws_ros2/install/px4_msgs/include/px4_msgs/px4_msgs/msg/detail/tecs_status__rosidl_typesupport_fastrtps_c.h\n'}
[5.867009] (px4_msgs) StdoutLine: {'line': b'-- Up-to-date: /home/pavel/ws_ros2/install/px4_msgs/include/px4_msgs/px4_msgs/msg/detail/figure_eight_status__rosidl_typesupport_fastrtps_c.h\n'}
[5.867062] (px4_msgs) StdoutLine: {'line': b'-- Up-to-date: /home/pavel/ws_ros2/install/px4_msgs/include/px4_msgs/px4_msgs/msg/detail/adc_report__rosidl_typesupport_fastrtps_c.h\n'}
[5.867113] (px4_msgs) StdoutLine: {'line': b'-- Up-to-date: /home/pavel/ws_ros2/install/px4_msgs/include/px4_msgs/px4_msgs/msg/detail/gpio_request__rosidl_typesupport_fastrtps_c.h\n'}
[5.867165] (px4_msgs) StdoutLine: {'line': b'-- Up-to-date: /home/pavel/ws_ros2/install/px4_msgs/include/px4_msgs/px4_msgs/msg/detail/normalized_unsigned_setpoint__rosidl_typesupport_fastrtps_c.h\n'}
[5.867217] (px4_msgs) StdoutLine: {'line': b'-- Up-to-date: /home/pavel/ws_ros2/install/px4_msgs/include/px4_msgs/px4_msgs/msg/detail/vehicle_local_position__rosidl_typesupport_fastrtps_c.h\n'}
[5.867267] (px4_msgs) StdoutLine: {'line': b'-- Up-to-date: /home/pavel/ws_ros2/install/px4_msgs/include/px4_msgs/px4_msgs/msg/detail/estimator_status_flags__rosidl_typesupport_fastrtps_c.h\n'}
[5.867318] (px4_msgs) StdoutLine: {'line': b'-- Up-to-date: /home/pavel/ws_ros2/install/px4_msgs/include/px4_msgs/px4_msgs/msg/detail/mode_completed__rosidl_typesupport_fastrtps_c.h\n'}
[5.867368] (px4_msgs) StdoutLine: {'line': b'-- Up-to-date: /home/pavel/ws_ros2/install/px4_msgs/include/px4_msgs/px4_msgs/msg/detail/rate_ctrl_status__rosidl_typesupport_fastrtps_c.h\n'}
[5.867417] (px4_msgs) StdoutLine: {'line': b'-- Up-to-date: /home/pavel/ws_ros2/install/px4_msgs/include/px4_msgs/px4_msgs/msg/detail/flight_phase_estimation__rosidl_typesupport_fastrtps_c.h\n'}
[5.867468] (px4_msgs) StdoutLine: {'line': b'-- Up-to-date: /home/pavel/ws_ros2/install/px4_msgs/include/px4_msgs/px4_msgs/msg/rosidl_typesupport_fastrtps_c__visibility_control.h\n'}
[5.867518] (px4_msgs) StdoutLine: {'line': b'-- Up-to-date: /home/pavel/ws_ros2/install/px4_msgs/lib/libpx4_msgs__rosidl_typesupport_fastrtps_c.so\n'}
[5.867568] (px4_msgs) StdoutLine: {'line': b'-- Up-to-date: /home/pavel/ws_ros2/install/px4_msgs/include/px4_msgs/px4_msgs\n'}
[5.867649] (px4_msgs) StdoutLine: {'line': b'-- Up-to-date: /home/pavel/ws_ros2/install/px4_msgs/include/px4_msgs/px4_msgs/srv\n'}
[5.867702] (px4_msgs) StdoutLine: {'line': b'-- Up-to-date: /home/pavel/ws_ros2/install/px4_msgs/include/px4_msgs/px4_msgs/srv/detail\n'}
[5.867751] (px4_msgs) StdoutLine: {'line': b'-- Up-to-date: /home/pavel/ws_ros2/install/px4_msgs/include/px4_msgs/px4_msgs/srv/detail/vehicle_command__traits.hpp\n'}
[5.867801] (px4_msgs) StdoutLine: {'line': b'-- Up-to-date: /home/pavel/ws_ros2/install/px4_msgs/include/px4_msgs/px4_msgs/srv/detail/vehicle_command__builder.hpp\n'}
[5.867968] (px4_msgs) StdoutLine: {'line': b'-- Up-to-date: /home/pavel/ws_ros2/install/px4_msgs/include/px4_msgs/px4_msgs/srv/detail/vehicle_command__type_support.hpp\n'}
[5.868021] (px4_msgs) StdoutLine: {'line': b'-- Up-to-date: /home/pavel/ws_ros2/install/px4_msgs/include/px4_msgs/px4_msgs/srv/detail/vehicle_command__struct.hpp\n'}
[5.868192] (px4_msgs) StdoutLine: {'line': b'-- Up-to-date: /home/pavel/ws_ros2/install/px4_msgs/include/px4_msgs/px4_msgs/srv/vehicle_command.hpp\n'}
[5.868244] (px4_msgs) StdoutLine: {'line': b'-- Up-to-date: /home/pavel/ws_ros2/install/px4_msgs/include/px4_msgs/px4_msgs/msg\n'}
[5.868295] (px4_msgs) StdoutLine: {'line': b'-- Up-to-date: /home/pavel/ws_ros2/install/px4_msgs/include/px4_msgs/px4_msgs/msg/iridiumsbd_status.hpp\n'}
[5.868406] (px4_msgs) StdoutLine: {'line': b'-- Up-to-date: /home/pavel/ws_ros2/install/px4_msgs/include/px4_msgs/px4_msgs/msg/position_controller_status.hpp\n'}
[5.868458] (px4_msgs) StdoutLine: {'line': b'-- Up-to-date: /home/pavel/ws_ros2/install/px4_msgs/include/px4_msgs/px4_msgs/msg/gpio_request.hpp\n'}
[5.868509] (px4_msgs) StdoutLine: {'line': b'-- Up-to-date: /home/pavel/ws_ros2/install/px4_msgs/include/px4_msgs/px4_msgs/msg/actuator_motors.hpp\n'}
[5.868560] (px4_msgs) StdoutLine: {'line': b'-- Up-to-date: /home/pavel/ws_ros2/install/px4_msgs/include/px4_msgs/px4_msgs/msg/vehicle_attitude_setpoint.hpp\n'}
[5.868643] (px4_msgs) StdoutLine: {'line': b'-- Up-to-date: /home/pavel/ws_ros2/install/px4_msgs/include/px4_msgs/px4_msgs/msg/npfg_status.hpp\n'}
[5.868697] (px4_msgs) StdoutLine: {'line': b'-- Up-to-date: /home/pavel/ws_ros2/install/px4_msgs/include/px4_msgs/px4_msgs/msg/mavlink_tunnel.hpp\n'}
[5.868748] (px4_msgs) StdoutLine: {'line': b'-- Up-to-date: /home/pavel/ws_ros2/install/px4_msgs/include/px4_msgs/px4_msgs/msg/landing_gear_wheel.hpp\n'}
[5.868800] (px4_msgs) StdoutLine: {'line': b'-- Up-to-date: /home/pavel/ws_ros2/install/px4_msgs/include/px4_msgs/px4_msgs/msg/gripper.hpp\n'}
[5.868851] (px4_msgs) StdoutLine: {'line': b'-- Up-to-date: /home/pavel/ws_ros2/install/px4_msgs/include/px4_msgs/px4_msgs/msg/wheel_encoders.hpp\n'}
[5.868903] (px4_msgs) StdoutLine: {'line': b'-- Up-to-date: /home/pavel/ws_ros2/install/px4_msgs/include/px4_msgs/px4_msgs/msg/transponder_report.hpp\n'}
[5.868953] (px4_msgs) StdoutLine: {'line': b'-- Up-to-date: /home/pavel/ws_ros2/install/px4_msgs/include/px4_msgs/px4_msgs/msg/estimator_states.hpp\n'}
[5.869003] (px4_msgs) StdoutLine: {'line': b'-- Up-to-date: /home/pavel/ws_ros2/install/px4_msgs/include/px4_msgs/px4_msgs/msg/parameter_set_value_request.hpp\n'}
[5.869054] (px4_msgs) StdoutLine: {'line': b'-- Up-to-date: /home/pavel/ws_ros2/install/px4_msgs/include/px4_msgs/px4_msgs/msg/debug_value.hpp\n'}
[5.869103] (px4_msgs) StdoutLine: {'line': b'-- Up-to-date: /home/pavel/ws_ros2/install/px4_msgs/include/px4_msgs/px4_msgs/msg/vehicle_angular_velocity.hpp\n'}
[5.869174] (px4_msgs) StdoutLine: {'line': b'-- Up-to-date: /home/pavel/ws_ros2/install/px4_msgs/include/px4_msgs/px4_msgs/msg/navigator_mission_item.hpp\n'}
[5.869239] (px4_msgs) StdoutLine: {'line': b'-- Up-to-date: /home/pavel/ws_ros2/install/px4_msgs/include/px4_msgs/px4_msgs/msg/vehicle_global_position.hpp\n'}
[5.869311] (px4_msgs) StdoutLine: {'line': b'-- Up-to-date: /home/pavel/ws_ros2/install/px4_msgs/include/px4_msgs/px4_msgs/msg/sensor_baro.hpp\n'}
[5.869397] (px4_msgs) StdoutLine: {'line': b'-- Up-to-date: /home/pavel/ws_ros2/install/px4_msgs/include/px4_msgs/px4_msgs/msg/sensors_status_imu.hpp\n'}
[5.869480] (px4_msgs) StdoutLine: {'line': b'-- Up-to-date: /home/pavel/ws_ros2/install/px4_msgs/include/px4_msgs/px4_msgs/msg/ulog_stream_ack.hpp\n'}
[5.869562] (px4_msgs) StdoutLine: {'line': b'-- Up-to-date: /home/pavel/ws_ros2/install/px4_msgs/include/px4_msgs/px4_msgs/msg/led_control.hpp\n'}
[5.869882] (px4_msgs) StdoutLine: {'line': b'-- Up-to-date: /home/pavel/ws_ros2/install/px4_msgs/include/px4_msgs/px4_msgs/msg/debug_array.hpp\n'}
[5.869994] (px4_msgs) StdoutLine: {'line': b'-- Up-to-date: /home/pavel/ws_ros2/install/px4_msgs/include/px4_msgs/px4_msgs/msg/gpio_in.hpp\n'}
[5.870078] (px4_msgs) StdoutLine: {'line': b'-- Up-to-date: /home/pavel/ws_ros2/install/px4_msgs/include/px4_msgs/px4_msgs/msg/vehicle_rates_setpoint.hpp\n'}
[5.870160] (px4_msgs) StdoutLine: {'line': b'-- Up-to-date: /home/pavel/ws_ros2/install/px4_msgs/include/px4_msgs/px4_msgs/msg/message_format_request.hpp\n'}
[5.870242] (px4_msgs) StdoutLine: {'line': b'-- Up-to-date: /home/pavel/ws_ros2/install/px4_msgs/include/px4_msgs/px4_msgs/msg/detail\n'}
[5.870326] (px4_msgs) StdoutLine: {'line': b'-- Up-to-date: /home/pavel/ws_ros2/install/px4_msgs/include/px4_msgs/px4_msgs/msg/detail/actuator_outputs__struct.hpp\n'}
[5.870408] (px4_msgs) StdoutLine: {'line': b'-- Up-to-date: /home/pavel/ws_ros2/install/px4_msgs/include/px4_msgs/px4_msgs/msg/detail/velocity_limits__struct.hpp\n'}
[5.870522] (px4_msgs) StdoutLine: {'line': b'-- Up-to-date: /home/pavel/ws_ros2/install/px4_msgs/include/px4_msgs/px4_msgs/msg/detail/failsafe_flags__builder.hpp\n'}
[5.870582] (px4_msgs) StdoutLine: {'line': b'-- Up-to-date: /home/pavel/ws_ros2/install/px4_msgs/include/px4_msgs/px4_msgs/msg/detail/sensor_gnss_relative__struct.hpp\n'}
[5.870675] (px4_msgs) StdoutLine: {'line': b'-- Up-to-date: /home/pavel/ws_ros2/install/px4_msgs/include/px4_msgs/px4_msgs/msg/detail/uavcan_parameter_value__builder.hpp\n'}
[5.870747] (px4_msgs) StdoutLine: {'line': b'-- Up-to-date: /home/pavel/ws_ros2/install/px4_msgs/include/px4_msgs/px4_msgs/msg/detail/trajectory_waypoint__traits.hpp\n'}
[5.870815] (px4_msgs) StdoutLine: {'line': b'-- Up-to-date: /home/pavel/ws_ros2/install/px4_msgs/include/px4_msgs/px4_msgs/msg/detail/power_monitor__struct.hpp\n'}
[5.870987] (px4_msgs) StdoutLine: {'line': b'-- Up-to-date: /home/pavel/ws_ros2/install/px4_msgs/include/px4_msgs/px4_msgs/msg/detail/sensor_gps__struct.hpp\n'}
[5.871129] (px4_msgs) StdoutLine: {'line': b'-- Up-to-date: /home/pavel/ws_ros2/install/px4_msgs/include/px4_msgs/px4_msgs/msg/detail/gpio_config__traits.hpp\n'}
[5.871267] (px4_msgs) StdoutLine: {'line': b'-- Up-to-date: /home/pavel/ws_ros2/install/px4_msgs/include/px4_msgs/px4_msgs/msg/detail/parameter_set_value_response__builder.hpp\n'}
[5.871344] (px4_msgs) StdoutLine: {'line': b'-- Up-to-date: /home/pavel/ws_ros2/install/px4_msgs/include/px4_msgs/px4_msgs/msg/detail/esc_report__builder.hpp\n'}
[5.874150] (px4_msgs) StdoutLine: {'line': b'-- Up-to-date: /home/pavel/ws_ros2/install/px4_msgs/include/px4_msgs/px4_msgs/msg/detail/geofence_result__traits.hpp\n'}
[5.874242] (px4_msgs) StdoutLine: {'line': b'-- Up-to-date: /home/pavel/ws_ros2/install/px4_msgs/include/px4_msgs/px4_msgs/msg/detail/debug_vect__struct.hpp\n'}
[5.874308] (px4_msgs) StdoutLine: {'line': b'-- Up-to-date: /home/pavel/ws_ros2/install/px4_msgs/include/px4_msgs/px4_msgs/msg/detail/orb_test_medium__builder.hpp\n'}
[5.874371] (px4_msgs) StdoutLine: {'line': b'-- Up-to-date: /home/pavel/ws_ros2/install/px4_msgs/include/px4_msgs/px4_msgs/msg/detail/arming_check_request__traits.hpp\n'}
[5.874434] (px4_msgs) StdoutLine: {'line': b'-- Up-to-date: /home/pavel/ws_ros2/install/px4_msgs/include/px4_msgs/px4_msgs/msg/detail/register_ext_component_request__struct.hpp\n'}
[5.874496] (px4_msgs) StdoutLine: {'line': b'-- Up-to-date: /home/pavel/ws_ros2/install/px4_msgs/include/px4_msgs/px4_msgs/msg/detail/navigator_mission_item__struct.hpp\n'}
[5.874557] (px4_msgs) StdoutLine: {'line': b'-- Up-to-date: /home/pavel/ws_ros2/install/px4_msgs/include/px4_msgs/px4_msgs/msg/detail/vehicle_global_position__type_support.hpp\n'}
[5.874631] (px4_msgs) StdoutLine: {'line': b'-- Up-to-date: /home/pavel/ws_ros2/install/px4_msgs/include/px4_msgs/px4_msgs/msg/detail/logger_status__builder.hpp\n'}
[5.874694] (px4_msgs) StdoutLine: {'line': b'-- Up-to-date: /home/pavel/ws_ros2/install/px4_msgs/include/px4_msgs/px4_msgs/msg/detail/position_controller_landing_status__traits.hpp\n'}
[5.874755] (px4_msgs) StdoutLine: {'line': b'-- Up-to-date: /home/pavel/ws_ros2/install/px4_msgs/include/px4_msgs/px4_msgs/msg/detail/arming_check_reply__struct.hpp\n'}
[5.874815] (px4_msgs) StdoutLine: {'line': b'-- Up-to-date: /home/pavel/ws_ros2/install/px4_msgs/include/px4_msgs/px4_msgs/msg/detail/gimbal_manager_set_manual_control__type_support.hpp\n'}
[5.874875] (px4_msgs) StdoutLine: {'line': b'-- Up-to-date: /home/pavel/ws_ros2/install/px4_msgs/include/px4_msgs/px4_msgs/msg/detail/arming_check_reply__type_support.hpp\n'}
[5.874936] (px4_msgs) StdoutLine: {'line': b'-- Up-to-date: /home/pavel/ws_ros2/install/px4_msgs/include/px4_msgs/px4_msgs/msg/detail/input_rc__struct.hpp\n'}
[5.874997] (px4_msgs) StdoutLine: {'line': b'-- Up-to-date: /home/pavel/ws_ros2/install/px4_msgs/include/px4_msgs/px4_msgs/msg/detail/velocity_limits__builder.hpp\n'}
[5.875058] (px4_msgs) StdoutLine: {'line': b'-- Up-to-date: /home/pavel/ws_ros2/install/px4_msgs/include/px4_msgs/px4_msgs/msg/detail/vehicle_roi__builder.hpp\n'}
[5.875124] (px4_msgs) StdoutLine: {'line': b'-- Up-to-date: /home/pavel/ws_ros2/install/px4_msgs/include/px4_msgs/px4_msgs/msg/detail/estimator_aid_source3d__builder.hpp\n'}
[5.875184] (px4_msgs) StdoutLine: {'line': b'-- Up-to-date: /home/pavel/ws_ros2/install/px4_msgs/include/px4_msgs/px4_msgs/msg/detail/irlock_report__struct.hpp\n'}
[5.875245] (px4_msgs) StdoutLine: {'line': b'-- Up-to-date: /home/pavel/ws_ros2/install/px4_msgs/include/px4_msgs/px4_msgs/msg/detail/sensor_gnss_relative__type_support.hpp\n'}
[5.875306] (px4_msgs) StdoutLine: {'line': b'-- Up-to-date: /home/pavel/ws_ros2/install/px4_msgs/include/px4_msgs/px4_msgs/msg/detail/buffer128__builder.hpp\n'}
[5.875366] (px4_msgs) StdoutLine: {'line': b'-- Up-to-date: /home/pavel/ws_ros2/install/px4_msgs/include/px4_msgs/px4_msgs/msg/detail/sensor_preflight_mag__struct.hpp\n'}
[5.875427] (px4_msgs) StdoutLine: {'line': b'-- Up-to-date: /home/pavel/ws_ros2/install/px4_msgs/include/px4_msgs/px4_msgs/msg/detail/vehicle_land_detected__type_support.hpp\n'}
[5.875487] (px4_msgs) StdoutLine: {'line': b'-- Up-to-date: /home/pavel/ws_ros2/install/px4_msgs/include/px4_msgs/px4_msgs/msg/detail/ekf2_timestamps__builder.hpp\n'}
[5.875548] (px4_msgs) StdoutLine: {'line': b'-- Up-to-date: /home/pavel/ws_ros2/install/px4_msgs/include/px4_msgs/px4_msgs/msg/detail/sensor_airflow__struct.hpp\n'}
[5.875619] (px4_msgs) StdoutLine: {'line': b'-- Up-to-date: /home/pavel/ws_ros2/install/px4_msgs/include/px4_msgs/px4_msgs/msg/detail/sensors_status__struct.hpp\n'}
[5.875682] (px4_msgs) StdoutLine: {'line': b'-- Up-to-date: /home/pavel/ws_ros2/install/px4_msgs/include/px4_msgs/px4_msgs/msg/detail/qshell_req__traits.hpp\n'}
[5.875743] (px4_msgs) StdoutLine: {'line': b'-- Up-to-date: /home/pavel/ws_ros2/install/px4_msgs/include/px4_msgs/px4_msgs/msg/detail/yaw_estimator_status__struct.hpp\n'}
[5.875806] (px4_msgs) StdoutLine: {'line': b'-- Up-to-date: /home/pavel/ws_ros2/install/px4_msgs/include/px4_msgs/px4_msgs/msg/detail/follow_target_estimator__type_support.hpp\n'}
[5.875867] (px4_msgs) StdoutLine: {'line': b'-- Up-to-date: /home/pavel/ws_ros2/install/px4_msgs/include/px4_msgs/px4_msgs/msg/detail/iridiumsbd_status__type_support.hpp\n'}
[5.875927] (px4_msgs) StdoutLine: {'line': b'-- Up-to-date: /home/pavel/ws_ros2/install/px4_msgs/include/px4_msgs/px4_msgs/msg/detail/sensor_gyro__type_support.hpp\n'}
[5.875987] (px4_msgs) StdoutLine: {'line': b'-- Up-to-date: /home/pavel/ws_ros2/install/px4_msgs/include/px4_msgs/px4_msgs/msg/detail/tecs_status__type_support.hpp\n'}
[5.876047] (px4_msgs) StdoutLine: {'line': b'-- Up-to-date: /home/pavel/ws_ros2/install/px4_msgs/include/px4_msgs/px4_msgs/msg/detail/gimbal_manager_set_attitude__struct.hpp\n'}
[5.876107] (px4_msgs) StdoutLine: {'line': b'-- Up-to-date: /home/pavel/ws_ros2/install/px4_msgs/include/px4_msgs/px4_msgs/msg/detail/wheel_encoders__type_support.hpp\n'}
[5.876167] (px4_msgs) StdoutLine: {'line': b'-- Up-to-date: /home/pavel/ws_ros2/install/px4_msgs/include/px4_msgs/px4_msgs/msg/detail/estimator_sensor_bias__type_support.hpp\n'}
[5.876233] (px4_msgs) StdoutLine: {'line': b'-- Up-to-date: /home/pavel/ws_ros2/install/px4_msgs/include/px4_msgs/px4_msgs/msg/detail/vehicle_optical_flow_vel__struct.hpp\n'}
[5.876294] (px4_msgs) StdoutLine: {'line': b'-- Up-to-date: /home/pavel/ws_ros2/install/px4_msgs/include/px4_msgs/px4_msgs/msg/detail/sensor_gps__traits.hpp\n'}
[5.876354] (px4_msgs) StdoutLine: {'line': b'-- Up-to-date: /home/pavel/ws_ros2/install/px4_msgs/include/px4_msgs/px4_msgs/msg/detail/sensor_accel_fifo__builder.hpp\n'}
[5.876415] (px4_msgs) StdoutLine: {'line': b'-- Up-to-date: /home/pavel/ws_ros2/install/px4_msgs/include/px4_msgs/px4_msgs/msg/detail/dataman_response__builder.hpp\n'}
[5.876475] (px4_msgs) StdoutLine: {'line': b'-- Up-to-date: /home/pavel/ws_ros2/install/px4_msgs/include/px4_msgs/px4_msgs/msg/detail/estimator_aid_source1d__type_support.hpp\n'}
[5.876535] (px4_msgs) StdoutLine: {'line': b'-- Up-to-date: /home/pavel/ws_ros2/install/px4_msgs/include/px4_msgs/px4_msgs/msg/detail/position_setpoint_triplet__type_support.hpp\n'}
[5.876608] (px4_msgs) StdoutLine: {'line': b'-- Up-to-date: /home/pavel/ws_ros2/install/px4_msgs/include/px4_msgs/px4_msgs/msg/detail/vehicle_trajectory_bezier__traits.hpp\n'}
[5.876674] (px4_msgs) StdoutLine: {'line': b'-- Up-to-date: /home/pavel/ws_ros2/install/px4_msgs/include/px4_msgs/px4_msgs/msg/detail/flight_phase_estimation__builder.hpp\n'}
[5.876735] (px4_msgs) StdoutLine: {'line': b'-- Up-to-date: /home/pavel/ws_ros2/install/px4_msgs/include/px4_msgs/px4_msgs/msg/detail/estimator_aid_source2d__struct.hpp\n'}
[5.876796] (px4_msgs) StdoutLine: {'line': b'-- Up-to-date: /home/pavel/ws_ros2/install/px4_msgs/include/px4_msgs/px4_msgs/msg/detail/navigator_mission_item__traits.hpp\n'}
[5.876856] (px4_msgs) StdoutLine: {'line': b'-- Up-to-date: /home/pavel/ws_ros2/install/px4_msgs/include/px4_msgs/px4_msgs/msg/detail/estimator_gps_status__builder.hpp\n'}
[5.876917] (px4_msgs) StdoutLine: {'line': b'-- Up-to-date: /home/pavel/ws_ros2/install/px4_msgs/include/px4_msgs/px4_msgs/msg/detail/debug_value__type_support.hpp\n'}
[5.876977] (px4_msgs) StdoutLine: {'line': b'-- Up-to-date: /home/pavel/ws_ros2/install/px4_msgs/include/px4_msgs/px4_msgs/msg/detail/vehicle_torque_setpoint__builder.hpp\n'}
[5.877037] (px4_msgs) StdoutLine: {'line': b'-- Up-to-date: /home/pavel/ws_ros2/install/px4_msgs/include/px4_msgs/px4_msgs/msg/detail/offboard_control_mode__builder.hpp\n'}
[5.877098] (px4_msgs) StdoutLine: {'line': b'-- Up-to-date: /home/pavel/ws_ros2/install/px4_msgs/include/px4_msgs/px4_msgs/msg/detail/gimbal_manager_status__builder.hpp\n'}
[5.877158] (px4_msgs) StdoutLine: {'line': b'-- Up-to-date: /home/pavel/ws_ros2/install/px4_msgs/include/px4_msgs/px4_msgs/msg/detail/parameter_set_value_request__type_support.hpp\n'}
[5.877218] (px4_msgs) StdoutLine: {'line': b'-- Up-to-date: /home/pavel/ws_ros2/install/px4_msgs/include/px4_msgs/px4_msgs/msg/detail/estimator_gps_status__type_support.hpp\n'}
[5.877278] (px4_msgs) StdoutLine: {'line': b'-- Up-to-date: /home/pavel/ws_ros2/install/px4_msgs/include/px4_msgs/px4_msgs/msg/detail/camera_capture__builder.hpp\n'}
[5.877337] (px4_msgs) StdoutLine: {'line': b'-- Up-to-date: /home/pavel/ws_ros2/install/px4_msgs/include/px4_msgs/px4_msgs/msg/detail/manual_control_setpoint__struct.hpp\n'}
[5.877396] (px4_msgs) StdoutLine: {'line': b'-- Up-to-date: /home/pavel/ws_ros2/install/px4_msgs/include/px4_msgs/px4_msgs/msg/detail/vehicle_magnetometer__struct.hpp\n'}
[5.877456] (px4_msgs) StdoutLine: {'line': b'-- Up-to-date: /home/pavel/ws_ros2/install/px4_msgs/include/px4_msgs/px4_msgs/msg/detail/actuator_motors__type_support.hpp\n'}
[5.877516] (px4_msgs) StdoutLine: {'line': b'-- Up-to-date: /home/pavel/ws_ros2/install/px4_msgs/include/px4_msgs/px4_msgs/msg/detail/radio_status__type_support.hpp\n'}
[5.877580] (px4_msgs) StdoutLine: {'line': b'-- Up-to-date: /home/pavel/ws_ros2/install/px4_msgs/include/px4_msgs/px4_msgs/msg/detail/ping__traits.hpp\n'}
[5.877648] (px4_msgs) StdoutLine: {'line': b'-- Up-to-date: /home/pavel/ws_ros2/install/px4_msgs/include/px4_msgs/px4_msgs/msg/detail/system_power__type_support.hpp\n'}
[5.877715] (px4_msgs) StdoutLine: {'line': b'-- Up-to-date: /home/pavel/ws_ros2/install/px4_msgs/include/px4_msgs/px4_msgs/msg/detail/parameter_set_value_request__struct.hpp\n'}
[5.877776] (px4_msgs) StdoutLine: {'line': b'-- Up-to-date: /home/pavel/ws_ros2/install/px4_msgs/include/px4_msgs/px4_msgs/msg/detail/sensor_optical_flow__struct.hpp\n'}
[5.877836] (px4_msgs) StdoutLine: {'line': b'-- Up-to-date: /home/pavel/ws_ros2/install/px4_msgs/include/px4_msgs/px4_msgs/msg/detail/vehicle_attitude_setpoint__struct.hpp\n'}
[5.877897] (px4_msgs) StdoutLine: {'line': b'-- Up-to-date: /home/pavel/ws_ros2/install/px4_msgs/include/px4_msgs/px4_msgs/msg/detail/camera_capture__traits.hpp\n'}
[5.877957] (px4_msgs) StdoutLine: {'line': b'-- Up-to-date: /home/pavel/ws_ros2/install/px4_msgs/include/px4_msgs/px4_msgs/msg/detail/vehicle_torque_setpoint__traits.hpp\n'}
[5.878017] (px4_msgs) StdoutLine: {'line': b'-- Up-to-date: /home/pavel/ws_ros2/install/px4_msgs/include/px4_msgs/px4_msgs/msg/detail/gpio_in__struct.hpp\n'}
[5.878080] (px4_msgs) StdoutLine: {'line': b'-- Up-to-date: /home/pavel/ws_ros2/install/px4_msgs/include/px4_msgs/px4_msgs/msg/detail/mission_result__traits.hpp\n'}
[5.878140] (px4_msgs) StdoutLine: {'line': b'-- Up-to-date: /home/pavel/ws_ros2/install/px4_msgs/include/px4_msgs/px4_msgs/msg/detail/tiltrotor_extra_controls__builder.hpp\n'}
[5.878199] (px4_msgs) StdoutLine: {'line': b'-- Up-to-date: /home/pavel/ws_ros2/install/px4_msgs/include/px4_msgs/px4_msgs/msg/detail/mavlink_log__struct.hpp\n'}
[5.878259] (px4_msgs) StdoutLine: {'line': b'-- Up-to-date: /home/pavel/ws_ros2/install/px4_msgs/include/px4_msgs/px4_msgs/msg/detail/register_ext_component_reply__builder.hpp\n'}
[5.878326] (px4_msgs) StdoutLine: {'line': b'-- Up-to-date: /home/pavel/ws_ros2/install/px4_msgs/include/px4_msgs/px4_msgs/msg/detail/fuel_tank_status__type_support.hpp\n'}
[5.878386] (px4_msgs) StdoutLine: {'line': b'-- Up-to-date: /home/pavel/ws_ros2/install/px4_msgs/include/px4_msgs/px4_msgs/msg/detail/actuator_motors__struct.hpp\n'}
[5.878446] (px4_msgs) StdoutLine: {'line': b'-- Up-to-date: /home/pavel/ws_ros2/install/px4_msgs/include/px4_msgs/px4_msgs/msg/detail/gimbal_manager_status__traits.hpp\n'}
[5.878506] (px4_msgs) StdoutLine: {'line': b'-- Up-to-date: /home/pavel/ws_ros2/install/px4_msgs/include/px4_msgs/px4_msgs/msg/detail/vehicle_local_position__traits.hpp\n'}
[5.878566] (px4_msgs) StdoutLine: {'line': b'-- Up-to-date: /home/pavel/ws_ros2/install/px4_msgs/include/px4_msgs/px4_msgs/msg/detail/pps_capture__struct.hpp\n'}
[5.878683] (px4_msgs) StdoutLine: {'line': b'-- Up-to-date: /home/pavel/ws_ros2/install/px4_msgs/include/px4_msgs/px4_msgs/msg/detail/arming_check_reply__builder.hpp\n'}
[5.878759] (px4_msgs) StdoutLine: {'line': b'-- Up-to-date: /home/pavel/ws_ros2/install/px4_msgs/include/px4_msgs/px4_msgs/msg/detail/generator_status__type_support.hpp\n'}
[5.878873] (px4_msgs) StdoutLine: {'line': b'-- Up-to-date: /home/pavel/ws_ros2/install/px4_msgs/include/px4_msgs/px4_msgs/msg/detail/actuator_armed__traits.hpp\n'}
[5.878986] (px4_msgs) StdoutLine: {'line': b'-- Up-to-date: /home/pavel/ws_ros2/install/px4_msgs/include/px4_msgs/px4_msgs/msg/detail/gripper__type_support.hpp\n'}
[5.879099] (px4_msgs) StdoutLine: {'line': b'-- Up-to-date: /home/pavel/ws_ros2/install/px4_msgs/include/px4_msgs/px4_msgs/msg/detail/pps_capture__builder.hpp\n'}
[5.879200] (px4_msgs) StdoutLine: {'line': b'-- Up-to-date: /home/pavel/ws_ros2/install/px4_msgs/include/px4_msgs/px4_msgs/msg/detail/sensors_status_imu__struct.hpp\n'}
[5.879323] (px4_msgs) StdoutLine: {'line': b'-- Up-to-date: /home/pavel/ws_ros2/install/px4_msgs/include/px4_msgs/px4_msgs/msg/detail/rtl_status__builder.hpp\n'}
[5.879476] (px4_msgs) StdoutLine: {'line': b'-- Up-to-date: /home/pavel/ws_ros2/install/px4_msgs/include/px4_msgs/px4_msgs/msg/detail/logger_status__struct.hpp\n'}
[5.879550] (px4_msgs) StdoutLine: {'line': b'-- Up-to-date: /home/pavel/ws_ros2/install/px4_msgs/include/px4_msgs/px4_msgs/msg/detail/irlock_report__builder.hpp\n'}
[5.879640] (px4_msgs) StdoutLine: {'line': b'-- Up-to-date: /home/pavel/ws_ros2/install/px4_msgs/include/px4_msgs/px4_msgs/msg/detail/vehicle_thrust_setpoint__traits.hpp\n'}
[5.879709] (px4_msgs) StdoutLine: {'line': b'-- Up-to-date: /home/pavel/ws_ros2/install/px4_msgs/include/px4_msgs/px4_msgs/msg/detail/parameter_set_value_response__traits.hpp\n'}
[5.879805] (px4_msgs) StdoutLine: {'line': b'-- Up-to-date: /home/pavel/ws_ros2/install/px4_msgs/include/px4_msgs/px4_msgs/msg/detail/message_format_response__type_support.hpp\n'}
[5.879874] (px4_msgs) StdoutLine: {'line': b'-- Up-to-date: /home/pavel/ws_ros2/install/px4_msgs/include/px4_msgs/px4_msgs/msg/detail/debug_key_value__struct.hpp\n'}
[5.879961] (px4_msgs) StdoutLine: {'line': b'-- Up-to-date: /home/pavel/ws_ros2/install/px4_msgs/include/px4_msgs/px4_msgs/msg/detail/airspeed_wind__type_support.hpp\n'}
[5.880070] (px4_msgs) StdoutLine: {'line': b'-- Up-to-date: /home/pavel/ws_ros2/install/px4_msgs/include/px4_msgs/px4_msgs/msg/detail/vehicle_angular_velocity__builder.hpp\n'}
[5.880183] (px4_msgs) StdoutLine: {'line': b'-- Up-to-date: /home/pavel/ws_ros2/install/px4_msgs/include/px4_msgs/px4_msgs/msg/detail/radio_status__builder.hpp\n'}
[5.880309] (px4_msgs) StdoutLine: {'line': b'-- Up-to-date: /home/pavel/ws_ros2/install/px4_msgs/include/px4_msgs/px4_msgs/msg/detail/position_setpoint_triplet__struct.hpp\n'}
[5.880410] (px4_msgs) StdoutLine: {'line': b'-- Up-to-date: /home/pavel/ws_ros2/install/px4_msgs/include/px4_msgs/px4_msgs/msg/detail/sensor_gnss_relative__builder.hpp\n'}
[5.880529] (px4_msgs) StdoutLine: {'line': b'-- Up-to-date: /home/pavel/ws_ros2/install/px4_msgs/include/px4_msgs/px4_msgs/msg/detail/ulog_stream__builder.hpp\n'}
[5.880659] (px4_msgs) StdoutLine: {'line': b'-- Up-to-date: /home/pavel/ws_ros2/install/px4_msgs/include/px4_msgs/px4_msgs/msg/detail/trajectory_bezier__struct.hpp\n'}
[5.880773] (px4_msgs) StdoutLine: {'line': b'-- Up-to-date: /home/pavel/ws_ros2/install/px4_msgs/include/px4_msgs/px4_msgs/msg/detail/gimbal_manager_status__struct.hpp\n'}
[5.880892] (px4_msgs) StdoutLine: {'line': b'-- Up-to-date: /home/pavel/ws_ros2/install/px4_msgs/include/px4_msgs/px4_msgs/msg/detail/register_ext_component_reply__type_support.hpp\n'}
[5.881005] (px4_msgs) StdoutLine: {'line': b'-- Up-to-date: /home/pavel/ws_ros2/install/px4_msgs/include/px4_msgs/px4_msgs/msg/detail/vehicle_local_position__struct.hpp\n'}
[5.881116] (px4_msgs) StdoutLine: {'line': b'-- Up-to-date: /home/pavel/ws_ros2/install/px4_msgs/include/px4_msgs/px4_msgs/msg/detail/tune_control__builder.hpp\n'}
[5.881213] (px4_msgs) StdoutLine: {'line': b'-- Up-to-date: /home/pavel/ws_ros2/install/px4_msgs/include/px4_msgs/px4_msgs/msg/detail/dataman_response__struct.hpp\n'}
[5.881335] (px4_msgs) StdoutLine: {'line': b'-- Up-to-date: /home/pavel/ws_ros2/install/px4_msgs/include/px4_msgs/px4_msgs/msg/detail/sensors_status__type_support.hpp\n'}
[5.881455] (px4_msgs) StdoutLine: {'line': b'-- Up-to-date: /home/pavel/ws_ros2/install/px4_msgs/include/px4_msgs/px4_msgs/msg/detail/rtl_status__struct.hpp\n'}
[5.881574] (px4_msgs) StdoutLine: {'line': b'-- Up-to-date: /home/pavel/ws_ros2/install/px4_msgs/include/px4_msgs/px4_msgs/msg/detail/gpio_request__struct.hpp\n'}
[5.881752] (px4_msgs) StdoutLine: {'line': b'-- Up-to-date: /home/pavel/ws_ros2/install/px4_msgs/include/px4_msgs/px4_msgs/msg/detail/unregister_ext_component__traits.hpp\n'}
[5.881880] (px4_msgs) StdoutLine: {'line': b'-- Up-to-date: /home/pavel/ws_ros2/install/px4_msgs/include/px4_msgs/px4_msgs/msg/detail/gps_dump__traits.hpp\n'}
[5.881997] (px4_msgs) StdoutLine: {'line': b'-- Up-to-date: /home/pavel/ws_ros2/install/px4_msgs/include/px4_msgs/px4_msgs/msg/detail/mavlink_tunnel__struct.hpp\n'}
[5.882117] (px4_msgs) StdoutLine: {'line': b'-- Up-to-date: /home/pavel/ws_ros2/install/px4_msgs/include/px4_msgs/px4_msgs/msg/detail/task_stack_info__builder.hpp\n'}
[5.882236] (px4_msgs) StdoutLine: {'line': b'-- Up-to-date: /home/pavel/ws_ros2/install/px4_msgs/include/px4_msgs/px4_msgs/msg/detail/system_power__traits.hpp\n'}
[5.882354] (px4_msgs) StdoutLine: {'line': b'-- Up-to-date: /home/pavel/ws_ros2/install/px4_msgs/include/px4_msgs/px4_msgs/msg/detail/trajectory_setpoint__builder.hpp\n'}
[5.882473] (px4_msgs) StdoutLine: {'line': b'-- Up-to-date: /home/pavel/ws_ros2/install/px4_msgs/include/px4_msgs/px4_msgs/msg/detail/sensor_gps__builder.hpp\n'}
[5.882595] (px4_msgs) StdoutLine: {'line': b'-- Up-to-date: /home/pavel/ws_ros2/install/px4_msgs/include/px4_msgs/px4_msgs/msg/detail/estimator_status__struct.hpp\n'}
[5.882722] (px4_msgs) StdoutLine: {'line': b'-- Up-to-date: /home/pavel/ws_ros2/install/px4_msgs/include/px4_msgs/px4_msgs/msg/detail/estimator_status_flags__traits.hpp\n'}
[5.882839] (px4_msgs) StdoutLine: {'line': b'-- Up-to-date: /home/pavel/ws_ros2/install/px4_msgs/include/px4_msgs/px4_msgs/msg/detail/estimator_innovations__struct.hpp\n'}
[5.882955] (px4_msgs) StdoutLine: {'line': b'-- Up-to-date: /home/pavel/ws_ros2/install/px4_msgs/include/px4_msgs/px4_msgs/msg/detail/parameter_update__builder.hpp\n'}
[5.883072] (px4_msgs) StdoutLine: {'line': b'-- Up-to-date: /home/pavel/ws_ros2/install/px4_msgs/include/px4_msgs/px4_msgs/msg/detail/gimbal_manager_information__builder.hpp\n'}
[5.883197] (px4_msgs) StdoutLine: {'line': b'-- Up-to-date: /home/pavel/ws_ros2/install/px4_msgs/include/px4_msgs/px4_msgs/msg/detail/estimator_innovations__traits.hpp\n'}
[5.883315] (px4_msgs) StdoutLine: {'line': b'-- Up-to-date: /home/pavel/ws_ros2/install/px4_msgs/include/px4_msgs/px4_msgs/msg/detail/esc_report__struct.hpp\n'}
[5.883432] (px4_msgs) StdoutLine: {'line': b'-- Up-to-date: /home/pavel/ws_ros2/install/px4_msgs/include/px4_msgs/px4_msgs/msg/detail/camera_trigger__builder.hpp\n'}
[5.883548] (px4_msgs) StdoutLine: {'line': b'-- Up-to-date: /home/pavel/ws_ros2/install/px4_msgs/include/px4_msgs/px4_msgs/msg/detail/estimator_bias__traits.hpp\n'}
[5.883861] (px4_msgs) StdoutLine: {'line': b'-- Up-to-date: /home/pavel/ws_ros2/install/px4_msgs/include/px4_msgs/px4_msgs/msg/detail/hover_thrust_estimate__type_support.hpp\n'}
[5.883929] (px4_msgs) StdoutLine: {'line': b'-- Up-to-date: /home/pavel/ws_ros2/install/px4_msgs/include/px4_msgs/px4_msgs/msg/detail/collision_report__builder.hpp\n'}
[5.883991] (px4_msgs) StdoutLine: {'line': b'-- Up-to-date: /home/pavel/ws_ros2/install/px4_msgs/include/px4_msgs/px4_msgs/msg/detail/gpio_out__struct.hpp\n'}
[5.884052] (px4_msgs) StdoutLine: {'line': b'-- Up-to-date: /home/pavel/ws_ros2/install/px4_msgs/include/px4_msgs/px4_msgs/msg/detail/gpio_config__type_support.hpp\n'}
[5.884117] (px4_msgs) StdoutLine: {'line': b'-- Up-to-date: /home/pavel/ws_ros2/install/px4_msgs/include/px4_msgs/px4_msgs/msg/detail/estimator_status_flags__type_support.hpp\n'}
[5.884178] (px4_msgs) StdoutLine: {'line': b'-- Up-to-date: /home/pavel/ws_ros2/install/px4_msgs/include/px4_msgs/px4_msgs/msg/detail/vehicle_local_position_setpoint__type_support.hpp\n'}
[5.884238] (px4_msgs) StdoutLine: {'line': b'-- Up-to-date: /home/pavel/ws_ros2/install/px4_msgs/include/px4_msgs/px4_msgs/msg/detail/vehicle_thrust_setpoint__struct.hpp\n'}
[5.884299] (px4_msgs) StdoutLine: {'line': b'-- Up-to-date: /home/pavel/ws_ros2/install/px4_msgs/include/px4_msgs/px4_msgs/msg/detail/rpm__builder.hpp\n'}
[5.884359] (px4_msgs) StdoutLine: {'line': b'-- Up-to-date: /home/pavel/ws_ros2/install/px4_msgs/include/px4_msgs/px4_msgs/msg/detail/landing_target_innovations__type_support.hpp\n'}
[5.884419] (px4_msgs) StdoutLine: {'line': b'-- Up-to-date: /home/pavel/ws_ros2/install/px4_msgs/include/px4_msgs/px4_msgs/msg/detail/position_setpoint__traits.hpp\n'}
[5.884479] (px4_msgs) StdoutLine: {'line': b'-- Up-to-date: /home/pavel/ws_ros2/install/px4_msgs/include/px4_msgs/px4_msgs/msg/detail/wheel_encoders__builder.hpp\n'}
[5.884539] (px4_msgs) StdoutLine: {'line': b'-- Up-to-date: /home/pavel/ws_ros2/install/px4_msgs/include/px4_msgs/px4_msgs/msg/detail/differential_pressure__builder.hpp\n'}
[5.884612] (px4_msgs) StdoutLine: {'line': b'-- Up-to-date: /home/pavel/ws_ros2/install/px4_msgs/include/px4_msgs/px4_msgs/msg/detail/sensor_hygrometer__struct.hpp\n'}
[5.884685] (px4_msgs) StdoutLine: {'line': b'-- Up-to-date: /home/pavel/ws_ros2/install/px4_msgs/include/px4_msgs/px4_msgs/msg/detail/sensor_hygrometer__builder.hpp\n'}
[5.884746] (px4_msgs) StdoutLine: {'line': b'-- Up-to-date: /home/pavel/ws_ros2/install/px4_msgs/include/px4_msgs/px4_msgs/msg/detail/estimator_bias3d__traits.hpp\n'}
[5.884806] (px4_msgs) StdoutLine: {'line': b'-- Up-to-date: /home/pavel/ws_ros2/install/px4_msgs/include/px4_msgs/px4_msgs/msg/detail/ulog_stream_ack__struct.hpp\n'}
[5.884867] (px4_msgs) StdoutLine: {'line': b'-- Up-to-date: /home/pavel/ws_ros2/install/px4_msgs/include/px4_msgs/px4_msgs/msg/detail/actuator_servos__builder.hpp\n'}
[5.884927] (px4_msgs) StdoutLine: {'line': b'-- Up-to-date: /home/pavel/ws_ros2/install/px4_msgs/include/px4_msgs/px4_msgs/msg/detail/parameter_set_used_request__struct.hpp\n'}
[5.884987] (px4_msgs) StdoutLine: {'line': b'-- Up-to-date: /home/pavel/ws_ros2/install/px4_msgs/include/px4_msgs/px4_msgs/msg/detail/offboard_control_mode__type_support.hpp\n'}
[5.885055] (px4_msgs) StdoutLine: {'line': b'-- Up-to-date: /home/pavel/ws_ros2/install/px4_msgs/include/px4_msgs/px4_msgs/msg/detail/timesync_status__builder.hpp\n'}
[5.885119] (px4_msgs) StdoutLine: {'line': b'-- Up-to-date: /home/pavel/ws_ros2/install/px4_msgs/include/px4_msgs/px4_msgs/msg/detail/gimbal_device_set_attitude__type_support.hpp\n'}
[5.885180] (px4_msgs) StdoutLine: {'line': b'-- Up-to-date: /home/pavel/ws_ros2/install/px4_msgs/include/px4_msgs/px4_msgs/msg/detail/gimbal_device_set_attitude__builder.hpp\n'}
[5.885240] (px4_msgs) StdoutLine: {'line': b'-- Up-to-date: /home/pavel/ws_ros2/install/px4_msgs/include/px4_msgs/px4_msgs/msg/detail/battery_status__builder.hpp\n'}
[5.885300] (px4_msgs) StdoutLine: {'line': b'-- Up-to-date: /home/pavel/ws_ros2/install/px4_msgs/include/px4_msgs/px4_msgs/msg/detail/camera_status__struct.hpp\n'}
[5.885360] (px4_msgs) StdoutLine: {'line': b'-- Up-to-date: /home/pavel/ws_ros2/install/px4_msgs/include/px4_msgs/px4_msgs/msg/detail/orb_test_large__traits.hpp\n'}
[5.885420] (px4_msgs) StdoutLine: {'line': b'-- Up-to-date: /home/pavel/ws_ros2/install/px4_msgs/include/px4_msgs/px4_msgs/msg/detail/airspeed_validated__type_support.hpp\n'}
[5.885479] (px4_msgs) StdoutLine: {'line': b'-- Up-to-date: /home/pavel/ws_ros2/install/px4_msgs/include/px4_msgs/px4_msgs/msg/detail/sensor_uwb__struct.hpp\n'}
[5.885539] (px4_msgs) StdoutLine: {'line': b'-- Up-to-date: /home/pavel/ws_ros2/install/px4_msgs/include/px4_msgs/px4_msgs/msg/detail/vehicle_imu_status__builder.hpp\n'}
[5.885606] (px4_msgs) StdoutLine: {'line': b'-- Up-to-date: /home/pavel/ws_ros2/install/px4_msgs/include/px4_msgs/px4_msgs/msg/detail/actuator_controls_status__traits.hpp\n'}
[5.885671] (px4_msgs) StdoutLine: {'line': b'-- Up-to-date: /home/pavel/ws_ros2/install/px4_msgs/include/px4_msgs/px4_msgs/msg/detail/npfg_status__builder.hpp\n'}
[5.885731] (px4_msgs) StdoutLine: {'line': b'-- Up-to-date: /home/pavel/ws_ros2/install/px4_msgs/include/px4_msgs/px4_msgs/msg/detail/vehicle_imu__struct.hpp\n'}
[5.885790] (px4_msgs) StdoutLine: {'line': b'-- Up-to-date: /home/pavel/ws_ros2/install/px4_msgs/include/px4_msgs/px4_msgs/msg/detail/vehicle_imu_status__type_support.hpp\n'}
[5.885849] (px4_msgs) StdoutLine: {'line': b'-- Up-to-date: /home/pavel/ws_ros2/install/px4_msgs/include/px4_msgs/px4_msgs/msg/detail/control_allocator_status__builder.hpp\n'}
[5.885908] (px4_msgs) StdoutLine: {'line': b'-- Up-to-date: /home/pavel/ws_ros2/install/px4_msgs/include/px4_msgs/px4_msgs/msg/detail/offboard_control_mode__struct.hpp\n'}
[5.885968] (px4_msgs) StdoutLine: {'line': b'-- Up-to-date: /home/pavel/ws_ros2/install/px4_msgs/include/px4_msgs/px4_msgs/msg/detail/uavcan_parameter_request__struct.hpp\n'}
[5.886028] (px4_msgs) StdoutLine: {'line': b'-- Up-to-date: /home/pavel/ws_ros2/install/px4_msgs/include/px4_msgs/px4_msgs/msg/detail/failure_detector_status__traits.hpp\n'}
[5.886091] (px4_msgs) StdoutLine: {'line': b'-- Up-to-date: /home/pavel/ws_ros2/install/px4_msgs/include/px4_msgs/px4_msgs/msg/detail/camera_trigger__struct.hpp\n'}
[5.886151] (px4_msgs) StdoutLine: {'line': b'-- Up-to-date: /home/pavel/ws_ros2/install/px4_msgs/include/px4_msgs/px4_msgs/msg/detail/takeoff_status__type_support.hpp\n'}
[5.886211] (px4_msgs) StdoutLine: {'line': b'-- Up-to-date: /home/pavel/ws_ros2/install/px4_msgs/include/px4_msgs/px4_msgs/msg/detail/radio_status__traits.hpp\n'}
[5.886270] (px4_msgs) StdoutLine: {'line': b'-- Up-to-date: /home/pavel/ws_ros2/install/px4_msgs/include/px4_msgs/px4_msgs/msg/detail/dataman_request__builder.hpp\n'}
[5.886330] (px4_msgs) StdoutLine: {'line': b'-- Up-to-date: /home/pavel/ws_ros2/install/px4_msgs/include/px4_msgs/px4_msgs/msg/detail/mount_orientation__type_support.hpp\n'}
[5.886390] (px4_msgs) StdoutLine: {'line': b'-- Up-to-date: /home/pavel/ws_ros2/install/px4_msgs/include/px4_msgs/px4_msgs/msg/detail/satellite_info__type_support.hpp\n'}
[5.886450] (px4_msgs) StdoutLine: {'line': b'-- Up-to-date: /home/pavel/ws_ros2/install/px4_msgs/include/px4_msgs/px4_msgs/msg/detail/vehicle_trajectory_bezier__struct.hpp\n'}
[5.886509] (px4_msgs) StdoutLine: {'line': b'-- Up-to-date: /home/pavel/ws_ros2/install/px4_msgs/include/px4_msgs/px4_msgs/msg/detail/parameter_reset_request__type_support.hpp\n'}
[5.886580] (px4_msgs) StdoutLine: {'line': b'-- Up-to-date: /home/pavel/ws_ros2/install/px4_msgs/include/px4_msgs/px4_msgs/msg/detail/rover_ackermann_guidance_status__traits.hpp\n'}
[5.886824] (px4_msgs) StdoutLine: {'line': b'-- Up-to-date: /home/pavel/ws_ros2/install/px4_msgs/include/px4_msgs/px4_msgs/msg/detail/estimator_aid_source1d__struct.hpp\n'}
[5.887095] (px4_msgs) StdoutLine: {'line': b'-- Up-to-date: /home/pavel/ws_ros2/install/px4_msgs/include/px4_msgs/px4_msgs/msg/detail/ulog_stream__struct.hpp\n'}
[5.887397] (px4_msgs) StdoutLine: {'line': b'-- Up-to-date: /home/pavel/ws_ros2/install/px4_msgs/include/px4_msgs/px4_msgs/msg/detail/sensor_accel__builder.hpp\n'}
[5.887691] (px4_msgs) StdoutLine: {'line': b'-- Up-to-date: /home/pavel/ws_ros2/install/px4_msgs/include/px4_msgs/px4_msgs/msg/detail/logger_status__type_support.hpp\n'}
[5.888006] (px4_msgs) StdoutLine: {'line': b'-- Up-to-date: /home/pavel/ws_ros2/install/px4_msgs/include/px4_msgs/px4_msgs/msg/detail/estimator_states__traits.hpp\n'}
[5.888300] (px4_msgs) StdoutLine: {'line': b'-- Up-to-date: /home/pavel/ws_ros2/install/px4_msgs/include/px4_msgs/px4_msgs/msg/detail/figure_eight_status__struct.hpp\n'}
[5.888569] (px4_msgs) StdoutLine: {'line': b'-- Up-to-date: /home/pavel/ws_ros2/install/px4_msgs/include/px4_msgs/px4_msgs/msg/detail/vehicle_odometry__type_support.hpp\n'}
[5.888914] (px4_msgs) StdoutLine: {'line': b'-- Up-to-date: /home/pavel/ws_ros2/install/px4_msgs/include/px4_msgs/px4_msgs/msg/detail/vehicle_odometry__traits.hpp\n'}
[5.889225] (px4_msgs) StdoutLine: {'line': b'-- Up-to-date: /home/pavel/ws_ros2/install/px4_msgs/include/px4_msgs/px4_msgs/msg/detail/estimator_event_flags__struct.hpp\n'}
[5.889493] (px4_msgs) StdoutLine: {'line': b'-- Up-to-date: /home/pavel/ws_ros2/install/px4_msgs/include/px4_msgs/px4_msgs/msg/detail/manual_control_switches__struct.hpp\n'}
[5.889821] (px4_msgs) StdoutLine: {'line': b'-- Up-to-date: /home/pavel/ws_ros2/install/px4_msgs/include/px4_msgs/px4_msgs/msg/detail/ekf2_timestamps__traits.hpp\n'}
[5.890087] (px4_msgs) StdoutLine: {'line': b'-- Up-to-date: /home/pavel/ws_ros2/install/px4_msgs/include/px4_msgs/px4_msgs/msg/detail/sensor_selection__type_support.hpp\n'}
[5.890368] (px4_msgs) StdoutLine: {'line': b'-- Up-to-date: /home/pavel/ws_ros2/install/px4_msgs/include/px4_msgs/px4_msgs/msg/detail/register_ext_component_request__type_support.hpp\n'}
[5.890514] (px4_msgs) StdoutLine: {'line': b'-- Up-to-date: /home/pavel/ws_ros2/install/px4_msgs/include/px4_msgs/px4_msgs/msg/detail/npfg_status__type_support.hpp\n'}
[5.890583] (px4_msgs) StdoutLine: {'line': b'-- Up-to-date: /home/pavel/ws_ros2/install/px4_msgs/include/px4_msgs/px4_msgs/msg/detail/ekf2_timestamps__type_support.hpp\n'}
[5.890665] (px4_msgs) StdoutLine: {'line': b'-- Up-to-date: /home/pavel/ws_ros2/install/px4_msgs/include/px4_msgs/px4_msgs/msg/detail/onboard_computer_status__struct.hpp\n'}
[5.890727] (px4_msgs) StdoutLine: {'line': b'-- Up-to-date: /home/pavel/ws_ros2/install/px4_msgs/include/px4_msgs/px4_msgs/msg/detail/actuator_servos_trim__type_support.hpp\n'}
[5.890787] (px4_msgs) StdoutLine: {'line': b'-- Up-to-date: /home/pavel/ws_ros2/install/px4_msgs/include/px4_msgs/px4_msgs/msg/detail/geofence_status__traits.hpp\n'}
[5.890848] (px4_msgs) StdoutLine: {'line': b'-- Up-to-date: /home/pavel/ws_ros2/install/px4_msgs/include/px4_msgs/px4_msgs/msg/detail/orbit_status__struct.hpp\n'}
[5.890908] (px4_msgs) StdoutLine: {'line': b'-- Up-to-date: /home/pavel/ws_ros2/install/px4_msgs/include/px4_msgs/px4_msgs/msg/detail/vehicle_trajectory_waypoint__builder.hpp\n'}
[5.890968] (px4_msgs) StdoutLine: {'line': b'-- Up-to-date: /home/pavel/ws_ros2/install/px4_msgs/include/px4_msgs/px4_msgs/msg/detail/unregister_ext_component__struct.hpp\n'}
[5.891029] (px4_msgs) StdoutLine: {'line': b'-- Up-to-date: /home/pavel/ws_ros2/install/px4_msgs/include/px4_msgs/px4_msgs/msg/detail/cellular_status__builder.hpp\n'}
[5.891098] (px4_msgs) StdoutLine: {'line': b'-- Up-to-date: /home/pavel/ws_ros2/install/px4_msgs/include/px4_msgs/px4_msgs/msg/detail/log_message__traits.hpp\n'}
[5.891160] (px4_msgs) StdoutLine: {'line': b'-- Up-to-date: /home/pavel/ws_ros2/install/px4_msgs/include/px4_msgs/px4_msgs/msg/detail/gpio_request__builder.hpp\n'}
[5.891221] (px4_msgs) StdoutLine: {'line': b'-- Up-to-date: /home/pavel/ws_ros2/install/px4_msgs/include/px4_msgs/px4_msgs/msg/detail/position_setpoint_triplet__builder.hpp\n'}
[5.891281] (px4_msgs) StdoutLine: {'line': b'-- Up-to-date: /home/pavel/ws_ros2/install/px4_msgs/include/px4_msgs/px4_msgs/msg/detail/internal_combustion_engine_status__traits.hpp\n'}
[5.891340] (px4_msgs) StdoutLine: {'line': b'-- Up-to-date: /home/pavel/ws_ros2/install/px4_msgs/include/px4_msgs/px4_msgs/msg/detail/vehicle_command__traits.hpp\n'}
[5.891399] (px4_msgs) StdoutLine: {'line': b'-- Up-to-date: /home/pavel/ws_ros2/install/px4_msgs/include/px4_msgs/px4_msgs/msg/detail/onboard_computer_status__traits.hpp\n'}
[5.891459] (px4_msgs) StdoutLine: {'line': b'-- Up-to-date: /home/pavel/ws_ros2/install/px4_msgs/include/px4_msgs/px4_msgs/msg/detail/heater_status__type_support.hpp\n'}
[5.891518] (px4_msgs) StdoutLine: {'line': b'-- Up-to-date: /home/pavel/ws_ros2/install/px4_msgs/include/px4_msgs/px4_msgs/msg/detail/collision_constraints__type_support.hpp\n'}
[5.891582] (px4_msgs) StdoutLine: {'line': b'-- Up-to-date: /home/pavel/ws_ros2/install/px4_msgs/include/px4_msgs/px4_msgs/msg/detail/obstacle_distance__struct.hpp\n'}
[5.891649] (px4_msgs) StdoutLine: {'line': b'-- Up-to-date: /home/pavel/ws_ros2/install/px4_msgs/include/px4_msgs/px4_msgs/msg/detail/parameter_reset_request__traits.hpp\n'}
[5.891709] (px4_msgs) StdoutLine: {'line': b'-- Up-to-date: /home/pavel/ws_ros2/install/px4_msgs/include/px4_msgs/px4_msgs/msg/detail/landing_target_pose__type_support.hpp\n'}
[5.891769] (px4_msgs) StdoutLine: {'line': b'-- Up-to-date: /home/pavel/ws_ros2/install/px4_msgs/include/px4_msgs/px4_msgs/msg/detail/tune_control__type_support.hpp\n'}
[5.891828] (px4_msgs) StdoutLine: {'line': b'-- Up-to-date: /home/pavel/ws_ros2/install/px4_msgs/include/px4_msgs/px4_msgs/msg/detail/radio_status__struct.hpp\n'}
[5.891888] (px4_msgs) StdoutLine: {'line': b'-- Up-to-date: /home/pavel/ws_ros2/install/px4_msgs/include/px4_msgs/px4_msgs/msg/detail/gimbal_controls__builder.hpp\n'}
[5.891947] (px4_msgs) StdoutLine: {'line': b'-- Up-to-date: /home/pavel/ws_ros2/install/px4_msgs/include/px4_msgs/px4_msgs/msg/detail/estimator_bias3d__builder.hpp\n'}
[5.892006] (px4_msgs) StdoutLine: {'line': b'-- Up-to-date: /home/pavel/ws_ros2/install/px4_msgs/include/px4_msgs/px4_msgs/msg/detail/dataman_response__type_support.hpp\n'}
[5.892065] (px4_msgs) StdoutLine: {'line': b'-- Up-to-date: /home/pavel/ws_ros2/install/px4_msgs/include/px4_msgs/px4_msgs/msg/detail/estimator_bias__type_support.hpp\n'}
[5.892124] (px4_msgs) StdoutLine: {'line': b'-- Up-to-date: /home/pavel/ws_ros2/install/px4_msgs/include/px4_msgs/px4_msgs/msg/detail/orbit_status__type_support.hpp\n'}
[5.892183] (px4_msgs) StdoutLine: {'line': b'-- Up-to-date: /home/pavel/ws_ros2/install/px4_msgs/include/px4_msgs/px4_msgs/msg/detail/battery_status__type_support.hpp\n'}
[5.892250] (px4_msgs) StdoutLine: {'line': b'-- Up-to-date: /home/pavel/ws_ros2/install/px4_msgs/include/px4_msgs/px4_msgs/msg/detail/position_controller_status__builder.hpp\n'}
[5.892309] (px4_msgs) StdoutLine: {'line': b'-- Up-to-date: /home/pavel/ws_ros2/install/px4_msgs/include/px4_msgs/px4_msgs/msg/detail/home_position__type_support.hpp\n'}
[5.892368] (px4_msgs) StdoutLine: {'line': b'-- Up-to-date: /home/pavel/ws_ros2/install/px4_msgs/include/px4_msgs/px4_msgs/msg/detail/estimator_states__type_support.hpp\n'}
[5.892427] (px4_msgs) StdoutLine: {'line': b'-- Up-to-date: /home/pavel/ws_ros2/install/px4_msgs/include/px4_msgs/px4_msgs/msg/detail/ekf2_timestamps__struct.hpp\n'}
[5.892487] (px4_msgs) StdoutLine: {'line': b'-- Up-to-date: /home/pavel/ws_ros2/install/px4_msgs/include/px4_msgs/px4_msgs/msg/detail/pps_capture__type_support.hpp\n'}
[5.892550] (px4_msgs) StdoutLine: {'line': b'-- Up-to-date: /home/pavel/ws_ros2/install/px4_msgs/include/px4_msgs/px4_msgs/msg/detail/camera_trigger__type_support.hpp\n'}
[5.892621] (px4_msgs) StdoutLine: {'line': b'-- Up-to-date: /home/pavel/ws_ros2/install/px4_msgs/include/px4_msgs/px4_msgs/msg/detail/sensor_correction__struct.hpp\n'}
[5.892683] (px4_msgs) StdoutLine: {'line': b'-- Up-to-date: /home/pavel/ws_ros2/install/px4_msgs/include/px4_msgs/px4_msgs/msg/detail/power_monitor__builder.hpp\n'}
[5.892743] (px4_msgs) StdoutLine: {'line': b'-- Up-to-date: /home/pavel/ws_ros2/install/px4_msgs/include/px4_msgs/px4_msgs/msg/detail/airspeed_validated__traits.hpp\n'}
[5.892802] (px4_msgs) StdoutLine: {'line': b'-- Up-to-date: /home/pavel/ws_ros2/install/px4_msgs/include/px4_msgs/px4_msgs/msg/detail/rc_parameter_map__traits.hpp\n'}
[5.892862] (px4_msgs) StdoutLine: {'line': b'-- Up-to-date: /home/pavel/ws_ros2/install/px4_msgs/include/px4_msgs/px4_msgs/msg/detail/mission__builder.hpp\n'}
[5.892921] (px4_msgs) StdoutLine: {'line': b'-- Up-to-date: /home/pavel/ws_ros2/install/px4_msgs/include/px4_msgs/px4_msgs/msg/detail/mission__type_support.hpp\n'}
[5.892984] (px4_msgs) StdoutLine: {'line': b'-- Up-to-date: /home/pavel/ws_ros2/install/px4_msgs/include/px4_msgs/px4_msgs/msg/detail/gpio_config__struct.hpp\n'}
[5.893043] (px4_msgs) StdoutLine: {'line': b'-- Up-to-date: /home/pavel/ws_ros2/install/px4_msgs/include/px4_msgs/px4_msgs/msg/detail/fuel_tank_status__builder.hpp\n'}
[5.893102] (px4_msgs) StdoutLine: {'line': b'-- Up-to-date: /home/pavel/ws_ros2/install/px4_msgs/include/px4_msgs/px4_msgs/msg/detail/sensor_accel__struct.hpp\n'}
[5.893161] (px4_msgs) StdoutLine: {'line': b'-- Up-to-date: /home/pavel/ws_ros2/install/px4_msgs/include/px4_msgs/px4_msgs/msg/detail/takeoff_status__struct.hpp\n'}
[5.893220] (px4_msgs) StdoutLine: {'line': b'-- Up-to-date: /home/pavel/ws_ros2/install/px4_msgs/include/px4_msgs/px4_msgs/msg/detail/differential_pressure__struct.hpp\n'}
[5.893279] (px4_msgs) StdoutLine: {'line': b'-- Up-to-date: /home/pavel/ws_ros2/install/px4_msgs/include/px4_msgs/px4_msgs/msg/detail/launch_detection_status__struct.hpp\n'}
[5.893339] (px4_msgs) StdoutLine: {'line': b'-- Up-to-date: /home/pavel/ws_ros2/install/px4_msgs/include/px4_msgs/px4_msgs/msg/detail/collision_report__type_support.hpp\n'}
[5.893398] (px4_msgs) StdoutLine: {'line': b'-- Up-to-date: /home/pavel/ws_ros2/install/px4_msgs/include/px4_msgs/px4_msgs/msg/detail/vehicle_attitude_setpoint__type_support.hpp\n'}
[5.893458] (px4_msgs) StdoutLine: {'line': b'-- Up-to-date: /home/pavel/ws_ros2/install/px4_msgs/include/px4_msgs/px4_msgs/msg/detail/estimator_bias3d__type_support.hpp\n'}
[5.893517] (px4_msgs) StdoutLine: {'line': b'-- Up-to-date: /home/pavel/ws_ros2/install/px4_msgs/include/px4_msgs/px4_msgs/msg/detail/estimator_states__builder.hpp\n'}
[5.893583] (px4_msgs) StdoutLine: {'line': b'-- Up-to-date: /home/pavel/ws_ros2/install/px4_msgs/include/px4_msgs/px4_msgs/msg/detail/vehicle_magnetometer__traits.hpp\n'}
[5.893705] (px4_msgs) StdoutLine: {'line': b'-- Up-to-date: /home/pavel/ws_ros2/install/px4_msgs/include/px4_msgs/px4_msgs/msg/detail/power_monitor__type_support.hpp\n'}
[5.893823] (px4_msgs) StdoutLine: {'line': b'-- Up-to-date: /home/pavel/ws_ros2/install/px4_msgs/include/px4_msgs/px4_msgs/msg/detail/timesync_status__traits.hpp\n'}
[5.893941] (px4_msgs) StdoutLine: {'line': b'-- Up-to-date: /home/pavel/ws_ros2/install/px4_msgs/include/px4_msgs/px4_msgs/msg/detail/generator_status__traits.hpp\n'}
[5.894058] (px4_msgs) StdoutLine: {'line': b'-- Up-to-date: /home/pavel/ws_ros2/install/px4_msgs/include/px4_msgs/px4_msgs/msg/detail/sensor_gyro_fft__builder.hpp\n'}
[5.894175] (px4_msgs) StdoutLine: {'line': b'-- Up-to-date: /home/pavel/ws_ros2/install/px4_msgs/include/px4_msgs/px4_msgs/msg/detail/magnetometer_bias_estimate__type_support.hpp\n'}
[5.894292] (px4_msgs) StdoutLine: {'line': b'-- Up-to-date: /home/pavel/ws_ros2/install/px4_msgs/include/px4_msgs/px4_msgs/msg/detail/gimbal_manager_set_attitude__traits.hpp\n'}
[5.894411] (px4_msgs) StdoutLine: {'line': b'-- Up-to-date: /home/pavel/ws_ros2/install/px4_msgs/include/px4_msgs/px4_msgs/msg/detail/vehicle_land_detected__struct.hpp\n'}
[5.894535] (px4_msgs) StdoutLine: {'line': b'-- Up-to-date: /home/pavel/ws_ros2/install/px4_msgs/include/px4_msgs/px4_msgs/msg/detail/orb_test__builder.hpp\n'}
[5.894665] (px4_msgs) StdoutLine: {'line': b'-- Up-to-date: /home/pavel/ws_ros2/install/px4_msgs/include/px4_msgs/px4_msgs/msg/detail/dataman_request__traits.hpp\n'}
[5.894784] (px4_msgs) StdoutLine: {'line': b'-- Up-to-date: /home/pavel/ws_ros2/install/px4_msgs/include/px4_msgs/px4_msgs/msg/detail/sensor_selection__struct.hpp\n'}
[5.894900] (px4_msgs) StdoutLine: {'line': b'-- Up-to-date: /home/pavel/ws_ros2/install/px4_msgs/include/px4_msgs/px4_msgs/msg/detail/actuator_test__traits.hpp\n'}
[5.895028] (px4_msgs) StdoutLine: {'line': b'-- Up-to-date: /home/pavel/ws_ros2/install/px4_msgs/include/px4_msgs/px4_msgs/msg/detail/parameter_update__struct.hpp\n'}
[5.895146] (px4_msgs) StdoutLine: {'line': b'-- Up-to-date: /home/pavel/ws_ros2/install/px4_msgs/include/px4_msgs/px4_msgs/msg/detail/airspeed__builder.hpp\n'}
[5.895265] (px4_msgs) StdoutLine: {'line': b'-- Up-to-date: /home/pavel/ws_ros2/install/px4_msgs/include/px4_msgs/px4_msgs/msg/detail/position_controller_landing_status__builder.hpp\n'}
[5.895383] (px4_msgs) StdoutLine: {'line': b'-- Up-to-date: /home/pavel/ws_ros2/install/px4_msgs/include/px4_msgs/px4_msgs/msg/detail/mount_orientation__traits.hpp\n'}
[5.895499] (px4_msgs) StdoutLine: {'line': b'-- Up-to-date: /home/pavel/ws_ros2/install/px4_msgs/include/px4_msgs/px4_msgs/msg/detail/gimbal_device_set_attitude__struct.hpp\n'}
[5.895624] (px4_msgs) StdoutLine: {'line': b'-- Up-to-date: /home/pavel/ws_ros2/install/px4_msgs/include/px4_msgs/px4_msgs/msg/detail/collision_constraints__struct.hpp\n'}
[5.895748] (px4_msgs) StdoutLine: {'line': b'-- Up-to-date: /home/pavel/ws_ros2/install/px4_msgs/include/px4_msgs/px4_msgs/msg/detail/sensor_optical_flow__traits.hpp\n'}
[5.895868] (px4_msgs) StdoutLine: {'line': b'-- Up-to-date: /home/pavel/ws_ros2/install/px4_msgs/include/px4_msgs/px4_msgs/msg/detail/sensor_airflow__traits.hpp\n'}
[5.895984] (px4_msgs) StdoutLine: {'line': b'-- Up-to-date: /home/pavel/ws_ros2/install/px4_msgs/include/px4_msgs/px4_msgs/msg/detail/differential_drive_setpoint__struct.hpp\n'}
[5.896102] (px4_msgs) StdoutLine: {'line': b'-- Up-to-date: /home/pavel/ws_ros2/install/px4_msgs/include/px4_msgs/px4_msgs/msg/detail/estimator_status_flags__struct.hpp\n'}
[5.896225] (px4_msgs) StdoutLine: {'line': b'-- Up-to-date: /home/pavel/ws_ros2/install/px4_msgs/include/px4_msgs/px4_msgs/msg/detail/sensor_uwb__builder.hpp\n'}
[5.896344] (px4_msgs) StdoutLine: {'line': b'-- Up-to-date: /home/pavel/ws_ros2/install/px4_msgs/include/px4_msgs/px4_msgs/msg/detail/register_ext_component_reply__struct.hpp\n'}
[5.896462] (px4_msgs) StdoutLine: {'line': b'-- Up-to-date: /home/pavel/ws_ros2/install/px4_msgs/include/px4_msgs/px4_msgs/msg/detail/vehicle_angular_velocity__traits.hpp\n'}
[5.896585] (px4_msgs) StdoutLine: {'line': b'-- Up-to-date: /home/pavel/ws_ros2/install/px4_msgs/include/px4_msgs/px4_msgs/msg/detail/vehicle_rates_setpoint__traits.hpp\n'}
[5.897237] (px4_msgs) StdoutLine: {'line': b'-- Up-to-date: /home/pavel/ws_ros2/install/px4_msgs/include/px4_msgs/px4_msgs/msg/detail/vehicle_rates_setpoint__struct.hpp\n'}
[5.897358] (px4_msgs) StdoutLine: {'line': b'-- Up-to-date: /home/pavel/ws_ros2/install/px4_msgs/include/px4_msgs/px4_msgs/msg/detail/rtl_time_estimate__struct.hpp\n'}
[5.897478] (px4_msgs) StdoutLine: {'line': b'-- Up-to-date: /home/pavel/ws_ros2/install/px4_msgs/include/px4_msgs/px4_msgs/msg/detail/flight_phase_estimation__traits.hpp\n'}
[5.897601] (px4_msgs) StdoutLine: {'line': b'-- Up-to-date: /home/pavel/ws_ros2/install/px4_msgs/include/px4_msgs/px4_msgs/msg/detail/sensor_preflight_mag__traits.hpp\n'}
[5.897731] (px4_msgs) StdoutLine: {'line': b'-- Up-to-date: /home/pavel/ws_ros2/install/px4_msgs/include/px4_msgs/px4_msgs/msg/detail/dataman_response__traits.hpp\n'}
[5.897851] (px4_msgs) StdoutLine: {'line': b'-- Up-to-date: /home/pavel/ws_ros2/install/px4_msgs/include/px4_msgs/px4_msgs/msg/detail/wheel_encoders__struct.hpp\n'}
[5.897977] (px4_msgs) StdoutLine: {'line': b'-- Up-to-date: /home/pavel/ws_ros2/install/px4_msgs/include/px4_msgs/px4_msgs/msg/detail/estimator_aid_source1d__builder.hpp\n'}
[5.898096] (px4_msgs) StdoutLine: {'line': b'-- Up-to-date: /home/pavel/ws_ros2/install/px4_msgs/include/px4_msgs/px4_msgs/msg/detail/px4io_status__struct.hpp\n'}
[5.898214] (px4_msgs) StdoutLine: {'line': b'-- Up-to-date: /home/pavel/ws_ros2/install/px4_msgs/include/px4_msgs/px4_msgs/msg/detail/vehicle_trajectory_bezier__type_support.hpp\n'}
[5.898333] (px4_msgs) StdoutLine: {'line': b'-- Up-to-date: /home/pavel/ws_ros2/install/px4_msgs/include/px4_msgs/px4_msgs/msg/detail/power_button_state__struct.hpp\n'}
[5.898451] (px4_msgs) StdoutLine: {'line': b'-- Up-to-date: /home/pavel/ws_ros2/install/px4_msgs/include/px4_msgs/px4_msgs/msg/detail/transponder_report__builder.hpp\n'}
[5.898569] (px4_msgs) StdoutLine: {'line': b'-- Up-to-date: /home/pavel/ws_ros2/install/px4_msgs/include/px4_msgs/px4_msgs/msg/detail/config_overrides__traits.hpp\n'}
[5.898701] (px4_msgs) StdoutLine: {'line': b'-- Up-to-date: /home/pavel/ws_ros2/install/px4_msgs/include/px4_msgs/px4_msgs/msg/detail/task_stack_info__struct.hpp\n'}
[5.898820] (px4_msgs) StdoutLine: {'line': b'-- Up-to-date: /home/pavel/ws_ros2/install/px4_msgs/include/px4_msgs/px4_msgs/msg/detail/gimbal_device_attitude_status__type_support.hpp\n'}
[5.898939] (px4_msgs) StdoutLine: {'line': b'-- Up-to-date: /home/pavel/ws_ros2/install/px4_msgs/include/px4_msgs/px4_msgs/msg/detail/normalized_unsigned_setpoint__builder.hpp\n'}
[5.899059] (px4_msgs) StdoutLine: {'line': b'-- Up-to-date: /home/pavel/ws_ros2/install/px4_msgs/include/px4_msgs/px4_msgs/msg/detail/sensor_gyro_fft__struct.hpp\n'}
[5.899176] (px4_msgs) StdoutLine: {'line': b'-- Up-to-date: /home/pavel/ws_ros2/install/px4_msgs/include/px4_msgs/px4_msgs/msg/detail/camera_status__traits.hpp\n'}
[5.899295] (px4_msgs) StdoutLine: {'line': b'-- Up-to-date: /home/pavel/ws_ros2/install/px4_msgs/include/px4_msgs/px4_msgs/msg/detail/mode_completed__type_support.hpp\n'}
[5.899410] (px4_msgs) StdoutLine: {'line': b'-- Up-to-date: /home/pavel/ws_ros2/install/px4_msgs/include/px4_msgs/px4_msgs/msg/detail/airspeed__traits.hpp\n'}
[5.899528] (px4_msgs) StdoutLine: {'line': b'-- Up-to-date: /home/pavel/ws_ros2/install/px4_msgs/include/px4_msgs/px4_msgs/msg/detail/vehicle_local_position_setpoint__traits.hpp\n'}
[5.899668] (px4_msgs) StdoutLine: {'line': b'-- Up-to-date: /home/pavel/ws_ros2/install/px4_msgs/include/px4_msgs/px4_msgs/msg/detail/esc_status__builder.hpp\n'}
[5.899789] (px4_msgs) StdoutLine: {'line': b'-- Up-to-date: /home/pavel/ws_ros2/install/px4_msgs/include/px4_msgs/px4_msgs/msg/detail/trajectory_waypoint__struct.hpp\n'}
[5.899908] (px4_msgs) StdoutLine: {'line': b'-- Up-to-date: /home/pavel/ws_ros2/install/px4_msgs/include/px4_msgs/px4_msgs/msg/detail/actuator_test__type_support.hpp\n'}
[5.900026] (px4_msgs) StdoutLine: {'line': b'-- Up-to-date: /home/pavel/ws_ros2/install/px4_msgs/include/px4_msgs/px4_msgs/msg/detail/register_ext_component_request__builder.hpp\n'}
[5.900146] (px4_msgs) StdoutLine: {'line': b'-- Up-to-date: /home/pavel/ws_ros2/install/px4_msgs/include/px4_msgs/px4_msgs/msg/detail/mission__struct.hpp\n'}
[5.900263] (px4_msgs) StdoutLine: {'line': b'-- Up-to-date: /home/pavel/ws_ros2/install/px4_msgs/include/px4_msgs/px4_msgs/msg/detail/mavlink_tunnel__type_support.hpp\n'}
[5.900383] (px4_msgs) StdoutLine: {'line': b'-- Up-to-date: /home/pavel/ws_ros2/install/px4_msgs/include/px4_msgs/px4_msgs/msg/detail/led_control__traits.hpp\n'}
[5.900506] (px4_msgs) StdoutLine: {'line': b'-- Up-to-date: /home/pavel/ws_ros2/install/px4_msgs/include/px4_msgs/px4_msgs/msg/detail/follow_target_status__struct.hpp\n'}
[5.901153] (px4_msgs) StdoutLine: {'line': b'-- Up-to-date: /home/pavel/ws_ros2/install/px4_msgs/include/px4_msgs/px4_msgs/msg/detail/vehicle_roi__struct.hpp\n'}
[5.901475] (px4_msgs) StdoutLine: {'line': b'-- Up-to-date: /home/pavel/ws_ros2/install/px4_msgs/include/px4_msgs/px4_msgs/msg/detail/can_interface_status__type_support.hpp\n'}
[5.901558] (px4_msgs) StdoutLine: {'line': b'-- Up-to-date: /home/pavel/ws_ros2/install/px4_msgs/include/px4_msgs/px4_msgs/msg/detail/sensor_mag__type_support.hpp\n'}
[5.901643] (px4_msgs) StdoutLine: {'line': b'-- Up-to-date: /home/pavel/ws_ros2/install/px4_msgs/include/px4_msgs/px4_msgs/msg/detail/actuator_armed__builder.hpp\n'}
[5.901757] (px4_msgs) StdoutLine: {'line': b'-- Up-to-date: /home/pavel/ws_ros2/install/px4_msgs/include/px4_msgs/px4_msgs/msg/detail/rover_ackermann_guidance_status__type_support.hpp\n'}
[5.901880] (px4_msgs) StdoutLine: {'line': b'-- Up-to-date: /home/pavel/ws_ros2/install/px4_msgs/include/px4_msgs/px4_msgs/msg/detail/manual_control_setpoint__type_support.hpp\n'}
[5.902002] (px4_msgs) StdoutLine: {'line': b'-- Up-to-date: /home/pavel/ws_ros2/install/px4_msgs/include/px4_msgs/px4_msgs/msg/detail/led_control__struct.hpp\n'}
[5.902127] (px4_msgs) StdoutLine: {'line': b'-- Up-to-date: /home/pavel/ws_ros2/install/px4_msgs/include/px4_msgs/px4_msgs/msg/detail/estimator_aid_source2d__traits.hpp\n'}
[5.902344] (px4_msgs) StdoutLine: {'line': b'-- Up-to-date: /home/pavel/ws_ros2/install/px4_msgs/include/px4_msgs/px4_msgs/msg/detail/position_controller_status__traits.hpp\n'}
[5.902514] (px4_msgs) StdoutLine: {'line': b'-- Up-to-date: /home/pavel/ws_ros2/install/px4_msgs/include/px4_msgs/px4_msgs/msg/detail/tune_control__traits.hpp\n'}
[5.902707] (px4_msgs) StdoutLine: {'line': b'-- Up-to-date: /home/pavel/ws_ros2/install/px4_msgs/include/px4_msgs/px4_msgs/msg/detail/button_event__builder.hpp\n'}
[5.902881] (px4_msgs) StdoutLine: {'line': b'-- Up-to-date: /home/pavel/ws_ros2/install/px4_msgs/include/px4_msgs/px4_msgs/msg/detail/irlock_report__type_support.hpp\n'}
[5.903061] (px4_msgs) StdoutLine: {'line': b'-- Up-to-date: /home/pavel/ws_ros2/install/px4_msgs/include/px4_msgs/px4_msgs/msg/detail/gimbal_device_information__traits.hpp\n'}
[5.903219] (px4_msgs) StdoutLine: {'line': b'-- Up-to-date: /home/pavel/ws_ros2/install/px4_msgs/include/px4_msgs/px4_msgs/msg/detail/estimator_sensor_bias__traits.hpp\n'}
[5.903405] (px4_msgs) StdoutLine: {'line': b'-- Up-to-date: /home/pavel/ws_ros2/install/px4_msgs/include/px4_msgs/px4_msgs/msg/detail/airspeed__type_support.hpp\n'}
[5.903571] (px4_msgs) StdoutLine: {'line': b'-- Up-to-date: /home/pavel/ws_ros2/install/px4_msgs/include/px4_msgs/px4_msgs/msg/detail/navigator_mission_item__builder.hpp\n'}
[5.903760] (px4_msgs) StdoutLine: {'line': b'-- Up-to-date: /home/pavel/ws_ros2/install/px4_msgs/include/px4_msgs/px4_msgs/msg/detail/cpuload__builder.hpp\n'}
[5.903915] (px4_msgs) StdoutLine: {'line': b'-- Up-to-date: /home/pavel/ws_ros2/install/px4_msgs/include/px4_msgs/px4_msgs/msg/detail/npfg_status__traits.hpp\n'}
[5.904071] (px4_msgs) StdoutLine: {'line': b'-- Up-to-date: /home/pavel/ws_ros2/install/px4_msgs/include/px4_msgs/px4_msgs/msg/detail/mode_completed__struct.hpp\n'}
[5.904227] (px4_msgs) StdoutLine: {'line': b'-- Up-to-date: /home/pavel/ws_ros2/install/px4_msgs/include/px4_msgs/px4_msgs/msg/detail/input_rc__traits.hpp\n'}
[5.904396] (px4_msgs) StdoutLine: {'line': b'-- Up-to-date: /home/pavel/ws_ros2/install/px4_msgs/include/px4_msgs/px4_msgs/msg/detail/sensor_uwb__type_support.hpp\n'}
[5.904557] (px4_msgs) StdoutLine: {'line': b'-- Up-to-date: /home/pavel/ws_ros2/install/px4_msgs/include/px4_msgs/px4_msgs/msg/detail/sensor_gps__type_support.hpp\n'}
[5.904742] (px4_msgs) StdoutLine: {'line': b'-- Up-to-date: /home/pavel/ws_ros2/install/px4_msgs/include/px4_msgs/px4_msgs/msg/detail/position_controller_status__struct.hpp\n'}
[5.904898] (px4_msgs) StdoutLine: {'line': b'-- Up-to-date: /home/pavel/ws_ros2/install/px4_msgs/include/px4_msgs/px4_msgs/msg/detail/adc_report__type_support.hpp\n'}
[5.905055] (px4_msgs) StdoutLine: {'line': b'-- Up-to-date: /home/pavel/ws_ros2/install/px4_msgs/include/px4_msgs/px4_msgs/msg/detail/actuator_outputs__traits.hpp\n'}
[5.905223] (px4_msgs) StdoutLine: {'line': b'-- Up-to-date: /home/pavel/ws_ros2/install/px4_msgs/include/px4_msgs/px4_msgs/msg/detail/mode_completed__traits.hpp\n'}
[5.905400] (px4_msgs) StdoutLine: {'line': b'-- Up-to-date: /home/pavel/ws_ros2/install/px4_msgs/include/px4_msgs/px4_msgs/msg/detail/goto_setpoint__struct.hpp\n'}
[5.905588] (px4_msgs) StdoutLine: {'line': b'-- Up-to-date: /home/pavel/ws_ros2/install/px4_msgs/include/px4_msgs/px4_msgs/msg/detail/hover_thrust_estimate__struct.hpp\n'}
[5.905761] (px4_msgs) StdoutLine: {'line': b'-- Up-to-date: /home/pavel/ws_ros2/install/px4_msgs/include/px4_msgs/px4_msgs/msg/detail/qshell_retval__traits.hpp\n'}
[5.905943] (px4_msgs) StdoutLine: {'line': b'-- Up-to-date: /home/pavel/ws_ros2/install/px4_msgs/include/px4_msgs/px4_msgs/msg/detail/vehicle_angular_velocity__type_support.hpp\n'}
[5.906115] (px4_msgs) StdoutLine: {'line': b'-- Up-to-date: /home/pavel/ws_ros2/install/px4_msgs/include/px4_msgs/px4_msgs/msg/detail/geofence_status__builder.hpp\n'}
[5.906298] (px4_msgs) StdoutLine: {'line': b'-- Up-to-date: /home/pavel/ws_ros2/install/px4_msgs/include/px4_msgs/px4_msgs/msg/detail/can_interface_status__traits.hpp\n'}
[5.906456] (px4_msgs) StdoutLine: {'line': b'-- Up-to-date: /home/pavel/ws_ros2/install/px4_msgs/include/px4_msgs/px4_msgs/msg/detail/normalized_unsigned_setpoint__type_support.hpp\n'}
[5.906571] (px4_msgs) StdoutLine: {'line': b'-- Up-to-date: /home/pavel/ws_ros2/install/px4_msgs/include/px4_msgs/px4_msgs/msg/detail/actuator_controls_status__builder.hpp\n'}
[5.906669] (px4_msgs) StdoutLine: {'line': b'-- Up-to-date: /home/pavel/ws_ros2/install/px4_msgs/include/px4_msgs/px4_msgs/msg/detail/position_controller_landing_status__type_support.hpp\n'}
[5.906770] (px4_msgs) StdoutLine: {'line': b'-- Up-to-date: /home/pavel/ws_ros2/install/px4_msgs/include/px4_msgs/px4_msgs/msg/detail/estimator_status__builder.hpp\n'}
[5.906863] (px4_msgs) StdoutLine: {'line': b'-- Up-to-date: /home/pavel/ws_ros2/install/px4_msgs/include/px4_msgs/px4_msgs/msg/detail/launch_detection_status__type_support.hpp\n'}
[5.906955] (px4_msgs) StdoutLine: {'line': b'-- Up-to-date: /home/pavel/ws_ros2/install/px4_msgs/include/px4_msgs/px4_msgs/msg/detail/magnetometer_bias_estimate__struct.hpp\n'}
[5.907044] (px4_msgs) StdoutLine: {'line': b'-- Up-to-date: /home/pavel/ws_ros2/install/px4_msgs/include/px4_msgs/px4_msgs/msg/detail/magnetometer_bias_estimate__builder.hpp\n'}
[5.907139] (px4_msgs) StdoutLine: {'line': b'-- Up-to-date: /home/pavel/ws_ros2/install/px4_msgs/include/px4_msgs/px4_msgs/msg/detail/autotune_attitude_control_status__struct.hpp\n'}
[5.907239] (px4_msgs) StdoutLine: {'line': b'-- Up-to-date: /home/pavel/ws_ros2/install/px4_msgs/include/px4_msgs/px4_msgs/msg/detail/landing_target_innovations__traits.hpp\n'}
[5.907332] (px4_msgs) StdoutLine: {'line': b'-- Up-to-date: /home/pavel/ws_ros2/install/px4_msgs/include/px4_msgs/px4_msgs/msg/detail/mode_completed__builder.hpp\n'}
[5.907448] (px4_msgs) StdoutLine: {'line': b'-- Up-to-date: /home/pavel/ws_ros2/install/px4_msgs/include/px4_msgs/px4_msgs/msg/detail/vehicle_attitude__traits.hpp\n'}
[5.907559] (px4_msgs) StdoutLine: {'line': b'-- Up-to-date: /home/pavel/ws_ros2/install/px4_msgs/include/px4_msgs/px4_msgs/msg/detail/differential_pressure__type_support.hpp\n'}
[5.907703] (px4_msgs) StdoutLine: {'line': b'-- Up-to-date: /home/pavel/ws_ros2/install/px4_msgs/include/px4_msgs/px4_msgs/msg/detail/airspeed_wind__struct.hpp\n'}
[5.907818] (px4_msgs) StdoutLine: {'line': b'-- Up-to-date: /home/pavel/ws_ros2/install/px4_msgs/include/px4_msgs/px4_msgs/msg/detail/collision_constraints__builder.hpp\n'}
[5.907927] (px4_msgs) StdoutLine: {'line': b'-- Up-to-date: /home/pavel/ws_ros2/install/px4_msgs/include/px4_msgs/px4_msgs/msg/detail/log_message__builder.hpp\n'}
[5.908050] (px4_msgs) StdoutLine: {'line': b'-- Up-to-date: /home/pavel/ws_ros2/install/px4_msgs/include/px4_msgs/px4_msgs/msg/detail/goto_setpoint__traits.hpp\n'}
[5.908154] (px4_msgs) StdoutLine: {'line': b'-- Up-to-date: /home/pavel/ws_ros2/install/px4_msgs/include/px4_msgs/px4_msgs/msg/detail/sensors_status__builder.hpp\n'}
[5.908256] (px4_msgs) StdoutLine: {'line': b'-- Up-to-date: /home/pavel/ws_ros2/install/px4_msgs/include/px4_msgs/px4_msgs/msg/detail/arming_check_request__struct.hpp\n'}
[5.908345] (px4_msgs) StdoutLine: {'line': b'-- Up-to-date: /home/pavel/ws_ros2/install/px4_msgs/include/px4_msgs/px4_msgs/msg/detail/uavcan_parameter_request__traits.hpp\n'}
[5.908440] (px4_msgs) StdoutLine: {'line': b'-- Up-to-date: /home/pavel/ws_ros2/install/px4_msgs/include/px4_msgs/px4_msgs/msg/detail/vehicle_optical_flow_vel__type_support.hpp\n'}
[5.908530] (px4_msgs) StdoutLine: {'line': b'-- Up-to-date: /home/pavel/ws_ros2/install/px4_msgs/include/px4_msgs/px4_msgs/msg/detail/manual_control_setpoint__traits.hpp\n'}
[5.908647] (px4_msgs) StdoutLine: {'line': b'-- Up-to-date: /home/pavel/ws_ros2/install/px4_msgs/include/px4_msgs/px4_msgs/msg/detail/debug_key_value__traits.hpp\n'}
[5.908755] (px4_msgs) StdoutLine: {'line': b'-- Up-to-date: /home/pavel/ws_ros2/install/px4_msgs/include/px4_msgs/px4_msgs/msg/detail/geofence_status__type_support.hpp\n'}
[5.908883] (px4_msgs) StdoutLine: {'line': b'-- Up-to-date: /home/pavel/ws_ros2/install/px4_msgs/include/px4_msgs/px4_msgs/msg/detail/button_event__type_support.hpp\n'}
[5.908996] (px4_msgs) StdoutLine: {'line': b'-- Up-to-date: /home/pavel/ws_ros2/install/px4_msgs/include/px4_msgs/px4_msgs/msg/detail/differential_pressure__traits.hpp\n'}
[5.909103] (px4_msgs) StdoutLine: {'line': b'-- Up-to-date: /home/pavel/ws_ros2/install/px4_msgs/include/px4_msgs/px4_msgs/msg/detail/system_power__struct.hpp\n'}
[5.909227] (px4_msgs) StdoutLine: {'line': b'-- Up-to-date: /home/pavel/ws_ros2/install/px4_msgs/include/px4_msgs/px4_msgs/msg/detail/orb_test_medium__struct.hpp\n'}
[5.909342] (px4_msgs) StdoutLine: {'line': b'-- Up-to-date: /home/pavel/ws_ros2/install/px4_msgs/include/px4_msgs/px4_msgs/msg/detail/health_report__struct.hpp\n'}
[5.909458] (px4_msgs) StdoutLine: {'line': b'-- Up-to-date: /home/pavel/ws_ros2/install/px4_msgs/include/px4_msgs/px4_msgs/msg/detail/logger_status__traits.hpp\n'}
[5.909612] (px4_msgs) StdoutLine: {'line': b'-- Up-to-date: /home/pavel/ws_ros2/install/px4_msgs/include/px4_msgs/px4_msgs/msg/detail/dataman_request__struct.hpp\n'}
[5.909728] (px4_msgs) StdoutLine: {'line': b'-- Up-to-date: /home/pavel/ws_ros2/install/px4_msgs/include/px4_msgs/px4_msgs/msg/detail/gimbal_manager_information__struct.hpp\n'}
[5.909875] (px4_msgs) StdoutLine: {'line': b'-- Up-to-date: /home/pavel/ws_ros2/install/px4_msgs/include/px4_msgs/px4_msgs/msg/detail/sensor_gyro__struct.hpp\n'}
[5.909984] (px4_msgs) StdoutLine: {'line': b'-- Up-to-date: /home/pavel/ws_ros2/install/px4_msgs/include/px4_msgs/px4_msgs/msg/detail/airspeed_validated__builder.hpp\n'}
[5.910098] (px4_msgs) StdoutLine: {'line': b'-- Up-to-date: /home/pavel/ws_ros2/install/px4_msgs/include/px4_msgs/px4_msgs/msg/detail/rate_ctrl_status__traits.hpp\n'}
[5.910191] (px4_msgs) StdoutLine: {'line': b'-- Up-to-date: /home/pavel/ws_ros2/install/px4_msgs/include/px4_msgs/px4_msgs/msg/detail/collision_constraints__traits.hpp\n'}
[5.910274] (px4_msgs) StdoutLine: {'line': b'-- Up-to-date: /home/pavel/ws_ros2/install/px4_msgs/include/px4_msgs/px4_msgs/msg/detail/sensor_optical_flow__builder.hpp\n'}
[5.910355] (px4_msgs) StdoutLine: {'line': b'-- Up-to-date: /home/pavel/ws_ros2/install/px4_msgs/include/px4_msgs/px4_msgs/msg/detail/distance_sensor__builder.hpp\n'}
[5.910437] (px4_msgs) StdoutLine: {'line': b'-- Up-to-date: /home/pavel/ws_ros2/install/px4_msgs/include/px4_msgs/px4_msgs/msg/detail/debug_array__builder.hpp\n'}
[5.910525] (px4_msgs) StdoutLine: {'line': b'-- Up-to-date: /home/pavel/ws_ros2/install/px4_msgs/include/px4_msgs/px4_msgs/msg/detail/vehicle_global_position__builder.hpp\n'}
[5.910626] (px4_msgs) StdoutLine: {'line': b'-- Up-to-date: /home/pavel/ws_ros2/install/px4_msgs/include/px4_msgs/px4_msgs/msg/detail/rtl_time_estimate__builder.hpp\n'}
[5.910712] (px4_msgs) StdoutLine: {'line': b'-- Up-to-date: /home/pavel/ws_ros2/install/px4_msgs/include/px4_msgs/px4_msgs/msg/detail/offboard_control_mode__traits.hpp\n'}
[5.910810] (px4_msgs) StdoutLine: {'line': b'-- Up-to-date: /home/pavel/ws_ros2/install/px4_msgs/include/px4_msgs/px4_msgs/msg/detail/telemetry_status__struct.hpp\n'}
[5.910917] (px4_msgs) StdoutLine: {'line': b'-- Up-to-date: /home/pavel/ws_ros2/install/px4_msgs/include/px4_msgs/px4_msgs/msg/detail/action_request__type_support.hpp\n'}
[5.911047] (px4_msgs) StdoutLine: {'line': b'-- Up-to-date: /home/pavel/ws_ros2/install/px4_msgs/include/px4_msgs/px4_msgs/msg/detail/estimator_aid_source3d__traits.hpp\n'}
[5.911169] (px4_msgs) StdoutLine: {'line': b'-- Up-to-date: /home/pavel/ws_ros2/install/px4_msgs/include/px4_msgs/px4_msgs/msg/detail/cellular_status__type_support.hpp\n'}
[5.911317] (px4_msgs) StdoutLine: {'line': b'-- Up-to-date: /home/pavel/ws_ros2/install/px4_msgs/include/px4_msgs/px4_msgs/msg/detail/vehicle_local_position_setpoint__struct.hpp\n'}
[5.911445] (px4_msgs) StdoutLine: {'line': b'-- Up-to-date: /home/pavel/ws_ros2/install/px4_msgs/include/px4_msgs/px4_msgs/msg/detail/vehicle_attitude_setpoint__traits.hpp\n'}
[5.911620] (px4_msgs) StdoutLine: {'line': b'-- Up-to-date: /home/pavel/ws_ros2/install/px4_msgs/include/px4_msgs/px4_msgs/msg/detail/rate_ctrl_status__builder.hpp\n'}
[5.911770] (px4_msgs) StdoutLine: {'line': b'-- Up-to-date: /home/pavel/ws_ros2/install/px4_msgs/include/px4_msgs/px4_msgs/msg/detail/vehicle_attitude_setpoint__builder.hpp\n'}
[5.911884] (px4_msgs) StdoutLine: {'line': b'-- Up-to-date: /home/pavel/ws_ros2/install/px4_msgs/include/px4_msgs/px4_msgs/msg/detail/obstacle_distance__traits.hpp\n'}
[5.911992] (px4_msgs) StdoutLine: {'line': b'-- Up-to-date: /home/pavel/ws_ros2/install/px4_msgs/include/px4_msgs/px4_msgs/msg/detail/action_request__builder.hpp\n'}
[5.912088] (px4_msgs) StdoutLine: {'line': b'-- Up-to-date: /home/pavel/ws_ros2/install/px4_msgs/include/px4_msgs/px4_msgs/msg/detail/ping__struct.hpp\n'}
[5.912206] (px4_msgs) StdoutLine: {'line': b'-- Up-to-date: /home/pavel/ws_ros2/install/px4_msgs/include/px4_msgs/px4_msgs/msg/detail/gimbal_manager_information__traits.hpp\n'}
[5.912316] (px4_msgs) StdoutLine: {'line': b'-- Up-to-date: /home/pavel/ws_ros2/install/px4_msgs/include/px4_msgs/px4_msgs/msg/detail/estimator_selector_status__builder.hpp\n'}
[5.912480] (px4_msgs) StdoutLine: {'line': b'-- Up-to-date: /home/pavel/ws_ros2/install/px4_msgs/include/px4_msgs/px4_msgs/msg/detail/sensor_mag__struct.hpp\n'}
[5.912602] (px4_msgs) StdoutLine: {'line': b'-- Up-to-date: /home/pavel/ws_ros2/install/px4_msgs/include/px4_msgs/px4_msgs/msg/detail/debug_value__struct.hpp\n'}
[5.912751] (px4_msgs) StdoutLine: {'line': b'-- Up-to-date: /home/pavel/ws_ros2/install/px4_msgs/include/px4_msgs/px4_msgs/msg/detail/tecs_status__struct.hpp\n'}
[5.912885] (px4_msgs) StdoutLine: {'line': b'-- Up-to-date: /home/pavel/ws_ros2/install/px4_msgs/include/px4_msgs/px4_msgs/msg/detail/sensor_gyro_fft__traits.hpp\n'}
[5.912985] (px4_msgs) StdoutLine: {'line': b'-- Up-to-date: /home/pavel/ws_ros2/install/px4_msgs/include/px4_msgs/px4_msgs/msg/detail/follow_target_estimator__builder.hpp\n'}
[5.913078] (px4_msgs) StdoutLine: {'line': b'-- Up-to-date: /home/pavel/ws_ros2/install/px4_msgs/include/px4_msgs/px4_msgs/msg/detail/airspeed__struct.hpp\n'}
[5.913174] (px4_msgs) StdoutLine: {'line': b'-- Up-to-date: /home/pavel/ws_ros2/install/px4_msgs/include/px4_msgs/px4_msgs/msg/detail/gpio_in__traits.hpp\n'}
[5.913321] (px4_msgs) StdoutLine: {'line': b'-- Up-to-date: /home/pavel/ws_ros2/install/px4_msgs/include/px4_msgs/px4_msgs/msg/detail/landing_gear__traits.hpp\n'}
[5.913487] (px4_msgs) StdoutLine: {'line': b'-- Up-to-date: /home/pavel/ws_ros2/install/px4_msgs/include/px4_msgs/px4_msgs/msg/detail/vehicle_attitude__builder.hpp\n'}
[5.913662] (px4_msgs) StdoutLine: {'line': b'-- Up-to-date: /home/pavel/ws_ros2/install/px4_msgs/include/px4_msgs/px4_msgs/msg/detail/failsafe_flags__type_support.hpp\n'}
[5.913839] (px4_msgs) StdoutLine: {'line': b'-- Up-to-date: /home/pavel/ws_ros2/install/px4_msgs/include/px4_msgs/px4_msgs/msg/detail/manual_control_setpoint__builder.hpp\n'}
[5.914000] (px4_msgs) StdoutLine: {'line': b'-- Up-to-date: /home/pavel/ws_ros2/install/px4_msgs/include/px4_msgs/px4_msgs/msg/detail/sensor_gyro__builder.hpp\n'}
[5.914150] (px4_msgs) StdoutLine: {'line': b'-- Up-to-date: /home/pavel/ws_ros2/install/px4_msgs/include/px4_msgs/px4_msgs/msg/detail/ulog_stream_ack__type_support.hpp\n'}
[5.914279] (px4_msgs) StdoutLine: {'line': b'-- Up-to-date: /home/pavel/ws_ros2/install/px4_msgs/include/px4_msgs/px4_msgs/msg/detail/vehicle_air_data__type_support.hpp\n'}
[5.914467] (px4_msgs) StdoutLine: {'line': b'-- Up-to-date: /home/pavel/ws_ros2/install/px4_msgs/include/px4_msgs/px4_msgs/msg/detail/sensor_combined__struct.hpp\n'}
[5.914638] (px4_msgs) StdoutLine: {'line': b'-- Up-to-date: /home/pavel/ws_ros2/install/px4_msgs/include/px4_msgs/px4_msgs/msg/detail/actuator_controls_status__type_support.hpp\n'}
[5.914814] (px4_msgs) StdoutLine: {'line': b'-- Up-to-date: /home/pavel/ws_ros2/install/px4_msgs/include/px4_msgs/px4_msgs/msg/detail/mavlink_tunnel__traits.hpp\n'}
[5.914979] (px4_msgs) StdoutLine: {'line': b'-- Up-to-date: /home/pavel/ws_ros2/install/px4_msgs/include/px4_msgs/px4_msgs/msg/detail/vehicle_trajectory_waypoint__type_support.hpp\n'}
[5.915156] (px4_msgs) StdoutLine: {'line': b'-- Up-to-date: /home/pavel/ws_ros2/install/px4_msgs/include/px4_msgs/px4_msgs/msg/detail/actuator_servos_trim__struct.hpp\n'}
[5.915309] (px4_msgs) StdoutLine: {'line': b'-- Up-to-date: /home/pavel/ws_ros2/install/px4_msgs/include/px4_msgs/px4_msgs/msg/detail/launch_detection_status__traits.hpp\n'}
[5.915462] (px4_msgs) StdoutLine: {'line': b'-- Up-to-date: /home/pavel/ws_ros2/install/px4_msgs/include/px4_msgs/px4_msgs/msg/detail/gpio_config__builder.hpp\n'}
[5.915629] (px4_msgs) StdoutLine: {'line': b'-- Up-to-date: /home/pavel/ws_ros2/install/px4_msgs/include/px4_msgs/px4_msgs/msg/detail/gripper__traits.hpp\n'}
[5.915772] (px4_msgs) StdoutLine: {'line': b'-- Up-to-date: /home/pavel/ws_ros2/install/px4_msgs/include/px4_msgs/px4_msgs/msg/detail/gpio_out__builder.hpp\n'}
[5.915950] (px4_msgs) StdoutLine: {'line': b'-- Up-to-date: /home/pavel/ws_ros2/install/px4_msgs/include/px4_msgs/px4_msgs/msg/detail/onboard_computer_status__type_support.hpp\n'}
[5.916124] (px4_msgs) StdoutLine: {'line': b'-- Up-to-date: /home/pavel/ws_ros2/install/px4_msgs/include/px4_msgs/px4_msgs/msg/detail/wind__struct.hpp\n'}
[5.916287] (px4_msgs) StdoutLine: {'line': b'-- Up-to-date: /home/pavel/ws_ros2/install/px4_msgs/include/px4_msgs/px4_msgs/msg/detail/orb_test__struct.hpp\n'}
[5.916461] (px4_msgs) StdoutLine: {'line': b'-- Up-to-date: /home/pavel/ws_ros2/install/px4_msgs/include/px4_msgs/px4_msgs/msg/detail/position_setpoint__builder.hpp\n'}
[5.916801] (px4_msgs) StdoutLine: {'line': b'-- Up-to-date: /home/pavel/ws_ros2/install/px4_msgs/include/px4_msgs/px4_msgs/msg/detail/actuator_test__struct.hpp\n'}
[5.916978] (px4_msgs) StdoutLine: {'line': b'-- Up-to-date: /home/pavel/ws_ros2/install/px4_msgs/include/px4_msgs/px4_msgs/msg/detail/geofence_result__builder.hpp\n'}
[5.917141] (px4_msgs) StdoutLine: {'line': b'-- Up-to-date: /home/pavel/ws_ros2/install/px4_msgs/include/px4_msgs/px4_msgs/msg/detail/gimbal_manager_set_manual_control__builder.hpp\n'}
[5.917313] (px4_msgs) StdoutLine: {'line': b'-- Up-to-date: /home/pavel/ws_ros2/install/px4_msgs/include/px4_msgs/px4_msgs/msg/detail/debug_value__builder.hpp\n'}
[5.917481] (px4_msgs) StdoutLine: {'line': b'-- Up-to-date: /home/pavel/ws_ros2/install/px4_msgs/include/px4_msgs/px4_msgs/msg/detail/gimbal_manager_set_attitude__builder.hpp\n'}
[5.917672] (px4_msgs) StdoutLine: {'line': b'-- Up-to-date: /home/pavel/ws_ros2/install/px4_msgs/include/px4_msgs/px4_msgs/msg/detail/config_overrides__struct.hpp\n'}
[5.917825] (px4_msgs) StdoutLine: {'line': b'-- Up-to-date: /home/pavel/ws_ros2/install/px4_msgs/include/px4_msgs/px4_msgs/msg/detail/irlock_report__traits.hpp\n'}
[5.917978] (px4_msgs) StdoutLine: {'line': b'-- Up-to-date: /home/pavel/ws_ros2/install/px4_msgs/include/px4_msgs/px4_msgs/msg/detail/gimbal_manager_set_manual_control__traits.hpp\n'}
[5.918130] (px4_msgs) StdoutLine: {'line': b'-- Up-to-date: /home/pavel/ws_ros2/install/px4_msgs/include/px4_msgs/px4_msgs/msg/detail/message_format_response__builder.hpp\n'}
[5.918302] (px4_msgs) StdoutLine: {'line': b'-- Up-to-date: /home/pavel/ws_ros2/install/px4_msgs/include/px4_msgs/px4_msgs/msg/detail/sensors_status_imu__type_support.hpp\n'}
[5.918479] (px4_msgs) StdoutLine: {'line': b'-- Up-to-date: /home/pavel/ws_ros2/install/px4_msgs/include/px4_msgs/px4_msgs/msg/detail/flight_phase_estimation__struct.hpp\n'}
[5.918666] (px4_msgs) StdoutLine: {'line': b'-- Up-to-date: /home/pavel/ws_ros2/install/px4_msgs/include/px4_msgs/px4_msgs/msg/detail/sensor_correction__builder.hpp\n'}
[5.918825] (px4_msgs) StdoutLine: {'line': b'-- Up-to-date: /home/pavel/ws_ros2/install/px4_msgs/include/px4_msgs/px4_msgs/msg/detail/debug_array__traits.hpp\n'}
[5.918984] (px4_msgs) StdoutLine: {'line': b'-- Up-to-date: /home/pavel/ws_ros2/install/px4_msgs/include/px4_msgs/px4_msgs/msg/detail/task_stack_info__traits.hpp\n'}
[5.919158] (px4_msgs) StdoutLine: {'line': b'-- Up-to-date: /home/pavel/ws_ros2/install/px4_msgs/include/px4_msgs/px4_msgs/msg/detail/mavlink_log__type_support.hpp\n'}
[5.919317] (px4_msgs) StdoutLine: {'line': b'-- Up-to-date: /home/pavel/ws_ros2/install/px4_msgs/include/px4_msgs/px4_msgs/msg/detail/unregister_ext_component__builder.hpp\n'}
[5.919484] (px4_msgs) StdoutLine: {'line': b'-- Up-to-date: /home/pavel/ws_ros2/install/px4_msgs/include/px4_msgs/px4_msgs/msg/detail/event__struct.hpp\n'}
[5.919659] (px4_msgs) StdoutLine: {'line': b'-- Up-to-date: /home/pavel/ws_ros2/install/px4_msgs/include/px4_msgs/px4_msgs/msg/detail/gpio_out__traits.hpp\n'}
[5.919824] (px4_msgs) StdoutLine: {'line': b'-- Up-to-date: /home/pavel/ws_ros2/install/px4_msgs/include/px4_msgs/px4_msgs/msg/detail/manual_control_switches__type_support.hpp\n'}
[5.920001] (px4_msgs) StdoutLine: {'line': b'-- Up-to-date: /home/pavel/ws_ros2/install/px4_msgs/include/px4_msgs/px4_msgs/msg/detail/landing_target_innovations__builder.hpp\n'}
[5.920160] (px4_msgs) StdoutLine: {'line': b'-- Up-to-date: /home/pavel/ws_ros2/install/px4_msgs/include/px4_msgs/px4_msgs/msg/detail/gimbal_device_attitude_status__traits.hpp\n'}
[5.920336] (px4_msgs) StdoutLine: {'line': b'-- Up-to-date: /home/pavel/ws_ros2/install/px4_msgs/include/px4_msgs/px4_msgs/msg/detail/gimbal_manager_set_manual_control__struct.hpp\n'}
[5.920494] (px4_msgs) StdoutLine: {'line': b'-- Up-to-date: /home/pavel/ws_ros2/install/px4_msgs/include/px4_msgs/px4_msgs/msg/detail/vehicle_optical_flow__struct.hpp\n'}
[5.920642] (px4_msgs) StdoutLine: {'line': b'-- Up-to-date: /home/pavel/ws_ros2/install/px4_msgs/include/px4_msgs/px4_msgs/msg/detail/failure_detector_status__builder.hpp\n'}
[5.920798] (px4_msgs) StdoutLine: {'line': b'-- Up-to-date: /home/pavel/ws_ros2/install/px4_msgs/include/px4_msgs/px4_msgs/msg/detail/launch_detection_status__builder.hpp\n'}
[5.920973] (px4_msgs) StdoutLine: {'line': b'-- Up-to-date: /home/pavel/ws_ros2/install/px4_msgs/include/px4_msgs/px4_msgs/msg/detail/vehicle_local_position_setpoint__builder.hpp\n'}
[5.921144] (px4_msgs) StdoutLine: {'line': b'-- Up-to-date: /home/pavel/ws_ros2/install/px4_msgs/include/px4_msgs/px4_msgs/msg/detail/uavcan_parameter_value__traits.hpp\n'}
[5.921299] (px4_msgs) StdoutLine: {'line': b'-- Up-to-date: /home/pavel/ws_ros2/install/px4_msgs/include/px4_msgs/px4_msgs/msg/detail/gpio_in__builder.hpp\n'}
[5.921468] (px4_msgs) StdoutLine: {'line': b'-- Up-to-date: /home/pavel/ws_ros2/install/px4_msgs/include/px4_msgs/px4_msgs/msg/detail/button_event__struct.hpp\n'}
[5.921649] (px4_msgs) StdoutLine: {'line': b'-- Up-to-date: /home/pavel/ws_ros2/install/px4_msgs/include/px4_msgs/px4_msgs/msg/detail/rc_parameter_map__builder.hpp\n'}
[5.921826] (px4_msgs) StdoutLine: {'line': b'-- Up-to-date: /home/pavel/ws_ros2/install/px4_msgs/include/px4_msgs/px4_msgs/msg/detail/takeoff_status__builder.hpp\n'}
[5.921994] (px4_msgs) StdoutLine: {'line': b'-- Up-to-date: /home/pavel/ws_ros2/install/px4_msgs/include/px4_msgs/px4_msgs/msg/detail/gimbal_manager_set_attitude__type_support.hpp\n'}
[5.922170] (px4_msgs) StdoutLine: {'line': b'-- Up-to-date: /home/pavel/ws_ros2/install/px4_msgs/include/px4_msgs/px4_msgs/msg/detail/parameter_set_used_request__type_support.hpp\n'}
[5.922331] (px4_msgs) StdoutLine: {'line': b'-- Up-to-date: /home/pavel/ws_ros2/install/px4_msgs/include/px4_msgs/px4_msgs/msg/detail/estimator_bias__builder.hpp\n'}
[5.922495] (px4_msgs) StdoutLine: {'line': b'-- Up-to-date: /home/pavel/ws_ros2/install/px4_msgs/include/px4_msgs/px4_msgs/msg/detail/sensor_airflow__builder.hpp\n'}
[5.922679] (px4_msgs) StdoutLine: {'line': b'-- Up-to-date: /home/pavel/ws_ros2/install/px4_msgs/include/px4_msgs/px4_msgs/msg/detail/sensor_gyro_fifo__type_support.hpp\n'}
[5.922842] (px4_msgs) StdoutLine: {'line': b'-- Up-to-date: /home/pavel/ws_ros2/install/px4_msgs/include/px4_msgs/px4_msgs/msg/detail/gimbal_controls__traits.hpp\n'}
[5.923015] (px4_msgs) StdoutLine: {'line': b'-- Up-to-date: /home/pavel/ws_ros2/install/px4_msgs/include/px4_msgs/px4_msgs/msg/detail/parameter_update__traits.hpp\n'}
[5.923166] (px4_msgs) StdoutLine: {'line': b'-- Up-to-date: /home/pavel/ws_ros2/install/px4_msgs/include/px4_msgs/px4_msgs/msg/detail/vtol_vehicle_status__type_support.hpp\n'}
[5.923319] (-) TimerEvent: {}
[5.923460] (px4_msgs) StdoutLine: {'line': b'-- Up-to-date: /home/pavel/ws_ros2/install/px4_msgs/include/px4_msgs/px4_msgs/msg/detail/tiltrotor_extra_controls__type_support.hpp\n'}
[5.923647] (px4_msgs) StdoutLine: {'line': b'-- Up-to-date: /home/pavel/ws_ros2/install/px4_msgs/include/px4_msgs/px4_msgs/msg/detail/vehicle_control_mode__struct.hpp\n'}
[5.923823] (px4_msgs) StdoutLine: {'line': b'-- Up-to-date: /home/pavel/ws_ros2/install/px4_msgs/include/px4_msgs/px4_msgs/msg/detail/rtl_time_estimate__traits.hpp\n'}
[5.923979] (px4_msgs) StdoutLine: {'line': b'-- Up-to-date: /home/pavel/ws_ros2/install/px4_msgs/include/px4_msgs/px4_msgs/msg/detail/orb_test_medium__type_support.hpp\n'}
[5.924141] (px4_msgs) StdoutLine: {'line': b'-- Up-to-date: /home/pavel/ws_ros2/install/px4_msgs/include/px4_msgs/px4_msgs/msg/detail/estimator_sensor_bias__builder.hpp\n'}
[5.924303] (px4_msgs) StdoutLine: {'line': b'-- Up-to-date: /home/pavel/ws_ros2/install/px4_msgs/include/px4_msgs/px4_msgs/msg/detail/npfg_status__struct.hpp\n'}
[5.924475] (px4_msgs) StdoutLine: {'line': b'-- Up-to-date: /home/pavel/ws_ros2/install/px4_msgs/include/px4_msgs/px4_msgs/msg/detail/estimator_event_flags__builder.hpp\n'}
[5.924652] (px4_msgs) StdoutLine: {'line': b'-- Up-to-date: /home/pavel/ws_ros2/install/px4_msgs/include/px4_msgs/px4_msgs/msg/detail/cellular_status__traits.hpp\n'}
[5.924808] (px4_msgs) StdoutLine: {'line': b'-- Up-to-date: /home/pavel/ws_ros2/install/px4_msgs/include/px4_msgs/px4_msgs/msg/detail/velocity_limits__type_support.hpp\n'}
[5.924969] (px4_msgs) StdoutLine: {'line': b'-- Up-to-date: /home/pavel/ws_ros2/install/px4_msgs/include/px4_msgs/px4_msgs/msg/detail/uavcan_parameter_value__struct.hpp\n'}
[5.925132] (px4_msgs) StdoutLine: {'line': b'-- Up-to-date: /home/pavel/ws_ros2/install/px4_msgs/include/px4_msgs/px4_msgs/msg/detail/orb_test_large__struct.hpp\n'}
[5.925308] (px4_msgs) StdoutLine: {'line': b'-- Up-to-date: /home/pavel/ws_ros2/install/px4_msgs/include/px4_msgs/px4_msgs/msg/detail/esc_report__type_support.hpp\n'}
[5.925471] (px4_msgs) StdoutLine: {'line': b'-- Up-to-date: /home/pavel/ws_ros2/install/px4_msgs/include/px4_msgs/px4_msgs/msg/detail/sensor_accel_fifo__struct.hpp\n'}
[5.925652] (px4_msgs) StdoutLine: {'line': b'-- Up-to-date: /home/pavel/ws_ros2/install/px4_msgs/include/px4_msgs/px4_msgs/msg/detail/debug_vect__type_support.hpp\n'}
[5.925807] (px4_msgs) StdoutLine: {'line': b'-- Up-to-date: /home/pavel/ws_ros2/install/px4_msgs/include/px4_msgs/px4_msgs/msg/detail/gimbal_device_information__type_support.hpp\n'}
[5.925952] (px4_msgs) StdoutLine: {'line': b'-- Up-to-date: /home/pavel/ws_ros2/install/px4_msgs/include/px4_msgs/px4_msgs/msg/detail/estimator_innovations__builder.hpp\n'}
[5.926129] (px4_msgs) StdoutLine: {'line': b'-- Up-to-date: /home/pavel/ws_ros2/install/px4_msgs/include/px4_msgs/px4_msgs/msg/detail/esc_report__traits.hpp\n'}
[5.926296] (px4_msgs) StdoutLine: {'line': b'-- Up-to-date: /home/pavel/ws_ros2/install/px4_msgs/include/px4_msgs/px4_msgs/msg/detail/goto_setpoint__builder.hpp\n'}
[5.926450] (px4_msgs) StdoutLine: {'line': b'-- Up-to-date: /home/pavel/ws_ros2/install/px4_msgs/include/px4_msgs/px4_msgs/msg/detail/qshell_retval__struct.hpp\n'}
[5.926619] (px4_msgs) StdoutLine: {'line': b'-- Up-to-date: /home/pavel/ws_ros2/install/px4_msgs/include/px4_msgs/px4_msgs/msg/detail/landing_target_pose__builder.hpp\n'}
[5.926796] (px4_msgs) StdoutLine: {'line': b'-- Up-to-date: /home/pavel/ws_ros2/install/px4_msgs/include/px4_msgs/px4_msgs/msg/detail/button_event__traits.hpp\n'}
[5.926960] (px4_msgs) StdoutLine: {'line': b'-- Up-to-date: /home/pavel/ws_ros2/install/px4_msgs/include/px4_msgs/px4_msgs/msg/detail/vehicle_angular_acceleration_setpoint__traits.hpp\n'}
[5.927125] (px4_msgs) StdoutLine: {'line': b'-- Up-to-date: /home/pavel/ws_ros2/install/px4_msgs/include/px4_msgs/px4_msgs/msg/detail/sensor_baro__struct.hpp\n'}
[5.927299] (px4_msgs) StdoutLine: {'line': b'-- Up-to-date: /home/pavel/ws_ros2/install/px4_msgs/include/px4_msgs/px4_msgs/msg/detail/vehicle_torque_setpoint__type_support.hpp\n'}
[5.927460] (px4_msgs) StdoutLine: {'line': b'-- Up-to-date: /home/pavel/ws_ros2/install/px4_msgs/include/px4_msgs/px4_msgs/msg/detail/orb_test__traits.hpp\n'}
[5.927643] (px4_msgs) StdoutLine: {'line': b'-- Up-to-date: /home/pavel/ws_ros2/install/px4_msgs/include/px4_msgs/px4_msgs/msg/detail/gpio_in__type_support.hpp\n'}
[5.927798] (px4_msgs) StdoutLine: {'line': b'-- Up-to-date: /home/pavel/ws_ros2/install/px4_msgs/include/px4_msgs/px4_msgs/msg/detail/rpm__type_support.hpp\n'}
[5.927970] (px4_msgs) StdoutLine: {'line': b'-- Up-to-date: /home/pavel/ws_ros2/install/px4_msgs/include/px4_msgs/px4_msgs/msg/detail/vehicle_acceleration__traits.hpp\n'}
[5.928132] (px4_msgs) StdoutLine: {'line': b'-- Up-to-date: /home/pavel/ws_ros2/install/px4_msgs/include/px4_msgs/px4_msgs/msg/detail/satellite_info__struct.hpp\n'}
[5.928284] (px4_msgs) StdoutLine: {'line': b'-- Up-to-date: /home/pavel/ws_ros2/install/px4_msgs/include/px4_msgs/px4_msgs/msg/detail/wind__traits.hpp\n'}
[5.928434] (px4_msgs) StdoutLine: {'line': b'-- Up-to-date: /home/pavel/ws_ros2/install/px4_msgs/include/px4_msgs/px4_msgs/msg/detail/battery_status__traits.hpp\n'}
[5.928593] (px4_msgs) StdoutLine: {'line': b'-- Up-to-date: /home/pavel/ws_ros2/install/px4_msgs/include/px4_msgs/px4_msgs/msg/detail/trajectory_bezier__type_support.hpp\n'}
[5.928759] (px4_msgs) StdoutLine: {'line': b'-- Up-to-date: /home/pavel/ws_ros2/install/px4_msgs/include/px4_msgs/px4_msgs/msg/detail/tecs_status__traits.hpp\n'}
[5.928923] (px4_msgs) StdoutLine: {'line': b'-- Up-to-date: /home/pavel/ws_ros2/install/px4_msgs/include/px4_msgs/px4_msgs/msg/detail/gimbal_device_information__struct.hpp\n'}
[5.929088] (px4_msgs) StdoutLine: {'line': b'-- Up-to-date: /home/pavel/ws_ros2/install/px4_msgs/include/px4_msgs/px4_msgs/msg/detail/failure_detector_status__struct.hpp\n'}
[5.929260] (px4_msgs) StdoutLine: {'line': b'-- Up-to-date: /home/pavel/ws_ros2/install/px4_msgs/include/px4_msgs/px4_msgs/msg/detail/vehicle_status__builder.hpp\n'}
[5.929422] (px4_msgs) StdoutLine: {'line': b'-- Up-to-date: /home/pavel/ws_ros2/install/px4_msgs/include/px4_msgs/px4_msgs/msg/detail/parameter_set_used_request__builder.hpp\n'}
[5.929585] (px4_msgs) StdoutLine: {'line': b'-- Up-to-date: /home/pavel/ws_ros2/install/px4_msgs/include/px4_msgs/px4_msgs/msg/detail/gpio_request__type_support.hpp\n'}
[5.929758] (px4_msgs) StdoutLine: {'line': b'-- Up-to-date: /home/pavel/ws_ros2/install/px4_msgs/include/px4_msgs/px4_msgs/msg/detail/landing_gear_wheel__type_support.hpp\n'}
[5.929909] (px4_msgs) StdoutLine: {'line': b'-- Up-to-date: /home/pavel/ws_ros2/install/px4_msgs/include/px4_msgs/px4_msgs/msg/detail/trajectory_waypoint__type_support.hpp\n'}
[5.930057] (px4_msgs) StdoutLine: {'line': b'-- Up-to-date: /home/pavel/ws_ros2/install/px4_msgs/include/px4_msgs/px4_msgs/msg/detail/manual_control_switches__builder.hpp\n'}
[5.930158] (px4_msgs) StdoutLine: {'line': b'-- Up-to-date: /home/pavel/ws_ros2/install/px4_msgs/include/px4_msgs/px4_msgs/msg/detail/fuel_tank_status__struct.hpp\n'}
[5.930260] (px4_msgs) StdoutLine: {'line': b'-- Up-to-date: /home/pavel/ws_ros2/install/px4_msgs/include/px4_msgs/px4_msgs/msg/detail/sensor_optical_flow__type_support.hpp\n'}
[5.930387] (px4_msgs) StdoutLine: {'line': b'-- Up-to-date: /home/pavel/ws_ros2/install/px4_msgs/include/px4_msgs/px4_msgs/msg/detail/vehicle_air_data__builder.hpp\n'}
[5.930497] (px4_msgs) StdoutLine: {'line': b'-- Up-to-date: /home/pavel/ws_ros2/install/px4_msgs/include/px4_msgs/px4_msgs/msg/detail/mavlink_tunnel__builder.hpp\n'}
[5.930617] (px4_msgs) StdoutLine: {'line': b'-- Up-to-date: /home/pavel/ws_ros2/install/px4_msgs/include/px4_msgs/px4_msgs/msg/detail/tune_control__struct.hpp\n'}
[5.930732] (px4_msgs) StdoutLine: {'line': b'-- Up-to-date: /home/pavel/ws_ros2/install/px4_msgs/include/px4_msgs/px4_msgs/msg/detail/vehicle_acceleration__type_support.hpp\n'}
[5.930825] (px4_msgs) StdoutLine: {'line': b'-- Up-to-date: /home/pavel/ws_ros2/install/px4_msgs/include/px4_msgs/px4_msgs/msg/detail/wind__type_support.hpp\n'}
[5.930907] (px4_msgs) StdoutLine: {'line': b'-- Up-to-date: /home/pavel/ws_ros2/install/px4_msgs/include/px4_msgs/px4_msgs/msg/detail/airspeed_wind__builder.hpp\n'}
[5.930989] (px4_msgs) StdoutLine: {'line': b'-- Up-to-date: /home/pavel/ws_ros2/install/px4_msgs/include/px4_msgs/px4_msgs/msg/detail/transponder_report__traits.hpp\n'}
[5.931071] (px4_msgs) StdoutLine: {'line': b'-- Up-to-date: /home/pavel/ws_ros2/install/px4_msgs/include/px4_msgs/px4_msgs/msg/detail/led_control__builder.hpp\n'}
[5.931153] (px4_msgs) StdoutLine: {'line': b'-- Up-to-date: /home/pavel/ws_ros2/install/px4_msgs/include/px4_msgs/px4_msgs/msg/detail/actuator_controls_status__struct.hpp\n'}
[5.931242] (px4_msgs) StdoutLine: {'line': b'-- Up-to-date: /home/pavel/ws_ros2/install/px4_msgs/include/px4_msgs/px4_msgs/msg/detail/actuator_servos__struct.hpp\n'}
[5.931326] (px4_msgs) StdoutLine: {'line': b'-- Up-to-date: /home/pavel/ws_ros2/install/px4_msgs/include/px4_msgs/px4_msgs/msg/detail/sensor_accel__type_support.hpp\n'}
[5.931408] (px4_msgs) StdoutLine: {'line': b'-- Up-to-date: /home/pavel/ws_ros2/install/px4_msgs/include/px4_msgs/px4_msgs/msg/detail/debug_array__type_support.hpp\n'}
[5.931490] (px4_msgs) StdoutLine: {'line': b'-- Up-to-date: /home/pavel/ws_ros2/install/px4_msgs/include/px4_msgs/px4_msgs/msg/detail/px4io_status__traits.hpp\n'}
[5.931572] (px4_msgs) StdoutLine: {'line': b'-- Up-to-date: /home/pavel/ws_ros2/install/px4_msgs/include/px4_msgs/px4_msgs/msg/detail/vehicle_acceleration__builder.hpp\n'}
[5.931640] (px4_msgs) StdoutLine: {'line': b'-- Up-to-date: /home/pavel/ws_ros2/install/px4_msgs/include/px4_msgs/px4_msgs/msg/detail/gps_inject_data__builder.hpp\n'}
[5.931689] (px4_msgs) StdoutLine: {'line': b'-- Up-to-date: /home/pavel/ws_ros2/install/px4_msgs/include/px4_msgs/px4_msgs/msg/detail/mavlink_log__traits.hpp\n'}
[5.931737] (px4_msgs) StdoutLine: {'line': b'-- Up-to-date: /home/pavel/ws_ros2/install/px4_msgs/include/px4_msgs/px4_msgs/msg/detail/differential_drive_setpoint__type_support.hpp\n'}
[5.931785] (px4_msgs) StdoutLine: {'line': b'-- Up-to-date: /home/pavel/ws_ros2/install/px4_msgs/include/px4_msgs/px4_msgs/msg/detail/vehicle_command__builder.hpp\n'}
[5.931832] (px4_msgs) StdoutLine: {'line': b'-- Up-to-date: /home/pavel/ws_ros2/install/px4_msgs/include/px4_msgs/px4_msgs/msg/detail/orbit_status__traits.hpp\n'}
[5.931878] (px4_msgs) StdoutLine: {'line': b'-- Up-to-date: /home/pavel/ws_ros2/install/px4_msgs/include/px4_msgs/px4_msgs/msg/detail/adc_report__builder.hpp\n'}
[5.931924] (px4_msgs) StdoutLine: {'line': b'-- Up-to-date: /home/pavel/ws_ros2/install/px4_msgs/include/px4_msgs/px4_msgs/msg/detail/gripper__builder.hpp\n'}
[5.931971] (px4_msgs) StdoutLine: {'line': b'-- Up-to-date: /home/pavel/ws_ros2/install/px4_msgs/include/px4_msgs/px4_msgs/msg/detail/vehicle_thrust_setpoint__type_support.hpp\n'}
[5.932018] (px4_msgs) StdoutLine: {'line': b'-- Up-to-date: /home/pavel/ws_ros2/install/px4_msgs/include/px4_msgs/px4_msgs/msg/detail/position_controller_landing_status__struct.hpp\n'}
[5.932064] (px4_msgs) StdoutLine: {'line': b'-- Up-to-date: /home/pavel/ws_ros2/install/px4_msgs/include/px4_msgs/px4_msgs/msg/detail/gimbal_controls__type_support.hpp\n'}
[5.932117] (px4_msgs) StdoutLine: {'line': b'-- Up-to-date: /home/pavel/ws_ros2/install/px4_msgs/include/px4_msgs/px4_msgs/msg/detail/actuator_test__builder.hpp\n'}
[5.932168] (px4_msgs) StdoutLine: {'line': b'-- Up-to-date: /home/pavel/ws_ros2/install/px4_msgs/include/px4_msgs/px4_msgs/msg/detail/follow_target_estimator__traits.hpp\n'}
[5.932216] (px4_msgs) StdoutLine: {'line': b'-- Up-to-date: /home/pavel/ws_ros2/install/px4_msgs/include/px4_msgs/px4_msgs/msg/detail/cpuload__type_support.hpp\n'}
[5.932263] (px4_msgs) StdoutLine: {'line': b'-- Up-to-date: /home/pavel/ws_ros2/install/px4_msgs/include/px4_msgs/px4_msgs/msg/detail/landing_gear_wheel__traits.hpp\n'}
[5.932322] (px4_msgs) StdoutLine: {'line': b'-- Up-to-date: /home/pavel/ws_ros2/install/px4_msgs/include/px4_msgs/px4_msgs/msg/detail/vehicle_angular_acceleration_setpoint__builder.hpp\n'}
[5.932368] (px4_msgs) StdoutLine: {'line': b'-- Up-to-date: /home/pavel/ws_ros2/install/px4_msgs/include/px4_msgs/px4_msgs/msg/detail/generator_status__struct.hpp\n'}
[5.932413] (px4_msgs) StdoutLine: {'line': b'-- Up-to-date: /home/pavel/ws_ros2/install/px4_msgs/include/px4_msgs/px4_msgs/msg/detail/follow_target__traits.hpp\n'}
[5.932458] (px4_msgs) StdoutLine: {'line': b'-- Up-to-date: /home/pavel/ws_ros2/install/px4_msgs/include/px4_msgs/px4_msgs/msg/detail/buffer128__struct.hpp\n'}
[5.932503] (px4_msgs) StdoutLine: {'line': b'-- Up-to-date: /home/pavel/ws_ros2/install/px4_msgs/include/px4_msgs/px4_msgs/msg/detail/actuator_servos_trim__builder.hpp\n'}
[5.932548] (px4_msgs) StdoutLine: {'line': b'-- Up-to-date: /home/pavel/ws_ros2/install/px4_msgs/include/px4_msgs/px4_msgs/msg/detail/message_format_response__struct.hpp\n'}
[5.932644] (px4_msgs) StdoutLine: {'line': b'-- Up-to-date: /home/pavel/ws_ros2/install/px4_msgs/include/px4_msgs/px4_msgs/msg/detail/vehicle_air_data__struct.hpp\n'}
[5.932693] (px4_msgs) StdoutLine: {'line': b'-- Up-to-date: /home/pavel/ws_ros2/install/px4_msgs/include/px4_msgs/px4_msgs/msg/detail/autotune_attitude_control_status__type_support.hpp\n'}
[5.932739] (px4_msgs) StdoutLine: {'line': b'-- Up-to-date: /home/pavel/ws_ros2/install/px4_msgs/include/px4_msgs/px4_msgs/msg/detail/vehicle_local_position__type_support.hpp\n'}
[5.932784] (px4_msgs) StdoutLine: {'line': b'-- Up-to-date: /home/pavel/ws_ros2/install/px4_msgs/include/px4_msgs/px4_msgs/msg/detail/vehicle_rates_setpoint__type_support.hpp\n'}
[5.932828] (px4_msgs) StdoutLine: {'line': b'-- Up-to-date: /home/pavel/ws_ros2/install/px4_msgs/include/px4_msgs/px4_msgs/msg/detail/home_position__traits.hpp\n'}
[5.932873] (px4_msgs) StdoutLine: {'line': b'-- Up-to-date: /home/pavel/ws_ros2/install/px4_msgs/include/px4_msgs/px4_msgs/msg/detail/normalized_unsigned_setpoint__struct.hpp\n'}
[5.932917] (px4_msgs) StdoutLine: {'line': b'-- Up-to-date: /home/pavel/ws_ros2/install/px4_msgs/include/px4_msgs/px4_msgs/msg/detail/gps_dump__type_support.hpp\n'}
[5.932962] (px4_msgs) StdoutLine: {'line': b'-- Up-to-date: /home/pavel/ws_ros2/install/px4_msgs/include/px4_msgs/px4_msgs/msg/detail/estimator_aid_source2d__type_support.hpp\n'}
[5.933006] (px4_msgs) StdoutLine: {'line': b'-- Up-to-date: /home/pavel/ws_ros2/install/px4_msgs/include/px4_msgs/px4_msgs/msg/detail/estimator_aid_source2d__builder.hpp\n'}
[5.933052] (px4_msgs) StdoutLine: {'line': b'-- Up-to-date: /home/pavel/ws_ros2/install/px4_msgs/include/px4_msgs/px4_msgs/msg/detail/rc_parameter_map__struct.hpp\n'}
[5.933097] (px4_msgs) StdoutLine: {'line': b'-- Up-to-date: /home/pavel/ws_ros2/install/px4_msgs/include/px4_msgs/px4_msgs/msg/detail/estimator_gps_status__struct.hpp\n'}
[5.933142] (px4_msgs) StdoutLine: {'line': b'-- Up-to-date: /home/pavel/ws_ros2/install/px4_msgs/include/px4_msgs/px4_msgs/msg/detail/vehicle_odometry__struct.hpp\n'}
[5.933187] (px4_msgs) StdoutLine: {'line': b'-- Up-to-date: /home/pavel/ws_ros2/install/px4_msgs/include/px4_msgs/px4_msgs/msg/detail/sensors_status_imu__builder.hpp\n'}
[5.933237] (px4_msgs) StdoutLine: {'line': b'-- Up-to-date: /home/pavel/ws_ros2/install/px4_msgs/include/px4_msgs/px4_msgs/msg/detail/event__traits.hpp\n'}
[5.933282] (px4_msgs) StdoutLine: {'line': b'-- Up-to-date: /home/pavel/ws_ros2/install/px4_msgs/include/px4_msgs/px4_msgs/msg/detail/ulog_stream_ack__builder.hpp\n'}
[5.933327] (px4_msgs) StdoutLine: {'line': b'-- Up-to-date: /home/pavel/ws_ros2/install/px4_msgs/include/px4_msgs/px4_msgs/msg/detail/distance_sensor__traits.hpp\n'}
[5.933373] (px4_msgs) StdoutLine: {'line': b'-- Up-to-date: /home/pavel/ws_ros2/install/px4_msgs/include/px4_msgs/px4_msgs/msg/detail/sensor_baro__traits.hpp\n'}
[5.933418] (px4_msgs) StdoutLine: {'line': b'-- Up-to-date: /home/pavel/ws_ros2/install/px4_msgs/include/px4_msgs/px4_msgs/msg/detail/flight_phase_estimation__type_support.hpp\n'}
[5.933464] (px4_msgs) StdoutLine: {'line': b'-- Up-to-date: /home/pavel/ws_ros2/install/px4_msgs/include/px4_msgs/px4_msgs/msg/detail/follow_target__struct.hpp\n'}
[5.933509] (px4_msgs) StdoutLine: {'line': b'-- Up-to-date: /home/pavel/ws_ros2/install/px4_msgs/include/px4_msgs/px4_msgs/msg/detail/arming_check_reply__traits.hpp\n'}
[5.933554] (px4_msgs) StdoutLine: {'line': b'-- Up-to-date: /home/pavel/ws_ros2/install/px4_msgs/include/px4_msgs/px4_msgs/msg/detail/vehicle_imu__builder.hpp\n'}
[5.933632] (px4_msgs) StdoutLine: {'line': b'-- Up-to-date: /home/pavel/ws_ros2/install/px4_msgs/include/px4_msgs/px4_msgs/msg/detail/can_interface_status__builder.hpp\n'}
[5.933694] (px4_msgs) StdoutLine: {'line': b'-- Up-to-date: /home/pavel/ws_ros2/install/px4_msgs/include/px4_msgs/px4_msgs/msg/detail/message_format_request__type_support.hpp\n'}
[5.933743] (px4_msgs) StdoutLine: {'line': b'-- Up-to-date: /home/pavel/ws_ros2/install/px4_msgs/include/px4_msgs/px4_msgs/msg/detail/message_format_request__builder.hpp\n'}
[5.933790] (px4_msgs) StdoutLine: {'line': b'-- Up-to-date: /home/pavel/ws_ros2/install/px4_msgs/include/px4_msgs/px4_msgs/msg/detail/yaw_estimator_status__builder.hpp\n'}
[5.933836] (px4_msgs) StdoutLine: {'line': b'-- Up-to-date: /home/pavel/ws_ros2/install/px4_msgs/include/px4_msgs/px4_msgs/msg/detail/mag_worker_data__builder.hpp\n'}
[5.933880] (px4_msgs) StdoutLine: {'line': b'-- Up-to-date: /home/pavel/ws_ros2/install/px4_msgs/include/px4_msgs/px4_msgs/msg/detail/qshell_req__type_support.hpp\n'}
[5.933926] (px4_msgs) StdoutLine: {'line': b'-- Up-to-date: /home/pavel/ws_ros2/install/px4_msgs/include/px4_msgs/px4_msgs/msg/detail/vehicle_optical_flow__builder.hpp\n'}
[5.933971] (px4_msgs) StdoutLine: {'line': b'-- Up-to-date: /home/pavel/ws_ros2/install/px4_msgs/include/px4_msgs/px4_msgs/msg/detail/estimator_status_flags__builder.hpp\n'}
[5.934017] (px4_msgs) StdoutLine: {'line': b'-- Up-to-date: /home/pavel/ws_ros2/install/px4_msgs/include/px4_msgs/px4_msgs/msg/detail/parameter_reset_request__builder.hpp\n'}
[5.934062] (px4_msgs) StdoutLine: {'line': b'-- Up-to-date: /home/pavel/ws_ros2/install/px4_msgs/include/px4_msgs/px4_msgs/msg/detail/rpm__traits.hpp\n'}
[5.934107] (px4_msgs) StdoutLine: {'line': b'-- Up-to-date: /home/pavel/ws_ros2/install/px4_msgs/include/px4_msgs/px4_msgs/msg/detail/estimator_selector_status__traits.hpp\n'}
[5.934152] (px4_msgs) StdoutLine: {'line': b'-- Up-to-date: /home/pavel/ws_ros2/install/px4_msgs/include/px4_msgs/px4_msgs/msg/detail/orb_test__type_support.hpp\n'}
[5.934203] (px4_msgs) StdoutLine: {'line': b'-- Up-to-date: /home/pavel/ws_ros2/install/px4_msgs/include/px4_msgs/px4_msgs/msg/detail/differential_drive_setpoint__builder.hpp\n'}
[5.934249] (px4_msgs) StdoutLine: {'line': b'-- Up-to-date: /home/pavel/ws_ros2/install/px4_msgs/include/px4_msgs/px4_msgs/msg/detail/can_interface_status__struct.hpp\n'}
[5.934295] (px4_msgs) StdoutLine: {'line': b'-- Up-to-date: /home/pavel/ws_ros2/install/px4_msgs/include/px4_msgs/px4_msgs/msg/detail/gps_dump__builder.hpp\n'}
[5.934340] (px4_msgs) StdoutLine: {'line': b'-- Up-to-date: /home/pavel/ws_ros2/install/px4_msgs/include/px4_msgs/px4_msgs/msg/detail/estimator_aid_source3d__type_support.hpp\n'}
[5.934386] (px4_msgs) StdoutLine: {'line': b'-- Up-to-date: /home/pavel/ws_ros2/install/px4_msgs/include/px4_msgs/px4_msgs/msg/detail/telemetry_status__type_support.hpp\n'}
[5.934435] (px4_msgs) StdoutLine: {'line': b'-- Up-to-date: /home/pavel/ws_ros2/install/px4_msgs/include/px4_msgs/px4_msgs/msg/detail/yaw_estimator_status__traits.hpp\n'}
[5.934481] (px4_msgs) StdoutLine: {'line': b'-- Up-to-date: /home/pavel/ws_ros2/install/px4_msgs/include/px4_msgs/px4_msgs/msg/detail/vehicle_roi__type_support.hpp\n'}
[5.934526] (px4_msgs) StdoutLine: {'line': b'-- Up-to-date: /home/pavel/ws_ros2/install/px4_msgs/include/px4_msgs/px4_msgs/msg/detail/trajectory_setpoint__struct.hpp\n'}
[5.934572] (px4_msgs) StdoutLine: {'line': b'-- Up-to-date: /home/pavel/ws_ros2/install/px4_msgs/include/px4_msgs/px4_msgs/msg/detail/sensor_correction__traits.hpp\n'}
[5.934672] (px4_msgs) StdoutLine: {'line': b'-- Up-to-date: /home/pavel/ws_ros2/install/px4_msgs/include/px4_msgs/px4_msgs/msg/detail/collision_report__traits.hpp\n'}
[5.934718] (px4_msgs) StdoutLine: {'line': b'-- Up-to-date: /home/pavel/ws_ros2/install/px4_msgs/include/px4_msgs/px4_msgs/msg/detail/hover_thrust_estimate__traits.hpp\n'}
[5.934764] (px4_msgs) StdoutLine: {'line': b'-- Up-to-date: /home/pavel/ws_ros2/install/px4_msgs/include/px4_msgs/px4_msgs/msg/detail/telemetry_status__traits.hpp\n'}
[5.934809] (px4_msgs) StdoutLine: {'line': b'-- Up-to-date: /home/pavel/ws_ros2/install/px4_msgs/include/px4_msgs/px4_msgs/msg/detail/rc_channels__struct.hpp\n'}
[5.934853] (px4_msgs) StdoutLine: {'line': b'-- Up-to-date: /home/pavel/ws_ros2/install/px4_msgs/include/px4_msgs/px4_msgs/msg/detail/message_format_response__traits.hpp\n'}
[5.934898] (px4_msgs) StdoutLine: {'line': b'-- Up-to-date: /home/pavel/ws_ros2/install/px4_msgs/include/px4_msgs/px4_msgs/msg/detail/estimator_selector_status__type_support.hpp\n'}
[5.934943] (px4_msgs) StdoutLine: {'line': b'-- Up-to-date: /home/pavel/ws_ros2/install/px4_msgs/include/px4_msgs/px4_msgs/msg/detail/config_overrides__type_support.hpp\n'}
[5.934989] (px4_msgs) StdoutLine: {'line': b'-- Up-to-date: /home/pavel/ws_ros2/install/px4_msgs/include/px4_msgs/px4_msgs/msg/detail/action_request__struct.hpp\n'}
[5.935033] (px4_msgs) StdoutLine: {'line': b'-- Up-to-date: /home/pavel/ws_ros2/install/px4_msgs/include/px4_msgs/px4_msgs/msg/detail/sensor_baro__type_support.hpp\n'}
[5.935078] (px4_msgs) StdoutLine: {'line': b'-- Up-to-date: /home/pavel/ws_ros2/install/px4_msgs/include/px4_msgs/px4_msgs/msg/detail/follow_target_estimator__struct.hpp\n'}
[5.935123] (px4_msgs) StdoutLine: {'line': b'-- Up-to-date: /home/pavel/ws_ros2/install/px4_msgs/include/px4_msgs/px4_msgs/msg/detail/pwm_input__builder.hpp\n'}
[5.935168] (px4_msgs) StdoutLine: {'line': b'-- Up-to-date: /home/pavel/ws_ros2/install/px4_msgs/include/px4_msgs/px4_msgs/msg/detail/actuator_servos_trim__traits.hpp\n'}
[5.935218] (px4_msgs) StdoutLine: {'line': b'-- Up-to-date: /home/pavel/ws_ros2/install/px4_msgs/include/px4_msgs/px4_msgs/msg/detail/gimbal_device_attitude_status__builder.hpp\n'}
[5.935265] (px4_msgs) StdoutLine: {'line': b'-- Up-to-date: /home/pavel/ws_ros2/install/px4_msgs/include/px4_msgs/px4_msgs/msg/detail/sensor_gyro_fifo__traits.hpp\n'}
[5.935310] (px4_msgs) StdoutLine: {'line': b'-- Up-to-date: /home/pavel/ws_ros2/install/px4_msgs/include/px4_msgs/px4_msgs/msg/detail/vtol_vehicle_status__traits.hpp\n'}
[5.935356] (px4_msgs) StdoutLine: {'line': b'-- Up-to-date: /home/pavel/ws_ros2/install/px4_msgs/include/px4_msgs/px4_msgs/msg/detail/vehicle_control_mode__traits.hpp\n'}
[5.935401] (px4_msgs) StdoutLine: {'line': b'-- Up-to-date: /home/pavel/ws_ros2/install/px4_msgs/include/px4_msgs/px4_msgs/msg/detail/orb_test_medium__traits.hpp\n'}
[5.935447] (px4_msgs) StdoutLine: {'line': b'-- Up-to-date: /home/pavel/ws_ros2/install/px4_msgs/include/px4_msgs/px4_msgs/msg/detail/gimbal_manager_status__type_support.hpp\n'}
[5.935492] (px4_msgs) StdoutLine: {'line': b'-- Up-to-date: /home/pavel/ws_ros2/install/px4_msgs/include/px4_msgs/px4_msgs/msg/detail/uavcan_parameter_value__type_support.hpp\n'}
[5.935537] (px4_msgs) StdoutLine: {'line': b'-- Up-to-date: /home/pavel/ws_ros2/install/px4_msgs/include/px4_msgs/px4_msgs/msg/detail/landing_gear__type_support.hpp\n'}
[5.935593] (px4_msgs) StdoutLine: {'line': b'-- Up-to-date: /home/pavel/ws_ros2/install/px4_msgs/include/px4_msgs/px4_msgs/msg/detail/magnetometer_bias_estimate__traits.hpp\n'}
[5.935645] (px4_msgs) StdoutLine: {'line': b'-- Up-to-date: /home/pavel/ws_ros2/install/px4_msgs/include/px4_msgs/px4_msgs/msg/detail/pwm_input__type_support.hpp\n'}
[5.935691] (px4_msgs) StdoutLine: {'line': b'-- Up-to-date: /home/pavel/ws_ros2/install/px4_msgs/include/px4_msgs/px4_msgs/msg/detail/heater_status__builder.hpp\n'}
[5.935736] (px4_msgs) StdoutLine: {'line': b'-- Up-to-date: /home/pavel/ws_ros2/install/px4_msgs/include/px4_msgs/px4_msgs/msg/detail/sensor_mag__builder.hpp\n'}
[5.935780] (px4_msgs) StdoutLine: {'line': b'-- Up-to-date: /home/pavel/ws_ros2/install/px4_msgs/include/px4_msgs/px4_msgs/msg/detail/config_overrides__builder.hpp\n'}
[5.935833] (px4_msgs) StdoutLine: {'line': b'-- Up-to-date: /home/pavel/ws_ros2/install/px4_msgs/include/px4_msgs/px4_msgs/msg/detail/led_control__type_support.hpp\n'}
[5.935878] (px4_msgs) StdoutLine: {'line': b'-- Up-to-date: /home/pavel/ws_ros2/install/px4_msgs/include/px4_msgs/px4_msgs/msg/detail/geofence_result__type_support.hpp\n'}
[5.935922] (px4_msgs) StdoutLine: {'line': b'-- Up-to-date: /home/pavel/ws_ros2/install/px4_msgs/include/px4_msgs/px4_msgs/msg/detail/gps_inject_data__traits.hpp\n'}
[5.935967] (px4_msgs) StdoutLine: {'line': b'-- Up-to-date: /home/pavel/ws_ros2/install/px4_msgs/include/px4_msgs/px4_msgs/msg/detail/arming_check_request__builder.hpp\n'}
[5.936011] (px4_msgs) StdoutLine: {'line': b'-- Up-to-date: /home/pavel/ws_ros2/install/px4_msgs/include/px4_msgs/px4_msgs/msg/detail/buffer128__type_support.hpp\n'}
[5.936056] (px4_msgs) StdoutLine: {'line': b'-- Up-to-date: /home/pavel/ws_ros2/install/px4_msgs/include/px4_msgs/px4_msgs/msg/detail/qshell_req__builder.hpp\n'}
[5.936101] (px4_msgs) StdoutLine: {'line': b'-- Up-to-date: /home/pavel/ws_ros2/install/px4_msgs/include/px4_msgs/px4_msgs/msg/detail/vehicle_status__traits.hpp\n'}
[5.936146] (px4_msgs) StdoutLine: {'line': b'-- Up-to-date: /home/pavel/ws_ros2/install/px4_msgs/include/px4_msgs/px4_msgs/msg/detail/actuator_outputs__builder.hpp\n'}
[5.936191] (px4_msgs) StdoutLine: {'line': b'-- Up-to-date: /home/pavel/ws_ros2/install/px4_msgs/include/px4_msgs/px4_msgs/msg/detail/rover_ackermann_guidance_status__struct.hpp\n'}
[5.936237] (px4_msgs) StdoutLine: {'line': b'-- Up-to-date: /home/pavel/ws_ros2/install/px4_msgs/include/px4_msgs/px4_msgs/msg/detail/vehicle_imu__type_support.hpp\n'}
[5.936281] (px4_msgs) StdoutLine: {'line': b'-- Up-to-date: /home/pavel/ws_ros2/install/px4_msgs/include/px4_msgs/px4_msgs/msg/detail/collision_report__struct.hpp\n'}
[5.936326] (px4_msgs) StdoutLine: {'line': b'-- Up-to-date: /home/pavel/ws_ros2/install/px4_msgs/include/px4_msgs/px4_msgs/msg/detail/vehicle_imu__traits.hpp\n'}
[5.936371] (px4_msgs) StdoutLine: {'line': b'-- Up-to-date: /home/pavel/ws_ros2/install/px4_msgs/include/px4_msgs/px4_msgs/msg/detail/parameter_set_used_request__traits.hpp\n'}
[5.936416] (px4_msgs) StdoutLine: {'line': b'-- Up-to-date: /home/pavel/ws_ros2/install/px4_msgs/include/px4_msgs/px4_msgs/msg/detail/vehicle_global_position__traits.hpp\n'}
[5.936461] (px4_msgs) StdoutLine: {'line': b'-- Up-to-date: /home/pavel/ws_ros2/install/px4_msgs/include/px4_msgs/px4_msgs/msg/detail/mag_worker_data__struct.hpp\n'}
[5.936506] (px4_msgs) StdoutLine: {'line': b'-- Up-to-date: /home/pavel/ws_ros2/install/px4_msgs/include/px4_msgs/px4_msgs/msg/detail/estimator_event_flags__traits.hpp\n'}
[5.936550] (px4_msgs) StdoutLine: {'line': b'-- Up-to-date: /home/pavel/ws_ros2/install/px4_msgs/include/px4_msgs/px4_msgs/msg/detail/mission__traits.hpp\n'}
[5.936605] (px4_msgs) StdoutLine: {'line': b'-- Up-to-date: /home/pavel/ws_ros2/install/px4_msgs/include/px4_msgs/px4_msgs/msg/detail/task_stack_info__type_support.hpp\n'}
[5.936654] (px4_msgs) StdoutLine: {'line': b'-- Up-to-date: /home/pavel/ws_ros2/install/px4_msgs/include/px4_msgs/px4_msgs/msg/detail/register_ext_component_reply__traits.hpp\n'}
[5.936708] (px4_msgs) StdoutLine: {'line': b'-- Up-to-date: /home/pavel/ws_ros2/install/px4_msgs/include/px4_msgs/px4_msgs/msg/detail/gimbal_device_information__builder.hpp\n'}
[5.936754] (px4_msgs) StdoutLine: {'line': b'-- Up-to-date: /home/pavel/ws_ros2/install/px4_msgs/include/px4_msgs/px4_msgs/msg/detail/debug_array__struct.hpp\n'}
[5.936798] (px4_msgs) StdoutLine: {'line': b'-- Up-to-date: /home/pavel/ws_ros2/install/px4_msgs/include/px4_msgs/px4_msgs/msg/detail/rover_ackermann_guidance_status__builder.hpp\n'}
[5.936844] (px4_msgs) StdoutLine: {'line': b'-- Up-to-date: /home/pavel/ws_ros2/install/px4_msgs/include/px4_msgs/px4_msgs/msg/detail/pps_capture__traits.hpp\n'}
[5.936888] (px4_msgs) StdoutLine: {'line': b'-- Up-to-date: /home/pavel/ws_ros2/install/px4_msgs/include/px4_msgs/px4_msgs/msg/detail/camera_capture__type_support.hpp\n'}
[5.936933] (px4_msgs) StdoutLine: {'line': b'-- Up-to-date: /home/pavel/ws_ros2/install/px4_msgs/include/px4_msgs/px4_msgs/msg/detail/sensor_hygrometer__traits.hpp\n'}
[5.936977] (px4_msgs) StdoutLine: {'line': b'-- Up-to-date: /home/pavel/ws_ros2/install/px4_msgs/include/px4_msgs/px4_msgs/msg/detail/actuator_servos__traits.hpp\n'}
[5.937022] (px4_msgs) StdoutLine: {'line': b'-- Up-to-date: /home/pavel/ws_ros2/install/px4_msgs/include/px4_msgs/px4_msgs/msg/detail/estimator_event_flags__type_support.hpp\n'}
[5.937067] (px4_msgs) StdoutLine: {'line': b'-- Up-to-date: /home/pavel/ws_ros2/install/px4_msgs/include/px4_msgs/px4_msgs/msg/detail/action_request__traits.hpp\n'}
[5.937113] (px4_msgs) StdoutLine: {'line': b'-- Up-to-date: /home/pavel/ws_ros2/install/px4_msgs/include/px4_msgs/px4_msgs/msg/detail/vehicle_land_detected__builder.hpp\n'}
[5.937159] (px4_msgs) StdoutLine: {'line': b'-- Up-to-date: /home/pavel/ws_ros2/install/px4_msgs/include/px4_msgs/px4_msgs/msg/detail/sensor_hygrometer__type_support.hpp\n'}
[5.937204] (px4_msgs) StdoutLine: {'line': b'-- Up-to-date: /home/pavel/ws_ros2/install/px4_msgs/include/px4_msgs/px4_msgs/msg/detail/gps_inject_data__type_support.hpp\n'}
[5.937249] (px4_msgs) StdoutLine: {'line': b'-- Up-to-date: /home/pavel/ws_ros2/install/px4_msgs/include/px4_msgs/px4_msgs/msg/detail/gpio_out__type_support.hpp\n'}
[5.937294] (px4_msgs) StdoutLine: {'line': b'-- Up-to-date: /home/pavel/ws_ros2/install/px4_msgs/include/px4_msgs/px4_msgs/msg/detail/message_format_request__struct.hpp\n'}
[5.937340] (px4_msgs) StdoutLine: {'line': b'-- Up-to-date: /home/pavel/ws_ros2/install/px4_msgs/include/px4_msgs/px4_msgs/msg/detail/sensor_combined__builder.hpp\n'}
[5.937392] (px4_msgs) StdoutLine: {'line': b'-- Up-to-date: /home/pavel/ws_ros2/install/px4_msgs/include/px4_msgs/px4_msgs/msg/detail/orb_test_large__builder.hpp\n'}
[5.937437] (px4_msgs) StdoutLine: {'line': b'-- Up-to-date: /home/pavel/ws_ros2/install/px4_msgs/include/px4_msgs/px4_msgs/msg/detail/vehicle_control_mode__builder.hpp\n'}
[5.937482] (px4_msgs) StdoutLine: {'line': b'-- Up-to-date: /home/pavel/ws_ros2/install/px4_msgs/include/px4_msgs/px4_msgs/msg/detail/autotune_attitude_control_status__traits.hpp\n'}
[5.937528] (px4_msgs) StdoutLine: {'line': b'-- Up-to-date: /home/pavel/ws_ros2/install/px4_msgs/include/px4_msgs/px4_msgs/msg/detail/home_position__struct.hpp\n'}
[5.937572] (px4_msgs) StdoutLine: {'line': b'-- Up-to-date: /home/pavel/ws_ros2/install/px4_msgs/include/px4_msgs/px4_msgs/msg/detail/estimator_states__struct.hpp\n'}
[5.937630] (px4_msgs) StdoutLine: {'line': b'-- Up-to-date: /home/pavel/ws_ros2/install/px4_msgs/include/px4_msgs/px4_msgs/msg/detail/cpuload__traits.hpp\n'}
[5.937676] (px4_msgs) StdoutLine: {'line': b'-- Up-to-date: /home/pavel/ws_ros2/install/px4_msgs/include/px4_msgs/px4_msgs/msg/detail/adc_report__traits.hpp\n'}
[5.937721] (px4_msgs) StdoutLine: {'line': b'-- Up-to-date: /home/pavel/ws_ros2/install/px4_msgs/include/px4_msgs/px4_msgs/msg/detail/estimator_gps_status__traits.hpp\n'}
[5.937765] (px4_msgs) StdoutLine: {'line': b'-- Up-to-date: /home/pavel/ws_ros2/install/px4_msgs/include/px4_msgs/px4_msgs/msg/detail/sensor_preflight_mag__builder.hpp\n'}
[5.937814] (px4_msgs) StdoutLine: {'line': b'-- Up-to-date: /home/pavel/ws_ros2/install/px4_msgs/include/px4_msgs/px4_msgs/msg/detail/actuator_motors__traits.hpp\n'}
[5.937859] (px4_msgs) StdoutLine: {'line': b'-- Up-to-date: /home/pavel/ws_ros2/install/px4_msgs/include/px4_msgs/px4_msgs/msg/detail/sensor_accel__traits.hpp\n'}
[5.937903] (px4_msgs) StdoutLine: {'line': b'-- Up-to-date: /home/pavel/ws_ros2/install/px4_msgs/include/px4_msgs/px4_msgs/msg/detail/geofence_status__struct.hpp\n'}
[5.937948] (px4_msgs) StdoutLine: {'line': b'-- Up-to-date: /home/pavel/ws_ros2/install/px4_msgs/include/px4_msgs/px4_msgs/msg/detail/trajectory_waypoint__builder.hpp\n'}
[5.937993] (px4_msgs) StdoutLine: {'line': b'-- Up-to-date: /home/pavel/ws_ros2/install/px4_msgs/include/px4_msgs/px4_msgs/msg/detail/gimbal_device_set_attitude__traits.hpp\n'}
[5.938037] (px4_msgs) StdoutLine: {'line': b'-- Up-to-date: /home/pavel/ws_ros2/install/px4_msgs/include/px4_msgs/px4_msgs/msg/detail/estimator_status__traits.hpp\n'}
[5.938082] (px4_msgs) StdoutLine: {'line': b'-- Up-to-date: /home/pavel/ws_ros2/install/px4_msgs/include/px4_msgs/px4_msgs/msg/detail/obstacle_distance__builder.hpp\n'}
[5.938130] (px4_msgs) StdoutLine: {'line': b'-- Up-to-date: /home/pavel/ws_ros2/install/px4_msgs/include/px4_msgs/px4_msgs/msg/detail/uavcan_parameter_request__builder.hpp\n'}
[5.938176] (px4_msgs) StdoutLine: {'line': b'-- Up-to-date: /home/pavel/ws_ros2/install/px4_msgs/include/px4_msgs/px4_msgs/msg/detail/vehicle_control_mode__type_support.hpp\n'}
[5.938220] (px4_msgs) StdoutLine: {'line': b'-- Up-to-date: /home/pavel/ws_ros2/install/px4_msgs/include/px4_msgs/px4_msgs/msg/detail/vehicle_command_ack__builder.hpp\n'}
[5.938265] (px4_msgs) StdoutLine: {'line': b'-- Up-to-date: /home/pavel/ws_ros2/install/px4_msgs/include/px4_msgs/px4_msgs/msg/detail/mission_result__builder.hpp\n'}
[5.938310] (px4_msgs) StdoutLine: {'line': b'-- Up-to-date: /home/pavel/ws_ros2/install/px4_msgs/include/px4_msgs/px4_msgs/msg/detail/goto_setpoint__type_support.hpp\n'}
[5.938355] (px4_msgs) StdoutLine: {'line': b'-- Up-to-date: /home/pavel/ws_ros2/install/px4_msgs/include/px4_msgs/px4_msgs/msg/detail/debug_key_value__builder.hpp\n'}
[5.938400] (px4_msgs) StdoutLine: {'line': b'-- Up-to-date: /home/pavel/ws_ros2/install/px4_msgs/include/px4_msgs/px4_msgs/msg/detail/vehicle_command_ack__type_support.hpp\n'}
[5.938445] (px4_msgs) StdoutLine: {'line': b'-- Up-to-date: /home/pavel/ws_ros2/install/px4_msgs/include/px4_msgs/px4_msgs/msg/detail/health_report__type_support.hpp\n'}
[5.938490] (px4_msgs) StdoutLine: {'line': b'-- Up-to-date: /home/pavel/ws_ros2/install/px4_msgs/include/px4_msgs/px4_msgs/msg/detail/vehicle_torque_setpoint__struct.hpp\n'}
[5.938535] (px4_msgs) StdoutLine: {'line': b'-- Up-to-date: /home/pavel/ws_ros2/install/px4_msgs/include/px4_msgs/px4_msgs/msg/detail/sensor_gyro__traits.hpp\n'}
[5.938586] (px4_msgs) StdoutLine: {'line': b'-- Up-to-date: /home/pavel/ws_ros2/install/px4_msgs/include/px4_msgs/px4_msgs/msg/detail/landing_gear__builder.hpp\n'}
[5.938637] (px4_msgs) StdoutLine: {'line': b'-- Up-to-date: /home/pavel/ws_ros2/install/px4_msgs/include/px4_msgs/px4_msgs/msg/detail/esc_status__type_support.hpp\n'}
[5.938683] (px4_msgs) StdoutLine: {'line': b'-- Up-to-date: /home/pavel/ws_ros2/install/px4_msgs/include/px4_msgs/px4_msgs/msg/detail/parameter_reset_request__struct.hpp\n'}
[5.938727] (px4_msgs) StdoutLine: {'line': b'-- Up-to-date: /home/pavel/ws_ros2/install/px4_msgs/include/px4_msgs/px4_msgs/msg/detail/mavlink_log__builder.hpp\n'}
[5.938772] (px4_msgs) StdoutLine: {'line': b'-- Up-to-date: /home/pavel/ws_ros2/install/px4_msgs/include/px4_msgs/px4_msgs/msg/detail/power_button_state__type_support.hpp\n'}
[5.938817] (px4_msgs) StdoutLine: {'line': b'-- Up-to-date: /home/pavel/ws_ros2/install/px4_msgs/include/px4_msgs/px4_msgs/msg/detail/qshell_req__struct.hpp\n'}
[5.938862] (px4_msgs) StdoutLine: {'line': b'-- Up-to-date: /home/pavel/ws_ros2/install/px4_msgs/include/px4_msgs/px4_msgs/msg/detail/esc_status__traits.hpp\n'}
[5.938911] (px4_msgs) StdoutLine: {'line': b'-- Up-to-date: /home/pavel/ws_ros2/install/px4_msgs/include/px4_msgs/px4_msgs/msg/detail/vehicle_imu_status__traits.hpp\n'}
[5.938962] (px4_msgs) StdoutLine: {'line': b'-- Up-to-date: /home/pavel/ws_ros2/install/px4_msgs/include/px4_msgs/px4_msgs/msg/detail/home_position__builder.hpp\n'}
[5.939008] (px4_msgs) StdoutLine: {'line': b'-- Up-to-date: /home/pavel/ws_ros2/install/px4_msgs/include/px4_msgs/px4_msgs/msg/detail/airspeed_wind__traits.hpp\n'}
[5.939053] (px4_msgs) StdoutLine: {'line': b'-- Up-to-date: /home/pavel/ws_ros2/install/px4_msgs/include/px4_msgs/px4_msgs/msg/detail/sensor_airflow__type_support.hpp\n'}
[5.939098] (px4_msgs) StdoutLine: {'line': b'-- Up-to-date: /home/pavel/ws_ros2/install/px4_msgs/include/px4_msgs/px4_msgs/msg/detail/satellite_info__builder.hpp\n'}
[5.939143] (px4_msgs) StdoutLine: {'line': b'-- Up-to-date: /home/pavel/ws_ros2/install/px4_msgs/include/px4_msgs/px4_msgs/msg/detail/ping__type_support.hpp\n'}
[5.939188] (px4_msgs) StdoutLine: {'line': b'-- Up-to-date: /home/pavel/ws_ros2/install/px4_msgs/include/px4_msgs/px4_msgs/msg/detail/gps_inject_data__struct.hpp\n'}
[5.939233] (px4_msgs) StdoutLine: {'line': b'-- Up-to-date: /home/pavel/ws_ros2/install/px4_msgs/include/px4_msgs/px4_msgs/msg/detail/follow_target_status__type_support.hpp\n'}
[5.939278] (px4_msgs) StdoutLine: {'line': b'-- Up-to-date: /home/pavel/ws_ros2/install/px4_msgs/include/px4_msgs/px4_msgs/msg/detail/vehicle_land_detected__traits.hpp\n'}
[5.939323] (px4_msgs) StdoutLine: {'line': b'-- Up-to-date: /home/pavel/ws_ros2/install/px4_msgs/include/px4_msgs/px4_msgs/msg/detail/sensor_gnss_relative__traits.hpp\n'}
[5.939369] (px4_msgs) StdoutLine: {'line': b'-- Up-to-date: /home/pavel/ws_ros2/install/px4_msgs/include/px4_msgs/px4_msgs/msg/detail/actuator_motors__builder.hpp\n'}
[5.939414] (px4_msgs) StdoutLine: {'line': b'-- Up-to-date: /home/pavel/ws_ros2/install/px4_msgs/include/px4_msgs/px4_msgs/msg/detail/geofence_result__struct.hpp\n'}
[5.939459] (px4_msgs) StdoutLine: {'line': b'-- Up-to-date: /home/pavel/ws_ros2/install/px4_msgs/include/px4_msgs/px4_msgs/msg/detail/failsafe_flags__struct.hpp\n'}
[5.939504] (px4_msgs) StdoutLine: {'line': b'-- Up-to-date: /home/pavel/ws_ros2/install/px4_msgs/include/px4_msgs/px4_msgs/msg/detail/dataman_request__type_support.hpp\n'}
[5.939548] (px4_msgs) StdoutLine: {'line': b'-- Up-to-date: /home/pavel/ws_ros2/install/px4_msgs/include/px4_msgs/px4_msgs/msg/detail/landing_target_pose__struct.hpp\n'}
[5.939610] (px4_msgs) StdoutLine: {'line': b'-- Up-to-date: /home/pavel/ws_ros2/install/px4_msgs/include/px4_msgs/px4_msgs/msg/detail/camera_trigger__traits.hpp\n'}
[5.939662] (px4_msgs) StdoutLine: {'line': b'-- Up-to-date: /home/pavel/ws_ros2/install/px4_msgs/include/px4_msgs/px4_msgs/msg/detail/camera_status__type_support.hpp\n'}
[5.939708] (px4_msgs) StdoutLine: {'line': b'-- Up-to-date: /home/pavel/ws_ros2/install/px4_msgs/include/px4_msgs/px4_msgs/msg/detail/sensor_combined__type_support.hpp\n'}
[5.939753] (px4_msgs) StdoutLine: {'line': b'-- Up-to-date: /home/pavel/ws_ros2/install/px4_msgs/include/px4_msgs/px4_msgs/msg/detail/mag_worker_data__type_support.hpp\n'}
[5.939798] (px4_msgs) StdoutLine: {'line': b'-- Up-to-date: /home/pavel/ws_ros2/install/px4_msgs/include/px4_msgs/px4_msgs/msg/detail/sensor_uwb__traits.hpp\n'}
[5.939843] (px4_msgs) StdoutLine: {'line': b'-- Up-to-date: /home/pavel/ws_ros2/install/px4_msgs/include/px4_msgs/px4_msgs/msg/detail/rate_ctrl_status__struct.hpp\n'}
[5.939888] (px4_msgs) StdoutLine: {'line': b'-- Up-to-date: /home/pavel/ws_ros2/install/px4_msgs/include/px4_msgs/px4_msgs/msg/detail/sensor_selection__builder.hpp\n'}
[5.939933] (px4_msgs) StdoutLine: {'line': b'-- Up-to-date: /home/pavel/ws_ros2/install/px4_msgs/include/px4_msgs/px4_msgs/msg/detail/wind__builder.hpp\n'}
[5.939978] (px4_msgs) StdoutLine: {'line': b'-- Up-to-date: /home/pavel/ws_ros2/install/px4_msgs/include/px4_msgs/px4_msgs/msg/detail/message_format_request__traits.hpp\n'}
[5.940024] (px4_msgs) StdoutLine: {'line': b'-- Up-to-date: /home/pavel/ws_ros2/install/px4_msgs/include/px4_msgs/px4_msgs/msg/detail/vehicle_optical_flow__type_support.hpp\n'}
[5.940073] (px4_msgs) StdoutLine: {'line': b'-- Up-to-date: /home/pavel/ws_ros2/install/px4_msgs/include/px4_msgs/px4_msgs/msg/detail/event__builder.hpp\n'}
[5.940118] (px4_msgs) StdoutLine: {'line': b'-- Up-to-date: /home/pavel/ws_ros2/install/px4_msgs/include/px4_msgs/px4_msgs/msg/detail/tiltrotor_extra_controls__traits.hpp\n'}
[5.940164] (px4_msgs) StdoutLine: {'line': b'-- Up-to-date: /home/pavel/ws_ros2/install/px4_msgs/include/px4_msgs/px4_msgs/msg/detail/vehicle_attitude__struct.hpp\n'}
[5.940209] (px4_msgs) StdoutLine: {'line': b'-- Up-to-date: /home/pavel/ws_ros2/install/px4_msgs/include/px4_msgs/px4_msgs/msg/detail/esc_status__struct.hpp\n'}
[5.940255] (px4_msgs) StdoutLine: {'line': b'-- Up-to-date: /home/pavel/ws_ros2/install/px4_msgs/include/px4_msgs/px4_msgs/msg/detail/iridiumsbd_status__traits.hpp\n'}
[5.940300] (px4_msgs) StdoutLine: {'line': b'-- Up-to-date: /home/pavel/ws_ros2/install/px4_msgs/include/px4_msgs/px4_msgs/msg/detail/figure_eight_status__type_support.hpp\n'}
[5.940345] (px4_msgs) StdoutLine: {'line': b'-- Up-to-date: /home/pavel/ws_ros2/install/px4_msgs/include/px4_msgs/px4_msgs/msg/detail/vehicle_optical_flow_vel__traits.hpp\n'}
[5.940390] (px4_msgs) StdoutLine: {'line': b'-- Up-to-date: /home/pavel/ws_ros2/install/px4_msgs/include/px4_msgs/px4_msgs/msg/detail/wheel_encoders__traits.hpp\n'}
[5.940435] (px4_msgs) StdoutLine: {'line': b'-- Up-to-date: /home/pavel/ws_ros2/install/px4_msgs/include/px4_msgs/px4_msgs/msg/detail/vehicle_command__type_support.hpp\n'}
[5.940480] (px4_msgs) StdoutLine: {'line': b'-- Up-to-date: /home/pavel/ws_ros2/install/px4_msgs/include/px4_msgs/px4_msgs/msg/detail/internal_combustion_engine_status__type_support.hpp\n'}
[5.940525] (px4_msgs) StdoutLine: {'line': b'-- Up-to-date: /home/pavel/ws_ros2/install/px4_msgs/include/px4_msgs/px4_msgs/msg/detail/mission_result__type_support.hpp\n'}
[5.940581] (px4_msgs) StdoutLine: {'line': b'-- Up-to-date: /home/pavel/ws_ros2/install/px4_msgs/include/px4_msgs/px4_msgs/msg/detail/health_report__traits.hpp\n'}
[5.940635] (px4_msgs) StdoutLine: {'line': b'-- Up-to-date: /home/pavel/ws_ros2/install/px4_msgs/include/px4_msgs/px4_msgs/msg/detail/actuator_outputs__type_support.hpp\n'}
[5.940681] (px4_msgs) StdoutLine: {'line': b'-- Up-to-date: /home/pavel/ws_ros2/install/px4_msgs/include/px4_msgs/px4_msgs/msg/detail/failure_detector_status__type_support.hpp\n'}
[5.940726] (px4_msgs) StdoutLine: {'line': b'-- Up-to-date: /home/pavel/ws_ros2/install/px4_msgs/include/px4_msgs/px4_msgs/msg/detail/tiltrotor_extra_controls__struct.hpp\n'}
[5.940771] (px4_msgs) StdoutLine: {'line': b'-- Up-to-date: /home/pavel/ws_ros2/install/px4_msgs/include/px4_msgs/px4_msgs/msg/detail/sensor_accel_fifo__traits.hpp\n'}
[5.940816] (px4_msgs) StdoutLine: {'line': b'-- Up-to-date: /home/pavel/ws_ros2/install/px4_msgs/include/px4_msgs/px4_msgs/msg/detail/airspeed_validated__struct.hpp\n'}
[5.940861] (px4_msgs) StdoutLine: {'line': b'-- Up-to-date: /home/pavel/ws_ros2/install/px4_msgs/include/px4_msgs/px4_msgs/msg/detail/onboard_computer_status__builder.hpp\n'}
[5.940905] (px4_msgs) StdoutLine: {'line': b'-- Up-to-date: /home/pavel/ws_ros2/install/px4_msgs/include/px4_msgs/px4_msgs/msg/detail/qshell_retval__builder.hpp\n'}
[5.940950] (px4_msgs) StdoutLine: {'line': b'-- Up-to-date: /home/pavel/ws_ros2/install/px4_msgs/include/px4_msgs/px4_msgs/msg/detail/uavcan_parameter_request__type_support.hpp\n'}
[5.940995] (px4_msgs) StdoutLine: {'line': b'-- Up-to-date: /home/pavel/ws_ros2/install/px4_msgs/include/px4_msgs/px4_msgs/msg/detail/vehicle_acceleration__struct.hpp\n'}
[5.941043] (px4_msgs) StdoutLine: {'line': b'-- Up-to-date: /home/pavel/ws_ros2/install/px4_msgs/include/px4_msgs/px4_msgs/msg/detail/control_allocator_status__traits.hpp\n'}
[5.941089] (px4_msgs) StdoutLine: {'line': b'-- Up-to-date: /home/pavel/ws_ros2/install/px4_msgs/include/px4_msgs/px4_msgs/msg/detail/orb_test_large__type_support.hpp\n'}
[5.941135] (px4_msgs) StdoutLine: {'line': b'-- Up-to-date: /home/pavel/ws_ros2/install/px4_msgs/include/px4_msgs/px4_msgs/msg/detail/health_report__builder.hpp\n'}
[5.941185] (px4_msgs) StdoutLine: {'line': b'-- Up-to-date: /home/pavel/ws_ros2/install/px4_msgs/include/px4_msgs/px4_msgs/msg/detail/vehicle_status__struct.hpp\n'}
[5.941231] (px4_msgs) StdoutLine: {'line': b'-- Up-to-date: /home/pavel/ws_ros2/install/px4_msgs/include/px4_msgs/px4_msgs/msg/detail/failsafe_flags__traits.hpp\n'}
[5.941275] (px4_msgs) StdoutLine: {'line': b'-- Up-to-date: /home/pavel/ws_ros2/install/px4_msgs/include/px4_msgs/px4_msgs/msg/detail/sensor_combined__traits.hpp\n'}
[5.941320] (px4_msgs) StdoutLine: {'line': b'-- Up-to-date: /home/pavel/ws_ros2/install/px4_msgs/include/px4_msgs/px4_msgs/msg/detail/vehicle_constraints__builder.hpp\n'}
[5.941366] (px4_msgs) StdoutLine: {'line': b'-- Up-to-date: /home/pavel/ws_ros2/install/px4_msgs/include/px4_msgs/px4_msgs/msg/detail/input_rc__builder.hpp\n'}
[5.941410] (px4_msgs) StdoutLine: {'line': b'-- Up-to-date: /home/pavel/ws_ros2/install/px4_msgs/include/px4_msgs/px4_msgs/msg/detail/debug_key_value__type_support.hpp\n'}
[5.941455] (px4_msgs) StdoutLine: {'line': b'-- Up-to-date: /home/pavel/ws_ros2/install/px4_msgs/include/px4_msgs/px4_msgs/msg/detail/event__type_support.hpp\n'}
[5.941500] (px4_msgs) StdoutLine: {'line': b'-- Up-to-date: /home/pavel/ws_ros2/install/px4_msgs/include/px4_msgs/px4_msgs/msg/detail/system_power__builder.hpp\n'}
[5.941545] (px4_msgs) StdoutLine: {'line': b'-- Up-to-date: /home/pavel/ws_ros2/install/px4_msgs/include/px4_msgs/px4_msgs/msg/detail/mount_orientation__builder.hpp\n'}
[5.941598] (px4_msgs) StdoutLine: {'line': b'-- Up-to-date: /home/pavel/ws_ros2/install/px4_msgs/include/px4_msgs/px4_msgs/msg/detail/sensor_correction__type_support.hpp\n'}
[5.941647] (px4_msgs) StdoutLine: {'line': b'-- Up-to-date: /home/pavel/ws_ros2/install/px4_msgs/include/px4_msgs/px4_msgs/msg/detail/vehicle_trajectory_waypoint__struct.hpp\n'}
[5.941692] (px4_msgs) StdoutLine: {'line': b'-- Up-to-date: /home/pavel/ws_ros2/install/px4_msgs/include/px4_msgs/px4_msgs/msg/detail/parameter_set_value_request__builder.hpp\n'}
[5.941737] (px4_msgs) StdoutLine: {'line': b'-- Up-to-date: /home/pavel/ws_ros2/install/px4_msgs/include/px4_msgs/px4_msgs/msg/detail/vehicle_trajectory_bezier__builder.hpp\n'}
[5.941782] (px4_msgs) StdoutLine: {'line': b'-- Up-to-date: /home/pavel/ws_ros2/install/px4_msgs/include/px4_msgs/px4_msgs/msg/detail/landing_gear__struct.hpp\n'}
[5.941827] (px4_msgs) StdoutLine: {'line': b'-- Up-to-date: /home/pavel/ws_ros2/install/px4_msgs/include/px4_msgs/px4_msgs/msg/detail/timesync_status__type_support.hpp\n'}
[5.941872] (px4_msgs) StdoutLine: {'line': b'-- Up-to-date: /home/pavel/ws_ros2/install/px4_msgs/include/px4_msgs/px4_msgs/msg/detail/distance_sensor__type_support.hpp\n'}
[5.941916] (px4_msgs) StdoutLine: {'line': b'-- Up-to-date: /home/pavel/ws_ros2/install/px4_msgs/include/px4_msgs/px4_msgs/msg/detail/estimator_bias__struct.hpp\n'}
[5.941961] (px4_msgs) StdoutLine: {'line': b'-- Up-to-date: /home/pavel/ws_ros2/install/px4_msgs/include/px4_msgs/px4_msgs/msg/detail/ulog_stream__type_support.hpp\n'}
[5.942006] (px4_msgs) StdoutLine: {'line': b'-- Up-to-date: /home/pavel/ws_ros2/install/px4_msgs/include/px4_msgs/px4_msgs/msg/detail/sensor_selection__traits.hpp\n'}
[5.942051] (px4_msgs) StdoutLine: {'line': b'-- Up-to-date: /home/pavel/ws_ros2/install/px4_msgs/include/px4_msgs/px4_msgs/msg/detail/iridiumsbd_status__builder.hpp\n'}
[5.942103] (px4_msgs) StdoutLine: {'line': b'-- Up-to-date: /home/pavel/ws_ros2/install/px4_msgs/include/px4_msgs/px4_msgs/msg/detail/gimbal_device_attitude_status__struct.hpp\n'}
[5.942150] (px4_msgs) StdoutLine: {'line': b'-- Up-to-date: /home/pavel/ws_ros2/install/px4_msgs/include/px4_msgs/px4_msgs/msg/detail/vehicle_air_data__traits.hpp\n'}
[5.942195] (px4_msgs) StdoutLine: {'line': b'-- Up-to-date: /home/pavel/ws_ros2/install/px4_msgs/include/px4_msgs/px4_msgs/msg/detail/gripper__struct.hpp\n'}
[5.942241] (px4_msgs) StdoutLine: {'line': b'-- Up-to-date: /home/pavel/ws_ros2/install/px4_msgs/include/px4_msgs/px4_msgs/msg/detail/position_controller_status__type_support.hpp\n'}
[5.942290] (px4_msgs) StdoutLine: {'line': b'-- Up-to-date: /home/pavel/ws_ros2/install/px4_msgs/include/px4_msgs/px4_msgs/msg/detail/gpio_request__traits.hpp\n'}
[5.942336] (px4_msgs) StdoutLine: {'line': b'-- Up-to-date: /home/pavel/ws_ros2/install/px4_msgs/include/px4_msgs/px4_msgs/msg/detail/unregister_ext_component__type_support.hpp\n'}
[5.942381] (px4_msgs) StdoutLine: {'line': b'-- Up-to-date: /home/pavel/ws_ros2/install/px4_msgs/include/px4_msgs/px4_msgs/msg/detail/rtl_status__traits.hpp\n'}
[5.942426] (px4_msgs) StdoutLine: {'line': b'-- Up-to-date: /home/pavel/ws_ros2/install/px4_msgs/include/px4_msgs/px4_msgs/msg/detail/vehicle_command_ack__traits.hpp\n'}
[5.942471] (px4_msgs) StdoutLine: {'line': b'-- Up-to-date: /home/pavel/ws_ros2/install/px4_msgs/include/px4_msgs/px4_msgs/msg/detail/adc_report__struct.hpp\n'}
[5.942520] (px4_msgs) StdoutLine: {'line': b'-- Up-to-date: /home/pavel/ws_ros2/install/px4_msgs/include/px4_msgs/px4_msgs/msg/detail/rtl_status__type_support.hpp\n'}
[5.942566] (px4_msgs) StdoutLine: {'line': b'-- Up-to-date: /home/pavel/ws_ros2/install/px4_msgs/include/px4_msgs/px4_msgs/msg/detail/vtol_vehicle_status__builder.hpp\n'}
[5.942621] (px4_msgs) StdoutLine: {'line': b'-- Up-to-date: /home/pavel/ws_ros2/install/px4_msgs/include/px4_msgs/px4_msgs/msg/detail/fuel_tank_status__traits.hpp\n'}
[5.942669] (px4_msgs) StdoutLine: {'line': b'-- Up-to-date: /home/pavel/ws_ros2/install/px4_msgs/include/px4_msgs/px4_msgs/msg/detail/sensor_mag__traits.hpp\n'}
[5.942714] (px4_msgs) StdoutLine: {'line': b'-- Up-to-date: /home/pavel/ws_ros2/install/px4_msgs/include/px4_msgs/px4_msgs/msg/detail/actuator_armed__type_support.hpp\n'}
[5.942758] (px4_msgs) StdoutLine: {'line': b'-- Up-to-date: /home/pavel/ws_ros2/install/px4_msgs/include/px4_msgs/px4_msgs/msg/detail/parameter_update__type_support.hpp\n'}
[5.942803] (px4_msgs) StdoutLine: {'line': b'-- Up-to-date: /home/pavel/ws_ros2/install/px4_msgs/include/px4_msgs/px4_msgs/msg/detail/follow_target__type_support.hpp\n'}
[5.942849] (px4_msgs) StdoutLine: {'line': b'-- Up-to-date: /home/pavel/ws_ros2/install/px4_msgs/include/px4_msgs/px4_msgs/msg/detail/rate_ctrl_status__type_support.hpp\n'}
[5.942894] (px4_msgs) StdoutLine: {'line': b'-- Up-to-date: /home/pavel/ws_ros2/install/px4_msgs/include/px4_msgs/px4_msgs/msg/detail/parameter_set_value_request__traits.hpp\n'}
[5.942939] (px4_msgs) StdoutLine: {'line': b'-- Up-to-date: /home/pavel/ws_ros2/install/px4_msgs/include/px4_msgs/px4_msgs/msg/detail/vehicle_odometry__builder.hpp\n'}
[5.942984] (px4_msgs) StdoutLine: {'line': b'-- Up-to-date: /home/pavel/ws_ros2/install/px4_msgs/include/px4_msgs/px4_msgs/msg/detail/follow_target_status__builder.hpp\n'}
[5.943029] (px4_msgs) StdoutLine: {'line': b'-- Up-to-date: /home/pavel/ws_ros2/install/px4_msgs/include/px4_msgs/px4_msgs/msg/detail/landing_gear_wheel__struct.hpp\n'}
[5.943075] (px4_msgs) StdoutLine: {'line': b'-- Up-to-date: /home/pavel/ws_ros2/install/px4_msgs/include/px4_msgs/px4_msgs/msg/detail/tecs_status__builder.hpp\n'}
[5.943120] (px4_msgs) StdoutLine: {'line': b'-- Up-to-date: /home/pavel/ws_ros2/install/px4_msgs/include/px4_msgs/px4_msgs/msg/detail/buffer128__traits.hpp\n'}
[5.943165] (px4_msgs) StdoutLine: {'line': b'-- Up-to-date: /home/pavel/ws_ros2/install/px4_msgs/include/px4_msgs/px4_msgs/msg/detail/mag_worker_data__traits.hpp\n'}
[5.943210] (px4_msgs) StdoutLine: {'line': b'-- Up-to-date: /home/pavel/ws_ros2/install/px4_msgs/include/px4_msgs/px4_msgs/msg/detail/position_setpoint__struct.hpp\n'}
[5.943256] (px4_msgs) StdoutLine: {'line': b'-- Up-to-date: /home/pavel/ws_ros2/install/px4_msgs/include/px4_msgs/px4_msgs/msg/detail/vehicle_magnetometer__type_support.hpp\n'}
[5.943301] (px4_msgs) StdoutLine: {'line': b'-- Up-to-date: /home/pavel/ws_ros2/install/px4_msgs/include/px4_msgs/px4_msgs/msg/detail/input_rc__type_support.hpp\n'}
[5.943346] (px4_msgs) StdoutLine: {'line': b'-- Up-to-date: /home/pavel/ws_ros2/install/px4_msgs/include/px4_msgs/px4_msgs/msg/detail/rtl_time_estimate__type_support.hpp\n'}
[5.943395] (px4_msgs) StdoutLine: {'line': b'-- Up-to-date: /home/pavel/ws_ros2/install/px4_msgs/include/px4_msgs/px4_msgs/msg/detail/sensor_gyro_fifo__builder.hpp\n'}
[5.943440] (px4_msgs) StdoutLine: {'line': b'-- Up-to-date: /home/pavel/ws_ros2/install/px4_msgs/include/px4_msgs/px4_msgs/msg/detail/vehicle_global_position__struct.hpp\n'}
[5.943485] (px4_msgs) StdoutLine: {'line': b'-- Up-to-date: /home/pavel/ws_ros2/install/px4_msgs/include/px4_msgs/px4_msgs/msg/detail/figure_eight_status__traits.hpp\n'}
[5.943529] (px4_msgs) StdoutLine: {'line': b'-- Up-to-date: /home/pavel/ws_ros2/install/px4_msgs/include/px4_msgs/px4_msgs/msg/detail/position_setpoint__type_support.hpp\n'}
[5.943574] (px4_msgs) StdoutLine: {'line': b'-- Up-to-date: /home/pavel/ws_ros2/install/px4_msgs/include/px4_msgs/px4_msgs/msg/detail/ping__builder.hpp\n'}
[5.943634] (px4_msgs) StdoutLine: {'line': b'-- Up-to-date: /home/pavel/ws_ros2/install/px4_msgs/include/px4_msgs/px4_msgs/msg/detail/parameter_set_value_response__struct.hpp\n'}
[5.943686] (px4_msgs) StdoutLine: {'line': b'-- Up-to-date: /home/pavel/ws_ros2/install/px4_msgs/include/px4_msgs/px4_msgs/msg/detail/internal_combustion_engine_status__builder.hpp\n'}
[5.943731] (px4_msgs) StdoutLine: {'line': b'-- Up-to-date: /home/pavel/ws_ros2/install/px4_msgs/include/px4_msgs/px4_msgs/msg/detail/vehicle_imu_status__struct.hpp\n'}
[5.943776] (px4_msgs) StdoutLine: {'line': b'-- Up-to-date: /home/pavel/ws_ros2/install/px4_msgs/include/px4_msgs/px4_msgs/msg/detail/vehicle_command__struct.hpp\n'}
[5.943820] (px4_msgs) StdoutLine: {'line': b'-- Up-to-date: /home/pavel/ws_ros2/install/px4_msgs/include/px4_msgs/px4_msgs/msg/detail/px4io_status__builder.hpp\n'}
[5.943865] (px4_msgs) StdoutLine: {'line': b'-- Up-to-date: /home/pavel/ws_ros2/install/px4_msgs/include/px4_msgs/px4_msgs/msg/detail/power_button_state__builder.hpp\n'}
[5.943909] (px4_msgs) StdoutLine: {'line': b'-- Up-to-date: /home/pavel/ws_ros2/install/px4_msgs/include/px4_msgs/px4_msgs/msg/detail/px4io_status__type_support.hpp\n'}
[5.943954] (px4_msgs) StdoutLine: {'line': b'-- Up-to-date: /home/pavel/ws_ros2/install/px4_msgs/include/px4_msgs/px4_msgs/msg/detail/landing_target_innovations__struct.hpp\n'}
[5.944002] (px4_msgs) StdoutLine: {'line': b'-- Up-to-date: /home/pavel/ws_ros2/install/px4_msgs/include/px4_msgs/px4_msgs/msg/detail/battery_status__struct.hpp\n'}
[5.944048] (px4_msgs) StdoutLine: {'line': b'-- Up-to-date: /home/pavel/ws_ros2/install/px4_msgs/include/px4_msgs/px4_msgs/msg/detail/estimator_status__type_support.hpp\n'}
[5.944094] (px4_msgs) StdoutLine: {'line': b'-- Up-to-date: /home/pavel/ws_ros2/install/px4_msgs/include/px4_msgs/px4_msgs/msg/detail/vehicle_constraints__struct.hpp\n'}
[5.944139] (px4_msgs) StdoutLine: {'line': b'-- Up-to-date: /home/pavel/ws_ros2/install/px4_msgs/include/px4_msgs/px4_msgs/msg/detail/vehicle_angular_acceleration_setpoint__struct.hpp\n'}
[5.944184] (px4_msgs) StdoutLine: {'line': b'-- Up-to-date: /home/pavel/ws_ros2/install/px4_msgs/include/px4_msgs/px4_msgs/msg/detail/orbit_status__builder.hpp\n'}
[5.944229] (px4_msgs) StdoutLine: {'line': b'-- Up-to-date: /home/pavel/ws_ros2/install/px4_msgs/include/px4_msgs/px4_msgs/msg/detail/vehicle_thrust_setpoint__builder.hpp\n'}
[5.944274] (px4_msgs) StdoutLine: {'line': b'-- Up-to-date: /home/pavel/ws_ros2/install/px4_msgs/include/px4_msgs/px4_msgs/msg/detail/trajectory_setpoint__traits.hpp\n'}
[5.944319] (px4_msgs) StdoutLine: {'line': b'-- Up-to-date: /home/pavel/ws_ros2/install/px4_msgs/include/px4_msgs/px4_msgs/msg/detail/trajectory_bezier__builder.hpp\n'}
[5.944364] (px4_msgs) StdoutLine: {'line': b'-- Up-to-date: /home/pavel/ws_ros2/install/px4_msgs/include/px4_msgs/px4_msgs/msg/detail/rc_channels__type_support.hpp\n'}
[5.944410] (px4_msgs) StdoutLine: {'line': b'-- Up-to-date: /home/pavel/ws_ros2/install/px4_msgs/include/px4_msgs/px4_msgs/msg/detail/pwm_input__struct.hpp\n'}
[5.944455] (px4_msgs) StdoutLine: {'line': b'-- Up-to-date: /home/pavel/ws_ros2/install/px4_msgs/include/px4_msgs/px4_msgs/msg/detail/debug_vect__traits.hpp\n'}
[5.944504] (px4_msgs) StdoutLine: {'line': b'-- Up-to-date: /home/pavel/ws_ros2/install/px4_msgs/include/px4_msgs/px4_msgs/msg/detail/position_setpoint_triplet__traits.hpp\n'}
[5.944549] (px4_msgs) StdoutLine: {'line': b'-- Up-to-date: /home/pavel/ws_ros2/install/px4_msgs/include/px4_msgs/px4_msgs/msg/detail/qshell_retval__type_support.hpp\n'}
[5.944604] (px4_msgs) StdoutLine: {'line': b'-- Up-to-date: /home/pavel/ws_ros2/install/px4_msgs/include/px4_msgs/px4_msgs/msg/detail/autotune_attitude_control_status__builder.hpp\n'}
[5.944653] (px4_msgs) StdoutLine: {'line': b'-- Up-to-date: /home/pavel/ws_ros2/install/px4_msgs/include/px4_msgs/px4_msgs/msg/detail/vehicle_angular_acceleration_setpoint__type_support.hpp\n'}
[5.944698] (px4_msgs) StdoutLine: {'line': b'-- Up-to-date: /home/pavel/ws_ros2/install/px4_msgs/include/px4_msgs/px4_msgs/msg/detail/register_ext_component_request__traits.hpp\n'}
[5.944743] (px4_msgs) StdoutLine: {'line': b'-- Up-to-date: /home/pavel/ws_ros2/install/px4_msgs/include/px4_msgs/px4_msgs/msg/detail/estimator_selector_status__struct.hpp\n'}
[5.944787] (px4_msgs) StdoutLine: {'line': b'-- Up-to-date: /home/pavel/ws_ros2/install/px4_msgs/include/px4_msgs/px4_msgs/msg/detail/ulog_stream__traits.hpp\n'}
[5.944832] (px4_msgs) StdoutLine: {'line': b'-- Up-to-date: /home/pavel/ws_ros2/install/px4_msgs/include/px4_msgs/px4_msgs/msg/detail/differential_drive_setpoint__traits.hpp\n'}
[5.944877] (px4_msgs) StdoutLine: {'line': b'-- Up-to-date: /home/pavel/ws_ros2/install/px4_msgs/include/px4_msgs/px4_msgs/msg/detail/cellular_status__struct.hpp\n'}
[5.944922] (px4_msgs) StdoutLine: {'line': b'-- Up-to-date: /home/pavel/ws_ros2/install/px4_msgs/include/px4_msgs/px4_msgs/msg/detail/control_allocator_status__struct.hpp\n'}
[5.944967] (px4_msgs) StdoutLine: {'line': b'-- Up-to-date: /home/pavel/ws_ros2/install/px4_msgs/include/px4_msgs/px4_msgs/msg/detail/estimator_bias3d__struct.hpp\n'}
[5.945012] (px4_msgs) StdoutLine: {'line': b'-- Up-to-date: /home/pavel/ws_ros2/install/px4_msgs/include/px4_msgs/px4_msgs/msg/detail/camera_status__builder.hpp\n'}
[5.945057] (px4_msgs) StdoutLine: {'line': b'-- Up-to-date: /home/pavel/ws_ros2/install/px4_msgs/include/px4_msgs/px4_msgs/msg/detail/vehicle_trajectory_waypoint__traits.hpp\n'}
[5.945102] (px4_msgs) StdoutLine: {'line': b'-- Up-to-date: /home/pavel/ws_ros2/install/px4_msgs/include/px4_msgs/px4_msgs/msg/detail/normalized_unsigned_setpoint__traits.hpp\n'}
[5.945147] (px4_msgs) StdoutLine: {'line': b'-- Up-to-date: /home/pavel/ws_ros2/install/px4_msgs/include/px4_msgs/px4_msgs/msg/detail/trajectory_bezier__traits.hpp\n'}
[5.945192] (px4_msgs) StdoutLine: {'line': b'-- Up-to-date: /home/pavel/ws_ros2/install/px4_msgs/include/px4_msgs/px4_msgs/msg/detail/timesync_status__struct.hpp\n'}
[5.945243] (px4_msgs) StdoutLine: {'line': b'-- Up-to-date: /home/pavel/ws_ros2/install/px4_msgs/include/px4_msgs/px4_msgs/msg/detail/internal_combustion_engine_status__struct.hpp\n'}
[5.945288] (px4_msgs) StdoutLine: {'line': b'-- Up-to-date: /home/pavel/ws_ros2/install/px4_msgs/include/px4_msgs/px4_msgs/msg/detail/iridiumsbd_status__struct.hpp\n'}
[5.945333] (px4_msgs) StdoutLine: {'line': b'-- Up-to-date: /home/pavel/ws_ros2/install/px4_msgs/include/px4_msgs/px4_msgs/msg/detail/generator_status__builder.hpp\n'}
[5.945377] (px4_msgs) StdoutLine: {'line': b'-- Up-to-date: /home/pavel/ws_ros2/install/px4_msgs/include/px4_msgs/px4_msgs/msg/detail/sensor_accel_fifo__type_support.hpp\n'}
[5.945425] (px4_msgs) StdoutLine: {'line': b'-- Up-to-date: /home/pavel/ws_ros2/install/px4_msgs/include/px4_msgs/px4_msgs/msg/detail/estimator_aid_source3d__struct.hpp\n'}
[5.945470] (px4_msgs) StdoutLine: {'line': b'-- Up-to-date: /home/pavel/ws_ros2/install/px4_msgs/include/px4_msgs/px4_msgs/msg/detail/power_button_state__traits.hpp\n'}
[5.945515] (px4_msgs) StdoutLine: {'line': b'-- Up-to-date: /home/pavel/ws_ros2/install/px4_msgs/include/px4_msgs/px4_msgs/msg/detail/gimbal_controls__struct.hpp\n'}
[5.945559] (px4_msgs) StdoutLine: {'line': b'-- Up-to-date: /home/pavel/ws_ros2/install/px4_msgs/include/px4_msgs/px4_msgs/msg/detail/sensor_gyro_fft__type_support.hpp\n'}
[5.945619] (px4_msgs) StdoutLine: {'line': b'-- Up-to-date: /home/pavel/ws_ros2/install/px4_msgs/include/px4_msgs/px4_msgs/msg/detail/gimbal_manager_information__type_support.hpp\n'}
[5.945666] (px4_msgs) StdoutLine: {'line': b'-- Up-to-date: /home/pavel/ws_ros2/install/px4_msgs/include/px4_msgs/px4_msgs/msg/detail/vehicle_rates_setpoint__builder.hpp\n'}
[5.945711] (px4_msgs) StdoutLine: {'line': b'-- Up-to-date: /home/pavel/ws_ros2/install/px4_msgs/include/px4_msgs/px4_msgs/msg/detail/actuator_armed__struct.hpp\n'}
[5.945755] (px4_msgs) StdoutLine: {'line': b'-- Up-to-date: /home/pavel/ws_ros2/install/px4_msgs/include/px4_msgs/px4_msgs/msg/detail/takeoff_status__traits.hpp\n'}
[5.945800] (px4_msgs) StdoutLine: {'line': b'-- Up-to-date: /home/pavel/ws_ros2/install/px4_msgs/include/px4_msgs/px4_msgs/msg/detail/vehicle_optical_flow_vel__builder.hpp\n'}
[5.945845] (px4_msgs) StdoutLine: {'line': b'-- Up-to-date: /home/pavel/ws_ros2/install/px4_msgs/include/px4_msgs/px4_msgs/msg/detail/vtol_vehicle_status__struct.hpp\n'}
[5.945889] (px4_msgs) StdoutLine: {'line': b'-- Up-to-date: /home/pavel/ws_ros2/install/px4_msgs/include/px4_msgs/px4_msgs/msg/detail/heater_status__traits.hpp\n'}
[5.945934] (px4_msgs) StdoutLine: {'line': b'-- Up-to-date: /home/pavel/ws_ros2/install/px4_msgs/include/px4_msgs/px4_msgs/msg/detail/arming_check_request__type_support.hpp\n'}
[5.945978] (px4_msgs) StdoutLine: {'line': b'-- Up-to-date: /home/pavel/ws_ros2/install/px4_msgs/include/px4_msgs/px4_msgs/msg/detail/gps_dump__struct.hpp\n'}
[5.946023] (px4_msgs) StdoutLine: {'line': b'-- Up-to-date: /home/pavel/ws_ros2/install/px4_msgs/include/px4_msgs/px4_msgs/msg/detail/navigator_mission_item__type_support.hpp\n'}
[5.946067] (px4_msgs) StdoutLine: {'line': b'-- Up-to-date: /home/pavel/ws_ros2/install/px4_msgs/include/px4_msgs/px4_msgs/msg/detail/vehicle_constraints__traits.hpp\n'}
[5.946113] (px4_msgs) StdoutLine: {'line': b'-- Up-to-date: /home/pavel/ws_ros2/install/px4_msgs/include/px4_msgs/px4_msgs/msg/detail/distance_sensor__struct.hpp\n'}
[5.946158] (px4_msgs) StdoutLine: {'line': b'-- Up-to-date: /home/pavel/ws_ros2/install/px4_msgs/include/px4_msgs/px4_msgs/msg/detail/transponder_report__type_support.hpp\n'}
[5.946202] (px4_msgs) StdoutLine: {'line': b'-- Up-to-date: /home/pavel/ws_ros2/install/px4_msgs/include/px4_msgs/px4_msgs/msg/detail/vehicle_command_ack__struct.hpp\n'}
[5.946247] (px4_msgs) StdoutLine: {'line': b'-- Up-to-date: /home/pavel/ws_ros2/install/px4_msgs/include/px4_msgs/px4_msgs/msg/detail/follow_target_status__traits.hpp\n'}
[5.946291] (px4_msgs) StdoutLine: {'line': b'-- Up-to-date: /home/pavel/ws_ros2/install/px4_msgs/include/px4_msgs/px4_msgs/msg/detail/log_message__type_support.hpp\n'}
[5.946336] (px4_msgs) StdoutLine: {'line': b'-- Up-to-date: /home/pavel/ws_ros2/install/px4_msgs/include/px4_msgs/px4_msgs/msg/detail/power_monitor__traits.hpp\n'}
[5.946381] (px4_msgs) StdoutLine: {'line': b'-- Up-to-date: /home/pavel/ws_ros2/install/px4_msgs/include/px4_msgs/px4_msgs/msg/detail/ulog_stream_ack__traits.hpp\n'}
[5.946425] (px4_msgs) StdoutLine: {'line': b'-- Up-to-date: /home/pavel/ws_ros2/install/px4_msgs/include/px4_msgs/px4_msgs/msg/detail/sensor_preflight_mag__type_support.hpp\n'}
[5.946469] (px4_msgs) StdoutLine: {'line': b'-- Up-to-date: /home/pavel/ws_ros2/install/px4_msgs/include/px4_msgs/px4_msgs/msg/detail/vehicle_constraints__type_support.hpp\n'}
[5.946513] (px4_msgs) StdoutLine: {'line': b'-- Up-to-date: /home/pavel/ws_ros2/install/px4_msgs/include/px4_msgs/px4_msgs/msg/detail/control_allocator_status__type_support.hpp\n'}
[5.946557] (px4_msgs) StdoutLine: {'line': b'-- Up-to-date: /home/pavel/ws_ros2/install/px4_msgs/include/px4_msgs/px4_msgs/msg/detail/mission_result__struct.hpp\n'}
[5.946614] (px4_msgs) StdoutLine: {'line': b'-- Up-to-date: /home/pavel/ws_ros2/install/px4_msgs/include/px4_msgs/px4_msgs/msg/detail/obstacle_distance__type_support.hpp\n'}
[5.946661] (px4_msgs) StdoutLine: {'line': b'-- Up-to-date: /home/pavel/ws_ros2/install/px4_msgs/include/px4_msgs/px4_msgs/msg/detail/sensors_status_imu__traits.hpp\n'}
[5.946710] (px4_msgs) StdoutLine: {'line': b'-- Up-to-date: /home/pavel/ws_ros2/install/px4_msgs/include/px4_msgs/px4_msgs/msg/detail/landing_target_pose__traits.hpp\n'}
[5.946765] (px4_msgs) StdoutLine: {'line': b'-- Up-to-date: /home/pavel/ws_ros2/install/px4_msgs/include/px4_msgs/px4_msgs/msg/detail/log_message__struct.hpp\n'}
[5.946809] (px4_msgs) StdoutLine: {'line': b'-- Up-to-date: /home/pavel/ws_ros2/install/px4_msgs/include/px4_msgs/px4_msgs/msg/detail/sensor_baro__builder.hpp\n'}
[5.946857] (px4_msgs) StdoutLine: {'line': b'-- Up-to-date: /home/pavel/ws_ros2/install/px4_msgs/include/px4_msgs/px4_msgs/msg/detail/vehicle_magnetometer__builder.hpp\n'}
[5.946903] (px4_msgs) StdoutLine: {'line': b'-- Up-to-date: /home/pavel/ws_ros2/install/px4_msgs/include/px4_msgs/px4_msgs/msg/detail/rc_parameter_map__type_support.hpp\n'}
[5.946948] (px4_msgs) StdoutLine: {'line': b'-- Up-to-date: /home/pavel/ws_ros2/install/px4_msgs/include/px4_msgs/px4_msgs/msg/detail/mount_orientation__struct.hpp\n'}
[5.946993] (px4_msgs) StdoutLine: {'line': b'-- Up-to-date: /home/pavel/ws_ros2/install/px4_msgs/include/px4_msgs/px4_msgs/msg/detail/debug_vect__builder.hpp\n'}
[5.947038] (px4_msgs) StdoutLine: {'line': b'-- Up-to-date: /home/pavel/ws_ros2/install/px4_msgs/include/px4_msgs/px4_msgs/msg/detail/cpuload__struct.hpp\n'}
[5.947082] (px4_msgs) StdoutLine: {'line': b'-- Up-to-date: /home/pavel/ws_ros2/install/px4_msgs/include/px4_msgs/px4_msgs/msg/detail/sensors_status__traits.hpp\n'}
[5.947127] (px4_msgs) StdoutLine: {'line': b'-- Up-to-date: /home/pavel/ws_ros2/install/px4_msgs/include/px4_msgs/px4_msgs/msg/detail/actuator_servos__type_support.hpp\n'}
[5.947172] (px4_msgs) StdoutLine: {'line': b'-- Up-to-date: /home/pavel/ws_ros2/install/px4_msgs/include/px4_msgs/px4_msgs/msg/detail/estimator_sensor_bias__struct.hpp\n'}
[5.947217] (px4_msgs) StdoutLine: {'line': b'-- Up-to-date: /home/pavel/ws_ros2/install/px4_msgs/include/px4_msgs/px4_msgs/msg/detail/telemetry_status__builder.hpp\n'}
[5.947262] (px4_msgs) StdoutLine: {'line': b'-- Up-to-date: /home/pavel/ws_ros2/install/px4_msgs/include/px4_msgs/px4_msgs/msg/detail/yaw_estimator_status__type_support.hpp\n'}
[5.947306] (px4_msgs) StdoutLine: {'line': b'-- Up-to-date: /home/pavel/ws_ros2/install/px4_msgs/include/px4_msgs/px4_msgs/msg/detail/velocity_limits__traits.hpp\n'}
[5.947350] (px4_msgs) StdoutLine: {'line': b'-- Up-to-date: /home/pavel/ws_ros2/install/px4_msgs/include/px4_msgs/px4_msgs/msg/detail/follow_target__builder.hpp\n'}
[5.947394] (px4_msgs) StdoutLine: {'line': b'-- Up-to-date: /home/pavel/ws_ros2/install/px4_msgs/include/px4_msgs/px4_msgs/msg/detail/debug_value__traits.hpp\n'}
[5.947439] (px4_msgs) StdoutLine: {'line': b'-- Up-to-date: /home/pavel/ws_ros2/install/px4_msgs/include/px4_msgs/px4_msgs/msg/detail/sensor_gyro_fifo__struct.hpp\n'}
[5.947483] (px4_msgs) StdoutLine: {'line': b'-- Up-to-date: /home/pavel/ws_ros2/install/px4_msgs/include/px4_msgs/px4_msgs/msg/detail/satellite_info__traits.hpp\n'}
[5.947527] (px4_msgs) StdoutLine: {'line': b'-- Up-to-date: /home/pavel/ws_ros2/install/px4_msgs/include/px4_msgs/px4_msgs/msg/detail/estimator_innovations__type_support.hpp\n'}
[5.947571] (px4_msgs) StdoutLine: {'line': b'-- Up-to-date: /home/pavel/ws_ros2/install/px4_msgs/include/px4_msgs/px4_msgs/msg/detail/vehicle_angular_velocity__struct.hpp\n'}
[5.947624] (px4_msgs) StdoutLine: {'line': b'-- Up-to-date: /home/pavel/ws_ros2/install/px4_msgs/include/px4_msgs/px4_msgs/msg/detail/estimator_aid_source1d__traits.hpp\n'}
[5.947671] (px4_msgs) StdoutLine: {'line': b'-- Up-to-date: /home/pavel/ws_ros2/install/px4_msgs/include/px4_msgs/px4_msgs/msg/detail/manual_control_switches__traits.hpp\n'}
[5.947715] (px4_msgs) StdoutLine: {'line': b'-- Up-to-date: /home/pavel/ws_ros2/install/px4_msgs/include/px4_msgs/px4_msgs/msg/detail/trajectory_setpoint__type_support.hpp\n'}
[5.947760] (px4_msgs) StdoutLine: {'line': b'-- Up-to-date: /home/pavel/ws_ros2/install/px4_msgs/include/px4_msgs/px4_msgs/msg/detail/vehicle_status__type_support.hpp\n'}
[5.947809] (px4_msgs) StdoutLine: {'line': b'-- Up-to-date: /home/pavel/ws_ros2/install/px4_msgs/include/px4_msgs/px4_msgs/msg/detail/landing_gear_wheel__builder.hpp\n'}
[5.947854] (px4_msgs) StdoutLine: {'line': b'-- Up-to-date: /home/pavel/ws_ros2/install/px4_msgs/include/px4_msgs/px4_msgs/msg/detail/transponder_report__struct.hpp\n'}
[5.947899] (px4_msgs) StdoutLine: {'line': b'-- Up-to-date: /home/pavel/ws_ros2/install/px4_msgs/include/px4_msgs/px4_msgs/msg/detail/parameter_set_value_response__type_support.hpp\n'}
[5.947944] (px4_msgs) StdoutLine: {'line': b'-- Up-to-date: /home/pavel/ws_ros2/install/px4_msgs/include/px4_msgs/px4_msgs/msg/detail/pwm_input__traits.hpp\n'}
[5.947988] (px4_msgs) StdoutLine: {'line': b'-- Up-to-date: /home/pavel/ws_ros2/install/px4_msgs/include/px4_msgs/px4_msgs/msg/detail/vehicle_optical_flow__traits.hpp\n'}
[5.948033] (px4_msgs) StdoutLine: {'line': b'-- Up-to-date: /home/pavel/ws_ros2/install/px4_msgs/include/px4_msgs/px4_msgs/msg/detail/rpm__struct.hpp\n'}
[5.948079] (px4_msgs) StdoutLine: {'line': b'-- Up-to-date: /home/pavel/ws_ros2/install/px4_msgs/include/px4_msgs/px4_msgs/msg/detail/rc_channels__traits.hpp\n'}
[5.948124] (px4_msgs) StdoutLine: {'line': b'-- Up-to-date: /home/pavel/ws_ros2/install/px4_msgs/include/px4_msgs/px4_msgs/msg/detail/camera_capture__struct.hpp\n'}
[5.948169] (px4_msgs) StdoutLine: {'line': b'-- Up-to-date: /home/pavel/ws_ros2/install/px4_msgs/include/px4_msgs/px4_msgs/msg/detail/hover_thrust_estimate__builder.hpp\n'}
[5.948214] (px4_msgs) StdoutLine: {'line': b'-- Up-to-date: /home/pavel/ws_ros2/install/px4_msgs/include/px4_msgs/px4_msgs/msg/detail/vehicle_local_position__builder.hpp\n'}
[5.948258] (px4_msgs) StdoutLine: {'line': b'-- Up-to-date: /home/pavel/ws_ros2/install/px4_msgs/include/px4_msgs/px4_msgs/msg/detail/heater_status__struct.hpp\n'}
[5.948306] (px4_msgs) StdoutLine: {'line': b'-- Up-to-date: /home/pavel/ws_ros2/install/px4_msgs/include/px4_msgs/px4_msgs/msg/detail/figure_eight_status__builder.hpp\n'}
[5.948356] (px4_msgs) StdoutLine: {'line': b'-- Up-to-date: /home/pavel/ws_ros2/install/px4_msgs/include/px4_msgs/px4_msgs/msg/detail/vehicle_roi__traits.hpp\n'}
[5.948401] (px4_msgs) StdoutLine: {'line': b'-- Up-to-date: /home/pavel/ws_ros2/install/px4_msgs/include/px4_msgs/px4_msgs/msg/detail/rc_channels__builder.hpp\n'}
[5.948445] (px4_msgs) StdoutLine: {'line': b'-- Up-to-date: /home/pavel/ws_ros2/install/px4_msgs/include/px4_msgs/px4_msgs/msg/detail/vehicle_attitude__type_support.hpp\n'}
[5.948490] (px4_msgs) StdoutLine: {'line': b'-- Up-to-date: /home/pavel/ws_ros2/install/px4_msgs/include/px4_msgs/px4_msgs/msg/gpio_out.hpp\n'}
[5.948534] (px4_msgs) StdoutLine: {'line': b'-- Up-to-date: /home/pavel/ws_ros2/install/px4_msgs/include/px4_msgs/px4_msgs/msg/dataman_response.hpp\n'}
[5.948582] (px4_msgs) StdoutLine: {'line': b'-- Up-to-date: /home/pavel/ws_ros2/install/px4_msgs/include/px4_msgs/px4_msgs/msg/vehicle_imu.hpp\n'}
[5.948633] (px4_msgs) StdoutLine: {'line': b'-- Up-to-date: /home/pavel/ws_ros2/install/px4_msgs/include/px4_msgs/px4_msgs/msg/arming_check_reply.hpp\n'}
[5.948678] (px4_msgs) StdoutLine: {'line': b'-- Up-to-date: /home/pavel/ws_ros2/install/px4_msgs/include/px4_msgs/px4_msgs/msg/power_button_state.hpp\n'}
[5.948722] (px4_msgs) StdoutLine: {'line': b'-- Up-to-date: /home/pavel/ws_ros2/install/px4_msgs/include/px4_msgs/px4_msgs/msg/vehicle_acceleration.hpp\n'}
[5.948766] (px4_msgs) StdoutLine: {'line': b'-- Up-to-date: /home/pavel/ws_ros2/install/px4_msgs/include/px4_msgs/px4_msgs/msg/px4io_status.hpp\n'}
[5.948811] (px4_msgs) StdoutLine: {'line': b'-- Up-to-date: /home/pavel/ws_ros2/install/px4_msgs/include/px4_msgs/px4_msgs/msg/mag_worker_data.hpp\n'}
[5.948856] (px4_msgs) StdoutLine: {'line': b'-- Up-to-date: /home/pavel/ws_ros2/install/px4_msgs/include/px4_msgs/px4_msgs/msg/vehicle_attitude.hpp\n'}
[5.948900] (px4_msgs) StdoutLine: {'line': b'-- Up-to-date: /home/pavel/ws_ros2/install/px4_msgs/include/px4_msgs/px4_msgs/msg/orb_test_medium.hpp\n'}
[5.948949] (px4_msgs) StdoutLine: {'line': b'-- Up-to-date: /home/pavel/ws_ros2/install/px4_msgs/include/px4_msgs/px4_msgs/msg/flight_phase_estimation.hpp\n'}
[5.948995] (px4_msgs) StdoutLine: {'line': b'-- Up-to-date: /home/pavel/ws_ros2/install/px4_msgs/include/px4_msgs/px4_msgs/msg/collision_constraints.hpp\n'}
[5.949040] (px4_msgs) StdoutLine: {'line': b'-- Up-to-date: /home/pavel/ws_ros2/install/px4_msgs/include/px4_msgs/px4_msgs/msg/distance_sensor.hpp\n'}
[5.949085] (px4_msgs) StdoutLine: {'line': b'-- Up-to-date: /home/pavel/ws_ros2/install/px4_msgs/include/px4_msgs/px4_msgs/msg/logger_status.hpp\n'}
[5.949129] (px4_msgs) StdoutLine: {'line': b'-- Up-to-date: /home/pavel/ws_ros2/install/px4_msgs/include/px4_msgs/px4_msgs/msg/sensor_correction.hpp\n'}
[5.949174] (px4_msgs) StdoutLine: {'line': b'-- Up-to-date: /home/pavel/ws_ros2/install/px4_msgs/include/px4_msgs/px4_msgs/msg/vehicle_roi.hpp\n'}
[5.949219] (px4_msgs) StdoutLine: {'line': b'-- Up-to-date: /home/pavel/ws_ros2/install/px4_msgs/include/px4_msgs/px4_msgs/msg/yaw_estimator_status.hpp\n'}
[5.949263] (px4_msgs) StdoutLine: {'line': b'-- Up-to-date: /home/pavel/ws_ros2/install/px4_msgs/include/px4_msgs/px4_msgs/msg/estimator_bias3d.hpp\n'}
[5.949308] (px4_msgs) StdoutLine: {'line': b'-- Up-to-date: /home/pavel/ws_ros2/install/px4_msgs/include/px4_msgs/px4_msgs/msg/vtol_vehicle_status.hpp\n'}
[5.949352] (px4_msgs) StdoutLine: {'line': b'-- Up-to-date: /home/pavel/ws_ros2/install/px4_msgs/include/px4_msgs/px4_msgs/msg/sensor_accel.hpp\n'}
[5.949397] (px4_msgs) StdoutLine: {'line': b'-- Up-to-date: /home/pavel/ws_ros2/install/px4_msgs/include/px4_msgs/px4_msgs/msg/sensors_status.hpp\n'}
[5.949442] (px4_msgs) StdoutLine: {'line': b'-- Up-to-date: /home/pavel/ws_ros2/install/px4_msgs/include/px4_msgs/px4_msgs/msg/pwm_input.hpp\n'}
[5.949486] (px4_msgs) StdoutLine: {'line': b'-- Up-to-date: /home/pavel/ws_ros2/install/px4_msgs/include/px4_msgs/px4_msgs/msg/vehicle_command.hpp\n'}
[5.949530] (px4_msgs) StdoutLine: {'line': b'-- Up-to-date: /home/pavel/ws_ros2/install/px4_msgs/include/px4_msgs/px4_msgs/msg/battery_status.hpp\n'}
[5.949598] (px4_msgs) StdoutLine: {'line': b'-- Up-to-date: /home/pavel/ws_ros2/install/px4_msgs/include/px4_msgs/px4_msgs/msg/failsafe_flags.hpp\n'}
[5.949667] (px4_msgs) StdoutLine: {'line': b'-- Up-to-date: /home/pavel/ws_ros2/install/px4_msgs/include/px4_msgs/px4_msgs/msg/sensor_preflight_mag.hpp\n'}
[5.949712] (px4_msgs) StdoutLine: {'line': b'-- Up-to-date: /home/pavel/ws_ros2/install/px4_msgs/include/px4_msgs/px4_msgs/msg/buffer128.hpp\n'}
[5.949757] (px4_msgs) StdoutLine: {'line': b'-- Up-to-date: /home/pavel/ws_ros2/install/px4_msgs/include/px4_msgs/px4_msgs/msg/ping.hpp\n'}
[5.949802] (px4_msgs) StdoutLine: {'line': b'-- Up-to-date: /home/pavel/ws_ros2/install/px4_msgs/include/px4_msgs/px4_msgs/msg/collision_report.hpp\n'}
[5.949846] (px4_msgs) StdoutLine: {'line': b'-- Up-to-date: /home/pavel/ws_ros2/install/px4_msgs/include/px4_msgs/px4_msgs/msg/landing_target_innovations.hpp\n'}
[5.949891] (px4_msgs) StdoutLine: {'line': b'-- Up-to-date: /home/pavel/ws_ros2/install/px4_msgs/include/px4_msgs/px4_msgs/msg/rc_parameter_map.hpp\n'}
[5.949935] (px4_msgs) StdoutLine: {'line': b'-- Up-to-date: /home/pavel/ws_ros2/install/px4_msgs/include/px4_msgs/px4_msgs/msg/generator_status.hpp\n'}
[5.949984] (px4_msgs) StdoutLine: {'line': b'-- Up-to-date: /home/pavel/ws_ros2/install/px4_msgs/include/px4_msgs/px4_msgs/msg/actuator_servos.hpp\n'}
[5.950029] (px4_msgs) StdoutLine: {'line': b'-- Up-to-date: /home/pavel/ws_ros2/install/px4_msgs/include/px4_msgs/px4_msgs/msg/actuator_outputs.hpp\n'}
[5.950074] (px4_msgs) StdoutLine: {'line': b'-- Up-to-date: /home/pavel/ws_ros2/install/px4_msgs/include/px4_msgs/px4_msgs/msg/hover_thrust_estimate.hpp\n'}
[5.950120] (px4_msgs) StdoutLine: {'line': b'-- Up-to-date: /home/pavel/ws_ros2/install/px4_msgs/include/px4_msgs/px4_msgs/msg/log_message.hpp\n'}
[5.950171] (px4_msgs) StdoutLine: {'line': b'-- Up-to-date: /home/pavel/ws_ros2/install/px4_msgs/include/px4_msgs/px4_msgs/msg/task_stack_info.hpp\n'}
[5.950222] (px4_msgs) StdoutLine: {'line': b'-- Up-to-date: /home/pavel/ws_ros2/install/px4_msgs/include/px4_msgs/px4_msgs/msg/parameter_set_used_request.hpp\n'}
[5.950267] (px4_msgs) StdoutLine: {'line': b'-- Up-to-date: /home/pavel/ws_ros2/install/px4_msgs/include/px4_msgs/px4_msgs/msg/mavlink_log.hpp\n'}
[5.950311] (px4_msgs) StdoutLine: {'line': b'-- Up-to-date: /home/pavel/ws_ros2/install/px4_msgs/include/px4_msgs/px4_msgs/msg/gimbal_manager_set_manual_control.hpp\n'}
[5.950356] (px4_msgs) StdoutLine: {'line': b'-- Up-to-date: /home/pavel/ws_ros2/install/px4_msgs/include/px4_msgs/px4_msgs/msg/sensor_gyro_fft.hpp\n'}
[5.950400] (px4_msgs) StdoutLine: {'line': b'-- Up-to-date: /home/pavel/ws_ros2/install/px4_msgs/include/px4_msgs/px4_msgs/msg/actuator_servos_trim.hpp\n'}
[5.950445] (px4_msgs) StdoutLine: {'line': b'-- Up-to-date: /home/pavel/ws_ros2/install/px4_msgs/include/px4_msgs/px4_msgs/msg/sensor_combined.hpp\n'}
[5.950489] (px4_msgs) StdoutLine: {'line': b'-- Up-to-date: /home/pavel/ws_ros2/install/px4_msgs/include/px4_msgs/px4_msgs/msg/rtl_status.hpp\n'}
[5.950533] (px4_msgs) StdoutLine: {'line': b'-- Up-to-date: /home/pavel/ws_ros2/install/px4_msgs/include/px4_msgs/px4_msgs/msg/position_setpoint_triplet.hpp\n'}
[5.950582] (px4_msgs) StdoutLine: {'line': b'-- Up-to-date: /home/pavel/ws_ros2/install/px4_msgs/include/px4_msgs/px4_msgs/msg/action_request.hpp\n'}
[5.950679] (px4_msgs) StdoutLine: {'line': b'-- Up-to-date: /home/pavel/ws_ros2/install/px4_msgs/include/px4_msgs/px4_msgs/msg/orb_test.hpp\n'}
[5.950723] (px4_msgs) StdoutLine: {'line': b'-- Up-to-date: /home/pavel/ws_ros2/install/px4_msgs/include/px4_msgs/px4_msgs/msg/onboard_computer_status.hpp\n'}
[5.950768] (px4_msgs) StdoutLine: {'line': b'-- Up-to-date: /home/pavel/ws_ros2/install/px4_msgs/include/px4_msgs/px4_msgs/msg/velocity_limits.hpp\n'}
[5.950813] (px4_msgs) StdoutLine: {'line': b'-- Up-to-date: /home/pavel/ws_ros2/install/px4_msgs/include/px4_msgs/px4_msgs/msg/vehicle_optical_flow_vel.hpp\n'}
[5.950857] (px4_msgs) StdoutLine: {'line': b'-- Up-to-date: /home/pavel/ws_ros2/install/px4_msgs/include/px4_msgs/px4_msgs/msg/estimator_sensor_bias.hpp\n'}
[5.950902] (px4_msgs) StdoutLine: {'line': b'-- Up-to-date: /home/pavel/ws_ros2/install/px4_msgs/include/px4_msgs/px4_msgs/msg/gimbal_controls.hpp\n'}
[5.950947] (px4_msgs) StdoutLine: {'line': b'-- Up-to-date: /home/pavel/ws_ros2/install/px4_msgs/include/px4_msgs/px4_msgs/msg/follow_target_estimator.hpp\n'}
[5.950991] (px4_msgs) StdoutLine: {'line': b'-- Up-to-date: /home/pavel/ws_ros2/install/px4_msgs/include/px4_msgs/px4_msgs/msg/mode_completed.hpp\n'}
[5.951036] (px4_msgs) StdoutLine: {'line': b'-- Up-to-date: /home/pavel/ws_ros2/install/px4_msgs/include/px4_msgs/px4_msgs/msg/pps_capture.hpp\n'}
[5.951081] (px4_msgs) StdoutLine: {'line': b'-- Up-to-date: /home/pavel/ws_ros2/install/px4_msgs/include/px4_msgs/px4_msgs/msg/gps_dump.hpp\n'}
[5.951126] (px4_msgs) StdoutLine: {'line': b'-- Up-to-date: /home/pavel/ws_ros2/install/px4_msgs/include/px4_msgs/px4_msgs/msg/goto_setpoint.hpp\n'}
[5.951171] (px4_msgs) StdoutLine: {'line': b'-- Up-to-date: /home/pavel/ws_ros2/install/px4_msgs/include/px4_msgs/px4_msgs/msg/mount_orientation.hpp\n'}
[5.951216] (px4_msgs) StdoutLine: {'line': b'-- Up-to-date: /home/pavel/ws_ros2/install/px4_msgs/include/px4_msgs/px4_msgs/msg/register_ext_component_reply.hpp\n'}
[5.951260] (px4_msgs) StdoutLine: {'line': b'-- Up-to-date: /home/pavel/ws_ros2/install/px4_msgs/include/px4_msgs/px4_msgs/msg/rpm.hpp\n'}
[5.951304] (px4_msgs) StdoutLine: {'line': b'-- Up-to-date: /home/pavel/ws_ros2/install/px4_msgs/include/px4_msgs/px4_msgs/msg/uavcan_parameter_value.hpp\n'}
[5.951349] (px4_msgs) StdoutLine: {'line': b'-- Up-to-date: /home/pavel/ws_ros2/install/px4_msgs/include/px4_msgs/px4_msgs/msg/adc_report.hpp\n'}
[5.951393] (px4_msgs) StdoutLine: {'line': b'-- Up-to-date: /home/pavel/ws_ros2/install/px4_msgs/include/px4_msgs/px4_msgs/msg/esc_status.hpp\n'}
[5.951437] (px4_msgs) StdoutLine: {'line': b'-- Up-to-date: /home/pavel/ws_ros2/install/px4_msgs/include/px4_msgs/px4_msgs/msg/internal_combustion_engine_status.hpp\n'}
[5.951486] (px4_msgs) StdoutLine: {'line': b'-- Up-to-date: /home/pavel/ws_ros2/install/px4_msgs/include/px4_msgs/px4_msgs/msg/follow_target_status.hpp\n'}
[5.951531] (px4_msgs) StdoutLine: {'line': b'-- Up-to-date: /home/pavel/ws_ros2/install/px4_msgs/include/px4_msgs/px4_msgs/msg/qshell_retval.hpp\n'}
[5.951579] (px4_msgs) StdoutLine: {'line': b'-- Up-to-date: /home/pavel/ws_ros2/install/px4_msgs/include/px4_msgs/px4_msgs/msg/launch_detection_status.hpp\n'}
[5.951677] (px4_msgs) StdoutLine: {'line': b'-- Up-to-date: /home/pavel/ws_ros2/install/px4_msgs/include/px4_msgs/px4_msgs/msg/camera_status.hpp\n'}
[5.951726] (px4_msgs) StdoutLine: {'line': b'-- Up-to-date: /home/pavel/ws_ros2/install/px4_msgs/include/px4_msgs/px4_msgs/msg/estimator_aid_source3d.hpp\n'}
[5.951771] (px4_msgs) StdoutLine: {'line': b'-- Up-to-date: /home/pavel/ws_ros2/install/px4_msgs/include/px4_msgs/px4_msgs/msg/gimbal_manager_status.hpp\n'}
[5.951816] (px4_msgs) StdoutLine: {'line': b'-- Up-to-date: /home/pavel/ws_ros2/install/px4_msgs/include/px4_msgs/px4_msgs/msg/radio_status.hpp\n'}
[5.951860] (px4_msgs) StdoutLine: {'line': b'-- Up-to-date: /home/pavel/ws_ros2/install/px4_msgs/include/px4_msgs/px4_msgs/msg/esc_report.hpp\n'}
[5.951904] (px4_msgs) StdoutLine: {'line': b'-- Up-to-date: /home/pavel/ws_ros2/install/px4_msgs/include/px4_msgs/px4_msgs/msg/vehicle_torque_setpoint.hpp\n'}
[5.951949] (px4_msgs) StdoutLine: {'line': b'-- Up-to-date: /home/pavel/ws_ros2/install/px4_msgs/include/px4_msgs/px4_msgs/msg/sensor_gnss_relative.hpp\n'}
[5.951993] (px4_msgs) StdoutLine: {'line': b'-- Up-to-date: /home/pavel/ws_ros2/install/px4_msgs/include/px4_msgs/px4_msgs/msg/rate_ctrl_status.hpp\n'}
[5.952045] (px4_msgs) StdoutLine: {'line': b'-- Up-to-date: /home/pavel/ws_ros2/install/px4_msgs/include/px4_msgs/px4_msgs/msg/camera_trigger.hpp\n'}
[5.952090] (px4_msgs) StdoutLine: {'line': b'-- Up-to-date: /home/pavel/ws_ros2/install/px4_msgs/include/px4_msgs/px4_msgs/msg/obstacle_distance.hpp\n'}
[5.952135] (px4_msgs) StdoutLine: {'line': b'-- Up-to-date: /home/pavel/ws_ros2/install/px4_msgs/include/px4_msgs/px4_msgs/msg/input_rc.hpp\n'}
[5.952180] (px4_msgs) StdoutLine: {'line': b'-- Up-to-date: /home/pavel/ws_ros2/install/px4_msgs/include/px4_msgs/px4_msgs/msg/estimator_event_flags.hpp\n'}
[5.952224] (px4_msgs) StdoutLine: {'line': b'-- Up-to-date: /home/pavel/ws_ros2/install/px4_msgs/include/px4_msgs/px4_msgs/msg/register_ext_component_request.hpp\n'}
[5.952269] (px4_msgs) StdoutLine: {'line': b'-- Up-to-date: /home/pavel/ws_ros2/install/px4_msgs/include/px4_msgs/px4_msgs/msg/home_position.hpp\n'}
[5.952313] (px4_msgs) StdoutLine: {'line': b'-- Up-to-date: /home/pavel/ws_ros2/install/px4_msgs/include/px4_msgs/px4_msgs/msg/gpio_config.hpp\n'}
[5.952357] (px4_msgs) StdoutLine: {'line': b'-- Up-to-date: /home/pavel/ws_ros2/install/px4_msgs/include/px4_msgs/px4_msgs/msg/tiltrotor_extra_controls.hpp\n'}
[5.952401] (px4_msgs) StdoutLine: {'line': b'-- Up-to-date: /home/pavel/ws_ros2/install/px4_msgs/include/px4_msgs/px4_msgs/msg/gimbal_device_information.hpp\n'}
[5.952446] (px4_msgs) StdoutLine: {'line': b'-- Up-to-date: /home/pavel/ws_ros2/install/px4_msgs/include/px4_msgs/px4_msgs/msg/vehicle_thrust_setpoint.hpp\n'}
[5.952490] (px4_msgs) StdoutLine: {'line': b'-- Up-to-date: /home/pavel/ws_ros2/install/px4_msgs/include/px4_msgs/px4_msgs/msg/qshell_req.hpp\n'}
[5.952534] (px4_msgs) StdoutLine: {'line': b'-- Up-to-date: /home/pavel/ws_ros2/install/px4_msgs/include/px4_msgs/px4_msgs/msg/vehicle_imu_status.hpp\n'}
[5.952582] (px4_msgs) StdoutLine: {'line': b'-- Up-to-date: /home/pavel/ws_ros2/install/px4_msgs/include/px4_msgs/px4_msgs/msg/sensor_gyro_fifo.hpp\n'}
[5.952680] (px4_msgs) StdoutLine: {'line': b'-- Up-to-date: /home/pavel/ws_ros2/install/px4_msgs/include/px4_msgs/px4_msgs/msg/gimbal_device_attitude_status.hpp\n'}
[5.952725] (px4_msgs) StdoutLine: {'line': b'-- Up-to-date: /home/pavel/ws_ros2/install/px4_msgs/include/px4_msgs/px4_msgs/msg/message_format_response.hpp\n'}
[5.952769] (px4_msgs) StdoutLine: {'line': b'-- Up-to-date: /home/pavel/ws_ros2/install/px4_msgs/include/px4_msgs/px4_msgs/msg/estimator_status_flags.hpp\n'}
[5.952818] (px4_msgs) StdoutLine: {'line': b'-- Up-to-date: /home/pavel/ws_ros2/install/px4_msgs/include/px4_msgs/px4_msgs/msg/landing_target_pose.hpp\n'}
[5.952863] (px4_msgs) StdoutLine: {'line': b'-- Up-to-date: /home/pavel/ws_ros2/install/px4_msgs/include/px4_msgs/px4_msgs/msg/sensor_gps.hpp\n'}
[5.952908] (px4_msgs) StdoutLine: {'line': b'-- Up-to-date: /home/pavel/ws_ros2/install/px4_msgs/include/px4_msgs/px4_msgs/msg/autotune_attitude_control_status.hpp\n'}
[5.952952] (px4_msgs) StdoutLine: {'line': b'-- Up-to-date: /home/pavel/ws_ros2/install/px4_msgs/include/px4_msgs/px4_msgs/msg/normalized_unsigned_setpoint.hpp\n'}
[5.952997] (px4_msgs) StdoutLine: {'line': b'-- Up-to-date: /home/pavel/ws_ros2/install/px4_msgs/include/px4_msgs/px4_msgs/msg/vehicle_constraints.hpp\n'}
[5.953042] (px4_msgs) StdoutLine: {'line': b'-- Up-to-date: /home/pavel/ws_ros2/install/px4_msgs/include/px4_msgs/px4_msgs/msg/manual_control_switches.hpp\n'}
[5.953086] (px4_msgs) StdoutLine: {'line': b'-- Up-to-date: /home/pavel/ws_ros2/install/px4_msgs/include/px4_msgs/px4_msgs/msg/sensor_gyro.hpp\n'}
[5.953130] (px4_msgs) StdoutLine: {'line': b'-- Up-to-date: /home/pavel/ws_ros2/install/px4_msgs/include/px4_msgs/px4_msgs/msg/wind.hpp\n'}
[5.953175] (px4_msgs) StdoutLine: {'line': b'-- Up-to-date: /home/pavel/ws_ros2/install/px4_msgs/include/px4_msgs/px4_msgs/msg/trajectory_waypoint.hpp\n'}
[5.953219] (px4_msgs) StdoutLine: {'line': b'-- Up-to-date: /home/pavel/ws_ros2/install/px4_msgs/include/px4_msgs/px4_msgs/msg/irlock_report.hpp\n'}
[5.953264] (px4_msgs) StdoutLine: {'line': b'-- Up-to-date: /home/pavel/ws_ros2/install/px4_msgs/include/px4_msgs/px4_msgs/msg/sensor_mag.hpp\n'}
[5.953308] (px4_msgs) StdoutLine: {'line': b'-- Up-to-date: /home/pavel/ws_ros2/install/px4_msgs/include/px4_msgs/px4_msgs/msg/vehicle_land_detected.hpp\n'}
[5.953352] (px4_msgs) StdoutLine: {'line': b'-- Up-to-date: /home/pavel/ws_ros2/install/px4_msgs/include/px4_msgs/px4_msgs/msg/airspeed_validated.hpp\n'}
[5.953400] (px4_msgs) StdoutLine: {'line': b'-- Up-to-date: /home/pavel/ws_ros2/install/px4_msgs/include/px4_msgs/px4_msgs/msg/estimator_innovations.hpp\n'}
[5.953445] (px4_msgs) StdoutLine: {'line': b'-- Up-to-date: /home/pavel/ws_ros2/install/px4_msgs/include/px4_msgs/px4_msgs/msg/power_monitor.hpp\n'}
[5.953490] (px4_msgs) StdoutLine: {'line': b'-- Up-to-date: /home/pavel/ws_ros2/install/px4_msgs/include/px4_msgs/px4_msgs/msg/cpuload.hpp\n'}
[5.953534] (px4_msgs) StdoutLine: {'line': b'-- Up-to-date: /home/pavel/ws_ros2/install/px4_msgs/include/px4_msgs/px4_msgs/msg/uavcan_parameter_request.hpp\n'}
[5.953583] (px4_msgs) StdoutLine: {'line': b'-- Up-to-date: /home/pavel/ws_ros2/install/px4_msgs/include/px4_msgs/px4_msgs/msg/actuator_armed.hpp\n'}
[5.953679] (px4_msgs) StdoutLine: {'line': b'-- Up-to-date: /home/pavel/ws_ros2/install/px4_msgs/include/px4_msgs/px4_msgs/msg/failure_detector_status.hpp\n'}
[5.953724] (px4_msgs) StdoutLine: {'line': b'-- Up-to-date: /home/pavel/ws_ros2/install/px4_msgs/include/px4_msgs/px4_msgs/msg/actuator_controls_status.hpp\n'}
[5.953769] (px4_msgs) StdoutLine: {'line': b'-- Up-to-date: /home/pavel/ws_ros2/install/px4_msgs/include/px4_msgs/px4_msgs/msg/rover_ackermann_guidance_status.hpp\n'}
[5.953814] (px4_msgs) StdoutLine: {'line': b'-- Up-to-date: /home/pavel/ws_ros2/install/px4_msgs/include/px4_msgs/px4_msgs/msg/debug_key_value.hpp\n'}
[5.953859] (px4_msgs) StdoutLine: {'line': b'-- Up-to-date: /home/pavel/ws_ros2/install/px4_msgs/include/px4_msgs/px4_msgs/msg/estimator_aid_source1d.hpp\n'}
[5.953910] (px4_msgs) StdoutLine: {'line': b'-- Up-to-date: /home/pavel/ws_ros2/install/px4_msgs/include/px4_msgs/px4_msgs/msg/gimbal_device_set_attitude.hpp\n'}
[5.953956] (px4_msgs) StdoutLine: {'line': b'-- Up-to-date: /home/pavel/ws_ros2/install/px4_msgs/include/px4_msgs/px4_msgs/msg/telemetry_status.hpp\n'}
[5.954001] (px4_msgs) StdoutLine: {'line': b'-- Up-to-date: /home/pavel/ws_ros2/install/px4_msgs/include/px4_msgs/px4_msgs/msg/vehicle_command_ack.hpp\n'}
[5.954050] (px4_msgs) StdoutLine: {'line': b'-- Up-to-date: /home/pavel/ws_ros2/install/px4_msgs/include/px4_msgs/px4_msgs/msg/estimator_gps_status.hpp\n'}
[5.954096] (px4_msgs) StdoutLine: {'line': b'-- Up-to-date: /home/pavel/ws_ros2/install/px4_msgs/include/px4_msgs/px4_msgs/msg/trajectory_setpoint.hpp\n'}
[5.954142] (px4_msgs) StdoutLine: {'line': b'-- Up-to-date: /home/pavel/ws_ros2/install/px4_msgs/include/px4_msgs/px4_msgs/msg/airspeed.hpp\n'}
[5.954187] (px4_msgs) StdoutLine: {'line': b'-- Up-to-date: /home/pavel/ws_ros2/install/px4_msgs/include/px4_msgs/px4_msgs/msg/geofence_result.hpp\n'}
[5.954231] (px4_msgs) StdoutLine: {'line': b'-- Up-to-date: /home/pavel/ws_ros2/install/px4_msgs/include/px4_msgs/px4_msgs/msg/mission.hpp\n'}
[5.954276] (px4_msgs) StdoutLine: {'line': b'-- Up-to-date: /home/pavel/ws_ros2/install/px4_msgs/include/px4_msgs/px4_msgs/msg/gimbal_manager_information.hpp\n'}
[5.954320] (px4_msgs) StdoutLine: {'line': b'-- Up-to-date: /home/pavel/ws_ros2/install/px4_msgs/include/px4_msgs/px4_msgs/msg/actuator_test.hpp\n'}
[5.954364] (px4_msgs) StdoutLine: {'line': b'-- Up-to-date: /home/pavel/ws_ros2/install/px4_msgs/include/px4_msgs/px4_msgs/msg/sensor_accel_fifo.hpp\n'}
[5.954408] (px4_msgs) StdoutLine: {'line': b'-- Up-to-date: /home/pavel/ws_ros2/install/px4_msgs/include/px4_msgs/px4_msgs/msg/follow_target.hpp\n'}
[5.954452] (px4_msgs) StdoutLine: {'line': b'-- Up-to-date: /home/pavel/ws_ros2/install/px4_msgs/include/px4_msgs/px4_msgs/msg/position_setpoint.hpp\n'}
[5.954496] (px4_msgs) StdoutLine: {'line': b'-- Up-to-date: /home/pavel/ws_ros2/install/px4_msgs/include/px4_msgs/px4_msgs/msg/landing_gear.hpp\n'}
[5.954540] (px4_msgs) StdoutLine: {'line': b'-- Up-to-date: /home/pavel/ws_ros2/install/px4_msgs/include/px4_msgs/px4_msgs/msg/differential_pressure.hpp\n'}
[5.954589] (px4_msgs) StdoutLine: {'line': b'-- Up-to-date: /home/pavel/ws_ros2/install/px4_msgs/include/px4_msgs/px4_msgs/msg/sensor_hygrometer.hpp\n'}
[5.954684] (px4_msgs) StdoutLine: {'line': b'-- Up-to-date: /home/pavel/ws_ros2/install/px4_msgs/include/px4_msgs/px4_msgs/msg/takeoff_status.hpp\n'}
[5.954729] (px4_msgs) StdoutLine: {'line': b'-- Up-to-date: /home/pavel/ws_ros2/install/px4_msgs/include/px4_msgs/px4_msgs/msg/offboard_control_mode.hpp\n'}
[5.954774] (px4_msgs) StdoutLine: {'line': b'-- Up-to-date: /home/pavel/ws_ros2/install/px4_msgs/include/px4_msgs/px4_msgs/msg/estimator_selector_status.hpp\n'}
[5.954818] (px4_msgs) StdoutLine: {'line': b'-- Up-to-date: /home/pavel/ws_ros2/install/px4_msgs/include/px4_msgs/px4_msgs/msg/sensor_optical_flow.hpp\n'}
[5.954863] (px4_msgs) StdoutLine: {'line': b'-- Up-to-date: /home/pavel/ws_ros2/install/px4_msgs/include/px4_msgs/px4_msgs/msg/position_controller_landing_status.hpp\n'}
[5.954908] (px4_msgs) StdoutLine: {'line': b'-- Up-to-date: /home/pavel/ws_ros2/install/px4_msgs/include/px4_msgs/px4_msgs/msg/geofence_status.hpp\n'}
[5.954953] (px4_msgs) StdoutLine: {'line': b'-- Up-to-date: /home/pavel/ws_ros2/install/px4_msgs/include/px4_msgs/px4_msgs/msg/airspeed_wind.hpp\n'}
[5.954998] (px4_msgs) StdoutLine: {'line': b'-- Up-to-date: /home/pavel/ws_ros2/install/px4_msgs/include/px4_msgs/px4_msgs/msg/sensor_airflow.hpp\n'}
[5.955042] (px4_msgs) StdoutLine: {'line': b'-- Up-to-date: /home/pavel/ws_ros2/install/px4_msgs/include/px4_msgs/px4_msgs/msg/orbit_status.hpp\n'}
[5.955086] (px4_msgs) StdoutLine: {'line': b'-- Up-to-date: /home/pavel/ws_ros2/install/px4_msgs/include/px4_msgs/px4_msgs/msg/fuel_tank_status.hpp\n'}
[5.955134] (px4_msgs) StdoutLine: {'line': b'-- Up-to-date: /home/pavel/ws_ros2/install/px4_msgs/include/px4_msgs/px4_msgs/msg/config_overrides.hpp\n'}
[5.955180] (px4_msgs) StdoutLine: {'line': b'-- Up-to-date: /home/pavel/ws_ros2/install/px4_msgs/include/px4_msgs/px4_msgs/msg/camera_capture.hpp\n'}
[5.955225] (px4_msgs) StdoutLine: {'line': b'-- Up-to-date: /home/pavel/ws_ros2/install/px4_msgs/include/px4_msgs/px4_msgs/msg/parameter_set_value_response.hpp\n'}
[5.955269] (px4_msgs) StdoutLine: {'line': b'-- Up-to-date: /home/pavel/ws_ros2/install/px4_msgs/include/px4_msgs/px4_msgs/msg/differential_drive_setpoint.hpp\n'}
[5.955317] (px4_msgs) StdoutLine: {'line': b'-- Up-to-date: /home/pavel/ws_ros2/install/px4_msgs/include/px4_msgs/px4_msgs/msg/button_event.hpp\n'}
[5.955361] (px4_msgs) StdoutLine: {'line': b'-- Up-to-date: /home/pavel/ws_ros2/install/px4_msgs/include/px4_msgs/px4_msgs/msg/control_allocator_status.hpp\n'}
[5.955405] (px4_msgs) StdoutLine: {'line': b'-- Up-to-date: /home/pavel/ws_ros2/install/px4_msgs/include/px4_msgs/px4_msgs/msg/debug_vect.hpp\n'}
[5.955449] (px4_msgs) StdoutLine: {'line': b'-- Up-to-date: /home/pavel/ws_ros2/install/px4_msgs/include/px4_msgs/px4_msgs/msg/ulog_stream.hpp\n'}
[5.955493] (px4_msgs) StdoutLine: {'line': b'-- Up-to-date: /home/pavel/ws_ros2/install/px4_msgs/include/px4_msgs/px4_msgs/msg/gps_inject_data.hpp\n'}
[5.955537] (px4_msgs) StdoutLine: {'line': b'-- Up-to-date: /home/pavel/ws_ros2/install/px4_msgs/include/px4_msgs/px4_msgs/msg/health_report.hpp\n'}
[5.955585] (px4_msgs) StdoutLine: {'line': b'-- Up-to-date: /home/pavel/ws_ros2/install/px4_msgs/include/px4_msgs/px4_msgs/msg/parameter_reset_request.hpp\n'}
[5.955837] (px4_msgs) StdoutLine: {'line': b'-- Up-to-date: /home/pavel/ws_ros2/install/px4_msgs/include/px4_msgs/px4_msgs/msg/vehicle_trajectory_waypoint.hpp\n'}
[5.955881] (px4_msgs) StdoutLine: {'line': b'-- Up-to-date: /home/pavel/ws_ros2/install/px4_msgs/include/px4_msgs/px4_msgs/msg/satellite_info.hpp\n'}
[5.955932] (px4_msgs) StdoutLine: {'line': b'-- Up-to-date: /home/pavel/ws_ros2/install/px4_msgs/include/px4_msgs/px4_msgs/msg/vehicle_local_position_setpoint.hpp\n'}
[5.955977] (px4_msgs) StdoutLine: {'line': b'-- Up-to-date: /home/pavel/ws_ros2/install/px4_msgs/include/px4_msgs/px4_msgs/msg/estimator_status.hpp\n'}
[5.956023] (px4_msgs) StdoutLine: {'line': b'-- Up-to-date: /home/pavel/ws_ros2/install/px4_msgs/include/px4_msgs/px4_msgs/msg/sensor_uwb.hpp\n'}
[5.956067] (px4_msgs) StdoutLine: {'line': b'-- Up-to-date: /home/pavel/ws_ros2/install/px4_msgs/include/px4_msgs/px4_msgs/msg/rc_channels.hpp\n'}
[5.956112] (px4_msgs) StdoutLine: {'line': b'-- Up-to-date: /home/pavel/ws_ros2/install/px4_msgs/include/px4_msgs/px4_msgs/msg/rosidl_generator_cpp__visibility_control.hpp\n'}
[5.956156] (px4_msgs) StdoutLine: {'line': b'-- Up-to-date: /home/pavel/ws_ros2/install/px4_msgs/include/px4_msgs/px4_msgs/msg/figure_eight_status.hpp\n'}
[5.956202] (px4_msgs) StdoutLine: {'line': b'-- Up-to-date: /home/pavel/ws_ros2/install/px4_msgs/include/px4_msgs/px4_msgs/msg/trajectory_bezier.hpp\n'}
[5.956246] (px4_msgs) StdoutLine: {'line': b'-- Up-to-date: /home/pavel/ws_ros2/install/px4_msgs/include/px4_msgs/px4_msgs/msg/system_power.hpp\n'}
[5.956291] (px4_msgs) StdoutLine: {'line': b'-- Up-to-date: /home/pavel/ws_ros2/install/px4_msgs/include/px4_msgs/px4_msgs/msg/vehicle_angular_acceleration_setpoint.hpp\n'}
[5.956336] (px4_msgs) StdoutLine: {'line': b'-- Up-to-date: /home/pavel/ws_ros2/install/px4_msgs/include/px4_msgs/px4_msgs/msg/tune_control.hpp\n'}
[5.956380] (px4_msgs) StdoutLine: {'line': b'-- Up-to-date: /home/pavel/ws_ros2/install/px4_msgs/include/px4_msgs/px4_msgs/msg/vehicle_air_data.hpp\n'}
[5.956425] (px4_msgs) StdoutLine: {'line': b'-- Up-to-date: /home/pavel/ws_ros2/install/px4_msgs/include/px4_msgs/px4_msgs/msg/rtl_time_estimate.hpp\n'}
[5.956469] (px4_msgs) StdoutLine: {'line': b'-- Up-to-date: /home/pavel/ws_ros2/install/px4_msgs/include/px4_msgs/px4_msgs/msg/heater_status.hpp\n'}
[5.956513] (px4_msgs) StdoutLine: {'line': b'-- Up-to-date: /home/pavel/ws_ros2/install/px4_msgs/include/px4_msgs/px4_msgs/msg/estimator_aid_source2d.hpp\n'}
[5.956557] (px4_msgs) StdoutLine: {'line': b'-- Up-to-date: /home/pavel/ws_ros2/install/px4_msgs/include/px4_msgs/px4_msgs/msg/parameter_update.hpp\n'}
[5.956647] (px4_msgs) StdoutLine: {'line': b'-- Up-to-date: /home/pavel/ws_ros2/install/px4_msgs/include/px4_msgs/px4_msgs/msg/vehicle_optical_flow.hpp\n'}
[5.956711] (px4_msgs) StdoutLine: {'line': b'-- Up-to-date: /home/pavel/ws_ros2/install/px4_msgs/include/px4_msgs/px4_msgs/msg/unregister_ext_component.hpp\n'}
[5.956759] (px4_msgs) StdoutLine: {'line': b'-- Up-to-date: /home/pavel/ws_ros2/install/px4_msgs/include/px4_msgs/px4_msgs/msg/arming_check_request.hpp\n'}
[5.956805] (px4_msgs) StdoutLine: {'line': b'-- Up-to-date: /home/pavel/ws_ros2/install/px4_msgs/include/px4_msgs/px4_msgs/msg/can_interface_status.hpp\n'}
[5.956849] (px4_msgs) StdoutLine: {'line': b'-- Up-to-date: /home/pavel/ws_ros2/install/px4_msgs/include/px4_msgs/px4_msgs/msg/vehicle_odometry.hpp\n'}
[5.956894] (px4_msgs) StdoutLine: {'line': b'-- Up-to-date: /home/pavel/ws_ros2/install/px4_msgs/include/px4_msgs/px4_msgs/msg/orb_test_large.hpp\n'}
[5.956938] (px4_msgs) StdoutLine: {'line': b'-- Up-to-date: /home/pavel/ws_ros2/install/px4_msgs/include/px4_msgs/px4_msgs/msg/cellular_status.hpp\n'}
[5.956983] (px4_msgs) StdoutLine: {'line': b'-- Up-to-date: /home/pavel/ws_ros2/install/px4_msgs/include/px4_msgs/px4_msgs/msg/manual_control_setpoint.hpp\n'}
[5.957031] (px4_msgs) StdoutLine: {'line': b'-- Up-to-date: /home/pavel/ws_ros2/install/px4_msgs/include/px4_msgs/px4_msgs/msg/vehicle_magnetometer.hpp\n'}
[5.957076] (px4_msgs) StdoutLine: {'line': b'-- Up-to-date: /home/pavel/ws_ros2/install/px4_msgs/include/px4_msgs/px4_msgs/msg/dataman_request.hpp\n'}
[5.957121] (px4_msgs) StdoutLine: {'line': b'-- Up-to-date: /home/pavel/ws_ros2/install/px4_msgs/include/px4_msgs/px4_msgs/msg/tecs_status.hpp\n'}
[5.957166] (px4_msgs) StdoutLine: {'line': b'-- Up-to-date: /home/pavel/ws_ros2/install/px4_msgs/include/px4_msgs/px4_msgs/msg/sensor_selection.hpp\n'}
[5.957383] (px4_msgs) StdoutLine: {'line': b'-- Up-to-date: /home/pavel/ws_ros2/install/px4_msgs/include/px4_msgs/px4_msgs/msg/timesync_status.hpp\n'}
[5.957427] (px4_msgs) StdoutLine: {'line': b'-- Up-to-date: /home/pavel/ws_ros2/install/px4_msgs/include/px4_msgs/px4_msgs/msg/ekf2_timestamps.hpp\n'}
[5.957470] (px4_msgs) StdoutLine: {'line': b'-- Up-to-date: /home/pavel/ws_ros2/install/px4_msgs/include/px4_msgs/px4_msgs/msg/vehicle_local_position.hpp\n'}
[5.957514] (px4_msgs) StdoutLine: {'line': b'-- Up-to-date: /home/pavel/ws_ros2/install/px4_msgs/include/px4_msgs/px4_msgs/msg/vehicle_status.hpp\n'}
[5.957558] (px4_msgs) StdoutLine: {'line': b'-- Up-to-date: /home/pavel/ws_ros2/install/px4_msgs/include/px4_msgs/px4_msgs/msg/magnetometer_bias_estimate.hpp\n'}
[5.957634] (px4_msgs) StdoutLine: {'line': b'-- Up-to-date: /home/pavel/ws_ros2/install/px4_msgs/include/px4_msgs/px4_msgs/msg/vehicle_trajectory_bezier.hpp\n'}
[5.957696] (px4_msgs) StdoutLine: {'line': b'-- Up-to-date: /home/pavel/ws_ros2/install/px4_msgs/include/px4_msgs/px4_msgs/msg/event.hpp\n'}
[5.957741] (px4_msgs) StdoutLine: {'line': b'-- Up-to-date: /home/pavel/ws_ros2/install/px4_msgs/include/px4_msgs/px4_msgs/msg/estimator_bias.hpp\n'}
[5.957784] (px4_msgs) StdoutLine: {'line': b'-- Up-to-date: /home/pavel/ws_ros2/install/px4_msgs/include/px4_msgs/px4_msgs/msg/mission_result.hpp\n'}
[5.957829] (px4_msgs) StdoutLine: {'line': b'-- Up-to-date: /home/pavel/ws_ros2/install/px4_msgs/include/px4_msgs/px4_msgs/msg/vehicle_control_mode.hpp\n'}
[5.957873] (px4_msgs) StdoutLine: {'line': b'-- Up-to-date: /home/pavel/ws_ros2/install/px4_msgs/include/px4_msgs/px4_msgs/msg/gimbal_manager_set_attitude.hpp\n'}
[5.957918] (px4_msgs) StdoutLine: {'line': b'-- Up-to-date: /home/pavel/ws_ros2/install/px4_msgs/include/px4_msgs/px4_msgs\n'}
[5.957972] (px4_msgs) StdoutLine: {'line': b'-- Up-to-date: /home/pavel/ws_ros2/install/px4_msgs/include/px4_msgs/px4_msgs/srv\n'}
[5.958018] (px4_msgs) StdoutLine: {'line': b'-- Up-to-date: /home/pavel/ws_ros2/install/px4_msgs/include/px4_msgs/px4_msgs/srv/detail\n'}
[5.958064] (px4_msgs) StdoutLine: {'line': b'-- Up-to-date: /home/pavel/ws_ros2/install/px4_msgs/include/px4_msgs/px4_msgs/srv/detail/vehicle_command__rosidl_typesupport_fastrtps_cpp.hpp\n'}
[5.958110] (px4_msgs) StdoutLine: {'line': b'-- Up-to-date: /home/pavel/ws_ros2/install/px4_msgs/include/px4_msgs/px4_msgs/srv/detail/dds_fastrtps\n'}
[5.958154] (px4_msgs) StdoutLine: {'line': b'-- Up-to-date: /home/pavel/ws_ros2/install/px4_msgs/include/px4_msgs/px4_msgs/msg\n'}
[5.958204] (px4_msgs) StdoutLine: {'line': b'-- Up-to-date: /home/pavel/ws_ros2/install/px4_msgs/include/px4_msgs/px4_msgs/msg/detail\n'}
[5.958248] (px4_msgs) StdoutLine: {'line': b'-- Up-to-date: /home/pavel/ws_ros2/install/px4_msgs/include/px4_msgs/px4_msgs/msg/detail/sensor_selection__rosidl_typesupport_fastrtps_cpp.hpp\n'}
[5.958294] (px4_msgs) StdoutLine: {'line': b'-- Up-to-date: /home/pavel/ws_ros2/install/px4_msgs/include/px4_msgs/px4_msgs/msg/detail/message_format_response__rosidl_typesupport_fastrtps_cpp.hpp\n'}
[5.958341] (px4_msgs) StdoutLine: {'line': b'-- Up-to-date: /home/pavel/ws_ros2/install/px4_msgs/include/px4_msgs/px4_msgs/msg/detail/camera_trigger__rosidl_typesupport_fastrtps_cpp.hpp\n'}
[5.958386] (px4_msgs) StdoutLine: {'line': b'-- Up-to-date: /home/pavel/ws_ros2/install/px4_msgs/include/px4_msgs/px4_msgs/msg/detail/vehicle_command__rosidl_typesupport_fastrtps_cpp.hpp\n'}
[5.958431] (px4_msgs) StdoutLine: {'line': b'-- Up-to-date: /home/pavel/ws_ros2/install/px4_msgs/include/px4_msgs/px4_msgs/msg/detail/register_ext_component_request__rosidl_typesupport_fastrtps_cpp.hpp\n'}
[5.958478] (px4_msgs) StdoutLine: {'line': b'-- Up-to-date: /home/pavel/ws_ros2/install/px4_msgs/include/px4_msgs/px4_msgs/msg/detail/arming_check_request__rosidl_typesupport_fastrtps_cpp.hpp\n'}
[5.958525] (px4_msgs) StdoutLine: {'line': b'-- Up-to-date: /home/pavel/ws_ros2/install/px4_msgs/include/px4_msgs/px4_msgs/msg/detail/logger_status__rosidl_typesupport_fastrtps_cpp.hpp\n'}
[5.958570] (px4_msgs) StdoutLine: {'line': b'-- Up-to-date: /home/pavel/ws_ros2/install/px4_msgs/include/px4_msgs/px4_msgs/msg/detail/unregister_ext_component__rosidl_typesupport_fastrtps_cpp.hpp\n'}
[5.958669] (px4_msgs) StdoutLine: {'line': b'-- Up-to-date: /home/pavel/ws_ros2/install/px4_msgs/include/px4_msgs/px4_msgs/msg/detail/gimbal_controls__rosidl_typesupport_fastrtps_cpp.hpp\n'}
[5.958715] (px4_msgs) StdoutLine: {'line': b'-- Up-to-date: /home/pavel/ws_ros2/install/px4_msgs/include/px4_msgs/px4_msgs/msg/detail/landing_target_pose__rosidl_typesupport_fastrtps_cpp.hpp\n'}
[5.958761] (px4_msgs) StdoutLine: {'line': b'-- Up-to-date: /home/pavel/ws_ros2/install/px4_msgs/include/px4_msgs/px4_msgs/msg/detail/ulog_stream__rosidl_typesupport_fastrtps_cpp.hpp\n'}
[5.958815] (px4_msgs) StdoutLine: {'line': b'-- Up-to-date: /home/pavel/ws_ros2/install/px4_msgs/include/px4_msgs/px4_msgs/msg/detail/vehicle_magnetometer__rosidl_typesupport_fastrtps_cpp.hpp\n'}
[5.958861] (px4_msgs) StdoutLine: {'line': b'-- Up-to-date: /home/pavel/ws_ros2/install/px4_msgs/include/px4_msgs/px4_msgs/msg/detail/can_interface_status__rosidl_typesupport_fastrtps_cpp.hpp\n'}
[5.958906] (px4_msgs) StdoutLine: {'line': b'-- Up-to-date: /home/pavel/ws_ros2/install/px4_msgs/include/px4_msgs/px4_msgs/msg/detail/estimator_aid_source2d__rosidl_typesupport_fastrtps_cpp.hpp\n'}
[5.958951] (px4_msgs) StdoutLine: {'line': b'-- Up-to-date: /home/pavel/ws_ros2/install/px4_msgs/include/px4_msgs/px4_msgs/msg/detail/sensors_status_imu__rosidl_typesupport_fastrtps_cpp.hpp\n'}
[5.958996] (px4_msgs) StdoutLine: {'line': b'-- Up-to-date: /home/pavel/ws_ros2/install/px4_msgs/include/px4_msgs/px4_msgs/msg/detail/vehicle_attitude_setpoint__rosidl_typesupport_fastrtps_cpp.hpp\n'}
[5.959040] (px4_msgs) StdoutLine: {'line': b'-- Up-to-date: /home/pavel/ws_ros2/install/px4_msgs/include/px4_msgs/px4_msgs/msg/detail/log_message__rosidl_typesupport_fastrtps_cpp.hpp\n'}
[5.959086] (px4_msgs) StdoutLine: {'line': b'-- Up-to-date: /home/pavel/ws_ros2/install/px4_msgs/include/px4_msgs/px4_msgs/msg/detail/vehicle_angular_acceleration_setpoint__rosidl_typesupport_fastrtps_cpp.hpp\n'}
[5.959131] (px4_msgs) StdoutLine: {'line': b'-- Up-to-date: /home/pavel/ws_ros2/install/px4_msgs/include/px4_msgs/px4_msgs/msg/detail/obstacle_distance__rosidl_typesupport_fastrtps_cpp.hpp\n'}
[5.959176] (px4_msgs) StdoutLine: {'line': b'-- Up-to-date: /home/pavel/ws_ros2/install/px4_msgs/include/px4_msgs/px4_msgs/msg/detail/sensor_uwb__rosidl_typesupport_fastrtps_cpp.hpp\n'}
[5.959221] (px4_msgs) StdoutLine: {'line': b'-- Up-to-date: /home/pavel/ws_ros2/install/px4_msgs/include/px4_msgs/px4_msgs/msg/detail/estimator_aid_source1d__rosidl_typesupport_fastrtps_cpp.hpp\n'}
[5.959272] (px4_msgs) StdoutLine: {'line': b'-- Up-to-date: /home/pavel/ws_ros2/install/px4_msgs/include/px4_msgs/px4_msgs/msg/detail/debug_vect__rosidl_typesupport_fastrtps_cpp.hpp\n'}
[5.959319] (px4_msgs) StdoutLine: {'line': b'-- Up-to-date: /home/pavel/ws_ros2/install/px4_msgs/include/px4_msgs/px4_msgs/msg/detail/vehicle_attitude__rosidl_typesupport_fastrtps_cpp.hpp\n'}
[5.959366] (px4_msgs) StdoutLine: {'line': b'-- Up-to-date: /home/pavel/ws_ros2/install/px4_msgs/include/px4_msgs/px4_msgs/msg/detail/parameter_update__rosidl_typesupport_fastrtps_cpp.hpp\n'}
[5.959421] (px4_msgs) StdoutLine: {'line': b'-- Up-to-date: /home/pavel/ws_ros2/install/px4_msgs/include/px4_msgs/px4_msgs/msg/detail/vehicle_trajectory_waypoint__rosidl_typesupport_fastrtps_cpp.hpp\n'}
[5.959467] (px4_msgs) StdoutLine: {'line': b'-- Up-to-date: /home/pavel/ws_ros2/install/px4_msgs/include/px4_msgs/px4_msgs/msg/detail/flight_phase_estimation__rosidl_typesupport_fastrtps_cpp.hpp\n'}
[5.959512] (px4_msgs) StdoutLine: {'line': b'-- Up-to-date: /home/pavel/ws_ros2/install/px4_msgs/include/px4_msgs/px4_msgs/msg/detail/gps_dump__rosidl_typesupport_fastrtps_cpp.hpp\n'}
[5.959559] (px4_msgs) StdoutLine: {'line': b'-- Up-to-date: /home/pavel/ws_ros2/install/px4_msgs/include/px4_msgs/px4_msgs/msg/detail/estimator_selector_status__rosidl_typesupport_fastrtps_cpp.hpp\n'}
[5.959642] (px4_msgs) StdoutLine: {'line': b'-- Up-to-date: /home/pavel/ws_ros2/install/px4_msgs/include/px4_msgs/px4_msgs/msg/detail/sensors_status__rosidl_typesupport_fastrtps_cpp.hpp\n'}
[5.959706] (px4_msgs) StdoutLine: {'line': b'-- Up-to-date: /home/pavel/ws_ros2/install/px4_msgs/include/px4_msgs/px4_msgs/msg/detail/px4io_status__rosidl_typesupport_fastrtps_cpp.hpp\n'}
[5.959752] (px4_msgs) StdoutLine: {'line': b'-- Up-to-date: /home/pavel/ws_ros2/install/px4_msgs/include/px4_msgs/px4_msgs/msg/detail/gimbal_device_attitude_status__rosidl_typesupport_fastrtps_cpp.hpp\n'}
[5.959804] (px4_msgs) StdoutLine: {'line': b'-- Up-to-date: /home/pavel/ws_ros2/install/px4_msgs/include/px4_msgs/px4_msgs/msg/detail/magnetometer_bias_estimate__rosidl_typesupport_fastrtps_cpp.hpp\n'}
[5.959856] (px4_msgs) StdoutLine: {'line': b'-- Up-to-date: /home/pavel/ws_ros2/install/px4_msgs/include/px4_msgs/px4_msgs/msg/detail/vehicle_angular_velocity__rosidl_typesupport_fastrtps_cpp.hpp\n'}
[5.959908] (px4_msgs) StdoutLine: {'line': b'-- Up-to-date: /home/pavel/ws_ros2/install/px4_msgs/include/px4_msgs/px4_msgs/msg/detail/trajectory_bezier__rosidl_typesupport_fastrtps_cpp.hpp\n'}
[5.959959] (px4_msgs) StdoutLine: {'line': b'-- Up-to-date: /home/pavel/ws_ros2/install/px4_msgs/include/px4_msgs/px4_msgs/msg/detail/failsafe_flags__rosidl_typesupport_fastrtps_cpp.hpp\n'}
[5.960010] (px4_msgs) StdoutLine: {'line': b'-- Up-to-date: /home/pavel/ws_ros2/install/px4_msgs/include/px4_msgs/px4_msgs/msg/detail/system_power__rosidl_typesupport_fastrtps_cpp.hpp\n'}
[5.960061] (px4_msgs) StdoutLine: {'line': b'-- Up-to-date: /home/pavel/ws_ros2/install/px4_msgs/include/px4_msgs/px4_msgs/msg/detail/vehicle_odometry__rosidl_typesupport_fastrtps_cpp.hpp\n'}
[5.960124] (px4_msgs) StdoutLine: {'line': b'-- Up-to-date: /home/pavel/ws_ros2/install/px4_msgs/include/px4_msgs/px4_msgs/msg/detail/irlock_report__rosidl_typesupport_fastrtps_cpp.hpp\n'}
[5.960180] (px4_msgs) StdoutLine: {'line': b'-- Up-to-date: /home/pavel/ws_ros2/install/px4_msgs/include/px4_msgs/px4_msgs/msg/detail/tune_control__rosidl_typesupport_fastrtps_cpp.hpp\n'}
[5.960230] (px4_msgs) StdoutLine: {'line': b'-- Up-to-date: /home/pavel/ws_ros2/install/px4_msgs/include/px4_msgs/px4_msgs/msg/detail/iridiumsbd_status__rosidl_typesupport_fastrtps_cpp.hpp\n'}
[5.960274] (px4_msgs) StdoutLine: {'line': b'-- Up-to-date: /home/pavel/ws_ros2/install/px4_msgs/include/px4_msgs/px4_msgs/msg/detail/register_ext_component_reply__rosidl_typesupport_fastrtps_cpp.hpp\n'}
[5.960320] (px4_msgs) StdoutLine: {'line': b'-- Up-to-date: /home/pavel/ws_ros2/install/px4_msgs/include/px4_msgs/px4_msgs/msg/detail/actuator_servos_trim__rosidl_typesupport_fastrtps_cpp.hpp\n'}
[5.960368] (px4_msgs) StdoutLine: {'line': b'-- Up-to-date: /home/pavel/ws_ros2/install/px4_msgs/include/px4_msgs/px4_msgs/msg/detail/estimator_states__rosidl_typesupport_fastrtps_cpp.hpp\n'}
[5.960414] (px4_msgs) StdoutLine: {'line': b'-- Up-to-date: /home/pavel/ws_ros2/install/px4_msgs/include/px4_msgs/px4_msgs/msg/detail/rover_ackermann_guidance_status__rosidl_typesupport_fastrtps_cpp.hpp\n'}
[5.960459] (px4_msgs) StdoutLine: {'line': b'-- Up-to-date: /home/pavel/ws_ros2/install/px4_msgs/include/px4_msgs/px4_msgs/msg/detail/trajectory_setpoint__rosidl_typesupport_fastrtps_cpp.hpp\n'}
[5.960504] (px4_msgs) StdoutLine: {'line': b'-- Up-to-date: /home/pavel/ws_ros2/install/px4_msgs/include/px4_msgs/px4_msgs/msg/detail/follow_target_estimator__rosidl_typesupport_fastrtps_cpp.hpp\n'}
[5.960550] (px4_msgs) StdoutLine: {'line': b'-- Up-to-date: /home/pavel/ws_ros2/install/px4_msgs/include/px4_msgs/px4_msgs/msg/detail/offboard_control_mode__rosidl_typesupport_fastrtps_cpp.hpp\n'}
[5.960625] (px4_msgs) StdoutLine: {'line': b'-- Up-to-date: /home/pavel/ws_ros2/install/px4_msgs/include/px4_msgs/px4_msgs/msg/detail/camera_status__rosidl_typesupport_fastrtps_cpp.hpp\n'}
[5.960699] (px4_msgs) StdoutLine: {'line': b'-- Up-to-date: /home/pavel/ws_ros2/install/px4_msgs/include/px4_msgs/px4_msgs/msg/detail/timesync_status__rosidl_typesupport_fastrtps_cpp.hpp\n'}
[5.960745] (px4_msgs) StdoutLine: {'line': b'-- Up-to-date: /home/pavel/ws_ros2/install/px4_msgs/include/px4_msgs/px4_msgs/msg/detail/transponder_report__rosidl_typesupport_fastrtps_cpp.hpp\n'}
[5.960789] (px4_msgs) StdoutLine: {'line': b'-- Up-to-date: /home/pavel/ws_ros2/install/px4_msgs/include/px4_msgs/px4_msgs/msg/detail/task_stack_info__rosidl_typesupport_fastrtps_cpp.hpp\n'}
[5.960834] (px4_msgs) StdoutLine: {'line': b'-- Up-to-date: /home/pavel/ws_ros2/install/px4_msgs/include/px4_msgs/px4_msgs/msg/detail/cellular_status__rosidl_typesupport_fastrtps_cpp.hpp\n'}
[5.960879] (px4_msgs) StdoutLine: {'line': b'-- Up-to-date: /home/pavel/ws_ros2/install/px4_msgs/include/px4_msgs/px4_msgs/msg/detail/gimbal_manager_information__rosidl_typesupport_fastrtps_cpp.hpp\n'}
[5.960930] (px4_msgs) StdoutLine: {'line': b'-- Up-to-date: /home/pavel/ws_ros2/install/px4_msgs/include/px4_msgs/px4_msgs/msg/detail/sensor_accel_fifo__rosidl_typesupport_fastrtps_cpp.hpp\n'}
[5.960976] (px4_msgs) StdoutLine: {'line': b'-- Up-to-date: /home/pavel/ws_ros2/install/px4_msgs/include/px4_msgs/px4_msgs/msg/detail/estimator_status_flags__rosidl_typesupport_fastrtps_cpp.hpp\n'}
[5.961020] (px4_msgs) StdoutLine: {'line': b'-- Up-to-date: /home/pavel/ws_ros2/install/px4_msgs/include/px4_msgs/px4_msgs/msg/detail/satellite_info__rosidl_typesupport_fastrtps_cpp.hpp\n'}
[5.961065] (px4_msgs) StdoutLine: {'line': b'-- Up-to-date: /home/pavel/ws_ros2/install/px4_msgs/include/px4_msgs/px4_msgs/msg/detail/parameter_set_value_response__rosidl_typesupport_fastrtps_cpp.hpp\n'}
[5.961110] (px4_msgs) StdoutLine: {'line': b'-- Up-to-date: /home/pavel/ws_ros2/install/px4_msgs/include/px4_msgs/px4_msgs/msg/detail/estimator_bias__rosidl_typesupport_fastrtps_cpp.hpp\n'}
[5.961154] (px4_msgs) StdoutLine: {'line': b'-- Up-to-date: /home/pavel/ws_ros2/install/px4_msgs/include/px4_msgs/px4_msgs/msg/detail/rc_channels__rosidl_typesupport_fastrtps_cpp.hpp\n'}
[5.961199] (px4_msgs) StdoutLine: {'line': b'-- Up-to-date: /home/pavel/ws_ros2/install/px4_msgs/include/px4_msgs/px4_msgs/msg/detail/position_controller_landing_status__rosidl_typesupport_fastrtps_cpp.hpp\n'}
[5.961244] (px4_msgs) StdoutLine: {'line': b'-- Up-to-date: /home/pavel/ws_ros2/install/px4_msgs/include/px4_msgs/px4_msgs/msg/detail/gimbal_manager_status__rosidl_typesupport_fastrtps_cpp.hpp\n'}
[5.961288] (px4_msgs) StdoutLine: {'line': b'-- Up-to-date: /home/pavel/ws_ros2/install/px4_msgs/include/px4_msgs/px4_msgs/msg/detail/differential_pressure__rosidl_typesupport_fastrtps_cpp.hpp\n'}
[5.961333] (px4_msgs) StdoutLine: {'line': b'-- Up-to-date: /home/pavel/ws_ros2/install/px4_msgs/include/px4_msgs/px4_msgs/msg/detail/collision_report__rosidl_typesupport_fastrtps_cpp.hpp\n'}
[5.961382] (px4_msgs) StdoutLine: {'line': b'-- Up-to-date: /home/pavel/ws_ros2/install/px4_msgs/include/px4_msgs/px4_msgs/msg/detail/tiltrotor_extra_controls__rosidl_typesupport_fastrtps_cpp.hpp\n'}
[5.961430] (px4_msgs) StdoutLine: {'line': b'-- Up-to-date: /home/pavel/ws_ros2/install/px4_msgs/include/px4_msgs/px4_msgs/msg/detail/autotune_attitude_control_status__rosidl_typesupport_fastrtps_cpp.hpp\n'}
[5.961477] (px4_msgs) StdoutLine: {'line': b'-- Up-to-date: /home/pavel/ws_ros2/install/px4_msgs/include/px4_msgs/px4_msgs/msg/detail/vtol_vehicle_status__rosidl_typesupport_fastrtps_cpp.hpp\n'}
[5.961522] (px4_msgs) StdoutLine: {'line': b'-- Up-to-date: /home/pavel/ws_ros2/install/px4_msgs/include/px4_msgs/px4_msgs/msg/detail/qshell_retval__rosidl_typesupport_fastrtps_cpp.hpp\n'}
[5.961568] (px4_msgs) StdoutLine: {'line': b'-- Up-to-date: /home/pavel/ws_ros2/install/px4_msgs/include/px4_msgs/px4_msgs/msg/detail/vehicle_imu_status__rosidl_typesupport_fastrtps_cpp.hpp\n'}
[5.961670] (px4_msgs) StdoutLine: {'line': b'-- Up-to-date: /home/pavel/ws_ros2/install/px4_msgs/include/px4_msgs/px4_msgs/msg/detail/npfg_status__rosidl_typesupport_fastrtps_cpp.hpp\n'}
[5.961718] (px4_msgs) StdoutLine: {'line': b'-- Up-to-date: /home/pavel/ws_ros2/install/px4_msgs/include/px4_msgs/px4_msgs/msg/detail/sensor_preflight_mag__rosidl_typesupport_fastrtps_cpp.hpp\n'}
[5.961769] (px4_msgs) StdoutLine: {'line': b'-- Up-to-date: /home/pavel/ws_ros2/install/px4_msgs/include/px4_msgs/px4_msgs/msg/detail/esc_status__rosidl_typesupport_fastrtps_cpp.hpp\n'}
[5.961821] (px4_msgs) StdoutLine: {'line': b'-- Up-to-date: /home/pavel/ws_ros2/install/px4_msgs/include/px4_msgs/px4_msgs/msg/detail/debug_key_value__rosidl_typesupport_fastrtps_cpp.hpp\n'}
[5.961871] (px4_msgs) StdoutLine: {'line': b'-- Up-to-date: /home/pavel/ws_ros2/install/px4_msgs/include/px4_msgs/px4_msgs/msg/detail/gimbal_device_information__rosidl_typesupport_fastrtps_cpp.hpp\n'}
[5.961918] (px4_msgs) StdoutLine: {'line': b'-- Up-to-date: /home/pavel/ws_ros2/install/px4_msgs/include/px4_msgs/px4_msgs/msg/detail/failure_detector_status__rosidl_typesupport_fastrtps_cpp.hpp\n'}
[5.961965] (px4_msgs) StdoutLine: {'line': b'-- Up-to-date: /home/pavel/ws_ros2/install/px4_msgs/include/px4_msgs/px4_msgs/msg/detail/follow_target_status__rosidl_typesupport_fastrtps_cpp.hpp\n'}
[5.962010] (px4_msgs) StdoutLine: {'line': b'-- Up-to-date: /home/pavel/ws_ros2/install/px4_msgs/include/px4_msgs/px4_msgs/msg/detail/estimator_status__rosidl_typesupport_fastrtps_cpp.hpp\n'}
[5.962056] (px4_msgs) StdoutLine: {'line': b'-- Up-to-date: /home/pavel/ws_ros2/install/px4_msgs/include/px4_msgs/px4_msgs/msg/detail/pps_capture__rosidl_typesupport_fastrtps_cpp.hpp\n'}
[5.962101] (px4_msgs) StdoutLine: {'line': b'-- Up-to-date: /home/pavel/ws_ros2/install/px4_msgs/include/px4_msgs/px4_msgs/msg/detail/trajectory_waypoint__rosidl_typesupport_fastrtps_cpp.hpp\n'}
[5.962147] (px4_msgs) StdoutLine: {'line': b'-- Up-to-date: /home/pavel/ws_ros2/install/px4_msgs/include/px4_msgs/px4_msgs/msg/detail/gpio_in__rosidl_typesupport_fastrtps_cpp.hpp\n'}
[5.962193] (px4_msgs) StdoutLine: {'line': b'-- Up-to-date: /home/pavel/ws_ros2/install/px4_msgs/include/px4_msgs/px4_msgs/msg/detail/wheel_encoders__rosidl_typesupport_fastrtps_cpp.hpp\n'}
[5.962277] (px4_msgs) StdoutLine: {'line': b'-- Up-to-date: /home/pavel/ws_ros2/install/px4_msgs/include/px4_msgs/px4_msgs/msg/detail/manual_control_setpoint__rosidl_typesupport_fastrtps_cpp.hpp\n'}
[5.962331] (px4_msgs) StdoutLine: {'line': b'-- Up-to-date: /home/pavel/ws_ros2/install/px4_msgs/include/px4_msgs/px4_msgs/msg/detail/config_overrides__rosidl_typesupport_fastrtps_cpp.hpp\n'}
[5.962377] (px4_msgs) StdoutLine: {'line': b'-- Up-to-date: /home/pavel/ws_ros2/install/px4_msgs/include/px4_msgs/px4_msgs/msg/detail/ulog_stream_ack__rosidl_typesupport_fastrtps_cpp.hpp\n'}
[5.962423] (px4_msgs) StdoutLine: {'line': b'-- Up-to-date: /home/pavel/ws_ros2/install/px4_msgs/include/px4_msgs/px4_msgs/msg/detail/battery_status__rosidl_typesupport_fastrtps_cpp.hpp\n'}
[5.962472] (px4_msgs) StdoutLine: {'line': b'-- Up-to-date: /home/pavel/ws_ros2/install/px4_msgs/include/px4_msgs/px4_msgs/msg/detail/vehicle_thrust_setpoint__rosidl_typesupport_fastrtps_cpp.hpp\n'}
[5.962517] (px4_msgs) StdoutLine: {'line': b'-- Up-to-date: /home/pavel/ws_ros2/install/px4_msgs/include/px4_msgs/px4_msgs/msg/detail/mission_result__rosidl_typesupport_fastrtps_cpp.hpp\n'}
[5.962563] (px4_msgs) StdoutLine: {'line': b'-- Up-to-date: /home/pavel/ws_ros2/install/px4_msgs/include/px4_msgs/px4_msgs/msg/detail/sensor_gyro__rosidl_typesupport_fastrtps_cpp.hpp\n'}
[5.962664] (px4_msgs) StdoutLine: {'line': b'-- Up-to-date: /home/pavel/ws_ros2/install/px4_msgs/include/px4_msgs/px4_msgs/msg/detail/mag_worker_data__rosidl_typesupport_fastrtps_cpp.hpp\n'}
[5.962711] (px4_msgs) StdoutLine: {'line': b'-- Up-to-date: /home/pavel/ws_ros2/install/px4_msgs/include/px4_msgs/px4_msgs/msg/detail/parameter_reset_request__rosidl_typesupport_fastrtps_cpp.hpp\n'}
[5.962756] (px4_msgs) StdoutLine: {'line': b'-- Up-to-date: /home/pavel/ws_ros2/install/px4_msgs/include/px4_msgs/px4_msgs/msg/detail/debug_value__rosidl_typesupport_fastrtps_cpp.hpp\n'}
[5.962804] (px4_msgs) StdoutLine: {'line': b'-- Up-to-date: /home/pavel/ws_ros2/install/px4_msgs/include/px4_msgs/px4_msgs/msg/detail/vehicle_air_data__rosidl_typesupport_fastrtps_cpp.hpp\n'}
[5.962850] (px4_msgs) StdoutLine: {'line': b'-- Up-to-date: /home/pavel/ws_ros2/install/px4_msgs/include/px4_msgs/px4_msgs/msg/detail/vehicle_trajectory_bezier__rosidl_typesupport_fastrtps_cpp.hpp\n'}
[5.962895] (px4_msgs) StdoutLine: {'line': b'-- Up-to-date: /home/pavel/ws_ros2/install/px4_msgs/include/px4_msgs/px4_msgs/msg/detail/message_format_request__rosidl_typesupport_fastrtps_cpp.hpp\n'}
[5.962940] (px4_msgs) StdoutLine: {'line': b'-- Up-to-date: /home/pavel/ws_ros2/install/px4_msgs/include/px4_msgs/px4_msgs/msg/detail/vehicle_optical_flow_vel__rosidl_typesupport_fastrtps_cpp.hpp\n'}
[5.962986] (px4_msgs) StdoutLine: {'line': b'-- Up-to-date: /home/pavel/ws_ros2/install/px4_msgs/include/px4_msgs/px4_msgs/msg/detail/takeoff_status__rosidl_typesupport_fastrtps_cpp.hpp\n'}
[5.963031] (px4_msgs) StdoutLine: {'line': b'-- Up-to-date: /home/pavel/ws_ros2/install/px4_msgs/include/px4_msgs/px4_msgs/msg/detail/input_rc__rosidl_typesupport_fastrtps_cpp.hpp\n'}
[5.963076] (px4_msgs) StdoutLine: {'line': b'-- Up-to-date: /home/pavel/ws_ros2/install/px4_msgs/include/px4_msgs/px4_msgs/msg/detail/gimbal_manager_set_manual_control__rosidl_typesupport_fastrtps_cpp.hpp\n'}
[5.963121] (px4_msgs) StdoutLine: {'line': b'-- Up-to-date: /home/pavel/ws_ros2/install/px4_msgs/include/px4_msgs/px4_msgs/msg/detail/vehicle_command_ack__rosidl_typesupport_fastrtps_cpp.hpp\n'}
[5.963166] (px4_msgs) StdoutLine: {'line': b'-- Up-to-date: /home/pavel/ws_ros2/install/px4_msgs/include/px4_msgs/px4_msgs/msg/detail/sensor_hygrometer__rosidl_typesupport_fastrtps_cpp.hpp\n'}
[5.963217] (px4_msgs) StdoutLine: {'line': b'-- Up-to-date: /home/pavel/ws_ros2/install/px4_msgs/include/px4_msgs/px4_msgs/msg/detail/gimbal_manager_set_attitude__rosidl_typesupport_fastrtps_cpp.hpp\n'}
[5.963266] (px4_msgs) StdoutLine: {'line': b'-- Up-to-date: /home/pavel/ws_ros2/install/px4_msgs/include/px4_msgs/px4_msgs/msg/detail/actuator_test__rosidl_typesupport_fastrtps_cpp.hpp\n'}
[5.963315] (px4_msgs) StdoutLine: {'line': b'-- Up-to-date: /home/pavel/ws_ros2/install/px4_msgs/include/px4_msgs/px4_msgs/msg/detail/mode_completed__rosidl_typesupport_fastrtps_cpp.hpp\n'}
[5.963364] (px4_msgs) StdoutLine: {'line': b'-- Up-to-date: /home/pavel/ws_ros2/install/px4_msgs/include/px4_msgs/px4_msgs/msg/detail/goto_setpoint__rosidl_typesupport_fastrtps_cpp.hpp\n'}
[5.963413] (px4_msgs) StdoutLine: {'line': b'-- Up-to-date: /home/pavel/ws_ros2/install/px4_msgs/include/px4_msgs/px4_msgs/msg/detail/vehicle_local_position__rosidl_typesupport_fastrtps_cpp.hpp\n'}
[5.963461] (px4_msgs) StdoutLine: {'line': b'-- Up-to-date: /home/pavel/ws_ros2/install/px4_msgs/include/px4_msgs/px4_msgs/msg/detail/mavlink_tunnel__rosidl_typesupport_fastrtps_cpp.hpp\n'}
[5.963513] (px4_msgs) StdoutLine: {'line': b'-- Up-to-date: /home/pavel/ws_ros2/install/px4_msgs/include/px4_msgs/px4_msgs/msg/detail/power_monitor__rosidl_typesupport_fastrtps_cpp.hpp\n'}
[5.963562] (px4_msgs) StdoutLine: {'line': b'-- Up-to-date: /home/pavel/ws_ros2/install/px4_msgs/include/px4_msgs/px4_msgs/msg/detail/actuator_motors__rosidl_typesupport_fastrtps_cpp.hpp\n'}
[5.963667] (px4_msgs) StdoutLine: {'line': b'-- Up-to-date: /home/pavel/ws_ros2/install/px4_msgs/include/px4_msgs/px4_msgs/msg/detail/collision_constraints__rosidl_typesupport_fastrtps_cpp.hpp\n'}
[5.963716] (px4_msgs) StdoutLine: {'line': b'-- Up-to-date: /home/pavel/ws_ros2/install/px4_msgs/include/px4_msgs/px4_msgs/msg/detail/landing_gear__rosidl_typesupport_fastrtps_cpp.hpp\n'}
[5.963770] (px4_msgs) StdoutLine: {'line': b'-- Up-to-date: /home/pavel/ws_ros2/install/px4_msgs/include/px4_msgs/px4_msgs/msg/detail/arming_check_reply__rosidl_typesupport_fastrtps_cpp.hpp\n'}
[5.963817] (px4_msgs) StdoutLine: {'line': b'-- Up-to-date: /home/pavel/ws_ros2/install/px4_msgs/include/px4_msgs/px4_msgs/msg/detail/position_setpoint_triplet__rosidl_typesupport_fastrtps_cpp.hpp\n'}
[5.963862] (px4_msgs) StdoutLine: {'line': b'-- Up-to-date: /home/pavel/ws_ros2/install/px4_msgs/include/px4_msgs/px4_msgs/msg/detail/sensor_accel__rosidl_typesupport_fastrtps_cpp.hpp\n'}
[5.963907] (px4_msgs) StdoutLine: {'line': b'-- Up-to-date: /home/pavel/ws_ros2/install/px4_msgs/include/px4_msgs/px4_msgs/msg/detail/event__rosidl_typesupport_fastrtps_cpp.hpp\n'}
[5.963952] (px4_msgs) StdoutLine: {'line': b'-- Up-to-date: /home/pavel/ws_ros2/install/px4_msgs/include/px4_msgs/px4_msgs/msg/detail/orb_test_large__rosidl_typesupport_fastrtps_cpp.hpp\n'}
[5.963998] (px4_msgs) StdoutLine: {'line': b'-- Up-to-date: /home/pavel/ws_ros2/install/px4_msgs/include/px4_msgs/px4_msgs/msg/detail/uavcan_parameter_request__rosidl_typesupport_fastrtps_cpp.hpp\n'}
[5.964043] (px4_msgs) StdoutLine: {'line': b'-- Up-to-date: /home/pavel/ws_ros2/install/px4_msgs/include/px4_msgs/px4_msgs/msg/detail/actuator_servos__rosidl_typesupport_fastrtps_cpp.hpp\n'}
[5.964087] (px4_msgs) StdoutLine: {'line': b'-- Up-to-date: /home/pavel/ws_ros2/install/px4_msgs/include/px4_msgs/px4_msgs/msg/detail/gripper__rosidl_typesupport_fastrtps_cpp.hpp\n'}
[5.964135] (px4_msgs) StdoutLine: {'line': b'-- Up-to-date: /home/pavel/ws_ros2/install/px4_msgs/include/px4_msgs/px4_msgs/msg/detail/power_button_state__rosidl_typesupport_fastrtps_cpp.hpp\n'}
[5.964180] (px4_msgs) StdoutLine: {'line': b'-- Up-to-date: /home/pavel/ws_ros2/install/px4_msgs/include/px4_msgs/px4_msgs/msg/detail/generator_status__rosidl_typesupport_fastrtps_cpp.hpp\n'}
[5.964224] (px4_msgs) StdoutLine: {'line': b'-- Up-to-date: /home/pavel/ws_ros2/install/px4_msgs/include/px4_msgs/px4_msgs/msg/detail/onboard_computer_status__rosidl_typesupport_fastrtps_cpp.hpp\n'}
[5.964269] (px4_msgs) StdoutLine: {'line': b'-- Up-to-date: /home/pavel/ws_ros2/install/px4_msgs/include/px4_msgs/px4_msgs/msg/detail/hover_thrust_estimate__rosidl_typesupport_fastrtps_cpp.hpp\n'}
[5.964314] (px4_msgs) StdoutLine: {'line': b'-- Up-to-date: /home/pavel/ws_ros2/install/px4_msgs/include/px4_msgs/px4_msgs/msg/detail/action_request__rosidl_typesupport_fastrtps_cpp.hpp\n'}
[5.964358] (px4_msgs) StdoutLine: {'line': b'-- Up-to-date: /home/pavel/ws_ros2/install/px4_msgs/include/px4_msgs/px4_msgs/msg/detail/mavlink_log__rosidl_typesupport_fastrtps_cpp.hpp\n'}
[5.964403] (px4_msgs) StdoutLine: {'line': b'-- Up-to-date: /home/pavel/ws_ros2/install/px4_msgs/include/px4_msgs/px4_msgs/msg/detail/geofence_result__rosidl_typesupport_fastrtps_cpp.hpp\n'}
[5.964447] (px4_msgs) StdoutLine: {'line': b'-- Up-to-date: /home/pavel/ws_ros2/install/px4_msgs/include/px4_msgs/px4_msgs/msg/detail/dds_fastrtps\n'}
[5.964493] (px4_msgs) StdoutLine: {'line': b'-- Up-to-date: /home/pavel/ws_ros2/install/px4_msgs/include/px4_msgs/px4_msgs/msg/detail/vehicle_imu__rosidl_typesupport_fastrtps_cpp.hpp\n'}
[5.964537] (px4_msgs) StdoutLine: {'line': b'-- Up-to-date: /home/pavel/ws_ros2/install/px4_msgs/include/px4_msgs/px4_msgs/msg/detail/vehicle_optical_flow__rosidl_typesupport_fastrtps_cpp.hpp\n'}
[5.964591] (px4_msgs) StdoutLine: {'line': b'-- Up-to-date: /home/pavel/ws_ros2/install/px4_msgs/include/px4_msgs/px4_msgs/msg/detail/vehicle_land_detected__rosidl_typesupport_fastrtps_cpp.hpp\n'}
[5.964694] (px4_msgs) StdoutLine: {'line': b'-- Up-to-date: /home/pavel/ws_ros2/install/px4_msgs/include/px4_msgs/px4_msgs/msg/detail/normalized_unsigned_setpoint__rosidl_typesupport_fastrtps_cpp.hpp\n'}
[5.964740] (px4_msgs) StdoutLine: {'line': b'-- Up-to-date: /home/pavel/ws_ros2/install/px4_msgs/include/px4_msgs/px4_msgs/msg/detail/sensor_combined__rosidl_typesupport_fastrtps_cpp.hpp\n'}
[5.964785] (px4_msgs) StdoutLine: {'line': b'-- Up-to-date: /home/pavel/ws_ros2/install/px4_msgs/include/px4_msgs/px4_msgs/msg/detail/mount_orientation__rosidl_typesupport_fastrtps_cpp.hpp\n'}
[5.964830] (px4_msgs) StdoutLine: {'line': b'-- Up-to-date: /home/pavel/ws_ros2/install/px4_msgs/include/px4_msgs/px4_msgs/msg/detail/sensor_gyro_fifo__rosidl_typesupport_fastrtps_cpp.hpp\n'}
[5.964875] (px4_msgs) StdoutLine: {'line': b'-- Up-to-date: /home/pavel/ws_ros2/install/px4_msgs/include/px4_msgs/px4_msgs/msg/detail/differential_drive_setpoint__rosidl_typesupport_fastrtps_cpp.hpp\n'}
[5.964920] (px4_msgs) StdoutLine: {'line': b'-- Up-to-date: /home/pavel/ws_ros2/install/px4_msgs/include/px4_msgs/px4_msgs/msg/detail/navigator_mission_item__rosidl_typesupport_fastrtps_cpp.hpp\n'}
[5.964965] (px4_msgs) StdoutLine: {'line': b'-- Up-to-date: /home/pavel/ws_ros2/install/px4_msgs/include/px4_msgs/px4_msgs/msg/detail/landing_target_innovations__rosidl_typesupport_fastrtps_cpp.hpp\n'}
[5.965010] (px4_msgs) StdoutLine: {'line': b'-- Up-to-date: /home/pavel/ws_ros2/install/px4_msgs/include/px4_msgs/px4_msgs/msg/detail/airspeed_validated__rosidl_typesupport_fastrtps_cpp.hpp\n'}
[5.965054] (px4_msgs) StdoutLine: {'line': b'-- Up-to-date: /home/pavel/ws_ros2/install/px4_msgs/include/px4_msgs/px4_msgs/msg/detail/estimator_gps_status__rosidl_typesupport_fastrtps_cpp.hpp\n'}
[5.965099] (px4_msgs) StdoutLine: {'line': b'-- Up-to-date: /home/pavel/ws_ros2/install/px4_msgs/include/px4_msgs/px4_msgs/msg/detail/gpio_config__rosidl_typesupport_fastrtps_cpp.hpp\n'}
[5.965152] (px4_msgs) StdoutLine: {'line': b'-- Up-to-date: /home/pavel/ws_ros2/install/px4_msgs/include/px4_msgs/px4_msgs/msg/detail/sensor_gyro_fft__rosidl_typesupport_fastrtps_cpp.hpp\n'}
[5.965197] (px4_msgs) StdoutLine: {'line': b'-- Up-to-date: /home/pavel/ws_ros2/install/px4_msgs/include/px4_msgs/px4_msgs/msg/detail/dataman_request__rosidl_typesupport_fastrtps_cpp.hpp\n'}
[5.965241] (px4_msgs) StdoutLine: {'line': b'-- Up-to-date: /home/pavel/ws_ros2/install/px4_msgs/include/px4_msgs/px4_msgs/msg/detail/wind__rosidl_typesupport_fastrtps_cpp.hpp\n'}
[5.965286] (px4_msgs) StdoutLine: {'line': b'-- Up-to-date: /home/pavel/ws_ros2/install/px4_msgs/include/px4_msgs/px4_msgs/msg/detail/rate_ctrl_status__rosidl_typesupport_fastrtps_cpp.hpp\n'}
[5.965330] (px4_msgs) StdoutLine: {'line': b'-- Up-to-date: /home/pavel/ws_ros2/install/px4_msgs/include/px4_msgs/px4_msgs/msg/detail/rc_parameter_map__rosidl_typesupport_fastrtps_cpp.hpp\n'}
[5.965374] (px4_msgs) StdoutLine: {'line': b'-- Up-to-date: /home/pavel/ws_ros2/install/px4_msgs/include/px4_msgs/px4_msgs/msg/detail/orb_test__rosidl_typesupport_fastrtps_cpp.hpp\n'}
[5.965422] (px4_msgs) StdoutLine: {'line': b'-- Up-to-date: /home/pavel/ws_ros2/install/px4_msgs/include/px4_msgs/px4_msgs/msg/detail/tecs_status__rosidl_typesupport_fastrtps_cpp.hpp\n'}
[5.965468] (px4_msgs) StdoutLine: {'line': b'-- Up-to-date: /home/pavel/ws_ros2/install/px4_msgs/include/px4_msgs/px4_msgs/msg/detail/parameter_set_used_request__rosidl_typesupport_fastrtps_cpp.hpp\n'}
[5.965512] (px4_msgs) StdoutLine: {'line': b'-- Up-to-date: /home/pavel/ws_ros2/install/px4_msgs/include/px4_msgs/px4_msgs/msg/detail/ping__rosidl_typesupport_fastrtps_cpp.hpp\n'}
[5.965557] (px4_msgs) StdoutLine: {'line': b'-- Up-to-date: /home/pavel/ws_ros2/install/px4_msgs/include/px4_msgs/px4_msgs/msg/detail/radio_status__rosidl_typesupport_fastrtps_cpp.hpp\n'}
[5.965642] (px4_msgs) StdoutLine: {'line': b'-- Up-to-date: /home/pavel/ws_ros2/install/px4_msgs/include/px4_msgs/px4_msgs/msg/detail/geofence_status__rosidl_typesupport_fastrtps_cpp.hpp\n'}
[5.965706] (px4_msgs) StdoutLine: {'line': b'-- Up-to-date: /home/pavel/ws_ros2/install/px4_msgs/include/px4_msgs/px4_msgs/msg/detail/dataman_response__rosidl_typesupport_fastrtps_cpp.hpp\n'}
[5.965751] (px4_msgs) StdoutLine: {'line': b'-- Up-to-date: /home/pavel/ws_ros2/install/px4_msgs/include/px4_msgs/px4_msgs/msg/detail/debug_array__rosidl_typesupport_fastrtps_cpp.hpp\n'}
[5.965796] (px4_msgs) StdoutLine: {'line': b'-- Up-to-date: /home/pavel/ws_ros2/install/px4_msgs/include/px4_msgs/px4_msgs/msg/detail/gpio_out__rosidl_typesupport_fastrtps_cpp.hpp\n'}
[5.965841] (px4_msgs) StdoutLine: {'line': b'-- Up-to-date: /home/pavel/ws_ros2/install/px4_msgs/include/px4_msgs/px4_msgs/msg/detail/qshell_req__rosidl_typesupport_fastrtps_cpp.hpp\n'}
[5.965886] (px4_msgs) StdoutLine: {'line': b'-- Up-to-date: /home/pavel/ws_ros2/install/px4_msgs/include/px4_msgs/px4_msgs/msg/detail/parameter_set_value_request__rosidl_typesupport_fastrtps_cpp.hpp\n'}
[5.965931] (px4_msgs) StdoutLine: {'line': b'-- Up-to-date: /home/pavel/ws_ros2/install/px4_msgs/include/px4_msgs/px4_msgs/msg/detail/adc_report__rosidl_typesupport_fastrtps_cpp.hpp\n'}
[5.965975] (px4_msgs) StdoutLine: {'line': b'-- Up-to-date: /home/pavel/ws_ros2/install/px4_msgs/include/px4_msgs/px4_msgs/msg/detail/velocity_limits__rosidl_typesupport_fastrtps_cpp.hpp\n'}
[5.966019] (px4_msgs) StdoutLine: {'line': b'-- Up-to-date: /home/pavel/ws_ros2/install/px4_msgs/include/px4_msgs/px4_msgs/msg/detail/estimator_sensor_bias__rosidl_typesupport_fastrtps_cpp.hpp\n'}
[5.966064] (px4_msgs) StdoutLine: {'line': b'-- Up-to-date: /home/pavel/ws_ros2/install/px4_msgs/include/px4_msgs/px4_msgs/msg/detail/internal_combustion_engine_status__rosidl_typesupport_fastrtps_cpp.hpp\n'}
[5.966109] (px4_msgs) StdoutLine: {'line': b'-- Up-to-date: /home/pavel/ws_ros2/install/px4_msgs/include/px4_msgs/px4_msgs/msg/detail/rtl_status__rosidl_typesupport_fastrtps_cpp.hpp\n'}
[5.966153] (px4_msgs) StdoutLine: {'line': b'-- Up-to-date: /home/pavel/ws_ros2/install/px4_msgs/include/px4_msgs/px4_msgs/msg/detail/sensor_baro__rosidl_typesupport_fastrtps_cpp.hpp\n'}
[5.966197] (px4_msgs) StdoutLine: {'line': b'-- Up-to-date: /home/pavel/ws_ros2/install/px4_msgs/include/px4_msgs/px4_msgs/msg/detail/vehicle_constraints__rosidl_typesupport_fastrtps_cpp.hpp\n'}
[5.966242] (px4_msgs) StdoutLine: {'line': b'-- Up-to-date: /home/pavel/ws_ros2/install/px4_msgs/include/px4_msgs/px4_msgs/msg/detail/telemetry_status__rosidl_typesupport_fastrtps_cpp.hpp\n'}
[5.966286] (px4_msgs) StdoutLine: {'line': b'-- Up-to-date: /home/pavel/ws_ros2/install/px4_msgs/include/px4_msgs/px4_msgs/msg/detail/home_position__rosidl_typesupport_fastrtps_cpp.hpp\n'}
[5.966330] (px4_msgs) StdoutLine: {'line': b'-- Up-to-date: /home/pavel/ws_ros2/install/px4_msgs/include/px4_msgs/px4_msgs/msg/detail/gimbal_device_set_attitude__rosidl_typesupport_fastrtps_cpp.hpp\n'}
[5.966374] (px4_msgs) StdoutLine: {'line': b'-- Up-to-date: /home/pavel/ws_ros2/install/px4_msgs/include/px4_msgs/px4_msgs/msg/detail/yaw_estimator_status__rosidl_typesupport_fastrtps_cpp.hpp\n'}
[5.966418] (px4_msgs) StdoutLine: {'line': b'-- Up-to-date: /home/pavel/ws_ros2/install/px4_msgs/include/px4_msgs/px4_msgs/msg/detail/distance_sensor__rosidl_typesupport_fastrtps_cpp.hpp\n'}
[5.966463] (px4_msgs) StdoutLine: {'line': b'-- Up-to-date: /home/pavel/ws_ros2/install/px4_msgs/include/px4_msgs/px4_msgs/msg/detail/estimator_aid_source3d__rosidl_typesupport_fastrtps_cpp.hpp\n'}
[5.966514] (px4_msgs) StdoutLine: {'line': b'-- Up-to-date: /home/pavel/ws_ros2/install/px4_msgs/include/px4_msgs/px4_msgs/msg/detail/sensor_airflow__rosidl_typesupport_fastrtps_cpp.hpp\n'}
[5.966559] (px4_msgs) StdoutLine: {'line': b'-- Up-to-date: /home/pavel/ws_ros2/install/px4_msgs/include/px4_msgs/px4_msgs/msg/detail/sensor_gps__rosidl_typesupport_fastrtps_cpp.hpp\n'}
[5.966646] (px4_msgs) StdoutLine: {'line': b'-- Up-to-date: /home/pavel/ws_ros2/install/px4_msgs/include/px4_msgs/px4_msgs/msg/detail/buffer128__rosidl_typesupport_fastrtps_cpp.hpp\n'}
[5.966710] (px4_msgs) StdoutLine: {'line': b'-- Up-to-date: /home/pavel/ws_ros2/install/px4_msgs/include/px4_msgs/px4_msgs/msg/detail/landing_gear_wheel__rosidl_typesupport_fastrtps_cpp.hpp\n'}
[5.966759] (px4_msgs) StdoutLine: {'line': b'-- Up-to-date: /home/pavel/ws_ros2/install/px4_msgs/include/px4_msgs/px4_msgs/msg/detail/cpuload__rosidl_typesupport_fastrtps_cpp.hpp\n'}
[5.966805] (px4_msgs) StdoutLine: {'line': b'-- Up-to-date: /home/pavel/ws_ros2/install/px4_msgs/include/px4_msgs/px4_msgs/msg/detail/button_event__rosidl_typesupport_fastrtps_cpp.hpp\n'}
[5.966850] (px4_msgs) StdoutLine: {'line': b'-- Up-to-date: /home/pavel/ws_ros2/install/px4_msgs/include/px4_msgs/px4_msgs/msg/detail/camera_capture__rosidl_typesupport_fastrtps_cpp.hpp\n'}
[5.966895] (px4_msgs) StdoutLine: {'line': b'-- Up-to-date: /home/pavel/ws_ros2/install/px4_msgs/include/px4_msgs/px4_msgs/msg/detail/vehicle_torque_setpoint__rosidl_typesupport_fastrtps_cpp.hpp\n'}
[5.966941] (px4_msgs) StdoutLine: {'line': b'-- Up-to-date: /home/pavel/ws_ros2/install/px4_msgs/include/px4_msgs/px4_msgs/msg/detail/estimator_event_flags__rosidl_typesupport_fastrtps_cpp.hpp\n'}
[5.966986] (px4_msgs) StdoutLine: {'line': b'-- Up-to-date: /home/pavel/ws_ros2/install/px4_msgs/include/px4_msgs/px4_msgs/msg/detail/manual_control_switches__rosidl_typesupport_fastrtps_cpp.hpp\n'}
[5.967031] (px4_msgs) StdoutLine: {'line': b'-- Up-to-date: /home/pavel/ws_ros2/install/px4_msgs/include/px4_msgs/px4_msgs/msg/detail/launch_detection_status__rosidl_typesupport_fastrtps_cpp.hpp\n'}
[5.967076] (px4_msgs) StdoutLine: {'line': b'-- Up-to-date: /home/pavel/ws_ros2/install/px4_msgs/include/px4_msgs/px4_msgs/msg/detail/pwm_input__rosidl_typesupport_fastrtps_cpp.hpp\n'}
[5.967121] (px4_msgs) StdoutLine: {'line': b'-- Up-to-date: /home/pavel/ws_ros2/install/px4_msgs/include/px4_msgs/px4_msgs/msg/detail/uavcan_parameter_value__rosidl_typesupport_fastrtps_cpp.hpp\n'}
[5.967165] (px4_msgs) StdoutLine: {'line': b'-- Up-to-date: /home/pavel/ws_ros2/install/px4_msgs/include/px4_msgs/px4_msgs/msg/detail/led_control__rosidl_typesupport_fastrtps_cpp.hpp\n'}
[5.967210] (px4_msgs) StdoutLine: {'line': b'-- Up-to-date: /home/pavel/ws_ros2/install/px4_msgs/include/px4_msgs/px4_msgs/msg/detail/vehicle_acceleration__rosidl_typesupport_fastrtps_cpp.hpp\n'}
[5.967255] (px4_msgs) StdoutLine: {'line': b'-- Up-to-date: /home/pavel/ws_ros2/install/px4_msgs/include/px4_msgs/px4_msgs/msg/detail/sensor_correction__rosidl_typesupport_fastrtps_cpp.hpp\n'}
[5.967300] (px4_msgs) StdoutLine: {'line': b'-- Up-to-date: /home/pavel/ws_ros2/install/px4_msgs/include/px4_msgs/px4_msgs/msg/detail/sensor_optical_flow__rosidl_typesupport_fastrtps_cpp.hpp\n'}
[5.967345] (px4_msgs) StdoutLine: {'line': b'-- Up-to-date: /home/pavel/ws_ros2/install/px4_msgs/include/px4_msgs/px4_msgs/msg/detail/fuel_tank_status__rosidl_typesupport_fastrtps_cpp.hpp\n'}
[5.967389] (px4_msgs) StdoutLine: {'line': b'-- Up-to-date: /home/pavel/ws_ros2/install/px4_msgs/include/px4_msgs/px4_msgs/msg/detail/vehicle_roi__rosidl_typesupport_fastrtps_cpp.hpp\n'}
[5.967435] (px4_msgs) StdoutLine: {'line': b'-- Up-to-date: /home/pavel/ws_ros2/install/px4_msgs/include/px4_msgs/px4_msgs/msg/detail/rpm__rosidl_typesupport_fastrtps_cpp.hpp\n'}
[5.967479] (px4_msgs) StdoutLine: {'line': b'-- Up-to-date: /home/pavel/ws_ros2/install/px4_msgs/include/px4_msgs/px4_msgs/msg/detail/position_setpoint__rosidl_typesupport_fastrtps_cpp.hpp\n'}
[5.967524] (px4_msgs) StdoutLine: {'line': b'-- Up-to-date: /home/pavel/ws_ros2/install/px4_msgs/include/px4_msgs/px4_msgs/msg/detail/actuator_armed__rosidl_typesupport_fastrtps_cpp.hpp\n'}
[5.967570] (px4_msgs) StdoutLine: {'line': b'-- Up-to-date: /home/pavel/ws_ros2/install/px4_msgs/include/px4_msgs/px4_msgs/msg/detail/health_report__rosidl_typesupport_fastrtps_cpp.hpp\n'}
[5.967652] (px4_msgs) StdoutLine: {'line': b'-- Up-to-date: /home/pavel/ws_ros2/install/px4_msgs/include/px4_msgs/px4_msgs/msg/detail/estimator_bias3d__rosidl_typesupport_fastrtps_cpp.hpp\n'}
[5.967728] (px4_msgs) StdoutLine: {'line': b'-- Up-to-date: /home/pavel/ws_ros2/install/px4_msgs/include/px4_msgs/px4_msgs/msg/detail/orbit_status__rosidl_typesupport_fastrtps_cpp.hpp\n'}
[5.967773] (px4_msgs) StdoutLine: {'line': b'-- Up-to-date: /home/pavel/ws_ros2/install/px4_msgs/include/px4_msgs/px4_msgs/msg/detail/vehicle_control_mode__rosidl_typesupport_fastrtps_cpp.hpp\n'}
[5.967818] (px4_msgs) StdoutLine: {'line': b'-- Up-to-date: /home/pavel/ws_ros2/install/px4_msgs/include/px4_msgs/px4_msgs/msg/detail/actuator_controls_status__rosidl_typesupport_fastrtps_cpp.hpp\n'}
[5.967864] (px4_msgs) StdoutLine: {'line': b'-- Up-to-date: /home/pavel/ws_ros2/install/px4_msgs/include/px4_msgs/px4_msgs/msg/detail/vehicle_status__rosidl_typesupport_fastrtps_cpp.hpp\n'}
[5.967915] (px4_msgs) StdoutLine: {'line': b'-- Up-to-date: /home/pavel/ws_ros2/install/px4_msgs/include/px4_msgs/px4_msgs/msg/detail/vehicle_local_position_setpoint__rosidl_typesupport_fastrtps_cpp.hpp\n'}
[5.967961] (px4_msgs) StdoutLine: {'line': b'-- Up-to-date: /home/pavel/ws_ros2/install/px4_msgs/include/px4_msgs/px4_msgs/msg/detail/control_allocator_status__rosidl_typesupport_fastrtps_cpp.hpp\n'}
[5.968007] (px4_msgs) StdoutLine: {'line': b'-- Up-to-date: /home/pavel/ws_ros2/install/px4_msgs/include/px4_msgs/px4_msgs/msg/detail/airspeed_wind__rosidl_typesupport_fastrtps_cpp.hpp\n'}
[5.968057] (px4_msgs) StdoutLine: {'line': b'-- Up-to-date: /home/pavel/ws_ros2/install/px4_msgs/include/px4_msgs/px4_msgs/msg/detail/estimator_innovations__rosidl_typesupport_fastrtps_cpp.hpp\n'}
[5.968103] (px4_msgs) StdoutLine: {'line': b'-- Up-to-date: /home/pavel/ws_ros2/install/px4_msgs/include/px4_msgs/px4_msgs/msg/detail/vehicle_rates_setpoint__rosidl_typesupport_fastrtps_cpp.hpp\n'}
[5.968147] (px4_msgs) StdoutLine: {'line': b'-- Up-to-date: /home/pavel/ws_ros2/install/px4_msgs/include/px4_msgs/px4_msgs/msg/detail/gpio_request__rosidl_typesupport_fastrtps_cpp.hpp\n'}
[5.968192] (px4_msgs) StdoutLine: {'line': b'-- Up-to-date: /home/pavel/ws_ros2/install/px4_msgs/include/px4_msgs/px4_msgs/msg/detail/airspeed__rosidl_typesupport_fastrtps_cpp.hpp\n'}
[5.968237] (px4_msgs) StdoutLine: {'line': b'-- Up-to-date: /home/pavel/ws_ros2/install/px4_msgs/include/px4_msgs/px4_msgs/msg/detail/vehicle_global_position__rosidl_typesupport_fastrtps_cpp.hpp\n'}
[5.968281] (px4_msgs) StdoutLine: {'line': b'-- Up-to-date: /home/pavel/ws_ros2/install/px4_msgs/include/px4_msgs/px4_msgs/msg/detail/ekf2_timestamps__rosidl_typesupport_fastrtps_cpp.hpp\n'}
[5.968326] (px4_msgs) StdoutLine: {'line': b'-- Up-to-date: /home/pavel/ws_ros2/install/px4_msgs/include/px4_msgs/px4_msgs/msg/detail/position_controller_status__rosidl_typesupport_fastrtps_cpp.hpp\n'}
[5.968370] (px4_msgs) StdoutLine: {'line': b'-- Up-to-date: /home/pavel/ws_ros2/install/px4_msgs/include/px4_msgs/px4_msgs/msg/detail/mission__rosidl_typesupport_fastrtps_cpp.hpp\n'}
[5.968415] (px4_msgs) StdoutLine: {'line': b'-- Up-to-date: /home/pavel/ws_ros2/install/px4_msgs/include/px4_msgs/px4_msgs/msg/detail/orb_test_medium__rosidl_typesupport_fastrtps_cpp.hpp\n'}
[5.968460] (px4_msgs) StdoutLine: {'line': b'-- Up-to-date: /home/pavel/ws_ros2/install/px4_msgs/include/px4_msgs/px4_msgs/msg/detail/figure_eight_status__rosidl_typesupport_fastrtps_cpp.hpp\n'}
[5.968504] (px4_msgs) StdoutLine: {'line': b'-- Up-to-date: /home/pavel/ws_ros2/install/px4_msgs/include/px4_msgs/px4_msgs/msg/detail/rtl_time_estimate__rosidl_typesupport_fastrtps_cpp.hpp\n'}
[5.968550] (px4_msgs) StdoutLine: {'line': b'-- Up-to-date: /home/pavel/ws_ros2/install/px4_msgs/include/px4_msgs/px4_msgs/msg/detail/actuator_outputs__rosidl_typesupport_fastrtps_cpp.hpp\n'}
[5.968604] (px4_msgs) StdoutLine: {'line': b'-- Up-to-date: /home/pavel/ws_ros2/install/px4_msgs/include/px4_msgs/px4_msgs/msg/detail/sensor_gnss_relative__rosidl_typesupport_fastrtps_cpp.hpp\n'}
[5.968653] (px4_msgs) StdoutLine: {'line': b'-- Up-to-date: /home/pavel/ws_ros2/install/px4_msgs/include/px4_msgs/px4_msgs/msg/detail/esc_report__rosidl_typesupport_fastrtps_cpp.hpp\n'}
[5.968703] (px4_msgs) StdoutLine: {'line': b'-- Up-to-date: /home/pavel/ws_ros2/install/px4_msgs/include/px4_msgs/px4_msgs/msg/detail/follow_target__rosidl_typesupport_fastrtps_cpp.hpp\n'}
[5.968748] (px4_msgs) StdoutLine: {'line': b'-- Up-to-date: /home/pavel/ws_ros2/install/px4_msgs/include/px4_msgs/px4_msgs/msg/detail/heater_status__rosidl_typesupport_fastrtps_cpp.hpp\n'}
[5.968794] (px4_msgs) StdoutLine: {'line': b'-- Up-to-date: /home/pavel/ws_ros2/install/px4_msgs/include/px4_msgs/px4_msgs/msg/detail/gps_inject_data__rosidl_typesupport_fastrtps_cpp.hpp\n'}
[5.968839] (px4_msgs) StdoutLine: {'line': b'-- Up-to-date: /home/pavel/ws_ros2/install/px4_msgs/include/px4_msgs/px4_msgs/msg/detail/sensor_mag__rosidl_typesupport_fastrtps_cpp.hpp\n'}
[5.968884] (px4_msgs) StdoutLine: {'line': b'-- Up-to-date: /home/pavel/ws_ros2/install/px4_msgs/include/px4_msgs/px4_msgs/msg/rosidl_typesupport_fastrtps_cpp__visibility_control.h\n'}
[5.968930] (px4_msgs) StdoutLine: {'line': b'-- Up-to-date: /home/pavel/ws_ros2/install/px4_msgs/lib/libpx4_msgs__rosidl_typesupport_fastrtps_cpp.so\n'}
[5.968976] (px4_msgs) StdoutLine: {'line': b'-- Up-to-date: /home/pavel/ws_ros2/install/px4_msgs/include/px4_msgs/px4_msgs\n'}
[5.969021] (px4_msgs) StdoutLine: {'line': b'-- Up-to-date: /home/pavel/ws_ros2/install/px4_msgs/include/px4_msgs/px4_msgs/srv\n'}
[5.969066] (px4_msgs) StdoutLine: {'line': b'-- Up-to-date: /home/pavel/ws_ros2/install/px4_msgs/include/px4_msgs/px4_msgs/srv/detail\n'}
[5.969112] (px4_msgs) StdoutLine: {'line': b'-- Up-to-date: /home/pavel/ws_ros2/install/px4_msgs/include/px4_msgs/px4_msgs/srv/detail/vehicle_command__rosidl_typesupport_introspection_c.h\n'}
[5.969157] (px4_msgs) StdoutLine: {'line': b'-- Up-to-date: /home/pavel/ws_ros2/install/px4_msgs/include/px4_msgs/px4_msgs/srv/detail/vehicle_command__type_support.c\n'}
[5.969202] (px4_msgs) StdoutLine: {'line': b'-- Up-to-date: /home/pavel/ws_ros2/install/px4_msgs/include/px4_msgs/px4_msgs/msg\n'}
[5.969247] (px4_msgs) StdoutLine: {'line': b'-- Up-to-date: /home/pavel/ws_ros2/install/px4_msgs/include/px4_msgs/px4_msgs/msg/detail\n'}
[5.969293] (px4_msgs) StdoutLine: {'line': b'-- Up-to-date: /home/pavel/ws_ros2/install/px4_msgs/include/px4_msgs/px4_msgs/msg/detail/gimbal_controls__type_support.c\n'}
[5.969344] (px4_msgs) StdoutLine: {'line': b'-- Up-to-date: /home/pavel/ws_ros2/install/px4_msgs/include/px4_msgs/px4_msgs/msg/detail/vehicle_attitude_setpoint__rosidl_typesupport_introspection_c.h\n'}
[5.969392] (px4_msgs) StdoutLine: {'line': b'-- Up-to-date: /home/pavel/ws_ros2/install/px4_msgs/include/px4_msgs/px4_msgs/msg/detail/gimbal_manager_information__rosidl_typesupport_introspection_c.h\n'}
[5.969439] (px4_msgs) StdoutLine: {'line': b'-- Up-to-date: /home/pavel/ws_ros2/install/px4_msgs/include/px4_msgs/px4_msgs/msg/detail/failsafe_flags__rosidl_typesupport_introspection_c.h\n'}
[5.969483] (px4_msgs) StdoutLine: {'line': b'-- Up-to-date: /home/pavel/ws_ros2/install/px4_msgs/include/px4_msgs/px4_msgs/msg/detail/actuator_test__rosidl_typesupport_introspection_c.h\n'}
[5.969529] (px4_msgs) StdoutLine: {'line': b'-- Up-to-date: /home/pavel/ws_ros2/install/px4_msgs/include/px4_msgs/px4_msgs/msg/detail/landing_gear__type_support.c\n'}
[5.969579] (px4_msgs) StdoutLine: {'line': b'-- Up-to-date: /home/pavel/ws_ros2/install/px4_msgs/include/px4_msgs/px4_msgs/msg/detail/trajectory_bezier__rosidl_typesupport_introspection_c.h\n'}
[5.969672] (px4_msgs) StdoutLine: {'line': b'-- Up-to-date: /home/pavel/ws_ros2/install/px4_msgs/include/px4_msgs/px4_msgs/msg/detail/goto_setpoint__type_support.c\n'}
[5.969717] (px4_msgs) StdoutLine: {'line': b'-- Up-to-date: /home/pavel/ws_ros2/install/px4_msgs/include/px4_msgs/px4_msgs/msg/detail/sensor_accel_fifo__type_support.c\n'}
[5.969817] (px4_msgs) StdoutLine: {'line': b'-- Up-to-date: /home/pavel/ws_ros2/install/px4_msgs/include/px4_msgs/px4_msgs/msg/detail/qshell_retval__type_support.c\n'}
[5.969888] (px4_msgs) StdoutLine: {'line': b'-- Up-to-date: /home/pavel/ws_ros2/install/px4_msgs/include/px4_msgs/px4_msgs/msg/detail/estimator_bias3d__type_support.c\n'}
[5.969938] (px4_msgs) StdoutLine: {'line': b'-- Up-to-date: /home/pavel/ws_ros2/install/px4_msgs/include/px4_msgs/px4_msgs/msg/detail/generator_status__rosidl_typesupport_introspection_c.h\n'}
[5.970040] (px4_msgs) StdoutLine: {'line': b'-- Up-to-date: /home/pavel/ws_ros2/install/px4_msgs/include/px4_msgs/px4_msgs/msg/detail/sensor_preflight_mag__type_support.c\n'}
[5.970120] (px4_msgs) StdoutLine: {'line': b'-- Up-to-date: /home/pavel/ws_ros2/install/px4_msgs/include/px4_msgs/px4_msgs/msg/detail/geofence_result__rosidl_typesupport_introspection_c.h\n'}
[5.970197] (px4_msgs) StdoutLine: {'line': b'-- Up-to-date: /home/pavel/ws_ros2/install/px4_msgs/include/px4_msgs/px4_msgs/msg/detail/sensor_gps__type_support.c\n'}
[5.970274] (px4_msgs) StdoutLine: {'line': b'-- Up-to-date: /home/pavel/ws_ros2/install/px4_msgs/include/px4_msgs/px4_msgs/msg/detail/vehicle_roi__rosidl_typesupport_introspection_c.h\n'}
[5.970350] (px4_msgs) StdoutLine: {'line': b'-- Up-to-date: /home/pavel/ws_ros2/install/px4_msgs/include/px4_msgs/px4_msgs/msg/detail/vehicle_global_position__type_support.c\n'}
[5.970427] (px4_msgs) StdoutLine: {'line': b'-- Up-to-date: /home/pavel/ws_ros2/install/px4_msgs/include/px4_msgs/px4_msgs/msg/detail/orb_test__type_support.c\n'}
[5.970504] (px4_msgs) StdoutLine: {'line': b'-- Up-to-date: /home/pavel/ws_ros2/install/px4_msgs/include/px4_msgs/px4_msgs/msg/detail/gimbal_controls__rosidl_typesupport_introspection_c.h\n'}
[5.970595] (px4_msgs) StdoutLine: {'line': b'-- Up-to-date: /home/pavel/ws_ros2/install/px4_msgs/include/px4_msgs/px4_msgs/msg/detail/sensors_status__rosidl_typesupport_introspection_c.h\n'}
[5.970682] (px4_msgs) StdoutLine: {'line': b'-- Up-to-date: /home/pavel/ws_ros2/install/px4_msgs/include/px4_msgs/px4_msgs/msg/detail/takeoff_status__rosidl_typesupport_introspection_c.h\n'}
[5.970759] (px4_msgs) StdoutLine: {'line': b'-- Up-to-date: /home/pavel/ws_ros2/install/px4_msgs/include/px4_msgs/px4_msgs/msg/detail/magnetometer_bias_estimate__type_support.c\n'}
[5.970846] (px4_msgs) StdoutLine: {'line': b'-- Up-to-date: /home/pavel/ws_ros2/install/px4_msgs/include/px4_msgs/px4_msgs/msg/detail/logger_status__rosidl_typesupport_introspection_c.h\n'}
[5.970921] (px4_msgs) StdoutLine: {'line': b'-- Up-to-date: /home/pavel/ws_ros2/install/px4_msgs/include/px4_msgs/px4_msgs/msg/detail/register_ext_component_request__type_support.c\n'}
[5.970995] (px4_msgs) StdoutLine: {'line': b'-- Up-to-date: /home/pavel/ws_ros2/install/px4_msgs/include/px4_msgs/px4_msgs/msg/detail/satellite_info__type_support.c\n'}
[5.971071] (px4_msgs) StdoutLine: {'line': b'-- Up-to-date: /home/pavel/ws_ros2/install/px4_msgs/include/px4_msgs/px4_msgs/msg/detail/input_rc__type_support.c\n'}
[5.971143] (px4_msgs) StdoutLine: {'line': b'-- Up-to-date: /home/pavel/ws_ros2/install/px4_msgs/include/px4_msgs/px4_msgs/msg/detail/estimator_event_flags__rosidl_typesupport_introspection_c.h\n'}
[5.971217] (px4_msgs) StdoutLine: {'line': b'-- Up-to-date: /home/pavel/ws_ros2/install/px4_msgs/include/px4_msgs/px4_msgs/msg/detail/qshell_req__rosidl_typesupport_introspection_c.h\n'}
[5.971281] (px4_msgs) StdoutLine: {'line': b'-- Up-to-date: /home/pavel/ws_ros2/install/px4_msgs/include/px4_msgs/px4_msgs/msg/detail/arming_check_reply__rosidl_typesupport_introspection_c.h\n'}
[5.971328] (px4_msgs) StdoutLine: {'line': b'-- Up-to-date: /home/pavel/ws_ros2/install/px4_msgs/include/px4_msgs/px4_msgs/msg/detail/can_interface_status__type_support.c\n'}
[5.971374] (px4_msgs) StdoutLine: {'line': b'-- Up-to-date: /home/pavel/ws_ros2/install/px4_msgs/include/px4_msgs/px4_msgs/msg/detail/manual_control_setpoint__rosidl_typesupport_introspection_c.h\n'}
[5.971424] (px4_msgs) StdoutLine: {'line': b'-- Up-to-date: /home/pavel/ws_ros2/install/px4_msgs/include/px4_msgs/px4_msgs/msg/detail/gpio_out__rosidl_typesupport_introspection_c.h\n'}
[5.971477] (px4_msgs) StdoutLine: {'line': b'-- Up-to-date: /home/pavel/ws_ros2/install/px4_msgs/include/px4_msgs/px4_msgs/msg/detail/dataman_response__type_support.c\n'}
[5.971527] (px4_msgs) StdoutLine: {'line': b'-- Up-to-date: /home/pavel/ws_ros2/install/px4_msgs/include/px4_msgs/px4_msgs/msg/detail/vehicle_thrust_setpoint__rosidl_typesupport_introspection_c.h\n'}
[5.971573] (px4_msgs) StdoutLine: {'line': b'-- Up-to-date: /home/pavel/ws_ros2/install/px4_msgs/include/px4_msgs/px4_msgs/msg/detail/tecs_status__type_support.c\n'}
[5.971668] (px4_msgs) StdoutLine: {'line': b'-- Up-to-date: /home/pavel/ws_ros2/install/px4_msgs/include/px4_msgs/px4_msgs/msg/detail/estimator_sensor_bias__type_support.c\n'}
[5.971715] (px4_msgs) StdoutLine: {'line': b'-- Up-to-date: /home/pavel/ws_ros2/install/px4_msgs/include/px4_msgs/px4_msgs/msg/detail/dataman_response__rosidl_typesupport_introspection_c.h\n'}
[5.971761] (px4_msgs) StdoutLine: {'line': b'-- Up-to-date: /home/pavel/ws_ros2/install/px4_msgs/include/px4_msgs/px4_msgs/msg/detail/vehicle_imu__type_support.c\n'}
[5.971806] (px4_msgs) StdoutLine: {'line': b'-- Up-to-date: /home/pavel/ws_ros2/install/px4_msgs/include/px4_msgs/px4_msgs/msg/detail/camera_status__type_support.c\n'}
[5.971851] (px4_msgs) StdoutLine: {'line': b'-- Up-to-date: /home/pavel/ws_ros2/install/px4_msgs/include/px4_msgs/px4_msgs/msg/detail/position_setpoint_triplet__rosidl_typesupport_introspection_c.h\n'}
[5.971896] (px4_msgs) StdoutLine: {'line': b'-- Up-to-date: /home/pavel/ws_ros2/install/px4_msgs/include/px4_msgs/px4_msgs/msg/detail/config_overrides__type_support.c\n'}
[5.971941] (px4_msgs) StdoutLine: {'line': b'-- Up-to-date: /home/pavel/ws_ros2/install/px4_msgs/include/px4_msgs/px4_msgs/msg/detail/sensor_baro__rosidl_typesupport_introspection_c.h\n'}
[5.971987] (px4_msgs) StdoutLine: {'line': b'-- Up-to-date: /home/pavel/ws_ros2/install/px4_msgs/include/px4_msgs/px4_msgs/msg/detail/parameter_update__type_support.c\n'}
[5.972082] (px4_msgs) StdoutLine: {'line': b'-- Up-to-date: /home/pavel/ws_ros2/install/px4_msgs/include/px4_msgs/px4_msgs/msg/detail/mount_orientation__rosidl_typesupport_introspection_c.h\n'}
[5.972153] (px4_msgs) StdoutLine: {'line': b'-- Up-to-date: /home/pavel/ws_ros2/install/px4_msgs/include/px4_msgs/px4_msgs/msg/detail/wheel_encoders__type_support.c\n'}
[5.972214] (px4_msgs) StdoutLine: {'line': b'-- Up-to-date: /home/pavel/ws_ros2/install/px4_msgs/include/px4_msgs/px4_msgs/msg/detail/mavlink_log__type_support.c\n'}
[5.972274] (px4_msgs) StdoutLine: {'line': b'-- Up-to-date: /home/pavel/ws_ros2/install/px4_msgs/include/px4_msgs/px4_msgs/msg/detail/vehicle_local_position_setpoint__type_support.c\n'}
[5.972334] (px4_msgs) StdoutLine: {'line': b'-- Up-to-date: /home/pavel/ws_ros2/install/px4_msgs/include/px4_msgs/px4_msgs/msg/detail/estimator_states__type_support.c\n'}
[5.972394] (px4_msgs) StdoutLine: {'line': b'-- Up-to-date: /home/pavel/ws_ros2/install/px4_msgs/include/px4_msgs/px4_msgs/msg/detail/pwm_input__rosidl_typesupport_introspection_c.h\n'}
[5.972454] (px4_msgs) StdoutLine: {'line': b'-- Up-to-date: /home/pavel/ws_ros2/install/px4_msgs/include/px4_msgs/px4_msgs/msg/detail/trajectory_bezier__type_support.c\n'}
[5.972515] (px4_msgs) StdoutLine: {'line': b'-- Up-to-date: /home/pavel/ws_ros2/install/px4_msgs/include/px4_msgs/px4_msgs/msg/detail/rate_ctrl_status__type_support.c\n'}
[5.972574] (px4_msgs) StdoutLine: {'line': b'-- Up-to-date: /home/pavel/ws_ros2/install/px4_msgs/include/px4_msgs/px4_msgs/msg/detail/sensor_uwb__rosidl_typesupport_introspection_c.h\n'}
[5.972657] (px4_msgs) StdoutLine: {'line': b'-- Up-to-date: /home/pavel/ws_ros2/install/px4_msgs/include/px4_msgs/px4_msgs/msg/detail/sensor_gyro_fifo__rosidl_typesupport_introspection_c.h\n'}
[5.972720] (px4_msgs) StdoutLine: {'line': b'-- Up-to-date: /home/pavel/ws_ros2/install/px4_msgs/include/px4_msgs/px4_msgs/msg/detail/gimbal_manager_status__type_support.c\n'}
[5.972780] (px4_msgs) StdoutLine: {'line': b'-- Up-to-date: /home/pavel/ws_ros2/install/px4_msgs/include/px4_msgs/px4_msgs/msg/detail/control_allocator_status__type_support.c\n'}
[5.972839] (px4_msgs) StdoutLine: {'line': b'-- Up-to-date: /home/pavel/ws_ros2/install/px4_msgs/include/px4_msgs/px4_msgs/msg/detail/sensor_optical_flow__type_support.c\n'}
[5.972904] (px4_msgs) StdoutLine: {'line': b'-- Up-to-date: /home/pavel/ws_ros2/install/px4_msgs/include/px4_msgs/px4_msgs/msg/detail/input_rc__rosidl_typesupport_introspection_c.h\n'}
[5.972964] (px4_msgs) StdoutLine: {'line': b'-- Up-to-date: /home/pavel/ws_ros2/install/px4_msgs/include/px4_msgs/px4_msgs/msg/detail/register_ext_component_reply__rosidl_typesupport_introspection_c.h\n'}
[5.973023] (px4_msgs) StdoutLine: {'line': b'-- Up-to-date: /home/pavel/ws_ros2/install/px4_msgs/include/px4_msgs/px4_msgs/msg/detail/vehicle_trajectory_waypoint__rosidl_typesupport_introspection_c.h\n'}
[5.973083] (px4_msgs) StdoutLine: {'line': b'-- Up-to-date: /home/pavel/ws_ros2/install/px4_msgs/include/px4_msgs/px4_msgs/msg/detail/power_button_state__rosidl_typesupport_introspection_c.h\n'}
[5.973146] (px4_msgs) StdoutLine: {'line': b'-- Up-to-date: /home/pavel/ws_ros2/install/px4_msgs/include/px4_msgs/px4_msgs/msg/detail/vehicle_control_mode__type_support.c\n'}
[5.973206] (px4_msgs) StdoutLine: {'line': b'-- Up-to-date: /home/pavel/ws_ros2/install/px4_msgs/include/px4_msgs/px4_msgs/msg/detail/vehicle_air_data__type_support.c\n'}
[5.973265] (px4_msgs) StdoutLine: {'line': b'-- Up-to-date: /home/pavel/ws_ros2/install/px4_msgs/include/px4_msgs/px4_msgs/msg/detail/rtl_time_estimate__rosidl_typesupport_introspection_c.h\n'}
[5.973331] (px4_msgs) StdoutLine: {'line': b'-- Up-to-date: /home/pavel/ws_ros2/install/px4_msgs/include/px4_msgs/px4_msgs/msg/detail/vehicle_angular_velocity__type_support.c\n'}
[5.973391] (px4_msgs) StdoutLine: {'line': b'-- Up-to-date: /home/pavel/ws_ros2/install/px4_msgs/include/px4_msgs/px4_msgs/msg/detail/gpio_in__type_support.c\n'}
[5.973450] (px4_msgs) StdoutLine: {'line': b'-- Up-to-date: /home/pavel/ws_ros2/install/px4_msgs/include/px4_msgs/px4_msgs/msg/detail/airspeed_validated__type_support.c\n'}
[5.973509] (px4_msgs) StdoutLine: {'line': b'-- Up-to-date: /home/pavel/ws_ros2/install/px4_msgs/include/px4_msgs/px4_msgs/msg/detail/failsafe_flags__type_support.c\n'}
[5.973569] (px4_msgs) StdoutLine: {'line': b'-- Up-to-date: /home/pavel/ws_ros2/install/px4_msgs/include/px4_msgs/px4_msgs/msg/detail/actuator_outputs__rosidl_typesupport_introspection_c.h\n'}
[5.973639] (px4_msgs) StdoutLine: {'line': b'-- Up-to-date: /home/pavel/ws_ros2/install/px4_msgs/include/px4_msgs/px4_msgs/msg/detail/actuator_servos_trim__rosidl_typesupport_introspection_c.h\n'}
[5.973701] (px4_msgs) StdoutLine: {'line': b'-- Up-to-date: /home/pavel/ws_ros2/install/px4_msgs/include/px4_msgs/px4_msgs/msg/detail/collision_report__type_support.c\n'}
[5.973761] (px4_msgs) StdoutLine: {'line': b'-- Up-to-date: /home/pavel/ws_ros2/install/px4_msgs/include/px4_msgs/px4_msgs/msg/detail/vehicle_trajectory_waypoint__type_support.c\n'}
[5.973820] (px4_msgs) StdoutLine: {'line': b'-- Up-to-date: /home/pavel/ws_ros2/install/px4_msgs/include/px4_msgs/px4_msgs/msg/detail/airspeed__type_support.c\n'}
[5.973879] (px4_msgs) StdoutLine: {'line': b'-- Up-to-date: /home/pavel/ws_ros2/install/px4_msgs/include/px4_msgs/px4_msgs/msg/detail/hover_thrust_estimate__type_support.c\n'}
[5.973939] (px4_msgs) StdoutLine: {'line': b'-- Up-to-date: /home/pavel/ws_ros2/install/px4_msgs/include/px4_msgs/px4_msgs/msg/detail/qshell_req__type_support.c\n'}
[5.973998] (px4_msgs) StdoutLine: {'line': b'-- Up-to-date: /home/pavel/ws_ros2/install/px4_msgs/include/px4_msgs/px4_msgs/msg/detail/message_format_request__rosidl_typesupport_introspection_c.h\n'}
[5.974058] (px4_msgs) StdoutLine: {'line': b'-- Up-to-date: /home/pavel/ws_ros2/install/px4_msgs/include/px4_msgs/px4_msgs/msg/detail/ulog_stream_ack__rosidl_typesupport_introspection_c.h\n'}
[5.974117] (px4_msgs) StdoutLine: {'line': b'-- Up-to-date: /home/pavel/ws_ros2/install/px4_msgs/include/px4_msgs/px4_msgs/msg/detail/actuator_motors__rosidl_typesupport_introspection_c.h\n'}
[5.974177] (px4_msgs) StdoutLine: {'line': b'-- Up-to-date: /home/pavel/ws_ros2/install/px4_msgs/include/px4_msgs/px4_msgs/msg/detail/geofence_result__type_support.c\n'}
[5.974240] (px4_msgs) StdoutLine: {'line': b'-- Up-to-date: /home/pavel/ws_ros2/install/px4_msgs/include/px4_msgs/px4_msgs/msg/detail/obstacle_distance__rosidl_typesupport_introspection_c.h\n'}
[5.974300] (px4_msgs) StdoutLine: {'line': b'-- Up-to-date: /home/pavel/ws_ros2/install/px4_msgs/include/px4_msgs/px4_msgs/msg/detail/debug_value__type_support.c\n'}
[5.974359] (px4_msgs) StdoutLine: {'line': b'-- Up-to-date: /home/pavel/ws_ros2/install/px4_msgs/include/px4_msgs/px4_msgs/msg/detail/actuator_outputs__type_support.c\n'}
[5.974418] (px4_msgs) StdoutLine: {'line': b'-- Up-to-date: /home/pavel/ws_ros2/install/px4_msgs/include/px4_msgs/px4_msgs/msg/detail/estimator_bias__type_support.c\n'}
[5.974477] (px4_msgs) StdoutLine: {'line': b'-- Up-to-date: /home/pavel/ws_ros2/install/px4_msgs/include/px4_msgs/px4_msgs/msg/detail/task_stack_info__rosidl_typesupport_introspection_c.h\n'}
[5.974537] (px4_msgs) StdoutLine: {'line': b'-- Up-to-date: /home/pavel/ws_ros2/install/px4_msgs/include/px4_msgs/px4_msgs/msg/detail/log_message__type_support.c\n'}
[5.974603] (px4_msgs) StdoutLine: {'line': b'-- Up-to-date: /home/pavel/ws_ros2/install/px4_msgs/include/px4_msgs/px4_msgs/msg/detail/pps_capture__type_support.c\n'}
[5.974667] (px4_msgs) StdoutLine: {'line': b'-- Up-to-date: /home/pavel/ws_ros2/install/px4_msgs/include/px4_msgs/px4_msgs/msg/detail/sensors_status_imu__rosidl_typesupport_introspection_c.h\n'}
[5.974727] (px4_msgs) StdoutLine: {'line': b'-- Up-to-date: /home/pavel/ws_ros2/install/px4_msgs/include/px4_msgs/px4_msgs/msg/detail/vehicle_torque_setpoint__rosidl_typesupport_introspection_c.h\n'}
[5.974786] (px4_msgs) StdoutLine: {'line': b'-- Up-to-date: /home/pavel/ws_ros2/install/px4_msgs/include/px4_msgs/px4_msgs/msg/detail/vehicle_status__rosidl_typesupport_introspection_c.h\n'}
[5.974846] (px4_msgs) StdoutLine: {'line': b'-- Up-to-date: /home/pavel/ws_ros2/install/px4_msgs/include/px4_msgs/px4_msgs/msg/detail/estimator_event_flags__type_support.c\n'}
[5.974911] (px4_msgs) StdoutLine: {'line': b'-- Up-to-date: /home/pavel/ws_ros2/install/px4_msgs/include/px4_msgs/px4_msgs/msg/detail/vehicle_command_ack__rosidl_typesupport_introspection_c.h\n'}
[5.974972] (px4_msgs) StdoutLine: {'line': b'-- Up-to-date: /home/pavel/ws_ros2/install/px4_msgs/include/px4_msgs/px4_msgs/msg/detail/transponder_report__type_support.c\n'}
[5.975032] (px4_msgs) StdoutLine: {'line': b'-- Up-to-date: /home/pavel/ws_ros2/install/px4_msgs/include/px4_msgs/px4_msgs/msg/detail/follow_target_status__type_support.c\n'}
[5.975091] (px4_msgs) StdoutLine: {'line': b'-- Up-to-date: /home/pavel/ws_ros2/install/px4_msgs/include/px4_msgs/px4_msgs/msg/detail/actuator_test__type_support.c\n'}
[5.975151] (px4_msgs) StdoutLine: {'line': b'-- Up-to-date: /home/pavel/ws_ros2/install/px4_msgs/include/px4_msgs/px4_msgs/msg/detail/npfg_status__rosidl_typesupport_introspection_c.h\n'}
[5.975216] (px4_msgs) StdoutLine: {'line': b'-- Up-to-date: /home/pavel/ws_ros2/install/px4_msgs/include/px4_msgs/px4_msgs/msg/detail/landing_target_innovations__rosidl_typesupport_introspection_c.h\n'}
[5.975277] (px4_msgs) StdoutLine: {'line': b'-- Up-to-date: /home/pavel/ws_ros2/install/px4_msgs/include/px4_msgs/px4_msgs/msg/detail/position_setpoint_triplet__type_support.c\n'}
[5.975337] (px4_msgs) StdoutLine: {'line': b'-- Up-to-date: /home/pavel/ws_ros2/install/px4_msgs/include/px4_msgs/px4_msgs/msg/detail/landing_target_innovations__type_support.c\n'}
[5.975396] (px4_msgs) StdoutLine: {'line': b'-- Up-to-date: /home/pavel/ws_ros2/install/px4_msgs/include/px4_msgs/px4_msgs/msg/detail/sensor_accel__rosidl_typesupport_introspection_c.h\n'}
[5.975456] (px4_msgs) StdoutLine: {'line': b'-- Up-to-date: /home/pavel/ws_ros2/install/px4_msgs/include/px4_msgs/px4_msgs/msg/detail/buffer128__rosidl_typesupport_introspection_c.h\n'}
[5.975514] (px4_msgs) StdoutLine: {'line': b'-- Up-to-date: /home/pavel/ws_ros2/install/px4_msgs/include/px4_msgs/px4_msgs/msg/detail/actuator_servos_trim__type_support.c\n'}
[5.975574] (px4_msgs) StdoutLine: {'line': b'-- Up-to-date: /home/pavel/ws_ros2/install/px4_msgs/include/px4_msgs/px4_msgs/msg/detail/trajectory_waypoint__rosidl_typesupport_introspection_c.h\n'}
[5.975650] (px4_msgs) StdoutLine: {'line': b'-- Up-to-date: /home/pavel/ws_ros2/install/px4_msgs/include/px4_msgs/px4_msgs/msg/detail/follow_target_status__rosidl_typesupport_introspection_c.h\n'}
[5.975710] (px4_msgs) StdoutLine: {'line': b'-- Up-to-date: /home/pavel/ws_ros2/install/px4_msgs/include/px4_msgs/px4_msgs/msg/detail/launch_detection_status__type_support.c\n'}
[5.975770] (px4_msgs) StdoutLine: {'line': b'-- Up-to-date: /home/pavel/ws_ros2/install/px4_msgs/include/px4_msgs/px4_msgs/msg/detail/position_controller_status__type_support.c\n'}
[5.975829] (px4_msgs) StdoutLine: {'line': b'-- Up-to-date: /home/pavel/ws_ros2/install/px4_msgs/include/px4_msgs/px4_msgs/msg/detail/geofence_status__type_support.c\n'}
[5.975888] (px4_msgs) StdoutLine: {'line': b'-- Up-to-date: /home/pavel/ws_ros2/install/px4_msgs/include/px4_msgs/px4_msgs/msg/detail/sensor_gyro_fft__type_support.c\n'}
[5.975948] (px4_msgs) StdoutLine: {'line': b'-- Up-to-date: /home/pavel/ws_ros2/install/px4_msgs/include/px4_msgs/px4_msgs/msg/detail/differential_pressure__type_support.c\n'}
[5.976007] (px4_msgs) StdoutLine: {'line': b'-- Up-to-date: /home/pavel/ws_ros2/install/px4_msgs/include/px4_msgs/px4_msgs/msg/detail/vehicle_attitude__rosidl_typesupport_introspection_c.h\n'}
[5.976067] (px4_msgs) StdoutLine: {'line': b'-- Up-to-date: /home/pavel/ws_ros2/install/px4_msgs/include/px4_msgs/px4_msgs/msg/detail/camera_status__rosidl_typesupport_introspection_c.h\n'}
[5.976127] (px4_msgs) StdoutLine: {'line': b'-- Up-to-date: /home/pavel/ws_ros2/install/px4_msgs/include/px4_msgs/px4_msgs/msg/detail/gps_dump__rosidl_typesupport_introspection_c.h\n'}
[5.976186] (px4_msgs) StdoutLine: {'line': b'-- Up-to-date: /home/pavel/ws_ros2/install/px4_msgs/include/px4_msgs/px4_msgs/msg/detail/sensor_selection__rosidl_typesupport_introspection_c.h\n'}
[5.976246] (px4_msgs) StdoutLine: {'line': b'-- Up-to-date: /home/pavel/ws_ros2/install/px4_msgs/include/px4_msgs/px4_msgs/msg/detail/gripper__rosidl_typesupport_introspection_c.h\n'}
[5.976306] (px4_msgs) StdoutLine: {'line': b'-- Up-to-date: /home/pavel/ws_ros2/install/px4_msgs/include/px4_msgs/px4_msgs/msg/detail/gimbal_manager_set_attitude__type_support.c\n'}
[5.976366] (px4_msgs) StdoutLine: {'line': b'-- Up-to-date: /home/pavel/ws_ros2/install/px4_msgs/include/px4_msgs/px4_msgs/msg/detail/estimator_aid_source1d__rosidl_typesupport_introspection_c.h\n'}
[5.976426] (px4_msgs) StdoutLine: {'line': b'-- Up-to-date: /home/pavel/ws_ros2/install/px4_msgs/include/px4_msgs/px4_msgs/msg/detail/sensor_correction__type_support.c\n'}
[5.976486] (px4_msgs) StdoutLine: {'line': b'-- Up-to-date: /home/pavel/ws_ros2/install/px4_msgs/include/px4_msgs/px4_msgs/msg/detail/esc_report__rosidl_typesupport_introspection_c.h\n'}
[5.976546] (px4_msgs) StdoutLine: {'line': b'-- Up-to-date: /home/pavel/ws_ros2/install/px4_msgs/include/px4_msgs/px4_msgs/msg/detail/rtl_time_estimate__type_support.c\n'}
[5.976615] (px4_msgs) StdoutLine: {'line': b'-- Up-to-date: /home/pavel/ws_ros2/install/px4_msgs/include/px4_msgs/px4_msgs/msg/detail/sensor_gyro_fft__rosidl_typesupport_introspection_c.h\n'}
[5.976682] (px4_msgs) StdoutLine: {'line': b'-- Up-to-date: /home/pavel/ws_ros2/install/px4_msgs/include/px4_msgs/px4_msgs/msg/detail/differential_drive_setpoint__rosidl_typesupport_introspection_c.h\n'}
[5.976743] (px4_msgs) StdoutLine: {'line': b'-- Up-to-date: /home/pavel/ws_ros2/install/px4_msgs/include/px4_msgs/px4_msgs/msg/detail/manual_control_setpoint__type_support.c\n'}
[5.976803] (px4_msgs) StdoutLine: {'line': b'-- Up-to-date: /home/pavel/ws_ros2/install/px4_msgs/include/px4_msgs/px4_msgs/msg/detail/flight_phase_estimation__type_support.c\n'}
[5.976863] (px4_msgs) StdoutLine: {'line': b'-- Up-to-date: /home/pavel/ws_ros2/install/px4_msgs/include/px4_msgs/px4_msgs/msg/detail/timesync_status__rosidl_typesupport_introspection_c.h\n'}
[5.976922] (px4_msgs) StdoutLine: {'line': b'-- Up-to-date: /home/pavel/ws_ros2/install/px4_msgs/include/px4_msgs/px4_msgs/msg/detail/differential_pressure__rosidl_typesupport_introspection_c.h\n'}
[5.976985] (px4_msgs) StdoutLine: {'line': b'-- Up-to-date: /home/pavel/ws_ros2/install/px4_msgs/include/px4_msgs/px4_msgs/msg/detail/parameter_set_value_response__type_support.c\n'}
[5.977051] (px4_msgs) StdoutLine: {'line': b'-- Up-to-date: /home/pavel/ws_ros2/install/px4_msgs/include/px4_msgs/px4_msgs/msg/detail/ulog_stream__rosidl_typesupport_introspection_c.h\n'}
[5.977110] (px4_msgs) StdoutLine: {'line': b'-- Up-to-date: /home/pavel/ws_ros2/install/px4_msgs/include/px4_msgs/px4_msgs/msg/detail/led_control__rosidl_typesupport_introspection_c.h\n'}
[5.977170] (px4_msgs) StdoutLine: {'line': b'-- Up-to-date: /home/pavel/ws_ros2/install/px4_msgs/include/px4_msgs/px4_msgs/msg/detail/heater_status__rosidl_typesupport_introspection_c.h\n'}
[5.977229] (px4_msgs) StdoutLine: {'line': b'-- Up-to-date: /home/pavel/ws_ros2/install/px4_msgs/include/px4_msgs/px4_msgs/msg/detail/gimbal_manager_set_manual_control__type_support.c\n'}
[5.977288] (px4_msgs) StdoutLine: {'line': b'-- Up-to-date: /home/pavel/ws_ros2/install/px4_msgs/include/px4_msgs/px4_msgs/msg/detail/ping__type_support.c\n'}
[5.977347] (px4_msgs) StdoutLine: {'line': b'-- Up-to-date: /home/pavel/ws_ros2/install/px4_msgs/include/px4_msgs/px4_msgs/msg/detail/rate_ctrl_status__rosidl_typesupport_introspection_c.h\n'}
[5.977405] (px4_msgs) StdoutLine: {'line': b'-- Up-to-date: /home/pavel/ws_ros2/install/px4_msgs/include/px4_msgs/px4_msgs/msg/detail/parameter_update__rosidl_typesupport_introspection_c.h\n'}
[5.977464] (px4_msgs) StdoutLine: {'line': b'-- Up-to-date: /home/pavel/ws_ros2/install/px4_msgs/include/px4_msgs/px4_msgs/msg/detail/vehicle_land_detected__rosidl_typesupport_introspection_c.h\n'}
[5.977523] (px4_msgs) StdoutLine: {'line': b'-- Up-to-date: /home/pavel/ws_ros2/install/px4_msgs/include/px4_msgs/px4_msgs/msg/detail/health_report__type_support.c\n'}
[5.977588] (px4_msgs) StdoutLine: {'line': b'-- Up-to-date: /home/pavel/ws_ros2/install/px4_msgs/include/px4_msgs/px4_msgs/msg/detail/rpm__type_support.c\n'}
[5.977655] (px4_msgs) StdoutLine: {'line': b'-- Up-to-date: /home/pavel/ws_ros2/install/px4_msgs/include/px4_msgs/px4_msgs/msg/detail/vehicle_optical_flow_vel__type_support.c\n'}
[5.977715] (px4_msgs) StdoutLine: {'line': b'-- Up-to-date: /home/pavel/ws_ros2/install/px4_msgs/include/px4_msgs/px4_msgs/msg/detail/vehicle_constraints__rosidl_typesupport_introspection_c.h\n'}
[5.977775] (px4_msgs) StdoutLine: {'line': b'-- Up-to-date: /home/pavel/ws_ros2/install/px4_msgs/include/px4_msgs/px4_msgs/msg/detail/event__type_support.c\n'}
[5.977833] (px4_msgs) StdoutLine: {'line': b'-- Up-to-date: /home/pavel/ws_ros2/install/px4_msgs/include/px4_msgs/px4_msgs/msg/detail/px4io_status__rosidl_typesupport_introspection_c.h\n'}
[5.977893] (px4_msgs) StdoutLine: {'line': b'-- Up-to-date: /home/pavel/ws_ros2/install/px4_msgs/include/px4_msgs/px4_msgs/msg/detail/landing_gear_wheel__type_support.c\n'}
[5.977952] (px4_msgs) StdoutLine: {'line': b'-- Up-to-date: /home/pavel/ws_ros2/install/px4_msgs/include/px4_msgs/px4_msgs/msg/detail/led_control__type_support.c\n'}
[5.978011] (px4_msgs) StdoutLine: {'line': b'-- Up-to-date: /home/pavel/ws_ros2/install/px4_msgs/include/px4_msgs/px4_msgs/msg/detail/gimbal_device_attitude_status__type_support.c\n'}
[5.978069] (px4_msgs) StdoutLine: {'line': b'-- Up-to-date: /home/pavel/ws_ros2/install/px4_msgs/include/px4_msgs/px4_msgs/msg/detail/sensor_selection__type_support.c\n'}
[5.978128] (px4_msgs) StdoutLine: {'line': b'-- Up-to-date: /home/pavel/ws_ros2/install/px4_msgs/include/px4_msgs/px4_msgs/msg/detail/vehicle_attitude__type_support.c\n'}
[5.978187] (px4_msgs) StdoutLine: {'line': b'-- Up-to-date: /home/pavel/ws_ros2/install/px4_msgs/include/px4_msgs/px4_msgs/msg/detail/battery_status__type_support.c\n'}
[5.978246] (px4_msgs) StdoutLine: {'line': b'-- Up-to-date: /home/pavel/ws_ros2/install/px4_msgs/include/px4_msgs/px4_msgs/msg/detail/sensors_status_imu__type_support.c\n'}
[5.978306] (px4_msgs) StdoutLine: {'line': b'-- Up-to-date: /home/pavel/ws_ros2/install/px4_msgs/include/px4_msgs/px4_msgs/msg/detail/mode_completed__type_support.c\n'}
[5.978368] (px4_msgs) StdoutLine: {'line': b'-- Up-to-date: /home/pavel/ws_ros2/install/px4_msgs/include/px4_msgs/px4_msgs/msg/detail/debug_vect__type_support.c\n'}
[5.978430] (px4_msgs) StdoutLine: {'line': b'-- Up-to-date: /home/pavel/ws_ros2/install/px4_msgs/include/px4_msgs/px4_msgs/msg/detail/gpio_config__type_support.c\n'}
[5.978490] (px4_msgs) StdoutLine: {'line': b'-- Up-to-date: /home/pavel/ws_ros2/install/px4_msgs/include/px4_msgs/px4_msgs/msg/detail/landing_gear_wheel__rosidl_typesupport_introspection_c.h\n'}
[5.978548] (px4_msgs) StdoutLine: {'line': b'-- Up-to-date: /home/pavel/ws_ros2/install/px4_msgs/include/px4_msgs/px4_msgs/msg/detail/landing_target_pose__type_support.c\n'}
[5.978624] (px4_msgs) StdoutLine: {'line': b'-- Up-to-date: /home/pavel/ws_ros2/install/px4_msgs/include/px4_msgs/px4_msgs/msg/detail/gimbal_manager_set_attitude__rosidl_typesupport_introspection_c.h\n'}
[5.978692] (px4_msgs) StdoutLine: {'line': b'-- Up-to-date: /home/pavel/ws_ros2/install/px4_msgs/include/px4_msgs/px4_msgs/msg/detail/unregister_ext_component__rosidl_typesupport_introspection_c.h\n'}
[5.978752] (px4_msgs) StdoutLine: {'line': b'-- Up-to-date: /home/pavel/ws_ros2/install/px4_msgs/include/px4_msgs/px4_msgs/msg/detail/estimator_sensor_bias__rosidl_typesupport_introspection_c.h\n'}
[5.978811] (px4_msgs) StdoutLine: {'line': b'-- Up-to-date: /home/pavel/ws_ros2/install/px4_msgs/include/px4_msgs/px4_msgs/msg/detail/mavlink_tunnel__rosidl_typesupport_introspection_c.h\n'}
[5.978870] (px4_msgs) StdoutLine: {'line': b'-- Up-to-date: /home/pavel/ws_ros2/install/px4_msgs/include/px4_msgs/px4_msgs/msg/detail/telemetry_status__type_support.c\n'}
[5.978936] (px4_msgs) StdoutLine: {'line': b'-- Up-to-date: /home/pavel/ws_ros2/install/px4_msgs/include/px4_msgs/px4_msgs/msg/detail/debug_key_value__rosidl_typesupport_introspection_c.h\n'}
[5.978996] (px4_msgs) StdoutLine: {'line': b'-- Up-to-date: /home/pavel/ws_ros2/install/px4_msgs/include/px4_msgs/px4_msgs/msg/detail/cpuload__rosidl_typesupport_introspection_c.h\n'}
[5.979055] (px4_msgs) StdoutLine: {'line': b'-- Up-to-date: /home/pavel/ws_ros2/install/px4_msgs/include/px4_msgs/px4_msgs/msg/detail/sensor_accel_fifo__rosidl_typesupport_introspection_c.h\n'}
[5.979114] (px4_msgs) StdoutLine: {'line': b'-- Up-to-date: /home/pavel/ws_ros2/install/px4_msgs/include/px4_msgs/px4_msgs/msg/detail/vehicle_optical_flow__type_support.c\n'}
[5.979174] (px4_msgs) StdoutLine: {'line': b'-- Up-to-date: /home/pavel/ws_ros2/install/px4_msgs/include/px4_msgs/px4_msgs/msg/detail/collision_constraints__type_support.c\n'}
[5.979234] (px4_msgs) StdoutLine: {'line': b'-- Up-to-date: /home/pavel/ws_ros2/install/px4_msgs/include/px4_msgs/px4_msgs/msg/detail/gimbal_device_information__rosidl_typesupport_introspection_c.h\n'}
[5.979293] (px4_msgs) StdoutLine: {'line': b'-- Up-to-date: /home/pavel/ws_ros2/install/px4_msgs/include/px4_msgs/px4_msgs/msg/detail/sensor_mag__rosidl_typesupport_introspection_c.h\n'}
[5.979353] (px4_msgs) StdoutLine: {'line': b'-- Up-to-date: /home/pavel/ws_ros2/install/px4_msgs/include/px4_msgs/px4_msgs/msg/detail/mavlink_tunnel__type_support.c\n'}
[5.979412] (px4_msgs) StdoutLine: {'line': b'-- Up-to-date: /home/pavel/ws_ros2/install/px4_msgs/include/px4_msgs/px4_msgs/msg/detail/estimator_aid_source3d__rosidl_typesupport_introspection_c.h\n'}
[5.979471] (px4_msgs) StdoutLine: {'line': b'-- Up-to-date: /home/pavel/ws_ros2/install/px4_msgs/include/px4_msgs/px4_msgs/msg/detail/vehicle_magnetometer__rosidl_typesupport_introspection_c.h\n'}
[5.979530] (px4_msgs) StdoutLine: {'line': b'-- Up-to-date: /home/pavel/ws_ros2/install/px4_msgs/include/px4_msgs/px4_msgs/msg/detail/actuator_controls_status__type_support.c\n'}
[5.979594] (px4_msgs) StdoutLine: {'line': b'-- Up-to-date: /home/pavel/ws_ros2/install/px4_msgs/include/px4_msgs/px4_msgs/msg/detail/vehicle_local_position__rosidl_typesupport_introspection_c.h\n'}
[5.979660] (px4_msgs) StdoutLine: {'line': b'-- Up-to-date: /home/pavel/ws_ros2/install/px4_msgs/include/px4_msgs/px4_msgs/msg/detail/orb_test_large__rosidl_typesupport_introspection_c.h\n'}
[5.979724] (px4_msgs) StdoutLine: {'line': b'-- Up-to-date: /home/pavel/ws_ros2/install/px4_msgs/include/px4_msgs/px4_msgs/msg/detail/gps_inject_data__type_support.c\n'}
[5.979783] (px4_msgs) StdoutLine: {'line': b'-- Up-to-date: /home/pavel/ws_ros2/install/px4_msgs/include/px4_msgs/px4_msgs/msg/detail/estimator_status_flags__rosidl_typesupport_introspection_c.h\n'}
[5.979841] (px4_msgs) StdoutLine: {'line': b'-- Up-to-date: /home/pavel/ws_ros2/install/px4_msgs/include/px4_msgs/px4_msgs/msg/detail/sensor_mag__type_support.c\n'}
[5.979900] (px4_msgs) StdoutLine: {'line': b'-- Up-to-date: /home/pavel/ws_ros2/install/px4_msgs/include/px4_msgs/px4_msgs/msg/detail/actuator_motors__type_support.c\n'}
[5.979959] (px4_msgs) StdoutLine: {'line': b'-- Up-to-date: /home/pavel/ws_ros2/install/px4_msgs/include/px4_msgs/px4_msgs/msg/detail/orb_test_medium__rosidl_typesupport_introspection_c.h\n'}
[5.980017] (px4_msgs) StdoutLine: {'line': b'-- Up-to-date: /home/pavel/ws_ros2/install/px4_msgs/include/px4_msgs/px4_msgs/msg/detail/debug_key_value__type_support.c\n'}
[5.980076] (px4_msgs) StdoutLine: {'line': b'-- Up-to-date: /home/pavel/ws_ros2/install/px4_msgs/include/px4_msgs/px4_msgs/msg/detail/gpio_in__rosidl_typesupport_introspection_c.h\n'}
[5.980138] (px4_msgs) StdoutLine: {'line': b'-- Up-to-date: /home/pavel/ws_ros2/install/px4_msgs/include/px4_msgs/px4_msgs/msg/detail/trajectory_setpoint__type_support.c\n'}
[5.980197] (px4_msgs) StdoutLine: {'line': b'-- Up-to-date: /home/pavel/ws_ros2/install/px4_msgs/include/px4_msgs/px4_msgs/msg/detail/satellite_info__rosidl_typesupport_introspection_c.h\n'}
[5.980256] (px4_msgs) StdoutLine: {'line': b'-- Up-to-date: /home/pavel/ws_ros2/install/px4_msgs/include/px4_msgs/px4_msgs/msg/detail/estimator_selector_status__type_support.c\n'}
[5.980315] (px4_msgs) StdoutLine: {'line': b'-- Up-to-date: /home/pavel/ws_ros2/install/px4_msgs/include/px4_msgs/px4_msgs/msg/detail/figure_eight_status__type_support.c\n'}
[5.980375] (px4_msgs) StdoutLine: {'line': b'-- Up-to-date: /home/pavel/ws_ros2/install/px4_msgs/include/px4_msgs/px4_msgs/msg/detail/obstacle_distance__type_support.c\n'}
[5.980434] (px4_msgs) StdoutLine: {'line': b'-- Up-to-date: /home/pavel/ws_ros2/install/px4_msgs/include/px4_msgs/px4_msgs/msg/detail/orbit_status__type_support.c\n'}
[5.980494] (px4_msgs) StdoutLine: {'line': b'-- Up-to-date: /home/pavel/ws_ros2/install/px4_msgs/include/px4_msgs/px4_msgs/msg/detail/actuator_armed__type_support.c\n'}
[5.980553] (px4_msgs) StdoutLine: {'line': b'-- Up-to-date: /home/pavel/ws_ros2/install/px4_msgs/include/px4_msgs/px4_msgs/msg/detail/rover_ackermann_guidance_status__type_support.c\n'}
[5.980624] (px4_msgs) StdoutLine: {'line': b'-- Up-to-date: /home/pavel/ws_ros2/install/px4_msgs/include/px4_msgs/px4_msgs/msg/detail/rc_parameter_map__type_support.c\n'}
[5.980686] (px4_msgs) StdoutLine: {'line': b'-- Up-to-date: /home/pavel/ws_ros2/install/px4_msgs/include/px4_msgs/px4_msgs/msg/detail/vehicle_imu__rosidl_typesupport_introspection_c.h\n'}
[5.980746] (px4_msgs) StdoutLine: {'line': b'-- Up-to-date: /home/pavel/ws_ros2/install/px4_msgs/include/px4_msgs/px4_msgs/msg/detail/sensor_hygrometer__rosidl_typesupport_introspection_c.h\n'}
[5.980816] (px4_msgs) StdoutLine: {'line': b'-- Up-to-date: /home/pavel/ws_ros2/install/px4_msgs/include/px4_msgs/px4_msgs/msg/detail/airspeed_wind__rosidl_typesupport_introspection_c.h\n'}
[5.980876] (px4_msgs) StdoutLine: {'line': b'-- Up-to-date: /home/pavel/ws_ros2/install/px4_msgs/include/px4_msgs/px4_msgs/msg/detail/distance_sensor__rosidl_typesupport_introspection_c.h\n'}
[5.980935] (px4_msgs) StdoutLine: {'line': b'-- Up-to-date: /home/pavel/ws_ros2/install/px4_msgs/include/px4_msgs/px4_msgs/msg/detail/autotune_attitude_control_status__type_support.c\n'}
[5.980995] (px4_msgs) StdoutLine: {'line': b'-- Up-to-date: /home/pavel/ws_ros2/install/px4_msgs/include/px4_msgs/px4_msgs/msg/detail/generator_status__type_support.c\n'}
[5.981054] (px4_msgs) StdoutLine: {'line': b'-- Up-to-date: /home/pavel/ws_ros2/install/px4_msgs/include/px4_msgs/px4_msgs/msg/detail/onboard_computer_status__rosidl_typesupport_introspection_c.h\n'}
[5.981117] (px4_msgs) StdoutLine: {'line': b'-- Up-to-date: /home/pavel/ws_ros2/install/px4_msgs/include/px4_msgs/px4_msgs/msg/detail/vehicle_control_mode__rosidl_typesupport_introspection_c.h\n'}
[5.981177] (px4_msgs) StdoutLine: {'line': b'-- Up-to-date: /home/pavel/ws_ros2/install/px4_msgs/include/px4_msgs/px4_msgs/msg/detail/camera_capture__type_support.c\n'}
[5.981236] (px4_msgs) StdoutLine: {'line': b'-- Up-to-date: /home/pavel/ws_ros2/install/px4_msgs/include/px4_msgs/px4_msgs/msg/detail/sensor_combined__type_support.c\n'}
[5.981295] (px4_msgs) StdoutLine: {'line': b'-- Up-to-date: /home/pavel/ws_ros2/install/px4_msgs/include/px4_msgs/px4_msgs/msg/detail/actuator_servos__type_support.c\n'}
[5.981354] (px4_msgs) StdoutLine: {'line': b'-- Up-to-date: /home/pavel/ws_ros2/install/px4_msgs/include/px4_msgs/px4_msgs/msg/detail/vehicle_rates_setpoint__rosidl_typesupport_introspection_c.h\n'}
[5.981414] (px4_msgs) StdoutLine: {'line': b'-- Up-to-date: /home/pavel/ws_ros2/install/px4_msgs/include/px4_msgs/px4_msgs/msg/detail/camera_trigger__type_support.c\n'}
[5.981473] (px4_msgs) StdoutLine: {'line': b'-- Up-to-date: /home/pavel/ws_ros2/install/px4_msgs/include/px4_msgs/px4_msgs/msg/detail/gpio_out__type_support.c\n'}
[5.981532] (px4_msgs) StdoutLine: {'line': b'-- Up-to-date: /home/pavel/ws_ros2/install/px4_msgs/include/px4_msgs/px4_msgs/msg/detail/airspeed_wind__type_support.c\n'}
[5.981605] (px4_msgs) StdoutLine: {'line': b'-- Up-to-date: /home/pavel/ws_ros2/install/px4_msgs/include/px4_msgs/px4_msgs/msg/detail/mission_result__rosidl_typesupport_introspection_c.h\n'}
[5.981671] (px4_msgs) StdoutLine: {'line': b'-- Up-to-date: /home/pavel/ws_ros2/install/px4_msgs/include/px4_msgs/px4_msgs/msg/detail/debug_vect__rosidl_typesupport_introspection_c.h\n'}
[5.981731] (px4_msgs) StdoutLine: {'line': b'-- Up-to-date: /home/pavel/ws_ros2/install/px4_msgs/include/px4_msgs/px4_msgs/msg/detail/rover_ackermann_guidance_status__rosidl_typesupport_introspection_c.h\n'}
[5.981791] (px4_msgs) StdoutLine: {'line': b'-- Up-to-date: /home/pavel/ws_ros2/install/px4_msgs/include/px4_msgs/px4_msgs/msg/detail/cellular_status__type_support.c\n'}
[5.981850] (px4_msgs) StdoutLine: {'line': b'-- Up-to-date: /home/pavel/ws_ros2/install/px4_msgs/include/px4_msgs/px4_msgs/msg/detail/vehicle_acceleration__rosidl_typesupport_introspection_c.h\n'}
[5.981912] (px4_msgs) StdoutLine: {'line': b'-- Up-to-date: /home/pavel/ws_ros2/install/px4_msgs/include/px4_msgs/px4_msgs/msg/detail/telemetry_status__rosidl_typesupport_introspection_c.h\n'}
[5.981973] (px4_msgs) StdoutLine: {'line': b'-- Up-to-date: /home/pavel/ws_ros2/install/px4_msgs/include/px4_msgs/px4_msgs/msg/detail/figure_eight_status__rosidl_typesupport_introspection_c.h\n'}
[5.982033] (px4_msgs) StdoutLine: {'line': b'-- Up-to-date: /home/pavel/ws_ros2/install/px4_msgs/include/px4_msgs/px4_msgs/msg/detail/launch_detection_status__rosidl_typesupport_introspection_c.h\n'}
[5.982092] (px4_msgs) StdoutLine: {'line': b'-- Up-to-date: /home/pavel/ws_ros2/install/px4_msgs/include/px4_msgs/px4_msgs/msg/detail/vehicle_odometry__type_support.c\n'}
[5.982152] (px4_msgs) StdoutLine: {'line': b'-- Up-to-date: /home/pavel/ws_ros2/install/px4_msgs/include/px4_msgs/px4_msgs/msg/detail/offboard_control_mode__rosidl_typesupport_introspection_c.h\n'}
[5.982211] (px4_msgs) StdoutLine: {'line': b'-- Up-to-date: /home/pavel/ws_ros2/install/px4_msgs/include/px4_msgs/px4_msgs/msg/detail/register_ext_component_request__rosidl_typesupport_introspection_c.h\n'}
[5.982271] (px4_msgs) StdoutLine: {'line': b'-- Up-to-date: /home/pavel/ws_ros2/install/px4_msgs/include/px4_msgs/px4_msgs/msg/detail/actuator_armed__rosidl_typesupport_introspection_c.h\n'}
[5.982331] (px4_msgs) StdoutLine: {'line': b'-- Up-to-date: /home/pavel/ws_ros2/install/px4_msgs/include/px4_msgs/px4_msgs/msg/detail/camera_trigger__rosidl_typesupport_introspection_c.h\n'}
[5.982394] (px4_msgs) StdoutLine: {'line': b'-- Up-to-date: /home/pavel/ws_ros2/install/px4_msgs/include/px4_msgs/px4_msgs/msg/detail/uavcan_parameter_value__type_support.c\n'}
[5.982454] (px4_msgs) StdoutLine: {'line': b'-- Up-to-date: /home/pavel/ws_ros2/install/px4_msgs/include/px4_msgs/px4_msgs/msg/detail/irlock_report__type_support.c\n'}
[5.982513] (px4_msgs) StdoutLine: {'line': b'-- Up-to-date: /home/pavel/ws_ros2/install/px4_msgs/include/px4_msgs/px4_msgs/msg/detail/tune_control__rosidl_typesupport_introspection_c.h\n'}
[5.982572] (px4_msgs) StdoutLine: {'line': b'-- Up-to-date: /home/pavel/ws_ros2/install/px4_msgs/include/px4_msgs/px4_msgs/msg/detail/normalized_unsigned_setpoint__type_support.c\n'}
[5.982650] (px4_msgs) StdoutLine: {'line': b'-- Up-to-date: /home/pavel/ws_ros2/install/px4_msgs/include/px4_msgs/px4_msgs/msg/detail/magnetometer_bias_estimate__rosidl_typesupport_introspection_c.h\n'}
[5.982710] (px4_msgs) StdoutLine: {'line': b'-- Up-to-date: /home/pavel/ws_ros2/install/px4_msgs/include/px4_msgs/px4_msgs/msg/detail/mount_orientation__type_support.c\n'}
[5.982770] (px4_msgs) StdoutLine: {'line': b'-- Up-to-date: /home/pavel/ws_ros2/install/px4_msgs/include/px4_msgs/px4_msgs/msg/detail/vehicle_command__rosidl_typesupport_introspection_c.h\n'}
[5.982829] (px4_msgs) StdoutLine: {'line': b'-- Up-to-date: /home/pavel/ws_ros2/install/px4_msgs/include/px4_msgs/px4_msgs/msg/detail/debug_array__rosidl_typesupport_introspection_c.h\n'}
[5.982889] (px4_msgs) StdoutLine: {'line': b'-- Up-to-date: /home/pavel/ws_ros2/install/px4_msgs/include/px4_msgs/px4_msgs/msg/detail/esc_status__rosidl_typesupport_introspection_c.h\n'}
[5.982948] (px4_msgs) StdoutLine: {'line': b'-- Up-to-date: /home/pavel/ws_ros2/install/px4_msgs/include/px4_msgs/px4_msgs/msg/detail/sensor_optical_flow__rosidl_typesupport_introspection_c.h\n'}
[5.983008] (px4_msgs) StdoutLine: {'line': b'-- Up-to-date: /home/pavel/ws_ros2/install/px4_msgs/include/px4_msgs/px4_msgs/msg/detail/can_interface_status__rosidl_typesupport_introspection_c.h\n'}
[5.983067] (px4_msgs) StdoutLine: {'line': b'-- Up-to-date: /home/pavel/ws_ros2/install/px4_msgs/include/px4_msgs/px4_msgs/msg/detail/vehicle_attitude_setpoint__type_support.c\n'}
[5.983126] (px4_msgs) StdoutLine: {'line': b'-- Up-to-date: /home/pavel/ws_ros2/install/px4_msgs/include/px4_msgs/px4_msgs/msg/detail/estimator_innovations__rosidl_typesupport_introspection_c.h\n'}
[5.983186] (px4_msgs) StdoutLine: {'line': b'-- Up-to-date: /home/pavel/ws_ros2/install/px4_msgs/include/px4_msgs/px4_msgs/msg/detail/sensor_uwb__type_support.c\n'}
[5.983246] (px4_msgs) StdoutLine: {'line': b'-- Up-to-date: /home/pavel/ws_ros2/install/px4_msgs/include/px4_msgs/px4_msgs/msg/detail/vehicle_land_detected__type_support.c\n'}
[5.983305] (px4_msgs) StdoutLine: {'line': b'-- Up-to-date: /home/pavel/ws_ros2/install/px4_msgs/include/px4_msgs/px4_msgs/msg/detail/vehicle_optical_flow__rosidl_typesupport_introspection_c.h\n'}
[5.983364] (px4_msgs) StdoutLine: {'line': b'-- Up-to-date: /home/pavel/ws_ros2/install/px4_msgs/include/px4_msgs/px4_msgs/msg/detail/mission_result__type_support.c\n'}
[5.983424] (px4_msgs) StdoutLine: {'line': b'-- Up-to-date: /home/pavel/ws_ros2/install/px4_msgs/include/px4_msgs/px4_msgs/msg/detail/radio_status__rosidl_typesupport_introspection_c.h\n'}
[5.983483] (px4_msgs) StdoutLine: {'line': b'-- Up-to-date: /home/pavel/ws_ros2/install/px4_msgs/include/px4_msgs/px4_msgs/msg/detail/vehicle_trajectory_bezier__type_support.c\n'}
[5.983542] (px4_msgs) StdoutLine: {'line': b'-- Up-to-date: /home/pavel/ws_ros2/install/px4_msgs/include/px4_msgs/px4_msgs/msg/detail/estimator_status__type_support.c\n'}
[5.983620] (px4_msgs) StdoutLine: {'line': b'-- Up-to-date: /home/pavel/ws_ros2/install/px4_msgs/include/px4_msgs/px4_msgs/msg/detail/goto_setpoint__rosidl_typesupport_introspection_c.h\n'}
[5.983691] (px4_msgs) StdoutLine: {'line': b'-- Up-to-date: /home/pavel/ws_ros2/install/px4_msgs/include/px4_msgs/px4_msgs/msg/detail/health_report__rosidl_typesupport_introspection_c.h\n'}
[5.983751] (px4_msgs) StdoutLine: {'line': b'-- Up-to-date: /home/pavel/ws_ros2/install/px4_msgs/include/px4_msgs/px4_msgs/msg/detail/adc_report__type_support.c\n'}
[5.983815] (px4_msgs) StdoutLine: {'line': b'-- Up-to-date: /home/pavel/ws_ros2/install/px4_msgs/include/px4_msgs/px4_msgs/msg/detail/sensor_preflight_mag__rosidl_typesupport_introspection_c.h\n'}
[5.983875] (px4_msgs) StdoutLine: {'line': b'-- Up-to-date: /home/pavel/ws_ros2/install/px4_msgs/include/px4_msgs/px4_msgs/msg/detail/onboard_computer_status__type_support.c\n'}
[5.983934] (px4_msgs) StdoutLine: {'line': b'-- Up-to-date: /home/pavel/ws_ros2/install/px4_msgs/include/px4_msgs/px4_msgs/msg/detail/follow_target_estimator__rosidl_typesupport_introspection_c.h\n'}
[5.983994] (px4_msgs) StdoutLine: {'line': b'-- Up-to-date: /home/pavel/ws_ros2/install/px4_msgs/include/px4_msgs/px4_msgs/msg/detail/arming_check_request__type_support.c\n'}
[5.984053] (px4_msgs) StdoutLine: {'line': b'-- Up-to-date: /home/pavel/ws_ros2/install/px4_msgs/include/px4_msgs/px4_msgs/msg/detail/system_power__rosidl_typesupport_introspection_c.h\n'}
[5.984112] (px4_msgs) StdoutLine: {'line': b'-- Up-to-date: /home/pavel/ws_ros2/install/px4_msgs/include/px4_msgs/px4_msgs/msg/detail/sensor_gnss_relative__rosidl_typesupport_introspection_c.h\n'}
[5.984171] (px4_msgs) StdoutLine: {'line': b'-- Up-to-date: /home/pavel/ws_ros2/install/px4_msgs/include/px4_msgs/px4_msgs/msg/detail/rc_channels__type_support.c\n'}
[5.984230] (px4_msgs) StdoutLine: {'line': b'-- Up-to-date: /home/pavel/ws_ros2/install/px4_msgs/include/px4_msgs/px4_msgs/msg/detail/sensors_status__type_support.c\n'}
[5.984289] (px4_msgs) StdoutLine: {'line': b'-- Up-to-date: /home/pavel/ws_ros2/install/px4_msgs/include/px4_msgs/px4_msgs/msg/detail/pwm_input__type_support.c\n'}
[5.984348] (px4_msgs) StdoutLine: {'line': b'-- Up-to-date: /home/pavel/ws_ros2/install/px4_msgs/include/px4_msgs/px4_msgs/msg/detail/vehicle_angular_velocity__rosidl_typesupport_introspection_c.h\n'}
[5.984407] (px4_msgs) StdoutLine: {'line': b'-- Up-to-date: /home/pavel/ws_ros2/install/px4_msgs/include/px4_msgs/px4_msgs/msg/detail/velocity_limits__rosidl_typesupport_introspection_c.h\n'}
[5.984473] (px4_msgs) StdoutLine: {'line': b'-- Up-to-date: /home/pavel/ws_ros2/install/px4_msgs/include/px4_msgs/px4_msgs/msg/detail/power_monitor__rosidl_typesupport_introspection_c.h\n'}
[5.984532] (px4_msgs) StdoutLine: {'line': b'-- Up-to-date: /home/pavel/ws_ros2/install/px4_msgs/include/px4_msgs/px4_msgs/msg/detail/gimbal_manager_information__type_support.c\n'}
[5.984599] (px4_msgs) StdoutLine: {'line': b'-- Up-to-date: /home/pavel/ws_ros2/install/px4_msgs/include/px4_msgs/px4_msgs/msg/detail/gpio_config__rosidl_typesupport_introspection_c.h\n'}
[5.984664] (px4_msgs) StdoutLine: {'line': b'-- Up-to-date: /home/pavel/ws_ros2/install/px4_msgs/include/px4_msgs/px4_msgs/msg/detail/sensor_gyro_fifo__type_support.c\n'}
[5.984725] (px4_msgs) StdoutLine: {'line': b'-- Up-to-date: /home/pavel/ws_ros2/install/px4_msgs/include/px4_msgs/px4_msgs/msg/detail/rc_parameter_map__rosidl_typesupport_introspection_c.h\n'}
[5.984784] (px4_msgs) StdoutLine: {'line': b'-- Up-to-date: /home/pavel/ws_ros2/install/px4_msgs/include/px4_msgs/px4_msgs/msg/detail/mission__type_support.c\n'}
[5.984843] (px4_msgs) StdoutLine: {'line': b'-- Up-to-date: /home/pavel/ws_ros2/install/px4_msgs/include/px4_msgs/px4_msgs/msg/detail/failure_detector_status__rosidl_typesupport_introspection_c.h\n'}
[5.984903] (px4_msgs) StdoutLine: {'line': b'-- Up-to-date: /home/pavel/ws_ros2/install/px4_msgs/include/px4_msgs/px4_msgs/msg/detail/button_event__rosidl_typesupport_introspection_c.h\n'}
[5.984963] (px4_msgs) StdoutLine: {'line': b'-- Up-to-date: /home/pavel/ws_ros2/install/px4_msgs/include/px4_msgs/px4_msgs/msg/detail/uavcan_parameter_value__rosidl_typesupport_introspection_c.h\n'}
[5.985022] (px4_msgs) StdoutLine: {'line': b'-- Up-to-date: /home/pavel/ws_ros2/install/px4_msgs/include/px4_msgs/px4_msgs/msg/detail/tecs_status__rosidl_typesupport_introspection_c.h\n'}
[5.985082] (px4_msgs) StdoutLine: {'line': b'-- Up-to-date: /home/pavel/ws_ros2/install/px4_msgs/include/px4_msgs/px4_msgs/msg/detail/parameter_reset_request__type_support.c\n'}
[5.985146] (px4_msgs) StdoutLine: {'line': b'-- Up-to-date: /home/pavel/ws_ros2/install/px4_msgs/include/px4_msgs/px4_msgs/msg/detail/estimator_states__rosidl_typesupport_introspection_c.h\n'}
[5.985205] (px4_msgs) StdoutLine: {'line': b'-- Up-to-date: /home/pavel/ws_ros2/install/px4_msgs/include/px4_msgs/px4_msgs/msg/detail/home_position__type_support.c\n'}
[5.985265] (px4_msgs) StdoutLine: {'line': b'-- Up-to-date: /home/pavel/ws_ros2/install/px4_msgs/include/px4_msgs/px4_msgs/msg/detail/vehicle_imu_status__type_support.c\n'}
[5.985324] (px4_msgs) StdoutLine: {'line': b'-- Up-to-date: /home/pavel/ws_ros2/install/px4_msgs/include/px4_msgs/px4_msgs/msg/detail/rtl_status__type_support.c\n'}
[5.985387] (px4_msgs) StdoutLine: {'line': b'-- Up-to-date: /home/pavel/ws_ros2/install/px4_msgs/include/px4_msgs/px4_msgs/msg/detail/gripper__type_support.c\n'}
[5.985448] (px4_msgs) StdoutLine: {'line': b'-- Up-to-date: /home/pavel/ws_ros2/install/px4_msgs/include/px4_msgs/px4_msgs/msg/detail/vehicle_odometry__rosidl_typesupport_introspection_c.h\n'}
[5.985507] (px4_msgs) StdoutLine: {'line': b'-- Up-to-date: /home/pavel/ws_ros2/install/px4_msgs/include/px4_msgs/px4_msgs/msg/detail/vehicle_local_position__type_support.c\n'}
[5.985568] (px4_msgs) StdoutLine: {'line': b'-- Up-to-date: /home/pavel/ws_ros2/install/px4_msgs/include/px4_msgs/px4_msgs/msg/detail/airspeed_validated__rosidl_typesupport_introspection_c.h\n'}
[5.985638] (px4_msgs) StdoutLine: {'line': b'-- Up-to-date: /home/pavel/ws_ros2/install/px4_msgs/include/px4_msgs/px4_msgs/msg/detail/estimator_gps_status__type_support.c\n'}
[5.985699] (px4_msgs) StdoutLine: {'line': b'-- Up-to-date: /home/pavel/ws_ros2/install/px4_msgs/include/px4_msgs/px4_msgs/msg/detail/estimator_bias__rosidl_typesupport_introspection_c.h\n'}
[5.985759] (px4_msgs) StdoutLine: {'line': b'-- Up-to-date: /home/pavel/ws_ros2/install/px4_msgs/include/px4_msgs/px4_msgs/msg/detail/navigator_mission_item__rosidl_typesupport_introspection_c.h\n'}
[5.985818] (px4_msgs) StdoutLine: {'line': b'-- Up-to-date: /home/pavel/ws_ros2/install/px4_msgs/include/px4_msgs/px4_msgs/msg/detail/ekf2_timestamps__type_support.c\n'}
[5.985878] (px4_msgs) StdoutLine: {'line': b'-- Up-to-date: /home/pavel/ws_ros2/install/px4_msgs/include/px4_msgs/px4_msgs/msg/detail/landing_target_pose__rosidl_typesupport_introspection_c.h\n'}
[5.985938] (px4_msgs) StdoutLine: {'line': b'-- Up-to-date: /home/pavel/ws_ros2/install/px4_msgs/include/px4_msgs/px4_msgs/msg/detail/failure_detector_status__type_support.c\n'}
[5.985997] (px4_msgs) StdoutLine: {'line': b'-- Up-to-date: /home/pavel/ws_ros2/install/px4_msgs/include/px4_msgs/px4_msgs/msg/detail/dataman_request__type_support.c\n'}
[5.986056] (px4_msgs) StdoutLine: {'line': b'-- Up-to-date: /home/pavel/ws_ros2/install/px4_msgs/include/px4_msgs/px4_msgs/msg/detail/estimator_selector_status__rosidl_typesupport_introspection_c.h\n'}
[5.986116] (px4_msgs) StdoutLine: {'line': b'-- Up-to-date: /home/pavel/ws_ros2/install/px4_msgs/include/px4_msgs/px4_msgs/msg/detail/home_position__rosidl_typesupport_introspection_c.h\n'}
[5.986175] (px4_msgs) StdoutLine: {'line': b'-- Up-to-date: /home/pavel/ws_ros2/install/px4_msgs/include/px4_msgs/px4_msgs/msg/detail/vehicle_rates_setpoint__type_support.c\n'}
[5.986234] (px4_msgs) StdoutLine: {'line': b'-- Up-to-date: /home/pavel/ws_ros2/install/px4_msgs/include/px4_msgs/px4_msgs/msg/detail/navigator_mission_item__type_support.c\n'}
[5.986293] (px4_msgs) StdoutLine: {'line': b'-- Up-to-date: /home/pavel/ws_ros2/install/px4_msgs/include/px4_msgs/px4_msgs/msg/detail/mavlink_log__rosidl_typesupport_introspection_c.h\n'}
[5.986359] (px4_msgs) StdoutLine: {'line': b'-- Up-to-date: /home/pavel/ws_ros2/install/px4_msgs/include/px4_msgs/px4_msgs/msg/detail/autotune_attitude_control_status__rosidl_typesupport_introspection_c.h\n'}
[5.986419] (px4_msgs) StdoutLine: {'line': b'-- Up-to-date: /home/pavel/ws_ros2/install/px4_msgs/include/px4_msgs/px4_msgs/msg/detail/position_setpoint__rosidl_typesupport_introspection_c.h\n'}
[5.986482] (px4_msgs) StdoutLine: {'line': b'-- Up-to-date: /home/pavel/ws_ros2/install/px4_msgs/include/px4_msgs/px4_msgs/msg/detail/vehicle_angular_acceleration_setpoint__rosidl_typesupport_introspection_c.h\n'}
[5.986542] (px4_msgs) StdoutLine: {'line': b'-- Up-to-date: /home/pavel/ws_ros2/install/px4_msgs/include/px4_msgs/px4_msgs/msg/detail/sensor_airflow__rosidl_typesupport_introspection_c.h\n'}
[5.986611] (px4_msgs) StdoutLine: {'line': b'-- Up-to-date: /home/pavel/ws_ros2/install/px4_msgs/include/px4_msgs/px4_msgs/msg/detail/uavcan_parameter_request__rosidl_typesupport_introspection_c.h\n'}
[5.986674] (px4_msgs) StdoutLine: {'line': b'-- Up-to-date: /home/pavel/ws_ros2/install/px4_msgs/include/px4_msgs/px4_msgs/msg/detail/gimbal_device_set_attitude__rosidl_typesupport_introspection_c.h\n'}
[5.986734] (px4_msgs) StdoutLine: {'line': b'-- Up-to-date: /home/pavel/ws_ros2/install/px4_msgs/include/px4_msgs/px4_msgs/msg/detail/sensor_correction__rosidl_typesupport_introspection_c.h\n'}
[5.986794] (px4_msgs) StdoutLine: {'line': b'-- Up-to-date: /home/pavel/ws_ros2/install/px4_msgs/include/px4_msgs/px4_msgs/msg/detail/vtol_vehicle_status__rosidl_typesupport_introspection_c.h\n'}
[5.986853] (px4_msgs) StdoutLine: {'line': b'-- Up-to-date: /home/pavel/ws_ros2/install/px4_msgs/include/px4_msgs/px4_msgs/msg/detail/position_controller_landing_status__rosidl_typesupport_introspection_c.h\n'}
[5.986912] (px4_msgs) StdoutLine: {'line': b'-- Up-to-date: /home/pavel/ws_ros2/install/px4_msgs/include/px4_msgs/px4_msgs/msg/detail/tiltrotor_extra_controls__rosidl_typesupport_introspection_c.h\n'}
[5.986971] (px4_msgs) StdoutLine: {'line': b'-- Up-to-date: /home/pavel/ws_ros2/install/px4_msgs/include/px4_msgs/px4_msgs/msg/detail/trajectory_setpoint__rosidl_typesupport_introspection_c.h\n'}
[5.987035] (px4_msgs) StdoutLine: {'line': b'-- Up-to-date: /home/pavel/ws_ros2/install/px4_msgs/include/px4_msgs/px4_msgs/msg/detail/mission__rosidl_typesupport_introspection_c.h\n'}
[5.987095] (px4_msgs) StdoutLine: {'line': b'-- Up-to-date: /home/pavel/ws_ros2/install/px4_msgs/include/px4_msgs/px4_msgs/msg/detail/position_controller_landing_status__type_support.c\n'}
[5.987154] (px4_msgs) StdoutLine: {'line': b'-- Up-to-date: /home/pavel/ws_ros2/install/px4_msgs/include/px4_msgs/px4_msgs/msg/detail/rc_channels__rosidl_typesupport_introspection_c.h\n'}
[5.987213] (px4_msgs) StdoutLine: {'line': b'-- Up-to-date: /home/pavel/ws_ros2/install/px4_msgs/include/px4_msgs/px4_msgs/msg/detail/gimbal_device_set_attitude__type_support.c\n'}
[5.987272] (px4_msgs) StdoutLine: {'line': b'-- Up-to-date: /home/pavel/ws_ros2/install/px4_msgs/include/px4_msgs/px4_msgs/msg/detail/cellular_status__rosidl_typesupport_introspection_c.h\n'}
[5.987331] (px4_msgs) StdoutLine: {'line': b'-- Up-to-date: /home/pavel/ws_ros2/install/px4_msgs/include/px4_msgs/px4_msgs/msg/detail/rtl_status__rosidl_typesupport_introspection_c.h\n'}
[5.987390] (px4_msgs) StdoutLine: {'line': b'-- Up-to-date: /home/pavel/ws_ros2/install/px4_msgs/include/px4_msgs/px4_msgs/msg/detail/task_stack_info__type_support.c\n'}
[5.987450] (px4_msgs) StdoutLine: {'line': b'-- Up-to-date: /home/pavel/ws_ros2/install/px4_msgs/include/px4_msgs/px4_msgs/msg/detail/position_setpoint__type_support.c\n'}
[5.987509] (px4_msgs) StdoutLine: {'line': b'-- Up-to-date: /home/pavel/ws_ros2/install/px4_msgs/include/px4_msgs/px4_msgs/msg/detail/actuator_controls_status__rosidl_typesupport_introspection_c.h\n'}
[5.987569] (px4_msgs) StdoutLine: {'line': b'-- Up-to-date: /home/pavel/ws_ros2/install/px4_msgs/include/px4_msgs/px4_msgs/msg/detail/gps_dump__type_support.c\n'}
[5.987639] (px4_msgs) StdoutLine: {'line': b'-- Up-to-date: /home/pavel/ws_ros2/install/px4_msgs/include/px4_msgs/px4_msgs/msg/detail/ulog_stream__type_support.c\n'}
[5.987701] (px4_msgs) StdoutLine: {'line': b'-- Up-to-date: /home/pavel/ws_ros2/install/px4_msgs/include/px4_msgs/px4_msgs/msg/detail/follow_target__type_support.c\n'}
[5.987760] (px4_msgs) StdoutLine: {'line': b'-- Up-to-date: /home/pavel/ws_ros2/install/px4_msgs/include/px4_msgs/px4_msgs/msg/detail/follow_target_estimator__type_support.c\n'}
[5.987824] (px4_msgs) StdoutLine: {'line': b'-- Up-to-date: /home/pavel/ws_ros2/install/px4_msgs/include/px4_msgs/px4_msgs/msg/detail/estimator_aid_source1d__type_support.c\n'}
[5.987884] (px4_msgs) StdoutLine: {'line': b'-- Up-to-date: /home/pavel/ws_ros2/install/px4_msgs/include/px4_msgs/px4_msgs/msg/detail/iridiumsbd_status__rosidl_typesupport_introspection_c.h\n'}
[5.987944] (px4_msgs) StdoutLine: {'line': b'-- Up-to-date: /home/pavel/ws_ros2/install/px4_msgs/include/px4_msgs/px4_msgs/msg/detail/flight_phase_estimation__rosidl_typesupport_introspection_c.h\n'}
[5.988003] (px4_msgs) StdoutLine: {'line': b'-- Up-to-date: /home/pavel/ws_ros2/install/px4_msgs/include/px4_msgs/px4_msgs/msg/detail/control_allocator_status__rosidl_typesupport_introspection_c.h\n'}
[5.988063] (px4_msgs) StdoutLine: {'line': b'-- Up-to-date: /home/pavel/ws_ros2/install/px4_msgs/include/px4_msgs/px4_msgs/msg/detail/estimator_status_flags__type_support.c\n'}
[5.988129] (px4_msgs) StdoutLine: {'line': b'-- Up-to-date: /home/pavel/ws_ros2/install/px4_msgs/include/px4_msgs/px4_msgs/msg/detail/qshell_retval__rosidl_typesupport_introspection_c.h\n'}
[5.988189] (px4_msgs) StdoutLine: {'line': b'-- Up-to-date: /home/pavel/ws_ros2/install/px4_msgs/include/px4_msgs/px4_msgs/msg/detail/estimator_bias3d__rosidl_typesupport_introspection_c.h\n'}
[5.988248] (px4_msgs) StdoutLine: {'line': b'-- Up-to-date: /home/pavel/ws_ros2/install/px4_msgs/include/px4_msgs/px4_msgs/msg/detail/estimator_aid_source2d__rosidl_typesupport_introspection_c.h\n'}
[5.988307] (px4_msgs) StdoutLine: {'line': b'-- Up-to-date: /home/pavel/ws_ros2/install/px4_msgs/include/px4_msgs/px4_msgs/msg/detail/vehicle_acceleration__type_support.c\n'}
[5.988366] (px4_msgs) StdoutLine: {'line': b'-- Up-to-date: /home/pavel/ws_ros2/install/px4_msgs/include/px4_msgs/px4_msgs/msg/detail/airspeed__rosidl_typesupport_introspection_c.h\n'}
[5.988425] (px4_msgs) StdoutLine: {'line': b'-- Up-to-date: /home/pavel/ws_ros2/install/px4_msgs/include/px4_msgs/px4_msgs/msg/detail/vehicle_torque_setpoint__type_support.c\n'}
[5.988485] (px4_msgs) StdoutLine: {'line': b'-- Up-to-date: /home/pavel/ws_ros2/install/px4_msgs/include/px4_msgs/px4_msgs/msg/detail/collision_constraints__rosidl_typesupport_introspection_c.h\n'}
[5.988544] (px4_msgs) StdoutLine: {'line': b'-- Up-to-date: /home/pavel/ws_ros2/install/px4_msgs/include/px4_msgs/px4_msgs/msg/detail/debug_value__rosidl_typesupport_introspection_c.h\n'}
[5.988618] (px4_msgs) StdoutLine: {'line': b'-- Up-to-date: /home/pavel/ws_ros2/install/px4_msgs/include/px4_msgs/px4_msgs/msg/detail/wheel_encoders__rosidl_typesupport_introspection_c.h\n'}
[5.988682] (px4_msgs) StdoutLine: {'line': b'-- Up-to-date: /home/pavel/ws_ros2/install/px4_msgs/include/px4_msgs/px4_msgs/msg/detail/gimbal_manager_status__rosidl_typesupport_introspection_c.h\n'}
[5.988746] (px4_msgs) StdoutLine: {'line': b'-- Up-to-date: /home/pavel/ws_ros2/install/px4_msgs/include/px4_msgs/px4_msgs/msg/detail/vehicle_roi__type_support.c\n'}
[5.988806] (px4_msgs) StdoutLine: {'line': b'-- Up-to-date: /home/pavel/ws_ros2/install/px4_msgs/include/px4_msgs/px4_msgs/msg/detail/velocity_limits__type_support.c\n'}
[5.988866] (px4_msgs) StdoutLine: {'line': b'-- Up-to-date: /home/pavel/ws_ros2/install/px4_msgs/include/px4_msgs/px4_msgs/msg/detail/vehicle_thrust_setpoint__type_support.c\n'}
[5.988925] (px4_msgs) StdoutLine: {'line': b'-- Up-to-date: /home/pavel/ws_ros2/install/px4_msgs/include/px4_msgs/px4_msgs/msg/detail/estimator_gps_status__rosidl_typesupport_introspection_c.h\n'}
[5.988985] (px4_msgs) StdoutLine: {'line': b'-- Up-to-date: /home/pavel/ws_ros2/install/px4_msgs/include/px4_msgs/px4_msgs/msg/detail/distance_sensor__type_support.c\n'}
[5.989044] (px4_msgs) StdoutLine: {'line': b'-- Up-to-date: /home/pavel/ws_ros2/install/px4_msgs/include/px4_msgs/px4_msgs/msg/detail/orb_test_medium__type_support.c\n'}
[5.989103] (px4_msgs) StdoutLine: {'line': b'-- Up-to-date: /home/pavel/ws_ros2/install/px4_msgs/include/px4_msgs/px4_msgs/msg/detail/orb_test_large__type_support.c\n'}
[5.989166] (px4_msgs) StdoutLine: {'line': b'-- Up-to-date: /home/pavel/ws_ros2/install/px4_msgs/include/px4_msgs/px4_msgs/msg/detail/follow_target__rosidl_typesupport_introspection_c.h\n'}
[5.989226] (px4_msgs) StdoutLine: {'line': b'-- Up-to-date: /home/pavel/ws_ros2/install/px4_msgs/include/px4_msgs/px4_msgs/msg/detail/mag_worker_data__type_support.c\n'}
[5.989285] (px4_msgs) StdoutLine: {'line': b'-- Up-to-date: /home/pavel/ws_ros2/install/px4_msgs/include/px4_msgs/px4_msgs/msg/detail/position_controller_status__rosidl_typesupport_introspection_c.h\n'}
[5.989343] (px4_msgs) StdoutLine: {'line': b'-- Up-to-date: /home/pavel/ws_ros2/install/px4_msgs/include/px4_msgs/px4_msgs/msg/detail/register_ext_component_reply__type_support.c\n'}
[5.989403] (px4_msgs) StdoutLine: {'line': b'-- Up-to-date: /home/pavel/ws_ros2/install/px4_msgs/include/px4_msgs/px4_msgs/msg/detail/parameter_set_value_request__type_support.c\n'}
[5.989463] (px4_msgs) StdoutLine: {'line': b'-- Up-to-date: /home/pavel/ws_ros2/install/px4_msgs/include/px4_msgs/px4_msgs/msg/detail/log_message__rosidl_typesupport_introspection_c.h\n'}
[5.989522] (px4_msgs) StdoutLine: {'line': b'-- Up-to-date: /home/pavel/ws_ros2/install/px4_msgs/include/px4_msgs/px4_msgs/msg/detail/differential_drive_setpoint__type_support.c\n'}
[5.989586] (px4_msgs) StdoutLine: {'line': b'-- Up-to-date: /home/pavel/ws_ros2/install/px4_msgs/include/px4_msgs/px4_msgs/msg/detail/tune_control__type_support.c\n'}
[5.989652] (px4_msgs) StdoutLine: {'line': b'-- Up-to-date: /home/pavel/ws_ros2/install/px4_msgs/include/px4_msgs/px4_msgs/msg/detail/message_format_request__type_support.c\n'}
[5.989711] (px4_msgs) StdoutLine: {'line': b'-- Up-to-date: /home/pavel/ws_ros2/install/px4_msgs/include/px4_msgs/px4_msgs/msg/detail/yaw_estimator_status__type_support.c\n'}
[5.989770] (px4_msgs) StdoutLine: {'line': b'-- Up-to-date: /home/pavel/ws_ros2/install/px4_msgs/include/px4_msgs/px4_msgs/msg/detail/adc_report__rosidl_typesupport_introspection_c.h\n'}
[5.989830] (px4_msgs) StdoutLine: {'line': b'-- Up-to-date: /home/pavel/ws_ros2/install/px4_msgs/include/px4_msgs/px4_msgs/msg/detail/sensor_gnss_relative__type_support.c\n'}
[5.989889] (px4_msgs) StdoutLine: {'line': b'-- Up-to-date: /home/pavel/ws_ros2/install/px4_msgs/include/px4_msgs/px4_msgs/msg/detail/gpio_request__rosidl_typesupport_introspection_c.h\n'}
[5.989949] (px4_msgs) StdoutLine: {'line': b'-- Up-to-date: /home/pavel/ws_ros2/install/px4_msgs/include/px4_msgs/px4_msgs/msg/detail/wind__type_support.c\n'}
[5.990016] (px4_msgs) StdoutLine: {'line': b'-- Up-to-date: /home/pavel/ws_ros2/install/px4_msgs/include/px4_msgs/px4_msgs/msg/detail/cpuload__type_support.c\n'}
[5.990075] (px4_msgs) StdoutLine: {'line': b'-- Up-to-date: /home/pavel/ws_ros2/install/px4_msgs/include/px4_msgs/px4_msgs/msg/detail/sensor_hygrometer__type_support.c\n'}
[5.990135] (px4_msgs) StdoutLine: {'line': b'-- Up-to-date: /home/pavel/ws_ros2/install/px4_msgs/include/px4_msgs/px4_msgs/msg/detail/arming_check_request__rosidl_typesupport_introspection_c.h\n'}
[5.990194] (px4_msgs) StdoutLine: {'line': b'-- Up-to-date: /home/pavel/ws_ros2/install/px4_msgs/include/px4_msgs/px4_msgs/msg/detail/estimator_aid_source2d__type_support.c\n'}
[5.990253] (px4_msgs) StdoutLine: {'line': b'-- Up-to-date: /home/pavel/ws_ros2/install/px4_msgs/include/px4_msgs/px4_msgs/msg/detail/action_request__rosidl_typesupport_introspection_c.h\n'}
[5.990312] (px4_msgs) StdoutLine: {'line': b'-- Up-to-date: /home/pavel/ws_ros2/install/px4_msgs/include/px4_msgs/px4_msgs/msg/detail/estimator_status__rosidl_typesupport_introspection_c.h\n'}
[5.990371] (px4_msgs) StdoutLine: {'line': b'-- Up-to-date: /home/pavel/ws_ros2/install/px4_msgs/include/px4_msgs/px4_msgs/msg/detail/gps_inject_data__rosidl_typesupport_introspection_c.h\n'}
[5.990430] (px4_msgs) StdoutLine: {'line': b'-- Up-to-date: /home/pavel/ws_ros2/install/px4_msgs/include/px4_msgs/px4_msgs/msg/detail/tiltrotor_extra_controls__type_support.c\n'}
[5.990489] (px4_msgs) StdoutLine: {'line': b'-- Up-to-date: /home/pavel/ws_ros2/install/px4_msgs/include/px4_msgs/px4_msgs/msg/detail/parameter_set_used_request__rosidl_typesupport_introspection_c.h\n'}
[5.990556] (px4_msgs) StdoutLine: {'line': b'-- Up-to-date: /home/pavel/ws_ros2/install/px4_msgs/include/px4_msgs/px4_msgs/msg/detail/vehicle_command_ack__type_support.c\n'}
[5.990635] (px4_msgs) StdoutLine: {'line': b'-- Up-to-date: /home/pavel/ws_ros2/install/px4_msgs/include/px4_msgs/px4_msgs/msg/detail/trajectory_waypoint__type_support.c\n'}
[5.990702] (px4_msgs) StdoutLine: {'line': b'-- Up-to-date: /home/pavel/ws_ros2/install/px4_msgs/include/px4_msgs/px4_msgs/msg/detail/logger_status__type_support.c\n'}
[5.990762] (px4_msgs) StdoutLine: {'line': b'-- Up-to-date: /home/pavel/ws_ros2/install/px4_msgs/include/px4_msgs/px4_msgs/msg/detail/takeoff_status__type_support.c\n'}
[5.990821] (px4_msgs) StdoutLine: {'line': b'-- Up-to-date: /home/pavel/ws_ros2/install/px4_msgs/include/px4_msgs/px4_msgs/msg/detail/iridiumsbd_status__type_support.c\n'}
[5.990881] (px4_msgs) StdoutLine: {'line': b'-- Up-to-date: /home/pavel/ws_ros2/install/px4_msgs/include/px4_msgs/px4_msgs/msg/detail/rpm__rosidl_typesupport_introspection_c.h\n'}
[5.990940] (px4_msgs) StdoutLine: {'line': b'-- Up-to-date: /home/pavel/ws_ros2/install/px4_msgs/include/px4_msgs/px4_msgs/msg/detail/sensor_gyro__rosidl_typesupport_introspection_c.h\n'}
[5.991000] (px4_msgs) StdoutLine: {'line': b'-- Up-to-date: /home/pavel/ws_ros2/install/px4_msgs/include/px4_msgs/px4_msgs/msg/detail/yaw_estimator_status__rosidl_typesupport_introspection_c.h\n'}
[5.991060] (px4_msgs) StdoutLine: {'line': b'-- Up-to-date: /home/pavel/ws_ros2/install/px4_msgs/include/px4_msgs/px4_msgs/msg/detail/ekf2_timestamps__rosidl_typesupport_introspection_c.h\n'}
[5.991120] (px4_msgs) StdoutLine: {'line': b'-- Up-to-date: /home/pavel/ws_ros2/install/px4_msgs/include/px4_msgs/px4_msgs/msg/detail/message_format_response__type_support.c\n'}
[5.991179] (px4_msgs) StdoutLine: {'line': b'-- Up-to-date: /home/pavel/ws_ros2/install/px4_msgs/include/px4_msgs/px4_msgs/msg/detail/battery_status__rosidl_typesupport_introspection_c.h\n'}
[5.991238] (px4_msgs) StdoutLine: {'line': b'-- Up-to-date: /home/pavel/ws_ros2/install/px4_msgs/include/px4_msgs/px4_msgs/msg/detail/npfg_status__type_support.c\n'}
[5.991297] (px4_msgs) StdoutLine: {'line': b'-- Up-to-date: /home/pavel/ws_ros2/install/px4_msgs/include/px4_msgs/px4_msgs/msg/detail/arming_check_reply__type_support.c\n'}
[5.991356] (px4_msgs) StdoutLine: {'line': b'-- Up-to-date: /home/pavel/ws_ros2/install/px4_msgs/include/px4_msgs/px4_msgs/msg/detail/fuel_tank_status__rosidl_typesupport_introspection_c.h\n'}
[5.991415] (px4_msgs) StdoutLine: {'line': b'-- Up-to-date: /home/pavel/ws_ros2/install/px4_msgs/include/px4_msgs/px4_msgs/msg/detail/vtol_vehicle_status__type_support.c\n'}
[5.991475] (px4_msgs) StdoutLine: {'line': b'-- Up-to-date: /home/pavel/ws_ros2/install/px4_msgs/include/px4_msgs/px4_msgs/msg/detail/buffer128__type_support.c\n'}
[5.991534] (px4_msgs) StdoutLine: {'line': b'-- Up-to-date: /home/pavel/ws_ros2/install/px4_msgs/include/px4_msgs/px4_msgs/msg/detail/vehicle_imu_status__rosidl_typesupport_introspection_c.h\n'}
[5.991602] (px4_msgs) StdoutLine: {'line': b'-- Up-to-date: /home/pavel/ws_ros2/install/px4_msgs/include/px4_msgs/px4_msgs/msg/detail/internal_combustion_engine_status__rosidl_typesupport_introspection_c.h\n'}
[5.991667] (px4_msgs) StdoutLine: {'line': b'-- Up-to-date: /home/pavel/ws_ros2/install/px4_msgs/include/px4_msgs/px4_msgs/msg/detail/geofence_status__rosidl_typesupport_introspection_c.h\n'}
[5.991726] (px4_msgs) StdoutLine: {'line': b'-- Up-to-date: /home/pavel/ws_ros2/install/px4_msgs/include/px4_msgs/px4_msgs/msg/detail/timesync_status__type_support.c\n'}
[5.991786] (px4_msgs) StdoutLine: {'line': b'-- Up-to-date: /home/pavel/ws_ros2/install/px4_msgs/include/px4_msgs/px4_msgs/msg/detail/vehicle_command__type_support.c\n'}
[5.991846] (px4_msgs) StdoutLine: {'line': b'-- Up-to-date: /home/pavel/ws_ros2/install/px4_msgs/include/px4_msgs/px4_msgs/msg/detail/esc_report__type_support.c\n'}
[5.991916] (px4_msgs) StdoutLine: {'line': b'-- Up-to-date: /home/pavel/ws_ros2/install/px4_msgs/include/px4_msgs/px4_msgs/msg/detail/internal_combustion_engine_status__type_support.c\n'}
[5.991976] (px4_msgs) StdoutLine: {'line': b'-- Up-to-date: /home/pavel/ws_ros2/install/px4_msgs/include/px4_msgs/px4_msgs/msg/detail/mag_worker_data__rosidl_typesupport_introspection_c.h\n'}
[5.992035] (px4_msgs) StdoutLine: {'line': b'-- Up-to-date: /home/pavel/ws_ros2/install/px4_msgs/include/px4_msgs/px4_msgs/msg/detail/button_event__type_support.c\n'}
[5.992094] (px4_msgs) StdoutLine: {'line': b'-- Up-to-date: /home/pavel/ws_ros2/install/px4_msgs/include/px4_msgs/px4_msgs/msg/detail/gpio_request__type_support.c\n'}
[5.992154] (px4_msgs) StdoutLine: {'line': b'-- Up-to-date: /home/pavel/ws_ros2/install/px4_msgs/include/px4_msgs/px4_msgs/msg/detail/landing_gear__rosidl_typesupport_introspection_c.h\n'}
[5.992213] (px4_msgs) StdoutLine: {'line': b'-- Up-to-date: /home/pavel/ws_ros2/install/px4_msgs/include/px4_msgs/px4_msgs/msg/detail/vehicle_trajectory_bezier__rosidl_typesupport_introspection_c.h\n'}
[5.992272] (px4_msgs) StdoutLine: {'line': b'-- Up-to-date: /home/pavel/ws_ros2/install/px4_msgs/include/px4_msgs/px4_msgs/msg/detail/vehicle_constraints__type_support.c\n'}
[5.992334] (px4_msgs) StdoutLine: {'line': b'-- Up-to-date: /home/pavel/ws_ros2/install/px4_msgs/include/px4_msgs/px4_msgs/msg/detail/config_overrides__rosidl_typesupport_introspection_c.h\n'}
[5.992395] (px4_msgs) StdoutLine: {'line': b'-- Up-to-date: /home/pavel/ws_ros2/install/px4_msgs/include/px4_msgs/px4_msgs/msg/detail/gimbal_manager_set_manual_control__rosidl_typesupport_introspection_c.h\n'}
[5.992454] (px4_msgs) StdoutLine: {'line': b'-- Up-to-date: /home/pavel/ws_ros2/install/px4_msgs/include/px4_msgs/px4_msgs/msg/detail/vehicle_local_position_setpoint__rosidl_typesupport_introspection_c.h\n'}
[5.992514] (px4_msgs) StdoutLine: {'line': b'-- Up-to-date: /home/pavel/ws_ros2/install/px4_msgs/include/px4_msgs/px4_msgs/msg/detail/parameter_reset_request__rosidl_typesupport_introspection_c.h\n'}
[5.992573] (px4_msgs) StdoutLine: {'line': b'-- Up-to-date: /home/pavel/ws_ros2/install/px4_msgs/include/px4_msgs/px4_msgs/msg/detail/ulog_stream_ack__type_support.c\n'}
[5.992644] (px4_msgs) StdoutLine: {'line': b'-- Up-to-date: /home/pavel/ws_ros2/install/px4_msgs/include/px4_msgs/px4_msgs/msg/detail/vehicle_global_position__rosidl_typesupport_introspection_c.h\n'}
[5.992705] (px4_msgs) StdoutLine: {'line': b'-- Up-to-date: /home/pavel/ws_ros2/install/px4_msgs/include/px4_msgs/px4_msgs/msg/detail/vehicle_air_data__rosidl_typesupport_introspection_c.h\n'}
[5.992764] (px4_msgs) StdoutLine: {'line': b'-- Up-to-date: /home/pavel/ws_ros2/install/px4_msgs/include/px4_msgs/px4_msgs/msg/detail/parameter_set_value_request__rosidl_typesupport_introspection_c.h\n'}
[5.992824] (px4_msgs) StdoutLine: {'line': b'-- Up-to-date: /home/pavel/ws_ros2/install/px4_msgs/include/px4_msgs/px4_msgs/msg/detail/unregister_ext_component__type_support.c\n'}
[5.992883] (px4_msgs) StdoutLine: {'line': b'-- Up-to-date: /home/pavel/ws_ros2/install/px4_msgs/include/px4_msgs/px4_msgs/msg/detail/orb_test__rosidl_typesupport_introspection_c.h\n'}
[5.992942] (px4_msgs) StdoutLine: {'line': b'-- Up-to-date: /home/pavel/ws_ros2/install/px4_msgs/include/px4_msgs/px4_msgs/msg/detail/estimator_aid_source3d__type_support.c\n'}
[5.993002] (px4_msgs) StdoutLine: {'line': b'-- Up-to-date: /home/pavel/ws_ros2/install/px4_msgs/include/px4_msgs/px4_msgs/msg/detail/ping__rosidl_typesupport_introspection_c.h\n'}
[5.993061] (px4_msgs) StdoutLine: {'line': b'-- Up-to-date: /home/pavel/ws_ros2/install/px4_msgs/include/px4_msgs/px4_msgs/msg/detail/sensor_gps__rosidl_typesupport_introspection_c.h\n'}
[5.993120] (px4_msgs) StdoutLine: {'line': b'-- Up-to-date: /home/pavel/ws_ros2/install/px4_msgs/include/px4_msgs/px4_msgs/msg/detail/power_monitor__type_support.c\n'}
[5.993180] (px4_msgs) StdoutLine: {'line': b'-- Up-to-date: /home/pavel/ws_ros2/install/px4_msgs/include/px4_msgs/px4_msgs/msg/detail/event__rosidl_typesupport_introspection_c.h\n'}
[5.993244] (px4_msgs) StdoutLine: {'line': b'-- Up-to-date: /home/pavel/ws_ros2/install/px4_msgs/include/px4_msgs/px4_msgs/msg/detail/px4io_status__type_support.c\n'}
[5.993303] (px4_msgs) StdoutLine: {'line': b'-- Up-to-date: /home/pavel/ws_ros2/install/px4_msgs/include/px4_msgs/px4_msgs/msg/detail/esc_status__type_support.c\n'}
[5.993363] (px4_msgs) StdoutLine: {'line': b'-- Up-to-date: /home/pavel/ws_ros2/install/px4_msgs/include/px4_msgs/px4_msgs/msg/detail/debug_array__type_support.c\n'}
[5.993422] (px4_msgs) StdoutLine: {'line': b'-- Up-to-date: /home/pavel/ws_ros2/install/px4_msgs/include/px4_msgs/px4_msgs/msg/detail/pps_capture__rosidl_typesupport_introspection_c.h\n'}
[5.993481] (px4_msgs) StdoutLine: {'line': b'-- Up-to-date: /home/pavel/ws_ros2/install/px4_msgs/include/px4_msgs/px4_msgs/msg/detail/actuator_servos__rosidl_typesupport_introspection_c.h\n'}
[5.993541] (px4_msgs) StdoutLine: {'line': b'-- Up-to-date: /home/pavel/ws_ros2/install/px4_msgs/include/px4_msgs/px4_msgs/msg/detail/collision_report__rosidl_typesupport_introspection_c.h\n'}
[5.993609] (px4_msgs) StdoutLine: {'line': b'-- Up-to-date: /home/pavel/ws_ros2/install/px4_msgs/include/px4_msgs/px4_msgs/msg/detail/system_power__type_support.c\n'}
[5.993672] (px4_msgs) StdoutLine: {'line': b'-- Up-to-date: /home/pavel/ws_ros2/install/px4_msgs/include/px4_msgs/px4_msgs/msg/detail/vehicle_status__type_support.c\n'}
[5.993740] (px4_msgs) StdoutLine: {'line': b'-- Up-to-date: /home/pavel/ws_ros2/install/px4_msgs/include/px4_msgs/px4_msgs/msg/detail/radio_status__type_support.c\n'}
[5.993800] (px4_msgs) StdoutLine: {'line': b'-- Up-to-date: /home/pavel/ws_ros2/install/px4_msgs/include/px4_msgs/px4_msgs/msg/detail/heater_status__type_support.c\n'}
[5.993859] (px4_msgs) StdoutLine: {'line': b'-- Up-to-date: /home/pavel/ws_ros2/install/px4_msgs/include/px4_msgs/px4_msgs/msg/detail/sensor_accel__type_support.c\n'}
[5.993918] (px4_msgs) StdoutLine: {'line': b'-- Up-to-date: /home/pavel/ws_ros2/install/px4_msgs/include/px4_msgs/px4_msgs/msg/detail/uavcan_parameter_request__type_support.c\n'}
[5.993977] (px4_msgs) StdoutLine: {'line': b'-- Up-to-date: /home/pavel/ws_ros2/install/px4_msgs/include/px4_msgs/px4_msgs/msg/detail/mode_completed__rosidl_typesupport_introspection_c.h\n'}
[5.994040] (px4_msgs) StdoutLine: {'line': b'-- Up-to-date: /home/pavel/ws_ros2/install/px4_msgs/include/px4_msgs/px4_msgs/msg/detail/action_request__type_support.c\n'}
[5.994100] (px4_msgs) StdoutLine: {'line': b'-- Up-to-date: /home/pavel/ws_ros2/install/px4_msgs/include/px4_msgs/px4_msgs/msg/detail/transponder_report__rosidl_typesupport_introspection_c.h\n'}
[5.994159] (px4_msgs) StdoutLine: {'line': b'-- Up-to-date: /home/pavel/ws_ros2/install/px4_msgs/include/px4_msgs/px4_msgs/msg/detail/gimbal_device_information__type_support.c\n'}
[5.994219] (px4_msgs) StdoutLine: {'line': b'-- Up-to-date: /home/pavel/ws_ros2/install/px4_msgs/include/px4_msgs/px4_msgs/msg/detail/power_button_state__type_support.c\n'}
[5.994278] (px4_msgs) StdoutLine: {'line': b'-- Up-to-date: /home/pavel/ws_ros2/install/px4_msgs/include/px4_msgs/px4_msgs/msg/detail/hover_thrust_estimate__rosidl_typesupport_introspection_c.h\n'}
[5.994338] (px4_msgs) StdoutLine: {'line': b'-- Up-to-date: /home/pavel/ws_ros2/install/px4_msgs/include/px4_msgs/px4_msgs/msg/detail/sensor_airflow__type_support.c\n'}
[5.994569] (px4_msgs) StdoutLine: {'line': b'-- Up-to-date: /home/pavel/ws_ros2/install/px4_msgs/include/px4_msgs/px4_msgs/msg/detail/camera_capture__rosidl_typesupport_introspection_c.h\n'}
[5.994642] (px4_msgs) StdoutLine: {'line': b'-- Up-to-date: /home/pavel/ws_ros2/install/px4_msgs/include/px4_msgs/px4_msgs/msg/detail/manual_control_switches__type_support.c\n'}
[5.994713] (px4_msgs) StdoutLine: {'line': b'-- Up-to-date: /home/pavel/ws_ros2/install/px4_msgs/include/px4_msgs/px4_msgs/msg/detail/parameter_set_value_response__rosidl_typesupport_introspection_c.h\n'}
[5.994791] (px4_msgs) StdoutLine: {'line': b'-- Up-to-date: /home/pavel/ws_ros2/install/px4_msgs/include/px4_msgs/px4_msgs/msg/detail/message_format_response__rosidl_typesupport_introspection_c.h\n'}
[5.994867] (px4_msgs) StdoutLine: {'line': b'-- Up-to-date: /home/pavel/ws_ros2/install/px4_msgs/include/px4_msgs/px4_msgs/msg/detail/vehicle_optical_flow_vel__rosidl_typesupport_introspection_c.h\n'}
[5.994916] (px4_msgs) StdoutLine: {'line': b'-- Up-to-date: /home/pavel/ws_ros2/install/px4_msgs/include/px4_msgs/px4_msgs/msg/detail/vehicle_magnetometer__type_support.c\n'}
[5.994965] (px4_msgs) StdoutLine: {'line': b'-- Up-to-date: /home/pavel/ws_ros2/install/px4_msgs/include/px4_msgs/px4_msgs/msg/detail/estimator_innovations__type_support.c\n'}
[5.995026] (px4_msgs) StdoutLine: {'line': b'-- Up-to-date: /home/pavel/ws_ros2/install/px4_msgs/include/px4_msgs/px4_msgs/msg/detail/irlock_report__rosidl_typesupport_introspection_c.h\n'}
[5.995072] (px4_msgs) StdoutLine: {'line': b'-- Up-to-date: /home/pavel/ws_ros2/install/px4_msgs/include/px4_msgs/px4_msgs/msg/detail/offboard_control_mode__type_support.c\n'}
[5.995119] (px4_msgs) StdoutLine: {'line': b'-- Up-to-date: /home/pavel/ws_ros2/install/px4_msgs/include/px4_msgs/px4_msgs/msg/detail/fuel_tank_status__type_support.c\n'}
[5.995165] (px4_msgs) StdoutLine: {'line': b'-- Up-to-date: /home/pavel/ws_ros2/install/px4_msgs/include/px4_msgs/px4_msgs/msg/detail/sensor_combined__rosidl_typesupport_introspection_c.h\n'}
[5.995210] (px4_msgs) StdoutLine: {'line': b'-- Up-to-date: /home/pavel/ws_ros2/install/px4_msgs/include/px4_msgs/px4_msgs/msg/detail/manual_control_switches__rosidl_typesupport_introspection_c.h\n'}
[5.995255] (px4_msgs) StdoutLine: {'line': b'-- Up-to-date: /home/pavel/ws_ros2/install/px4_msgs/include/px4_msgs/px4_msgs/msg/detail/gimbal_device_attitude_status__rosidl_typesupport_introspection_c.h\n'}
[5.995302] (px4_msgs) StdoutLine: {'line': b'-- Up-to-date: /home/pavel/ws_ros2/install/px4_msgs/include/px4_msgs/px4_msgs/msg/detail/normalized_unsigned_setpoint__rosidl_typesupport_introspection_c.h\n'}
[5.995348] (px4_msgs) StdoutLine: {'line': b'-- Up-to-date: /home/pavel/ws_ros2/install/px4_msgs/include/px4_msgs/px4_msgs/msg/detail/sensor_baro__type_support.c\n'}
[5.995393] (px4_msgs) StdoutLine: {'line': b'-- Up-to-date: /home/pavel/ws_ros2/install/px4_msgs/include/px4_msgs/px4_msgs/msg/detail/wind__rosidl_typesupport_introspection_c.h\n'}
[5.995459] (px4_msgs) StdoutLine: {'line': b'-- Up-to-date: /home/pavel/ws_ros2/install/px4_msgs/include/px4_msgs/px4_msgs/msg/detail/dataman_request__rosidl_typesupport_introspection_c.h\n'}
[5.995505] (px4_msgs) StdoutLine: {'line': b'-- Up-to-date: /home/pavel/ws_ros2/install/px4_msgs/include/px4_msgs/px4_msgs/msg/detail/parameter_set_used_request__type_support.c\n'}
[5.995567] (px4_msgs) StdoutLine: {'line': b'-- Up-to-date: /home/pavel/ws_ros2/install/px4_msgs/include/px4_msgs/px4_msgs/msg/detail/sensor_gyro__type_support.c\n'}
[5.995646] (px4_msgs) StdoutLine: {'line': b'-- Up-to-date: /home/pavel/ws_ros2/install/px4_msgs/include/px4_msgs/px4_msgs/msg/detail/vehicle_angular_acceleration_setpoint__type_support.c\n'}
[5.995713] (px4_msgs) StdoutLine: {'line': b'-- Up-to-date: /home/pavel/ws_ros2/install/px4_msgs/include/px4_msgs/px4_msgs/msg/detail/orbit_status__rosidl_typesupport_introspection_c.h\n'}
[5.995760] (px4_msgs) StdoutLine: {'line': b'-- Up-to-date: /home/pavel/ws_ros2/install/px4_msgs/include/px4_msgs/px4_msgs/msg/rosidl_typesupport_introspection_c__visibility_control.h\n'}
[5.995815] (px4_msgs) StdoutLine: {'line': b'-- Up-to-date: /home/pavel/ws_ros2/install/px4_msgs/lib/libpx4_msgs__rosidl_typesupport_introspection_c.so\n'}
[5.995865] (px4_msgs) StdoutLine: {'line': b'-- Up-to-date: /home/pavel/ws_ros2/install/px4_msgs/lib/libpx4_msgs__rosidl_typesupport_c.so\n'}
[5.995915] (px4_msgs) StdoutLine: {'line': b'-- Up-to-date: /home/pavel/ws_ros2/install/px4_msgs/include/px4_msgs/px4_msgs\n'}
[5.995964] (px4_msgs) StdoutLine: {'line': b'-- Up-to-date: /home/pavel/ws_ros2/install/px4_msgs/include/px4_msgs/px4_msgs/srv\n'}
[5.996012] (px4_msgs) StdoutLine: {'line': b'-- Up-to-date: /home/pavel/ws_ros2/install/px4_msgs/include/px4_msgs/px4_msgs/srv/detail\n'}
[5.996065] (px4_msgs) StdoutLine: {'line': b'-- Up-to-date: /home/pavel/ws_ros2/install/px4_msgs/include/px4_msgs/px4_msgs/srv/detail/vehicle_command__rosidl_typesupport_introspection_cpp.hpp\n'}
[5.996112] (px4_msgs) StdoutLine: {'line': b'-- Up-to-date: /home/pavel/ws_ros2/install/px4_msgs/include/px4_msgs/px4_msgs/srv/detail/vehicle_command__type_support.cpp\n'}
[5.996159] (px4_msgs) StdoutLine: {'line': b'-- Up-to-date: /home/pavel/ws_ros2/install/px4_msgs/include/px4_msgs/px4_msgs/msg\n'}
[5.996206] (px4_msgs) StdoutLine: {'line': b'-- Up-to-date: /home/pavel/ws_ros2/install/px4_msgs/include/px4_msgs/px4_msgs/msg/detail\n'}
[5.996251] (px4_msgs) StdoutLine: {'line': b'-- Up-to-date: /home/pavel/ws_ros2/install/px4_msgs/include/px4_msgs/px4_msgs/msg/detail/estimator_event_flags__type_support.cpp\n'}
[5.996298] (px4_msgs) StdoutLine: {'line': b'-- Up-to-date: /home/pavel/ws_ros2/install/px4_msgs/include/px4_msgs/px4_msgs/msg/detail/vehicle_global_position__rosidl_typesupport_introspection_cpp.hpp\n'}
[5.996344] (px4_msgs) StdoutLine: {'line': b'-- Up-to-date: /home/pavel/ws_ros2/install/px4_msgs/include/px4_msgs/px4_msgs/msg/detail/figure_eight_status__rosidl_typesupport_introspection_cpp.hpp\n'}
[5.996391] (px4_msgs) StdoutLine: {'line': b'-- Up-to-date: /home/pavel/ws_ros2/install/px4_msgs/include/px4_msgs/px4_msgs/msg/detail/collision_report__type_support.cpp\n'}
[5.996438] (px4_msgs) StdoutLine: {'line': b'-- Up-to-date: /home/pavel/ws_ros2/install/px4_msgs/include/px4_msgs/px4_msgs/msg/detail/gpio_config__rosidl_typesupport_introspection_cpp.hpp\n'}
[5.996484] (px4_msgs) StdoutLine: {'line': b'-- Up-to-date: /home/pavel/ws_ros2/install/px4_msgs/include/px4_msgs/px4_msgs/msg/detail/sensor_airflow__rosidl_typesupport_introspection_cpp.hpp\n'}
[5.996547] (px4_msgs) StdoutLine: {'line': b'-- Up-to-date: /home/pavel/ws_ros2/install/px4_msgs/include/px4_msgs/px4_msgs/msg/detail/estimator_aid_source3d__rosidl_typesupport_introspection_cpp.hpp\n'}
[5.996620] (px4_msgs) StdoutLine: {'line': b'-- Up-to-date: /home/pavel/ws_ros2/install/px4_msgs/include/px4_msgs/px4_msgs/msg/detail/mag_worker_data__type_support.cpp\n'}
[5.996674] (px4_msgs) StdoutLine: {'line': b'-- Up-to-date: /home/pavel/ws_ros2/install/px4_msgs/include/px4_msgs/px4_msgs/msg/detail/offboard_control_mode__type_support.cpp\n'}
[5.996721] (px4_msgs) StdoutLine: {'line': b'-- Up-to-date: /home/pavel/ws_ros2/install/px4_msgs/include/px4_msgs/px4_msgs/msg/detail/follow_target_status__rosidl_typesupport_introspection_cpp.hpp\n'}
[5.996768] (px4_msgs) StdoutLine: {'line': b'-- Up-to-date: /home/pavel/ws_ros2/install/px4_msgs/include/px4_msgs/px4_msgs/msg/detail/camera_status__type_support.cpp\n'}
[5.996856] (px4_msgs) StdoutLine: {'line': b'-- Up-to-date: /home/pavel/ws_ros2/install/px4_msgs/include/px4_msgs/px4_msgs/msg/detail/debug_array__type_support.cpp\n'}
[5.996944] (px4_msgs) StdoutLine: {'line': b'-- Up-to-date: /home/pavel/ws_ros2/install/px4_msgs/include/px4_msgs/px4_msgs/msg/detail/rpm__type_support.cpp\n'}
[5.997008] (px4_msgs) StdoutLine: {'line': b'-- Up-to-date: /home/pavel/ws_ros2/install/px4_msgs/include/px4_msgs/px4_msgs/msg/detail/cellular_status__rosidl_typesupport_introspection_cpp.hpp\n'}
[5.997052] (px4_msgs) StdoutLine: {'line': b'-- Up-to-date: /home/pavel/ws_ros2/install/px4_msgs/include/px4_msgs/px4_msgs/msg/detail/arming_check_request__type_support.cpp\n'}
[5.997097] (px4_msgs) StdoutLine: {'line': b'-- Up-to-date: /home/pavel/ws_ros2/install/px4_msgs/include/px4_msgs/px4_msgs/msg/detail/ulog_stream_ack__rosidl_typesupport_introspection_cpp.hpp\n'}
[5.997142] (px4_msgs) StdoutLine: {'line': b'-- Up-to-date: /home/pavel/ws_ros2/install/px4_msgs/include/px4_msgs/px4_msgs/msg/detail/mode_completed__rosidl_typesupport_introspection_cpp.hpp\n'}
[5.997188] (px4_msgs) StdoutLine: {'line': b'-- Up-to-date: /home/pavel/ws_ros2/install/px4_msgs/include/px4_msgs/px4_msgs/msg/detail/manual_control_setpoint__rosidl_typesupport_introspection_cpp.hpp\n'}
[5.997234] (px4_msgs) StdoutLine: {'line': b'-- Up-to-date: /home/pavel/ws_ros2/install/px4_msgs/include/px4_msgs/px4_msgs/msg/detail/sensor_gps__rosidl_typesupport_introspection_cpp.hpp\n'}
[5.997302] (px4_msgs) StdoutLine: {'line': b'-- Up-to-date: /home/pavel/ws_ros2/install/px4_msgs/include/px4_msgs/px4_msgs/msg/detail/power_button_state__rosidl_typesupport_introspection_cpp.hpp\n'}
[5.997348] (px4_msgs) StdoutLine: {'line': b'-- Up-to-date: /home/pavel/ws_ros2/install/px4_msgs/include/px4_msgs/px4_msgs/msg/detail/gimbal_manager_set_manual_control__type_support.cpp\n'}
[5.997407] (px4_msgs) StdoutLine: {'line': b'-- Up-to-date: /home/pavel/ws_ros2/install/px4_msgs/include/px4_msgs/px4_msgs/msg/detail/estimator_gps_status__type_support.cpp\n'}
[5.997461] (px4_msgs) StdoutLine: {'line': b'-- Up-to-date: /home/pavel/ws_ros2/install/px4_msgs/include/px4_msgs/px4_msgs/msg/detail/rover_ackermann_guidance_status__type_support.cpp\n'}
[5.997509] (px4_msgs) StdoutLine: {'line': b'-- Up-to-date: /home/pavel/ws_ros2/install/px4_msgs/include/px4_msgs/px4_msgs/msg/detail/arming_check_reply__type_support.cpp\n'}
[5.997553] (px4_msgs) StdoutLine: {'line': b'-- Up-to-date: /home/pavel/ws_ros2/install/px4_msgs/include/px4_msgs/px4_msgs/msg/detail/vehicle_trajectory_bezier__rosidl_typesupport_introspection_cpp.hpp\n'}
[5.997644] (px4_msgs) StdoutLine: {'line': b'-- Up-to-date: /home/pavel/ws_ros2/install/px4_msgs/include/px4_msgs/px4_msgs/msg/detail/distance_sensor__type_support.cpp\n'}
[5.997692] (px4_msgs) StdoutLine: {'line': b'-- Up-to-date: /home/pavel/ws_ros2/install/px4_msgs/include/px4_msgs/px4_msgs/msg/detail/estimator_aid_source2d__type_support.cpp\n'}
[5.997736] (px4_msgs) StdoutLine: {'line': b'-- Up-to-date: /home/pavel/ws_ros2/install/px4_msgs/include/px4_msgs/px4_msgs/msg/detail/log_message__type_support.cpp\n'}
[5.997780] (px4_msgs) StdoutLine: {'line': b'-- Up-to-date: /home/pavel/ws_ros2/install/px4_msgs/include/px4_msgs/px4_msgs/msg/detail/wheel_encoders__rosidl_typesupport_introspection_cpp.hpp\n'}
[5.997824] (px4_msgs) StdoutLine: {'line': b'-- Up-to-date: /home/pavel/ws_ros2/install/px4_msgs/include/px4_msgs/px4_msgs/msg/detail/system_power__rosidl_typesupport_introspection_cpp.hpp\n'}
[5.997868] (px4_msgs) StdoutLine: {'line': b'-- Up-to-date: /home/pavel/ws_ros2/install/px4_msgs/include/px4_msgs/px4_msgs/msg/detail/onboard_computer_status__type_support.cpp\n'}
[5.997913] (px4_msgs) StdoutLine: {'line': b'-- Up-to-date: /home/pavel/ws_ros2/install/px4_msgs/include/px4_msgs/px4_msgs/msg/detail/gimbal_manager_set_attitude__type_support.cpp\n'}
[5.997958] (px4_msgs) StdoutLine: {'line': b'-- Up-to-date: /home/pavel/ws_ros2/install/px4_msgs/include/px4_msgs/px4_msgs/msg/detail/orb_test__type_support.cpp\n'}
[5.998003] (px4_msgs) StdoutLine: {'line': b'-- Up-to-date: /home/pavel/ws_ros2/install/px4_msgs/include/px4_msgs/px4_msgs/msg/detail/vehicle_acceleration__rosidl_typesupport_introspection_cpp.hpp\n'}
[5.998048] (px4_msgs) StdoutLine: {'line': b'-- Up-to-date: /home/pavel/ws_ros2/install/px4_msgs/include/px4_msgs/px4_msgs/msg/detail/yaw_estimator_status__rosidl_typesupport_introspection_cpp.hpp\n'}
[5.998093] (px4_msgs) StdoutLine: {'line': b'-- Up-to-date: /home/pavel/ws_ros2/install/px4_msgs/include/px4_msgs/px4_msgs/msg/detail/onboard_computer_status__rosidl_typesupport_introspection_cpp.hpp\n'}
[5.998137] (px4_msgs) StdoutLine: {'line': b'-- Up-to-date: /home/pavel/ws_ros2/install/px4_msgs/include/px4_msgs/px4_msgs/msg/detail/position_setpoint_triplet__rosidl_typesupport_introspection_cpp.hpp\n'}
[5.998183] (px4_msgs) StdoutLine: {'line': b'-- Up-to-date: /home/pavel/ws_ros2/install/px4_msgs/include/px4_msgs/px4_msgs/msg/detail/timesync_status__rosidl_typesupport_introspection_cpp.hpp\n'}
[5.998228] (px4_msgs) StdoutLine: {'line': b'-- Up-to-date: /home/pavel/ws_ros2/install/px4_msgs/include/px4_msgs/px4_msgs/msg/detail/follow_target_estimator__rosidl_typesupport_introspection_cpp.hpp\n'}
[5.998273] (px4_msgs) StdoutLine: {'line': b'-- Up-to-date: /home/pavel/ws_ros2/install/px4_msgs/include/px4_msgs/px4_msgs/msg/detail/mavlink_tunnel__type_support.cpp\n'}
[5.998318] (px4_msgs) StdoutLine: {'line': b'-- Up-to-date: /home/pavel/ws_ros2/install/px4_msgs/include/px4_msgs/px4_msgs/msg/detail/vehicle_magnetometer__type_support.cpp\n'}
[5.998367] (px4_msgs) StdoutLine: {'line': b'-- Up-to-date: /home/pavel/ws_ros2/install/px4_msgs/include/px4_msgs/px4_msgs/msg/detail/parameter_set_value_request__rosidl_typesupport_introspection_cpp.hpp\n'}
[5.998412] (px4_msgs) StdoutLine: {'line': b'-- Up-to-date: /home/pavel/ws_ros2/install/px4_msgs/include/px4_msgs/px4_msgs/msg/detail/uavcan_parameter_value__type_support.cpp\n'}
[5.998457] (px4_msgs) StdoutLine: {'line': b'-- Up-to-date: /home/pavel/ws_ros2/install/px4_msgs/include/px4_msgs/px4_msgs/msg/detail/estimator_aid_source3d__type_support.cpp\n'}
[5.998502] (px4_msgs) StdoutLine: {'line': b'-- Up-to-date: /home/pavel/ws_ros2/install/px4_msgs/include/px4_msgs/px4_msgs/msg/detail/manual_control_switches__rosidl_typesupport_introspection_cpp.hpp\n'}
[5.998547] (px4_msgs) StdoutLine: {'line': b'-- Up-to-date: /home/pavel/ws_ros2/install/px4_msgs/include/px4_msgs/px4_msgs/msg/detail/logger_status__type_support.cpp\n'}
[5.998596] (px4_msgs) StdoutLine: {'line': b'-- Up-to-date: /home/pavel/ws_ros2/install/px4_msgs/include/px4_msgs/px4_msgs/msg/detail/register_ext_component_request__rosidl_typesupport_introspection_cpp.hpp\n'}
[5.998646] (px4_msgs) StdoutLine: {'line': b'-- Up-to-date: /home/pavel/ws_ros2/install/px4_msgs/include/px4_msgs/px4_msgs/msg/detail/qshell_retval__type_support.cpp\n'}
[5.998693] (px4_msgs) StdoutLine: {'line': b'-- Up-to-date: /home/pavel/ws_ros2/install/px4_msgs/include/px4_msgs/px4_msgs/msg/detail/gpio_out__rosidl_typesupport_introspection_cpp.hpp\n'}
[5.998741] (px4_msgs) StdoutLine: {'line': b'-- Up-to-date: /home/pavel/ws_ros2/install/px4_msgs/include/px4_msgs/px4_msgs/msg/detail/normalized_unsigned_setpoint__rosidl_typesupport_introspection_cpp.hpp\n'}
[5.998794] (px4_msgs) StdoutLine: {'line': b'-- Up-to-date: /home/pavel/ws_ros2/install/px4_msgs/include/px4_msgs/px4_msgs/msg/detail/landing_gear__type_support.cpp\n'}
[5.998839] (px4_msgs) StdoutLine: {'line': b'-- Up-to-date: /home/pavel/ws_ros2/install/px4_msgs/include/px4_msgs/px4_msgs/msg/detail/actuator_servos_trim__type_support.cpp\n'}
[5.998883] (px4_msgs) StdoutLine: {'line': b'-- Up-to-date: /home/pavel/ws_ros2/install/px4_msgs/include/px4_msgs/px4_msgs/msg/detail/esc_report__rosidl_typesupport_introspection_cpp.hpp\n'}
[5.998928] (px4_msgs) StdoutLine: {'line': b'-- Up-to-date: /home/pavel/ws_ros2/install/px4_msgs/include/px4_msgs/px4_msgs/msg/detail/health_report__rosidl_typesupport_introspection_cpp.hpp\n'}
[5.998972] (px4_msgs) StdoutLine: {'line': b'-- Up-to-date: /home/pavel/ws_ros2/install/px4_msgs/include/px4_msgs/px4_msgs/msg/detail/gpio_config__type_support.cpp\n'}
[5.999016] (px4_msgs) StdoutLine: {'line': b'-- Up-to-date: /home/pavel/ws_ros2/install/px4_msgs/include/px4_msgs/px4_msgs/msg/detail/gripper__type_support.cpp\n'}
[5.999060] (px4_msgs) StdoutLine: {'line': b'-- Up-to-date: /home/pavel/ws_ros2/install/px4_msgs/include/px4_msgs/px4_msgs/msg/detail/px4io_status__type_support.cpp\n'}
[5.999105] (px4_msgs) StdoutLine: {'line': b'-- Up-to-date: /home/pavel/ws_ros2/install/px4_msgs/include/px4_msgs/px4_msgs/msg/detail/tune_control__type_support.cpp\n'}
[5.999150] (px4_msgs) StdoutLine: {'line': b'-- Up-to-date: /home/pavel/ws_ros2/install/px4_msgs/include/px4_msgs/px4_msgs/msg/detail/geofence_result__type_support.cpp\n'}
[5.999195] (px4_msgs) StdoutLine: {'line': b'-- Up-to-date: /home/pavel/ws_ros2/install/px4_msgs/include/px4_msgs/px4_msgs/msg/detail/estimator_gps_status__rosidl_typesupport_introspection_cpp.hpp\n'}
[5.999241] (px4_msgs) StdoutLine: {'line': b'-- Up-to-date: /home/pavel/ws_ros2/install/px4_msgs/include/px4_msgs/px4_msgs/msg/detail/rc_parameter_map__rosidl_typesupport_introspection_cpp.hpp\n'}
[5.999286] (px4_msgs) StdoutLine: {'line': b'-- Up-to-date: /home/pavel/ws_ros2/install/px4_msgs/include/px4_msgs/px4_msgs/msg/detail/led_control__type_support.cpp\n'}
[5.999331] (px4_msgs) StdoutLine: {'line': b'-- Up-to-date: /home/pavel/ws_ros2/install/px4_msgs/include/px4_msgs/px4_msgs/msg/detail/estimator_status_flags__type_support.cpp\n'}
[5.999381] (px4_msgs) StdoutLine: {'line': b'-- Up-to-date: /home/pavel/ws_ros2/install/px4_msgs/include/px4_msgs/px4_msgs/msg/detail/sensor_accel_fifo__rosidl_typesupport_introspection_cpp.hpp\n'}
[5.999426] (px4_msgs) StdoutLine: {'line': b'-- Up-to-date: /home/pavel/ws_ros2/install/px4_msgs/include/px4_msgs/px4_msgs/msg/detail/power_monitor__type_support.cpp\n'}
[5.999469] (px4_msgs) StdoutLine: {'line': b'-- Up-to-date: /home/pavel/ws_ros2/install/px4_msgs/include/px4_msgs/px4_msgs/msg/detail/actuator_outputs__rosidl_typesupport_introspection_cpp.hpp\n'}
[5.999513] (px4_msgs) StdoutLine: {'line': b'-- Up-to-date: /home/pavel/ws_ros2/install/px4_msgs/include/px4_msgs/px4_msgs/msg/detail/mavlink_log__rosidl_typesupport_introspection_cpp.hpp\n'}
[5.999557] (px4_msgs) StdoutLine: {'line': b'-- Up-to-date: /home/pavel/ws_ros2/install/px4_msgs/include/px4_msgs/px4_msgs/msg/detail/mission_result__rosidl_typesupport_introspection_cpp.hpp\n'}
[5.999607] (px4_msgs) StdoutLine: {'line': b'-- Up-to-date: /home/pavel/ws_ros2/install/px4_msgs/include/px4_msgs/px4_msgs/msg/detail/sensor_airflow__type_support.cpp\n'}
[5.999656] (px4_msgs) StdoutLine: {'line': b'-- Up-to-date: /home/pavel/ws_ros2/install/px4_msgs/include/px4_msgs/px4_msgs/msg/detail/actuator_servos_trim__rosidl_typesupport_introspection_cpp.hpp\n'}
[5.999702] (px4_msgs) StdoutLine: {'line': b'-- Up-to-date: /home/pavel/ws_ros2/install/px4_msgs/include/px4_msgs/px4_msgs/msg/detail/vehicle_optical_flow_vel__type_support.cpp\n'}
[5.999746] (px4_msgs) StdoutLine: {'line': b'-- Up-to-date: /home/pavel/ws_ros2/install/px4_msgs/include/px4_msgs/px4_msgs/msg/detail/can_interface_status__type_support.cpp\n'}
[5.999791] (px4_msgs) StdoutLine: {'line': b'-- Up-to-date: /home/pavel/ws_ros2/install/px4_msgs/include/px4_msgs/px4_msgs/msg/detail/airspeed__type_support.cpp\n'}
[5.999872] (px4_msgs) StdoutLine: {'line': b'-- Up-to-date: /home/pavel/ws_ros2/install/px4_msgs/include/px4_msgs/px4_msgs/msg/detail/geofence_status__rosidl_typesupport_introspection_cpp.hpp\n'}
[5.999922] (px4_msgs) StdoutLine: {'line': b'-- Up-to-date: /home/pavel/ws_ros2/install/px4_msgs/include/px4_msgs/px4_msgs/msg/detail/collision_constraints__type_support.cpp\n'}
[5.999974] (px4_msgs) StdoutLine: {'line': b'-- Up-to-date: /home/pavel/ws_ros2/install/px4_msgs/include/px4_msgs/px4_msgs/msg/detail/actuator_motors__type_support.cpp\n'}
[6.000062] (px4_msgs) StdoutLine: {'line': b'-- Up-to-date: /home/pavel/ws_ros2/install/px4_msgs/include/px4_msgs/px4_msgs/msg/detail/offboard_control_mode__rosidl_typesupport_introspection_cpp.hpp\n'}
[6.000110] (px4_msgs) StdoutLine: {'line': b'-- Up-to-date: /home/pavel/ws_ros2/install/px4_msgs/include/px4_msgs/px4_msgs/msg/detail/vehicle_status__rosidl_typesupport_introspection_cpp.hpp\n'}
[6.000163] (px4_msgs) StdoutLine: {'line': b'-- Up-to-date: /home/pavel/ws_ros2/install/px4_msgs/include/px4_msgs/px4_msgs/msg/detail/uavcan_parameter_request__type_support.cpp\n'}
[6.000210] (px4_msgs) StdoutLine: {'line': b'-- Up-to-date: /home/pavel/ws_ros2/install/px4_msgs/include/px4_msgs/px4_msgs/msg/detail/mission_result__type_support.cpp\n'}
[6.000255] (px4_msgs) StdoutLine: {'line': b'-- Up-to-date: /home/pavel/ws_ros2/install/px4_msgs/include/px4_msgs/px4_msgs/msg/detail/message_format_request__rosidl_typesupport_introspection_cpp.hpp\n'}
[6.000307] (px4_msgs) StdoutLine: {'line': b'-- Up-to-date: /home/pavel/ws_ros2/install/px4_msgs/include/px4_msgs/px4_msgs/msg/detail/sensor_gyro_fifo__type_support.cpp\n'}
[6.000354] (px4_msgs) StdoutLine: {'line': b'-- Up-to-date: /home/pavel/ws_ros2/install/px4_msgs/include/px4_msgs/px4_msgs/msg/detail/trajectory_setpoint__rosidl_typesupport_introspection_cpp.hpp\n'}
[6.000399] (px4_msgs) StdoutLine: {'line': b'-- Up-to-date: /home/pavel/ws_ros2/install/px4_msgs/include/px4_msgs/px4_msgs/msg/detail/mission__type_support.cpp\n'}
[6.000445] (px4_msgs) StdoutLine: {'line': b'-- Up-to-date: /home/pavel/ws_ros2/install/px4_msgs/include/px4_msgs/px4_msgs/msg/detail/parameter_reset_request__rosidl_typesupport_introspection_cpp.hpp\n'}
[6.000493] (px4_msgs) StdoutLine: {'line': b'-- Up-to-date: /home/pavel/ws_ros2/install/px4_msgs/include/px4_msgs/px4_msgs/msg/detail/collision_report__rosidl_typesupport_introspection_cpp.hpp\n'}
[6.000539] (px4_msgs) StdoutLine: {'line': b'-- Up-to-date: /home/pavel/ws_ros2/install/px4_msgs/include/px4_msgs/px4_msgs/msg/detail/landing_target_innovations__type_support.cpp\n'}
[6.000592] (px4_msgs) StdoutLine: {'line': b'-- Up-to-date: /home/pavel/ws_ros2/install/px4_msgs/include/px4_msgs/px4_msgs/msg/detail/vtol_vehicle_status__type_support.cpp\n'}
[6.000644] (px4_msgs) StdoutLine: {'line': b'-- Up-to-date: /home/pavel/ws_ros2/install/px4_msgs/include/px4_msgs/px4_msgs/msg/detail/pwm_input__type_support.cpp\n'}
[6.000691] (px4_msgs) StdoutLine: {'line': b'-- Up-to-date: /home/pavel/ws_ros2/install/px4_msgs/include/px4_msgs/px4_msgs/msg/detail/yaw_estimator_status__type_support.cpp\n'}
[6.000738] (px4_msgs) StdoutLine: {'line': b'-- Up-to-date: /home/pavel/ws_ros2/install/px4_msgs/include/px4_msgs/px4_msgs/msg/detail/timesync_status__type_support.cpp\n'}
[6.000784] (px4_msgs) StdoutLine: {'line': b'-- Up-to-date: /home/pavel/ws_ros2/install/px4_msgs/include/px4_msgs/px4_msgs/msg/detail/magnetometer_bias_estimate__rosidl_typesupport_introspection_cpp.hpp\n'}
[6.000830] (px4_msgs) StdoutLine: {'line': b'-- Up-to-date: /home/pavel/ws_ros2/install/px4_msgs/include/px4_msgs/px4_msgs/msg/detail/debug_value__rosidl_typesupport_introspection_cpp.hpp\n'}
[6.000875] (px4_msgs) StdoutLine: {'line': b'-- Up-to-date: /home/pavel/ws_ros2/install/px4_msgs/include/px4_msgs/px4_msgs/msg/detail/mavlink_tunnel__rosidl_typesupport_introspection_cpp.hpp\n'}
[6.000920] (px4_msgs) StdoutLine: {'line': b'-- Up-to-date: /home/pavel/ws_ros2/install/px4_msgs/include/px4_msgs/px4_msgs/msg/detail/vehicle_imu_status__rosidl_typesupport_introspection_cpp.hpp\n'}
[6.000965] (px4_msgs) StdoutLine: {'line': b'-- Up-to-date: /home/pavel/ws_ros2/install/px4_msgs/include/px4_msgs/px4_msgs/msg/detail/autotune_attitude_control_status__rosidl_typesupport_introspection_cpp.hpp\n'}
[6.001010] (px4_msgs) StdoutLine: {'line': b'-- Up-to-date: /home/pavel/ws_ros2/install/px4_msgs/include/px4_msgs/px4_msgs/msg/detail/parameter_set_used_request__type_support.cpp\n'}
[6.001055] (px4_msgs) StdoutLine: {'line': b'-- Up-to-date: /home/pavel/ws_ros2/install/px4_msgs/include/px4_msgs/px4_msgs/msg/detail/rc_parameter_map__type_support.cpp\n'}
[6.001101] (px4_msgs) StdoutLine: {'line': b'-- Up-to-date: /home/pavel/ws_ros2/install/px4_msgs/include/px4_msgs/px4_msgs/msg/detail/geofence_status__type_support.cpp\n'}
[6.001147] (px4_msgs) StdoutLine: {'line': b'-- Up-to-date: /home/pavel/ws_ros2/install/px4_msgs/include/px4_msgs/px4_msgs/msg/detail/actuator_armed__rosidl_typesupport_introspection_cpp.hpp\n'}
[6.001199] (px4_msgs) StdoutLine: {'line': b'-- Up-to-date: /home/pavel/ws_ros2/install/px4_msgs/include/px4_msgs/px4_msgs/msg/detail/trajectory_waypoint__rosidl_typesupport_introspection_cpp.hpp\n'}
[6.001249] (px4_msgs) StdoutLine: {'line': b'-- Up-to-date: /home/pavel/ws_ros2/install/px4_msgs/include/px4_msgs/px4_msgs/msg/detail/figure_eight_status__type_support.cpp\n'}
[6.001295] (px4_msgs) StdoutLine: {'line': b'-- Up-to-date: /home/pavel/ws_ros2/install/px4_msgs/include/px4_msgs/px4_msgs/msg/detail/health_report__type_support.cpp\n'}
[6.001341] (px4_msgs) StdoutLine: {'line': b'-- Up-to-date: /home/pavel/ws_ros2/install/px4_msgs/include/px4_msgs/px4_msgs/msg/detail/sensor_gnss_relative__type_support.cpp\n'}
[6.001387] (px4_msgs) StdoutLine: {'line': b'-- Up-to-date: /home/pavel/ws_ros2/install/px4_msgs/include/px4_msgs/px4_msgs/msg/detail/flight_phase_estimation__rosidl_typesupport_introspection_cpp.hpp\n'}
[6.001434] (px4_msgs) StdoutLine: {'line': b'-- Up-to-date: /home/pavel/ws_ros2/install/px4_msgs/include/px4_msgs/px4_msgs/msg/detail/position_controller_landing_status__type_support.cpp\n'}
[6.001485] (px4_msgs) StdoutLine: {'line': b'-- Up-to-date: /home/pavel/ws_ros2/install/px4_msgs/include/px4_msgs/px4_msgs/msg/detail/gpio_out__type_support.cpp\n'}
[6.001535] (px4_msgs) StdoutLine: {'line': b'-- Up-to-date: /home/pavel/ws_ros2/install/px4_msgs/include/px4_msgs/px4_msgs/msg/detail/parameter_update__rosidl_typesupport_introspection_cpp.hpp\n'}
[6.001587] (px4_msgs) StdoutLine: {'line': b'-- Up-to-date: /home/pavel/ws_ros2/install/px4_msgs/include/px4_msgs/px4_msgs/msg/detail/distance_sensor__rosidl_typesupport_introspection_cpp.hpp\n'}
[6.001637] (px4_msgs) StdoutLine: {'line': b'-- Up-to-date: /home/pavel/ws_ros2/install/px4_msgs/include/px4_msgs/px4_msgs/msg/detail/vehicle_acceleration__type_support.cpp\n'}
[6.001686] (px4_msgs) StdoutLine: {'line': b'-- Up-to-date: /home/pavel/ws_ros2/install/px4_msgs/include/px4_msgs/px4_msgs/msg/detail/vehicle_roi__type_support.cpp\n'}
[6.001738] (px4_msgs) StdoutLine: {'line': b'-- Up-to-date: /home/pavel/ws_ros2/install/px4_msgs/include/px4_msgs/px4_msgs/msg/detail/vehicle_optical_flow__type_support.cpp\n'}
[6.001783] (px4_msgs) StdoutLine: {'line': b'-- Up-to-date: /home/pavel/ws_ros2/install/px4_msgs/include/px4_msgs/px4_msgs/msg/detail/adc_report__type_support.cpp\n'}
[6.001829] (px4_msgs) StdoutLine: {'line': b'-- Up-to-date: /home/pavel/ws_ros2/install/px4_msgs/include/px4_msgs/px4_msgs/msg/detail/gimbal_device_attitude_status__rosidl_typesupport_introspection_cpp.hpp\n'}
[6.001874] (px4_msgs) StdoutLine: {'line': b'-- Up-to-date: /home/pavel/ws_ros2/install/px4_msgs/include/px4_msgs/px4_msgs/msg/detail/sensor_gyro_fft__rosidl_typesupport_introspection_cpp.hpp\n'}
[6.001919] (px4_msgs) StdoutLine: {'line': b'-- Up-to-date: /home/pavel/ws_ros2/install/px4_msgs/include/px4_msgs/px4_msgs/msg/detail/failsafe_flags__rosidl_typesupport_introspection_cpp.hpp\n'}
[6.001964] (px4_msgs) StdoutLine: {'line': b'-- Up-to-date: /home/pavel/ws_ros2/install/px4_msgs/include/px4_msgs/px4_msgs/msg/detail/trajectory_bezier__rosidl_typesupport_introspection_cpp.hpp\n'}
[6.002009] (px4_msgs) StdoutLine: {'line': b'-- Up-to-date: /home/pavel/ws_ros2/install/px4_msgs/include/px4_msgs/px4_msgs/msg/detail/vehicle_local_position_setpoint__rosidl_typesupport_introspection_cpp.hpp\n'}
[6.002055] (px4_msgs) StdoutLine: {'line': b'-- Up-to-date: /home/pavel/ws_ros2/install/px4_msgs/include/px4_msgs/px4_msgs/msg/detail/parameter_update__type_support.cpp\n'}
[6.002100] (px4_msgs) StdoutLine: {'line': b'-- Up-to-date: /home/pavel/ws_ros2/install/px4_msgs/include/px4_msgs/px4_msgs/msg/detail/gripper__rosidl_typesupport_introspection_cpp.hpp\n'}
[6.002145] (px4_msgs) StdoutLine: {'line': b'-- Up-to-date: /home/pavel/ws_ros2/install/px4_msgs/include/px4_msgs/px4_msgs/msg/detail/rtl_status__type_support.cpp\n'}
[6.002191] (px4_msgs) StdoutLine: {'line': b'-- Up-to-date: /home/pavel/ws_ros2/install/px4_msgs/include/px4_msgs/px4_msgs/msg/detail/ping__rosidl_typesupport_introspection_cpp.hpp\n'}
[6.002236] (px4_msgs) StdoutLine: {'line': b'-- Up-to-date: /home/pavel/ws_ros2/install/px4_msgs/include/px4_msgs/px4_msgs/msg/detail/power_monitor__rosidl_typesupport_introspection_cpp.hpp\n'}
[6.002282] (px4_msgs) StdoutLine: {'line': b'-- Up-to-date: /home/pavel/ws_ros2/install/px4_msgs/include/px4_msgs/px4_msgs/msg/detail/dataman_response__rosidl_typesupport_introspection_cpp.hpp\n'}
[6.002327] (px4_msgs) StdoutLine: {'line': b'-- Up-to-date: /home/pavel/ws_ros2/install/px4_msgs/include/px4_msgs/px4_msgs/msg/detail/tiltrotor_extra_controls__type_support.cpp\n'}
[6.002372] (px4_msgs) StdoutLine: {'line': b'-- Up-to-date: /home/pavel/ws_ros2/install/px4_msgs/include/px4_msgs/px4_msgs/msg/detail/camera_trigger__rosidl_typesupport_introspection_cpp.hpp\n'}
[6.002417] (px4_msgs) StdoutLine: {'line': b'-- Up-to-date: /home/pavel/ws_ros2/install/px4_msgs/include/px4_msgs/px4_msgs/msg/detail/position_setpoint__rosidl_typesupport_introspection_cpp.hpp\n'}
[6.002462] (px4_msgs) StdoutLine: {'line': b'-- Up-to-date: /home/pavel/ws_ros2/install/px4_msgs/include/px4_msgs/px4_msgs/msg/detail/wheel_encoders__type_support.cpp\n'}
[6.002508] (px4_msgs) StdoutLine: {'line': b'-- Up-to-date: /home/pavel/ws_ros2/install/px4_msgs/include/px4_msgs/px4_msgs/msg/detail/airspeed_validated__rosidl_typesupport_introspection_cpp.hpp\n'}
[6.002557] (px4_msgs) StdoutLine: {'line': b'-- Up-to-date: /home/pavel/ws_ros2/install/px4_msgs/include/px4_msgs/px4_msgs/msg/detail/parameter_set_value_request__type_support.cpp\n'}
[6.002607] (px4_msgs) StdoutLine: {'line': b'-- Up-to-date: /home/pavel/ws_ros2/install/px4_msgs/include/px4_msgs/px4_msgs/msg/detail/tecs_status__type_support.cpp\n'}
[6.002658] (px4_msgs) StdoutLine: {'line': b'-- Up-to-date: /home/pavel/ws_ros2/install/px4_msgs/include/px4_msgs/px4_msgs/msg/detail/action_request__type_support.cpp\n'}
[6.002710] (px4_msgs) StdoutLine: {'line': b'-- Up-to-date: /home/pavel/ws_ros2/install/px4_msgs/include/px4_msgs/px4_msgs/msg/detail/sensors_status__rosidl_typesupport_introspection_cpp.hpp\n'}
[6.002760] (px4_msgs) StdoutLine: {'line': b'-- Up-to-date: /home/pavel/ws_ros2/install/px4_msgs/include/px4_msgs/px4_msgs/msg/detail/launch_detection_status__type_support.cpp\n'}
[6.002810] (px4_msgs) StdoutLine: {'line': b'-- Up-to-date: /home/pavel/ws_ros2/install/px4_msgs/include/px4_msgs/px4_msgs/msg/detail/rtl_status__rosidl_typesupport_introspection_cpp.hpp\n'}
[6.002856] (px4_msgs) StdoutLine: {'line': b'-- Up-to-date: /home/pavel/ws_ros2/install/px4_msgs/include/px4_msgs/px4_msgs/msg/detail/arming_check_request__rosidl_typesupport_introspection_cpp.hpp\n'}
[6.002901] (px4_msgs) StdoutLine: {'line': b'-- Up-to-date: /home/pavel/ws_ros2/install/px4_msgs/include/px4_msgs/px4_msgs/msg/detail/vehicle_local_position__rosidl_typesupport_introspection_cpp.hpp\n'}
[6.002946] (px4_msgs) StdoutLine: {'line': b'-- Up-to-date: /home/pavel/ws_ros2/install/px4_msgs/include/px4_msgs/px4_msgs/msg/detail/rc_channels__type_support.cpp\n'}
[6.002991] (px4_msgs) StdoutLine: {'line': b'-- Up-to-date: /home/pavel/ws_ros2/install/px4_msgs/include/px4_msgs/px4_msgs/msg/detail/control_allocator_status__type_support.cpp\n'}
[6.003036] (px4_msgs) StdoutLine: {'line': b'-- Up-to-date: /home/pavel/ws_ros2/install/px4_msgs/include/px4_msgs/px4_msgs/msg/detail/gpio_in__type_support.cpp\n'}
[6.003081] (px4_msgs) StdoutLine: {'line': b'-- Up-to-date: /home/pavel/ws_ros2/install/px4_msgs/include/px4_msgs/px4_msgs/msg/detail/vehicle_thrust_setpoint__rosidl_typesupport_introspection_cpp.hpp\n'}
[6.003131] (px4_msgs) StdoutLine: {'line': b'-- Up-to-date: /home/pavel/ws_ros2/install/px4_msgs/include/px4_msgs/px4_msgs/msg/detail/sensor_uwb__rosidl_typesupport_introspection_cpp.hpp\n'}
[6.003176] (px4_msgs) StdoutLine: {'line': b'-- Up-to-date: /home/pavel/ws_ros2/install/px4_msgs/include/px4_msgs/px4_msgs/msg/detail/gps_dump__rosidl_typesupport_introspection_cpp.hpp\n'}
[6.003221] (px4_msgs) StdoutLine: {'line': b'-- Up-to-date: /home/pavel/ws_ros2/install/px4_msgs/include/px4_msgs/px4_msgs/msg/detail/estimator_sensor_bias__rosidl_typesupport_introspection_cpp.hpp\n'}
[6.003266] (px4_msgs) StdoutLine: {'line': b'-- Up-to-date: /home/pavel/ws_ros2/install/px4_msgs/include/px4_msgs/px4_msgs/msg/detail/register_ext_component_reply__type_support.cpp\n'}
[6.003311] (px4_msgs) StdoutLine: {'line': b'-- Up-to-date: /home/pavel/ws_ros2/install/px4_msgs/include/px4_msgs/px4_msgs/msg/detail/gps_inject_data__rosidl_typesupport_introspection_cpp.hpp\n'}
[6.003356] (px4_msgs) StdoutLine: {'line': b'-- Up-to-date: /home/pavel/ws_ros2/install/px4_msgs/include/px4_msgs/px4_msgs/msg/detail/config_overrides__type_support.cpp\n'}
[6.003401] (px4_msgs) StdoutLine: {'line': b'-- Up-to-date: /home/pavel/ws_ros2/install/px4_msgs/include/px4_msgs/px4_msgs/msg/detail/sensor_gnss_relative__rosidl_typesupport_introspection_cpp.hpp\n'}
[6.003446] (px4_msgs) StdoutLine: {'line': b'-- Up-to-date: /home/pavel/ws_ros2/install/px4_msgs/include/px4_msgs/px4_msgs/msg/detail/vehicle_global_position__type_support.cpp\n'}
[6.003491] (px4_msgs) StdoutLine: {'line': b'-- Up-to-date: /home/pavel/ws_ros2/install/px4_msgs/include/px4_msgs/px4_msgs/msg/detail/estimator_innovations__rosidl_typesupport_introspection_cpp.hpp\n'}
[6.003536] (px4_msgs) StdoutLine: {'line': b'-- Up-to-date: /home/pavel/ws_ros2/install/px4_msgs/include/px4_msgs/px4_msgs/msg/detail/estimator_bias3d__rosidl_typesupport_introspection_cpp.hpp\n'}
[6.003589] (px4_msgs) StdoutLine: {'line': b'-- Up-to-date: /home/pavel/ws_ros2/install/px4_msgs/include/px4_msgs/px4_msgs/msg/detail/gimbal_device_attitude_status__type_support.cpp\n'}
[6.003688] (px4_msgs) StdoutLine: {'line': b'-- Up-to-date: /home/pavel/ws_ros2/install/px4_msgs/include/px4_msgs/px4_msgs/msg/detail/estimator_aid_source1d__type_support.cpp\n'}
[6.003735] (px4_msgs) StdoutLine: {'line': b'-- Up-to-date: /home/pavel/ws_ros2/install/px4_msgs/include/px4_msgs/px4_msgs/msg/detail/goto_setpoint__type_support.cpp\n'}
[6.003780] (px4_msgs) StdoutLine: {'line': b'-- Up-to-date: /home/pavel/ws_ros2/install/px4_msgs/include/px4_msgs/px4_msgs/msg/detail/velocity_limits__rosidl_typesupport_introspection_cpp.hpp\n'}
[6.003825] (px4_msgs) StdoutLine: {'line': b'-- Up-to-date: /home/pavel/ws_ros2/install/px4_msgs/include/px4_msgs/px4_msgs/msg/detail/position_setpoint_triplet__type_support.cpp\n'}
[6.003870] (px4_msgs) StdoutLine: {'line': b'-- Up-to-date: /home/pavel/ws_ros2/install/px4_msgs/include/px4_msgs/px4_msgs/msg/detail/event__rosidl_typesupport_introspection_cpp.hpp\n'}
[6.003914] (px4_msgs) StdoutLine: {'line': b'-- Up-to-date: /home/pavel/ws_ros2/install/px4_msgs/include/px4_msgs/px4_msgs/msg/detail/failure_detector_status__type_support.cpp\n'}
[6.003958] (px4_msgs) StdoutLine: {'line': b'-- Up-to-date: /home/pavel/ws_ros2/install/px4_msgs/include/px4_msgs/px4_msgs/msg/detail/mission__rosidl_typesupport_introspection_cpp.hpp\n'}
[6.004025] (px4_msgs) StdoutLine: {'line': b'-- Up-to-date: /home/pavel/ws_ros2/install/px4_msgs/include/px4_msgs/px4_msgs/msg/detail/unregister_ext_component__rosidl_typesupport_introspection_cpp.hpp\n'}
[6.004127] (px4_msgs) StdoutLine: {'line': b'-- Up-to-date: /home/pavel/ws_ros2/install/px4_msgs/include/px4_msgs/px4_msgs/msg/detail/sensor_uwb__type_support.cpp\n'}
[6.004217] (px4_msgs) StdoutLine: {'line': b'-- Up-to-date: /home/pavel/ws_ros2/install/px4_msgs/include/px4_msgs/px4_msgs/msg/detail/rate_ctrl_status__type_support.cpp\n'}
[6.004321] (px4_msgs) StdoutLine: {'line': b'-- Up-to-date: /home/pavel/ws_ros2/install/px4_msgs/include/px4_msgs/px4_msgs/msg/detail/vehicle_angular_velocity__rosidl_typesupport_introspection_cpp.hpp\n'}
[6.004403] (px4_msgs) StdoutLine: {'line': b'-- Up-to-date: /home/pavel/ws_ros2/install/px4_msgs/include/px4_msgs/px4_msgs/msg/detail/vehicle_constraints__type_support.cpp\n'}
[6.004484] (px4_msgs) StdoutLine: {'line': b'-- Up-to-date: /home/pavel/ws_ros2/install/px4_msgs/include/px4_msgs/px4_msgs/msg/detail/vehicle_optical_flow__rosidl_typesupport_introspection_cpp.hpp\n'}
[6.004583] (px4_msgs) StdoutLine: {'line': b'-- Up-to-date: /home/pavel/ws_ros2/install/px4_msgs/include/px4_msgs/px4_msgs/msg/detail/vehicle_land_detected__rosidl_typesupport_introspection_cpp.hpp\n'}
[6.004741] (px4_msgs) StdoutLine: {'line': b'-- Up-to-date: /home/pavel/ws_ros2/install/px4_msgs/include/px4_msgs/px4_msgs/msg/detail/action_request__rosidl_typesupport_introspection_cpp.hpp\n'}
[6.004827] (px4_msgs) StdoutLine: {'line': b'-- Up-to-date: /home/pavel/ws_ros2/install/px4_msgs/include/px4_msgs/px4_msgs/msg/detail/gpio_request__type_support.cpp\n'}
[6.004936] (px4_msgs) StdoutLine: {'line': b'-- Up-to-date: /home/pavel/ws_ros2/install/px4_msgs/include/px4_msgs/px4_msgs/msg/detail/vehicle_command_ack__type_support.cpp\n'}
[6.005044] (px4_msgs) StdoutLine: {'line': b'-- Up-to-date: /home/pavel/ws_ros2/install/px4_msgs/include/px4_msgs/px4_msgs/msg/detail/power_button_state__type_support.cpp\n'}
[6.005164] (px4_msgs) StdoutLine: {'line': b'-- Up-to-date: /home/pavel/ws_ros2/install/px4_msgs/include/px4_msgs/px4_msgs/msg/detail/vehicle_land_detected__type_support.cpp\n'}
[6.005270] (px4_msgs) StdoutLine: {'line': b'-- Up-to-date: /home/pavel/ws_ros2/install/px4_msgs/include/px4_msgs/px4_msgs/msg/detail/rover_ackermann_guidance_status__rosidl_typesupport_introspection_cpp.hpp\n'}
[6.005382] (px4_msgs) StdoutLine: {'line': b'-- Up-to-date: /home/pavel/ws_ros2/install/px4_msgs/include/px4_msgs/px4_msgs/msg/detail/failsafe_flags__type_support.cpp\n'}
[6.005538] (px4_msgs) StdoutLine: {'line': b'-- Up-to-date: /home/pavel/ws_ros2/install/px4_msgs/include/px4_msgs/px4_msgs/msg/detail/debug_array__rosidl_typesupport_introspection_cpp.hpp\n'}
[6.005693] (px4_msgs) StdoutLine: {'line': b'-- Up-to-date: /home/pavel/ws_ros2/install/px4_msgs/include/px4_msgs/px4_msgs/msg/detail/obstacle_distance__type_support.cpp\n'}
[6.005822] (px4_msgs) StdoutLine: {'line': b'-- Up-to-date: /home/pavel/ws_ros2/install/px4_msgs/include/px4_msgs/px4_msgs/msg/detail/dataman_request__rosidl_typesupport_introspection_cpp.hpp\n'}
[6.005911] (px4_msgs) StdoutLine: {'line': b'-- Up-to-date: /home/pavel/ws_ros2/install/px4_msgs/include/px4_msgs/px4_msgs/msg/detail/vehicle_local_position_setpoint__type_support.cpp\n'}
[6.006001] (px4_msgs) StdoutLine: {'line': b'-- Up-to-date: /home/pavel/ws_ros2/install/px4_msgs/include/px4_msgs/px4_msgs/msg/detail/vehicle_trajectory_bezier__type_support.cpp\n'}
[6.006082] (px4_msgs) StdoutLine: {'line': b'-- Up-to-date: /home/pavel/ws_ros2/install/px4_msgs/include/px4_msgs/px4_msgs/msg/detail/airspeed_wind__rosidl_typesupport_introspection_cpp.hpp\n'}
[6.006173] (px4_msgs) StdoutLine: {'line': b'-- Up-to-date: /home/pavel/ws_ros2/install/px4_msgs/include/px4_msgs/px4_msgs/msg/detail/parameter_set_value_response__rosidl_typesupport_introspection_cpp.hpp\n'}
[6.006255] (px4_msgs) StdoutLine: {'line': b'-- Up-to-date: /home/pavel/ws_ros2/install/px4_msgs/include/px4_msgs/px4_msgs/msg/detail/battery_status__type_support.cpp\n'}
[6.006363] (px4_msgs) StdoutLine: {'line': b'-- Up-to-date: /home/pavel/ws_ros2/install/px4_msgs/include/px4_msgs/px4_msgs/msg/detail/actuator_test__rosidl_typesupport_introspection_cpp.hpp\n'}
[6.006455] (px4_msgs) StdoutLine: {'line': b'-- Up-to-date: /home/pavel/ws_ros2/install/px4_msgs/include/px4_msgs/px4_msgs/msg/detail/pps_capture__rosidl_typesupport_introspection_cpp.hpp\n'}
[6.006565] (px4_msgs) StdoutLine: {'line': b'-- Up-to-date: /home/pavel/ws_ros2/install/px4_msgs/include/px4_msgs/px4_msgs/msg/detail/vehicle_angular_acceleration_setpoint__type_support.cpp\n'}
[6.006719] (px4_msgs) StdoutLine: {'line': b'-- Up-to-date: /home/pavel/ws_ros2/install/px4_msgs/include/px4_msgs/px4_msgs/msg/detail/npfg_status__rosidl_typesupport_introspection_cpp.hpp\n'}
[6.006821] (px4_msgs) StdoutLine: {'line': b'-- Up-to-date: /home/pavel/ws_ros2/install/px4_msgs/include/px4_msgs/px4_msgs/msg/detail/actuator_servos__type_support.cpp\n'}
[6.007014] (px4_msgs) StdoutLine: {'line': b'-- Up-to-date: /home/pavel/ws_ros2/install/px4_msgs/include/px4_msgs/px4_msgs/msg/detail/actuator_motors__rosidl_typesupport_introspection_cpp.hpp\n'}
[6.007124] (px4_msgs) StdoutLine: {'line': b'-- Up-to-date: /home/pavel/ws_ros2/install/px4_msgs/include/px4_msgs/px4_msgs/msg/detail/gimbal_manager_set_manual_control__rosidl_typesupport_introspection_cpp.hpp\n'}
[6.007258] (px4_msgs) StdoutLine: {'line': b'-- Up-to-date: /home/pavel/ws_ros2/install/px4_msgs/include/px4_msgs/px4_msgs/msg/detail/takeoff_status__type_support.cpp\n'}
[6.007428] (px4_msgs) StdoutLine: {'line': b'-- Up-to-date: /home/pavel/ws_ros2/install/px4_msgs/include/px4_msgs/px4_msgs/msg/detail/fuel_tank_status__type_support.cpp\n'}
[6.007525] (px4_msgs) StdoutLine: {'line': b'-- Up-to-date: /home/pavel/ws_ros2/install/px4_msgs/include/px4_msgs/px4_msgs/msg/detail/airspeed_wind__type_support.cpp\n'}
[6.007630] (px4_msgs) StdoutLine: {'line': b'-- Up-to-date: /home/pavel/ws_ros2/install/px4_msgs/include/px4_msgs/px4_msgs/msg/detail/gps_inject_data__type_support.cpp\n'}
[6.007717] (px4_msgs) StdoutLine: {'line': b'-- Up-to-date: /home/pavel/ws_ros2/install/px4_msgs/include/px4_msgs/px4_msgs/msg/detail/manual_control_switches__type_support.cpp\n'}
[6.007813] (px4_msgs) StdoutLine: {'line': b'-- Up-to-date: /home/pavel/ws_ros2/install/px4_msgs/include/px4_msgs/px4_msgs/msg/detail/debug_vect__type_support.cpp\n'}
[6.007905] (px4_msgs) StdoutLine: {'line': b'-- Up-to-date: /home/pavel/ws_ros2/install/px4_msgs/include/px4_msgs/px4_msgs/msg/detail/flight_phase_estimation__type_support.cpp\n'}
[6.008015] (px4_msgs) StdoutLine: {'line': b'-- Up-to-date: /home/pavel/ws_ros2/install/px4_msgs/include/px4_msgs/px4_msgs/msg/detail/camera_capture__rosidl_typesupport_introspection_cpp.hpp\n'}
[6.008172] (px4_msgs) StdoutLine: {'line': b'-- Up-to-date: /home/pavel/ws_ros2/install/px4_msgs/include/px4_msgs/px4_msgs/msg/detail/vehicle_air_data__type_support.cpp\n'}
[6.008276] (px4_msgs) StdoutLine: {'line': b'-- Up-to-date: /home/pavel/ws_ros2/install/px4_msgs/include/px4_msgs/px4_msgs/msg/detail/input_rc__rosidl_typesupport_introspection_cpp.hpp\n'}
[6.008416] (px4_msgs) StdoutLine: {'line': b'-- Up-to-date: /home/pavel/ws_ros2/install/px4_msgs/include/px4_msgs/px4_msgs/msg/detail/esc_status__rosidl_typesupport_introspection_cpp.hpp\n'}
[6.008526] (px4_msgs) StdoutLine: {'line': b'-- Up-to-date: /home/pavel/ws_ros2/install/px4_msgs/include/px4_msgs/px4_msgs/msg/detail/unregister_ext_component__type_support.cpp\n'}
[6.008687] (px4_msgs) StdoutLine: {'line': b'-- Up-to-date: /home/pavel/ws_ros2/install/px4_msgs/include/px4_msgs/px4_msgs/msg/detail/ping__type_support.cpp\n'}
[6.008809] (px4_msgs) StdoutLine: {'line': b'-- Up-to-date: /home/pavel/ws_ros2/install/px4_msgs/include/px4_msgs/px4_msgs/msg/detail/qshell_req__rosidl_typesupport_introspection_cpp.hpp\n'}
[6.008912] (px4_msgs) StdoutLine: {'line': b'-- Up-to-date: /home/pavel/ws_ros2/install/px4_msgs/include/px4_msgs/px4_msgs/msg/detail/landing_gear_wheel__rosidl_typesupport_introspection_cpp.hpp\n'}
[6.008994] (px4_msgs) StdoutLine: {'line': b'-- Up-to-date: /home/pavel/ws_ros2/install/px4_msgs/include/px4_msgs/px4_msgs/msg/detail/trajectory_waypoint__type_support.cpp\n'}
[6.009088] (px4_msgs) StdoutLine: {'line': b'-- Up-to-date: /home/pavel/ws_ros2/install/px4_msgs/include/px4_msgs/px4_msgs/msg/detail/config_overrides__rosidl_typesupport_introspection_cpp.hpp\n'}
[6.009169] (px4_msgs) StdoutLine: {'line': b'-- Up-to-date: /home/pavel/ws_ros2/install/px4_msgs/include/px4_msgs/px4_msgs/msg/detail/position_controller_status__rosidl_typesupport_introspection_cpp.hpp\n'}
[6.009275] (px4_msgs) StdoutLine: {'line': b'-- Up-to-date: /home/pavel/ws_ros2/install/px4_msgs/include/px4_msgs/px4_msgs/msg/detail/airspeed_validated__type_support.cpp\n'}
[6.009391] (px4_msgs) StdoutLine: {'line': b'-- Up-to-date: /home/pavel/ws_ros2/install/px4_msgs/include/px4_msgs/px4_msgs/msg/detail/uavcan_parameter_value__rosidl_typesupport_introspection_cpp.hpp\n'}
[6.009456] (px4_msgs) StdoutLine: {'line': b'-- Up-to-date: /home/pavel/ws_ros2/install/px4_msgs/include/px4_msgs/px4_msgs/msg/detail/orb_test_medium__rosidl_typesupport_introspection_cpp.hpp\n'}
[6.009516] (px4_msgs) StdoutLine: {'line': b'-- Up-to-date: /home/pavel/ws_ros2/install/px4_msgs/include/px4_msgs/px4_msgs/msg/detail/can_interface_status__rosidl_typesupport_introspection_cpp.hpp\n'}
[6.009582] (px4_msgs) StdoutLine: {'line': b'-- Up-to-date: /home/pavel/ws_ros2/install/px4_msgs/include/px4_msgs/px4_msgs/msg/detail/sensor_mag__rosidl_typesupport_introspection_cpp.hpp\n'}
[6.009662] (px4_msgs) StdoutLine: {'line': b'-- Up-to-date: /home/pavel/ws_ros2/install/px4_msgs/include/px4_msgs/px4_msgs/msg/detail/vehicle_rates_setpoint__type_support.cpp\n'}
[6.009725] (px4_msgs) StdoutLine: {'line': b'-- Up-to-date: /home/pavel/ws_ros2/install/px4_msgs/include/px4_msgs/px4_msgs/msg/detail/gimbal_device_set_attitude__type_support.cpp\n'}
[6.009786] (px4_msgs) StdoutLine: {'line': b'-- Up-to-date: /home/pavel/ws_ros2/install/px4_msgs/include/px4_msgs/px4_msgs/msg/detail/sensor_mag__type_support.cpp\n'}
[6.009846] (px4_msgs) StdoutLine: {'line': b'-- Up-to-date: /home/pavel/ws_ros2/install/px4_msgs/include/px4_msgs/px4_msgs/msg/detail/log_message__rosidl_typesupport_introspection_cpp.hpp\n'}
[6.009906] (px4_msgs) StdoutLine: {'line': b'-- Up-to-date: /home/pavel/ws_ros2/install/px4_msgs/include/px4_msgs/px4_msgs/msg/detail/ulog_stream__rosidl_typesupport_introspection_cpp.hpp\n'}
[6.009966] (px4_msgs) StdoutLine: {'line': b'-- Up-to-date: /home/pavel/ws_ros2/install/px4_msgs/include/px4_msgs/px4_msgs/msg/detail/landing_target_pose__rosidl_typesupport_introspection_cpp.hpp\n'}
[6.010031] (px4_msgs) StdoutLine: {'line': b'-- Up-to-date: /home/pavel/ws_ros2/install/px4_msgs/include/px4_msgs/px4_msgs/msg/detail/vehicle_trajectory_waypoint__type_support.cpp\n'}
[6.010095] (px4_msgs) StdoutLine: {'line': b'-- Up-to-date: /home/pavel/ws_ros2/install/px4_msgs/include/px4_msgs/px4_msgs/msg/detail/estimator_bias3d__type_support.cpp\n'}
[6.010154] (px4_msgs) StdoutLine: {'line': b'-- Up-to-date: /home/pavel/ws_ros2/install/px4_msgs/include/px4_msgs/px4_msgs/msg/detail/home_position__type_support.cpp\n'}
[6.010214] (px4_msgs) StdoutLine: {'line': b'-- Up-to-date: /home/pavel/ws_ros2/install/px4_msgs/include/px4_msgs/px4_msgs/msg/detail/internal_combustion_engine_status__rosidl_typesupport_introspection_cpp.hpp\n'}
[6.010274] (px4_msgs) StdoutLine: {'line': b'-- Up-to-date: /home/pavel/ws_ros2/install/px4_msgs/include/px4_msgs/px4_msgs/msg/detail/vehicle_control_mode__type_support.cpp\n'}
[6.010334] (px4_msgs) StdoutLine: {'line': b'-- Up-to-date: /home/pavel/ws_ros2/install/px4_msgs/include/px4_msgs/px4_msgs/msg/detail/satellite_info__rosidl_typesupport_introspection_cpp.hpp\n'}
[6.010393] (px4_msgs) StdoutLine: {'line': b'-- Up-to-date: /home/pavel/ws_ros2/install/px4_msgs/include/px4_msgs/px4_msgs/msg/detail/sensor_baro__rosidl_typesupport_introspection_cpp.hpp\n'}
[6.010453] (px4_msgs) StdoutLine: {'line': b'-- Up-to-date: /home/pavel/ws_ros2/install/px4_msgs/include/px4_msgs/px4_msgs/msg/detail/tecs_status__rosidl_typesupport_introspection_cpp.hpp\n'}
[6.010512] (px4_msgs) StdoutLine: {'line': b'-- Up-to-date: /home/pavel/ws_ros2/install/px4_msgs/include/px4_msgs/px4_msgs/msg/detail/satellite_info__type_support.cpp\n'}
[6.010571] (px4_msgs) StdoutLine: {'line': b'-- Up-to-date: /home/pavel/ws_ros2/install/px4_msgs/include/px4_msgs/px4_msgs/msg/detail/wind__type_support.cpp\n'}
[6.010644] (px4_msgs) StdoutLine: {'line': b'-- Up-to-date: /home/pavel/ws_ros2/install/px4_msgs/include/px4_msgs/px4_msgs/msg/detail/vehicle_command__rosidl_typesupport_introspection_cpp.hpp\n'}
[6.010704] (px4_msgs) StdoutLine: {'line': b'-- Up-to-date: /home/pavel/ws_ros2/install/px4_msgs/include/px4_msgs/px4_msgs/msg/detail/battery_status__rosidl_typesupport_introspection_cpp.hpp\n'}
[6.010763] (px4_msgs) StdoutLine: {'line': b'-- Up-to-date: /home/pavel/ws_ros2/install/px4_msgs/include/px4_msgs/px4_msgs/msg/detail/hover_thrust_estimate__type_support.cpp\n'}
[6.010829] (px4_msgs) StdoutLine: {'line': b'-- Up-to-date: /home/pavel/ws_ros2/install/px4_msgs/include/px4_msgs/px4_msgs/msg/detail/normalized_unsigned_setpoint__type_support.cpp\n'}
[6.010889] (px4_msgs) StdoutLine: {'line': b'-- Up-to-date: /home/pavel/ws_ros2/install/px4_msgs/include/px4_msgs/px4_msgs/msg/detail/uavcan_parameter_request__rosidl_typesupport_introspection_cpp.hpp\n'}
[6.010948] (px4_msgs) StdoutLine: {'line': b'-- Up-to-date: /home/pavel/ws_ros2/install/px4_msgs/include/px4_msgs/px4_msgs/msg/detail/gimbal_device_set_attitude__rosidl_typesupport_introspection_cpp.hpp\n'}
[6.011008] (px4_msgs) StdoutLine: {'line': b'-- Up-to-date: /home/pavel/ws_ros2/install/px4_msgs/include/px4_msgs/px4_msgs/msg/detail/task_stack_info__rosidl_typesupport_introspection_cpp.hpp\n'}
[6.011067] (px4_msgs) StdoutLine: {'line': b'-- Up-to-date: /home/pavel/ws_ros2/install/px4_msgs/include/px4_msgs/px4_msgs/msg/detail/vehicle_angular_acceleration_setpoint__rosidl_typesupport_introspection_cpp.hpp\n'}
[6.011127] (px4_msgs) StdoutLine: {'line': b'-- Up-to-date: /home/pavel/ws_ros2/install/px4_msgs/include/px4_msgs/px4_msgs/msg/detail/irlock_report__rosidl_typesupport_introspection_cpp.hpp\n'}
[6.011186] (px4_msgs) StdoutLine: {'line': b'-- Up-to-date: /home/pavel/ws_ros2/install/px4_msgs/include/px4_msgs/px4_msgs/msg/detail/manual_control_setpoint__type_support.cpp\n'}
[6.011245] (px4_msgs) StdoutLine: {'line': b'-- Up-to-date: /home/pavel/ws_ros2/install/px4_msgs/include/px4_msgs/px4_msgs/msg/detail/heater_status__rosidl_typesupport_introspection_cpp.hpp\n'}
[6.011309] (px4_msgs) StdoutLine: {'line': b'-- Up-to-date: /home/pavel/ws_ros2/install/px4_msgs/include/px4_msgs/px4_msgs/msg/detail/vehicle_command_ack__rosidl_typesupport_introspection_cpp.hpp\n'}
[6.011368] (px4_msgs) StdoutLine: {'line': b'-- Up-to-date: /home/pavel/ws_ros2/install/px4_msgs/include/px4_msgs/px4_msgs/msg/detail/rate_ctrl_status__rosidl_typesupport_introspection_cpp.hpp\n'}
[6.011427] (px4_msgs) StdoutLine: {'line': b'-- Up-to-date: /home/pavel/ws_ros2/install/px4_msgs/include/px4_msgs/px4_msgs/msg/detail/estimator_status__rosidl_typesupport_introspection_cpp.hpp\n'}
[6.011487] (px4_msgs) StdoutLine: {'line': b'-- Up-to-date: /home/pavel/ws_ros2/install/px4_msgs/include/px4_msgs/px4_msgs/msg/detail/message_format_response__type_support.cpp\n'}
[6.011545] (px4_msgs) StdoutLine: {'line': b'-- Up-to-date: /home/pavel/ws_ros2/install/px4_msgs/include/px4_msgs/px4_msgs/msg/detail/magnetometer_bias_estimate__type_support.cpp\n'}
[6.011616] (px4_msgs) StdoutLine: {'line': b'-- Up-to-date: /home/pavel/ws_ros2/install/px4_msgs/include/px4_msgs/px4_msgs/msg/detail/actuator_test__type_support.cpp\n'}
[6.011680] (px4_msgs) StdoutLine: {'line': b'-- Up-to-date: /home/pavel/ws_ros2/install/px4_msgs/include/px4_msgs/px4_msgs/msg/detail/mount_orientation__rosidl_typesupport_introspection_cpp.hpp\n'}
[6.011743] (px4_msgs) StdoutLine: {'line': b'-- Up-to-date: /home/pavel/ws_ros2/install/px4_msgs/include/px4_msgs/px4_msgs/msg/detail/mavlink_log__type_support.cpp\n'}
[6.011803] (px4_msgs) StdoutLine: {'line': b'-- Up-to-date: /home/pavel/ws_ros2/install/px4_msgs/include/px4_msgs/px4_msgs/msg/detail/pps_capture__type_support.cpp\n'}
[6.011863] (px4_msgs) StdoutLine: {'line': b'-- Up-to-date: /home/pavel/ws_ros2/install/px4_msgs/include/px4_msgs/px4_msgs/msg/detail/vehicle_command__type_support.cpp\n'}
[6.011922] (px4_msgs) StdoutLine: {'line': b'-- Up-to-date: /home/pavel/ws_ros2/install/px4_msgs/include/px4_msgs/px4_msgs/msg/detail/estimator_bias__type_support.cpp\n'}
[6.011982] (px4_msgs) StdoutLine: {'line': b'-- Up-to-date: /home/pavel/ws_ros2/install/px4_msgs/include/px4_msgs/px4_msgs/msg/detail/sensor_correction__rosidl_typesupport_introspection_cpp.hpp\n'}
[6.012041] (px4_msgs) StdoutLine: {'line': b'-- Up-to-date: /home/pavel/ws_ros2/install/px4_msgs/include/px4_msgs/px4_msgs/msg/detail/estimator_innovations__type_support.cpp\n'}
[6.012100] (px4_msgs) StdoutLine: {'line': b'-- Up-to-date: /home/pavel/ws_ros2/install/px4_msgs/include/px4_msgs/px4_msgs/msg/detail/landing_target_innovations__rosidl_typesupport_introspection_cpp.hpp\n'}
[6.012160] (px4_msgs) StdoutLine: {'line': b'-- Up-to-date: /home/pavel/ws_ros2/install/px4_msgs/include/px4_msgs/px4_msgs/msg/detail/sensor_accel__rosidl_typesupport_introspection_cpp.hpp\n'}
[6.012219] (px4_msgs) StdoutLine: {'line': b'-- Up-to-date: /home/pavel/ws_ros2/install/px4_msgs/include/px4_msgs/px4_msgs/msg/detail/differential_pressure__type_support.cpp\n'}
[6.012278] (px4_msgs) StdoutLine: {'line': b'-- Up-to-date: /home/pavel/ws_ros2/install/px4_msgs/include/px4_msgs/px4_msgs/msg/detail/actuator_outputs__type_support.cpp\n'}
[6.012337] (px4_msgs) StdoutLine: {'line': b'-- Up-to-date: /home/pavel/ws_ros2/install/px4_msgs/include/px4_msgs/px4_msgs/msg/detail/gimbal_controls__type_support.cpp\n'}
[6.012397] (px4_msgs) StdoutLine: {'line': b'-- Up-to-date: /home/pavel/ws_ros2/install/px4_msgs/include/px4_msgs/px4_msgs/msg/detail/vtol_vehicle_status__rosidl_typesupport_introspection_cpp.hpp\n'}
[6.012456] (px4_msgs) StdoutLine: {'line': b'-- Up-to-date: /home/pavel/ws_ros2/install/px4_msgs/include/px4_msgs/px4_msgs/msg/detail/button_event__rosidl_typesupport_introspection_cpp.hpp\n'}
[6.012517] (px4_msgs) StdoutLine: {'line': b'-- Up-to-date: /home/pavel/ws_ros2/install/px4_msgs/include/px4_msgs/px4_msgs/msg/detail/transponder_report__rosidl_typesupport_introspection_cpp.hpp\n'}
[6.012600] (px4_msgs) StdoutLine: {'line': b'-- Up-to-date: /home/pavel/ws_ros2/install/px4_msgs/include/px4_msgs/px4_msgs/msg/detail/esc_report__type_support.cpp\n'}
[6.012717] (px4_msgs) StdoutLine: {'line': b'-- Up-to-date: /home/pavel/ws_ros2/install/px4_msgs/include/px4_msgs/px4_msgs/msg/detail/vehicle_torque_setpoint__rosidl_typesupport_introspection_cpp.hpp\n'}
[6.012836] (px4_msgs) StdoutLine: {'line': b'-- Up-to-date: /home/pavel/ws_ros2/install/px4_msgs/include/px4_msgs/px4_msgs/msg/detail/trajectory_setpoint__type_support.cpp\n'}
[6.012948] (px4_msgs) StdoutLine: {'line': b'-- Up-to-date: /home/pavel/ws_ros2/install/px4_msgs/include/px4_msgs/px4_msgs/msg/detail/estimator_status_flags__rosidl_typesupport_introspection_cpp.hpp\n'}
[6.013056] (px4_msgs) StdoutLine: {'line': b'-- Up-to-date: /home/pavel/ws_ros2/install/px4_msgs/include/px4_msgs/px4_msgs/msg/detail/collision_constraints__rosidl_typesupport_introspection_cpp.hpp\n'}
[6.013175] (px4_msgs) StdoutLine: {'line': b'-- Up-to-date: /home/pavel/ws_ros2/install/px4_msgs/include/px4_msgs/px4_msgs/msg/detail/goto_setpoint__rosidl_typesupport_introspection_cpp.hpp\n'}
[6.013282] (px4_msgs) StdoutLine: {'line': b'-- Up-to-date: /home/pavel/ws_ros2/install/px4_msgs/include/px4_msgs/px4_msgs/msg/detail/sensor_correction__type_support.cpp\n'}
[6.013381] (px4_msgs) StdoutLine: {'line': b'-- Up-to-date: /home/pavel/ws_ros2/install/px4_msgs/include/px4_msgs/px4_msgs/msg/detail/estimator_states__type_support.cpp\n'}
[6.013446] (px4_msgs) StdoutLine: {'line': b'-- Up-to-date: /home/pavel/ws_ros2/install/px4_msgs/include/px4_msgs/px4_msgs/msg/detail/sensor_gyro__rosidl_typesupport_introspection_cpp.hpp\n'}
[6.013530] (px4_msgs) StdoutLine: {'line': b'-- Up-to-date: /home/pavel/ws_ros2/install/px4_msgs/include/px4_msgs/px4_msgs/msg/detail/actuator_controls_status__type_support.cpp\n'}
[6.013698] (px4_msgs) StdoutLine: {'line': b'-- Up-to-date: /home/pavel/ws_ros2/install/px4_msgs/include/px4_msgs/px4_msgs/msg/detail/sensor_optical_flow__rosidl_typesupport_introspection_cpp.hpp\n'}
[6.013812] (px4_msgs) StdoutLine: {'line': b'-- Up-to-date: /home/pavel/ws_ros2/install/px4_msgs/include/px4_msgs/px4_msgs/msg/detail/position_setpoint__type_support.cpp\n'}
[6.013911] (px4_msgs) StdoutLine: {'line': b'-- Up-to-date: /home/pavel/ws_ros2/install/px4_msgs/include/px4_msgs/px4_msgs/msg/detail/gimbal_device_information__type_support.cpp\n'}
[6.014050] (px4_msgs) StdoutLine: {'line': b'-- Up-to-date: /home/pavel/ws_ros2/install/px4_msgs/include/px4_msgs/px4_msgs/msg/detail/telemetry_status__rosidl_typesupport_introspection_cpp.hpp\n'}
[6.014169] (px4_msgs) StdoutLine: {'line': b'-- Up-to-date: /home/pavel/ws_ros2/install/px4_msgs/include/px4_msgs/px4_msgs/msg/detail/ekf2_timestamps__rosidl_typesupport_introspection_cpp.hpp\n'}
[6.014279] (px4_msgs) StdoutLine: {'line': b'-- Up-to-date: /home/pavel/ws_ros2/install/px4_msgs/include/px4_msgs/px4_msgs/msg/detail/rc_channels__rosidl_typesupport_introspection_cpp.hpp\n'}
[6.014389] (px4_msgs) StdoutLine: {'line': b'-- Up-to-date: /home/pavel/ws_ros2/install/px4_msgs/include/px4_msgs/px4_msgs/msg/detail/vehicle_attitude__type_support.cpp\n'}
[6.014525] (px4_msgs) StdoutLine: {'line': b'-- Up-to-date: /home/pavel/ws_ros2/install/px4_msgs/include/px4_msgs/px4_msgs/msg/detail/sensor_gyro__type_support.cpp\n'}
[6.014651] (px4_msgs) StdoutLine: {'line': b'-- Up-to-date: /home/pavel/ws_ros2/install/px4_msgs/include/px4_msgs/px4_msgs/msg/detail/vehicle_odometry__rosidl_typesupport_introspection_cpp.hpp\n'}
[6.014762] (px4_msgs) StdoutLine: {'line': b'-- Up-to-date: /home/pavel/ws_ros2/install/px4_msgs/include/px4_msgs/px4_msgs/msg/detail/mode_completed__type_support.cpp\n'}
[6.014873] (px4_msgs) StdoutLine: {'line': b'-- Up-to-date: /home/pavel/ws_ros2/install/px4_msgs/include/px4_msgs/px4_msgs/msg/detail/sensor_accel_fifo__type_support.cpp\n'}
[6.014984] (px4_msgs) StdoutLine: {'line': b'-- Up-to-date: /home/pavel/ws_ros2/install/px4_msgs/include/px4_msgs/px4_msgs/msg/detail/estimator_selector_status__rosidl_typesupport_introspection_cpp.hpp\n'}
[6.015096] (px4_msgs) StdoutLine: {'line': b'-- Up-to-date: /home/pavel/ws_ros2/install/px4_msgs/include/px4_msgs/px4_msgs/msg/detail/heater_status__type_support.cpp\n'}
[6.015208] (px4_msgs) StdoutLine: {'line': b'-- Up-to-date: /home/pavel/ws_ros2/install/px4_msgs/include/px4_msgs/px4_msgs/msg/detail/vehicle_magnetometer__rosidl_typesupport_introspection_cpp.hpp\n'}
[6.015323] (px4_msgs) StdoutLine: {'line': b'-- Up-to-date: /home/pavel/ws_ros2/install/px4_msgs/include/px4_msgs/px4_msgs/msg/detail/sensor_gyro_fifo__rosidl_typesupport_introspection_cpp.hpp\n'}
[6.015434] (px4_msgs) StdoutLine: {'line': b'-- Up-to-date: /home/pavel/ws_ros2/install/px4_msgs/include/px4_msgs/px4_msgs/msg/detail/vehicle_air_data__rosidl_typesupport_introspection_cpp.hpp\n'}
[6.015544] (px4_msgs) StdoutLine: {'line': b'-- Up-to-date: /home/pavel/ws_ros2/install/px4_msgs/include/px4_msgs/px4_msgs/msg/detail/iridiumsbd_status__type_support.cpp\n'}
[6.015659] (px4_msgs) StdoutLine: {'line': b'-- Up-to-date: /home/pavel/ws_ros2/install/px4_msgs/include/px4_msgs/px4_msgs/msg/detail/vehicle_angular_velocity__type_support.cpp\n'}
[6.015777] (px4_msgs) StdoutLine: {'line': b'-- Up-to-date: /home/pavel/ws_ros2/install/px4_msgs/include/px4_msgs/px4_msgs/msg/detail/cpuload__rosidl_typesupport_introspection_cpp.hpp\n'}
[6.015895] (px4_msgs) StdoutLine: {'line': b'-- Up-to-date: /home/pavel/ws_ros2/install/px4_msgs/include/px4_msgs/px4_msgs/msg/detail/parameter_reset_request__type_support.cpp\n'}
[6.016017] (px4_msgs) StdoutLine: {'line': b'-- Up-to-date: /home/pavel/ws_ros2/install/px4_msgs/include/px4_msgs/px4_msgs/msg/detail/landing_target_pose__type_support.cpp\n'}
[6.016127] (px4_msgs) StdoutLine: {'line': b'-- Up-to-date: /home/pavel/ws_ros2/install/px4_msgs/include/px4_msgs/px4_msgs/msg/detail/estimator_aid_source1d__rosidl_typesupport_introspection_cpp.hpp\n'}
[6.016241] (px4_msgs) StdoutLine: {'line': b'-- Up-to-date: /home/pavel/ws_ros2/install/px4_msgs/include/px4_msgs/px4_msgs/msg/detail/estimator_bias__rosidl_typesupport_introspection_cpp.hpp\n'}
[6.016342] (px4_msgs) StdoutLine: {'line': b'-- Up-to-date: /home/pavel/ws_ros2/install/px4_msgs/include/px4_msgs/px4_msgs/msg/detail/wind__rosidl_typesupport_introspection_cpp.hpp\n'}
[6.016454] (px4_msgs) StdoutLine: {'line': b'-- Up-to-date: /home/pavel/ws_ros2/install/px4_msgs/include/px4_msgs/px4_msgs/msg/detail/adc_report__rosidl_typesupport_introspection_cpp.hpp\n'}
[6.016549] (px4_msgs) StdoutLine: {'line': b'-- Up-to-date: /home/pavel/ws_ros2/install/px4_msgs/include/px4_msgs/px4_msgs/msg/detail/follow_target_status__type_support.cpp\n'}
[6.016712] (px4_msgs) StdoutLine: {'line': b'-- Up-to-date: /home/pavel/ws_ros2/install/px4_msgs/include/px4_msgs/px4_msgs/msg/detail/orbit_status__rosidl_typesupport_introspection_cpp.hpp\n'}
[6.016827] (px4_msgs) StdoutLine: {'line': b'-- Up-to-date: /home/pavel/ws_ros2/install/px4_msgs/include/px4_msgs/px4_msgs/msg/detail/sensor_combined__type_support.cpp\n'}
[6.016941] (px4_msgs) StdoutLine: {'line': b'-- Up-to-date: /home/pavel/ws_ros2/install/px4_msgs/include/px4_msgs/px4_msgs/msg/detail/register_ext_component_reply__rosidl_typesupport_introspection_cpp.hpp\n'}
[6.017052] (px4_msgs) StdoutLine: {'line': b'-- Up-to-date: /home/pavel/ws_ros2/install/px4_msgs/include/px4_msgs/px4_msgs/msg/detail/cellular_status__type_support.cpp\n'}
[6.017155] (px4_msgs) StdoutLine: {'line': b'-- Up-to-date: /home/pavel/ws_ros2/install/px4_msgs/include/px4_msgs/px4_msgs/msg/detail/rtl_time_estimate__type_support.cpp\n'}
[6.017295] (px4_msgs) StdoutLine: {'line': b'-- Up-to-date: /home/pavel/ws_ros2/install/px4_msgs/include/px4_msgs/px4_msgs/msg/detail/ulog_stream__type_support.cpp\n'}
[6.017414] (px4_msgs) StdoutLine: {'line': b'-- Up-to-date: /home/pavel/ws_ros2/install/px4_msgs/include/px4_msgs/px4_msgs/msg/detail/parameter_set_value_response__type_support.cpp\n'}
[6.017519] (px4_msgs) StdoutLine: {'line': b'-- Up-to-date: /home/pavel/ws_ros2/install/px4_msgs/include/px4_msgs/px4_msgs/msg/detail/tiltrotor_extra_controls__rosidl_typesupport_introspection_cpp.hpp\n'}
[6.017666] (px4_msgs) StdoutLine: {'line': b'-- Up-to-date: /home/pavel/ws_ros2/install/px4_msgs/include/px4_msgs/px4_msgs/msg/detail/gimbal_controls__rosidl_typesupport_introspection_cpp.hpp\n'}
[6.017790] (px4_msgs) StdoutLine: {'line': b'-- Up-to-date: /home/pavel/ws_ros2/install/px4_msgs/include/px4_msgs/px4_msgs/msg/detail/debug_vect__rosidl_typesupport_introspection_cpp.hpp\n'}
[6.017895] (px4_msgs) StdoutLine: {'line': b'-- Up-to-date: /home/pavel/ws_ros2/install/px4_msgs/include/px4_msgs/px4_msgs/msg/detail/message_format_request__type_support.cpp\n'}
[6.018037] (px4_msgs) StdoutLine: {'line': b'-- Up-to-date: /home/pavel/ws_ros2/install/px4_msgs/include/px4_msgs/px4_msgs/msg/detail/buffer128__type_support.cpp\n'}
[6.018151] (px4_msgs) StdoutLine: {'line': b'-- Up-to-date: /home/pavel/ws_ros2/install/px4_msgs/include/px4_msgs/px4_msgs/msg/detail/position_controller_status__type_support.cpp\n'}
[6.018260] (px4_msgs) StdoutLine: {'line': b'-- Up-to-date: /home/pavel/ws_ros2/install/px4_msgs/include/px4_msgs/px4_msgs/msg/detail/camera_trigger__type_support.cpp\n'}
[6.018369] (px4_msgs) StdoutLine: {'line': b'-- Up-to-date: /home/pavel/ws_ros2/install/px4_msgs/include/px4_msgs/px4_msgs/msg/detail/sensor_preflight_mag__rosidl_typesupport_introspection_cpp.hpp\n'}
[6.018507] (px4_msgs) StdoutLine: {'line': b'-- Up-to-date: /home/pavel/ws_ros2/install/px4_msgs/include/px4_msgs/px4_msgs/msg/detail/vehicle_roi__rosidl_typesupport_introspection_cpp.hpp\n'}
[6.018630] (px4_msgs) StdoutLine: {'line': b'-- Up-to-date: /home/pavel/ws_ros2/install/px4_msgs/include/px4_msgs/px4_msgs/msg/detail/actuator_servos__rosidl_typesupport_introspection_cpp.hpp\n'}
[6.018751] (px4_msgs) StdoutLine: {'line': b'-- Up-to-date: /home/pavel/ws_ros2/install/px4_msgs/include/px4_msgs/px4_msgs/msg/detail/navigator_mission_item__rosidl_typesupport_introspection_cpp.hpp\n'}
[6.018862] (px4_msgs) StdoutLine: {'line': b'-- Up-to-date: /home/pavel/ws_ros2/install/px4_msgs/include/px4_msgs/px4_msgs/msg/detail/obstacle_distance__rosidl_typesupport_introspection_cpp.hpp\n'}
[6.018964] (px4_msgs) StdoutLine: {'line': b'-- Up-to-date: /home/pavel/ws_ros2/install/px4_msgs/include/px4_msgs/px4_msgs/msg/detail/vehicle_rates_setpoint__rosidl_typesupport_introspection_cpp.hpp\n'}
[6.019105] (px4_msgs) StdoutLine: {'line': b'-- Up-to-date: /home/pavel/ws_ros2/install/px4_msgs/include/px4_msgs/px4_msgs/msg/detail/sensor_selection__type_support.cpp\n'}
[6.019216] (px4_msgs) StdoutLine: {'line': b'-- Up-to-date: /home/pavel/ws_ros2/install/px4_msgs/include/px4_msgs/px4_msgs/msg/detail/sensor_selection__rosidl_typesupport_introspection_cpp.hpp\n'}
[6.019320] (px4_msgs) StdoutLine: {'line': b'-- Up-to-date: /home/pavel/ws_ros2/install/px4_msgs/include/px4_msgs/px4_msgs/msg/detail/irlock_report__type_support.cpp\n'}
[6.019460] (px4_msgs) StdoutLine: {'line': b'-- Up-to-date: /home/pavel/ws_ros2/install/px4_msgs/include/px4_msgs/px4_msgs/msg/detail/landing_gear_wheel__type_support.cpp\n'}
[6.019588] (px4_msgs) StdoutLine: {'line': b'-- Up-to-date: /home/pavel/ws_ros2/install/px4_msgs/include/px4_msgs/px4_msgs/msg/detail/hover_thrust_estimate__rosidl_typesupport_introspection_cpp.hpp\n'}
[6.019701] (px4_msgs) StdoutLine: {'line': b'-- Up-to-date: /home/pavel/ws_ros2/install/px4_msgs/include/px4_msgs/px4_msgs/msg/detail/rtl_time_estimate__rosidl_typesupport_introspection_cpp.hpp\n'}
[6.019841] (px4_msgs) StdoutLine: {'line': b'-- Up-to-date: /home/pavel/ws_ros2/install/px4_msgs/include/px4_msgs/px4_msgs/msg/detail/sensor_baro__type_support.cpp\n'}
[6.019949] (px4_msgs) StdoutLine: {'line': b'-- Up-to-date: /home/pavel/ws_ros2/install/px4_msgs/include/px4_msgs/px4_msgs/msg/detail/actuator_armed__type_support.cpp\n'}
[6.020063] (px4_msgs) StdoutLine: {'line': b'-- Up-to-date: /home/pavel/ws_ros2/install/px4_msgs/include/px4_msgs/px4_msgs/msg/detail/differential_pressure__rosidl_typesupport_introspection_cpp.hpp\n'}
[6.020172] (px4_msgs) StdoutLine: {'line': b'-- Up-to-date: /home/pavel/ws_ros2/install/px4_msgs/include/px4_msgs/px4_msgs/msg/detail/vehicle_attitude_setpoint__rosidl_typesupport_introspection_cpp.hpp\n'}
[6.020307] (px4_msgs) StdoutLine: {'line': b'-- Up-to-date: /home/pavel/ws_ros2/install/px4_msgs/include/px4_msgs/px4_msgs/msg/detail/gpio_request__rosidl_typesupport_introspection_cpp.hpp\n'}
[6.020423] (px4_msgs) StdoutLine: {'line': b'-- Up-to-date: /home/pavel/ws_ros2/install/px4_msgs/include/px4_msgs/px4_msgs/msg/detail/estimator_sensor_bias__type_support.cpp\n'}
[6.020536] (px4_msgs) StdoutLine: {'line': b'-- Up-to-date: /home/pavel/ws_ros2/install/px4_msgs/include/px4_msgs/px4_msgs/msg/detail/transponder_report__type_support.cpp\n'}
[6.020659] (px4_msgs) StdoutLine: {'line': b'-- Up-to-date: /home/pavel/ws_ros2/install/px4_msgs/include/px4_msgs/px4_msgs/msg/detail/gimbal_manager_information__type_support.cpp\n'}
[6.020768] (px4_msgs) StdoutLine: {'line': b'-- Up-to-date: /home/pavel/ws_ros2/install/px4_msgs/include/px4_msgs/px4_msgs/msg/detail/actuator_controls_status__rosidl_typesupport_introspection_cpp.hpp\n'}
[6.020908] (px4_msgs) StdoutLine: {'line': b'-- Up-to-date: /home/pavel/ws_ros2/install/px4_msgs/include/px4_msgs/px4_msgs/msg/detail/sensor_gps__type_support.cpp\n'}
[6.021020] (px4_msgs) StdoutLine: {'line': b'-- Up-to-date: /home/pavel/ws_ros2/install/px4_msgs/include/px4_msgs/px4_msgs/msg/detail/event__type_support.cpp\n'}
[6.021124] (px4_msgs) StdoutLine: {'line': b'-- Up-to-date: /home/pavel/ws_ros2/install/px4_msgs/include/px4_msgs/px4_msgs/msg/detail/sensor_accel__type_support.cpp\n'}
[6.021262] (px4_msgs) StdoutLine: {'line': b'-- Up-to-date: /home/pavel/ws_ros2/install/px4_msgs/include/px4_msgs/px4_msgs/msg/detail/cpuload__type_support.cpp\n'}
[6.021374] (px4_msgs) StdoutLine: {'line': b'-- Up-to-date: /home/pavel/ws_ros2/install/px4_msgs/include/px4_msgs/px4_msgs/msg/detail/geofence_result__rosidl_typesupport_introspection_cpp.hpp\n'}
[6.021477] (px4_msgs) StdoutLine: {'line': b'-- Up-to-date: /home/pavel/ws_ros2/install/px4_msgs/include/px4_msgs/px4_msgs/msg/detail/debug_key_value__type_support.cpp\n'}
[6.021624] (px4_msgs) StdoutLine: {'line': b'-- Up-to-date: /home/pavel/ws_ros2/install/px4_msgs/include/px4_msgs/px4_msgs/msg/detail/estimator_event_flags__rosidl_typesupport_introspection_cpp.hpp\n'}
[6.021737] (px4_msgs) StdoutLine: {'line': b'-- Up-to-date: /home/pavel/ws_ros2/install/px4_msgs/include/px4_msgs/px4_msgs/msg/detail/esc_status__type_support.cpp\n'}
[6.021853] (px4_msgs) StdoutLine: {'line': b'-- Up-to-date: /home/pavel/ws_ros2/install/px4_msgs/include/px4_msgs/px4_msgs/msg/detail/sensors_status_imu__rosidl_typesupport_introspection_cpp.hpp\n'}
[6.021965] (px4_msgs) StdoutLine: {'line': b'-- Up-to-date: /home/pavel/ws_ros2/install/px4_msgs/include/px4_msgs/px4_msgs/msg/detail/vehicle_imu__type_support.cpp\n'}
[6.022100] (px4_msgs) StdoutLine: {'line': b'-- Up-to-date: /home/pavel/ws_ros2/install/px4_msgs/include/px4_msgs/px4_msgs/msg/detail/vehicle_optical_flow_vel__rosidl_typesupport_introspection_cpp.hpp\n'}
[6.022212] (px4_msgs) StdoutLine: {'line': b'-- Up-to-date: /home/pavel/ws_ros2/install/px4_msgs/include/px4_msgs/px4_msgs/msg/detail/ulog_stream_ack__type_support.cpp\n'}
[6.022324] (px4_msgs) StdoutLine: {'line': b'-- Up-to-date: /home/pavel/ws_ros2/install/px4_msgs/include/px4_msgs/px4_msgs/msg/detail/input_rc__type_support.cpp\n'}
[6.022434] (px4_msgs) StdoutLine: {'line': b'-- Up-to-date: /home/pavel/ws_ros2/install/px4_msgs/include/px4_msgs/px4_msgs/msg/detail/message_format_response__rosidl_typesupport_introspection_cpp.hpp\n'}
[6.022535] (px4_msgs) StdoutLine: {'line': b'-- Up-to-date: /home/pavel/ws_ros2/install/px4_msgs/include/px4_msgs/px4_msgs/msg/detail/follow_target__rosidl_typesupport_introspection_cpp.hpp\n'}
[6.022686] (px4_msgs) StdoutLine: {'line': b'-- Up-to-date: /home/pavel/ws_ros2/install/px4_msgs/include/px4_msgs/px4_msgs/msg/detail/npfg_status__type_support.cpp\n'}
[6.022800] (px4_msgs) StdoutLine: {'line': b'-- Up-to-date: /home/pavel/ws_ros2/install/px4_msgs/include/px4_msgs/px4_msgs/msg/detail/orb_test_large__type_support.cpp\n'}
[6.022904] (px4_msgs) StdoutLine: {'line': b'-- Up-to-date: /home/pavel/ws_ros2/install/px4_msgs/include/px4_msgs/px4_msgs/msg/detail/autotune_attitude_control_status__type_support.cpp\n'}
[6.023040] (px4_msgs) StdoutLine: {'line': b'-- Up-to-date: /home/pavel/ws_ros2/install/px4_msgs/include/px4_msgs/px4_msgs/msg/detail/takeoff_status__rosidl_typesupport_introspection_cpp.hpp\n'}
[6.023167] (px4_msgs) StdoutLine: {'line': b'-- Up-to-date: /home/pavel/ws_ros2/install/px4_msgs/include/px4_msgs/px4_msgs/msg/detail/estimator_states__rosidl_typesupport_introspection_cpp.hpp\n'}
[6.023270] (px4_msgs) StdoutLine: {'line': b'-- Up-to-date: /home/pavel/ws_ros2/install/px4_msgs/include/px4_msgs/px4_msgs/msg/detail/differential_drive_setpoint__type_support.cpp\n'}
[6.023404] (-) TimerEvent: {}
[6.023521] (px4_msgs) StdoutLine: {'line': b'-- Up-to-date: /home/pavel/ws_ros2/install/px4_msgs/include/px4_msgs/px4_msgs/msg/detail/generator_status__rosidl_typesupport_introspection_cpp.hpp\n'}
[6.023657] (px4_msgs) StdoutLine: {'line': b'-- Up-to-date: /home/pavel/ws_ros2/install/px4_msgs/include/px4_msgs/px4_msgs/msg/detail/sensor_preflight_mag__type_support.cpp\n'}
[6.023799] (px4_msgs) StdoutLine: {'line': b'-- Up-to-date: /home/pavel/ws_ros2/install/px4_msgs/include/px4_msgs/px4_msgs/msg/detail/gpio_in__rosidl_typesupport_introspection_cpp.hpp\n'}
[6.023914] (px4_msgs) StdoutLine: {'line': b'-- Up-to-date: /home/pavel/ws_ros2/install/px4_msgs/include/px4_msgs/px4_msgs/msg/detail/vehicle_imu__rosidl_typesupport_introspection_cpp.hpp\n'}
[6.024027] (px4_msgs) StdoutLine: {'line': b'-- Up-to-date: /home/pavel/ws_ros2/install/px4_msgs/include/px4_msgs/px4_msgs/msg/detail/orb_test__rosidl_typesupport_introspection_cpp.hpp\n'}
[6.024139] (px4_msgs) StdoutLine: {'line': b'-- Up-to-date: /home/pavel/ws_ros2/install/px4_msgs/include/px4_msgs/px4_msgs/msg/detail/qshell_req__type_support.cpp\n'}
[6.024247] (px4_msgs) StdoutLine: {'line': b'-- Up-to-date: /home/pavel/ws_ros2/install/px4_msgs/include/px4_msgs/px4_msgs/msg/detail/arming_check_reply__rosidl_typesupport_introspection_cpp.hpp\n'}
[6.024365] (px4_msgs) StdoutLine: {'line': b'-- Up-to-date: /home/pavel/ws_ros2/install/px4_msgs/include/px4_msgs/px4_msgs/msg/detail/airspeed__rosidl_typesupport_introspection_cpp.hpp\n'}
[6.024502] (px4_msgs) StdoutLine: {'line': b'-- Up-to-date: /home/pavel/ws_ros2/install/px4_msgs/include/px4_msgs/px4_msgs/msg/detail/orb_test_medium__type_support.cpp\n'}
[6.024617] (px4_msgs) StdoutLine: {'line': b'-- Up-to-date: /home/pavel/ws_ros2/install/px4_msgs/include/px4_msgs/px4_msgs/msg/detail/trajectory_bezier__type_support.cpp\n'}
[6.024693] (px4_msgs) StdoutLine: {'line': b'-- Up-to-date: /home/pavel/ws_ros2/install/px4_msgs/include/px4_msgs/px4_msgs/msg/detail/internal_combustion_engine_status__type_support.cpp\n'}
[6.024755] (px4_msgs) StdoutLine: {'line': b'-- Up-to-date: /home/pavel/ws_ros2/install/px4_msgs/include/px4_msgs/px4_msgs/msg/detail/button_event__type_support.cpp\n'}
[6.024815] (px4_msgs) StdoutLine: {'line': b'-- Up-to-date: /home/pavel/ws_ros2/install/px4_msgs/include/px4_msgs/px4_msgs/msg/detail/vehicle_torque_setpoint__type_support.cpp\n'}
[6.024876] (px4_msgs) StdoutLine: {'line': b'-- Up-to-date: /home/pavel/ws_ros2/install/px4_msgs/include/px4_msgs/px4_msgs/msg/detail/sensors_status_imu__type_support.cpp\n'}
[6.024936] (px4_msgs) StdoutLine: {'line': b'-- Up-to-date: /home/pavel/ws_ros2/install/px4_msgs/include/px4_msgs/px4_msgs/msg/detail/vehicle_status__type_support.cpp\n'}
[6.024995] (px4_msgs) StdoutLine: {'line': b'-- Up-to-date: /home/pavel/ws_ros2/install/px4_msgs/include/px4_msgs/px4_msgs/msg/detail/differential_drive_setpoint__rosidl_typesupport_introspection_cpp.hpp\n'}
[6.025055] (px4_msgs) StdoutLine: {'line': b'-- Up-to-date: /home/pavel/ws_ros2/install/px4_msgs/include/px4_msgs/px4_msgs/msg/detail/gimbal_manager_information__rosidl_typesupport_introspection_cpp.hpp\n'}
[6.025115] (px4_msgs) StdoutLine: {'line': b'-- Up-to-date: /home/pavel/ws_ros2/install/px4_msgs/include/px4_msgs/px4_msgs/msg/detail/control_allocator_status__rosidl_typesupport_introspection_cpp.hpp\n'}
[6.025175] (px4_msgs) StdoutLine: {'line': b'-- Up-to-date: /home/pavel/ws_ros2/install/px4_msgs/include/px4_msgs/px4_msgs/msg/detail/orb_test_large__rosidl_typesupport_introspection_cpp.hpp\n'}
[6.025234] (px4_msgs) StdoutLine: {'line': b'-- Up-to-date: /home/pavel/ws_ros2/install/px4_msgs/include/px4_msgs/px4_msgs/msg/detail/orbit_status__type_support.cpp\n'}
[6.025299] (px4_msgs) StdoutLine: {'line': b'-- Up-to-date: /home/pavel/ws_ros2/install/px4_msgs/include/px4_msgs/px4_msgs/msg/detail/gimbal_manager_status__rosidl_typesupport_introspection_cpp.hpp\n'}
[6.025359] (px4_msgs) StdoutLine: {'line': b'-- Up-to-date: /home/pavel/ws_ros2/install/px4_msgs/include/px4_msgs/px4_msgs/msg/detail/camera_capture__type_support.cpp\n'}
[6.025418] (px4_msgs) StdoutLine: {'line': b'-- Up-to-date: /home/pavel/ws_ros2/install/px4_msgs/include/px4_msgs/px4_msgs/msg/detail/vehicle_odometry__type_support.cpp\n'}
[6.025477] (px4_msgs) StdoutLine: {'line': b'-- Up-to-date: /home/pavel/ws_ros2/install/px4_msgs/include/px4_msgs/px4_msgs/msg/detail/sensor_combined__rosidl_typesupport_introspection_cpp.hpp\n'}
[6.025537] (px4_msgs) StdoutLine: {'line': b'-- Up-to-date: /home/pavel/ws_ros2/install/px4_msgs/include/px4_msgs/px4_msgs/msg/detail/estimator_aid_source2d__rosidl_typesupport_introspection_cpp.hpp\n'}
[6.025605] (px4_msgs) StdoutLine: {'line': b'-- Up-to-date: /home/pavel/ws_ros2/install/px4_msgs/include/px4_msgs/px4_msgs/msg/detail/gps_dump__type_support.cpp\n'}
[6.025671] (px4_msgs) StdoutLine: {'line': b'-- Up-to-date: /home/pavel/ws_ros2/install/px4_msgs/include/px4_msgs/px4_msgs/msg/detail/velocity_limits__type_support.cpp\n'}
[6.025732] (px4_msgs) StdoutLine: {'line': b'-- Up-to-date: /home/pavel/ws_ros2/install/px4_msgs/include/px4_msgs/px4_msgs/msg/detail/radio_status__type_support.cpp\n'}
[6.025798] (px4_msgs) StdoutLine: {'line': b'-- Up-to-date: /home/pavel/ws_ros2/install/px4_msgs/include/px4_msgs/px4_msgs/msg/detail/sensor_optical_flow__type_support.cpp\n'}
[6.025858] (px4_msgs) StdoutLine: {'line': b'-- Up-to-date: /home/pavel/ws_ros2/install/px4_msgs/include/px4_msgs/px4_msgs/msg/detail/parameter_set_used_request__rosidl_typesupport_introspection_cpp.hpp\n'}
[6.025919] (px4_msgs) StdoutLine: {'line': b'-- Up-to-date: /home/pavel/ws_ros2/install/px4_msgs/include/px4_msgs/px4_msgs/msg/detail/vehicle_constraints__rosidl_typesupport_introspection_cpp.hpp\n'}
[6.025978] (px4_msgs) StdoutLine: {'line': b'-- Up-to-date: /home/pavel/ws_ros2/install/px4_msgs/include/px4_msgs/px4_msgs/msg/detail/vehicle_attitude__rosidl_typesupport_introspection_cpp.hpp\n'}
[6.026038] (px4_msgs) StdoutLine: {'line': b'-- Up-to-date: /home/pavel/ws_ros2/install/px4_msgs/include/px4_msgs/px4_msgs/msg/detail/system_power__type_support.cpp\n'}
[6.026098] (px4_msgs) StdoutLine: {'line': b'-- Up-to-date: /home/pavel/ws_ros2/install/px4_msgs/include/px4_msgs/px4_msgs/msg/detail/navigator_mission_item__type_support.cpp\n'}
[6.026157] (px4_msgs) StdoutLine: {'line': b'-- Up-to-date: /home/pavel/ws_ros2/install/px4_msgs/include/px4_msgs/px4_msgs/msg/detail/vehicle_attitude_setpoint__type_support.cpp\n'}
[6.026220] (px4_msgs) StdoutLine: {'line': b'-- Up-to-date: /home/pavel/ws_ros2/install/px4_msgs/include/px4_msgs/px4_msgs/msg/detail/landing_gear__rosidl_typesupport_introspection_cpp.hpp\n'}
[6.026280] (px4_msgs) StdoutLine: {'line': b'-- Up-to-date: /home/pavel/ws_ros2/install/px4_msgs/include/px4_msgs/px4_msgs/msg/detail/rpm__rosidl_typesupport_introspection_cpp.hpp\n'}
[6.026339] (px4_msgs) StdoutLine: {'line': b'-- Up-to-date: /home/pavel/ws_ros2/install/px4_msgs/include/px4_msgs/px4_msgs/msg/detail/mount_orientation__type_support.cpp\n'}
[6.026399] (px4_msgs) StdoutLine: {'line': b'-- Up-to-date: /home/pavel/ws_ros2/install/px4_msgs/include/px4_msgs/px4_msgs/msg/detail/mag_worker_data__rosidl_typesupport_introspection_cpp.hpp\n'}
[6.026458] (px4_msgs) StdoutLine: {'line': b'-- Up-to-date: /home/pavel/ws_ros2/install/px4_msgs/include/px4_msgs/px4_msgs/msg/detail/radio_status__rosidl_typesupport_introspection_cpp.hpp\n'}
[6.026517] (px4_msgs) StdoutLine: {'line': b'-- Up-to-date: /home/pavel/ws_ros2/install/px4_msgs/include/px4_msgs/px4_msgs/msg/detail/ekf2_timestamps__type_support.cpp\n'}
[6.026582] (px4_msgs) StdoutLine: {'line': b'-- Up-to-date: /home/pavel/ws_ros2/install/px4_msgs/include/px4_msgs/px4_msgs/msg/detail/home_position__rosidl_typesupport_introspection_cpp.hpp\n'}
[6.026652] (px4_msgs) StdoutLine: {'line': b'-- Up-to-date: /home/pavel/ws_ros2/install/px4_msgs/include/px4_msgs/px4_msgs/msg/detail/iridiumsbd_status__rosidl_typesupport_introspection_cpp.hpp\n'}
[6.026711] (px4_msgs) StdoutLine: {'line': b'-- Up-to-date: /home/pavel/ws_ros2/install/px4_msgs/include/px4_msgs/px4_msgs/msg/detail/launch_detection_status__rosidl_typesupport_introspection_cpp.hpp\n'}
[6.026770] (px4_msgs) StdoutLine: {'line': b'-- Up-to-date: /home/pavel/ws_ros2/install/px4_msgs/include/px4_msgs/px4_msgs/msg/detail/vehicle_local_position__type_support.cpp\n'}
[6.026829] (px4_msgs) StdoutLine: {'line': b'-- Up-to-date: /home/pavel/ws_ros2/install/px4_msgs/include/px4_msgs/px4_msgs/msg/detail/gimbal_manager_set_attitude__rosidl_typesupport_introspection_cpp.hpp\n'}
[6.026888] (px4_msgs) StdoutLine: {'line': b'-- Up-to-date: /home/pavel/ws_ros2/install/px4_msgs/include/px4_msgs/px4_msgs/msg/detail/gimbal_manager_status__type_support.cpp\n'}
[6.026947] (px4_msgs) StdoutLine: {'line': b'-- Up-to-date: /home/pavel/ws_ros2/install/px4_msgs/include/px4_msgs/px4_msgs/msg/detail/dataman_response__type_support.cpp\n'}
[6.027006] (px4_msgs) StdoutLine: {'line': b'-- Up-to-date: /home/pavel/ws_ros2/install/px4_msgs/include/px4_msgs/px4_msgs/msg/detail/follow_target__type_support.cpp\n'}
[6.027065] (px4_msgs) StdoutLine: {'line': b'-- Up-to-date: /home/pavel/ws_ros2/install/px4_msgs/include/px4_msgs/px4_msgs/msg/detail/estimator_selector_status__type_support.cpp\n'}
[6.027125] (px4_msgs) StdoutLine: {'line': b'-- Up-to-date: /home/pavel/ws_ros2/install/px4_msgs/include/px4_msgs/px4_msgs/msg/detail/vehicle_control_mode__rosidl_typesupport_introspection_cpp.hpp\n'}
[6.027184] (px4_msgs) StdoutLine: {'line': b'-- Up-to-date: /home/pavel/ws_ros2/install/px4_msgs/include/px4_msgs/px4_msgs/msg/detail/sensor_hygrometer__type_support.cpp\n'}
[6.027243] (px4_msgs) StdoutLine: {'line': b'-- Up-to-date: /home/pavel/ws_ros2/install/px4_msgs/include/px4_msgs/px4_msgs/msg/detail/logger_status__rosidl_typesupport_introspection_cpp.hpp\n'}
[6.027301] (px4_msgs) StdoutLine: {'line': b'-- Up-to-date: /home/pavel/ws_ros2/install/px4_msgs/include/px4_msgs/px4_msgs/msg/detail/generator_status__type_support.cpp\n'}
[6.027360] (px4_msgs) StdoutLine: {'line': b'-- Up-to-date: /home/pavel/ws_ros2/install/px4_msgs/include/px4_msgs/px4_msgs/msg/detail/tune_control__rosidl_typesupport_introspection_cpp.hpp\n'}
[6.027420] (px4_msgs) StdoutLine: {'line': b'-- Up-to-date: /home/pavel/ws_ros2/install/px4_msgs/include/px4_msgs/px4_msgs/msg/detail/estimator_status__type_support.cpp\n'}
[6.027479] (px4_msgs) StdoutLine: {'line': b'-- Up-to-date: /home/pavel/ws_ros2/install/px4_msgs/include/px4_msgs/px4_msgs/msg/detail/task_stack_info__type_support.cpp\n'}
[6.027539] (px4_msgs) StdoutLine: {'line': b'-- Up-to-date: /home/pavel/ws_ros2/install/px4_msgs/include/px4_msgs/px4_msgs/msg/detail/qshell_retval__rosidl_typesupport_introspection_cpp.hpp\n'}
[6.027641] (px4_msgs) StdoutLine: {'line': b'-- Up-to-date: /home/pavel/ws_ros2/install/px4_msgs/include/px4_msgs/px4_msgs/msg/detail/telemetry_status__type_support.cpp\n'}
[6.027756] (px4_msgs) StdoutLine: {'line': b'-- Up-to-date: /home/pavel/ws_ros2/install/px4_msgs/include/px4_msgs/px4_msgs/msg/detail/led_control__rosidl_typesupport_introspection_cpp.hpp\n'}
[6.027893] (px4_msgs) StdoutLine: {'line': b'-- Up-to-date: /home/pavel/ws_ros2/install/px4_msgs/include/px4_msgs/px4_msgs/msg/detail/position_controller_landing_status__rosidl_typesupport_introspection_cpp.hpp\n'}
[6.028002] (px4_msgs) StdoutLine: {'line': b'-- Up-to-date: /home/pavel/ws_ros2/install/px4_msgs/include/px4_msgs/px4_msgs/msg/detail/follow_target_estimator__type_support.cpp\n'}
[6.028113] (px4_msgs) StdoutLine: {'line': b'-- Up-to-date: /home/pavel/ws_ros2/install/px4_msgs/include/px4_msgs/px4_msgs/msg/detail/sensors_status__type_support.cpp\n'}
[6.028254] (px4_msgs) StdoutLine: {'line': b'-- Up-to-date: /home/pavel/ws_ros2/install/px4_msgs/include/px4_msgs/px4_msgs/msg/detail/debug_value__type_support.cpp\n'}
[6.028362] (px4_msgs) StdoutLine: {'line': b'-- Up-to-date: /home/pavel/ws_ros2/install/px4_msgs/include/px4_msgs/px4_msgs/msg/detail/gimbal_device_information__rosidl_typesupport_introspection_cpp.hpp\n'}
[6.028474] (px4_msgs) StdoutLine: {'line': b'-- Up-to-date: /home/pavel/ws_ros2/install/px4_msgs/include/px4_msgs/px4_msgs/msg/detail/fuel_tank_status__rosidl_typesupport_introspection_cpp.hpp\n'}
[6.028614] (px4_msgs) StdoutLine: {'line': b'-- Up-to-date: /home/pavel/ws_ros2/install/px4_msgs/include/px4_msgs/px4_msgs/msg/detail/vehicle_imu_status__type_support.cpp\n'}
[6.028733] (px4_msgs) StdoutLine: {'line': b'-- Up-to-date: /home/pavel/ws_ros2/install/px4_msgs/include/px4_msgs/px4_msgs/msg/detail/vehicle_thrust_setpoint__type_support.cpp\n'}
[6.028845] (px4_msgs) StdoutLine: {'line': b'-- Up-to-date: /home/pavel/ws_ros2/install/px4_msgs/include/px4_msgs/px4_msgs/msg/detail/sensor_gyro_fft__type_support.cpp\n'}
[6.028951] (px4_msgs) StdoutLine: {'line': b'-- Up-to-date: /home/pavel/ws_ros2/install/px4_msgs/include/px4_msgs/px4_msgs/msg/detail/debug_key_value__rosidl_typesupport_introspection_cpp.hpp\n'}
[6.029062] (px4_msgs) StdoutLine: {'line': b'-- Up-to-date: /home/pavel/ws_ros2/install/px4_msgs/include/px4_msgs/px4_msgs/msg/detail/vehicle_trajectory_waypoint__rosidl_typesupport_introspection_cpp.hpp\n'}
[6.029172] (px4_msgs) StdoutLine: {'line': b'-- Up-to-date: /home/pavel/ws_ros2/install/px4_msgs/include/px4_msgs/px4_msgs/msg/detail/failure_detector_status__rosidl_typesupport_introspection_cpp.hpp\n'}
[6.029309] (px4_msgs) StdoutLine: {'line': b'-- Up-to-date: /home/pavel/ws_ros2/install/px4_msgs/include/px4_msgs/px4_msgs/msg/detail/dataman_request__type_support.cpp\n'}
[6.029419] (px4_msgs) StdoutLine: {'line': b'-- Up-to-date: /home/pavel/ws_ros2/install/px4_msgs/include/px4_msgs/px4_msgs/msg/detail/buffer128__rosidl_typesupport_introspection_cpp.hpp\n'}
[6.029534] (px4_msgs) StdoutLine: {'line': b'-- Up-to-date: /home/pavel/ws_ros2/install/px4_msgs/include/px4_msgs/px4_msgs/msg/detail/register_ext_component_request__type_support.cpp\n'}
[6.029659] (px4_msgs) StdoutLine: {'line': b'-- Up-to-date: /home/pavel/ws_ros2/install/px4_msgs/include/px4_msgs/px4_msgs/msg/detail/px4io_status__rosidl_typesupport_introspection_cpp.hpp\n'}
[6.029764] (px4_msgs) StdoutLine: {'line': b'-- Up-to-date: /home/pavel/ws_ros2/install/px4_msgs/include/px4_msgs/px4_msgs/msg/detail/camera_status__rosidl_typesupport_introspection_cpp.hpp\n'}
[6.029899] (px4_msgs) StdoutLine: {'line': b'-- Up-to-date: /home/pavel/ws_ros2/install/px4_msgs/include/px4_msgs/px4_msgs/msg/detail/sensor_hygrometer__rosidl_typesupport_introspection_cpp.hpp\n'}
[6.030037] (px4_msgs) StdoutLine: {'line': b'-- Up-to-date: /home/pavel/ws_ros2/install/px4_msgs/include/px4_msgs/px4_msgs/msg/detail/pwm_input__rosidl_typesupport_introspection_cpp.hpp\n'}
[6.030148] (px4_msgs) StdoutLine: {'line': b'-- Up-to-date: /home/pavel/ws_ros2/install/px4_msgs/lib/libpx4_msgs__rosidl_typesupport_introspection_cpp.so\n'}
[6.030259] (px4_msgs) StdoutLine: {'line': b'-- Up-to-date: /home/pavel/ws_ros2/install/px4_msgs/lib/libpx4_msgs__rosidl_typesupport_cpp.so\n'}
[6.030365] (px4_msgs) StdoutLine: {'line': b'-- Up-to-date: /home/pavel/ws_ros2/install/px4_msgs/share/px4_msgs/environment/pythonpath.sh\n'}
[6.030478] (px4_msgs) StdoutLine: {'line': b'-- Up-to-date: /home/pavel/ws_ros2/install/px4_msgs/share/px4_msgs/environment/pythonpath.dsv\n'}
[6.030594] (px4_msgs) StdoutLine: {'line': b'-- Up-to-date: /home/pavel/ws_ros2/install/px4_msgs/local/lib/python3.10/dist-packages/px4_msgs-2.0.1-py3.10.egg-info\n'}
[6.030739] (px4_msgs) StdoutLine: {'line': b'-- Installing: /home/pavel/ws_ros2/install/px4_msgs/local/lib/python3.10/dist-packages/px4_msgs-2.0.1-py3.10.egg-info/dependency_links.txt\n'}
[6.030852] (px4_msgs) StdoutLine: {'line': b'-- Installing: /home/pavel/ws_ros2/install/px4_msgs/local/lib/python3.10/dist-packages/px4_msgs-2.0.1-py3.10.egg-info/PKG-INFO\n'}
[6.030965] (px4_msgs) StdoutLine: {'line': b'-- Installing: /home/pavel/ws_ros2/install/px4_msgs/local/lib/python3.10/dist-packages/px4_msgs-2.0.1-py3.10.egg-info/top_level.txt\n'}
[6.031081] (px4_msgs) StdoutLine: {'line': b'-- Installing: /home/pavel/ws_ros2/install/px4_msgs/local/lib/python3.10/dist-packages/px4_msgs-2.0.1-py3.10.egg-info/SOURCES.txt\n'}
[6.031184] (px4_msgs) StdoutLine: {'line': b'-- Up-to-date: /home/pavel/ws_ros2/install/px4_msgs/local/lib/python3.10/dist-packages/px4_msgs\n'}
[6.031325] (px4_msgs) StdoutLine: {'line': b'-- Up-to-date: /home/pavel/ws_ros2/install/px4_msgs/local/lib/python3.10/dist-packages/px4_msgs/_px4_msgs_s.ep.rosidl_typesupport_introspection_c.c\n'}
[6.031437] (px4_msgs) StdoutLine: {'line': b'-- Up-to-date: /home/pavel/ws_ros2/install/px4_msgs/local/lib/python3.10/dist-packages/px4_msgs/__init__.py\n'}
[6.031538] (px4_msgs) StdoutLine: {'line': b'-- Up-to-date: /home/pavel/ws_ros2/install/px4_msgs/local/lib/python3.10/dist-packages/px4_msgs/px4_msgs_s__rosidl_typesupport_fastrtps_c.cpython-310-x86_64-linux-gnu.so\n'}
[6.031697] (px4_msgs) StdoutLine: {'line': b'-- Up-to-date: /home/pavel/ws_ros2/install/px4_msgs/local/lib/python3.10/dist-packages/px4_msgs/_px4_msgs_s.ep.rosidl_typesupport_fastrtps_c.c\n'}
[6.031811] (px4_msgs) StdoutLine: {'line': b'-- Up-to-date: /home/pavel/ws_ros2/install/px4_msgs/local/lib/python3.10/dist-packages/px4_msgs/libpx4_msgs__rosidl_generator_py.so\n'}
[6.031914] (px4_msgs) StdoutLine: {'line': b'-- Up-to-date: /home/pavel/ws_ros2/install/px4_msgs/local/lib/python3.10/dist-packages/px4_msgs/srv\n'}
[6.032054] (px4_msgs) StdoutLine: {'line': b'-- Up-to-date: /home/pavel/ws_ros2/install/px4_msgs/local/lib/python3.10/dist-packages/px4_msgs/srv/_vehicle_command_s.c\n'}
[6.032160] (px4_msgs) StdoutLine: {'line': b'-- Up-to-date: /home/pavel/ws_ros2/install/px4_msgs/local/lib/python3.10/dist-packages/px4_msgs/srv/__init__.py\n'}
[6.032273] (px4_msgs) StdoutLine: {'line': b'-- Up-to-date: /home/pavel/ws_ros2/install/px4_msgs/local/lib/python3.10/dist-packages/px4_msgs/srv/_vehicle_command.py\n'}
[6.032385] (px4_msgs) StdoutLine: {'line': b'-- Up-to-date: /home/pavel/ws_ros2/install/px4_msgs/local/lib/python3.10/dist-packages/px4_msgs/msg\n'}
[6.032518] (px4_msgs) StdoutLine: {'line': b'-- Up-to-date: /home/pavel/ws_ros2/install/px4_msgs/local/lib/python3.10/dist-packages/px4_msgs/msg/_vehicle_angular_acceleration_setpoint.py\n'}
[6.032642] (px4_msgs) StdoutLine: {'line': b'-- Up-to-date: /home/pavel/ws_ros2/install/px4_msgs/local/lib/python3.10/dist-packages/px4_msgs/msg/_control_allocator_status_s.c\n'}
[6.032760] (px4_msgs) StdoutLine: {'line': b'-- Up-to-date: /home/pavel/ws_ros2/install/px4_msgs/local/lib/python3.10/dist-packages/px4_msgs/msg/_rover_ackermann_guidance_status.py\n'}
[6.032869] (px4_msgs) StdoutLine: {'line': b'-- Up-to-date: /home/pavel/ws_ros2/install/px4_msgs/local/lib/python3.10/dist-packages/px4_msgs/msg/_offboard_control_mode.py\n'}
[6.032972] (px4_msgs) StdoutLine: {'line': b'-- Up-to-date: /home/pavel/ws_ros2/install/px4_msgs/local/lib/python3.10/dist-packages/px4_msgs/msg/_rtl_status_s.c\n'}
[6.033109] (px4_msgs) StdoutLine: {'line': b'-- Up-to-date: /home/pavel/ws_ros2/install/px4_msgs/local/lib/python3.10/dist-packages/px4_msgs/msg/_launch_detection_status_s.c\n'}
[6.033221] (px4_msgs) StdoutLine: {'line': b'-- Up-to-date: /home/pavel/ws_ros2/install/px4_msgs/local/lib/python3.10/dist-packages/px4_msgs/msg/_wind.py\n'}
[6.033323] (px4_msgs) StdoutLine: {'line': b'-- Up-to-date: /home/pavel/ws_ros2/install/px4_msgs/local/lib/python3.10/dist-packages/px4_msgs/msg/_npfg_status_s.c\n'}
[6.033462] (px4_msgs) StdoutLine: {'line': b'-- Up-to-date: /home/pavel/ws_ros2/install/px4_msgs/local/lib/python3.10/dist-packages/px4_msgs/msg/_action_request_s.c\n'}
[6.033572] (px4_msgs) StdoutLine: {'line': b'-- Up-to-date: /home/pavel/ws_ros2/install/px4_msgs/local/lib/python3.10/dist-packages/px4_msgs/msg/_logger_status_s.c\n'}
[6.033691] (px4_msgs) StdoutLine: {'line': b'-- Up-to-date: /home/pavel/ws_ros2/install/px4_msgs/local/lib/python3.10/dist-packages/px4_msgs/msg/_dataman_request.py\n'}
[6.033826] (px4_msgs) StdoutLine: {'line': b'-- Up-to-date: /home/pavel/ws_ros2/install/px4_msgs/local/lib/python3.10/dist-packages/px4_msgs/msg/_pwm_input_s.c\n'}
[6.033931] (px4_msgs) StdoutLine: {'line': b'-- Up-to-date: /home/pavel/ws_ros2/install/px4_msgs/local/lib/python3.10/dist-packages/px4_msgs/msg/_follow_target_s.c\n'}
[6.034044] (px4_msgs) StdoutLine: {'line': b'-- Up-to-date: /home/pavel/ws_ros2/install/px4_msgs/local/lib/python3.10/dist-packages/px4_msgs/msg/_rover_ackermann_guidance_status_s.c\n'}
[6.034155] (px4_msgs) StdoutLine: {'line': b'-- Up-to-date: /home/pavel/ws_ros2/install/px4_msgs/local/lib/python3.10/dist-packages/px4_msgs/msg/_tecs_status_s.c\n'}
[6.034289] (px4_msgs) StdoutLine: {'line': b'-- Up-to-date: /home/pavel/ws_ros2/install/px4_msgs/local/lib/python3.10/dist-packages/px4_msgs/msg/_power_monitor.py\n'}
[6.034398] (px4_msgs) StdoutLine: {'line': b'-- Up-to-date: /home/pavel/ws_ros2/install/px4_msgs/local/lib/python3.10/dist-packages/px4_msgs/msg/_differential_pressure_s.c\n'}
[6.034510] (px4_msgs) StdoutLine: {'line': b'-- Up-to-date: /home/pavel/ws_ros2/install/px4_msgs/local/lib/python3.10/dist-packages/px4_msgs/msg/_estimator_event_flags.py\n'}
[6.034623] (px4_msgs) StdoutLine: {'line': b'-- Up-to-date: /home/pavel/ws_ros2/install/px4_msgs/local/lib/python3.10/dist-packages/px4_msgs/msg/_estimator_bias.py\n'}
[6.034695] (px4_msgs) StdoutLine: {'line': b'-- Up-to-date: /home/pavel/ws_ros2/install/px4_msgs/local/lib/python3.10/dist-packages/px4_msgs/msg/_sensor_gyro_fifo.py\n'}
[6.034758] (px4_msgs) StdoutLine: {'line': b'-- Up-to-date: /home/pavel/ws_ros2/install/px4_msgs/local/lib/python3.10/dist-packages/px4_msgs/msg/_follow_target.py\n'}
[6.034819] (px4_msgs) StdoutLine: {'line': b'-- Up-to-date: /home/pavel/ws_ros2/install/px4_msgs/local/lib/python3.10/dist-packages/px4_msgs/msg/_vehicle_constraints_s.c\n'}
[6.034880] (px4_msgs) StdoutLine: {'line': b'-- Up-to-date: /home/pavel/ws_ros2/install/px4_msgs/local/lib/python3.10/dist-packages/px4_msgs/msg/_sensor_uwb.py\n'}
[6.034940] (px4_msgs) StdoutLine: {'line': b'-- Up-to-date: /home/pavel/ws_ros2/install/px4_msgs/local/lib/python3.10/dist-packages/px4_msgs/msg/_arming_check_reply_s.c\n'}
[6.035010] (px4_msgs) StdoutLine: {'line': b'-- Up-to-date: /home/pavel/ws_ros2/install/px4_msgs/local/lib/python3.10/dist-packages/px4_msgs/msg/_estimator_states_s.c\n'}
[6.035075] (px4_msgs) StdoutLine: {'line': b'-- Up-to-date: /home/pavel/ws_ros2/install/px4_msgs/local/lib/python3.10/dist-packages/px4_msgs/msg/_gripper.py\n'}
[6.035137] (px4_msgs) StdoutLine: {'line': b'-- Up-to-date: /home/pavel/ws_ros2/install/px4_msgs/local/lib/python3.10/dist-packages/px4_msgs/msg/_gimbal_device_information.py\n'}
[6.035198] (px4_msgs) StdoutLine: {'line': b'-- Up-to-date: /home/pavel/ws_ros2/install/px4_msgs/local/lib/python3.10/dist-packages/px4_msgs/msg/_orbit_status_s.c\n'}
[6.035258] (px4_msgs) StdoutLine: {'line': b'-- Up-to-date: /home/pavel/ws_ros2/install/px4_msgs/local/lib/python3.10/dist-packages/px4_msgs/msg/_trajectory_waypoint.py\n'}
[6.035318] (px4_msgs) StdoutLine: {'line': b'-- Up-to-date: /home/pavel/ws_ros2/install/px4_msgs/local/lib/python3.10/dist-packages/px4_msgs/msg/_estimator_status_flags.py\n'}
[6.035378] (px4_msgs) StdoutLine: {'line': b'-- Up-to-date: /home/pavel/ws_ros2/install/px4_msgs/local/lib/python3.10/dist-packages/px4_msgs/msg/_vehicle_global_position.py\n'}
[6.035438] (px4_msgs) StdoutLine: {'line': b'-- Up-to-date: /home/pavel/ws_ros2/install/px4_msgs/local/lib/python3.10/dist-packages/px4_msgs/msg/_can_interface_status_s.c\n'}
[6.035499] (px4_msgs) StdoutLine: {'line': b'-- Up-to-date: /home/pavel/ws_ros2/install/px4_msgs/local/lib/python3.10/dist-packages/px4_msgs/msg/_parameter_update_s.c\n'}
[6.035560] (px4_msgs) StdoutLine: {'line': b'-- Up-to-date: /home/pavel/ws_ros2/install/px4_msgs/local/lib/python3.10/dist-packages/px4_msgs/msg/_geofence_result_s.c\n'}
[6.035631] (px4_msgs) StdoutLine: {'line': b'-- Up-to-date: /home/pavel/ws_ros2/install/px4_msgs/local/lib/python3.10/dist-packages/px4_msgs/msg/_transponder_report.py\n'}
[6.035698] (px4_msgs) StdoutLine: {'line': b'-- Up-to-date: /home/pavel/ws_ros2/install/px4_msgs/local/lib/python3.10/dist-packages/px4_msgs/msg/_vehicle_optical_flow.py\n'}
[6.035760] (px4_msgs) StdoutLine: {'line': b'-- Up-to-date: /home/pavel/ws_ros2/install/px4_msgs/local/lib/python3.10/dist-packages/px4_msgs/msg/_navigator_mission_item_s.c\n'}
[6.035837] (px4_msgs) StdoutLine: {'line': b'-- Up-to-date: /home/pavel/ws_ros2/install/px4_msgs/local/lib/python3.10/dist-packages/px4_msgs/msg/_action_request.py\n'}
[6.035911] (px4_msgs) StdoutLine: {'line': b'-- Up-to-date: /home/pavel/ws_ros2/install/px4_msgs/local/lib/python3.10/dist-packages/px4_msgs/msg/_gimbal_manager_status.py\n'}
[6.035986] (px4_msgs) StdoutLine: {'line': b'-- Up-to-date: /home/pavel/ws_ros2/install/px4_msgs/local/lib/python3.10/dist-packages/px4_msgs/msg/_ekf2_timestamps.py\n'}
[6.036061] (px4_msgs) StdoutLine: {'line': b'-- Up-to-date: /home/pavel/ws_ros2/install/px4_msgs/local/lib/python3.10/dist-packages/px4_msgs/msg/_actuator_test.py\n'}
[6.036136] (px4_msgs) StdoutLine: {'line': b'-- Up-to-date: /home/pavel/ws_ros2/install/px4_msgs/local/lib/python3.10/dist-packages/px4_msgs/msg/_can_interface_status.py\n'}
[6.036210] (px4_msgs) StdoutLine: {'line': b'-- Up-to-date: /home/pavel/ws_ros2/install/px4_msgs/local/lib/python3.10/dist-packages/px4_msgs/msg/_generator_status.py\n'}
[6.036284] (px4_msgs) StdoutLine: {'line': b'-- Up-to-date: /home/pavel/ws_ros2/install/px4_msgs/local/lib/python3.10/dist-packages/px4_msgs/msg/_parameter_set_used_request.py\n'}
[6.036358] (px4_msgs) StdoutLine: {'line': b'-- Up-to-date: /home/pavel/ws_ros2/install/px4_msgs/local/lib/python3.10/dist-packages/px4_msgs/msg/_mag_worker_data_s.c\n'}
[6.036432] (px4_msgs) StdoutLine: {'line': b'-- Up-to-date: /home/pavel/ws_ros2/install/px4_msgs/local/lib/python3.10/dist-packages/px4_msgs/msg/_health_report.py\n'}
[6.036505] (px4_msgs) StdoutLine: {'line': b'-- Up-to-date: /home/pavel/ws_ros2/install/px4_msgs/local/lib/python3.10/dist-packages/px4_msgs/msg/_vehicle_command_s.c\n'}
[6.036584] (px4_msgs) StdoutLine: {'line': b'-- Up-to-date: /home/pavel/ws_ros2/install/px4_msgs/local/lib/python3.10/dist-packages/px4_msgs/msg/_vehicle_optical_flow_vel_s.c\n'}
[6.036682] (px4_msgs) StdoutLine: {'line': b'-- Up-to-date: /home/pavel/ws_ros2/install/px4_msgs/local/lib/python3.10/dist-packages/px4_msgs/msg/_estimator_event_flags_s.c\n'}
[6.036744] (px4_msgs) StdoutLine: {'line': b'-- Up-to-date: /home/pavel/ws_ros2/install/px4_msgs/local/lib/python3.10/dist-packages/px4_msgs/msg/_gpio_config_s.c\n'}
[6.036818] (px4_msgs) StdoutLine: {'line': b'-- Up-to-date: /home/pavel/ws_ros2/install/px4_msgs/local/lib/python3.10/dist-packages/px4_msgs/msg/_fuel_tank_status.py\n'}
[6.036892] (px4_msgs) StdoutLine: {'line': b'-- Up-to-date: /home/pavel/ws_ros2/install/px4_msgs/local/lib/python3.10/dist-packages/px4_msgs/msg/_parameter_set_value_response_s.c\n'}
[6.036965] (px4_msgs) StdoutLine: {'line': b'-- Up-to-date: /home/pavel/ws_ros2/install/px4_msgs/local/lib/python3.10/dist-packages/px4_msgs/msg/_parameter_set_used_request_s.c\n'}
[6.037039] (px4_msgs) StdoutLine: {'line': b'-- Up-to-date: /home/pavel/ws_ros2/install/px4_msgs/local/lib/python3.10/dist-packages/px4_msgs/msg/_sensor_gyro.py\n'}
[6.037113] (px4_msgs) StdoutLine: {'line': b'-- Up-to-date: /home/pavel/ws_ros2/install/px4_msgs/local/lib/python3.10/dist-packages/px4_msgs/msg/_actuator_motors_s.c\n'}
[6.037187] (px4_msgs) StdoutLine: {'line': b'-- Up-to-date: /home/pavel/ws_ros2/install/px4_msgs/local/lib/python3.10/dist-packages/px4_msgs/msg/_satellite_info_s.c\n'}
[6.037283] (px4_msgs) StdoutLine: {'line': b'-- Up-to-date: /home/pavel/ws_ros2/install/px4_msgs/local/lib/python3.10/dist-packages/px4_msgs/msg/_buffer128_s.c\n'}
[6.037352] (px4_msgs) StdoutLine: {'line': b'-- Up-to-date: /home/pavel/ws_ros2/install/px4_msgs/local/lib/python3.10/dist-packages/px4_msgs/msg/_vehicle_roi_s.c\n'}
[6.037413] (px4_msgs) StdoutLine: {'line': b'-- Up-to-date: /home/pavel/ws_ros2/install/px4_msgs/local/lib/python3.10/dist-packages/px4_msgs/msg/_vehicle_optical_flow_s.c\n'}
[6.037477] (px4_msgs) StdoutLine: {'line': b'-- Up-to-date: /home/pavel/ws_ros2/install/px4_msgs/local/lib/python3.10/dist-packages/px4_msgs/msg/_sensor_correction.py\n'}
[6.037539] (px4_msgs) StdoutLine: {'line': b'-- Up-to-date: /home/pavel/ws_ros2/install/px4_msgs/local/lib/python3.10/dist-packages/px4_msgs/msg/_gimbal_device_attitude_status.py\n'}
[6.037632] (px4_msgs) StdoutLine: {'line': b'-- Up-to-date: /home/pavel/ws_ros2/install/px4_msgs/local/lib/python3.10/dist-packages/px4_msgs/msg/_vehicle_angular_velocity.py\n'}
[6.037697] (px4_msgs) StdoutLine: {'line': b'-- Up-to-date: /home/pavel/ws_ros2/install/px4_msgs/local/lib/python3.10/dist-packages/px4_msgs/msg/_sensors_status_s.c\n'}
[6.037758] (px4_msgs) StdoutLine: {'line': b'-- Up-to-date: /home/pavel/ws_ros2/install/px4_msgs/local/lib/python3.10/dist-packages/px4_msgs/msg/_estimator_innovations.py\n'}
[6.037818] (px4_msgs) StdoutLine: {'line': b'-- Up-to-date: /home/pavel/ws_ros2/install/px4_msgs/local/lib/python3.10/dist-packages/px4_msgs/msg/_geofence_status_s.c\n'}
[6.037893] (px4_msgs) StdoutLine: {'line': b'-- Up-to-date: /home/pavel/ws_ros2/install/px4_msgs/local/lib/python3.10/dist-packages/px4_msgs/msg/_sensor_gyro_fft_s.c\n'}
[6.037967] (px4_msgs) StdoutLine: {'line': b'-- Up-to-date: /home/pavel/ws_ros2/install/px4_msgs/local/lib/python3.10/dist-packages/px4_msgs/msg/_debug_array_s.c\n'}
[6.038041] (px4_msgs) StdoutLine: {'line': b'-- Up-to-date: /home/pavel/ws_ros2/install/px4_msgs/local/lib/python3.10/dist-packages/px4_msgs/msg/_event_s.c\n'}
[6.038116] (px4_msgs) StdoutLine: {'line': b'-- Up-to-date: /home/pavel/ws_ros2/install/px4_msgs/local/lib/python3.10/dist-packages/px4_msgs/msg/_qshell_retval.py\n'}
[6.038190] (px4_msgs) StdoutLine: {'line': b'-- Up-to-date: /home/pavel/ws_ros2/install/px4_msgs/local/lib/python3.10/dist-packages/px4_msgs/msg/_cpuload.py\n'}
[6.038264] (px4_msgs) StdoutLine: {'line': b'-- Up-to-date: /home/pavel/ws_ros2/install/px4_msgs/local/lib/python3.10/dist-packages/px4_msgs/msg/_actuator_servos.py\n'}
[6.038338] (px4_msgs) StdoutLine: {'line': b'-- Up-to-date: /home/pavel/ws_ros2/install/px4_msgs/local/lib/python3.10/dist-packages/px4_msgs/msg/_vehicle_attitude.py\n'}
[6.038412] (px4_msgs) StdoutLine: {'line': b'-- Up-to-date: /home/pavel/ws_ros2/install/px4_msgs/local/lib/python3.10/dist-packages/px4_msgs/msg/_position_controller_landing_status.py\n'}
[6.038485] (px4_msgs) StdoutLine: {'line': b'-- Up-to-date: /home/pavel/ws_ros2/install/px4_msgs/local/lib/python3.10/dist-packages/px4_msgs/msg/_register_ext_component_reply_s.c\n'}
[6.038559] (px4_msgs) StdoutLine: {'line': b'-- Up-to-date: /home/pavel/ws_ros2/install/px4_msgs/local/lib/python3.10/dist-packages/px4_msgs/msg/__init__.py\n'}
[6.038659] (px4_msgs) StdoutLine: {'line': b'-- Up-to-date: /home/pavel/ws_ros2/install/px4_msgs/local/lib/python3.10/dist-packages/px4_msgs/msg/_landing_gear_wheel_s.c\n'}
[6.038740] (px4_msgs) StdoutLine: {'line': b'-- Up-to-date: /home/pavel/ws_ros2/install/px4_msgs/local/lib/python3.10/dist-packages/px4_msgs/msg/_mavlink_tunnel.py\n'}
[6.038800] (px4_msgs) StdoutLine: {'line': b'-- Up-to-date: /home/pavel/ws_ros2/install/px4_msgs/local/lib/python3.10/dist-packages/px4_msgs/msg/_position_setpoint_triplet.py\n'}
[6.038860] (px4_msgs) StdoutLine: {'line': b'-- Up-to-date: /home/pavel/ws_ros2/install/px4_msgs/local/lib/python3.10/dist-packages/px4_msgs/msg/_pps_capture.py\n'}
[6.038919] (px4_msgs) StdoutLine: {'line': b'-- Up-to-date: /home/pavel/ws_ros2/install/px4_msgs/local/lib/python3.10/dist-packages/px4_msgs/msg/_position_controller_status_s.c\n'}
[6.038991] (px4_msgs) StdoutLine: {'line': b'-- Up-to-date: /home/pavel/ws_ros2/install/px4_msgs/local/lib/python3.10/dist-packages/px4_msgs/msg/_vehicle_attitude_setpoint.py\n'}
[6.039065] (px4_msgs) StdoutLine: {'line': b'-- Up-to-date: /home/pavel/ws_ros2/install/px4_msgs/local/lib/python3.10/dist-packages/px4_msgs/msg/_actuator_test_s.c\n'}
[6.039139] (px4_msgs) StdoutLine: {'line': b'-- Up-to-date: /home/pavel/ws_ros2/install/px4_msgs/local/lib/python3.10/dist-packages/px4_msgs/msg/_cellular_status_s.c\n'}
[6.039220] (px4_msgs) StdoutLine: {'line': b'-- Up-to-date: /home/pavel/ws_ros2/install/px4_msgs/local/lib/python3.10/dist-packages/px4_msgs/msg/_led_control_s.c\n'}
[6.039294] (px4_msgs) StdoutLine: {'line': b'-- Up-to-date: /home/pavel/ws_ros2/install/px4_msgs/local/lib/python3.10/dist-packages/px4_msgs/msg/_vtol_vehicle_status.py\n'}
[6.039368] (px4_msgs) StdoutLine: {'line': b'-- Up-to-date: /home/pavel/ws_ros2/install/px4_msgs/local/lib/python3.10/dist-packages/px4_msgs/msg/_tiltrotor_extra_controls.py\n'}
[6.039443] (px4_msgs) StdoutLine: {'line': b'-- Up-to-date: /home/pavel/ws_ros2/install/px4_msgs/local/lib/python3.10/dist-packages/px4_msgs/msg/_vehicle_acceleration.py\n'}
[6.039531] (px4_msgs) StdoutLine: {'line': b'-- Up-to-date: /home/pavel/ws_ros2/install/px4_msgs/local/lib/python3.10/dist-packages/px4_msgs/msg/_onboard_computer_status_s.c\n'}
[6.039617] (px4_msgs) StdoutLine: {'line': b'-- Up-to-date: /home/pavel/ws_ros2/install/px4_msgs/local/lib/python3.10/dist-packages/px4_msgs/msg/_position_controller_landing_status_s.c\n'}
[6.039682] (px4_msgs) StdoutLine: {'line': b'-- Up-to-date: /home/pavel/ws_ros2/install/px4_msgs/local/lib/python3.10/dist-packages/px4_msgs/msg/_failure_detector_status.py\n'}
[6.039751] (px4_msgs) StdoutLine: {'line': b'-- Up-to-date: /home/pavel/ws_ros2/install/px4_msgs/local/lib/python3.10/dist-packages/px4_msgs/msg/_unregister_ext_component_s.c\n'}
[6.039812] (px4_msgs) StdoutLine: {'line': b'-- Up-to-date: /home/pavel/ws_ros2/install/px4_msgs/local/lib/python3.10/dist-packages/px4_msgs/msg/_message_format_response_s.c\n'}
[6.039873] (px4_msgs) StdoutLine: {'line': b'-- Up-to-date: /home/pavel/ws_ros2/install/px4_msgs/local/lib/python3.10/dist-packages/px4_msgs/msg/_control_allocator_status.py\n'}
[6.039933] (px4_msgs) StdoutLine: {'line': b'-- Up-to-date: /home/pavel/ws_ros2/install/px4_msgs/local/lib/python3.10/dist-packages/px4_msgs/msg/_airspeed_s.c\n'}
[6.039994] (px4_msgs) StdoutLine: {'line': b'-- Up-to-date: /home/pavel/ws_ros2/install/px4_msgs/local/lib/python3.10/dist-packages/px4_msgs/msg/_sensor_combined.py\n'}
[6.040054] (px4_msgs) StdoutLine: {'line': b'-- Up-to-date: /home/pavel/ws_ros2/install/px4_msgs/local/lib/python3.10/dist-packages/px4_msgs/msg/_camera_capture.py\n'}
[6.040122] (px4_msgs) StdoutLine: {'line': b'-- Up-to-date: /home/pavel/ws_ros2/install/px4_msgs/local/lib/python3.10/dist-packages/px4_msgs/msg/_manual_control_switches_s.c\n'}
[6.040197] (px4_msgs) StdoutLine: {'line': b'-- Up-to-date: /home/pavel/ws_ros2/install/px4_msgs/local/lib/python3.10/dist-packages/px4_msgs/msg/_obstacle_distance.py\n'}
[6.040270] (px4_msgs) StdoutLine: {'line': b'-- Up-to-date: /home/pavel/ws_ros2/install/px4_msgs/local/lib/python3.10/dist-packages/px4_msgs/msg/_orb_test_s.c\n'}
[6.040344] (px4_msgs) StdoutLine: {'line': b'-- Up-to-date: /home/pavel/ws_ros2/install/px4_msgs/local/lib/python3.10/dist-packages/px4_msgs/msg/_debug_value_s.c\n'}
[6.040417] (px4_msgs) StdoutLine: {'line': b'-- Up-to-date: /home/pavel/ws_ros2/install/px4_msgs/local/lib/python3.10/dist-packages/px4_msgs/msg/_debug_vect_s.c\n'}
[6.040491] (px4_msgs) StdoutLine: {'line': b'-- Up-to-date: /home/pavel/ws_ros2/install/px4_msgs/local/lib/python3.10/dist-packages/px4_msgs/msg/_differential_drive_setpoint_s.c\n'}
[6.040565] (px4_msgs) StdoutLine: {'line': b'-- Up-to-date: /home/pavel/ws_ros2/install/px4_msgs/local/lib/python3.10/dist-packages/px4_msgs/msg/_gimbal_device_attitude_status_s.c\n'}
[6.040664] (px4_msgs) StdoutLine: {'line': b'-- Up-to-date: /home/pavel/ws_ros2/install/px4_msgs/local/lib/python3.10/dist-packages/px4_msgs/msg/_gpio_in_s.c\n'}
[6.040738] (px4_msgs) StdoutLine: {'line': b'-- Up-to-date: /home/pavel/ws_ros2/install/px4_msgs/local/lib/python3.10/dist-packages/px4_msgs/msg/_actuator_controls_status_s.c\n'}
[6.040812] (px4_msgs) StdoutLine: {'line': b'-- Up-to-date: /home/pavel/ws_ros2/install/px4_msgs/local/lib/python3.10/dist-packages/px4_msgs/msg/_vehicle_thrust_setpoint_s.c\n'}
[6.040891] (px4_msgs) StdoutLine: {'line': b'-- Up-to-date: /home/pavel/ws_ros2/install/px4_msgs/local/lib/python3.10/dist-packages/px4_msgs/msg/_uavcan_parameter_request_s.c\n'}
[6.040951] (px4_msgs) StdoutLine: {'line': b'-- Up-to-date: /home/pavel/ws_ros2/install/px4_msgs/local/lib/python3.10/dist-packages/px4_msgs/msg/_gimbal_manager_status_s.c\n'}
[6.041011] (px4_msgs) StdoutLine: {'line': b'-- Up-to-date: /home/pavel/ws_ros2/install/px4_msgs/local/lib/python3.10/dist-packages/px4_msgs/msg/_landing_gear_wheel.py\n'}
[6.041071] (px4_msgs) StdoutLine: {'line': b'-- Up-to-date: /home/pavel/ws_ros2/install/px4_msgs/local/lib/python3.10/dist-packages/px4_msgs/msg/_qshell_req_s.c\n'}
[6.041131] (px4_msgs) StdoutLine: {'line': b'-- Up-to-date: /home/pavel/ws_ros2/install/px4_msgs/local/lib/python3.10/dist-packages/px4_msgs/msg/_mission_result.py\n'}
[6.041192] (px4_msgs) StdoutLine: {'line': b'-- Up-to-date: /home/pavel/ws_ros2/install/px4_msgs/local/lib/python3.10/dist-packages/px4_msgs/msg/_gimbal_device_set_attitude.py\n'}
[6.041262] (px4_msgs) StdoutLine: {'line': b'-- Up-to-date: /home/pavel/ws_ros2/install/px4_msgs/local/lib/python3.10/dist-packages/px4_msgs/msg/_vehicle_rates_setpoint.py\n'}
[6.041336] (px4_msgs) StdoutLine: {'line': b'-- Up-to-date: /home/pavel/ws_ros2/install/px4_msgs/local/lib/python3.10/dist-packages/px4_msgs/msg/_gimbal_manager_information.py\n'}
[6.041410] (px4_msgs) StdoutLine: {'line': b'-- Up-to-date: /home/pavel/ws_ros2/install/px4_msgs/local/lib/python3.10/dist-packages/px4_msgs/msg/_yaw_estimator_status.py\n'}
[6.041484] (px4_msgs) StdoutLine: {'line': b'-- Up-to-date: /home/pavel/ws_ros2/install/px4_msgs/local/lib/python3.10/dist-packages/px4_msgs/msg/_estimator_bias3d.py\n'}
[6.041563] (px4_msgs) StdoutLine: {'line': b'-- Up-to-date: /home/pavel/ws_ros2/install/px4_msgs/local/lib/python3.10/dist-packages/px4_msgs/msg/_register_ext_component_reply.py\n'}
[6.041640] (px4_msgs) StdoutLine: {'line': b'-- Up-to-date: /home/pavel/ws_ros2/install/px4_msgs/local/lib/python3.10/dist-packages/px4_msgs/msg/_failsafe_flags.py\n'}
[6.041719] (px4_msgs) StdoutLine: {'line': b'-- Up-to-date: /home/pavel/ws_ros2/install/px4_msgs/local/lib/python3.10/dist-packages/px4_msgs/msg/_vehicle_imu_s.c\n'}
[6.041794] (px4_msgs) StdoutLine: {'line': b'-- Up-to-date: /home/pavel/ws_ros2/install/px4_msgs/local/lib/python3.10/dist-packages/px4_msgs/msg/_estimator_status_s.c\n'}
[6.041841] (px4_msgs) StdoutLine: {'line': b'-- Up-to-date: /home/pavel/ws_ros2/install/px4_msgs/local/lib/python3.10/dist-packages/px4_msgs/msg/_iridiumsbd_status.py\n'}
[6.041889] (px4_msgs) StdoutLine: {'line': b'-- Up-to-date: /home/pavel/ws_ros2/install/px4_msgs/local/lib/python3.10/dist-packages/px4_msgs/msg/_vehicle_air_data_s.c\n'}
[6.041940] (px4_msgs) StdoutLine: {'line': b'-- Up-to-date: /home/pavel/ws_ros2/install/px4_msgs/local/lib/python3.10/dist-packages/px4_msgs/msg/_telemetry_status.py\n'}
[6.042022] (px4_msgs) StdoutLine: {'line': b'-- Up-to-date: /home/pavel/ws_ros2/install/px4_msgs/local/lib/python3.10/dist-packages/px4_msgs/msg/_unregister_ext_component.py\n'}
[6.042089] (px4_msgs) StdoutLine: {'line': b'-- Up-to-date: /home/pavel/ws_ros2/install/px4_msgs/local/lib/python3.10/dist-packages/px4_msgs/msg/_log_message_s.c\n'}
[6.042156] (px4_msgs) StdoutLine: {'line': b'-- Up-to-date: /home/pavel/ws_ros2/install/px4_msgs/local/lib/python3.10/dist-packages/px4_msgs/msg/_gps_inject_data_s.c\n'}
[6.042208] (px4_msgs) StdoutLine: {'line': b'-- Up-to-date: /home/pavel/ws_ros2/install/px4_msgs/local/lib/python3.10/dist-packages/px4_msgs/msg/_position_setpoint_triplet_s.c\n'}
[6.042258] (px4_msgs) StdoutLine: {'line': b'-- Up-to-date: /home/pavel/ws_ros2/install/px4_msgs/local/lib/python3.10/dist-packages/px4_msgs/msg/_sensors_status_imu_s.c\n'}
[6.042308] (px4_msgs) StdoutLine: {'line': b'-- Up-to-date: /home/pavel/ws_ros2/install/px4_msgs/local/lib/python3.10/dist-packages/px4_msgs/msg/_event.py\n'}
[6.042359] (px4_msgs) StdoutLine: {'line': b'-- Up-to-date: /home/pavel/ws_ros2/install/px4_msgs/local/lib/python3.10/dist-packages/px4_msgs/msg/_vehicle_odometry_s.c\n'}
[6.042422] (px4_msgs) StdoutLine: {'line': b'-- Up-to-date: /home/pavel/ws_ros2/install/px4_msgs/local/lib/python3.10/dist-packages/px4_msgs/msg/_sensor_accel_fifo.py\n'}
[6.042472] (px4_msgs) StdoutLine: {'line': b'-- Up-to-date: /home/pavel/ws_ros2/install/px4_msgs/local/lib/python3.10/dist-packages/px4_msgs/msg/_estimator_bias3d_s.c\n'}
[6.042522] (px4_msgs) StdoutLine: {'line': b'-- Up-to-date: /home/pavel/ws_ros2/install/px4_msgs/local/lib/python3.10/dist-packages/px4_msgs/msg/_velocity_limits_s.c\n'}
[6.042572] (px4_msgs) StdoutLine: {'line': b'-- Up-to-date: /home/pavel/ws_ros2/install/px4_msgs/local/lib/python3.10/dist-packages/px4_msgs/msg/_tiltrotor_extra_controls_s.c\n'}
[6.042696] (px4_msgs) StdoutLine: {'line': b'-- Up-to-date: /home/pavel/ws_ros2/install/px4_msgs/local/lib/python3.10/dist-packages/px4_msgs/msg/_fuel_tank_status_s.c\n'}
[6.042745] (px4_msgs) StdoutLine: {'line': b'-- Up-to-date: /home/pavel/ws_ros2/install/px4_msgs/local/lib/python3.10/dist-packages/px4_msgs/msg/_sensor_hygrometer.py\n'}
[6.042790] (px4_msgs) StdoutLine: {'line': b'-- Up-to-date: /home/pavel/ws_ros2/install/px4_msgs/local/lib/python3.10/dist-packages/px4_msgs/msg/_airspeed_wind_s.c\n'}
[6.042836] (px4_msgs) StdoutLine: {'line': b'-- Up-to-date: /home/pavel/ws_ros2/install/px4_msgs/local/lib/python3.10/dist-packages/px4_msgs/msg/_message_format_response.py\n'}
[6.042882] (px4_msgs) StdoutLine: {'line': b'-- Up-to-date: /home/pavel/ws_ros2/install/px4_msgs/local/lib/python3.10/dist-packages/px4_msgs/msg/_ulog_stream_ack.py\n'}
[6.042931] (px4_msgs) StdoutLine: {'line': b'-- Up-to-date: /home/pavel/ws_ros2/install/px4_msgs/local/lib/python3.10/dist-packages/px4_msgs/msg/_magnetometer_bias_estimate.py\n'}
[6.042981] (px4_msgs) StdoutLine: {'line': b'-- Up-to-date: /home/pavel/ws_ros2/install/px4_msgs/local/lib/python3.10/dist-packages/px4_msgs/msg/_button_event.py\n'}
[6.043032] (px4_msgs) StdoutLine: {'line': b'-- Up-to-date: /home/pavel/ws_ros2/install/px4_msgs/local/lib/python3.10/dist-packages/px4_msgs/msg/_heater_status_s.c\n'}
[6.043083] (px4_msgs) StdoutLine: {'line': b'-- Up-to-date: /home/pavel/ws_ros2/install/px4_msgs/local/lib/python3.10/dist-packages/px4_msgs/msg/_launch_detection_status.py\n'}
[6.043133] (px4_msgs) StdoutLine: {'line': b'-- Up-to-date: /home/pavel/ws_ros2/install/px4_msgs/local/lib/python3.10/dist-packages/px4_msgs/msg/_register_ext_component_request_s.c\n'}
[6.043184] (px4_msgs) StdoutLine: {'line': b'-- Up-to-date: /home/pavel/ws_ros2/install/px4_msgs/local/lib/python3.10/dist-packages/px4_msgs/msg/_vtol_vehicle_status_s.c\n'}
[6.043234] (px4_msgs) StdoutLine: {'line': b'-- Up-to-date: /home/pavel/ws_ros2/install/px4_msgs/local/lib/python3.10/dist-packages/px4_msgs/msg/_vehicle_angular_acceleration_setpoint_s.c\n'}
[6.043285] (px4_msgs) StdoutLine: {'line': b'-- Up-to-date: /home/pavel/ws_ros2/install/px4_msgs/local/lib/python3.10/dist-packages/px4_msgs/msg/_airspeed_validated.py\n'}
[6.043336] (px4_msgs) StdoutLine: {'line': b'-- Up-to-date: /home/pavel/ws_ros2/install/px4_msgs/local/lib/python3.10/dist-packages/px4_msgs/msg/_tecs_status.py\n'}
[6.043408] (px4_msgs) StdoutLine: {'line': b'-- Up-to-date: /home/pavel/ws_ros2/install/px4_msgs/local/lib/python3.10/dist-packages/px4_msgs/msg/_cellular_status.py\n'}
[6.043456] (px4_msgs) StdoutLine: {'line': b'-- Up-to-date: /home/pavel/ws_ros2/install/px4_msgs/local/lib/python3.10/dist-packages/px4_msgs/msg/_failsafe_flags_s.c\n'}
[6.043501] (px4_msgs) StdoutLine: {'line': b'-- Up-to-date: /home/pavel/ws_ros2/install/px4_msgs/local/lib/python3.10/dist-packages/px4_msgs/msg/_system_power_s.c\n'}
[6.043546] (px4_msgs) StdoutLine: {'line': b'-- Up-to-date: /home/pavel/ws_ros2/install/px4_msgs/local/lib/python3.10/dist-packages/px4_msgs/msg/_mode_completed.py\n'}
[6.043597] (px4_msgs) StdoutLine: {'line': b'-- Up-to-date: /home/pavel/ws_ros2/install/px4_msgs/local/lib/python3.10/dist-packages/px4_msgs/msg/_sensor_mag_s.c\n'}
[6.043704] (px4_msgs) StdoutLine: {'line': b'-- Up-to-date: /home/pavel/ws_ros2/install/px4_msgs/local/lib/python3.10/dist-packages/px4_msgs/msg/_actuator_servos_trim.py\n'}
[6.043755] (px4_msgs) StdoutLine: {'line': b'-- Up-to-date: /home/pavel/ws_ros2/install/px4_msgs/local/lib/python3.10/dist-packages/px4_msgs/msg/_iridiumsbd_status_s.c\n'}
[6.043800] (px4_msgs) StdoutLine: {'line': b'-- Up-to-date: /home/pavel/ws_ros2/install/px4_msgs/local/lib/python3.10/dist-packages/px4_msgs/msg/_camera_status.py\n'}
[6.043851] (px4_msgs) StdoutLine: {'line': b'-- Up-to-date: /home/pavel/ws_ros2/install/px4_msgs/local/lib/python3.10/dist-packages/px4_msgs/msg/_vehicle_land_detected_s.c\n'}
[6.043897] (px4_msgs) StdoutLine: {'line': b'-- Up-to-date: /home/pavel/ws_ros2/install/px4_msgs/local/lib/python3.10/dist-packages/px4_msgs/msg/_sensors_status.py\n'}
[6.043945] (px4_msgs) StdoutLine: {'line': b'-- Up-to-date: /home/pavel/ws_ros2/install/px4_msgs/local/lib/python3.10/dist-packages/px4_msgs/msg/_landing_gear_s.c\n'}
[6.043995] (px4_msgs) StdoutLine: {'line': b'-- Up-to-date: /home/pavel/ws_ros2/install/px4_msgs/local/lib/python3.10/dist-packages/px4_msgs/msg/_sensors_status_imu.py\n'}
[6.044044] (px4_msgs) StdoutLine: {'line': b'-- Up-to-date: /home/pavel/ws_ros2/install/px4_msgs/local/lib/python3.10/dist-packages/px4_msgs/msg/_sensor_gps.py\n'}
[6.044094] (px4_msgs) StdoutLine: {'line': b'-- Up-to-date: /home/pavel/ws_ros2/install/px4_msgs/local/lib/python3.10/dist-packages/px4_msgs/msg/_ekf2_timestamps_s.c\n'}
[6.044144] (px4_msgs) StdoutLine: {'line': b'-- Up-to-date: /home/pavel/ws_ros2/install/px4_msgs/local/lib/python3.10/dist-packages/px4_msgs/msg/_vehicle_trajectory_waypoint.py\n'}
[6.044194] (px4_msgs) StdoutLine: {'line': b'-- Up-to-date: /home/pavel/ws_ros2/install/px4_msgs/local/lib/python3.10/dist-packages/px4_msgs/msg/_cpuload_s.c\n'}
[6.044244] (px4_msgs) StdoutLine: {'line': b'-- Up-to-date: /home/pavel/ws_ros2/install/px4_msgs/local/lib/python3.10/dist-packages/px4_msgs/msg/_yaw_estimator_status_s.c\n'}
[6.044294] (px4_msgs) StdoutLine: {'line': b'-- Up-to-date: /home/pavel/ws_ros2/install/px4_msgs/local/lib/python3.10/dist-packages/px4_msgs/msg/_vehicle_global_position_s.c\n'}
[6.044344] (px4_msgs) StdoutLine: {'line': b'-- Up-to-date: /home/pavel/ws_ros2/install/px4_msgs/local/lib/python3.10/dist-packages/px4_msgs/msg/_vehicle_trajectory_bezier_s.c\n'}
[6.044394] (px4_msgs) StdoutLine: {'line': b'-- Up-to-date: /home/pavel/ws_ros2/install/px4_msgs/local/lib/python3.10/dist-packages/px4_msgs/msg/_adc_report.py\n'}
[6.044444] (px4_msgs) StdoutLine: {'line': b'-- Up-to-date: /home/pavel/ws_ros2/install/px4_msgs/local/lib/python3.10/dist-packages/px4_msgs/msg/_velocity_limits.py\n'}
[6.044494] (px4_msgs) StdoutLine: {'line': b'-- Up-to-date: /home/pavel/ws_ros2/install/px4_msgs/local/lib/python3.10/dist-packages/px4_msgs/msg/_timesync_status.py\n'}
[6.044544] (px4_msgs) StdoutLine: {'line': b'-- Up-to-date: /home/pavel/ws_ros2/install/px4_msgs/local/lib/python3.10/dist-packages/px4_msgs/msg/_arming_check_reply.py\n'}
[6.044622] (px4_msgs) StdoutLine: {'line': b'-- Up-to-date: /home/pavel/ws_ros2/install/px4_msgs/local/lib/python3.10/dist-packages/px4_msgs/msg/_sensor_preflight_mag.py\n'}
[6.044712] (px4_msgs) StdoutLine: {'line': b'-- Up-to-date: /home/pavel/ws_ros2/install/px4_msgs/local/lib/python3.10/dist-packages/px4_msgs/msg/_gimbal_manager_set_manual_control_s.c\n'}
[6.044764] (px4_msgs) StdoutLine: {'line': b'-- Up-to-date: /home/pavel/ws_ros2/install/px4_msgs/local/lib/python3.10/dist-packages/px4_msgs/msg/_telemetry_status_s.c\n'}
[6.044814] (px4_msgs) StdoutLine: {'line': b'-- Up-to-date: /home/pavel/ws_ros2/install/px4_msgs/local/lib/python3.10/dist-packages/px4_msgs/msg/_vehicle_constraints.py\n'}
[6.044864] (px4_msgs) StdoutLine: {'line': b'-- Up-to-date: /home/pavel/ws_ros2/install/px4_msgs/local/lib/python3.10/dist-packages/px4_msgs/msg/_led_control.py\n'}
[6.044914] (px4_msgs) StdoutLine: {'line': b'-- Up-to-date: /home/pavel/ws_ros2/install/px4_msgs/local/lib/python3.10/dist-packages/px4_msgs/msg/_vehicle_acceleration_s.c\n'}
[6.044965] (px4_msgs) StdoutLine: {'line': b'-- Up-to-date: /home/pavel/ws_ros2/install/px4_msgs/local/lib/python3.10/dist-packages/px4_msgs/msg/_timesync_status_s.c\n'}
[6.045030] (px4_msgs) StdoutLine: {'line': b'-- Up-to-date: /home/pavel/ws_ros2/install/px4_msgs/local/lib/python3.10/dist-packages/px4_msgs/msg/_arming_check_request_s.c\n'}
[6.045079] (px4_msgs) StdoutLine: {'line': b'-- Up-to-date: /home/pavel/ws_ros2/install/px4_msgs/local/lib/python3.10/dist-packages/px4_msgs/msg/_camera_capture_s.c\n'}
[6.045125] (px4_msgs) StdoutLine: {'line': b'-- Up-to-date: /home/pavel/ws_ros2/install/px4_msgs/local/lib/python3.10/dist-packages/px4_msgs/msg/_collision_report.py\n'}
[6.045170] (px4_msgs) StdoutLine: {'line': b'-- Up-to-date: /home/pavel/ws_ros2/install/px4_msgs/local/lib/python3.10/dist-packages/px4_msgs/msg/_rate_ctrl_status.py\n'}
[6.045216] (px4_msgs) StdoutLine: {'line': b'-- Up-to-date: /home/pavel/ws_ros2/install/px4_msgs/local/lib/python3.10/dist-packages/px4_msgs/msg/_vehicle_torque_setpoint_s.c\n'}
[6.045265] (px4_msgs) StdoutLine: {'line': b'-- Up-to-date: /home/pavel/ws_ros2/install/px4_msgs/local/lib/python3.10/dist-packages/px4_msgs/msg/_power_monitor_s.c\n'}
[6.045315] (px4_msgs) StdoutLine: {'line': b'-- Up-to-date: /home/pavel/ws_ros2/install/px4_msgs/local/lib/python3.10/dist-packages/px4_msgs/msg/_vehicle_status_s.c\n'}
[6.045365] (px4_msgs) StdoutLine: {'line': b'-- Up-to-date: /home/pavel/ws_ros2/install/px4_msgs/local/lib/python3.10/dist-packages/px4_msgs/msg/_landing_target_pose.py\n'}
[6.045415] (px4_msgs) StdoutLine: {'line': b'-- Up-to-date: /home/pavel/ws_ros2/install/px4_msgs/local/lib/python3.10/dist-packages/px4_msgs/msg/_autotune_attitude_control_status.py\n'}
[6.045465] (px4_msgs) StdoutLine: {'line': b'-- Up-to-date: /home/pavel/ws_ros2/install/px4_msgs/local/lib/python3.10/dist-packages/px4_msgs/msg/_heater_status.py\n'}
[6.045514] (px4_msgs) StdoutLine: {'line': b'-- Up-to-date: /home/pavel/ws_ros2/install/px4_msgs/local/lib/python3.10/dist-packages/px4_msgs/msg/_vehicle_command.py\n'}
[6.045563] (px4_msgs) StdoutLine: {'line': b'-- Up-to-date: /home/pavel/ws_ros2/install/px4_msgs/local/lib/python3.10/dist-packages/px4_msgs/msg/_follow_target_status.py\n'}
[6.045680] (px4_msgs) StdoutLine: {'line': b'-- Up-to-date: /home/pavel/ws_ros2/install/px4_msgs/local/lib/python3.10/dist-packages/px4_msgs/msg/_ulog_stream_ack_s.c\n'}
[6.045729] (px4_msgs) StdoutLine: {'line': b'-- Up-to-date: /home/pavel/ws_ros2/install/px4_msgs/local/lib/python3.10/dist-packages/px4_msgs/msg/_landing_target_pose_s.c\n'}
[6.045774] (px4_msgs) StdoutLine: {'line': b'-- Up-to-date: /home/pavel/ws_ros2/install/px4_msgs/local/lib/python3.10/dist-packages/px4_msgs/msg/_gimbal_manager_set_manual_control.py\n'}
[6.045819] (px4_msgs) StdoutLine: {'line': b'-- Up-to-date: /home/pavel/ws_ros2/install/px4_msgs/local/lib/python3.10/dist-packages/px4_msgs/msg/_estimator_status_flags_s.c\n'}
[6.045864] (px4_msgs) StdoutLine: {'line': b'-- Up-to-date: /home/pavel/ws_ros2/install/px4_msgs/local/lib/python3.10/dist-packages/px4_msgs/msg/_rate_ctrl_status_s.c\n'}
[6.045909] (px4_msgs) StdoutLine: {'line': b'-- Up-to-date: /home/pavel/ws_ros2/install/px4_msgs/local/lib/python3.10/dist-packages/px4_msgs/msg/_sensor_gps_s.c\n'}
[6.045954] (px4_msgs) StdoutLine: {'line': b'-- Up-to-date: /home/pavel/ws_ros2/install/px4_msgs/local/lib/python3.10/dist-packages/px4_msgs/msg/_takeoff_status_s.c\n'}
[6.045999] (px4_msgs) StdoutLine: {'line': b'-- Up-to-date: /home/pavel/ws_ros2/install/px4_msgs/local/lib/python3.10/dist-packages/px4_msgs/msg/_vehicle_land_detected.py\n'}
[6.046055] (px4_msgs) StdoutLine: {'line': b'-- Up-to-date: /home/pavel/ws_ros2/install/px4_msgs/local/lib/python3.10/dist-packages/px4_msgs/msg/_orb_test.py\n'}
[6.046101] (px4_msgs) StdoutLine: {'line': b'-- Up-to-date: /home/pavel/ws_ros2/install/px4_msgs/local/lib/python3.10/dist-packages/px4_msgs/msg/_task_stack_info.py\n'}
[6.046146] (px4_msgs) StdoutLine: {'line': b'-- Up-to-date: /home/pavel/ws_ros2/install/px4_msgs/local/lib/python3.10/dist-packages/px4_msgs/msg/_vehicle_trajectory_waypoint_s.c\n'}
[6.046195] (px4_msgs) StdoutLine: {'line': b'-- Up-to-date: /home/pavel/ws_ros2/install/px4_msgs/local/lib/python3.10/dist-packages/px4_msgs/msg/_rtl_time_estimate.py\n'}
[6.046240] (px4_msgs) StdoutLine: {'line': b'-- Up-to-date: /home/pavel/ws_ros2/install/px4_msgs/local/lib/python3.10/dist-packages/px4_msgs/msg/_sensor_optical_flow.py\n'}
[6.046285] (px4_msgs) StdoutLine: {'line': b'-- Up-to-date: /home/pavel/ws_ros2/install/px4_msgs/local/lib/python3.10/dist-packages/px4_msgs/msg/_vehicle_imu_status.py\n'}
[6.046334] (px4_msgs) StdoutLine: {'line': b'-- Up-to-date: /home/pavel/ws_ros2/install/px4_msgs/local/lib/python3.10/dist-packages/px4_msgs/msg/_dataman_response.py\n'}
[6.046379] (px4_msgs) StdoutLine: {'line': b'-- Up-to-date: /home/pavel/ws_ros2/install/px4_msgs/local/lib/python3.10/dist-packages/px4_msgs/msg/_trajectory_waypoint_s.c\n'}
[6.046425] (px4_msgs) StdoutLine: {'line': b'-- Up-to-date: /home/pavel/ws_ros2/install/px4_msgs/local/lib/python3.10/dist-packages/px4_msgs/msg/_uavcan_parameter_request.py\n'}
[6.046475] (px4_msgs) StdoutLine: {'line': b'-- Up-to-date: /home/pavel/ws_ros2/install/px4_msgs/local/lib/python3.10/dist-packages/px4_msgs/msg/_distance_sensor.py\n'}
[6.046525] (px4_msgs) StdoutLine: {'line': b'-- Up-to-date: /home/pavel/ws_ros2/install/px4_msgs/local/lib/python3.10/dist-packages/px4_msgs/msg/_distance_sensor_s.c\n'}
[6.046580] (px4_msgs) StdoutLine: {'line': b'-- Up-to-date: /home/pavel/ws_ros2/install/px4_msgs/local/lib/python3.10/dist-packages/px4_msgs/msg/_rtl_status.py\n'}
[6.046702] (px4_msgs) StdoutLine: {'line': b'-- Up-to-date: /home/pavel/ws_ros2/install/px4_msgs/local/lib/python3.10/dist-packages/px4_msgs/msg/_ulog_stream.py\n'}
[6.046750] (px4_msgs) StdoutLine: {'line': b'-- Up-to-date: /home/pavel/ws_ros2/install/px4_msgs/local/lib/python3.10/dist-packages/px4_msgs/msg/_airspeed_validated_s.c\n'}
[6.046795] (px4_msgs) StdoutLine: {'line': b'-- Up-to-date: /home/pavel/ws_ros2/install/px4_msgs/local/lib/python3.10/dist-packages/px4_msgs/msg/_input_rc_s.c\n'}
[6.046840] (px4_msgs) StdoutLine: {'line': b'-- Up-to-date: /home/pavel/ws_ros2/install/px4_msgs/local/lib/python3.10/dist-packages/px4_msgs/msg/_takeoff_status.py\n'}
[6.046885] (px4_msgs) StdoutLine: {'line': b'-- Up-to-date: /home/pavel/ws_ros2/install/px4_msgs/local/lib/python3.10/dist-packages/px4_msgs/msg/_sensor_gyro_fifo_s.c\n'}
[6.046931] (px4_msgs) StdoutLine: {'line': b'-- Up-to-date: /home/pavel/ws_ros2/install/px4_msgs/local/lib/python3.10/dist-packages/px4_msgs/msg/_actuator_outputs.py\n'}
[6.046982] (px4_msgs) StdoutLine: {'line': b'-- Up-to-date: /home/pavel/ws_ros2/install/px4_msgs/local/lib/python3.10/dist-packages/px4_msgs/msg/_debug_array.py\n'}
[6.047032] (px4_msgs) StdoutLine: {'line': b'-- Up-to-date: /home/pavel/ws_ros2/install/px4_msgs/local/lib/python3.10/dist-packages/px4_msgs/msg/_vehicle_thrust_setpoint.py\n'}
[6.047082] (px4_msgs) StdoutLine: {'line': b'-- Up-to-date: /home/pavel/ws_ros2/install/px4_msgs/local/lib/python3.10/dist-packages/px4_msgs/msg/_battery_status.py\n'}
[6.047132] (px4_msgs) StdoutLine: {'line': b'-- Up-to-date: /home/pavel/ws_ros2/install/px4_msgs/local/lib/python3.10/dist-packages/px4_msgs/msg/_sensor_mag.py\n'}
[6.047182] (px4_msgs) StdoutLine: {'line': b'-- Up-to-date: /home/pavel/ws_ros2/install/px4_msgs/local/lib/python3.10/dist-packages/px4_msgs/msg/_onboard_computer_status.py\n'}
[6.047232] (px4_msgs) StdoutLine: {'line': b'-- Up-to-date: /home/pavel/ws_ros2/install/px4_msgs/local/lib/python3.10/dist-packages/px4_msgs/msg/_gimbal_device_set_attitude_s.c\n'}
[6.047283] (px4_msgs) StdoutLine: {'line': b'-- Up-to-date: /home/pavel/ws_ros2/install/px4_msgs/local/lib/python3.10/dist-packages/px4_msgs/msg/_collision_constraints.py\n'}
[6.047349] (px4_msgs) StdoutLine: {'line': b'-- Up-to-date: /home/pavel/ws_ros2/install/px4_msgs/local/lib/python3.10/dist-packages/px4_msgs/msg/_orbit_status.py\n'}
[6.047401] (px4_msgs) StdoutLine: {'line': b'-- Up-to-date: /home/pavel/ws_ros2/install/px4_msgs/local/lib/python3.10/dist-packages/px4_msgs/msg/_ping.py\n'}
[6.047451] (px4_msgs) StdoutLine: {'line': b'-- Up-to-date: /home/pavel/ws_ros2/install/px4_msgs/local/lib/python3.10/dist-packages/px4_msgs/msg/_tune_control_s.c\n'}
[6.047512] (px4_msgs) StdoutLine: {'line': b'-- Up-to-date: /home/pavel/ws_ros2/install/px4_msgs/local/lib/python3.10/dist-packages/px4_msgs/msg/_vehicle_angular_velocity_s.c\n'}
[6.047557] (px4_msgs) StdoutLine: {'line': b'-- Up-to-date: /home/pavel/ws_ros2/install/px4_msgs/local/lib/python3.10/dist-packages/px4_msgs/msg/_orb_test_large_s.c\n'}
[6.047659] (px4_msgs) StdoutLine: {'line': b'-- Up-to-date: /home/pavel/ws_ros2/install/px4_msgs/local/lib/python3.10/dist-packages/px4_msgs/msg/_rc_channels.py\n'}
[6.047720] (px4_msgs) StdoutLine: {'line': b'-- Up-to-date: /home/pavel/ws_ros2/install/px4_msgs/local/lib/python3.10/dist-packages/px4_msgs/msg/_collision_report_s.c\n'}
[6.047764] (px4_msgs) StdoutLine: {'line': b'-- Up-to-date: /home/pavel/ws_ros2/install/px4_msgs/local/lib/python3.10/dist-packages/px4_msgs/msg/_mission_result_s.c\n'}
[6.047809] (px4_msgs) StdoutLine: {'line': b'-- Up-to-date: /home/pavel/ws_ros2/install/px4_msgs/local/lib/python3.10/dist-packages/px4_msgs/msg/_camera_status_s.c\n'}
[6.047854] (px4_msgs) StdoutLine: {'line': b'-- Up-to-date: /home/pavel/ws_ros2/install/px4_msgs/local/lib/python3.10/dist-packages/px4_msgs/msg/_wind_s.c\n'}
[6.047899] (px4_msgs) StdoutLine: {'line': b'-- Up-to-date: /home/pavel/ws_ros2/install/px4_msgs/local/lib/python3.10/dist-packages/px4_msgs/msg/_gpio_out.py\n'}
[6.047949] (px4_msgs) StdoutLine: {'line': b'-- Up-to-date: /home/pavel/ws_ros2/install/px4_msgs/local/lib/python3.10/dist-packages/px4_msgs/msg/_vehicle_magnetometer_s.c\n'}
[6.048000] (px4_msgs) StdoutLine: {'line': b'-- Up-to-date: /home/pavel/ws_ros2/install/px4_msgs/local/lib/python3.10/dist-packages/px4_msgs/msg/_uavcan_parameter_value.py\n'}
[6.048050] (px4_msgs) StdoutLine: {'line': b'-- Up-to-date: /home/pavel/ws_ros2/install/px4_msgs/local/lib/python3.10/dist-packages/px4_msgs/msg/_actuator_outputs_s.c\n'}
[6.048100] (px4_msgs) StdoutLine: {'line': b'-- Up-to-date: /home/pavel/ws_ros2/install/px4_msgs/local/lib/python3.10/dist-packages/px4_msgs/msg/_landing_gear.py\n'}
[6.048150] (px4_msgs) StdoutLine: {'line': b'-- Up-to-date: /home/pavel/ws_ros2/install/px4_msgs/local/lib/python3.10/dist-packages/px4_msgs/msg/_rc_parameter_map.py\n'}
[6.048200] (px4_msgs) StdoutLine: {'line': b'-- Up-to-date: /home/pavel/ws_ros2/install/px4_msgs/local/lib/python3.10/dist-packages/px4_msgs/msg/_vehicle_imu_status_s.c\n'}
[6.048250] (px4_msgs) StdoutLine: {'line': b'-- Up-to-date: /home/pavel/ws_ros2/install/px4_msgs/local/lib/python3.10/dist-packages/px4_msgs/msg/_estimator_aid_source2d_s.c\n'}
[6.048299] (px4_msgs) StdoutLine: {'line': b'-- Up-to-date: /home/pavel/ws_ros2/install/px4_msgs/local/lib/python3.10/dist-packages/px4_msgs/msg/_trajectory_bezier.py\n'}
[6.048368] (px4_msgs) StdoutLine: {'line': b'-- Up-to-date: /home/pavel/ws_ros2/install/px4_msgs/local/lib/python3.10/dist-packages/px4_msgs/msg/_airspeed.py\n'}
[6.048416] (px4_msgs) StdoutLine: {'line': b'-- Up-to-date: /home/pavel/ws_ros2/install/px4_msgs/local/lib/python3.10/dist-packages/px4_msgs/msg/_flight_phase_estimation.py\n'}
[6.048461] (px4_msgs) StdoutLine: {'line': b'-- Up-to-date: /home/pavel/ws_ros2/install/px4_msgs/local/lib/python3.10/dist-packages/px4_msgs/msg/_esc_status_s.c\n'}
[6.048507] (px4_msgs) StdoutLine: {'line': b'-- Up-to-date: /home/pavel/ws_ros2/install/px4_msgs/local/lib/python3.10/dist-packages/px4_msgs/msg/_power_button_state.py\n'}
[6.048552] (px4_msgs) StdoutLine: {'line': b'-- Up-to-date: /home/pavel/ws_ros2/install/px4_msgs/local/lib/python3.10/dist-packages/px4_msgs/msg/_sensor_accel_fifo_s.c\n'}
[6.048607] (px4_msgs) StdoutLine: {'line': b'-- Up-to-date: /home/pavel/ws_ros2/install/px4_msgs/local/lib/python3.10/dist-packages/px4_msgs/msg/_vehicle_attitude_setpoint_s.c\n'}
[6.048670] (px4_msgs) StdoutLine: {'line': b'-- Up-to-date: /home/pavel/ws_ros2/install/px4_msgs/local/lib/python3.10/dist-packages/px4_msgs/msg/_message_format_request.py\n'}
[6.048716] (px4_msgs) StdoutLine: {'line': b'-- Up-to-date: /home/pavel/ws_ros2/install/px4_msgs/local/lib/python3.10/dist-packages/px4_msgs/msg/_gimbal_device_information_s.c\n'}
[6.048766] (px4_msgs) StdoutLine: {'line': b'-- Up-to-date: /home/pavel/ws_ros2/install/px4_msgs/local/lib/python3.10/dist-packages/px4_msgs/msg/_sensor_gyro_s.c\n'}
[6.048811] (px4_msgs) StdoutLine: {'line': b'-- Up-to-date: /home/pavel/ws_ros2/install/px4_msgs/local/lib/python3.10/dist-packages/px4_msgs/msg/_orb_test_medium.py\n'}
[6.048855] (px4_msgs) StdoutLine: {'line': b'-- Up-to-date: /home/pavel/ws_ros2/install/px4_msgs/local/lib/python3.10/dist-packages/px4_msgs/msg/_manual_control_switches.py\n'}
[6.048900] (px4_msgs) StdoutLine: {'line': b'-- Up-to-date: /home/pavel/ws_ros2/install/px4_msgs/local/lib/python3.10/dist-packages/px4_msgs/msg/_ping_s.c\n'}
[6.048950] (px4_msgs) StdoutLine: {'line': b'-- Up-to-date: /home/pavel/ws_ros2/install/px4_msgs/local/lib/python3.10/dist-packages/px4_msgs/msg/_sensor_hygrometer_s.c\n'}
[6.049000] (px4_msgs) StdoutLine: {'line': b'-- Up-to-date: /home/pavel/ws_ros2/install/px4_msgs/local/lib/python3.10/dist-packages/px4_msgs/msg/_orb_test_medium_s.c\n'}
[6.049050] (px4_msgs) StdoutLine: {'line': b'-- Up-to-date: /home/pavel/ws_ros2/install/px4_msgs/local/lib/python3.10/dist-packages/px4_msgs/msg/_rc_parameter_map_s.c\n'}
[6.049115] (px4_msgs) StdoutLine: {'line': b'-- Up-to-date: /home/pavel/ws_ros2/install/px4_msgs/local/lib/python3.10/dist-packages/px4_msgs/msg/_system_power.py\n'}
[6.049163] (px4_msgs) StdoutLine: {'line': b'-- Up-to-date: /home/pavel/ws_ros2/install/px4_msgs/local/lib/python3.10/dist-packages/px4_msgs/msg/_dataman_response_s.c\n'}
[6.049213] (px4_msgs) StdoutLine: {'line': b'-- Up-to-date: /home/pavel/ws_ros2/install/px4_msgs/local/lib/python3.10/dist-packages/px4_msgs/msg/_estimator_selector_status.py\n'}
[6.049263] (px4_msgs) StdoutLine: {'line': b'-- Up-to-date: /home/pavel/ws_ros2/install/px4_msgs/local/lib/python3.10/dist-packages/px4_msgs/msg/_vehicle_trajectory_bezier.py\n'}
[6.049312] (px4_msgs) StdoutLine: {'line': b'-- Up-to-date: /home/pavel/ws_ros2/install/px4_msgs/local/lib/python3.10/dist-packages/px4_msgs/msg/_radio_status.py\n'}
[6.049363] (px4_msgs) StdoutLine: {'line': b'-- Up-to-date: /home/pavel/ws_ros2/install/px4_msgs/local/lib/python3.10/dist-packages/px4_msgs/msg/_satellite_info.py\n'}
[6.049413] (px4_msgs) StdoutLine: {'line': b'-- Up-to-date: /home/pavel/ws_ros2/install/px4_msgs/local/lib/python3.10/dist-packages/px4_msgs/msg/_generator_status_s.c\n'}
[6.049465] (px4_msgs) StdoutLine: {'line': b'-- Up-to-date: /home/pavel/ws_ros2/install/px4_msgs/local/lib/python3.10/dist-packages/px4_msgs/msg/_hover_thrust_estimate_s.c\n'}
[6.049515] (px4_msgs) StdoutLine: {'line': b'-- Up-to-date: /home/pavel/ws_ros2/install/px4_msgs/local/lib/python3.10/dist-packages/px4_msgs/msg/_mavlink_log_s.c\n'}
[6.049565] (px4_msgs) StdoutLine: {'line': b'-- Up-to-date: /home/pavel/ws_ros2/install/px4_msgs/local/lib/python3.10/dist-packages/px4_msgs/msg/_airspeed_wind.py\n'}
[6.049641] (px4_msgs) StdoutLine: {'line': b'-- Up-to-date: /home/pavel/ws_ros2/install/px4_msgs/local/lib/python3.10/dist-packages/px4_msgs/msg/_actuator_armed.py\n'}
[6.049689] (px4_msgs) StdoutLine: {'line': b'-- Up-to-date: /home/pavel/ws_ros2/install/px4_msgs/local/lib/python3.10/dist-packages/px4_msgs/msg/_parameter_set_value_response.py\n'}
[6.049734] (px4_msgs) StdoutLine: {'line': b'-- Up-to-date: /home/pavel/ws_ros2/install/px4_msgs/local/lib/python3.10/dist-packages/px4_msgs/msg/_obstacle_distance_s.c\n'}
[6.049779] (px4_msgs) StdoutLine: {'line': b'-- Up-to-date: /home/pavel/ws_ros2/install/px4_msgs/local/lib/python3.10/dist-packages/px4_msgs/msg/_navigator_mission_item.py\n'}
[6.049824] (px4_msgs) StdoutLine: {'line': b'-- Up-to-date: /home/pavel/ws_ros2/install/px4_msgs/local/lib/python3.10/dist-packages/px4_msgs/msg/_vehicle_air_data.py\n'}
[6.049869] (px4_msgs) StdoutLine: {'line': b'-- Up-to-date: /home/pavel/ws_ros2/install/px4_msgs/local/lib/python3.10/dist-packages/px4_msgs/msg/_figure_eight_status_s.c\n'}
[6.049920] (px4_msgs) StdoutLine: {'line': b'-- Up-to-date: /home/pavel/ws_ros2/install/px4_msgs/local/lib/python3.10/dist-packages/px4_msgs/msg/_gimbal_manager_set_attitude_s.c\n'}
[6.049970] (px4_msgs) StdoutLine: {'line': b'-- Up-to-date: /home/pavel/ws_ros2/install/px4_msgs/local/lib/python3.10/dist-packages/px4_msgs/msg/_vehicle_torque_setpoint.py\n'}
[6.050019] (px4_msgs) StdoutLine: {'line': b'-- Up-to-date: /home/pavel/ws_ros2/install/px4_msgs/local/lib/python3.10/dist-packages/px4_msgs/msg/_sensor_accel.py\n'}
[6.050069] (px4_msgs) StdoutLine: {'line': b'-- Up-to-date: /home/pavel/ws_ros2/install/px4_msgs/local/lib/python3.10/dist-packages/px4_msgs/msg/_mag_worker_data.py\n'}
[6.050119] (px4_msgs) StdoutLine: {'line': b'-- Up-to-date: /home/pavel/ws_ros2/install/px4_msgs/local/lib/python3.10/dist-packages/px4_msgs/msg/_autotune_attitude_control_status_s.c\n'}
[6.050168] (px4_msgs) StdoutLine: {'line': b'-- Up-to-date: /home/pavel/ws_ros2/install/px4_msgs/local/lib/python3.10/dist-packages/px4_msgs/msg/_offboard_control_mode_s.c\n'}
[6.050218] (px4_msgs) StdoutLine: {'line': b'-- Up-to-date: /home/pavel/ws_ros2/install/px4_msgs/local/lib/python3.10/dist-packages/px4_msgs/msg/_gps_inject_data.py\n'}
[6.050268] (px4_msgs) StdoutLine: {'line': b'-- Up-to-date: /home/pavel/ws_ros2/install/px4_msgs/local/lib/python3.10/dist-packages/px4_msgs/msg/_goto_setpoint.py\n'}
[6.050318] (px4_msgs) StdoutLine: {'line': b'-- Up-to-date: /home/pavel/ws_ros2/install/px4_msgs/local/lib/python3.10/dist-packages/px4_msgs/msg/_irlock_report_s.c\n'}
[6.050368] (px4_msgs) StdoutLine: {'line': b'-- Up-to-date: /home/pavel/ws_ros2/install/px4_msgs/local/lib/python3.10/dist-packages/px4_msgs/msg/_esc_report_s.c\n'}
[6.050418] (px4_msgs) StdoutLine: {'line': b'-- Up-to-date: /home/pavel/ws_ros2/install/px4_msgs/local/lib/python3.10/dist-packages/px4_msgs/msg/_flight_phase_estimation_s.c\n'}
[6.050467] (px4_msgs) StdoutLine: {'line': b'-- Up-to-date: /home/pavel/ws_ros2/install/px4_msgs/local/lib/python3.10/dist-packages/px4_msgs/msg/_config_overrides_s.c\n'}
[6.050517] (px4_msgs) StdoutLine: {'line': b'-- Up-to-date: /home/pavel/ws_ros2/install/px4_msgs/local/lib/python3.10/dist-packages/px4_msgs/msg/_vehicle_odometry.py\n'}
[6.050568] (px4_msgs) StdoutLine: {'line': b'-- Up-to-date: /home/pavel/ws_ros2/install/px4_msgs/local/lib/python3.10/dist-packages/px4_msgs/msg/_camera_trigger_s.c\n'}
[6.050645] (px4_msgs) StdoutLine: {'line': b'-- Up-to-date: /home/pavel/ws_ros2/install/px4_msgs/local/lib/python3.10/dist-packages/px4_msgs/msg/_px4io_status_s.c\n'}
[6.050693] (px4_msgs) StdoutLine: {'line': b'-- Up-to-date: /home/pavel/ws_ros2/install/px4_msgs/local/lib/python3.10/dist-packages/px4_msgs/msg/_mavlink_log.py\n'}
[6.050739] (px4_msgs) StdoutLine: {'line': b'-- Up-to-date: /home/pavel/ws_ros2/install/px4_msgs/local/lib/python3.10/dist-packages/px4_msgs/msg/_geofence_result.py\n'}
[6.050790] (px4_msgs) StdoutLine: {'line': b'-- Up-to-date: /home/pavel/ws_ros2/install/px4_msgs/local/lib/python3.10/dist-packages/px4_msgs/msg/_normalized_unsigned_setpoint.py\n'}
[6.050836] (px4_msgs) StdoutLine: {'line': b'-- Up-to-date: /home/pavel/ws_ros2/install/px4_msgs/local/lib/python3.10/dist-packages/px4_msgs/msg/_vehicle_local_position_setpoint_s.c\n'}
[6.050882] (px4_msgs) StdoutLine: {'line': b'-- Up-to-date: /home/pavel/ws_ros2/install/px4_msgs/local/lib/python3.10/dist-packages/px4_msgs/msg/_esc_status.py\n'}
[6.050931] (px4_msgs) StdoutLine: {'line': b'-- Up-to-date: /home/pavel/ws_ros2/install/px4_msgs/local/lib/python3.10/dist-packages/px4_msgs/msg/_actuator_armed_s.c\n'}
[6.050981] (px4_msgs) StdoutLine: {'line': b'-- Up-to-date: /home/pavel/ws_ros2/install/px4_msgs/local/lib/python3.10/dist-packages/px4_msgs/msg/_sensor_gnss_relative.py\n'}
[6.051031] (px4_msgs) StdoutLine: {'line': b'-- Up-to-date: /home/pavel/ws_ros2/install/px4_msgs/local/lib/python3.10/dist-packages/px4_msgs/msg/_battery_status_s.c\n'}
[6.051080] (px4_msgs) StdoutLine: {'line': b'-- Up-to-date: /home/pavel/ws_ros2/install/px4_msgs/local/lib/python3.10/dist-packages/px4_msgs/msg/_qshell_retval_s.c\n'}
[6.051141] (px4_msgs) StdoutLine: {'line': b'-- Up-to-date: /home/pavel/ws_ros2/install/px4_msgs/local/lib/python3.10/dist-packages/px4_msgs/msg/_debug_key_value.py\n'}
[6.051186] (px4_msgs) StdoutLine: {'line': b'-- Up-to-date: /home/pavel/ws_ros2/install/px4_msgs/local/lib/python3.10/dist-packages/px4_msgs/msg/_vehicle_control_mode_s.c\n'}
[6.051230] (px4_msgs) StdoutLine: {'line': b'-- Up-to-date: /home/pavel/ws_ros2/install/px4_msgs/local/lib/python3.10/dist-packages/px4_msgs/msg/_actuator_controls_status.py\n'}
[6.051275] (px4_msgs) StdoutLine: {'line': b'-- Up-to-date: /home/pavel/ws_ros2/install/px4_msgs/local/lib/python3.10/dist-packages/px4_msgs/msg/_sensor_gyro_fft.py\n'}
[6.051319] (px4_msgs) StdoutLine: {'line': b'-- Up-to-date: /home/pavel/ws_ros2/install/px4_msgs/local/lib/python3.10/dist-packages/px4_msgs/msg/_mode_completed_s.c\n'}
[6.051369] (px4_msgs) StdoutLine: {'line': b'-- Up-to-date: /home/pavel/ws_ros2/install/px4_msgs/local/lib/python3.10/dist-packages/px4_msgs/msg/_parameter_reset_request_s.c\n'}
[6.051419] (px4_msgs) StdoutLine: {'line': b'-- Up-to-date: /home/pavel/ws_ros2/install/px4_msgs/local/lib/python3.10/dist-packages/px4_msgs/msg/_adc_report_s.c\n'}
[6.051481] (px4_msgs) StdoutLine: {'line': b'-- Up-to-date: /home/pavel/ws_ros2/install/px4_msgs/local/lib/python3.10/dist-packages/px4_msgs/msg/_vehicle_local_position.py\n'}
[6.051528] (px4_msgs) StdoutLine: {'line': b'-- Up-to-date: /home/pavel/ws_ros2/install/px4_msgs/local/lib/python3.10/dist-packages/px4_msgs/msg/_gpio_config.py\n'}
[6.051574] (px4_msgs) StdoutLine: {'line': b'-- Up-to-date: /home/pavel/ws_ros2/install/px4_msgs/local/lib/python3.10/dist-packages/px4_msgs/msg/_mount_orientation_s.c\n'}
[6.051644] (px4_msgs) StdoutLine: {'line': b'-- Up-to-date: /home/pavel/ws_ros2/install/px4_msgs/local/lib/python3.10/dist-packages/px4_msgs/msg/_gpio_in.py\n'}
[6.051690] (px4_msgs) StdoutLine: {'line': b'-- Up-to-date: /home/pavel/ws_ros2/install/px4_msgs/local/lib/python3.10/dist-packages/px4_msgs/msg/_estimator_bias_s.c\n'}
[6.051735] (px4_msgs) StdoutLine: {'line': b'-- Up-to-date: /home/pavel/ws_ros2/install/px4_msgs/local/lib/python3.10/dist-packages/px4_msgs/msg/_arming_check_request.py\n'}
[6.051780] (px4_msgs) StdoutLine: {'line': b'-- Up-to-date: /home/pavel/ws_ros2/install/px4_msgs/local/lib/python3.10/dist-packages/px4_msgs/msg/_log_message.py\n'}
[6.051825] (px4_msgs) StdoutLine: {'line': b'-- Up-to-date: /home/pavel/ws_ros2/install/px4_msgs/local/lib/python3.10/dist-packages/px4_msgs/msg/_gps_dump_s.c\n'}
[6.051873] (px4_msgs) StdoutLine: {'line': b'-- Up-to-date: /home/pavel/ws_ros2/install/px4_msgs/local/lib/python3.10/dist-packages/px4_msgs/msg/_vehicle_rates_setpoint_s.c\n'}
[6.051941] (px4_msgs) StdoutLine: {'line': b'-- Up-to-date: /home/pavel/ws_ros2/install/px4_msgs/local/lib/python3.10/dist-packages/px4_msgs/msg/_parameter_set_value_request.py\n'}
[6.051989] (px4_msgs) StdoutLine: {'line': b'-- Up-to-date: /home/pavel/ws_ros2/install/px4_msgs/local/lib/python3.10/dist-packages/px4_msgs/msg/_estimator_aid_source1d.py\n'}
[6.052035] (px4_msgs) StdoutLine: {'line': b'-- Up-to-date: /home/pavel/ws_ros2/install/px4_msgs/local/lib/python3.10/dist-packages/px4_msgs/msg/_sensor_baro_s.c\n'}
[6.052081] (px4_msgs) StdoutLine: {'line': b'-- Up-to-date: /home/pavel/ws_ros2/install/px4_msgs/local/lib/python3.10/dist-packages/px4_msgs/msg/_gpio_request.py\n'}
[6.052126] (px4_msgs) StdoutLine: {'line': b'-- Up-to-date: /home/pavel/ws_ros2/install/px4_msgs/local/lib/python3.10/dist-packages/px4_msgs/msg/_gripper_s.c\n'}
[6.052207] (px4_msgs) StdoutLine: {'line': b'-- Up-to-date: /home/pavel/ws_ros2/install/px4_msgs/local/lib/python3.10/dist-packages/px4_msgs/msg/_trajectory_setpoint.py\n'}
[6.052253] (px4_msgs) StdoutLine: {'line': b'-- Up-to-date: /home/pavel/ws_ros2/install/px4_msgs/local/lib/python3.10/dist-packages/px4_msgs/msg/_sensor_optical_flow_s.c\n'}
[6.052300] (px4_msgs) StdoutLine: {'line': b'-- Up-to-date: /home/pavel/ws_ros2/install/px4_msgs/local/lib/python3.10/dist-packages/px4_msgs/msg/_position_controller_status.py\n'}
[6.052352] (px4_msgs) StdoutLine: {'line': b'-- Up-to-date: /home/pavel/ws_ros2/install/px4_msgs/local/lib/python3.10/dist-packages/px4_msgs/msg/_parameter_reset_request.py\n'}
[6.052401] (px4_msgs) StdoutLine: {'line': b'-- Up-to-date: /home/pavel/ws_ros2/install/px4_msgs/local/lib/python3.10/dist-packages/px4_msgs/msg/_sensor_airflow.py\n'}
[6.052451] (px4_msgs) StdoutLine: {'line': b'-- Up-to-date: /home/pavel/ws_ros2/install/px4_msgs/local/lib/python3.10/dist-packages/px4_msgs/msg/_vehicle_control_mode.py\n'}
[6.052529] (px4_msgs) StdoutLine: {'line': b'-- Up-to-date: /home/pavel/ws_ros2/install/px4_msgs/local/lib/python3.10/dist-packages/px4_msgs/msg/_debug_value.py\n'}
[6.052581] (px4_msgs) StdoutLine: {'line': b'-- Up-to-date: /home/pavel/ws_ros2/install/px4_msgs/local/lib/python3.10/dist-packages/px4_msgs/msg/_gps_dump.py\n'}
[6.052699] (px4_msgs) StdoutLine: {'line': b'-- Up-to-date: /home/pavel/ws_ros2/install/px4_msgs/local/lib/python3.10/dist-packages/px4_msgs/msg/_landing_target_innovations_s.c\n'}
[6.052760] (px4_msgs) StdoutLine: {'line': b'-- Up-to-date: /home/pavel/ws_ros2/install/px4_msgs/local/lib/python3.10/dist-packages/px4_msgs/msg/_differential_pressure.py\n'}
[6.052805] (px4_msgs) StdoutLine: {'line': b'-- Up-to-date: /home/pavel/ws_ros2/install/px4_msgs/local/lib/python3.10/dist-packages/px4_msgs/msg/_sensor_selection_s.c\n'}
[6.052850] (px4_msgs) StdoutLine: {'line': b'-- Up-to-date: /home/pavel/ws_ros2/install/px4_msgs/local/lib/python3.10/dist-packages/px4_msgs/msg/_sensor_accel_s.c\n'}
[6.052894] (px4_msgs) StdoutLine: {'line': b'-- Up-to-date: /home/pavel/ws_ros2/install/px4_msgs/local/lib/python3.10/dist-packages/px4_msgs/msg/_estimator_gps_status.py\n'}
[6.052959] (px4_msgs) StdoutLine: {'line': b'-- Up-to-date: /home/pavel/ws_ros2/install/px4_msgs/local/lib/python3.10/dist-packages/px4_msgs/msg/_vehicle_attitude_s.c\n'}
[6.053025] (px4_msgs) StdoutLine: {'line': b'-- Up-to-date: /home/pavel/ws_ros2/install/px4_msgs/local/lib/python3.10/dist-packages/px4_msgs/msg/_sensor_preflight_mag_s.c\n'}
[6.053075] (px4_msgs) StdoutLine: {'line': b'-- Up-to-date: /home/pavel/ws_ros2/install/px4_msgs/local/lib/python3.10/dist-packages/px4_msgs/msg/_vehicle_imu.py\n'}
[6.053125] (px4_msgs) StdoutLine: {'line': b'-- Up-to-date: /home/pavel/ws_ros2/install/px4_msgs/local/lib/python3.10/dist-packages/px4_msgs/msg/_config_overrides.py\n'}
[6.053189] (px4_msgs) StdoutLine: {'line': b'-- Up-to-date: /home/pavel/ws_ros2/install/px4_msgs/local/lib/python3.10/dist-packages/px4_msgs/msg/_failure_detector_status_s.c\n'}
[6.053269] (px4_msgs) StdoutLine: {'line': b'-- Up-to-date: /home/pavel/ws_ros2/install/px4_msgs/local/lib/python3.10/dist-packages/px4_msgs/msg/_estimator_selector_status_s.c\n'}
[6.053345] (px4_msgs) StdoutLine: {'line': b'-- Up-to-date: /home/pavel/ws_ros2/install/px4_msgs/local/lib/python3.10/dist-packages/px4_msgs/msg/_health_report_s.c\n'}
[6.053395] (px4_msgs) StdoutLine: {'line': b'-- Up-to-date: /home/pavel/ws_ros2/install/px4_msgs/local/lib/python3.10/dist-packages/px4_msgs/msg/_gimbal_controls_s.c\n'}
[6.053445] (px4_msgs) StdoutLine: {'line': b'-- Up-to-date: /home/pavel/ws_ros2/install/px4_msgs/local/lib/python3.10/dist-packages/px4_msgs/msg/_follow_target_status_s.c\n'}
[6.053494] (px4_msgs) StdoutLine: {'line': b'-- Up-to-date: /home/pavel/ws_ros2/install/px4_msgs/local/lib/python3.10/dist-packages/px4_msgs/msg/_hover_thrust_estimate.py\n'}
[6.053545] (px4_msgs) StdoutLine: {'line': b'-- Up-to-date: /home/pavel/ws_ros2/install/px4_msgs/local/lib/python3.10/dist-packages/px4_msgs/msg/_actuator_servos_s.c\n'}
[6.053658] (px4_msgs) StdoutLine: {'line': b'-- Up-to-date: /home/pavel/ws_ros2/install/px4_msgs/local/lib/python3.10/dist-packages/px4_msgs/msg/_button_event_s.c\n'}
[6.053723] (px4_msgs) StdoutLine: {'line': b'-- Up-to-date: /home/pavel/ws_ros2/install/px4_msgs/local/lib/python3.10/dist-packages/px4_msgs/msg/_buffer128.py\n'}
[6.053769] (px4_msgs) StdoutLine: {'line': b'-- Up-to-date: /home/pavel/ws_ros2/install/px4_msgs/local/lib/python3.10/dist-packages/px4_msgs/msg/_gpio_out_s.c\n'}
[6.053818] (px4_msgs) StdoutLine: {'line': b'-- Up-to-date: /home/pavel/ws_ros2/install/px4_msgs/local/lib/python3.10/dist-packages/px4_msgs/msg/_input_rc.py\n'}
[6.053863] (px4_msgs) StdoutLine: {'line': b'-- Up-to-date: /home/pavel/ws_ros2/install/px4_msgs/local/lib/python3.10/dist-packages/px4_msgs/msg/_vehicle_magnetometer.py\n'}
[6.053908] (px4_msgs) StdoutLine: {'line': b'-- Up-to-date: /home/pavel/ws_ros2/install/px4_msgs/local/lib/python3.10/dist-packages/px4_msgs/msg/_estimator_status.py\n'}
[6.053952] (px4_msgs) StdoutLine: {'line': b'-- Up-to-date: /home/pavel/ws_ros2/install/px4_msgs/local/lib/python3.10/dist-packages/px4_msgs/msg/_sensor_correction_s.c\n'}
[6.053996] (px4_msgs) StdoutLine: {'line': b'-- Up-to-date: /home/pavel/ws_ros2/install/px4_msgs/local/lib/python3.10/dist-packages/px4_msgs/msg/_gpio_request_s.c\n'}
[6.054041] (px4_msgs) StdoutLine: {'line': b'-- Up-to-date: /home/pavel/ws_ros2/install/px4_msgs/local/lib/python3.10/dist-packages/px4_msgs/msg/_mavlink_tunnel_s.c\n'}
[6.054086] (px4_msgs) StdoutLine: {'line': b'-- Up-to-date: /home/pavel/ws_ros2/install/px4_msgs/local/lib/python3.10/dist-packages/px4_msgs/msg/_normalized_unsigned_setpoint_s.c\n'}
[6.054131] (px4_msgs) StdoutLine: {'line': b'-- Up-to-date: /home/pavel/ws_ros2/install/px4_msgs/local/lib/python3.10/dist-packages/px4_msgs/msg/_debug_key_value_s.c\n'}
[6.054181] (px4_msgs) StdoutLine: {'line': b'-- Up-to-date: /home/pavel/ws_ros2/install/px4_msgs/local/lib/python3.10/dist-packages/px4_msgs/msg/_gimbal_manager_information_s.c\n'}
[6.054231] (px4_msgs) StdoutLine: {'line': b'-- Up-to-date: /home/pavel/ws_ros2/install/px4_msgs/local/lib/python3.10/dist-packages/px4_msgs/msg/_radio_status_s.c\n'}
[6.054281] (px4_msgs) StdoutLine: {'line': b'-- Up-to-date: /home/pavel/ws_ros2/install/px4_msgs/local/lib/python3.10/dist-packages/px4_msgs/msg/_camera_trigger.py\n'}
[6.054331] (px4_msgs) StdoutLine: {'line': b'-- Up-to-date: /home/pavel/ws_ros2/install/px4_msgs/local/lib/python3.10/dist-packages/px4_msgs/msg/_parameter_set_value_request_s.c\n'}
[6.054402] (px4_msgs) StdoutLine: {'line': b'-- Up-to-date: /home/pavel/ws_ros2/install/px4_msgs/local/lib/python3.10/dist-packages/px4_msgs/msg/_estimator_states.py\n'}
[6.054453] (px4_msgs) StdoutLine: {'line': b'-- Up-to-date: /home/pavel/ws_ros2/install/px4_msgs/local/lib/python3.10/dist-packages/px4_msgs/msg/_uavcan_parameter_value_s.c\n'}
[6.054504] (px4_msgs) StdoutLine: {'line': b'-- Up-to-date: /home/pavel/ws_ros2/install/px4_msgs/local/lib/python3.10/dist-packages/px4_msgs/msg/_estimator_aid_source3d.py\n'}
[6.054554] (px4_msgs) StdoutLine: {'line': b'-- Up-to-date: /home/pavel/ws_ros2/install/px4_msgs/local/lib/python3.10/dist-packages/px4_msgs/msg/_rpm.py\n'}
[6.054692] (px4_msgs) StdoutLine: {'line': b'-- Up-to-date: /home/pavel/ws_ros2/install/px4_msgs/local/lib/python3.10/dist-packages/px4_msgs/msg/_orb_test_large.py\n'}
[6.054762] (px4_msgs) StdoutLine: {'line': b'-- Up-to-date: /home/pavel/ws_ros2/install/px4_msgs/local/lib/python3.10/dist-packages/px4_msgs/msg/_rtl_time_estimate_s.c\n'}
[6.054812] (px4_msgs) StdoutLine: {'line': b'-- Up-to-date: /home/pavel/ws_ros2/install/px4_msgs/local/lib/python3.10/dist-packages/px4_msgs/msg/_trajectory_setpoint_s.c\n'}
[6.054863] (px4_msgs) StdoutLine: {'line': b'-- Up-to-date: /home/pavel/ws_ros2/install/px4_msgs/local/lib/python3.10/dist-packages/px4_msgs/msg/_vehicle_local_position_setpoint.py\n'}
[6.054914] (px4_msgs) StdoutLine: {'line': b'-- Up-to-date: /home/pavel/ws_ros2/install/px4_msgs/local/lib/python3.10/dist-packages/px4_msgs/msg/_home_position_s.c\n'}
[6.054964] (px4_msgs) StdoutLine: {'line': b'-- Up-to-date: /home/pavel/ws_ros2/install/px4_msgs/local/lib/python3.10/dist-packages/px4_msgs/msg/_register_ext_component_request.py\n'}
[6.055027] (px4_msgs) StdoutLine: {'line': b'-- Up-to-date: /home/pavel/ws_ros2/install/px4_msgs/local/lib/python3.10/dist-packages/px4_msgs/msg/_sensor_uwb_s.c\n'}
[6.055079] (px4_msgs) StdoutLine: {'line': b'-- Up-to-date: /home/pavel/ws_ros2/install/px4_msgs/local/lib/python3.10/dist-packages/px4_msgs/msg/_estimator_sensor_bias.py\n'}
[6.055141] (px4_msgs) StdoutLine: {'line': b'-- Up-to-date: /home/pavel/ws_ros2/install/px4_msgs/local/lib/python3.10/dist-packages/px4_msgs/msg/_vehicle_command_ack.py\n'}
[6.055187] (px4_msgs) StdoutLine: {'line': b'-- Up-to-date: /home/pavel/ws_ros2/install/px4_msgs/local/lib/python3.10/dist-packages/px4_msgs/msg/_vehicle_status.py\n'}
[6.055232] (px4_msgs) StdoutLine: {'line': b'-- Up-to-date: /home/pavel/ws_ros2/install/px4_msgs/local/lib/python3.10/dist-packages/px4_msgs/msg/_figure_eight_status.py\n'}
[6.055277] (px4_msgs) StdoutLine: {'line': b'-- Up-to-date: /home/pavel/ws_ros2/install/px4_msgs/local/lib/python3.10/dist-packages/px4_msgs/msg/_logger_status.py\n'}
[6.055322] (px4_msgs) StdoutLine: {'line': b'-- Up-to-date: /home/pavel/ws_ros2/install/px4_msgs/local/lib/python3.10/dist-packages/px4_msgs/msg/_manual_control_setpoint.py\n'}
[6.055366] (px4_msgs) StdoutLine: {'line': b'-- Up-to-date: /home/pavel/ws_ros2/install/px4_msgs/local/lib/python3.10/dist-packages/px4_msgs/msg/_manual_control_setpoint_s.c\n'}
[6.055411] (px4_msgs) StdoutLine: {'line': b'-- Up-to-date: /home/pavel/ws_ros2/install/px4_msgs/local/lib/python3.10/dist-packages/px4_msgs/msg/_estimator_aid_source3d_s.c\n'}
[6.055456] (px4_msgs) StdoutLine: {'line': b'-- Up-to-date: /home/pavel/ws_ros2/install/px4_msgs/local/lib/python3.10/dist-packages/px4_msgs/msg/_geofence_status.py\n'}
[6.055503] (px4_msgs) StdoutLine: {'line': b'-- Up-to-date: /home/pavel/ws_ros2/install/px4_msgs/local/lib/python3.10/dist-packages/px4_msgs/msg/_internal_combustion_engine_status.py\n'}
[6.055553] (px4_msgs) StdoutLine: {'line': b'-- Up-to-date: /home/pavel/ws_ros2/install/px4_msgs/local/lib/python3.10/dist-packages/px4_msgs/msg/_mission.py\n'}
[6.055625] (px4_msgs) StdoutLine: {'line': b'-- Up-to-date: /home/pavel/ws_ros2/install/px4_msgs/local/lib/python3.10/dist-packages/px4_msgs/msg/_vehicle_command_ack_s.c\n'}
[6.055672] (px4_msgs) StdoutLine: {'line': b'-- Up-to-date: /home/pavel/ws_ros2/install/px4_msgs/local/lib/python3.10/dist-packages/px4_msgs/msg/_position_setpoint_s.c\n'}
[6.055718] (px4_msgs) StdoutLine: {'line': b'-- Up-to-date: /home/pavel/ws_ros2/install/px4_msgs/local/lib/python3.10/dist-packages/px4_msgs/msg/_mount_orientation.py\n'}
[6.055765] (px4_msgs) StdoutLine: {'line': b'-- Up-to-date: /home/pavel/ws_ros2/install/px4_msgs/local/lib/python3.10/dist-packages/px4_msgs/msg/_goto_setpoint_s.c\n'}
[6.055816] (px4_msgs) StdoutLine: {'line': b'-- Up-to-date: /home/pavel/ws_ros2/install/px4_msgs/local/lib/python3.10/dist-packages/px4_msgs/msg/_px4io_status.py\n'}
[6.055866] (px4_msgs) StdoutLine: {'line': b'-- Up-to-date: /home/pavel/ws_ros2/install/px4_msgs/local/lib/python3.10/dist-packages/px4_msgs/msg/_gimbal_manager_set_attitude.py\n'}
[6.055917] (px4_msgs) StdoutLine: {'line': b'-- Up-to-date: /home/pavel/ws_ros2/install/px4_msgs/local/lib/python3.10/dist-packages/px4_msgs/msg/_pwm_input.py\n'}
[6.055967] (px4_msgs) StdoutLine: {'line': b'-- Up-to-date: /home/pavel/ws_ros2/install/px4_msgs/local/lib/python3.10/dist-packages/px4_msgs/msg/_sensor_combined_s.c\n'}
[6.056017] (px4_msgs) StdoutLine: {'line': b'-- Up-to-date: /home/pavel/ws_ros2/install/px4_msgs/local/lib/python3.10/dist-packages/px4_msgs/msg/_estimator_aid_source2d.py\n'}
[6.056068] (px4_msgs) StdoutLine: {'line': b'-- Up-to-date: /home/pavel/ws_ros2/install/px4_msgs/local/lib/python3.10/dist-packages/px4_msgs/msg/_landing_target_innovations.py\n'}
[6.056118] (px4_msgs) StdoutLine: {'line': b'-- Up-to-date: /home/pavel/ws_ros2/install/px4_msgs/local/lib/python3.10/dist-packages/px4_msgs/msg/_wheel_encoders.py\n'}
[6.056191] (px4_msgs) StdoutLine: {'line': b'-- Up-to-date: /home/pavel/ws_ros2/install/px4_msgs/local/lib/python3.10/dist-packages/px4_msgs/msg/_home_position.py\n'}
[6.056237] (px4_msgs) StdoutLine: {'line': b'-- Up-to-date: /home/pavel/ws_ros2/install/px4_msgs/local/lib/python3.10/dist-packages/px4_msgs/msg/_vehicle_roi.py\n'}
[6.056282] (px4_msgs) StdoutLine: {'line': b'-- Up-to-date: /home/pavel/ws_ros2/install/px4_msgs/local/lib/python3.10/dist-packages/px4_msgs/msg/_qshell_req.py\n'}
[6.056332] (px4_msgs) StdoutLine: {'line': b'-- Up-to-date: /home/pavel/ws_ros2/install/px4_msgs/local/lib/python3.10/dist-packages/px4_msgs/msg/_task_stack_info_s.c\n'}
[6.056382] (px4_msgs) StdoutLine: {'line': b'-- Up-to-date: /home/pavel/ws_ros2/install/px4_msgs/local/lib/python3.10/dist-packages/px4_msgs/msg/_position_setpoint.py\n'}
[6.056432] (px4_msgs) StdoutLine: {'line': b'-- Up-to-date: /home/pavel/ws_ros2/install/px4_msgs/local/lib/python3.10/dist-packages/px4_msgs/msg/_trajectory_bezier_s.c\n'}
[6.056482] (px4_msgs) StdoutLine: {'line': b'-- Up-to-date: /home/pavel/ws_ros2/install/px4_msgs/local/lib/python3.10/dist-packages/px4_msgs/msg/_follow_target_estimator.py\n'}
[6.056532] (px4_msgs) StdoutLine: {'line': b'-- Up-to-date: /home/pavel/ws_ros2/install/px4_msgs/local/lib/python3.10/dist-packages/px4_msgs/msg/_irlock_report.py\n'}
[6.056624] (px4_msgs) StdoutLine: {'line': b'-- Up-to-date: /home/pavel/ws_ros2/install/px4_msgs/local/lib/python3.10/dist-packages/px4_msgs/msg/_vehicle_optical_flow_vel.py\n'}
[6.056697] (px4_msgs) StdoutLine: {'line': b'-- Up-to-date: /home/pavel/ws_ros2/install/px4_msgs/local/lib/python3.10/dist-packages/px4_msgs/msg/_message_format_request_s.c\n'}
[6.056742] (px4_msgs) StdoutLine: {'line': b'-- Up-to-date: /home/pavel/ws_ros2/install/px4_msgs/local/lib/python3.10/dist-packages/px4_msgs/msg/_sensor_airflow_s.c\n'}
[6.056787] (px4_msgs) StdoutLine: {'line': b'-- Up-to-date: /home/pavel/ws_ros2/install/px4_msgs/local/lib/python3.10/dist-packages/px4_msgs/msg/_estimator_sensor_bias_s.c\n'}
[6.056835] (px4_msgs) StdoutLine: {'line': b'-- Up-to-date: /home/pavel/ws_ros2/install/px4_msgs/local/lib/python3.10/dist-packages/px4_msgs/msg/_estimator_gps_status_s.c\n'}
[6.056885] (px4_msgs) StdoutLine: {'line': b'-- Up-to-date: /home/pavel/ws_ros2/install/px4_msgs/local/lib/python3.10/dist-packages/px4_msgs/msg/_transponder_report_s.c\n'}
[6.056935] (px4_msgs) StdoutLine: {'line': b'-- Up-to-date: /home/pavel/ws_ros2/install/px4_msgs/local/lib/python3.10/dist-packages/px4_msgs/msg/_actuator_servos_trim_s.c\n'}
[6.056985] (px4_msgs) StdoutLine: {'line': b'-- Up-to-date: /home/pavel/ws_ros2/install/px4_msgs/local/lib/python3.10/dist-packages/px4_msgs/msg/_internal_combustion_engine_status_s.c\n'}
[6.057036] (px4_msgs) StdoutLine: {'line': b'-- Up-to-date: /home/pavel/ws_ros2/install/px4_msgs/local/lib/python3.10/dist-packages/px4_msgs/msg/_npfg_status.py\n'}
[6.057085] (px4_msgs) StdoutLine: {'line': b'-- Up-to-date: /home/pavel/ws_ros2/install/px4_msgs/local/lib/python3.10/dist-packages/px4_msgs/msg/_sensor_gnss_relative_s.c\n'}
[6.057135] (px4_msgs) StdoutLine: {'line': b'-- Up-to-date: /home/pavel/ws_ros2/install/px4_msgs/local/lib/python3.10/dist-packages/px4_msgs/msg/_power_button_state_s.c\n'}
[6.057185] (px4_msgs) StdoutLine: {'line': b'-- Up-to-date: /home/pavel/ws_ros2/install/px4_msgs/local/lib/python3.10/dist-packages/px4_msgs/msg/_debug_vect.py\n'}
[6.057235] (px4_msgs) StdoutLine: {'line': b'-- Up-to-date: /home/pavel/ws_ros2/install/px4_msgs/local/lib/python3.10/dist-packages/px4_msgs/msg/_magnetometer_bias_estimate_s.c\n'}
[6.057286] (px4_msgs) StdoutLine: {'line': b'-- Up-to-date: /home/pavel/ws_ros2/install/px4_msgs/local/lib/python3.10/dist-packages/px4_msgs/msg/_estimator_innovations_s.c\n'}
[6.057336] (px4_msgs) StdoutLine: {'line': b'-- Up-to-date: /home/pavel/ws_ros2/install/px4_msgs/local/lib/python3.10/dist-packages/px4_msgs/msg/_rc_channels_s.c\n'}
[6.057385] (px4_msgs) StdoutLine: {'line': b'-- Up-to-date: /home/pavel/ws_ros2/install/px4_msgs/local/lib/python3.10/dist-packages/px4_msgs/msg/_follow_target_estimator_s.c\n'}
[6.057436] (px4_msgs) StdoutLine: {'line': b'-- Up-to-date: /home/pavel/ws_ros2/install/px4_msgs/local/lib/python3.10/dist-packages/px4_msgs/msg/_collision_constraints_s.c\n'}
[6.057487] (px4_msgs) StdoutLine: {'line': b'-- Up-to-date: /home/pavel/ws_ros2/install/px4_msgs/local/lib/python3.10/dist-packages/px4_msgs/msg/_actuator_motors.py\n'}
[6.057557] (px4_msgs) StdoutLine: {'line': b'-- Up-to-date: /home/pavel/ws_ros2/install/px4_msgs/local/lib/python3.10/dist-packages/px4_msgs/msg/_esc_report.py\n'}
[6.057644] (px4_msgs) StdoutLine: {'line': b'-- Up-to-date: /home/pavel/ws_ros2/install/px4_msgs/local/lib/python3.10/dist-packages/px4_msgs/msg/_gimbal_controls.py\n'}
[6.057724] (px4_msgs) StdoutLine: {'line': b'-- Up-to-date: /home/pavel/ws_ros2/install/px4_msgs/local/lib/python3.10/dist-packages/px4_msgs/msg/_sensor_baro.py\n'}
[6.057769] (px4_msgs) StdoutLine: {'line': b'-- Up-to-date: /home/pavel/ws_ros2/install/px4_msgs/local/lib/python3.10/dist-packages/px4_msgs/msg/_wheel_encoders_s.c\n'}
[6.057814] (px4_msgs) StdoutLine: {'line': b'-- Up-to-date: /home/pavel/ws_ros2/install/px4_msgs/local/lib/python3.10/dist-packages/px4_msgs/msg/_parameter_update.py\n'}
[6.057859] (px4_msgs) StdoutLine: {'line': b'-- Up-to-date: /home/pavel/ws_ros2/install/px4_msgs/local/lib/python3.10/dist-packages/px4_msgs/msg/_tune_control.py\n'}
[6.057906] (px4_msgs) StdoutLine: {'line': b'-- Up-to-date: /home/pavel/ws_ros2/install/px4_msgs/local/lib/python3.10/dist-packages/px4_msgs/msg/_estimator_aid_source1d_s.c\n'}
[6.057952] (px4_msgs) StdoutLine: {'line': b'-- Up-to-date: /home/pavel/ws_ros2/install/px4_msgs/local/lib/python3.10/dist-packages/px4_msgs/msg/_mission_s.c\n'}
[6.058003] (px4_msgs) StdoutLine: {'line': b'-- Up-to-date: /home/pavel/ws_ros2/install/px4_msgs/local/lib/python3.10/dist-packages/px4_msgs/msg/_pps_capture_s.c\n'}
[6.058049] (px4_msgs) StdoutLine: {'line': b'-- Up-to-date: /home/pavel/ws_ros2/install/px4_msgs/local/lib/python3.10/dist-packages/px4_msgs/msg/_sensor_selection.py\n'}
[6.058096] (px4_msgs) StdoutLine: {'line': b'-- Up-to-date: /home/pavel/ws_ros2/install/px4_msgs/local/lib/python3.10/dist-packages/px4_msgs/msg/_rpm_s.c\n'}
[6.058153] (px4_msgs) StdoutLine: {'line': b'-- Up-to-date: /home/pavel/ws_ros2/install/px4_msgs/local/lib/python3.10/dist-packages/px4_msgs/msg/_vehicle_local_position_s.c\n'}
[6.058199] (px4_msgs) StdoutLine: {'line': b'-- Up-to-date: /home/pavel/ws_ros2/install/px4_msgs/local/lib/python3.10/dist-packages/px4_msgs/msg/_differential_drive_setpoint.py\n'}
[6.058248] (px4_msgs) StdoutLine: {'line': b'-- Up-to-date: /home/pavel/ws_ros2/install/px4_msgs/local/lib/python3.10/dist-packages/px4_msgs/msg/_ulog_stream_s.c\n'}
[6.058294] (px4_msgs) StdoutLine: {'line': b'-- Up-to-date: /home/pavel/ws_ros2/install/px4_msgs/local/lib/python3.10/dist-packages/px4_msgs/msg/_dataman_request_s.c\n'}
[6.058340] (px4_msgs) StdoutLine: {'line': b'-- Up-to-date: /home/pavel/ws_ros2/install/px4_msgs/local/lib/python3.10/dist-packages/px4_msgs/px4_msgs_s__rosidl_typesupport_introspection_c.cpython-310-x86_64-linux-gnu.so\n'}
[6.058387] (px4_msgs) StdoutLine: {'line': b'-- Up-to-date: /home/pavel/ws_ros2/install/px4_msgs/local/lib/python3.10/dist-packages/px4_msgs/_px4_msgs_s.ep.rosidl_typesupport_c.c\n'}
[6.058433] (px4_msgs) StdoutLine: {'line': b'-- Up-to-date: /home/pavel/ws_ros2/install/px4_msgs/local/lib/python3.10/dist-packages/px4_msgs/px4_msgs_s__rosidl_typesupport_c.cpython-310-x86_64-linux-gnu.so\n'}
[6.058484] (px4_msgs) StdoutLine: {'line': b"Listing '/home/pavel/ws_ros2/install/px4_msgs/local/lib/python3.10/dist-packages/px4_msgs'...\n"}
[6.058536] (px4_msgs) StdoutLine: {'line': b"Listing '/home/pavel/ws_ros2/install/px4_msgs/local/lib/python3.10/dist-packages/px4_msgs/msg'...\n"}
[6.058623] (px4_msgs) StdoutLine: {'line': b"Listing '/home/pavel/ws_ros2/install/px4_msgs/local/lib/python3.10/dist-packages/px4_msgs/srv'...\n"}
[6.058732] (px4_msgs) StdoutLine: {'line': b'-- Up-to-date: /home/pavel/ws_ros2/install/px4_msgs/local/lib/python3.10/dist-packages/px4_msgs/px4_msgs_s__rosidl_typesupport_fastrtps_c.cpython-310-x86_64-linux-gnu.so\n'}
[6.058780] (px4_msgs) StdoutLine: {'line': b'-- Up-to-date: /home/pavel/ws_ros2/install/px4_msgs/local/lib/python3.10/dist-packages/px4_msgs/px4_msgs_s__rosidl_typesupport_introspection_c.cpython-310-x86_64-linux-gnu.so\n'}
[6.058826] (px4_msgs) StdoutLine: {'line': b'-- Up-to-date: /home/pavel/ws_ros2/install/px4_msgs/local/lib/python3.10/dist-packages/px4_msgs/px4_msgs_s__rosidl_typesupport_c.cpython-310-x86_64-linux-gnu.so\n'}
[6.058877] (px4_msgs) StdoutLine: {'line': b'-- Up-to-date: /home/pavel/ws_ros2/install/px4_msgs/lib/libpx4_msgs__rosidl_generator_py.so\n'}
[6.058923] (px4_msgs) StdoutLine: {'line': b'-- Up-to-date: /home/pavel/ws_ros2/install/px4_msgs/share/px4_msgs/msg/ActionRequest.idl\n'}
[6.058970] (px4_msgs) StdoutLine: {'line': b'-- Up-to-date: /home/pavel/ws_ros2/install/px4_msgs/share/px4_msgs/msg/ActuatorArmed.idl\n'}
[6.059017] (px4_msgs) StdoutLine: {'line': b'-- Up-to-date: /home/pavel/ws_ros2/install/px4_msgs/share/px4_msgs/msg/ActuatorControlsStatus.idl\n'}
[6.059068] (px4_msgs) StdoutLine: {'line': b'-- Up-to-date: /home/pavel/ws_ros2/install/px4_msgs/share/px4_msgs/msg/ActuatorMotors.idl\n'}
[6.059120] (px4_msgs) StdoutLine: {'line': b'-- Up-to-date: /home/pavel/ws_ros2/install/px4_msgs/share/px4_msgs/msg/ActuatorOutputs.idl\n'}
[6.059171] (px4_msgs) StdoutLine: {'line': b'-- Up-to-date: /home/pavel/ws_ros2/install/px4_msgs/share/px4_msgs/msg/ActuatorServos.idl\n'}
[6.059221] (px4_msgs) StdoutLine: {'line': b'-- Up-to-date: /home/pavel/ws_ros2/install/px4_msgs/share/px4_msgs/msg/ActuatorServosTrim.idl\n'}
[6.059271] (px4_msgs) StdoutLine: {'line': b'-- Up-to-date: /home/pavel/ws_ros2/install/px4_msgs/share/px4_msgs/msg/ActuatorTest.idl\n'}
[6.059321] (px4_msgs) StdoutLine: {'line': b'-- Up-to-date: /home/pavel/ws_ros2/install/px4_msgs/share/px4_msgs/msg/AdcReport.idl\n'}
[6.059371] (px4_msgs) StdoutLine: {'line': b'-- Up-to-date: /home/pavel/ws_ros2/install/px4_msgs/share/px4_msgs/msg/Airspeed.idl\n'}
[6.059421] (px4_msgs) StdoutLine: {'line': b'-- Up-to-date: /home/pavel/ws_ros2/install/px4_msgs/share/px4_msgs/msg/AirspeedValidated.idl\n'}
[6.059471] (px4_msgs) StdoutLine: {'line': b'-- Up-to-date: /home/pavel/ws_ros2/install/px4_msgs/share/px4_msgs/msg/AirspeedWind.idl\n'}
[6.059521] (px4_msgs) StdoutLine: {'line': b'-- Up-to-date: /home/pavel/ws_ros2/install/px4_msgs/share/px4_msgs/msg/ArmingCheckReply.idl\n'}
[6.059572] (px4_msgs) StdoutLine: {'line': b'-- Up-to-date: /home/pavel/ws_ros2/install/px4_msgs/share/px4_msgs/msg/ArmingCheckRequest.idl\n'}
[6.059663] (px4_msgs) StdoutLine: {'line': b'-- Up-to-date: /home/pavel/ws_ros2/install/px4_msgs/share/px4_msgs/msg/AutotuneAttitudeControlStatus.idl\n'}
[6.059710] (px4_msgs) StdoutLine: {'line': b'-- Up-to-date: /home/pavel/ws_ros2/install/px4_msgs/share/px4_msgs/msg/BatteryStatus.idl\n'}
[6.059757] (px4_msgs) StdoutLine: {'line': b'-- Up-to-date: /home/pavel/ws_ros2/install/px4_msgs/share/px4_msgs/msg/Buffer128.idl\n'}
[6.059802] (px4_msgs) StdoutLine: {'line': b'-- Up-to-date: /home/pavel/ws_ros2/install/px4_msgs/share/px4_msgs/msg/ButtonEvent.idl\n'}
[6.059849] (px4_msgs) StdoutLine: {'line': b'-- Up-to-date: /home/pavel/ws_ros2/install/px4_msgs/share/px4_msgs/msg/CameraCapture.idl\n'}
[6.059895] (px4_msgs) StdoutLine: {'line': b'-- Up-to-date: /home/pavel/ws_ros2/install/px4_msgs/share/px4_msgs/msg/CameraStatus.idl\n'}
[6.059945] (px4_msgs) StdoutLine: {'line': b'-- Up-to-date: /home/pavel/ws_ros2/install/px4_msgs/share/px4_msgs/msg/CameraTrigger.idl\n'}
[6.060029] (px4_msgs) StdoutLine: {'line': b'-- Up-to-date: /home/pavel/ws_ros2/install/px4_msgs/share/px4_msgs/msg/CanInterfaceStatus.idl\n'}
[6.060075] (px4_msgs) StdoutLine: {'line': b'-- Up-to-date: /home/pavel/ws_ros2/install/px4_msgs/share/px4_msgs/msg/CellularStatus.idl\n'}
[6.060120] (px4_msgs) StdoutLine: {'line': b'-- Up-to-date: /home/pavel/ws_ros2/install/px4_msgs/share/px4_msgs/msg/CollisionConstraints.idl\n'}
[6.060171] (px4_msgs) StdoutLine: {'line': b'-- Up-to-date: /home/pavel/ws_ros2/install/px4_msgs/share/px4_msgs/msg/CollisionReport.idl\n'}
[6.060217] (px4_msgs) StdoutLine: {'line': b'-- Up-to-date: /home/pavel/ws_ros2/install/px4_msgs/share/px4_msgs/msg/ConfigOverrides.idl\n'}
[6.060263] (px4_msgs) StdoutLine: {'line': b'-- Up-to-date: /home/pavel/ws_ros2/install/px4_msgs/share/px4_msgs/msg/ControlAllocatorStatus.idl\n'}
[6.060309] (px4_msgs) StdoutLine: {'line': b'-- Up-to-date: /home/pavel/ws_ros2/install/px4_msgs/share/px4_msgs/msg/Cpuload.idl\n'}
[6.060358] (px4_msgs) StdoutLine: {'line': b'-- Up-to-date: /home/pavel/ws_ros2/install/px4_msgs/share/px4_msgs/msg/DatamanRequest.idl\n'}
[6.060403] (px4_msgs) StdoutLine: {'line': b'-- Up-to-date: /home/pavel/ws_ros2/install/px4_msgs/share/px4_msgs/msg/DatamanResponse.idl\n'}
[6.060470] (px4_msgs) StdoutLine: {'line': b'-- Up-to-date: /home/pavel/ws_ros2/install/px4_msgs/share/px4_msgs/msg/DebugArray.idl\n'}
[6.060742] (px4_msgs) StdoutLine: {'line': b'-- Up-to-date: /home/pavel/ws_ros2/install/px4_msgs/share/px4_msgs/msg/DebugKeyValue.idl\n'}
[6.060791] (px4_msgs) StdoutLine: {'line': b'-- Up-to-date: /home/pavel/ws_ros2/install/px4_msgs/share/px4_msgs/msg/DebugValue.idl\n'}
[6.060837] (px4_msgs) StdoutLine: {'line': b'-- Up-to-date: /home/pavel/ws_ros2/install/px4_msgs/share/px4_msgs/msg/DebugVect.idl\n'}
[6.060882] (px4_msgs) StdoutLine: {'line': b'-- Up-to-date: /home/pavel/ws_ros2/install/px4_msgs/share/px4_msgs/msg/DifferentialDriveSetpoint.idl\n'}
[6.060928] (px4_msgs) StdoutLine: {'line': b'-- Up-to-date: /home/pavel/ws_ros2/install/px4_msgs/share/px4_msgs/msg/DifferentialPressure.idl\n'}
[6.060972] (px4_msgs) StdoutLine: {'line': b'-- Up-to-date: /home/pavel/ws_ros2/install/px4_msgs/share/px4_msgs/msg/DistanceSensor.idl\n'}
[6.061018] (px4_msgs) StdoutLine: {'line': b'-- Up-to-date: /home/pavel/ws_ros2/install/px4_msgs/share/px4_msgs/msg/Ekf2Timestamps.idl\n'}
[6.061064] (px4_msgs) StdoutLine: {'line': b'-- Up-to-date: /home/pavel/ws_ros2/install/px4_msgs/share/px4_msgs/msg/EscReport.idl\n'}
[6.061110] (px4_msgs) StdoutLine: {'line': b'-- Up-to-date: /home/pavel/ws_ros2/install/px4_msgs/share/px4_msgs/msg/EscStatus.idl\n'}
[6.061156] (px4_msgs) StdoutLine: {'line': b'-- Up-to-date: /home/pavel/ws_ros2/install/px4_msgs/share/px4_msgs/msg/EstimatorAidSource1d.idl\n'}
[6.061242] (px4_msgs) StdoutLine: {'line': b'-- Up-to-date: /home/pavel/ws_ros2/install/px4_msgs/share/px4_msgs/msg/EstimatorAidSource2d.idl\n'}
[6.061293] (px4_msgs) StdoutLine: {'line': b'-- Up-to-date: /home/pavel/ws_ros2/install/px4_msgs/share/px4_msgs/msg/EstimatorAidSource3d.idl\n'}
[6.061344] (px4_msgs) StdoutLine: {'line': b'-- Up-to-date: /home/pavel/ws_ros2/install/px4_msgs/share/px4_msgs/msg/EstimatorBias.idl\n'}
[6.061394] (px4_msgs) StdoutLine: {'line': b'-- Up-to-date: /home/pavel/ws_ros2/install/px4_msgs/share/px4_msgs/msg/EstimatorBias3d.idl\n'}
[6.061445] (px4_msgs) StdoutLine: {'line': b'-- Up-to-date: /home/pavel/ws_ros2/install/px4_msgs/share/px4_msgs/msg/EstimatorEventFlags.idl\n'}
[6.061497] (px4_msgs) StdoutLine: {'line': b'-- Up-to-date: /home/pavel/ws_ros2/install/px4_msgs/share/px4_msgs/msg/EstimatorGpsStatus.idl\n'}
[6.061570] (px4_msgs) StdoutLine: {'line': b'-- Up-to-date: /home/pavel/ws_ros2/install/px4_msgs/share/px4_msgs/msg/EstimatorInnovations.idl\n'}
[6.061681] (px4_msgs) StdoutLine: {'line': b'-- Up-to-date: /home/pavel/ws_ros2/install/px4_msgs/share/px4_msgs/msg/EstimatorSelectorStatus.idl\n'}
[6.061729] (px4_msgs) StdoutLine: {'line': b'-- Up-to-date: /home/pavel/ws_ros2/install/px4_msgs/share/px4_msgs/msg/EstimatorSensorBias.idl\n'}
[6.061775] (px4_msgs) StdoutLine: {'line': b'-- Up-to-date: /home/pavel/ws_ros2/install/px4_msgs/share/px4_msgs/msg/EstimatorStates.idl\n'}
[6.061822] (px4_msgs) StdoutLine: {'line': b'-- Up-to-date: /home/pavel/ws_ros2/install/px4_msgs/share/px4_msgs/msg/EstimatorStatus.idl\n'}
[6.061868] (px4_msgs) StdoutLine: {'line': b'-- Up-to-date: /home/pavel/ws_ros2/install/px4_msgs/share/px4_msgs/msg/EstimatorStatusFlags.idl\n'}
[6.061933] (px4_msgs) StdoutLine: {'line': b'-- Up-to-date: /home/pavel/ws_ros2/install/px4_msgs/share/px4_msgs/msg/Event.idl\n'}
[6.062001] (px4_msgs) StdoutLine: {'line': b'-- Up-to-date: /home/pavel/ws_ros2/install/px4_msgs/share/px4_msgs/msg/FailsafeFlags.idl\n'}
[6.062051] (px4_msgs) StdoutLine: {'line': b'-- Up-to-date: /home/pavel/ws_ros2/install/px4_msgs/share/px4_msgs/msg/FailureDetectorStatus.idl\n'}
[6.062102] (px4_msgs) StdoutLine: {'line': b'-- Up-to-date: /home/pavel/ws_ros2/install/px4_msgs/share/px4_msgs/msg/FigureEightStatus.idl\n'}
[6.062174] (px4_msgs) StdoutLine: {'line': b'-- Up-to-date: /home/pavel/ws_ros2/install/px4_msgs/share/px4_msgs/msg/FlightPhaseEstimation.idl\n'}
[6.062220] (px4_msgs) StdoutLine: {'line': b'-- Up-to-date: /home/pavel/ws_ros2/install/px4_msgs/share/px4_msgs/msg/FollowTarget.idl\n'}
[6.062265] (px4_msgs) StdoutLine: {'line': b'-- Up-to-date: /home/pavel/ws_ros2/install/px4_msgs/share/px4_msgs/msg/FollowTargetEstimator.idl\n'}
[6.062331] (px4_msgs) StdoutLine: {'line': b'-- Up-to-date: /home/pavel/ws_ros2/install/px4_msgs/share/px4_msgs/msg/FollowTargetStatus.idl\n'}
[6.062400] (px4_msgs) StdoutLine: {'line': b'-- Up-to-date: /home/pavel/ws_ros2/install/px4_msgs/share/px4_msgs/msg/FuelTankStatus.idl\n'}
[6.062451] (px4_msgs) StdoutLine: {'line': b'-- Up-to-date: /home/pavel/ws_ros2/install/px4_msgs/share/px4_msgs/msg/GeneratorStatus.idl\n'}
[6.062500] (px4_msgs) StdoutLine: {'line': b'-- Up-to-date: /home/pavel/ws_ros2/install/px4_msgs/share/px4_msgs/msg/GeofenceResult.idl\n'}
[6.062570] (px4_msgs) StdoutLine: {'line': b'-- Up-to-date: /home/pavel/ws_ros2/install/px4_msgs/share/px4_msgs/msg/GeofenceStatus.idl\n'}
[6.062677] (px4_msgs) StdoutLine: {'line': b'-- Up-to-date: /home/pavel/ws_ros2/install/px4_msgs/share/px4_msgs/msg/GimbalControls.idl\n'}
[6.062726] (px4_msgs) StdoutLine: {'line': b'-- Up-to-date: /home/pavel/ws_ros2/install/px4_msgs/share/px4_msgs/msg/GimbalDeviceAttitudeStatus.idl\n'}
[6.062772] (px4_msgs) StdoutLine: {'line': b'-- Up-to-date: /home/pavel/ws_ros2/install/px4_msgs/share/px4_msgs/msg/GimbalDeviceInformation.idl\n'}
[6.062841] (px4_msgs) StdoutLine: {'line': b'-- Up-to-date: /home/pavel/ws_ros2/install/px4_msgs/share/px4_msgs/msg/GimbalDeviceSetAttitude.idl\n'}
[6.062888] (px4_msgs) StdoutLine: {'line': b'-- Up-to-date: /home/pavel/ws_ros2/install/px4_msgs/share/px4_msgs/msg/GimbalManagerInformation.idl\n'}
[6.062978] (px4_msgs) StdoutLine: {'line': b'-- Up-to-date: /home/pavel/ws_ros2/install/px4_msgs/share/px4_msgs/msg/GimbalManagerSetAttitude.idl\n'}
[6.063047] (px4_msgs) StdoutLine: {'line': b'-- Up-to-date: /home/pavel/ws_ros2/install/px4_msgs/share/px4_msgs/msg/GimbalManagerSetManualControl.idl\n'}
[6.063097] (px4_msgs) StdoutLine: {'line': b'-- Up-to-date: /home/pavel/ws_ros2/install/px4_msgs/share/px4_msgs/msg/GimbalManagerStatus.idl\n'}
[6.063147] (px4_msgs) StdoutLine: {'line': b'-- Up-to-date: /home/pavel/ws_ros2/install/px4_msgs/share/px4_msgs/msg/GotoSetpoint.idl\n'}
[6.063198] (px4_msgs) StdoutLine: {'line': b'-- Up-to-date: /home/pavel/ws_ros2/install/px4_msgs/share/px4_msgs/msg/GpioConfig.idl\n'}
[6.063248] (px4_msgs) StdoutLine: {'line': b'-- Up-to-date: /home/pavel/ws_ros2/install/px4_msgs/share/px4_msgs/msg/GpioIn.idl\n'}
[6.063299] (px4_msgs) StdoutLine: {'line': b'-- Up-to-date: /home/pavel/ws_ros2/install/px4_msgs/share/px4_msgs/msg/GpioOut.idl\n'}
[6.063395] (px4_msgs) StdoutLine: {'line': b'-- Up-to-date: /home/pavel/ws_ros2/install/px4_msgs/share/px4_msgs/msg/GpioRequest.idl\n'}
[6.063451] (px4_msgs) StdoutLine: {'line': b'-- Up-to-date: /home/pavel/ws_ros2/install/px4_msgs/share/px4_msgs/msg/GpsDump.idl\n'}
[6.063504] (px4_msgs) StdoutLine: {'line': b'-- Up-to-date: /home/pavel/ws_ros2/install/px4_msgs/share/px4_msgs/msg/GpsInjectData.idl\n'}
[6.063555] (px4_msgs) StdoutLine: {'line': b'-- Up-to-date: /home/pavel/ws_ros2/install/px4_msgs/share/px4_msgs/msg/Gripper.idl\n'}
[6.063705] (px4_msgs) StdoutLine: {'line': b'-- Up-to-date: /home/pavel/ws_ros2/install/px4_msgs/share/px4_msgs/msg/HealthReport.idl\n'}
[6.063761] (px4_msgs) StdoutLine: {'line': b'-- Up-to-date: /home/pavel/ws_ros2/install/px4_msgs/share/px4_msgs/msg/HeaterStatus.idl\n'}
[6.063848] (px4_msgs) StdoutLine: {'line': b'-- Up-to-date: /home/pavel/ws_ros2/install/px4_msgs/share/px4_msgs/msg/HomePosition.idl\n'}
[6.063899] (px4_msgs) StdoutLine: {'line': b'-- Up-to-date: /home/pavel/ws_ros2/install/px4_msgs/share/px4_msgs/msg/HoverThrustEstimate.idl\n'}
[6.064012] (px4_msgs) StdoutLine: {'line': b'-- Up-to-date: /home/pavel/ws_ros2/install/px4_msgs/share/px4_msgs/msg/InputRc.idl\n'}
[6.064097] (px4_msgs) StdoutLine: {'line': b'-- Up-to-date: /home/pavel/ws_ros2/install/px4_msgs/share/px4_msgs/msg/InternalCombustionEngineStatus.idl\n'}
[6.064144] (px4_msgs) StdoutLine: {'line': b'-- Up-to-date: /home/pavel/ws_ros2/install/px4_msgs/share/px4_msgs/msg/IridiumsbdStatus.idl\n'}
[6.064190] (px4_msgs) StdoutLine: {'line': b'-- Up-to-date: /home/pavel/ws_ros2/install/px4_msgs/share/px4_msgs/msg/IrlockReport.idl\n'}
[6.064291] (px4_msgs) StdoutLine: {'line': b'-- Up-to-date: /home/pavel/ws_ros2/install/px4_msgs/share/px4_msgs/msg/LandingGear.idl\n'}
[6.064338] (px4_msgs) StdoutLine: {'line': b'-- Up-to-date: /home/pavel/ws_ros2/install/px4_msgs/share/px4_msgs/msg/LandingGearWheel.idl\n'}
[6.064406] (px4_msgs) StdoutLine: {'line': b'-- Up-to-date: /home/pavel/ws_ros2/install/px4_msgs/share/px4_msgs/msg/LandingTargetInnovations.idl\n'}
[6.064452] (px4_msgs) StdoutLine: {'line': b'-- Up-to-date: /home/pavel/ws_ros2/install/px4_msgs/share/px4_msgs/msg/LandingTargetPose.idl\n'}
[6.064498] (px4_msgs) StdoutLine: {'line': b'-- Up-to-date: /home/pavel/ws_ros2/install/px4_msgs/share/px4_msgs/msg/LaunchDetectionStatus.idl\n'}
[6.064544] (px4_msgs) StdoutLine: {'line': b'-- Up-to-date: /home/pavel/ws_ros2/install/px4_msgs/share/px4_msgs/msg/LedControl.idl\n'}
[6.064618] (px4_msgs) StdoutLine: {'line': b'-- Up-to-date: /home/pavel/ws_ros2/install/px4_msgs/share/px4_msgs/msg/LogMessage.idl\n'}
[6.064667] (px4_msgs) StdoutLine: {'line': b'-- Up-to-date: /home/pavel/ws_ros2/install/px4_msgs/share/px4_msgs/msg/LoggerStatus.idl\n'}
[6.064713] (px4_msgs) StdoutLine: {'line': b'-- Up-to-date: /home/pavel/ws_ros2/install/px4_msgs/share/px4_msgs/msg/MagWorkerData.idl\n'}
[6.064779] (px4_msgs) StdoutLine: {'line': b'-- Up-to-date: /home/pavel/ws_ros2/install/px4_msgs/share/px4_msgs/msg/MagnetometerBiasEstimate.idl\n'}
[6.064857] (px4_msgs) StdoutLine: {'line': b'-- Up-to-date: /home/pavel/ws_ros2/install/px4_msgs/share/px4_msgs/msg/ManualControlSetpoint.idl\n'}
[6.064902] (px4_msgs) StdoutLine: {'line': b'-- Up-to-date: /home/pavel/ws_ros2/install/px4_msgs/share/px4_msgs/msg/ManualControlSwitches.idl\n'}
[6.064948] (px4_msgs) StdoutLine: {'line': b'-- Up-to-date: /home/pavel/ws_ros2/install/px4_msgs/share/px4_msgs/msg/MavlinkLog.idl\n'}
[6.064993] (px4_msgs) StdoutLine: {'line': b'-- Up-to-date: /home/pavel/ws_ros2/install/px4_msgs/share/px4_msgs/msg/MavlinkTunnel.idl\n'}
[6.065038] (px4_msgs) StdoutLine: {'line': b'-- Up-to-date: /home/pavel/ws_ros2/install/px4_msgs/share/px4_msgs/msg/MessageFormatRequest.idl\n'}
[6.065084] (px4_msgs) StdoutLine: {'line': b'-- Up-to-date: /home/pavel/ws_ros2/install/px4_msgs/share/px4_msgs/msg/MessageFormatResponse.idl\n'}
[6.065136] (px4_msgs) StdoutLine: {'line': b'-- Up-to-date: /home/pavel/ws_ros2/install/px4_msgs/share/px4_msgs/msg/Mission.idl\n'}
[6.065185] (px4_msgs) StdoutLine: {'line': b'-- Up-to-date: /home/pavel/ws_ros2/install/px4_msgs/share/px4_msgs/msg/MissionResult.idl\n'}
[6.065262] (px4_msgs) StdoutLine: {'line': b'-- Up-to-date: /home/pavel/ws_ros2/install/px4_msgs/share/px4_msgs/msg/ModeCompleted.idl\n'}
[6.065307] (px4_msgs) StdoutLine: {'line': b'-- Up-to-date: /home/pavel/ws_ros2/install/px4_msgs/share/px4_msgs/msg/MountOrientation.idl\n'}
[6.065353] (px4_msgs) StdoutLine: {'line': b'-- Up-to-date: /home/pavel/ws_ros2/install/px4_msgs/share/px4_msgs/msg/NavigatorMissionItem.idl\n'}
[6.065429] (px4_msgs) StdoutLine: {'line': b'-- Up-to-date: /home/pavel/ws_ros2/install/px4_msgs/share/px4_msgs/msg/NormalizedUnsignedSetpoint.idl\n'}
[6.065477] (px4_msgs) StdoutLine: {'line': b'-- Up-to-date: /home/pavel/ws_ros2/install/px4_msgs/share/px4_msgs/msg/NpfgStatus.idl\n'}
[6.065524] (px4_msgs) StdoutLine: {'line': b'-- Up-to-date: /home/pavel/ws_ros2/install/px4_msgs/share/px4_msgs/msg/ObstacleDistance.idl\n'}
[6.065570] (px4_msgs) StdoutLine: {'line': b'-- Up-to-date: /home/pavel/ws_ros2/install/px4_msgs/share/px4_msgs/msg/OffboardControlMode.idl\n'}
[6.065677] (px4_msgs) StdoutLine: {'line': b'-- Up-to-date: /home/pavel/ws_ros2/install/px4_msgs/share/px4_msgs/msg/OnboardComputerStatus.idl\n'}
[6.065730] (px4_msgs) StdoutLine: {'line': b'-- Up-to-date: /home/pavel/ws_ros2/install/px4_msgs/share/px4_msgs/msg/OrbTest.idl\n'}
[6.065777] (px4_msgs) StdoutLine: {'line': b'-- Up-to-date: /home/pavel/ws_ros2/install/px4_msgs/share/px4_msgs/msg/OrbTestLarge.idl\n'}
[6.065847] (px4_msgs) StdoutLine: {'line': b'-- Up-to-date: /home/pavel/ws_ros2/install/px4_msgs/share/px4_msgs/msg/OrbTestMedium.idl\n'}
[6.065893] (px4_msgs) StdoutLine: {'line': b'-- Up-to-date: /home/pavel/ws_ros2/install/px4_msgs/share/px4_msgs/msg/OrbitStatus.idl\n'}
[6.065938] (px4_msgs) StdoutLine: {'line': b'-- Up-to-date: /home/pavel/ws_ros2/install/px4_msgs/share/px4_msgs/msg/ParameterResetRequest.idl\n'}
[6.065982] (px4_msgs) StdoutLine: {'line': b'-- Up-to-date: /home/pavel/ws_ros2/install/px4_msgs/share/px4_msgs/msg/ParameterSetUsedRequest.idl\n'}
[6.066027] (px4_msgs) StdoutLine: {'line': b'-- Up-to-date: /home/pavel/ws_ros2/install/px4_msgs/share/px4_msgs/msg/ParameterSetValueRequest.idl\n'}
[6.066071] (px4_msgs) StdoutLine: {'line': b'-- Up-to-date: /home/pavel/ws_ros2/install/px4_msgs/share/px4_msgs/msg/ParameterSetValueResponse.idl\n'}
[6.066309] (px4_msgs) StdoutLine: {'line': b'-- Up-to-date: /home/pavel/ws_ros2/install/px4_msgs/share/px4_msgs/msg/ParameterUpdate.idl\n'}
[6.066573] (px4_msgs) StdoutLine: {'line': b'-- Up-to-date: /home/pavel/ws_ros2/install/px4_msgs/share/px4_msgs/msg/Ping.idl\n'}
[6.066893] (px4_msgs) StdoutLine: {'line': b'-- Up-to-date: /home/pavel/ws_ros2/install/px4_msgs/share/px4_msgs/msg/PositionControllerLandingStatus.idl\n'}
[6.067261] (px4_msgs) StdoutLine: {'line': b'-- Up-to-date: /home/pavel/ws_ros2/install/px4_msgs/share/px4_msgs/msg/PositionControllerStatus.idl\n'}
[6.067797] (px4_msgs) StdoutLine: {'line': b'-- Up-to-date: /home/pavel/ws_ros2/install/px4_msgs/share/px4_msgs/msg/PositionSetpoint.idl\n'}
[6.068047] (px4_msgs) StdoutLine: {'line': b'-- Up-to-date: /home/pavel/ws_ros2/install/px4_msgs/share/px4_msgs/msg/PositionSetpointTriplet.idl\n'}
[6.068304] (px4_msgs) StdoutLine: {'line': b'-- Up-to-date: /home/pavel/ws_ros2/install/px4_msgs/share/px4_msgs/msg/PowerButtonState.idl\n'}
[6.068656] (px4_msgs) StdoutLine: {'line': b'-- Up-to-date: /home/pavel/ws_ros2/install/px4_msgs/share/px4_msgs/msg/PowerMonitor.idl\n'}
[6.069152] (px4_msgs) StdoutLine: {'line': b'-- Up-to-date: /home/pavel/ws_ros2/install/px4_msgs/share/px4_msgs/msg/PpsCapture.idl\n'}
[6.069594] (px4_msgs) StdoutLine: {'line': b'-- Up-to-date: /home/pavel/ws_ros2/install/px4_msgs/share/px4_msgs/msg/PwmInput.idl\n'}
[6.069719] (px4_msgs) StdoutLine: {'line': b'-- Up-to-date: /home/pavel/ws_ros2/install/px4_msgs/share/px4_msgs/msg/Px4ioStatus.idl\n'}
[6.070211] (px4_msgs) StdoutLine: {'line': b'-- Up-to-date: /home/pavel/ws_ros2/install/px4_msgs/share/px4_msgs/msg/QshellReq.idl\n'}
[6.070635] (px4_msgs) StdoutLine: {'line': b'-- Up-to-date: /home/pavel/ws_ros2/install/px4_msgs/share/px4_msgs/msg/QshellRetval.idl\n'}
[6.070906] (px4_msgs) StdoutLine: {'line': b'-- Up-to-date: /home/pavel/ws_ros2/install/px4_msgs/share/px4_msgs/msg/RadioStatus.idl\n'}
[6.071160] (px4_msgs) StdoutLine: {'line': b'-- Up-to-date: /home/pavel/ws_ros2/install/px4_msgs/share/px4_msgs/msg/RateCtrlStatus.idl\n'}
[6.071466] (px4_msgs) StdoutLine: {'line': b'-- Up-to-date: /home/pavel/ws_ros2/install/px4_msgs/share/px4_msgs/msg/RcChannels.idl\n'}
[6.071960] (px4_msgs) StdoutLine: {'line': b'-- Up-to-date: /home/pavel/ws_ros2/install/px4_msgs/share/px4_msgs/msg/RcParameterMap.idl\n'}
[6.072224] (px4_msgs) StdoutLine: {'line': b'-- Up-to-date: /home/pavel/ws_ros2/install/px4_msgs/share/px4_msgs/msg/RegisterExtComponentReply.idl\n'}
[6.072481] (px4_msgs) StdoutLine: {'line': b'-- Up-to-date: /home/pavel/ws_ros2/install/px4_msgs/share/px4_msgs/msg/RegisterExtComponentRequest.idl\n'}
[6.072814] (px4_msgs) StdoutLine: {'line': b'-- Up-to-date: /home/pavel/ws_ros2/install/px4_msgs/share/px4_msgs/msg/RoverAckermannGuidanceStatus.idl\n'}
[6.073284] (px4_msgs) StdoutLine: {'line': b'-- Up-to-date: /home/pavel/ws_ros2/install/px4_msgs/share/px4_msgs/msg/Rpm.idl\n'}
[6.073561] (px4_msgs) StdoutLine: {'line': b'-- Up-to-date: /home/pavel/ws_ros2/install/px4_msgs/share/px4_msgs/msg/RtlStatus.idl\n'}
[6.073901] (px4_msgs) StdoutLine: {'line': b'-- Up-to-date: /home/pavel/ws_ros2/install/px4_msgs/share/px4_msgs/msg/RtlTimeEstimate.idl\n'}
[6.074338] (px4_msgs) StdoutLine: {'line': b'-- Up-to-date: /home/pavel/ws_ros2/install/px4_msgs/share/px4_msgs/msg/SatelliteInfo.idl\n'}
[6.074998] (px4_msgs) StdoutLine: {'line': b'-- Up-to-date: /home/pavel/ws_ros2/install/px4_msgs/share/px4_msgs/msg/SensorAccel.idl\n'}
[6.075277] (px4_msgs) StdoutLine: {'line': b'-- Up-to-date: /home/pavel/ws_ros2/install/px4_msgs/share/px4_msgs/msg/SensorAccelFifo.idl\n'}
[6.075680] (px4_msgs) StdoutLine: {'line': b'-- Up-to-date: /home/pavel/ws_ros2/install/px4_msgs/share/px4_msgs/msg/SensorAirflow.idl\n'}
[6.079597] (px4_msgs) StdoutLine: {'line': b'-- Up-to-date: /home/pavel/ws_ros2/install/px4_msgs/share/px4_msgs/msg/SensorBaro.idl\n'}
[6.079741] (px4_msgs) StdoutLine: {'line': b'-- Up-to-date: /home/pavel/ws_ros2/install/px4_msgs/share/px4_msgs/msg/SensorCombined.idl\n'}
[6.079808] (px4_msgs) StdoutLine: {'line': b'-- Up-to-date: /home/pavel/ws_ros2/install/px4_msgs/share/px4_msgs/msg/SensorCorrection.idl\n'}
[6.079870] (px4_msgs) StdoutLine: {'line': b'-- Up-to-date: /home/pavel/ws_ros2/install/px4_msgs/share/px4_msgs/msg/SensorGnssRelative.idl\n'}
[6.079931] (px4_msgs) StdoutLine: {'line': b'-- Up-to-date: /home/pavel/ws_ros2/install/px4_msgs/share/px4_msgs/msg/SensorGps.idl\n'}
[6.080005] (px4_msgs) StdoutLine: {'line': b'-- Up-to-date: /home/pavel/ws_ros2/install/px4_msgs/share/px4_msgs/msg/SensorGyro.idl\n'}
[6.080066] (px4_msgs) StdoutLine: {'line': b'-- Up-to-date: /home/pavel/ws_ros2/install/px4_msgs/share/px4_msgs/msg/SensorGyroFft.idl\n'}
[6.080141] (px4_msgs) StdoutLine: {'line': b'-- Up-to-date: /home/pavel/ws_ros2/install/px4_msgs/share/px4_msgs/msg/SensorGyroFifo.idl\n'}
[6.080216] (px4_msgs) StdoutLine: {'line': b'-- Up-to-date: /home/pavel/ws_ros2/install/px4_msgs/share/px4_msgs/msg/SensorHygrometer.idl\n'}
[6.080289] (px4_msgs) StdoutLine: {'line': b'-- Up-to-date: /home/pavel/ws_ros2/install/px4_msgs/share/px4_msgs/msg/SensorMag.idl\n'}
[6.080387] (px4_msgs) StdoutLine: {'line': b'-- Up-to-date: /home/pavel/ws_ros2/install/px4_msgs/share/px4_msgs/msg/SensorOpticalFlow.idl\n'}
[6.080485] (px4_msgs) StdoutLine: {'line': b'-- Up-to-date: /home/pavel/ws_ros2/install/px4_msgs/share/px4_msgs/msg/SensorPreflightMag.idl\n'}
[6.080715] (px4_msgs) StdoutLine: {'line': b'-- Up-to-date: /home/pavel/ws_ros2/install/px4_msgs/share/px4_msgs/msg/SensorSelection.idl\n'}
[6.081199] (px4_msgs) StdoutLine: {'line': b'-- Up-to-date: /home/pavel/ws_ros2/install/px4_msgs/share/px4_msgs/msg/SensorUwb.idl\n'}
[6.081490] (px4_msgs) StdoutLine: {'line': b'-- Up-to-date: /home/pavel/ws_ros2/install/px4_msgs/share/px4_msgs/msg/SensorsStatus.idl\n'}
[6.081781] (px4_msgs) StdoutLine: {'line': b'-- Up-to-date: /home/pavel/ws_ros2/install/px4_msgs/share/px4_msgs/msg/SensorsStatusImu.idl\n'}
[6.082129] (px4_msgs) StdoutLine: {'line': b'-- Up-to-date: /home/pavel/ws_ros2/install/px4_msgs/share/px4_msgs/msg/SystemPower.idl\n'}
[6.082625] (px4_msgs) StdoutLine: {'line': b'-- Up-to-date: /home/pavel/ws_ros2/install/px4_msgs/share/px4_msgs/msg/TakeoffStatus.idl\n'}
[6.082930] (px4_msgs) StdoutLine: {'line': b'-- Up-to-date: /home/pavel/ws_ros2/install/px4_msgs/share/px4_msgs/msg/TaskStackInfo.idl\n'}
[6.083213] (px4_msgs) StdoutLine: {'line': b'-- Up-to-date: /home/pavel/ws_ros2/install/px4_msgs/share/px4_msgs/msg/TecsStatus.idl\n'}
[6.083565] (px4_msgs) StdoutLine: {'line': b'-- Up-to-date: /home/pavel/ws_ros2/install/px4_msgs/share/px4_msgs/msg/TelemetryStatus.idl\n'}
[6.084067] (px4_msgs) StdoutLine: {'line': b'-- Up-to-date: /home/pavel/ws_ros2/install/px4_msgs/share/px4_msgs/msg/TiltrotorExtraControls.idl\n'}
[6.084364] (px4_msgs) StdoutLine: {'line': b'-- Up-to-date: /home/pavel/ws_ros2/install/px4_msgs/share/px4_msgs/msg/TimesyncStatus.idl\n'}
[6.084661] (px4_msgs) StdoutLine: {'line': b'-- Up-to-date: /home/pavel/ws_ros2/install/px4_msgs/share/px4_msgs/msg/TrajectoryBezier.idl\n'}
[6.085011] (px4_msgs) StdoutLine: {'line': b'-- Up-to-date: /home/pavel/ws_ros2/install/px4_msgs/share/px4_msgs/msg/TrajectorySetpoint.idl\n'}
[6.085498] (px4_msgs) StdoutLine: {'line': b'-- Up-to-date: /home/pavel/ws_ros2/install/px4_msgs/share/px4_msgs/msg/TrajectoryWaypoint.idl\n'}
[6.085808] (px4_msgs) StdoutLine: {'line': b'-- Up-to-date: /home/pavel/ws_ros2/install/px4_msgs/share/px4_msgs/msg/TransponderReport.idl\n'}
[6.086095] (px4_msgs) StdoutLine: {'line': b'-- Up-to-date: /home/pavel/ws_ros2/install/px4_msgs/share/px4_msgs/msg/TuneControl.idl\n'}
[6.086447] (px4_msgs) StdoutLine: {'line': b'-- Up-to-date: /home/pavel/ws_ros2/install/px4_msgs/share/px4_msgs/msg/UavcanParameterRequest.idl\n'}
[6.086942] (px4_msgs) StdoutLine: {'line': b'-- Up-to-date: /home/pavel/ws_ros2/install/px4_msgs/share/px4_msgs/msg/UavcanParameterValue.idl\n'}
[6.087233] (px4_msgs) StdoutLine: {'line': b'-- Up-to-date: /home/pavel/ws_ros2/install/px4_msgs/share/px4_msgs/msg/UlogStream.idl\n'}
[6.087518] (px4_msgs) StdoutLine: {'line': b'-- Up-to-date: /home/pavel/ws_ros2/install/px4_msgs/share/px4_msgs/msg/UlogStreamAck.idl\n'}
[6.087877] (px4_msgs) StdoutLine: {'line': b'-- Up-to-date: /home/pavel/ws_ros2/install/px4_msgs/share/px4_msgs/msg/UnregisterExtComponent.idl\n'}
[6.088369] (px4_msgs) StdoutLine: {'line': b'-- Up-to-date: /home/pavel/ws_ros2/install/px4_msgs/share/px4_msgs/msg/VehicleAcceleration.idl\n'}
[6.088667] (px4_msgs) StdoutLine: {'line': b'-- Up-to-date: /home/pavel/ws_ros2/install/px4_msgs/share/px4_msgs/msg/VehicleAirData.idl\n'}
[6.088950] (px4_msgs) StdoutLine: {'line': b'-- Up-to-date: /home/pavel/ws_ros2/install/px4_msgs/share/px4_msgs/msg/VehicleAngularAccelerationSetpoint.idl\n'}
[6.089304] (px4_msgs) StdoutLine: {'line': b'-- Up-to-date: /home/pavel/ws_ros2/install/px4_msgs/share/px4_msgs/msg/VehicleAngularVelocity.idl\n'}
[6.089862] (px4_msgs) StdoutLine: {'line': b'-- Up-to-date: /home/pavel/ws_ros2/install/px4_msgs/share/px4_msgs/msg/VehicleAttitude.idl\n'}
[6.090342] (px4_msgs) StdoutLine: {'line': b'-- Up-to-date: /home/pavel/ws_ros2/install/px4_msgs/share/px4_msgs/msg/VehicleAttitudeSetpoint.idl\n'}
[6.090436] (px4_msgs) StdoutLine: {'line': b'-- Up-to-date: /home/pavel/ws_ros2/install/px4_msgs/share/px4_msgs/msg/VehicleCommand.idl\n'}
[6.090994] (px4_msgs) StdoutLine: {'line': b'-- Up-to-date: /home/pavel/ws_ros2/install/px4_msgs/share/px4_msgs/msg/VehicleCommandAck.idl\n'}
[6.091478] (px4_msgs) StdoutLine: {'line': b'-- Up-to-date: /home/pavel/ws_ros2/install/px4_msgs/share/px4_msgs/msg/VehicleConstraints.idl\n'}
[6.091776] (px4_msgs) StdoutLine: {'line': b'-- Up-to-date: /home/pavel/ws_ros2/install/px4_msgs/share/px4_msgs/msg/VehicleControlMode.idl\n'}
[6.092061] (px4_msgs) StdoutLine: {'line': b'-- Up-to-date: /home/pavel/ws_ros2/install/px4_msgs/share/px4_msgs/msg/VehicleGlobalPosition.idl\n'}
[6.092409] (px4_msgs) StdoutLine: {'line': b'-- Up-to-date: /home/pavel/ws_ros2/install/px4_msgs/share/px4_msgs/msg/VehicleImu.idl\n'}
[6.092905] (px4_msgs) StdoutLine: {'line': b'-- Up-to-date: /home/pavel/ws_ros2/install/px4_msgs/share/px4_msgs/msg/VehicleImuStatus.idl\n'}
[6.093196] (px4_msgs) StdoutLine: {'line': b'-- Up-to-date: /home/pavel/ws_ros2/install/px4_msgs/share/px4_msgs/msg/VehicleLandDetected.idl\n'}
[6.093479] (px4_msgs) StdoutLine: {'line': b'-- Up-to-date: /home/pavel/ws_ros2/install/px4_msgs/share/px4_msgs/msg/VehicleLocalPosition.idl\n'}
[6.093856] (px4_msgs) StdoutLine: {'line': b'-- Up-to-date: /home/pavel/ws_ros2/install/px4_msgs/share/px4_msgs/msg/VehicleLocalPositionSetpoint.idl\n'}
[6.094344] (px4_msgs) StdoutLine: {'line': b'-- Up-to-date: /home/pavel/ws_ros2/install/px4_msgs/share/px4_msgs/msg/VehicleMagnetometer.idl\n'}
[6.094641] (px4_msgs) StdoutLine: {'line': b'-- Up-to-date: /home/pavel/ws_ros2/install/px4_msgs/share/px4_msgs/msg/VehicleOdometry.idl\n'}
[6.094931] (px4_msgs) StdoutLine: {'line': b'-- Up-to-date: /home/pavel/ws_ros2/install/px4_msgs/share/px4_msgs/msg/VehicleOpticalFlow.idl\n'}
[6.095281] (px4_msgs) StdoutLine: {'line': b'-- Up-to-date: /home/pavel/ws_ros2/install/px4_msgs/share/px4_msgs/msg/VehicleOpticalFlowVel.idl\n'}
[6.095797] (px4_msgs) StdoutLine: {'line': b'-- Up-to-date: /home/pavel/ws_ros2/install/px4_msgs/share/px4_msgs/msg/VehicleRatesSetpoint.idl\n'}
[6.096091] (px4_msgs) StdoutLine: {'line': b'-- Up-to-date: /home/pavel/ws_ros2/install/px4_msgs/share/px4_msgs/msg/VehicleRoi.idl\n'}
[6.096376] (px4_msgs) StdoutLine: {'line': b'-- Up-to-date: /home/pavel/ws_ros2/install/px4_msgs/share/px4_msgs/msg/VehicleStatus.idl\n'}
[6.096747] (px4_msgs) StdoutLine: {'line': b'-- Up-to-date: /home/pavel/ws_ros2/install/px4_msgs/share/px4_msgs/msg/VehicleThrustSetpoint.idl\n'}
[6.097242] (px4_msgs) StdoutLine: {'line': b'-- Up-to-date: /home/pavel/ws_ros2/install/px4_msgs/share/px4_msgs/msg/VehicleTorqueSetpoint.idl\n'}
[6.097535] (px4_msgs) StdoutLine: {'line': b'-- Up-to-date: /home/pavel/ws_ros2/install/px4_msgs/share/px4_msgs/msg/VehicleTrajectoryBezier.idl\n'}
[6.097829] (px4_msgs) StdoutLine: {'line': b'-- Up-to-date: /home/pavel/ws_ros2/install/px4_msgs/share/px4_msgs/msg/VehicleTrajectoryWaypoint.idl\n'}
[6.098183] (px4_msgs) StdoutLine: {'line': b'-- Up-to-date: /home/pavel/ws_ros2/install/px4_msgs/share/px4_msgs/msg/VelocityLimits.idl\n'}
[6.098722] (px4_msgs) StdoutLine: {'line': b'-- Up-to-date: /home/pavel/ws_ros2/install/px4_msgs/share/px4_msgs/msg/VtolVehicleStatus.idl\n'}
[6.099213] (px4_msgs) StdoutLine: {'line': b'-- Up-to-date: /home/pavel/ws_ros2/install/px4_msgs/share/px4_msgs/msg/WheelEncoders.idl\n'}
[6.099307] (px4_msgs) StdoutLine: {'line': b'-- Up-to-date: /home/pavel/ws_ros2/install/px4_msgs/share/px4_msgs/msg/Wind.idl\n'}
[6.099858] (px4_msgs) StdoutLine: {'line': b'-- Up-to-date: /home/pavel/ws_ros2/install/px4_msgs/share/px4_msgs/msg/YawEstimatorStatus.idl\n'}
[6.100594] (px4_msgs) StdoutLine: {'line': b'-- Up-to-date: /home/pavel/ws_ros2/install/px4_msgs/share/px4_msgs/srv/VehicleCommand.idl\n'}
[6.101001] (px4_msgs) StdoutLine: {'line': b'-- Up-to-date: /home/pavel/ws_ros2/install/px4_msgs/share/px4_msgs/msg/ActionRequest.msg\n'}
[6.101325] (px4_msgs) StdoutLine: {'line': b'-- Up-to-date: /home/pavel/ws_ros2/install/px4_msgs/share/px4_msgs/msg/ActuatorArmed.msg\n'}
[6.101701] (px4_msgs) StdoutLine: {'line': b'-- Up-to-date: /home/pavel/ws_ros2/install/px4_msgs/share/px4_msgs/msg/ActuatorControlsStatus.msg\n'}
[6.102177] (px4_msgs) StdoutLine: {'line': b'-- Up-to-date: /home/pavel/ws_ros2/install/px4_msgs/share/px4_msgs/msg/ActuatorMotors.msg\n'}
[6.102434] (px4_msgs) StdoutLine: {'line': b'-- Up-to-date: /home/pavel/ws_ros2/install/px4_msgs/share/px4_msgs/msg/ActuatorOutputs.msg\n'}
[6.102712] (px4_msgs) StdoutLine: {'line': b'-- Up-to-date: /home/pavel/ws_ros2/install/px4_msgs/share/px4_msgs/msg/ActuatorServos.msg\n'}
[6.103048] (px4_msgs) StdoutLine: {'line': b'-- Up-to-date: /home/pavel/ws_ros2/install/px4_msgs/share/px4_msgs/msg/ActuatorServosTrim.msg\n'}
[6.103487] (px4_msgs) StdoutLine: {'line': b'-- Up-to-date: /home/pavel/ws_ros2/install/px4_msgs/share/px4_msgs/msg/ActuatorTest.msg\n'}
[6.103748] (px4_msgs) StdoutLine: {'line': b'-- Up-to-date: /home/pavel/ws_ros2/install/px4_msgs/share/px4_msgs/msg/AdcReport.msg\n'}
[6.103998] (px4_msgs) StdoutLine: {'line': b'-- Up-to-date: /home/pavel/ws_ros2/install/px4_msgs/share/px4_msgs/msg/Airspeed.msg\n'}
[6.104310] (px4_msgs) StdoutLine: {'line': b'-- Up-to-date: /home/pavel/ws_ros2/install/px4_msgs/share/px4_msgs/msg/AirspeedValidated.msg\n'}
[6.104796] (px4_msgs) StdoutLine: {'line': b'-- Up-to-date: /home/pavel/ws_ros2/install/px4_msgs/share/px4_msgs/msg/AirspeedWind.msg\n'}
[6.105057] (px4_msgs) StdoutLine: {'line': b'-- Up-to-date: /home/pavel/ws_ros2/install/px4_msgs/share/px4_msgs/msg/ArmingCheckReply.msg\n'}
[6.105306] (px4_msgs) StdoutLine: {'line': b'-- Up-to-date: /home/pavel/ws_ros2/install/px4_msgs/share/px4_msgs/msg/ArmingCheckRequest.msg\n'}
[6.105652] (px4_msgs) StdoutLine: {'line': b'-- Up-to-date: /home/pavel/ws_ros2/install/px4_msgs/share/px4_msgs/msg/AutotuneAttitudeControlStatus.msg\n'}
[6.106094] (px4_msgs) StdoutLine: {'line': b'-- Up-to-date: /home/pavel/ws_ros2/install/px4_msgs/share/px4_msgs/msg/BatteryStatus.msg\n'}
[6.106358] (px4_msgs) StdoutLine: {'line': b'-- Up-to-date: /home/pavel/ws_ros2/install/px4_msgs/share/px4_msgs/msg/Buffer128.msg\n'}
[6.106571] (px4_msgs) StdoutLine: {'line': b'-- Up-to-date: /home/pavel/ws_ros2/install/px4_msgs/share/px4_msgs/msg/ButtonEvent.msg\n'}
[6.107009] (px4_msgs) StdoutLine: {'line': b'-- Up-to-date: /home/pavel/ws_ros2/install/px4_msgs/share/px4_msgs/msg/CameraCapture.msg\n'}
[6.107436] (px4_msgs) StdoutLine: {'line': b'-- Up-to-date: /home/pavel/ws_ros2/install/px4_msgs/share/px4_msgs/msg/CameraStatus.msg\n'}
[6.107691] (px4_msgs) StdoutLine: {'line': b'-- Up-to-date: /home/pavel/ws_ros2/install/px4_msgs/share/px4_msgs/msg/CameraTrigger.msg\n'}
[6.107929] (px4_msgs) StdoutLine: {'line': b'-- Up-to-date: /home/pavel/ws_ros2/install/px4_msgs/share/px4_msgs/msg/CanInterfaceStatus.msg\n'}
[6.108238] (px4_msgs) StdoutLine: {'line': b'-- Up-to-date: /home/pavel/ws_ros2/install/px4_msgs/share/px4_msgs/msg/CellularStatus.msg\n'}
[6.108708] (px4_msgs) StdoutLine: {'line': b'-- Up-to-date: /home/pavel/ws_ros2/install/px4_msgs/share/px4_msgs/msg/CollisionConstraints.msg\n'}
[6.109108] (px4_msgs) StdoutLine: {'line': b'-- Up-to-date: /home/pavel/ws_ros2/install/px4_msgs/share/px4_msgs/msg/CollisionReport.msg\n'}
[6.109258] (px4_msgs) StdoutLine: {'line': b'-- Up-to-date: /home/pavel/ws_ros2/install/px4_msgs/share/px4_msgs/msg/ConfigOverrides.msg\n'}
[6.109744] (px4_msgs) StdoutLine: {'line': b'-- Up-to-date: /home/pavel/ws_ros2/install/px4_msgs/share/px4_msgs/msg/ControlAllocatorStatus.msg\n'}
[6.110156] (px4_msgs) StdoutLine: {'line': b'-- Up-to-date: /home/pavel/ws_ros2/install/px4_msgs/share/px4_msgs/msg/Cpuload.msg\n'}
[6.110420] (px4_msgs) StdoutLine: {'line': b'-- Up-to-date: /home/pavel/ws_ros2/install/px4_msgs/share/px4_msgs/msg/DatamanRequest.msg\n'}
[6.110670] (px4_msgs) StdoutLine: {'line': b'-- Up-to-date: /home/pavel/ws_ros2/install/px4_msgs/share/px4_msgs/msg/DatamanResponse.msg\n'}
[6.110977] (px4_msgs) StdoutLine: {'line': b'-- Up-to-date: /home/pavel/ws_ros2/install/px4_msgs/share/px4_msgs/msg/DebugArray.msg\n'}
[6.111414] (px4_msgs) StdoutLine: {'line': b'-- Up-to-date: /home/pavel/ws_ros2/install/px4_msgs/share/px4_msgs/msg/DebugKeyValue.msg\n'}
[6.111674] (px4_msgs) StdoutLine: {'line': b'-- Up-to-date: /home/pavel/ws_ros2/install/px4_msgs/share/px4_msgs/msg/DebugValue.msg\n'}
[6.111927] (px4_msgs) StdoutLine: {'line': b'-- Up-to-date: /home/pavel/ws_ros2/install/px4_msgs/share/px4_msgs/msg/DebugVect.msg\n'}
[6.112236] (px4_msgs) StdoutLine: {'line': b'-- Up-to-date: /home/pavel/ws_ros2/install/px4_msgs/share/px4_msgs/msg/DifferentialDriveSetpoint.msg\n'}
[6.112643] (px4_msgs) StdoutLine: {'line': b'-- Up-to-date: /home/pavel/ws_ros2/install/px4_msgs/share/px4_msgs/msg/DifferentialPressure.msg\n'}
[6.112945] (px4_msgs) StdoutLine: {'line': b'-- Up-to-date: /home/pavel/ws_ros2/install/px4_msgs/share/px4_msgs/msg/DistanceSensor.msg\n'}
[6.113196] (px4_msgs) StdoutLine: {'line': b'-- Up-to-date: /home/pavel/ws_ros2/install/px4_msgs/share/px4_msgs/msg/Ekf2Timestamps.msg\n'}
[6.113504] (px4_msgs) StdoutLine: {'line': b'-- Up-to-date: /home/pavel/ws_ros2/install/px4_msgs/share/px4_msgs/msg/EscReport.msg\n'}
[6.113943] (px4_msgs) StdoutLine: {'line': b'-- Up-to-date: /home/pavel/ws_ros2/install/px4_msgs/share/px4_msgs/msg/EscStatus.msg\n'}
[6.114210] (px4_msgs) StdoutLine: {'line': b'-- Up-to-date: /home/pavel/ws_ros2/install/px4_msgs/share/px4_msgs/msg/EstimatorAidSource1d.msg\n'}
[6.114459] (px4_msgs) StdoutLine: {'line': b'-- Up-to-date: /home/pavel/ws_ros2/install/px4_msgs/share/px4_msgs/msg/EstimatorAidSource2d.msg\n'}
[6.114772] (px4_msgs) StdoutLine: {'line': b'-- Up-to-date: /home/pavel/ws_ros2/install/px4_msgs/share/px4_msgs/msg/EstimatorAidSource3d.msg\n'}
[6.115210] (px4_msgs) StdoutLine: {'line': b'-- Up-to-date: /home/pavel/ws_ros2/install/px4_msgs/share/px4_msgs/msg/EstimatorBias.msg\n'}
[6.115466] (px4_msgs) StdoutLine: {'line': b'-- Up-to-date: /home/pavel/ws_ros2/install/px4_msgs/share/px4_msgs/msg/EstimatorBias3d.msg\n'}
[6.115719] (px4_msgs) StdoutLine: {'line': b'-- Up-to-date: /home/pavel/ws_ros2/install/px4_msgs/share/px4_msgs/msg/EstimatorEventFlags.msg\n'}
[6.116033] (px4_msgs) StdoutLine: {'line': b'-- Up-to-date: /home/pavel/ws_ros2/install/px4_msgs/share/px4_msgs/msg/EstimatorGpsStatus.msg\n'}
[6.116469] (px4_msgs) StdoutLine: {'line': b'-- Up-to-date: /home/pavel/ws_ros2/install/px4_msgs/share/px4_msgs/msg/EstimatorInnovations.msg\n'}
[6.116744] (px4_msgs) StdoutLine: {'line': b'-- Up-to-date: /home/pavel/ws_ros2/install/px4_msgs/share/px4_msgs/msg/EstimatorSelectorStatus.msg\n'}
[6.116994] (px4_msgs) StdoutLine: {'line': b'-- Up-to-date: /home/pavel/ws_ros2/install/px4_msgs/share/px4_msgs/msg/EstimatorSensorBias.msg\n'}
[6.117313] (px4_msgs) StdoutLine: {'line': b'-- Up-to-date: /home/pavel/ws_ros2/install/px4_msgs/share/px4_msgs/msg/EstimatorStates.msg\n'}
[6.117788] (px4_msgs) StdoutLine: {'line': b'-- Up-to-date: /home/pavel/ws_ros2/install/px4_msgs/share/px4_msgs/msg/EstimatorStatus.msg\n'}
[6.118224] (px4_msgs) StdoutLine: {'line': b'-- Up-to-date: /home/pavel/ws_ros2/install/px4_msgs/share/px4_msgs/msg/EstimatorStatusFlags.msg\n'}
[6.118330] (px4_msgs) StdoutLine: {'line': b'-- Up-to-date: /home/pavel/ws_ros2/install/px4_msgs/share/px4_msgs/msg/Event.msg\n'}
[6.118787] (px4_msgs) StdoutLine: {'line': b'-- Up-to-date: /home/pavel/ws_ros2/install/px4_msgs/share/px4_msgs/msg/FailsafeFlags.msg\n'}
[6.119216] (px4_msgs) StdoutLine: {'line': b'-- Up-to-date: /home/pavel/ws_ros2/install/px4_msgs/share/px4_msgs/msg/FailureDetectorStatus.msg\n'}
[6.119477] (px4_msgs) StdoutLine: {'line': b'-- Up-to-date: /home/pavel/ws_ros2/install/px4_msgs/share/px4_msgs/msg/FigureEightStatus.msg\n'}
[6.119738] (px4_msgs) StdoutLine: {'line': b'-- Up-to-date: /home/pavel/ws_ros2/install/px4_msgs/share/px4_msgs/msg/FlightPhaseEstimation.msg\n'}
[6.120049] (px4_msgs) StdoutLine: {'line': b'-- Up-to-date: /home/pavel/ws_ros2/install/px4_msgs/share/px4_msgs/msg/FollowTarget.msg\n'}
[6.120483] (px4_msgs) StdoutLine: {'line': b'-- Up-to-date: /home/pavel/ws_ros2/install/px4_msgs/share/px4_msgs/msg/FollowTargetEstimator.msg\n'}
[6.120747] (px4_msgs) StdoutLine: {'line': b'-- Up-to-date: /home/pavel/ws_ros2/install/px4_msgs/share/px4_msgs/msg/FollowTargetStatus.msg\n'}
[6.121000] (px4_msgs) StdoutLine: {'line': b'-- Up-to-date: /home/pavel/ws_ros2/install/px4_msgs/share/px4_msgs/msg/FuelTankStatus.msg\n'}
[6.121317] (px4_msgs) StdoutLine: {'line': b'-- Up-to-date: /home/pavel/ws_ros2/install/px4_msgs/share/px4_msgs/msg/GeneratorStatus.msg\n'}
[6.121771] (px4_msgs) StdoutLine: {'line': b'-- Up-to-date: /home/pavel/ws_ros2/install/px4_msgs/share/px4_msgs/msg/GeofenceResult.msg\n'}
[6.122037] (px4_msgs) StdoutLine: {'line': b'-- Up-to-date: /home/pavel/ws_ros2/install/px4_msgs/share/px4_msgs/msg/GeofenceStatus.msg\n'}
[6.122287] (px4_msgs) StdoutLine: {'line': b'-- Up-to-date: /home/pavel/ws_ros2/install/px4_msgs/share/px4_msgs/msg/GimbalControls.msg\n'}
[6.122604] (px4_msgs) StdoutLine: {'line': b'-- Up-to-date: /home/pavel/ws_ros2/install/px4_msgs/share/px4_msgs/msg/GimbalDeviceAttitudeStatus.msg\n'}
[6.123040] (px4_msgs) StdoutLine: {'line': b'-- Up-to-date: /home/pavel/ws_ros2/install/px4_msgs/share/px4_msgs/msg/GimbalDeviceInformation.msg\n'}
[6.123305] (px4_msgs) StdoutLine: {'line': b'-- Up-to-date: /home/pavel/ws_ros2/install/px4_msgs/share/px4_msgs/msg/GimbalDeviceSetAttitude.msg\n'}
[6.123466] (-) TimerEvent: {}
[6.123571] (px4_msgs) StdoutLine: {'line': b'-- Up-to-date: /home/pavel/ws_ros2/install/px4_msgs/share/px4_msgs/msg/GimbalManagerInformation.msg\n'}
[6.123873] (px4_msgs) StdoutLine: {'line': b'-- Up-to-date: /home/pavel/ws_ros2/install/px4_msgs/share/px4_msgs/msg/GimbalManagerSetAttitude.msg\n'}
[6.124315] (px4_msgs) StdoutLine: {'line': b'-- Up-to-date: /home/pavel/ws_ros2/install/px4_msgs/share/px4_msgs/msg/GimbalManagerSetManualControl.msg\n'}
[6.124572] (px4_msgs) StdoutLine: {'line': b'-- Up-to-date: /home/pavel/ws_ros2/install/px4_msgs/share/px4_msgs/msg/GimbalManagerStatus.msg\n'}
[6.124831] (px4_msgs) StdoutLine: {'line': b'-- Up-to-date: /home/pavel/ws_ros2/install/px4_msgs/share/px4_msgs/msg/GotoSetpoint.msg\n'}
[6.125146] (px4_msgs) StdoutLine: {'line': b'-- Up-to-date: /home/pavel/ws_ros2/install/px4_msgs/share/px4_msgs/msg/GpioConfig.msg\n'}
[6.125613] (px4_msgs) StdoutLine: {'line': b'-- Up-to-date: /home/pavel/ws_ros2/install/px4_msgs/share/px4_msgs/msg/GpioIn.msg\n'}
[6.126064] (px4_msgs) StdoutLine: {'line': b'-- Up-to-date: /home/pavel/ws_ros2/install/px4_msgs/share/px4_msgs/msg/GpioOut.msg\n'}
[6.126163] (px4_msgs) StdoutLine: {'line': b'-- Up-to-date: /home/pavel/ws_ros2/install/px4_msgs/share/px4_msgs/msg/GpioRequest.msg\n'}
[6.126640] (px4_msgs) StdoutLine: {'line': b'-- Up-to-date: /home/pavel/ws_ros2/install/px4_msgs/share/px4_msgs/msg/GpsDump.msg\n'}
[6.127072] (px4_msgs) StdoutLine: {'line': b'-- Up-to-date: /home/pavel/ws_ros2/install/px4_msgs/share/px4_msgs/msg/GpsInjectData.msg\n'}
[6.127331] (px4_msgs) StdoutLine: {'line': b'-- Up-to-date: /home/pavel/ws_ros2/install/px4_msgs/share/px4_msgs/msg/Gripper.msg\n'}
[6.127596] (px4_msgs) StdoutLine: {'line': b'-- Up-to-date: /home/pavel/ws_ros2/install/px4_msgs/share/px4_msgs/msg/HealthReport.msg\n'}
[6.127903] (px4_msgs) StdoutLine: {'line': b'-- Up-to-date: /home/pavel/ws_ros2/install/px4_msgs/share/px4_msgs/msg/HeaterStatus.msg\n'}
[6.128356] (px4_msgs) StdoutLine: {'line': b'-- Up-to-date: /home/pavel/ws_ros2/install/px4_msgs/share/px4_msgs/msg/HomePosition.msg\n'}
[6.128589] (px4_msgs) StdoutLine: {'line': b'-- Up-to-date: /home/pavel/ws_ros2/install/px4_msgs/share/px4_msgs/msg/HoverThrustEstimate.msg\n'}
[6.128868] (px4_msgs) StdoutLine: {'line': b'-- Up-to-date: /home/pavel/ws_ros2/install/px4_msgs/share/px4_msgs/msg/InputRc.msg\n'}
[6.129189] (px4_msgs) StdoutLine: {'line': b'-- Up-to-date: /home/pavel/ws_ros2/install/px4_msgs/share/px4_msgs/msg/InternalCombustionEngineStatus.msg\n'}
[6.129626] (px4_msgs) StdoutLine: {'line': b'-- Up-to-date: /home/pavel/ws_ros2/install/px4_msgs/share/px4_msgs/msg/IridiumsbdStatus.msg\n'}
[6.129892] (px4_msgs) StdoutLine: {'line': b'-- Up-to-date: /home/pavel/ws_ros2/install/px4_msgs/share/px4_msgs/msg/IrlockReport.msg\n'}
[6.130148] (px4_msgs) StdoutLine: {'line': b'-- Up-to-date: /home/pavel/ws_ros2/install/px4_msgs/share/px4_msgs/msg/LandingGear.msg\n'}
[6.130459] (px4_msgs) StdoutLine: {'line': b'-- Up-to-date: /home/pavel/ws_ros2/install/px4_msgs/share/px4_msgs/msg/LandingGearWheel.msg\n'}
[6.130906] (px4_msgs) StdoutLine: {'line': b'-- Up-to-date: /home/pavel/ws_ros2/install/px4_msgs/share/px4_msgs/msg/LandingTargetInnovations.msg\n'}
[6.131162] (px4_msgs) StdoutLine: {'line': b'-- Up-to-date: /home/pavel/ws_ros2/install/px4_msgs/share/px4_msgs/msg/LandingTargetPose.msg\n'}
[6.131413] (px4_msgs) StdoutLine: {'line': b'-- Up-to-date: /home/pavel/ws_ros2/install/px4_msgs/share/px4_msgs/msg/LaunchDetectionStatus.msg\n'}
[6.131739] (px4_msgs) StdoutLine: {'line': b'-- Up-to-date: /home/pavel/ws_ros2/install/px4_msgs/share/px4_msgs/msg/LedControl.msg\n'}
[6.132179] (px4_msgs) StdoutLine: {'line': b'-- Up-to-date: /home/pavel/ws_ros2/install/px4_msgs/share/px4_msgs/msg/LogMessage.msg\n'}
[6.132437] (px4_msgs) StdoutLine: {'line': b'-- Up-to-date: /home/pavel/ws_ros2/install/px4_msgs/share/px4_msgs/msg/LoggerStatus.msg\n'}
[6.132720] (px4_msgs) StdoutLine: {'line': b'-- Up-to-date: /home/pavel/ws_ros2/install/px4_msgs/share/px4_msgs/msg/MagWorkerData.msg\n'}
[6.133031] (px4_msgs) StdoutLine: {'line': b'-- Up-to-date: /home/pavel/ws_ros2/install/px4_msgs/share/px4_msgs/msg/MagnetometerBiasEstimate.msg\n'}
[6.133471] (px4_msgs) StdoutLine: {'line': b'-- Up-to-date: /home/pavel/ws_ros2/install/px4_msgs/share/px4_msgs/msg/ManualControlSetpoint.msg\n'}
[6.133725] (px4_msgs) StdoutLine: {'line': b'-- Up-to-date: /home/pavel/ws_ros2/install/px4_msgs/share/px4_msgs/msg/ManualControlSwitches.msg\n'}
[6.133993] (px4_msgs) StdoutLine: {'line': b'-- Up-to-date: /home/pavel/ws_ros2/install/px4_msgs/share/px4_msgs/msg/MavlinkLog.msg\n'}
[6.134307] (px4_msgs) StdoutLine: {'line': b'-- Up-to-date: /home/pavel/ws_ros2/install/px4_msgs/share/px4_msgs/msg/MavlinkTunnel.msg\n'}
[6.134795] (px4_msgs) StdoutLine: {'line': b'-- Up-to-date: /home/pavel/ws_ros2/install/px4_msgs/share/px4_msgs/msg/MessageFormatRequest.msg\n'}
[6.135232] (px4_msgs) StdoutLine: {'line': b'-- Up-to-date: /home/pavel/ws_ros2/install/px4_msgs/share/px4_msgs/msg/MessageFormatResponse.msg\n'}
[6.135359] (px4_msgs) StdoutLine: {'line': b'-- Up-to-date: /home/pavel/ws_ros2/install/px4_msgs/share/px4_msgs/msg/Mission.msg\n'}
[6.135807] (px4_msgs) StdoutLine: {'line': b'-- Up-to-date: /home/pavel/ws_ros2/install/px4_msgs/share/px4_msgs/msg/MissionResult.msg\n'}
[6.136245] (px4_msgs) StdoutLine: {'line': b'-- Up-to-date: /home/pavel/ws_ros2/install/px4_msgs/share/px4_msgs/msg/ModeCompleted.msg\n'}
[6.136507] (px4_msgs) StdoutLine: {'line': b'-- Up-to-date: /home/pavel/ws_ros2/install/px4_msgs/share/px4_msgs/msg/MountOrientation.msg\n'}
[6.136773] (px4_msgs) StdoutLine: {'line': b'-- Up-to-date: /home/pavel/ws_ros2/install/px4_msgs/share/px4_msgs/msg/NavigatorMissionItem.msg\n'}
[6.137088] (px4_msgs) StdoutLine: {'line': b'-- Up-to-date: /home/pavel/ws_ros2/install/px4_msgs/share/px4_msgs/msg/NormalizedUnsignedSetpoint.msg\n'}
[6.137531] (px4_msgs) StdoutLine: {'line': b'-- Up-to-date: /home/pavel/ws_ros2/install/px4_msgs/share/px4_msgs/msg/NpfgStatus.msg\n'}
[6.137795] (px4_msgs) StdoutLine: {'line': b'-- Up-to-date: /home/pavel/ws_ros2/install/px4_msgs/share/px4_msgs/msg/ObstacleDistance.msg\n'}
[6.138050] (px4_msgs) StdoutLine: {'line': b'-- Up-to-date: /home/pavel/ws_ros2/install/px4_msgs/share/px4_msgs/msg/OffboardControlMode.msg\n'}
[6.138366] (px4_msgs) StdoutLine: {'line': b'-- Up-to-date: /home/pavel/ws_ros2/install/px4_msgs/share/px4_msgs/msg/OnboardComputerStatus.msg\n'}
[6.138814] (px4_msgs) StdoutLine: {'line': b'-- Up-to-date: /home/pavel/ws_ros2/install/px4_msgs/share/px4_msgs/msg/OrbTest.msg\n'}
[6.139073] (px4_msgs) StdoutLine: {'line': b'-- Up-to-date: /home/pavel/ws_ros2/install/px4_msgs/share/px4_msgs/msg/OrbTestLarge.msg\n'}
[6.139324] (px4_msgs) StdoutLine: {'line': b'-- Up-to-date: /home/pavel/ws_ros2/install/px4_msgs/share/px4_msgs/msg/OrbTestMedium.msg\n'}
[6.139626] (px4_msgs) StdoutLine: {'line': b'-- Up-to-date: /home/pavel/ws_ros2/install/px4_msgs/share/px4_msgs/msg/OrbitStatus.msg\n'}
[6.140084] (px4_msgs) StdoutLine: {'line': b'-- Up-to-date: /home/pavel/ws_ros2/install/px4_msgs/share/px4_msgs/msg/ParameterResetRequest.msg\n'}
[6.140344] (px4_msgs) StdoutLine: {'line': b'-- Up-to-date: /home/pavel/ws_ros2/install/px4_msgs/share/px4_msgs/msg/ParameterSetUsedRequest.msg\n'}
[6.140607] (px4_msgs) StdoutLine: {'line': b'-- Up-to-date: /home/pavel/ws_ros2/install/px4_msgs/share/px4_msgs/msg/ParameterSetValueRequest.msg\n'}
[6.140927] (px4_msgs) StdoutLine: {'line': b'-- Up-to-date: /home/pavel/ws_ros2/install/px4_msgs/share/px4_msgs/msg/ParameterSetValueResponse.msg\n'}
[6.141371] (px4_msgs) StdoutLine: {'line': b'-- Up-to-date: /home/pavel/ws_ros2/install/px4_msgs/share/px4_msgs/msg/ParameterUpdate.msg\n'}
[6.141642] (px4_msgs) StdoutLine: {'line': b'-- Up-to-date: /home/pavel/ws_ros2/install/px4_msgs/share/px4_msgs/msg/Ping.msg\n'}
[6.141895] (px4_msgs) StdoutLine: {'line': b'-- Up-to-date: /home/pavel/ws_ros2/install/px4_msgs/share/px4_msgs/msg/PositionControllerLandingStatus.msg\n'}
[6.142205] (px4_msgs) StdoutLine: {'line': b'-- Up-to-date: /home/pavel/ws_ros2/install/px4_msgs/share/px4_msgs/msg/PositionControllerStatus.msg\n'}
[6.142646] (px4_msgs) StdoutLine: {'line': b'-- Up-to-date: /home/pavel/ws_ros2/install/px4_msgs/share/px4_msgs/msg/PositionSetpoint.msg\n'}
[6.142915] (px4_msgs) StdoutLine: {'line': b'-- Up-to-date: /home/pavel/ws_ros2/install/px4_msgs/share/px4_msgs/msg/PositionSetpointTriplet.msg\n'}
[6.143182] (px4_msgs) StdoutLine: {'line': b'-- Up-to-date: /home/pavel/ws_ros2/install/px4_msgs/share/px4_msgs/msg/PowerButtonState.msg\n'}
[6.143498] (px4_msgs) StdoutLine: {'line': b'-- Up-to-date: /home/pavel/ws_ros2/install/px4_msgs/share/px4_msgs/msg/PowerMonitor.msg\n'}
[6.143969] (px4_msgs) StdoutLine: {'line': b'-- Up-to-date: /home/pavel/ws_ros2/install/px4_msgs/share/px4_msgs/msg/PpsCapture.msg\n'}
[6.144412] (px4_msgs) StdoutLine: {'line': b'-- Up-to-date: /home/pavel/ws_ros2/install/px4_msgs/share/px4_msgs/msg/PwmInput.msg\n'}
[6.144488] (px4_msgs) StdoutLine: {'line': b'-- Up-to-date: /home/pavel/ws_ros2/install/px4_msgs/share/px4_msgs/msg/Px4ioStatus.msg\n'}
[6.144997] (px4_msgs) StdoutLine: {'line': b'-- Up-to-date: /home/pavel/ws_ros2/install/px4_msgs/share/px4_msgs/msg/QshellReq.msg\n'}
[6.145442] (px4_msgs) StdoutLine: {'line': b'-- Up-to-date: /home/pavel/ws_ros2/install/px4_msgs/share/px4_msgs/msg/QshellRetval.msg\n'}
[6.145705] (px4_msgs) StdoutLine: {'line': b'-- Up-to-date: /home/pavel/ws_ros2/install/px4_msgs/share/px4_msgs/msg/RadioStatus.msg\n'}
[6.145965] (px4_msgs) StdoutLine: {'line': b'-- Up-to-date: /home/pavel/ws_ros2/install/px4_msgs/share/px4_msgs/msg/RateCtrlStatus.msg\n'}
[6.146274] (px4_msgs) StdoutLine: {'line': b'-- Up-to-date: /home/pavel/ws_ros2/install/px4_msgs/share/px4_msgs/msg/RcChannels.msg\n'}
[6.146740] (px4_msgs) StdoutLine: {'line': b'-- Up-to-date: /home/pavel/ws_ros2/install/px4_msgs/share/px4_msgs/msg/RcParameterMap.msg\n'}
[6.146997] (px4_msgs) StdoutLine: {'line': b'-- Up-to-date: /home/pavel/ws_ros2/install/px4_msgs/share/px4_msgs/msg/RegisterExtComponentReply.msg\n'}
[6.147254] (px4_msgs) StdoutLine: {'line': b'-- Up-to-date: /home/pavel/ws_ros2/install/px4_msgs/share/px4_msgs/msg/RegisterExtComponentRequest.msg\n'}
[6.147586] (px4_msgs) StdoutLine: {'line': b'-- Up-to-date: /home/pavel/ws_ros2/install/px4_msgs/share/px4_msgs/msg/RoverAckermannGuidanceStatus.msg\n'}
[6.148021] (px4_msgs) StdoutLine: {'line': b'-- Up-to-date: /home/pavel/ws_ros2/install/px4_msgs/share/px4_msgs/msg/Rpm.msg\n'}
[6.148283] (px4_msgs) StdoutLine: {'line': b'-- Up-to-date: /home/pavel/ws_ros2/install/px4_msgs/share/px4_msgs/msg/RtlStatus.msg\n'}
[6.148542] (px4_msgs) StdoutLine: {'line': b'-- Up-to-date: /home/pavel/ws_ros2/install/px4_msgs/share/px4_msgs/msg/RtlTimeEstimate.msg\n'}
[6.149173] (px4_msgs) StdoutLine: {'line': b'-- Up-to-date: /home/pavel/ws_ros2/install/px4_msgs/share/px4_msgs/msg/SatelliteInfo.msg\n'}
[6.149679] (px4_msgs) StdoutLine: {'line': b'-- Up-to-date: /home/pavel/ws_ros2/install/px4_msgs/share/px4_msgs/msg/SensorAccel.msg\n'}
[6.149985] (px4_msgs) StdoutLine: {'line': b'-- Up-to-date: /home/pavel/ws_ros2/install/px4_msgs/share/px4_msgs/msg/SensorAccelFifo.msg\n'}
[6.150237] (px4_msgs) StdoutLine: {'line': b'-- Up-to-date: /home/pavel/ws_ros2/install/px4_msgs/share/px4_msgs/msg/SensorAirflow.msg\n'}
[6.150590] (px4_msgs) StdoutLine: {'line': b'-- Up-to-date: /home/pavel/ws_ros2/install/px4_msgs/share/px4_msgs/msg/SensorBaro.msg\n'}
[6.151083] (px4_msgs) StdoutLine: {'line': b'-- Up-to-date: /home/pavel/ws_ros2/install/px4_msgs/share/px4_msgs/msg/SensorCombined.msg\n'}
[6.151353] (px4_msgs) StdoutLine: {'line': b'-- Up-to-date: /home/pavel/ws_ros2/install/px4_msgs/share/px4_msgs/msg/SensorCorrection.msg\n'}
[6.151623] (px4_msgs) StdoutLine: {'line': b'-- Up-to-date: /home/pavel/ws_ros2/install/px4_msgs/share/px4_msgs/msg/SensorGnssRelative.msg\n'}
[6.151994] (px4_msgs) StdoutLine: {'line': b'-- Up-to-date: /home/pavel/ws_ros2/install/px4_msgs/share/px4_msgs/msg/SensorGps.msg\n'}
[6.152449] (px4_msgs) StdoutLine: {'line': b'-- Up-to-date: /home/pavel/ws_ros2/install/px4_msgs/share/px4_msgs/msg/SensorGyro.msg\n'}
[6.152733] (px4_msgs) StdoutLine: {'line': b'-- Up-to-date: /home/pavel/ws_ros2/install/px4_msgs/share/px4_msgs/msg/SensorGyroFft.msg\n'}
[6.152990] (px4_msgs) StdoutLine: {'line': b'-- Up-to-date: /home/pavel/ws_ros2/install/px4_msgs/share/px4_msgs/msg/SensorGyroFifo.msg\n'}
[6.153321] (px4_msgs) StdoutLine: {'line': b'-- Up-to-date: /home/pavel/ws_ros2/install/px4_msgs/share/px4_msgs/msg/SensorHygrometer.msg\n'}
[6.153856] (px4_msgs) StdoutLine: {'line': b'-- Up-to-date: /home/pavel/ws_ros2/install/px4_msgs/share/px4_msgs/msg/SensorMag.msg\n'}
[6.154310] (px4_msgs) StdoutLine: {'line': b'-- Up-to-date: /home/pavel/ws_ros2/install/px4_msgs/share/px4_msgs/msg/SensorOpticalFlow.msg\n'}
[6.154421] (px4_msgs) StdoutLine: {'line': b'-- Up-to-date: /home/pavel/ws_ros2/install/px4_msgs/share/px4_msgs/msg/SensorPreflightMag.msg\n'}
[6.154902] (px4_msgs) StdoutLine: {'line': b'-- Up-to-date: /home/pavel/ws_ros2/install/px4_msgs/share/px4_msgs/msg/SensorSelection.msg\n'}
[6.155351] (px4_msgs) StdoutLine: {'line': b'-- Up-to-date: /home/pavel/ws_ros2/install/px4_msgs/share/px4_msgs/msg/SensorUwb.msg\n'}
[6.155622] (px4_msgs) StdoutLine: {'line': b'-- Up-to-date: /home/pavel/ws_ros2/install/px4_msgs/share/px4_msgs/msg/SensorsStatus.msg\n'}
[6.155929] (px4_msgs) StdoutLine: {'line': b'-- Up-to-date: /home/pavel/ws_ros2/install/px4_msgs/share/px4_msgs/msg/SensorsStatusImu.msg\n'}
[6.156256] (px4_msgs) StdoutLine: {'line': b'-- Up-to-date: /home/pavel/ws_ros2/install/px4_msgs/share/px4_msgs/msg/SystemPower.msg\n'}
[6.156720] (px4_msgs) StdoutLine: {'line': b'-- Up-to-date: /home/pavel/ws_ros2/install/px4_msgs/share/px4_msgs/msg/TakeoffStatus.msg\n'}
[6.156984] (px4_msgs) StdoutLine: {'line': b'-- Up-to-date: /home/pavel/ws_ros2/install/px4_msgs/share/px4_msgs/msg/TaskStackInfo.msg\n'}
[6.157461] (px4_msgs) StdoutLine: {'line': b'-- Up-to-date: /home/pavel/ws_ros2/install/px4_msgs/share/px4_msgs/msg/TecsStatus.msg\n'}
[6.157835] (px4_msgs) StdoutLine: {'line': b'-- Up-to-date: /home/pavel/ws_ros2/install/px4_msgs/share/px4_msgs/msg/TelemetryStatus.msg\n'}
[6.158406] (px4_msgs) StdoutLine: {'line': b'-- Up-to-date: /home/pavel/ws_ros2/install/px4_msgs/share/px4_msgs/msg/TiltrotorExtraControls.msg\n'}
[6.158743] (px4_msgs) StdoutLine: {'line': b'-- Up-to-date: /home/pavel/ws_ros2/install/px4_msgs/share/px4_msgs/msg/TimesyncStatus.msg\n'}
[6.159060] (px4_msgs) StdoutLine: {'line': b'-- Up-to-date: /home/pavel/ws_ros2/install/px4_msgs/share/px4_msgs/msg/TrajectoryBezier.msg\n'}
[6.159413] (px4_msgs) StdoutLine: {'line': b'-- Up-to-date: /home/pavel/ws_ros2/install/px4_msgs/share/px4_msgs/msg/TrajectorySetpoint.msg\n'}
[6.160061] (px4_msgs) StdoutLine: {'line': b'-- Up-to-date: /home/pavel/ws_ros2/install/px4_msgs/share/px4_msgs/msg/TrajectoryWaypoint.msg\n'}
[6.160332] (px4_msgs) StdoutLine: {'line': b'-- Up-to-date: /home/pavel/ws_ros2/install/px4_msgs/share/px4_msgs/msg/TransponderReport.msg\n'}
[6.160570] (px4_msgs) StdoutLine: {'line': b'-- Up-to-date: /home/pavel/ws_ros2/install/px4_msgs/share/px4_msgs/msg/TuneControl.msg\n'}
[6.160962] (px4_msgs) StdoutLine: {'line': b'-- Up-to-date: /home/pavel/ws_ros2/install/px4_msgs/share/px4_msgs/msg/UavcanParameterRequest.msg\n'}
[6.161445] (px4_msgs) StdoutLine: {'line': b'-- Up-to-date: /home/pavel/ws_ros2/install/px4_msgs/share/px4_msgs/msg/UavcanParameterValue.msg\n'}
[6.161751] (px4_msgs) StdoutLine: {'line': b'-- Up-to-date: /home/pavel/ws_ros2/install/px4_msgs/share/px4_msgs/msg/UlogStream.msg\n'}
[6.162032] (px4_msgs) StdoutLine: {'line': b'-- Up-to-date: /home/pavel/ws_ros2/install/px4_msgs/share/px4_msgs/msg/UlogStreamAck.msg\n'}
[6.162401] (px4_msgs) StdoutLine: {'line': b'-- Up-to-date: /home/pavel/ws_ros2/install/px4_msgs/share/px4_msgs/msg/UnregisterExtComponent.msg\n'}
[6.162945] (px4_msgs) StdoutLine: {'line': b'-- Up-to-date: /home/pavel/ws_ros2/install/px4_msgs/share/px4_msgs/msg/VehicleAcceleration.msg\n'}
[6.163418] (px4_msgs) StdoutLine: {'line': b'-- Up-to-date: /home/pavel/ws_ros2/install/px4_msgs/share/px4_msgs/msg/VehicleAirData.msg\n'}
[6.163503] (px4_msgs) StdoutLine: {'line': b'-- Up-to-date: /home/pavel/ws_ros2/install/px4_msgs/share/px4_msgs/msg/VehicleAngularAccelerationSetpoint.msg\n'}
[6.164024] (px4_msgs) StdoutLine: {'line': b'-- Up-to-date: /home/pavel/ws_ros2/install/px4_msgs/share/px4_msgs/msg/VehicleAngularVelocity.msg\n'}
[6.164481] (px4_msgs) StdoutLine: {'line': b'-- Up-to-date: /home/pavel/ws_ros2/install/px4_msgs/share/px4_msgs/msg/VehicleAttitude.msg\n'}
[6.164751] (px4_msgs) StdoutLine: {'line': b'-- Up-to-date: /home/pavel/ws_ros2/install/px4_msgs/share/px4_msgs/msg/VehicleAttitudeSetpoint.msg\n'}
[6.165021] (px4_msgs) StdoutLine: {'line': b'-- Up-to-date: /home/pavel/ws_ros2/install/px4_msgs/share/px4_msgs/msg/VehicleCommand.msg\n'}
[6.165346] (px4_msgs) StdoutLine: {'line': b'-- Up-to-date: /home/pavel/ws_ros2/install/px4_msgs/share/px4_msgs/msg/VehicleCommandAck.msg\n'}
[6.165858] (px4_msgs) StdoutLine: {'line': b'-- Up-to-date: /home/pavel/ws_ros2/install/px4_msgs/share/px4_msgs/msg/VehicleConstraints.msg\n'}
[6.166126] (px4_msgs) StdoutLine: {'line': b'-- Up-to-date: /home/pavel/ws_ros2/install/px4_msgs/share/px4_msgs/msg/VehicleControlMode.msg\n'}
[6.166387] (px4_msgs) StdoutLine: {'line': b'-- Up-to-date: /home/pavel/ws_ros2/install/px4_msgs/share/px4_msgs/msg/VehicleGlobalPosition.msg\n'}
[6.166728] (px4_msgs) StdoutLine: {'line': b'-- Up-to-date: /home/pavel/ws_ros2/install/px4_msgs/share/px4_msgs/msg/VehicleImu.msg\n'}
[6.167187] (px4_msgs) StdoutLine: {'line': b'-- Up-to-date: /home/pavel/ws_ros2/install/px4_msgs/share/px4_msgs/msg/VehicleImuStatus.msg\n'}
[6.167465] (px4_msgs) StdoutLine: {'line': b'-- Up-to-date: /home/pavel/ws_ros2/install/px4_msgs/share/px4_msgs/msg/VehicleLandDetected.msg\n'}
[6.167721] (px4_msgs) StdoutLine: {'line': b'-- Up-to-date: /home/pavel/ws_ros2/install/px4_msgs/share/px4_msgs/msg/VehicleLocalPosition.msg\n'}
[6.168065] (px4_msgs) StdoutLine: {'line': b'-- Up-to-date: /home/pavel/ws_ros2/install/px4_msgs/share/px4_msgs/msg/VehicleLocalPositionSetpoint.msg\n'}
[6.168523] (px4_msgs) StdoutLine: {'line': b'-- Up-to-date: /home/pavel/ws_ros2/install/px4_msgs/share/px4_msgs/msg/VehicleMagnetometer.msg\n'}
[6.168853] (px4_msgs) StdoutLine: {'line': b'-- Up-to-date: /home/pavel/ws_ros2/install/px4_msgs/share/px4_msgs/msg/VehicleOdometry.msg\n'}
[6.169122] (px4_msgs) StdoutLine: {'line': b'-- Up-to-date: /home/pavel/ws_ros2/install/px4_msgs/share/px4_msgs/msg/VehicleOpticalFlow.msg\n'}
[6.169486] (px4_msgs) StdoutLine: {'line': b'-- Up-to-date: /home/pavel/ws_ros2/install/px4_msgs/share/px4_msgs/msg/VehicleOpticalFlowVel.msg\n'}
[6.170122] (px4_msgs) StdoutLine: {'line': b'-- Up-to-date: /home/pavel/ws_ros2/install/px4_msgs/share/px4_msgs/msg/VehicleRatesSetpoint.msg\n'}
[6.170482] (px4_msgs) StdoutLine: {'line': b'-- Up-to-date: /home/pavel/ws_ros2/install/px4_msgs/share/px4_msgs/msg/VehicleRoi.msg\n'}
[6.170872] (px4_msgs) StdoutLine: {'line': b'-- Up-to-date: /home/pavel/ws_ros2/install/px4_msgs/share/px4_msgs/msg/VehicleStatus.msg\n'}
[6.171276] (px4_msgs) StdoutLine: {'line': b'-- Up-to-date: /home/pavel/ws_ros2/install/px4_msgs/share/px4_msgs/msg/VehicleThrustSetpoint.msg\n'}
[6.172080] (px4_msgs) StdoutLine: {'line': b'-- Up-to-date: /home/pavel/ws_ros2/install/px4_msgs/share/px4_msgs/msg/VehicleTorqueSetpoint.msg\n'}
[6.176751] (px4_msgs) StdoutLine: {'line': b'-- Up-to-date: /home/pavel/ws_ros2/install/px4_msgs/share/px4_msgs/msg/VehicleTrajectoryBezier.msg\n'}
[6.176910] (px4_msgs) StdoutLine: {'line': b'-- Up-to-date: /home/pavel/ws_ros2/install/px4_msgs/share/px4_msgs/msg/VehicleTrajectoryWaypoint.msg\n'}
[6.176996] (px4_msgs) StdoutLine: {'line': b'-- Up-to-date: /home/pavel/ws_ros2/install/px4_msgs/share/px4_msgs/msg/VelocityLimits.msg\n'}
[6.177132] (px4_msgs) StdoutLine: {'line': b'-- Up-to-date: /home/pavel/ws_ros2/install/px4_msgs/share/px4_msgs/msg/VtolVehicleStatus.msg\n'}
[6.177213] (px4_msgs) StdoutLine: {'line': b'-- Up-to-date: /home/pavel/ws_ros2/install/px4_msgs/share/px4_msgs/msg/WheelEncoders.msg\n'}
[6.177292] (px4_msgs) StdoutLine: {'line': b'-- Up-to-date: /home/pavel/ws_ros2/install/px4_msgs/share/px4_msgs/msg/Wind.msg\n'}
[6.177381] (px4_msgs) StdoutLine: {'line': b'-- Up-to-date: /home/pavel/ws_ros2/install/px4_msgs/share/px4_msgs/msg/YawEstimatorStatus.msg\n'}
[6.177461] (px4_msgs) StdoutLine: {'line': b'-- Up-to-date: /home/pavel/ws_ros2/install/px4_msgs/share/px4_msgs/srv/VehicleCommand.srv\n'}
[6.177540] (px4_msgs) StdoutLine: {'line': b'-- Up-to-date: /home/pavel/ws_ros2/install/px4_msgs/share/px4_msgs/srv/VehicleCommand_Request.msg\n'}
[6.177750] (px4_msgs) StdoutLine: {'line': b'-- Up-to-date: /home/pavel/ws_ros2/install/px4_msgs/share/px4_msgs/srv/VehicleCommand_Response.msg\n'}
[6.177810] (px4_msgs) StdoutLine: {'line': b'-- Up-to-date: /home/pavel/ws_ros2/install/px4_msgs/share/ament_index/resource_index/package_run_dependencies/px4_msgs\n'}
[6.177866] (px4_msgs) StdoutLine: {'line': b'-- Up-to-date: /home/pavel/ws_ros2/install/px4_msgs/share/ament_index/resource_index/parent_prefix_path/px4_msgs\n'}
[6.178052] (px4_msgs) StdoutLine: {'line': b'-- Up-to-date: /home/pavel/ws_ros2/install/px4_msgs/share/px4_msgs/environment/ament_prefix_path.sh\n'}
[6.178327] (px4_msgs) StdoutLine: {'line': b'-- Up-to-date: /home/pavel/ws_ros2/install/px4_msgs/share/px4_msgs/environment/ament_prefix_path.dsv\n'}
[6.178712] (px4_msgs) StdoutLine: {'line': b'-- Up-to-date: /home/pavel/ws_ros2/install/px4_msgs/share/px4_msgs/environment/path.sh\n'}
[6.179182] (px4_msgs) StdoutLine: {'line': b'-- Up-to-date: /home/pavel/ws_ros2/install/px4_msgs/share/px4_msgs/environment/path.dsv\n'}
[6.179468] (px4_msgs) StdoutLine: {'line': b'-- Up-to-date: /home/pavel/ws_ros2/install/px4_msgs/share/px4_msgs/local_setup.bash\n'}
[6.179753] (px4_msgs) StdoutLine: {'line': b'-- Up-to-date: /home/pavel/ws_ros2/install/px4_msgs/share/px4_msgs/local_setup.sh\n'}
[6.180084] (px4_msgs) StdoutLine: {'line': b'-- Up-to-date: /home/pavel/ws_ros2/install/px4_msgs/share/px4_msgs/local_setup.zsh\n'}
[6.180533] (px4_msgs) StdoutLine: {'line': b'-- Up-to-date: /home/pavel/ws_ros2/install/px4_msgs/share/px4_msgs/local_setup.dsv\n'}
[6.180815] (px4_msgs) StdoutLine: {'line': b'-- Installing: /home/pavel/ws_ros2/install/px4_msgs/share/px4_msgs/package.dsv\n'}
[6.181505] (px4_msgs) StdoutLine: {'line': b'-- Up-to-date: /home/pavel/ws_ros2/install/px4_msgs/share/ament_index/resource_index/packages/px4_msgs\n'}
[6.182664] (px4_msgs) StdoutLine: {'line': b'-- Up-to-date: /home/pavel/ws_ros2/install/px4_msgs/share/px4_msgs/cmake/export_px4_msgs__rosidl_generator_cExport.cmake\n'}
[6.183140] (px4_msgs) StdoutLine: {'line': b'-- Up-to-date: /home/pavel/ws_ros2/install/px4_msgs/share/px4_msgs/cmake/export_px4_msgs__rosidl_generator_cExport-noconfig.cmake\n'}
[6.183655] (px4_msgs) StdoutLine: {'line': b'-- Up-to-date: /home/pavel/ws_ros2/install/px4_msgs/share/px4_msgs/cmake/export_px4_msgs__rosidl_typesupport_fastrtps_cExport.cmake\n'}
[6.183964] (px4_msgs) StdoutLine: {'line': b'-- Up-to-date: /home/pavel/ws_ros2/install/px4_msgs/share/px4_msgs/cmake/export_px4_msgs__rosidl_typesupport_fastrtps_cExport-noconfig.cmake\n'}
[6.184495] (px4_msgs) StdoutLine: {'line': b'-- Up-to-date: /home/pavel/ws_ros2/install/px4_msgs/share/px4_msgs/cmake/export_px4_msgs__rosidl_generator_cppExport.cmake\n'}
[6.185143] (px4_msgs) StdoutLine: {'line': b'-- Up-to-date: /home/pavel/ws_ros2/install/px4_msgs/share/px4_msgs/cmake/export_px4_msgs__rosidl_typesupport_fastrtps_cppExport.cmake\n'}
[6.185607] (px4_msgs) StdoutLine: {'line': b'-- Up-to-date: /home/pavel/ws_ros2/install/px4_msgs/share/px4_msgs/cmake/export_px4_msgs__rosidl_typesupport_fastrtps_cppExport-noconfig.cmake\n'}
[6.185902] (px4_msgs) StdoutLine: {'line': b'-- Up-to-date: /home/pavel/ws_ros2/install/px4_msgs/share/px4_msgs/cmake/px4_msgs__rosidl_typesupport_introspection_cExport.cmake\n'}
[6.186408] (px4_msgs) StdoutLine: {'line': b'-- Up-to-date: /home/pavel/ws_ros2/install/px4_msgs/share/px4_msgs/cmake/px4_msgs__rosidl_typesupport_introspection_cExport-noconfig.cmake\n'}
[6.187101] (px4_msgs) StdoutLine: {'line': b'-- Up-to-date: /home/pavel/ws_ros2/install/px4_msgs/share/px4_msgs/cmake/px4_msgs__rosidl_typesupport_cExport.cmake\n'}
[6.187379] (px4_msgs) StdoutLine: {'line': b'-- Up-to-date: /home/pavel/ws_ros2/install/px4_msgs/share/px4_msgs/cmake/px4_msgs__rosidl_typesupport_cExport-noconfig.cmake\n'}
[6.187939] (px4_msgs) StdoutLine: {'line': b'-- Up-to-date: /home/pavel/ws_ros2/install/px4_msgs/share/px4_msgs/cmake/px4_msgs__rosidl_typesupport_introspection_cppExport.cmake\n'}
[6.188274] (px4_msgs) StdoutLine: {'line': b'-- Up-to-date: /home/pavel/ws_ros2/install/px4_msgs/share/px4_msgs/cmake/px4_msgs__rosidl_typesupport_introspection_cppExport-noconfig.cmake\n'}
[6.188891] (px4_msgs) StdoutLine: {'line': b'-- Up-to-date: /home/pavel/ws_ros2/install/px4_msgs/share/px4_msgs/cmake/px4_msgs__rosidl_typesupport_cppExport.cmake\n'}
[6.189171] (px4_msgs) StdoutLine: {'line': b'-- Up-to-date: /home/pavel/ws_ros2/install/px4_msgs/share/px4_msgs/cmake/px4_msgs__rosidl_typesupport_cppExport-noconfig.cmake\n'}
[6.189711] (px4_msgs) StdoutLine: {'line': b'-- Up-to-date: /home/pavel/ws_ros2/install/px4_msgs/share/px4_msgs/cmake/export_px4_msgs__rosidl_generator_pyExport.cmake\n'}
[6.190063] (px4_msgs) StdoutLine: {'line': b'-- Up-to-date: /home/pavel/ws_ros2/install/px4_msgs/share/px4_msgs/cmake/export_px4_msgs__rosidl_generator_pyExport-noconfig.cmake\n'}
[6.190530] (px4_msgs) StdoutLine: {'line': b'-- Up-to-date: /home/pavel/ws_ros2/install/px4_msgs/share/px4_msgs/cmake/rosidl_cmake-extras.cmake\n'}
[6.190789] (px4_msgs) StdoutLine: {'line': b'-- Up-to-date: /home/pavel/ws_ros2/install/px4_msgs/share/px4_msgs/cmake/ament_cmake_export_dependencies-extras.cmake\n'}
[6.191044] (px4_msgs) StdoutLine: {'line': b'-- Up-to-date: /home/pavel/ws_ros2/install/px4_msgs/share/px4_msgs/cmake/ament_cmake_export_include_directories-extras.cmake\n'}
[6.191372] (px4_msgs) StdoutLine: {'line': b'-- Up-to-date: /home/pavel/ws_ros2/install/px4_msgs/share/px4_msgs/cmake/ament_cmake_export_libraries-extras.cmake\n'}
[6.191869] (px4_msgs) StdoutLine: {'line': b'-- Up-to-date: /home/pavel/ws_ros2/install/px4_msgs/share/px4_msgs/cmake/ament_cmake_export_targets-extras.cmake\n'}
[6.192132] (px4_msgs) StdoutLine: {'line': b'-- Up-to-date: /home/pavel/ws_ros2/install/px4_msgs/share/px4_msgs/cmake/rosidl_cmake_export_typesupport_targets-extras.cmake\n'}
[6.192396] (px4_msgs) StdoutLine: {'line': b'-- Up-to-date: /home/pavel/ws_ros2/install/px4_msgs/share/px4_msgs/cmake/rosidl_cmake_export_typesupport_libraries-extras.cmake\n'}
[6.192739] (px4_msgs) StdoutLine: {'line': b'-- Up-to-date: /home/pavel/ws_ros2/install/px4_msgs/share/px4_msgs/cmake/px4_msgsConfig.cmake\n'}
[6.192964] (px4_msgs) StdoutLine: {'line': b'-- Up-to-date: /home/pavel/ws_ros2/install/px4_msgs/share/px4_msgs/cmake/px4_msgsConfig-version.cmake\n'}
[6.193242] (px4_msgs) StdoutLine: {'line': b'-- Up-to-date: /home/pavel/ws_ros2/install/px4_msgs/share/px4_msgs/package.xml\n'}
[6.196509] (px4_msgs) CommandEnded: {'returncode': 0}
[6.223590] (-) TimerEvent: {}
[6.323818] (-) TimerEvent: {}
[6.424064] (-) TimerEvent: {}
[6.524323] (-) TimerEvent: {}
[6.624555] (-) TimerEvent: {}
[6.724823] (-) TimerEvent: {}
[6.825088] (-) TimerEvent: {}
[6.925343] (-) TimerEvent: {}
[7.025592] (-) TimerEvent: {}
[7.125780] (-) TimerEvent: {}
[7.225972] (-) TimerEvent: {}
[7.327126] (-) TimerEvent: {}
[7.427362] (-) TimerEvent: {}
[7.530623] (-) TimerEvent: {}
[7.631246] (-) TimerEvent: {}
[7.732610] (-) TimerEvent: {}
[7.832814] (-) TimerEvent: {}
[7.934696] (-) TimerEvent: {}
[8.034929] (-) TimerEvent: {}
[8.135150] (-) TimerEvent: {}
[8.235355] (-) TimerEvent: {}
[8.335560] (-) TimerEvent: {}
[8.435816] (-) TimerEvent: {}
[8.536137] (-) TimerEvent: {}
[8.636351] (-) TimerEvent: {}
[8.736540] (-) TimerEvent: {}
[8.836748] (-) TimerEvent: {}
[8.939215] (-) TimerEvent: {}
[9.039420] (-) TimerEvent: {}
[9.139674] (-) TimerEvent: {}
[9.239889] (-) TimerEvent: {}
[9.340206] (-) TimerEvent: {}
[9.440432] (-) TimerEvent: {}
[9.540861] (-) TimerEvent: {}
[9.641072] (-) TimerEvent: {}
[9.741360] (-) TimerEvent: {}
[9.841869] (-) TimerEvent: {}
[9.942107] (-) TimerEvent: {}
[10.042672] (-) TimerEvent: {}
[10.142884] (-) TimerEvent: {}
[10.245608] (-) TimerEvent: {}
[10.345813] (-) TimerEvent: {}
[10.446048] (-) TimerEvent: {}
[10.546332] (-) TimerEvent: {}
[10.648860] (-) TimerEvent: {}
[10.749086] (-) TimerEvent: {}
[10.849316] (-) TimerEvent: {}
[10.940572] (px4_msgs) JobEnded: {'identifier': 'px4_msgs', 'rc': 0}
[10.941625] (px4_ros_com) JobStarted: {'identifier': 'px4_ros_com'}
[10.953644] (px4_ros_com) JobProgress: {'identifier': 'px4_ros_com', 'progress': 'cmake'}
[10.953776] (-) TimerEvent: {}
[10.953861] (px4_ros_com) JobProgress: {'identifier': 'px4_ros_com', 'progress': 'build'}
[10.953885] (px4_ros_com) Command: {'cmd': ['/usr/bin/cmake', '--build', '/home/pavel/ws_ros2/build/px4_ros_com', '--', '-j12', '-l12'], 'cwd': '/home/pavel/ws_ros2/build/px4_ros_com', 'env': OrderedDict([('LESSOPEN', '| /usr/bin/lesspipe %s'), ('USER', 'pavel'), ('LC_TIME', 'ro_RO.UTF-8'), ('XDG_SESSION_TYPE', 'wayland'), ('SHLVL', '1'), ('LD_LIBRARY_PATH', '/home/pavel/ws_ros2/install/px4_msgs/lib:/usr/lib/x86_64-linux-gnu/gazebo-11/plugins:/opt/ros/humble/opt/rviz_ogre_vendor/lib:/opt/ros/humble/lib/x86_64-linux-gnu:/opt/ros/humble/lib'), ('HOME', '/home/pavel'), ('OLDPWD', '/home/pavel'), ('DESKTOP_SESSION', 'ubuntu'), ('NVM_BIN', '/home/pavel/.nvm/versions/node/v20.13.1/bin'), ('NVM_INC', '/home/pavel/.nvm/versions/node/v20.13.1/include/node'), ('ROS_PYTHON_VERSION', '3'), ('GNOME_SHELL_SESSION_MODE', 'ubuntu'), ('GTK_MODULES', 'gail:atk-bridge'), ('LC_MONETARY', 'ro_RO.UTF-8'), ('SYSTEMD_EXEC_PID', '2268'), ('DBUS_SESSION_BUS_ADDRESS', 'unix:path=/run/user/1000/bus'), ('COLORTERM', 'truecolor'), ('NVM_DIR', '/home/pavel/.nvm'), ('IM_CONFIG_PHASE', '1'), ('WAYLAND_DISPLAY', 'wayland-0'), ('ROS_DISTRO', 'humble'), ('LOGNAME', 'pavel'), ('_', '/usr/bin/colcon'), ('ROS_VERSION', '2'), ('XDG_SESSION_CLASS', 'user'), ('USERNAME', 'pavel'), ('TERM', 'xterm-256color'), ('GNOME_DESKTOP_SESSION_ID', 'this-is-deprecated'), ('ROS_LOCALHOST_ONLY', '0'), ('PATH', '/opt/ros/humble/bin:/home/pavel/.nvm/versions/node/v20.13.1/bin:/opt/gcc-arm-none-eabi-9-2020-q2-update/bin:/home/pavel/.local/bin:/usr/local/sbin:/usr/local/bin:/usr/sbin:/usr/bin:/sbin:/bin:/usr/games:/usr/local/games:/snap/bin:/snap/bin'), ('SESSION_MANAGER', 'local/UbuntuLapBean:@/tmp/.ICE-unix/2238,unix/UbuntuLapBean:/tmp/.ICE-unix/2238'), ('XDG_MENU_PREFIX', 'gnome-'), ('LC_ADDRESS', 'ro_RO.UTF-8'), ('GNOME_TERMINAL_SCREEN', '/org/gnome/Terminal/screen/c142e6c4_12e7_41f8_9875_6b86aa254577'), ('GNOME_SETUP_DISPLAY', ':1'), ('XDG_RUNTIME_DIR', '/run/user/1000'), ('DISPLAY', ':0'), ('LANG', 'en_US.UTF-8'), ('XDG_CURRENT_DESKTOP', 'ubuntu:GNOME'), ('LC_TELEPHONE', 'ro_RO.UTF-8'), ('XMODIFIERS', '@im=ibus'), ('XDG_SESSION_DESKTOP', 'ubuntu'), ('XAUTHORITY', '/run/user/1000/.mutter-Xwaylandauth.8MMB82'), ('LS_COLORS', 'rs=0:di=01;34:ln=01;36:mh=00:pi=40;33:so=01;35:do=01;35:bd=40;33;01:cd=40;33;01:or=40;31;01:mi=00:su=37;41:sg=30;43:ca=30;41:tw=30;42:ow=34;42:st=37;44:ex=01;32:*.tar=01;31:*.tgz=01;31:*.arc=01;31:*.arj=01;31:*.taz=01;31:*.lha=01;31:*.lz4=01;31:*.lzh=01;31:*.lzma=01;31:*.tlz=01;31:*.txz=01;31:*.tzo=01;31:*.t7z=01;31:*.zip=01;31:*.z=01;31:*.dz=01;31:*.gz=01;31:*.lrz=01;31:*.lz=01;31:*.lzo=01;31:*.xz=01;31:*.zst=01;31:*.tzst=01;31:*.bz2=01;31:*.bz=01;31:*.tbz=01;31:*.tbz2=01;31:*.tz=01;31:*.deb=01;31:*.rpm=01;31:*.jar=01;31:*.war=01;31:*.ear=01;31:*.sar=01;31:*.rar=01;31:*.alz=01;31:*.ace=01;31:*.zoo=01;31:*.cpio=01;31:*.7z=01;31:*.rz=01;31:*.cab=01;31:*.wim=01;31:*.swm=01;31:*.dwm=01;31:*.esd=01;31:*.jpg=01;35:*.jpeg=01;35:*.mjpg=01;35:*.mjpeg=01;35:*.gif=01;35:*.bmp=01;35:*.pbm=01;35:*.pgm=01;35:*.ppm=01;35:*.tga=01;35:*.xbm=01;35:*.xpm=01;35:*.tif=01;35:*.tiff=01;35:*.png=01;35:*.svg=01;35:*.svgz=01;35:*.mng=01;35:*.pcx=01;35:*.mov=01;35:*.mpg=01;35:*.mpeg=01;35:*.m2v=01;35:*.mkv=01;35:*.webm=01;35:*.webp=01;35:*.ogm=01;35:*.mp4=01;35:*.m4v=01;35:*.mp4v=01;35:*.vob=01;35:*.qt=01;35:*.nuv=01;35:*.wmv=01;35:*.asf=01;35:*.rm=01;35:*.rmvb=01;35:*.flc=01;35:*.avi=01;35:*.fli=01;35:*.flv=01;35:*.gl=01;35:*.dl=01;35:*.xcf=01;35:*.xwd=01;35:*.yuv=01;35:*.cgm=01;35:*.emf=01;35:*.ogv=01;35:*.ogx=01;35:*.aac=00;36:*.au=00;36:*.flac=00;36:*.m4a=00;36:*.mid=00;36:*.midi=00;36:*.mka=00;36:*.mp3=00;36:*.mpc=00;36:*.ogg=00;36:*.ra=00;36:*.wav=00;36:*.oga=00;36:*.opus=00;36:*.spx=00;36:*.xspf=00;36:'), ('GNOME_TERMINAL_SERVICE', ':1.108'), ('SSH_AGENT_LAUNCHER', 'gnome-keyring'), ('SSH_AUTH_SOCK', '/run/user/1000/keyring/ssh'), ('AMENT_PREFIX_PATH', '/home/pavel/ws_ros2/install/px4_msgs:/opt/ros/humble'), ('SHELL', '/bin/bash'), ('LC_NAME', 'ro_RO.UTF-8'), ('QT_ACCESSIBILITY', '1'), ('GDMSESSION', 'ubuntu'), ('LESSCLOSE', '/usr/bin/lesspipe %s %s'), ('LC_MEASUREMENT', 'ro_RO.UTF-8'), ('LC_IDENTIFICATION', 'ro_RO.UTF-8'), ('QT_IM_MODULE', 'ibus'), ('PWD', '/home/pavel/ws_ros2/build/px4_ros_com'), ('LC_ALL', 'en_US.UTF-8'), ('XDG_CONFIG_DIRS', '/etc/xdg/xdg-ubuntu:/etc/xdg'), ('NVM_CD_FLAGS', ''), ('XDG_DATA_DIRS', '/usr/share/ubuntu:/usr/local/share/:/usr/share/:/var/lib/snapd/desktop'), ('PYTHONPATH', '/home/pavel/ws_ros2/install/px4_msgs/local/lib/python3.10/dist-packages:/opt/ros/humble/lib/python3.10/site-packages:/opt/ros/humble/local/lib/python3.10/dist-packages'), ('LC_NUMERIC', 'ro_RO.UTF-8'), ('LC_PAPER', 'ro_RO.UTF-8'), ('COLCON', '1'), ('VTE_VERSION', '6800'), ('CMAKE_PREFIX_PATH', '/home/pavel/ws_ros2/install/px4_msgs:/opt/ros/humble')]), 'shell': False}
[11.042887] (px4_ros_com) StdoutLine: {'line': b'[ 16%] Built target offboard_control\n'}
[11.044184] (px4_ros_com) StdoutLine: {'line': b'[ 25%] Built target ament_cmake_python_copy_px4_ros_com\n'}
[11.044417] (px4_ros_com) StdoutLine: {'line': b'[ 33%] Built target vehicle_gps_position_listener\n'}
[11.045993] (px4_ros_com) StdoutLine: {'line': b'[ 50%] Built target sensor_combined_listener\n'}
[11.048203] (px4_ros_com) StdoutLine: {'line': b'[ 66%] Built target frame_transforms\n'}
[11.049293] (px4_ros_com) StdoutLine: {'line': b'[ 83%] Built target debug_vect_advertiser\n'}
[11.051322] (px4_ros_com) StdoutLine: {'line': b'[100%] Built target offboard_control_srv\n'}
[11.053877] (-) TimerEvent: {}
[11.154089] (-) TimerEvent: {}
[11.254313] (-) TimerEvent: {}
[11.264551] (px4_ros_com) StdoutLine: {'line': b'running egg_info\n'}
[11.282408] (px4_ros_com) StdoutLine: {'line': b'writing px4_ros_com.egg-info/PKG-INFO\n'}
[11.282815] (px4_ros_com) StdoutLine: {'line': b'writing dependency_links to px4_ros_com.egg-info/dependency_links.txt\n'}
[11.283061] (px4_ros_com) StdoutLine: {'line': b'writing top-level names to px4_ros_com.egg-info/top_level.txt\n'}
[11.341970] (px4_ros_com) StdoutLine: {'line': b"reading manifest file 'px4_ros_com.egg-info/SOURCES.txt'\n"}
[11.343081] (px4_ros_com) StdoutLine: {'line': b"writing manifest file 'px4_ros_com.egg-info/SOURCES.txt'\n"}
[11.354449] (-) TimerEvent: {}
[11.365650] (px4_ros_com) StdoutLine: {'line': b'[100%] Built target ament_cmake_python_build_px4_ros_com_egg\n'}
[11.375494] (px4_ros_com) CommandEnded: {'returncode': 0}
[11.418954] (px4_ros_com) JobProgress: {'identifier': 'px4_ros_com', 'progress': 'install'}
[11.419369] (px4_ros_com) Command: {'cmd': ['/usr/bin/cmake', '--install', '/home/pavel/ws_ros2/build/px4_ros_com'], 'cwd': '/home/pavel/ws_ros2/build/px4_ros_com', 'env': OrderedDict([('LESSOPEN', '| /usr/bin/lesspipe %s'), ('USER', 'pavel'), ('LC_TIME', 'ro_RO.UTF-8'), ('XDG_SESSION_TYPE', 'wayland'), ('SHLVL', '1'), ('LD_LIBRARY_PATH', '/home/pavel/ws_ros2/install/px4_msgs/lib:/usr/lib/x86_64-linux-gnu/gazebo-11/plugins:/opt/ros/humble/opt/rviz_ogre_vendor/lib:/opt/ros/humble/lib/x86_64-linux-gnu:/opt/ros/humble/lib'), ('HOME', '/home/pavel'), ('OLDPWD', '/home/pavel'), ('DESKTOP_SESSION', 'ubuntu'), ('NVM_BIN', '/home/pavel/.nvm/versions/node/v20.13.1/bin'), ('NVM_INC', '/home/pavel/.nvm/versions/node/v20.13.1/include/node'), ('ROS_PYTHON_VERSION', '3'), ('GNOME_SHELL_SESSION_MODE', 'ubuntu'), ('GTK_MODULES', 'gail:atk-bridge'), ('LC_MONETARY', 'ro_RO.UTF-8'), ('SYSTEMD_EXEC_PID', '2268'), ('DBUS_SESSION_BUS_ADDRESS', 'unix:path=/run/user/1000/bus'), ('COLORTERM', 'truecolor'), ('NVM_DIR', '/home/pavel/.nvm'), ('IM_CONFIG_PHASE', '1'), ('WAYLAND_DISPLAY', 'wayland-0'), ('ROS_DISTRO', 'humble'), ('LOGNAME', 'pavel'), ('_', '/usr/bin/colcon'), ('ROS_VERSION', '2'), ('XDG_SESSION_CLASS', 'user'), ('USERNAME', 'pavel'), ('TERM', 'xterm-256color'), ('GNOME_DESKTOP_SESSION_ID', 'this-is-deprecated'), ('ROS_LOCALHOST_ONLY', '0'), ('PATH', '/opt/ros/humble/bin:/home/pavel/.nvm/versions/node/v20.13.1/bin:/opt/gcc-arm-none-eabi-9-2020-q2-update/bin:/home/pavel/.local/bin:/usr/local/sbin:/usr/local/bin:/usr/sbin:/usr/bin:/sbin:/bin:/usr/games:/usr/local/games:/snap/bin:/snap/bin'), ('SESSION_MANAGER', 'local/UbuntuLapBean:@/tmp/.ICE-unix/2238,unix/UbuntuLapBean:/tmp/.ICE-unix/2238'), ('XDG_MENU_PREFIX', 'gnome-'), ('LC_ADDRESS', 'ro_RO.UTF-8'), ('GNOME_TERMINAL_SCREEN', '/org/gnome/Terminal/screen/c142e6c4_12e7_41f8_9875_6b86aa254577'), ('GNOME_SETUP_DISPLAY', ':1'), ('XDG_RUNTIME_DIR', '/run/user/1000'), ('DISPLAY', ':0'), ('LANG', 'en_US.UTF-8'), ('XDG_CURRENT_DESKTOP', 'ubuntu:GNOME'), ('LC_TELEPHONE', 'ro_RO.UTF-8'), ('XMODIFIERS', '@im=ibus'), ('XDG_SESSION_DESKTOP', 'ubuntu'), ('XAUTHORITY', '/run/user/1000/.mutter-Xwaylandauth.8MMB82'), ('LS_COLORS', 'rs=0:di=01;34:ln=01;36:mh=00:pi=40;33:so=01;35:do=01;35:bd=40;33;01:cd=40;33;01:or=40;31;01:mi=00:su=37;41:sg=30;43:ca=30;41:tw=30;42:ow=34;42:st=37;44:ex=01;32:*.tar=01;31:*.tgz=01;31:*.arc=01;31:*.arj=01;31:*.taz=01;31:*.lha=01;31:*.lz4=01;31:*.lzh=01;31:*.lzma=01;31:*.tlz=01;31:*.txz=01;31:*.tzo=01;31:*.t7z=01;31:*.zip=01;31:*.z=01;31:*.dz=01;31:*.gz=01;31:*.lrz=01;31:*.lz=01;31:*.lzo=01;31:*.xz=01;31:*.zst=01;31:*.tzst=01;31:*.bz2=01;31:*.bz=01;31:*.tbz=01;31:*.tbz2=01;31:*.tz=01;31:*.deb=01;31:*.rpm=01;31:*.jar=01;31:*.war=01;31:*.ear=01;31:*.sar=01;31:*.rar=01;31:*.alz=01;31:*.ace=01;31:*.zoo=01;31:*.cpio=01;31:*.7z=01;31:*.rz=01;31:*.cab=01;31:*.wim=01;31:*.swm=01;31:*.dwm=01;31:*.esd=01;31:*.jpg=01;35:*.jpeg=01;35:*.mjpg=01;35:*.mjpeg=01;35:*.gif=01;35:*.bmp=01;35:*.pbm=01;35:*.pgm=01;35:*.ppm=01;35:*.tga=01;35:*.xbm=01;35:*.xpm=01;35:*.tif=01;35:*.tiff=01;35:*.png=01;35:*.svg=01;35:*.svgz=01;35:*.mng=01;35:*.pcx=01;35:*.mov=01;35:*.mpg=01;35:*.mpeg=01;35:*.m2v=01;35:*.mkv=01;35:*.webm=01;35:*.webp=01;35:*.ogm=01;35:*.mp4=01;35:*.m4v=01;35:*.mp4v=01;35:*.vob=01;35:*.qt=01;35:*.nuv=01;35:*.wmv=01;35:*.asf=01;35:*.rm=01;35:*.rmvb=01;35:*.flc=01;35:*.avi=01;35:*.fli=01;35:*.flv=01;35:*.gl=01;35:*.dl=01;35:*.xcf=01;35:*.xwd=01;35:*.yuv=01;35:*.cgm=01;35:*.emf=01;35:*.ogv=01;35:*.ogx=01;35:*.aac=00;36:*.au=00;36:*.flac=00;36:*.m4a=00;36:*.mid=00;36:*.midi=00;36:*.mka=00;36:*.mp3=00;36:*.mpc=00;36:*.ogg=00;36:*.ra=00;36:*.wav=00;36:*.oga=00;36:*.opus=00;36:*.spx=00;36:*.xspf=00;36:'), ('GNOME_TERMINAL_SERVICE', ':1.108'), ('SSH_AGENT_LAUNCHER', 'gnome-keyring'), ('SSH_AUTH_SOCK', '/run/user/1000/keyring/ssh'), ('AMENT_PREFIX_PATH', '/home/pavel/ws_ros2/install/px4_msgs:/opt/ros/humble'), ('SHELL', '/bin/bash'), ('LC_NAME', 'ro_RO.UTF-8'), ('QT_ACCESSIBILITY', '1'), ('GDMSESSION', 'ubuntu'), ('LESSCLOSE', '/usr/bin/lesspipe %s %s'), ('LC_MEASUREMENT', 'ro_RO.UTF-8'), ('LC_IDENTIFICATION', 'ro_RO.UTF-8'), ('QT_IM_MODULE', 'ibus'), ('PWD', '/home/pavel/ws_ros2/build/px4_ros_com'), ('LC_ALL', 'en_US.UTF-8'), ('XDG_CONFIG_DIRS', '/etc/xdg/xdg-ubuntu:/etc/xdg'), ('NVM_CD_FLAGS', ''), ('XDG_DATA_DIRS', '/usr/share/ubuntu:/usr/local/share/:/usr/share/:/var/lib/snapd/desktop'), ('PYTHONPATH', '/home/pavel/ws_ros2/install/px4_msgs/local/lib/python3.10/dist-packages:/opt/ros/humble/lib/python3.10/site-packages:/opt/ros/humble/local/lib/python3.10/dist-packages'), ('LC_NUMERIC', 'ro_RO.UTF-8'), ('LC_PAPER', 'ro_RO.UTF-8'), ('COLCON', '1'), ('VTE_VERSION', '6800'), ('CMAKE_PREFIX_PATH', '/home/pavel/ws_ros2/install/px4_msgs:/opt/ros/humble')]), 'shell': False}
[11.428659] (px4_ros_com) StdoutLine: {'line': b'-- Install configuration: ""\n'}
[11.429754] (px4_ros_com) StdoutLine: {'line': b'-- Up-to-date: /home/pavel/ws_ros2/install/px4_ros_com/lib/px4_ros_com/sensor_combined_listener\n'}
[11.431234] (px4_ros_com) StdoutLine: {'line': b'-- Up-to-date: /home/pavel/ws_ros2/install/px4_ros_com/lib/px4_ros_com/vehicle_gps_position_listener\n'}
[11.432305] (px4_ros_com) StdoutLine: {'line': b'-- Up-to-date: /home/pavel/ws_ros2/install/px4_ros_com/lib/px4_ros_com/debug_vect_advertiser\n'}
[11.433440] (px4_ros_com) StdoutLine: {'line': b'-- Up-to-date: /home/pavel/ws_ros2/install/px4_ros_com/lib/px4_ros_com/offboard_control\n'}
[11.434494] (px4_ros_com) StdoutLine: {'line': b'-- Up-to-date: /home/pavel/ws_ros2/install/px4_ros_com/lib/px4_ros_com/offboard_control_srv\n'}
[11.435035] (px4_ros_com) StdoutLine: {'line': b'-- Up-to-date: /home/pavel/ws_ros2/install/px4_ros_com/share/px4_ros_com/environment/library_path.sh\n'}
[11.436627] (px4_ros_com) StdoutLine: {'line': b'-- Up-to-date: /home/pavel/ws_ros2/install/px4_ros_com/share/px4_ros_com/environment/library_path.dsv\n'}
[11.436715] (px4_ros_com) StdoutLine: {'line': b'-- Up-to-date: /home/pavel/ws_ros2/install/px4_ros_com/include/px4_ros_com\n'}
[11.436779] (px4_ros_com) StdoutLine: {'line': b'-- Up-to-date: /home/pavel/ws_ros2/install/px4_ros_com/include/px4_ros_com/frame_transforms.h\n'}
[11.436841] (px4_ros_com) StdoutLine: {'line': b'-- Up-to-date: /home/pavel/ws_ros2/install/px4_ros_com/lib/libframe_transforms.so\n'}
[11.436902] (px4_ros_com) StdoutLine: {'line': b'-- Up-to-date: /home/pavel/ws_ros2/install/px4_ros_com/share/px4_ros_com//launch\n'}
[11.436971] (px4_ros_com) StdoutLine: {'line': b'-- Up-to-date: /home/pavel/ws_ros2/install/px4_ros_com/share/px4_ros_com//launch/offboard_control_launch.yaml\n'}
[11.437104] (px4_ros_com) StdoutLine: {'line': b'-- Up-to-date: /home/pavel/ws_ros2/install/px4_ros_com/share/px4_ros_com//launch/sensor_combined_listener.launch.py\n'}
[11.437191] (px4_ros_com) StdoutLine: {'line': b'-- Up-to-date: /home/pavel/ws_ros2/install/px4_ros_com/share/px4_ros_com//test\n'}
[11.437254] (px4_ros_com) StdoutLine: {'line': b'-- Up-to-date: /home/pavel/ws_ros2/install/px4_ros_com/share/px4_ros_com//test/pipeline_io_test.py\n'}
[11.437315] (px4_ros_com) StdoutLine: {'line': b'-- Up-to-date: /home/pavel/ws_ros2/install/px4_ros_com/share/px4_ros_com//test/__init__.py\n'}
[11.437375] (px4_ros_com) StdoutLine: {'line': b'-- Up-to-date: /home/pavel/ws_ros2/install/px4_ros_com/share/px4_ros_com//test/test_input.py\n'}
[11.437435] (px4_ros_com) StdoutLine: {'line': b'-- Up-to-date: /home/pavel/ws_ros2/install/px4_ros_com/share/px4_ros_com//test/test_output.py\n'}
[11.437522] (px4_ros_com) StdoutLine: {'line': b'-- Up-to-date: /home/pavel/ws_ros2/install/px4_ros_com/share/px4_ros_com/environment/pythonpath.sh\n'}
[11.437641] (px4_ros_com) StdoutLine: {'line': b'-- Up-to-date: /home/pavel/ws_ros2/install/px4_ros_com/share/px4_ros_com/environment/pythonpath.dsv\n'}
[11.437713] (px4_ros_com) StdoutLine: {'line': b'-- Up-to-date: /home/pavel/ws_ros2/install/px4_ros_com/local/lib/python3.10/dist-packages/px4_ros_com-0.1.0-py3.10.egg-info\n'}
[11.437785] (px4_ros_com) StdoutLine: {'line': b'-- Installing: /home/pavel/ws_ros2/install/px4_ros_com/local/lib/python3.10/dist-packages/px4_ros_com-0.1.0-py3.10.egg-info/dependency_links.txt\n'}
[11.437886] (px4_ros_com) StdoutLine: {'line': b'-- Installing: /home/pavel/ws_ros2/install/px4_ros_com/local/lib/python3.10/dist-packages/px4_ros_com-0.1.0-py3.10.egg-info/PKG-INFO\n'}
[11.437952] (px4_ros_com) StdoutLine: {'line': b'-- Installing: /home/pavel/ws_ros2/install/px4_ros_com/local/lib/python3.10/dist-packages/px4_ros_com-0.1.0-py3.10.egg-info/top_level.txt\n'}
[11.438051] (px4_ros_com) StdoutLine: {'line': b'-- Installing: /home/pavel/ws_ros2/install/px4_ros_com/local/lib/python3.10/dist-packages/px4_ros_com-0.1.0-py3.10.egg-info/SOURCES.txt\n'}
[11.438166] (px4_ros_com) StdoutLine: {'line': b'-- Up-to-date: /home/pavel/ws_ros2/install/px4_ros_com/local/lib/python3.10/dist-packages/px4_ros_com\n'}
[11.438336] (px4_ros_com) StdoutLine: {'line': b'-- Up-to-date: /home/pavel/ws_ros2/install/px4_ros_com/local/lib/python3.10/dist-packages/px4_ros_com/__init__.py\n'}
[11.438456] (px4_ros_com) StdoutLine: {'line': b'-- Up-to-date: /home/pavel/ws_ros2/install/px4_ros_com/local/lib/python3.10/dist-packages/px4_ros_com/module_to_import.py\n'}
[11.454525] (-) TimerEvent: {}
[11.467864] (px4_ros_com) StdoutLine: {'line': b"Listing '/home/pavel/ws_ros2/install/px4_ros_com/local/lib/python3.10/dist-packages/px4_ros_com'...\n"}
[11.471690] (px4_ros_com) StdoutLine: {'line': b'-- Up-to-date: /home/pavel/ws_ros2/install/px4_ros_com/lib/px4_ros_com/LidarDetection_Avoidance.py\n'}
[11.471792] (px4_ros_com) StdoutLine: {'line': b'-- Up-to-date: /home/pavel/ws_ros2/install/px4_ros_com/lib/px4_ros_com/YOLO_person_detector.py\n'}
[11.472080] (px4_ros_com) StdoutLine: {'line': b'-- Up-to-date: /home/pavel/ws_ros2/install/px4_ros_com/lib/px4_ros_com/Cartography.py\n'}
[11.472157] (px4_ros_com) StdoutLine: {'line': b'-- Up-to-date: /home/pavel/ws_ros2/install/px4_ros_com/lib/px4_ros_com/Main.py\n'}
[11.472397] (px4_ros_com) StdoutLine: {'line': b'-- Up-to-date: /home/pavel/ws_ros2/install/px4_ros_com/share/ament_index/resource_index/package_run_dependencies/px4_ros_com\n'}
[11.472553] (px4_ros_com) StdoutLine: {'line': b'-- Up-to-date: /home/pavel/ws_ros2/install/px4_ros_com/share/ament_index/resource_index/parent_prefix_path/px4_ros_com\n'}
[11.472653] (px4_ros_com) StdoutLine: {'line': b'-- Up-to-date: /home/pavel/ws_ros2/install/px4_ros_com/share/px4_ros_com/environment/ament_prefix_path.sh\n'}
[11.472710] (px4_ros_com) StdoutLine: {'line': b'-- Up-to-date: /home/pavel/ws_ros2/install/px4_ros_com/share/px4_ros_com/environment/ament_prefix_path.dsv\n'}
[11.472763] (px4_ros_com) StdoutLine: {'line': b'-- Up-to-date: /home/pavel/ws_ros2/install/px4_ros_com/share/px4_ros_com/environment/path.sh\n'}
[11.472845] (px4_ros_com) StdoutLine: {'line': b'-- Up-to-date: /home/pavel/ws_ros2/install/px4_ros_com/share/px4_ros_com/environment/path.dsv\n'}
[11.472902] (px4_ros_com) StdoutLine: {'line': b'-- Up-to-date: /home/pavel/ws_ros2/install/px4_ros_com/share/px4_ros_com/local_setup.bash\n'}
[11.472984] (px4_ros_com) StdoutLine: {'line': b'-- Up-to-date: /home/pavel/ws_ros2/install/px4_ros_com/share/px4_ros_com/local_setup.sh\n'}
[11.473035] (px4_ros_com) StdoutLine: {'line': b'-- Up-to-date: /home/pavel/ws_ros2/install/px4_ros_com/share/px4_ros_com/local_setup.zsh\n'}
[11.473083] (px4_ros_com) StdoutLine: {'line': b'-- Up-to-date: /home/pavel/ws_ros2/install/px4_ros_com/share/px4_ros_com/local_setup.dsv\n'}
[11.473130] (px4_ros_com) StdoutLine: {'line': b'-- Installing: /home/pavel/ws_ros2/install/px4_ros_com/share/px4_ros_com/package.dsv\n'}
[11.473248] (px4_ros_com) StdoutLine: {'line': b'-- Up-to-date: /home/pavel/ws_ros2/install/px4_ros_com/share/ament_index/resource_index/packages/px4_ros_com\n'}
[11.473962] (px4_ros_com) StdoutLine: {'line': b'-- Up-to-date: /home/pavel/ws_ros2/install/px4_ros_com/share/px4_ros_com/cmake/export_frame_transformsExport.cmake\n'}
[11.474073] (px4_ros_com) StdoutLine: {'line': b'-- Up-to-date: /home/pavel/ws_ros2/install/px4_ros_com/share/px4_ros_com/cmake/export_frame_transformsExport-noconfig.cmake\n'}
[11.474214] (px4_ros_com) StdoutLine: {'line': b'-- Up-to-date: /home/pavel/ws_ros2/install/px4_ros_com/share/px4_ros_com/cmake/ament_cmake_export_dependencies-extras.cmake\n'}
[11.474366] (px4_ros_com) StdoutLine: {'line': b'-- Up-to-date: /home/pavel/ws_ros2/install/px4_ros_com/share/px4_ros_com/cmake/ament_cmake_export_targets-extras.cmake\n'}
[11.474422] (px4_ros_com) StdoutLine: {'line': b'-- Up-to-date: /home/pavel/ws_ros2/install/px4_ros_com/share/px4_ros_com/cmake/ament_cmake_export_include_directories-extras.cmake\n'}
[11.474473] (px4_ros_com) StdoutLine: {'line': b'-- Up-to-date: /home/pavel/ws_ros2/install/px4_ros_com/share/px4_ros_com/cmake/ament_cmake_export_libraries-extras.cmake\n'}
[11.474521] (px4_ros_com) StdoutLine: {'line': b'-- Up-to-date: /home/pavel/ws_ros2/install/px4_ros_com/share/px4_ros_com/cmake/px4_ros_comConfig.cmake\n'}
[11.474568] (px4_ros_com) StdoutLine: {'line': b'-- Up-to-date: /home/pavel/ws_ros2/install/px4_ros_com/share/px4_ros_com/cmake/px4_ros_comConfig-version.cmake\n'}
[11.474651] (px4_ros_com) StdoutLine: {'line': b'-- Up-to-date: /home/pavel/ws_ros2/install/px4_ros_com/share/px4_ros_com/package.xml\n'}
[11.476300] (px4_ros_com) CommandEnded: {'returncode': 0}
[11.529519] (px4_ros_com) JobEnded: {'identifier': 'px4_ros_com', 'rc': 0}
[11.530032] (-) EventReactorShutdown: {}
